3374149,178.0,9.0,169,187
2570041,1680.5,454.5,1226,2135
2186123,15238.5,9373.5,5865,24612
2345587,12193.0,10997.0,1196,23190
2718271,2921.5,1303.5,1618,4225
2219237,18679.0,8902.0,27581,9777
2409139,9901.5,5153.5,15055,4748
3138463,1399.5,676.5,2076,723
3412873,6170.0,4162.0,2008,10332
2472161,27884.5,14880.5,42765,13004
2625281,1492.0,348.0,1144,1840
2201411,8679.0,5356.0,14035,3323
2152543,2751.5,2427.5,5179,324
3157153,8832.0,1599.0,7233,10431
2138761,2082.0,146.0,2228,1936
2725103,4341.0,2670.0,7011,1671
2879483,11351.5,3120.5,14472,8231
3421771,2464.0,821.0,1643,3285
2287829,14047.0,10740.0,24787,3307
2444861,4179.5,1170.5,5350,3009
3077909,3829.0,2861.0,968,6690
3789943,275.5,254.5,21,530
2312657,65118.0,35935.0,101053,29183
2672713,4543.0,2485.0,2058,7028
3300083,1743.0,1577.0,166,3320
2297527,12299.0,12014.0,24313,285
2978347,7837.5,4204.5,3633,12042
2328593,6668.5,2176.5,4492,8845
2215511,8508.5,5303.5,3205,13812
2473753,4765.0,3260.0,8025,1505
3102647,5996.5,371.5,6368,5625
4022947,409.0,345.0,64,754
3222311,520.5,414.5,106,935
2598097,2698.5,2462.5,236,5161
2754511,33395.0,17720.0,51115,15675
2299861,6018.5,1223.5,4795,7242
2526431,407.0,355.0,52,762
2953943,2327.0,576.0,1751,2903
2327489,2819.5,1726.5,4546,1093
3683591,1113.0,860.0,1973,253
2227811,1956.0,904.0,2860,1052
2405597,3903.0,899.0,3004,4802
2633567,10914.5,10544.5,370,21459
2483177,15927.0,15476.0,31403,451
2456543,23784.0,16551.0,40335,7233
3125383,7912.0,4321.0,3591,12233
2343703,7062.0,2122.0,9184,4940
2388149,14809.5,13598.5,1211,28408
3331529,5486.0,1283.0,4203,6769
3798601,927.5,722.5,1650,205
3654223,2254.5,116.5,2138,2371
2397679,5083.5,359.5,4724,5443
2340539,5672.0,3622.0,2050,9294
2401141,12895.5,784.5,12111,13680
2324923,10553.5,7053.5,17607,3500
2320469,7189.5,1282.5,5907,8472
3218821,2396.0,669.0,3065,1727
2475637,4432.5,655.5,3777,5088
2454689,8125.0,6848.0,14973,1277
2339599,6964.0,2834.0,4130,9798
3146851,22652.0,22407.0,45059,245
2300849,776.5,397.5,1174,379
2718913,2013.5,833.5,1180,2847
2698873,5679.0,3994.0,1685,9673
2531201,8199.0,324.0,8523,7875
3180449,20093.5,4293.5,24387,15800
2216393,4683.5,72.5,4756,4611
2319131,26453.0,4608.0,21845,31061
2431129,3165.5,1777.5,1388,4943
3869303,401.5,63.5,465,338
3298993,2006.5,90.5,2097,1916
3008279,15152.0,13959.0,29111,1193
2264701,6232.0,4446.0,1786,10678
2807627,12010.0,10932.0,22942,1078
2853839,2657.5,239.5,2418,2897
3608413,1697.0,217.0,1914,1480
2727509,3146.5,629.5,3776,2517
2098273,2525.0,426.0,2099,2951
2461687,42503.0,9406.0,51909,33097
3727583,721.0,439.0,1160,282
3329329,2105.0,1945.0,4050,160
2253403,10582.0,1533.0,12115,9049
3583253,217.0,66.0,283,151
3408397,1910.0,1489.0,3399,421
2847821,23380.5,13229.5,36610,10151
2169551,23866.0,10537.0,34403,13329
3315941,650.5,432.5,218,1083
2707337,2238.0,572.0,2810,1666
2141869,16582.0,8140.0,24722,8442
3788693,977.5,294.5,683,1272
4051913,86.5,40.5,127,46
2761867,3676.5,2861.5,815,6538
2122051,32985.5,6256.5,26729,39242
2132443,21637.5,17752.5,3885,39390
3682919,1297.5,1093.5,2391,204
3361573,930.5,858.5,1789,72
2221327,15592.5,9873.5,5719,25466
2676251,6863.0,1767.0,5096,8630
2907449,15610.0,13578.0,29188,2032
2449771,16097.0,11459.0,27556,4638
2280049,13565.0,12038.0,1527,25603
3200633,2985.0,1906.0,4891,1079
2142071,29292.0,15934.0,13358,45226
2114863,5360.5,4264.5,1096,9625
2568607,1596.0,705.0,891,2301
3200377,546.5,208.5,755,338
3252719,2906.5,5.5,2901,2912
2431801,81890.0,3254.0,78636,85144
2706833,30580.0,16549.0,14031,47129
3114703,5183.5,4361.5,9545,822
2302031,9424.5,3596.5,13021,5828
3061771,826.0,145.0,681,971
2614259,2246.5,634.5,1612,2881
2472763,4212.5,1255.5,5468,2957
2550377,1065.0,773.0,1838,292
2187487,37984.0,12157.0,50141,25827
3193369,5465.0,3615.0,9080,1850
2996501,841.5,645.5,1487,196
2740939,10822.5,7052.5,3770,17875
2774533,24177.0,13454.0,37631,10723
3275659,270.0,178.0,92,448
3213173,5496.5,3005.5,8502,2491
2695939,23723.5,10431.5,13292,34155
3812491,240.5,126.5,367,114
2481463,7111.0,2773.0,4338,9884
2445007,1478.0,397.0,1081,1875
2310307,20331.5,9030.5,11301,29362
2201863,5034.5,3671.5,8706,1363
2852561,982.0,498.0,1480,484
3099521,513.0,163.0,676,350
2269523,14007.5,4303.5,9704,18311
2367853,13608.5,8043.5,21652,5565
3198233,14606.0,6255.0,20861,8351
3583969,582.0,338.0,920,244
2137693,60281.0,14798.0,45483,75079
2566873,12946.5,12756.5,190,25703
2893153,18398.0,3117.0,21515,15281
2839147,4188.0,511.0,3677,4699
2469977,17095.5,9109.5,7986,26205
2303761,33659.0,5910.0,39569,27749
2896583,6986.0,874.0,6112,7860
3029011,1945.5,1394.5,3340,551
3892729,956.0,847.0,1803,109
2758351,16003.0,3770.0,12233,19773
2756353,5645.5,4093.5,1552,9739
2180599,7763.0,357.0,8120,7406
2408059,5821.0,4575.0,1246,10396
2290601,23342.5,19964.5,3378,43307
3172769,2642.5,2416.5,226,5059
3084457,3123.5,2014.5,5138,1109
2910431,1106.0,381.0,1487,725
3035933,4438.5,3174.5,7613,1264
2276891,8106.0,7945.0,161,16051
3698867,82.0,38.0,44,120
3326317,761.0,107.0,868,654
2865349,7064.5,5715.5,12780,1349
2724431,2525.5,839.5,3365,1686
3454559,3855.5,1525.5,5381,2330
2384807,28739.5,21879.5,50619,6860
2892529,15538.0,14202.0,29740,1336
2188057,15052.0,3750.0,11302,18802
2785933,5337.0,5225.0,112,10562
2796389,30270.0,2459.0,32729,27811
2233729,13170.0,5438.0,7732,18608
2123189,4649.5,771.5,3878,5421
2508887,6640.0,4723.0,11363,1917
2197717,3611.5,1656.5,5268,1955
3471289,8391.5,1078.5,9470,7313
2224549,19515.5,13542.5,33058,5973
3230839,9568.5,6093.5,3475,15662
2467849,8176.5,6514.5,1662,14691
3230317,861.0,703.0,158,1564
3726997,1302.0,739.0,563,2041
2507419,3171.0,1695.0,4866,1476
2868847,3144.5,1723.5,1421,4868
2422151,21444.0,19492.0,1952,40936
2867587,4568.5,2749.5,1819,7318
3995857,224.0,6.0,230,218
3065471,3843.0,315.0,4158,3528
3000269,15827.0,6085.0,9742,21912
2250697,5929.0,3202.0,2727,9131
3762581,394.0,35.0,429,359
2287037,5117.0,522.0,4595,5639
3245353,2180.0,1203.0,977,3383
2270923,3956.5,2644.5,1312,6601
3407491,1152.5,361.5,791,1514
3403097,1738.5,1025.5,2764,713
2968129,510.0,266.0,244,776
2878259,4585.5,1444.5,6030,3141
2478431,45960.0,3495.0,42465,49455
2510093,17745.5,932.5,18678,16813
2457919,15558.0,10057.0,5501,25615
2555209,50643.0,34172.0,84815,16471
3042097,2512.0,1952.0,4464,560
2863673,6393.5,322.5,6071,6716
3087121,3833.5,1269.5,2564,5103
2437361,1853.0,834.0,1019,2687
3116731,3540.5,3348.5,192,6889
2429159,11581.5,2920.5,8661,14502
2585543,12564.0,806.0,13370,11758
2676287,2050.0,14.0,2064,2036
3280751,1707.5,812.5,895,2520
3130747,2659.5,2261.5,398,4921
2102209,3301.5,2928.5,6230,373
3711437,2735.5,1928.5,807,4664
2852573,6673.5,3241.5,9915,3432
2828821,4477.5,597.5,3880,5075
3062069,2857.5,2464.5,5322,393
3017923,8467.0,3758.0,12225,4709
3001793,914.0,502.0,412,1416
2480039,1666.0,1265.0,401,2931
2371519,6784.0,4106.0,2678,10890
2167457,6976.0,903.0,6073,7879
2569573,2545.5,300.5,2846,2245
3647771,719.5,625.5,94,1345
2349847,5045.5,2449.5,2596,7495
2340463,11000.5,209.5,11210,10791
2191919,11994.0,6783.0,5211,18777
3529639,761.5,512.5,1274,249
2338223,3870.5,1280.5,2590,5151
2971373,1585.0,896.0,689,2481
3014149,2234.5,1073.5,1161,3308
2795329,93173.5,82262.5,175436,10911
2822231,3269.0,589.0,3858,2680
2261251,24713.5,43.5,24757,24670
2649271,3574.5,3049.5,525,6624
2696807,1224.5,265.5,1490,959
3097147,1802.5,1546.5,3349,256
3762079,914.5,95.5,819,1010
3567997,376.5,89.5,466,287
2148067,21421.0,10263.0,31684,11158
2552723,1891.0,1207.0,684,3098
4112663,136.0,36.0,100,172
2901641,8361.0,1801.0,6560,10162
3036743,13301.5,2828.5,16130,10473
3031081,51544.0,7202.0,58746,44342
2171369,3065.0,1580.0,4645,1485
2210519,26637.5,10049.5,36687,16588
3526763,866.0,132.0,998,734
2314427,1929.0,482.0,2411,1447
2304131,17554.0,9301.0,8253,26855
2301917,29350.5,6596.5,35947,22754
2503057,13849.0,8283.0,5566,22132
2335379,2459.5,584.5,3044,1875
2419453,1374.5,484.5,1859,890
3442711,385.5,191.5,194,577
2815471,7055.5,1921.5,5134,8977
3158773,1657.5,509.5,2167,1148
2852579,12542.5,12369.5,173,24912
2170739,2654.0,952.0,3606,1702
2136821,5864.5,1656.5,7521,4208
3202981,1653.0,466.0,1187,2119
2404817,22080.0,17935.0,4145,40015
2240813,23512.5,18660.5,4852,42173
2499557,9170.5,212.5,8958,9383
3227737,2493.5,2444.5,4938,49
2720617,20704.0,15042.0,5662,35746
3529697,4192.5,3945.5,247,8138
3493729,6684.0,2792.0,3892,9476
3033601,9497.0,5418.0,4079,14915
2620333,2912.5,1394.5,1518,4307
2761067,2708.5,1591.5,4300,1117
2294287,14429.0,9070.0,5359,23499
2604947,13018.5,8661.5,21680,4357
3184417,1561.0,1350.0,2911,211
2756003,20759.5,20038.5,721,40798
2565859,6245.5,1816.5,8062,4429
2240467,3829.0,3620.0,209,7449
2767123,4195.0,1699.0,2496,5894
2636987,3358.5,3079.5,279,6438
3708973,2130.5,1889.5,4020,241
3109009,4410.0,705.0,3705,5115
2103263,4384.0,74.0,4458,4310
2571319,5572.0,3479.0,2093,9051
2556017,44436.5,13476.5,30960,57913
2615633,20167.0,12594.0,32761,7573
3163817,23358.5,2991.5,20367,26350
3336329,1295.5,940.5,355,2236
3259063,1213.0,390.0,823,1603
2466791,12282.0,8195.0,20477,4087
2310313,110721.0,16065.0,126786,94656
2961059,7026.0,3172.0,10198,3854
2957527,1513.5,1238.5,275,2752
2467273,3602.5,2910.5,692,6513
2153617,8624.0,6895.0,15519,1729
2330381,5008.5,4190.5,9199,818
2990293,4211.0,369.0,4580,3842
2522567,11001.0,6603.0,17604,4398
3111473,318.5,19.5,299,338
2283121,13515.5,2355.5,15871,11160
3919439,164.0,109.0,55,273
2555239,7875.0,6191.0,1684,14066
3126037,2949.0,1001.0,3950,1948
2705123,2080.5,1678.5,3759,402
2468783,37572.0,30216.0,67788,7356
2364431,3122.5,1144.5,4267,1978
2638861,6778.5,5843.5,935,12622
2391913,12452.5,7087.5,19540,5365
2389609,3566.5,1395.5,4962,2171
2098997,6348.0,3803.0,2545,10151
2993987,1556.0,310.0,1866,1246
3523699,7195.0,1858.0,5337,9053
3058709,8954.0,3823.0,5131,12777
3495967,4749.0,899.0,3850,5648
2417677,19694.5,13858.5,33553,5836
2438699,2642.0,1686.0,4328,956
2241623,11315.5,3774.5,15090,7541
2148589,6051.5,1202.5,7254,4849
2920007,10452.0,1634.0,8818,12086
2594129,2771.5,2307.5,464,5079
2759681,9748.5,5553.5,15302,4195
2423573,2661.0,1839.0,4500,822
3320087,265.5,132.5,133,398
3382121,7481.5,4354.5,11836,3127
3740861,4418.5,325.5,4093,4744
2229341,13320.5,8036.5,5284,21357
3135941,22859.5,18654.5,41514,4205
2535713,9193.0,79.0,9272,9114
2116349,14144.0,8987.0,23131,5157
3080929,1377.5,458.5,919,1836
3692629,114.5,79.5,35,194
2325091,2135.5,1354.5,3490,781
2343689,14282.0,10309.0,24591,3973
2802049,3462.0,2565.0,6027,897
2743339,11817.5,698.5,11119,12516
2224883,7188.5,6254.5,13443,934
2740967,10244.5,5665.5,15910,4579
2143171,27645.0,7406.0,35051,20239
2602387,19168.0,16687.0,2481,35855
2357087,15024.5,5333.5,9691,20358
2276927,3249.5,1998.5,1251,5248
2159071,1891.5,707.5,1184,2599
2536591,46819.5,28296.5,18523,75116
2099597,88115.0,10849.0,77266,98964
2839423,4395.0,682.0,3713,5077
3132757,4128.5,1509.5,5638,2619
2995897,3223.5,2273.5,5497,950
2578439,8499.5,6002.5,2497,14502
2998843,226.5,19.5,246,207
2640623,13164.0,1905.0,11259,15069
3248429,702.0,577.0,125,1279
2113889,10851.0,668.0,10183,11519
2660681,21127.0,10641.0,31768,10486
2803363,8059.0,2737.0,10796,5322
2272531,5169.0,2281.0,7450,2888
2247191,15155.5,10300.5,4855,25456
2298547,6180.0,4793.0,1387,10973
2581867,7359.5,3035.5,4324,10395
2101663,134852.0,102643.0,237495,32209
2912843,6427.5,5491.5,11919,936
2440169,4534.5,1548.5,6083,2986
2727281,15336.0,1693.0,13643,17029
2639677,17423.0,521.0,16902,17944
3822911,805.0,476.0,1281,329
2700311,9033.5,1325.5,10359,7708
2456309,847.0,113.0,734,960
3568321,2780.0,733.0,3513,2047
3804679,396.5,259.5,137,656
2121391,40293.5,27424.5,67718,12869
2493431,17245.0,9249.0,7996,26494
2349173,2527.5,1697.5,830,4225
2168513,21227.5,5245.5,26473,15982
2927377,10879.5,2131.5,13011,8748
3853327,644.5,387.5,1032,257
2809123,4684.0,4289.0,395,8973
3091691,5117.0,4278.0,839,9395
3004003,13939.5,6393.5,7546,20333
2244149,9430.5,3955.5,5475,13386
2254573,7724.5,999.5,6725,8724
2563637,6314.5,194.5,6120,6509
2715509,10942.5,286.5,10656,11229
2192647,715.5,49.5,666,765
3044339,733.5,497.5,236,1231
2436799,7750.0,3075.0,4675,10825
2495671,13580.0,11005.0,2575,24585
2437493,10895.5,2240.5,13136,8655
2859569,4086.0,2491.0,6577,1595
3321047,8117.5,7978.5,16096,139
2268787,31708.5,5207.5,26501,36916
2918623,1009.5,267.5,1277,742
2392823,4264.0,3370.0,7634,894
2836147,2570.5,1558.5,1012,4129
3147931,2643.0,1679.0,4322,964
3088433,2437.0,681.0,3118,1756
2965813,13820.5,550.5,14371,13270
3048347,12565.0,817.0,13382,11748
2530447,6916.5,4934.5,11851,1982
2238893,5517.0,2365.0,3152,7882
2446273,2466.0,2037.0,4503,429
2834303,938.5,308.5,1247,630
3447053,2187.0,1998.0,4185,189
2474233,11780.5,8949.5,2831,20730
2889431,1648.0,711.0,2359,937
2447461,2068.0,1020.0,3088,1048
2400683,2088.0,1105.0,3193,983
2236109,10968.5,8977.5,1991,19946
2620853,2726.0,1852.0,4578,874
2710231,5589.0,3772.0,9361,1817
4056187,477.5,285.5,763,192
3464143,9062.0,5758.0,3304,14820
2770871,445.0,167.0,612,278
2951759,737.0,177.0,914,560
3106331,11272.5,8935.5,2337,20208
2566043,25486.0,14161.0,39647,11325
2758391,3340.5,1427.5,4768,1913
3656507,3496.0,2685.0,811,6181
3207793,19106.5,11811.5,30918,7295
3252373,5740.0,4596.0,1144,10336
2478689,5846.5,1006.5,4840,6853
2682203,11449.5,365.5,11084,11815
2990287,3112.0,2362.0,5474,750
3068543,13765.0,8207.0,5558,21972
3121759,380.0,212.0,168,592
2151631,132914.0,1678.0,131236,134592
2910359,3597.0,86.0,3511,3683
2873719,5639.5,495.5,6135,5144
2478401,10208.5,9324.5,19533,884
2682683,7409.5,2372.5,5037,9782
3302401,2719.5,328.5,2391,3048
2584531,3942.0,199.0,4141,3743
2108303,66483.5,29623.5,96107,36860
2265119,1964.5,922.5,2887,1042
2132099,18156.5,13597.5,31754,4559
2614289,10994.0,9744.0,1250,20738
2514583,101949.0,76222.0,25727,178171
2152027,12251.0,9042.0,21293,3209
2858671,2485.0,61.0,2546,2424
2709017,10364.0,6314.0,16678,4050
3991643,227.0,182.0,45,409
3314359,1291.0,1238.0,2529,53
2162411,7546.0,3602.0,3944,11148
2708929,17857.0,3700.0,21557,14157
2565179,4999.0,3901.0,1098,8900
2712509,3621.5,859.5,4481,2762
3272851,1883.0,785.0,2668,1098
2729449,8952.5,2786.5,6166,11739
2892167,355.0,4.0,359,351
2366921,57003.0,30058.0,87061,26945
2255051,24748.5,23598.5,48347,1150
2151689,10069.5,961.5,11031,9108
4157521,38.5,29.5,68,9
3141029,1190.0,1027.0,163,2217
2438323,13642.5,11986.5,25629,1656
2478829,6798.5,2924.5,9723,3874
3244513,71.0,2.0,73,69
3121577,6378.0,791.0,5587,7169
2972513,4937.5,3107.5,8045,1830
2247631,4901.0,4417.0,484,9318
2430481,2409.5,929.5,1480,3339
3402869,4090.5,933.5,5024,3157
2745137,6140.0,4338.0,10478,1802
2812483,1318.0,1024.0,2342,294
3349889,3222.5,1021.5,4244,2201
3516257,8586.5,4182.5,12769,4404
2895383,5023.0,4310.0,713,9333
2381663,6172.0,3946.0,2226,10118
2680019,6626.5,5177.5,1449,11804
2433647,40775.5,34670.5,6105,75446
3264439,661.5,148.5,810,513
2157061,13791.5,769.5,13022,14561
2963591,1876.5,815.5,2692,1061
3126289,6345.0,4489.0,10834,1856
2326537,3368.0,192.0,3176,3560
2617921,1681.5,131.5,1550,1813
2799287,3935.5,768.5,4704,3167
3193787,3401.0,2047.0,1354,5448
2397779,56924.0,29516.0,86440,27408
2209309,26293.0,18794.0,7499,45087
3481931,1557.5,707.5,2265,850
3777287,711.0,240.0,951,471
2102129,7493.0,1501.0,8994,5992
2610301,1548.5,1015.5,2564,533
2790817,3600.5,1396.5,2204,4997
2588683,25953.5,7906.5,18047,33860
2815459,3504.5,2446.5,5951,1058
2628767,17472.0,635.0,16837,18107
2492969,101070.0,41147.0,59923,142217
2136523,19929.5,10364.5,9565,30294
2839523,2854.5,508.5,3363,2346
2596193,6351.0,1665.0,8016,4686
2343151,7708.0,1365.0,9073,6343
2901299,2484.0,1402.0,1082,3886
2249879,11886.0,5071.0,6815,16957
2292089,42181.5,20143.5,62325,22038
2738959,11936.0,2646.0,14582,9290
3306997,633.0,377.0,1010,256
3253421,2137.0,1742.0,395,3879
2111209,15730.0,1175.0,16905,14555
2298277,13355.0,7262.0,20617,6093
2841613,6297.0,6069.0,12366,228
2378251,14053.0,3695.0,10358,17748
2110013,14549.5,7450.5,7099,22000
2180609,9436.0,1309.0,10745,8127
3288907,2042.5,293.5,1749,2336
3288749,2706.5,2290.5,416,4997
2842057,1957.0,1512.0,3469,445
3022673,4650.0,1546.0,3104,6196
2384321,1982.0,1301.0,681,3283
3744127,2150.5,1227.5,923,3378
3161363,1396.0,648.0,748,2044
2807759,494.0,231.0,263,725
3035897,503.0,22.0,525,481
2460841,8005.5,6384.5,14390,1621
2582777,15340.0,6902.0,8438,22242
2982731,13322.0,883.0,14205,12439
2215907,3533.0,111.0,3422,3644
2309599,14358.5,7271.5,21630,7087
2592703,6606.5,5928.5,12535,678
3340289,5651.5,4386.5,1265,10038
2706103,30960.5,18770.5,12190,49731
3161047,8710.5,3329.5,12040,5381
2882689,648.5,436.5,1085,212
2778943,231.5,85.5,317,146
2424053,8732.5,3433.5,5299,12166
3181187,763.5,150.5,914,613
2126389,5633.0,4069.0,1564,9702
2284309,27990.0,7392.0,35382,20598
3420103,1794.0,299.0,2093,1495
2898341,5946.5,5166.5,11113,780
2605513,1717.5,1299.5,418,3017
3400889,3423.0,670.0,4093,2753
3347051,1057.0,78.0,1135,979
2119303,17272.0,1797.0,19069,15475
2854583,13417.0,5993.0,19410,7424
2107843,45014.0,36428.0,81442,8586
2820551,9277.5,6384.5,15662,2893
3789209,2713.5,836.5,1877,3550
2486023,3588.0,1573.0,5161,2015
2964389,6333.0,2681.0,9014,3652
3234071,1901.0,1727.0,174,3628
3845377,920.5,681.5,239,1602
2391073,17649.5,936.5,18586,16713
2503451,18979.0,18326.0,653,37305
2494519,34869.0,23999.0,58868,10870
2599417,15116.5,9517.5,5599,24634
3802499,999.5,318.5,1318,681
2520223,13097.5,3512.5,9585,16610
2941177,1817.0,643.0,2460,1174
2768861,8311.5,3771.5,4540,12083
2234461,3163.5,305.5,3469,2858
2642411,8738.0,6152.0,2586,14890
2293289,8040.0,2128.0,5912,10168
2432191,5189.5,1756.5,3433,6946
3399091,1054.0,832.0,222,1886
3001987,2977.0,2643.0,334,5620
2534221,284.5,179.5,105,464
3083527,8369.5,3813.5,4556,12183
2126359,16536.5,6815.5,9721,23352
2322511,10618.5,8629.5,1989,19248
2157263,8663.0,82.0,8745,8581
3935167,41.0,3.0,44,38
2255377,10633.5,6605.5,17239,4028
2414317,4788.5,2167.5,2621,6956
2628721,3828.0,2486.0,6314,1342
2139469,17595.5,11327.5,6268,28923
2892377,22175.0,13709.0,8466,35884
2295299,15328.0,275.0,15053,15603
2172299,3845.0,1168.0,2677,5013
3223733,3912.5,3651.5,261,7564
2612299,3023.5,1677.5,1346,4701
2375369,1047.5,507.5,1555,540
2761019,12201.5,5240.5,6961,17442
3037609,3548.0,3159.0,6707,389
2658589,6310.0,5750.0,12060,560
2203781,12934.0,3862.0,16796,9072
2678087,6290.5,4768.5,11059,1522
2932009,20270.5,4619.5,15651,24890
2664331,9303.5,2127.5,11431,7176
2900941,6578.5,433.5,6145,7012
2531359,1524.0,1350.0,2874,174
3632107,2052.5,1177.5,3230,875
2933069,7365.5,2764.5,4601,10130
2914981,2166.0,1808.0,358,3974
2170057,11812.0,5138.0,6674,16950
2782313,3756.0,2054.0,1702,5810
2649457,11872.5,8521.5,20394,3351
2341951,45467.0,44315.0,89782,1152
2329793,36150.0,31202.0,4948,67352
2318629,31504.0,25815.0,5689,57319
3206803,7097.5,1115.5,5982,8213
3346691,4587.5,94.5,4493,4682
3085267,2185.0,192.0,1993,2377
2296933,13650.5,1778.5,15429,11872
2986471,4469.0,2583.0,7052,1886
2599313,28832.0,26063.0,2769,54895
2177251,7153.5,3344.5,10498,3809
2453551,3876.0,662.0,4538,3214
2098637,9385.0,9052.0,333,18437
2759429,7042.5,5211.5,12254,1831
2562823,1649.0,831.0,818,2480
2626187,23517.5,5202.5,28720,18315
2321533,19866.5,19335.5,531,39202
2472773,2396.0,1500.0,3896,896
2301577,9152.0,1798.0,7354,10950
3434507,293.5,161.5,455,132
2826787,3054.0,124.0,3178,2930
3412667,5765.5,2542.5,3223,8308
3665929,5179.5,2628.5,7808,2551
2997671,711.5,187.5,524,899
2579867,3572.5,804.5,2768,4377
2915819,669.0,183.0,852,486
3029297,657.0,116.0,541,773
2257393,1977.5,160.5,2138,1817
2786299,26375.5,20765.5,5610,47141
2912249,12585.0,3864.0,8721,16449
2112559,5986.0,1292.0,4694,7278
3188971,757.0,350.0,1107,407
2604971,26166.5,2883.5,23283,29050
3260893,14876.0,13088.0,1788,27964
2135143,12789.5,7855.5,20645,4934
2584921,2379.5,334.5,2714,2045
2448983,332.0,83.0,249,415
2240333,7902.5,5846.5,2056,13749
3112289,2236.5,1586.5,3823,650
2374991,9591.0,8967.0,18558,624
2703773,3989.5,2388.5,1601,6378
2267893,46272.5,16646.5,29626,62919
2254613,25249.0,16676.0,8573,41925
3117929,24994.5,21661.5,3333,46656
2843591,10347.0,9512.0,835,19859
2746363,7292.0,6826.0,466,14118
2478893,3335.0,321.0,3014,3656
2716529,4052.0,49.0,4101,4003
3219611,1420.0,366.0,1054,1786
2424889,2562.5,2004.5,4567,558
2290163,8054.5,3277.5,4777,11332
2640679,1476.5,369.5,1846,1107
2418817,12158.0,3003.0,9155,15161
3051973,20027.0,1636.0,21663,18391
2618311,3144.5,2509.5,5654,635
2209157,6754.5,2686.5,4068,9441
2419111,9797.0,6394.0,16191,3403
2637913,4803.5,3979.5,824,8783
2118551,5563.0,2665.0,8228,2898
2470289,57737.0,37065.0,20672,94802
2797831,6031.5,4304.5,1727,10336
3215627,3027.5,859.5,2168,3887
3042587,1313.0,827.0,486,2140
2533621,11518.5,8937.5,20456,2581
2256487,25296.5,7381.5,32678,17915
3060469,1196.0,253.0,1449,943
2114311,1599.0,140.0,1459,1739
2101171,17740.0,3858.0,13882,21598
2737549,11017.5,5067.5,16085,5950
3113323,1305.0,1236.0,2541,69
2772641,3766.0,1051.0,4817,2715
2197841,3825.5,1581.5,5407,2244
3314749,10744.5,2973.5,7771,13718
3132433,509.5,466.5,976,43
2961841,31459.0,24418.0,55877,7041
2887361,8201.0,3724.0,11925,4477
3860201,687.5,394.5,1082,293
2572807,57416.5,20483.5,77900,36933
2304847,17943.0,13523.0,31466,4420
3324767,311.5,128.5,440,183
4027649,202.5,157.5,45,360
2322893,52879.0,29604.0,82483,23275
2311429,5381.0,1682.0,7063,3699
2303099,26450.0,17793.0,44243,8657
3470513,276.5,52.5,329,224
3182783,175.5,38.5,214,137
2138699,20858.0,14523.0,35381,6335
2134541,27651.0,8591.0,36242,19060
3867793,876.5,822.5,54,1699
2156489,3722.0,324.0,3398,4046
2226181,19823.0,14291.0,5532,34114
2393273,14238.5,5603.5,19842,8635
3038621,2878.0,228.0,2650,3106
2569033,34684.5,12855.5,21829,47540
2181041,3810.5,1549.5,5360,2261
2568883,4440.0,3332.0,1108,7772
2767987,4121.5,2192.5,1929,6314
3496891,8697.0,7438.0,1259,16135
2231401,21252.0,806.0,20446,22058
2534897,23376.5,14693.5,8683,38070
2915743,6358.0,3384.0,2974,9742
2492639,3796.0,175.0,3621,3971
3523129,26111.5,24636.5,1475,50748
2496463,68371.0,12905.0,81276,55466
3848483,790.0,740.0,50,1530
2775763,5191.5,2213.5,7405,2978
3241187,2311.0,2005.0,306,4316
2284621,41842.5,22359.5,19483,64202
2668927,6682.5,315.5,6998,6367
3852469,442.0,383.0,59,825
2628281,2244.0,1820.0,424,4064
2450033,10875.0,9037.0,19912,1838
2528447,4650.0,1789.0,6439,2861
3676991,92.5,58.5,34,151
2233871,9129.5,3191.5,12321,5938
3481333,39.5,24.5,64,15
2570819,11667.0,3606.0,8061,15273
2195821,8106.5,1750.5,6356,9857
2686351,81267.5,7413.5,88681,73854
2326253,16519.0,2846.0,13673,19365
2916413,1841.5,573.5,2415,1268
3492521,6623.0,4311.0,2312,10934
2164693,9813.5,5466.5,4347,15280
3856207,160.5,112.5,273,48
2723597,2792.0,728.0,3520,2064
2162779,14489.0,11475.0,3014,25964
2986981,671.5,656.5,1328,15
2624827,15979.0,14048.0,1931,30027
3245227,6012.0,5731.0,11743,281
3334259,5371.5,3013.5,2358,8385
2830103,6567.0,2728.0,9295,3839
2121013,12724.0,7312.0,20036,5412
3073009,75188.0,10756.0,85944,64432
2933243,9091.5,7948.5,1143,17040
2659199,6505.5,4813.5,1692,11319
2604851,5055.5,48.5,5007,5104
3647659,2326.5,1124.5,1202,3451
3688459,219.5,154.5,65,374
2653577,1120.0,916.0,204,2036
2703823,3415.5,1851.5,1564,5267
2985623,133697.0,10459.0,144156,123238
2401757,31008.0,3890.0,27118,34898
2598319,8139.0,1601.0,6538,9740
2417881,5817.5,1945.5,3872,7763
3283369,6784.0,3461.0,10245,3323
2320819,7578.5,7231.5,347,14810
2882293,13811.5,2420.5,11391,16232
3425801,1196.5,802.5,1999,394
3290381,9110.5,759.5,9870,8351
2653223,37456.0,11760.0,49216,25696
2583851,12799.5,6998.5,5801,19798
3705049,430.5,331.5,762,99
3172033,4629.0,4355.0,8984,274
2342999,34696.0,14925.0,49621,19771
2752573,195.5,171.5,367,24
2420293,2827.5,1394.5,4222,1433
2188051,6791.0,136.0,6655,6927
2590801,245301.5,85910.5,331212,159391
3720931,1908.0,1434.0,474,3342
2785121,13721.5,9639.5,23361,4082
2566381,7598.5,6370.5,1228,13969
2919731,1813.0,1323.0,3136,490
3085811,6204.5,4713.5,1491,10918
2211169,30601.0,3146.0,33747,27455
2389579,53819.5,28632.5,82452,25187
3500641,4908.5,1585.5,3323,6494
2933617,17461.5,2799.5,20261,14662
2119961,15994.0,7969.0,23963,8025
3118957,821.0,559.0,1380,262
2832293,17543.0,10500.0,28043,7043
2568977,3177.0,1742.0,4919,1435
2329489,52931.0,17771.0,35160,70702
3609323,3359.0,2697.0,6056,662
2185277,23523.0,9361.0,32884,14162
2681333,27724.5,6562.5,21162,34287
2778719,3806.0,1291.0,2515,5097
2576711,520.5,470.5,991,50
2241647,46952.0,36767.0,10185,83719
3597679,732.5,623.5,1356,109
3529007,6148.0,3056.0,3092,9204
2751631,5570.5,5423.5,147,10994
2556797,11523.5,6769.5,18293,4754
2198681,38101.0,17685.0,55786,20416
2368507,3134.0,1917.0,5051,1217
2779837,16751.0,7884.0,24635,8867
2279891,430.0,180.0,250,610
2493641,10887.0,1415.0,12302,9472
2637881,3089.5,2316.5,5406,773
2951909,7739.0,7460.0,279,15199
2418211,18562.0,4185.0,14377,22747
2603453,12059.0,7838.0,4221,19897
2628653,3216.5,1164.5,2052,4381
2511739,5952.5,3470.5,2482,9423
2537453,25571.0,23140.0,2431,48711
2458307,2527.5,2386.5,141,4914
3390857,437.5,419.5,18,857
2715373,2494.5,568.5,3063,1926
2580833,2018.0,1362.0,656,3380
2554163,6790.0,683.0,7473,6107
2112359,10350.0,1186.0,11536,9164
2624351,10924.0,7815.0,3109,18739
3094999,2338.5,2108.5,230,4447
2283767,10693.0,799.0,11492,9894
3000763,1670.5,1509.5,3180,161
3010429,1596.0,756.0,840,2352
3594527,989.0,386.0,1375,603
3750673,1283.5,969.5,2253,314
2957393,3618.5,263.5,3355,3882
2673247,4660.5,452.5,4208,5113
3105397,1596.5,1322.5,274,2919
2616853,2203.5,608.5,2812,1595
2871397,3004.5,747.5,2257,3752
2985841,14209.0,1341.0,12868,15550
3512791,4259.0,159.0,4100,4418
2269229,650.5,194.5,845,456
2732677,7132.0,3018.0,10150,4114
3767381,554.0,413.0,967,141
2146187,8385.5,2686.5,5699,11072
3519367,2126.5,861.5,2988,1265
3053597,4041.0,1629.0,2412,5670
2785817,4688.0,480.0,5168,4208
2317409,29407.5,15064.5,44472,14343
2298017,17520.5,7524.5,9996,25045
3419209,982.5,141.5,1124,841
2412841,9869.0,1679.0,11548,8190
4055971,110.0,64.0,46,174
2548873,176972.5,143746.5,33226,320719
2473507,29730.0,12720.0,42450,17010
3110197,422.5,314.5,108,737
2127119,17714.0,4468.0,22182,13246
2243323,22979.5,17943.5,40923,5036
3445313,104.5,14.5,90,119
3954677,48.5,8.5,40,57
2778317,13512.5,2955.5,10557,16468
2305697,22754.5,1622.5,24377,21132
3458669,17703.5,16141.5,33845,1562
3429607,9446.5,3347.5,6099,12794
2124937,29291.0,4670.0,33961,24621
2179267,10618.5,10186.5,432,20805
3561491,2239.5,1001.5,1238,3241
3293201,937.5,541.5,396,1479
2946413,3926.5,535.5,3391,4462
2582183,5196.0,4104.0,1092,9300
3808733,578.5,89.5,668,489
3520213,404.0,346.0,750,58
2899969,4378.5,2017.5,2361,6396
2678003,6137.5,4722.5,10860,1415
2313517,10895.5,8668.5,19564,2227
2985959,33268.5,29594.5,3674,62863
2264947,14831.0,13769.0,1062,28600
2582413,53876.5,47650.5,6226,101527
3020627,3319.5,3172.5,6492,147
2302057,7868.0,212.0,7656,8080
2335859,26106.5,16341.5,42448,9765
2331883,11192.0,5936.0,17128,5256
2732633,7407.0,6037.0,13444,1370
3305219,2080.5,1898.5,3979,182
3988009,1562.5,1001.5,2564,561
2639717,41856.5,13113.5,28743,54970
2618753,37781.5,100.5,37882,37681
2141341,28135.0,22260.0,5875,50395
2327587,25534.0,777.0,24757,26311
2606047,1697.5,666.5,1031,2364
2214673,21354.0,14242.0,35596,7112
2935771,14058.0,13959.0,28017,99
3316303,1951.5,572.5,2524,1379
3491909,1027.5,978.5,49,2006
2890367,5264.0,4384.0,9648,880
2381843,13204.0,7888.0,5316,21092
3754537,1858.5,324.5,2183,1534
2379523,21362.0,3374.0,17988,24736
2188897,8547.5,2841.5,5706,11389
2230447,2240.0,710.0,1530,2950
2275061,4566.5,1903.5,2663,6470
3005869,2181.5,1445.5,3627,736
2316901,52779.0,30099.0,22680,82878
2338033,12956.0,11565.0,24521,1391
3082447,7222.0,5865.0,13087,1357
2164381,25562.0,3349.0,28911,22213
3304381,359.5,0.5,359,360
2252989,11080.0,1364.0,9716,12444
3151237,520.5,350.5,871,170
2374349,25756.5,629.5,26386,25127
3525283,2926.5,2154.5,5081,772
2193283,13840.5,6097.5,19938,7743
2197967,43214.5,3139.5,46354,40075
2930701,3787.0,872.0,4659,2915
3857071,81.0,3.0,78,84
2227331,43495.0,7603.0,35892,51098
2271509,20763.0,1551.0,22314,19212
2199503,6693.5,3640.5,10334,3053
2695603,14248.0,80.0,14168,14328
3354229,555.5,457.5,98,1013
2169257,20197.0,1365.0,18832,21562
2747813,2043.0,92.0,2135,1951
2284627,11989.0,58.0,11931,12047
2185811,8224.5,7434.5,790,15659
2942803,3325.5,1468.5,4794,1857
2675977,1543.5,640.5,903,2184
3763519,1048.5,807.5,241,1856
2870299,3693.5,1091.5,2602,4785
2461177,11224.0,5875.0,5349,17099
2830231,13961.0,13510.0,451,27471
2678723,5081.0,2840.0,7921,2241
3465523,1037.0,373.0,664,1410
2510009,6257.5,2948.5,9206,3309
2572439,26287.0,25595.0,692,51882
2470087,8037.0,3174.0,11211,4863
2562151,4162.5,3905.5,8068,257
3106979,4330.5,868.5,5199,3462
2129857,48312.0,18581.0,66893,29731
2825617,3575.0,2302.0,1273,5877
2967007,1511.0,692.0,2203,819
2392331,9417.5,3067.5,12485,6350
2108207,29793.0,21357.0,8436,51150
3459367,11471.0,3942.0,15413,7529
2578427,25440.0,986.0,24454,26426
3134359,4951.0,4423.0,528,9374
2410691,37221.0,29783.0,7438,67004
3079541,7814.5,6235.5,1579,14050
2258609,8970.0,2439.0,11409,6531
3291077,402.5,315.5,718,87
2308879,17552.5,15537.5,33090,2015
2788207,6550.0,3326.0,9876,3224
3827203,1166.0,358.0,808,1524
2556401,15930.0,777.0,15153,16707
3565477,948.0,571.0,1519,377
2949659,2558.5,568.5,1990,3127
3174557,4102.0,856.0,4958,3246
2920681,49169.5,35621.5,13548,84791
3792517,692.5,44.5,648,737
3613801,572.5,40.5,613,532
2491591,11082.5,9993.5,21076,1089
2741329,1211.5,45.5,1166,1257
2657269,6256.5,5389.5,11646,867
2389337,13766.5,3843.5,17610,9923
2197829,3928.5,1133.5,5062,2795
2152651,8985.0,6145.0,2840,15130
2275051,29761.0,25578.0,55339,4183
2389927,2297.0,860.0,1437,3157
2863613,3156.5,2918.5,6075,238
3488983,257.5,24.5,233,282
2264263,16638.5,13840.5,2798,30479
3535801,693.5,314.5,1008,379
2675819,11550.5,10057.5,1493,21608
2501831,22660.0,3063.0,25723,19597
2540987,9164.5,1531.5,10696,7633
2375657,21718.5,262.5,21981,21456
2337877,32658.0,8398.0,24260,41056
2288483,22236.5,2044.5,24281,20192
2910277,1910.0,753.0,2663,1157
2421499,4631.5,361.5,4993,4270
2681143,5964.5,2660.5,3304,8625
2205979,8597.5,7781.5,816,16379
3279203,451.5,136.5,315,588
2664973,2697.5,1806.5,4504,891
2119111,7480.5,6100.5,1380,13581
2249017,9508.5,6542.5,2966,16051
2265041,5715.5,4019.5,1696,9735
2686363,8413.0,6998.0,15411,1415
3328321,3922.5,1608.5,5531,2314
3038863,5584.0,4334.0,9918,1250
3944027,259.0,157.0,416,102
3261611,2057.0,616.0,1441,2673
2548801,77689.0,26554.0,104243,51135
2578127,2536.0,17.0,2553,2519
2262109,17064.0,14464.0,31528,2600
2223017,7677.5,122.5,7800,7555
2788397,51710.5,44778.5,96489,6932
2964959,6171.0,3938.0,2233,10109
3381083,2341.0,412.0,2753,1929
3210071,9497.0,1407.0,10904,8090
2435239,4742.5,2694.5,7437,2048
3075907,8990.5,2485.5,6505,11476
2220377,1872.5,1030.5,842,2903
3279721,7107.5,1600.5,8708,5507
3732889,4887.0,3022.0,7909,1865
2265091,22151.0,3631.0,25782,18520
2671429,5695.5,1716.5,7412,3979
3007307,737.5,303.5,434,1041
2234489,11902.0,4099.0,7803,16001
2106193,2967.0,981.0,1986,3948
2811929,1587.5,910.5,2498,677
2143721,47460.5,38150.5,9310,85611
2901497,1126.0,1048.0,78,2174
2445731,3838.0,3073.0,765,6911
2337199,21125.0,6342.0,27467,14783
2202679,5107.5,1066.5,6174,4041
2670971,1668.5,67.5,1601,1736
3388909,2413.0,2365.0,4778,48
2388647,35282.5,5012.5,30270,40295
3602323,1302.0,1098.0,2400,204
2497699,5086.0,2828.0,2258,7914
2652857,2668.5,2133.5,4802,535
3388381,898.5,205.5,693,1104
2603207,7324.5,6872.5,14197,452
3189209,11450.0,7687.0,19137,3763
3708851,205.5,139.5,345,66
2737531,4489.0,1025.0,5514,3464
2807489,3293.0,831.0,2462,4124
2630813,3386.0,1321.0,2065,4707
3720557,291.0,121.0,170,412
2309617,27472.0,26915.0,54387,557
2210609,6090.5,581.5,5509,6672
2214853,8764.0,5151.0,3613,13915
2805727,11356.5,1543.5,9813,12900
2319683,7820.0,233.0,7587,8053
3164321,180.5,88.5,92,269
2124527,13552.5,2688.5,10864,16241
2786557,7502.5,4074.5,11577,3428
3499241,20910.5,8172.5,29083,12738
2298913,8829.5,6887.5,15717,1942
2701549,2799.0,2362.0,437,5161
2272783,5353.0,838.0,4515,6191
2418179,8045.5,7827.5,15873,218
2198023,14799.0,1126.0,13673,15925
3632617,344.5,318.5,663,26
3322751,1591.5,1440.5,3032,151
2098843,16028.5,3081.5,19110,12947
2427577,3284.5,1495.5,4780,1789
2856571,4087.5,14.5,4073,4102
2408893,44033.5,29093.5,73127,14940
2531591,5342.5,2596.5,7939,2746
2856641,535.0,160.0,695,375
2390107,2805.0,1747.0,4552,1058
2836039,2801.5,923.5,1878,3725
2352071,80595.5,69068.5,149664,11527
2608189,6748.0,3409.0,10157,3339
2808943,4202.5,2075.5,6278,2127
2318233,1302.5,367.5,1670,935
2664209,15979.5,2487.5,18467,13492
2328223,10860.0,8270.0,2590,19130
2695621,18606.0,7147.0,11459,25753
3001949,2137.5,644.5,1493,2782
2241401,34958.5,4748.5,39707,30210
2339219,3926.0,2367.0,1559,6293
2172451,24245.0,12740.0,11505,36985
2660423,1395.0,282.0,1677,1113
2616479,36044.5,28572.5,7472,64617
4108729,165.0,126.0,39,291
2939341,2198.5,1494.5,704,3693
2562437,1366.5,413.5,1780,953
3008461,13164.5,5569.5,7595,18734
3335993,2203.5,114.5,2318,2089
2220877,6558.5,3678.5,2880,10237
2159161,3355.5,1486.5,4842,1869
2910653,872.5,4.5,877,868
2720651,5827.5,3755.5,2072,9583
2954431,10281.5,1637.5,11919,8644
2570027,1125.5,921.5,204,2047
2122811,39660.5,27518.5,12142,67179
2204549,8989.0,1586.0,7403,10575
3475291,6579.5,6190.5,389,12770
2383181,10655.0,4726.0,15381,5929
2802361,18394.5,11566.5,6828,29961
2149267,6599.5,4976.5,11576,1623
3560369,3136.5,1846.5,1290,4983
3484651,4720.5,4265.5,455,8986
2502977,3121.0,2162.0,5283,959
2304769,19865.5,4238.5,15627,24104
3175087,4875.0,1497.0,6372,3378
2492341,10502.0,870.0,9632,11372
3399401,200.0,86.0,114,286
3777841,391.5,70.5,462,321
2644711,5382.0,476.0,5858,4906
2874371,18287.0,12664.0,30951,5623
2896391,10322.0,9377.0,945,19699
2313167,257773.5,253761.5,511535,4012
2792983,3318.5,1484.5,1834,4803
2439887,7824.0,6688.0,14512,1136
2119633,12381.0,5662.0,18043,6719
2323249,7797.0,1994.0,9791,5803
2513767,6545.0,5756.0,12301,789
2487889,11410.5,804.5,12215,10606
2635291,12109.0,10960.0,1149,23069
3672239,25.5,5.5,31,20
2342281,23295.5,19304.5,3991,42600
2492041,3438.5,99.5,3538,3339
2200309,71986.0,408.0,71578,72394
3256219,2701.0,251.0,2450,2952
2458751,2488.5,1930.5,558,4419
2161441,35780.5,5369.5,30411,41150
2650303,6959.5,4597.5,2362,11557
3104447,8930.5,1298.5,7632,10229
2511221,2499.5,1851.5,4351,648
2498833,42176.0,27794.0,14382,69970
2847371,4980.5,2475.5,7456,2505
2815859,2175.5,810.5,2986,1365
3159281,2693.5,929.5,1764,3623
3396301,5747.5,5670.5,11418,77
2111719,11696.0,770.0,10926,12466
3516683,610.5,469.5,1080,141
2855639,4144.0,3217.0,927,7361
2165347,8766.5,5264.5,3502,14031
2587133,6740.5,1929.5,8670,4811
2179817,4039.0,2938.0,1101,6977
2436227,20706.0,78.0,20628,20784
3115039,4740.0,1862.0,2878,6602
3972013,197.5,9.5,207,188
2492921,1469.0,1172.0,2641,297
2227517,15261.5,11571.5,26833,3690
2622793,5261.0,1196.0,4065,6457
2242463,11657.5,1260.5,12918,10397
2990269,639.5,40.5,680,599
3240001,931.0,422.0,509,1353
2250097,55289.5,48920.5,104210,6369
2472307,10147.0,783.0,10930,9364
3951919,1135.5,888.5,247,2024
2212993,23495.5,21821.5,45317,1674
3025391,24363.5,19767.5,4596,44131
2493151,3338.0,548.0,3886,2790
3392603,1219.0,103.0,1322,1116
2384477,1374.0,290.0,1084,1664
2588977,1366.0,254.0,1620,1112
2575267,7727.0,3423.0,11150,4304
3431711,2357.0,399.0,2756,1958
2610079,4618.5,2546.5,7165,2072
3219581,3909.0,82.0,3991,3827
2539547,2482.0,846.0,1636,3328
2400799,8645.0,1366.0,10011,7279
2609909,13536.0,1809.0,15345,11727
3451169,21373.0,16355.0,5018,37728
3666053,91.0,41.0,132,50
2904361,2033.0,963.0,2996,1070
2461367,5859.0,5184.0,11043,675
2703881,3764.0,1691.0,2073,5455
3078869,4556.5,2308.5,6865,2248
3644177,340.0,292.0,48,632
2300099,21657.5,14367.5,7290,36025
2620837,4987.0,4034.0,9021,953
2873687,1652.0,574.0,2226,1078
3658273,1802.5,1527.5,3330,275
3573547,10639.5,4147.5,14787,6492
3767417,577.5,112.5,465,690
2323861,7012.5,5874.5,12887,1138
4012009,1318.5,67.5,1251,1386
2398631,15394.5,9374.5,24769,6020
2940499,554.0,167.0,387,721
2210863,3570.5,1632.5,5203,1938
2853713,9654.0,7627.0,17281,2027
2276321,14731.5,6705.5,8026,21437
3064069,3618.0,2770.0,6388,848
2114557,15647.5,3093.5,12554,18741
3100247,1743.0,194.0,1549,1937
3235699,14772.5,13279.5,1493,28052
2629019,1789.5,540.5,1249,2330
2306903,5941.5,2760.5,8702,3181
2726429,14813.0,10796.0,25609,4017
2781587,2228.0,1567.0,661,3795
3635537,1491.5,176.5,1668,1315
3593591,427.5,34.5,462,393
2565091,9951.5,9411.5,540,19363
2539403,1772.0,1184.0,2956,588
2788411,3376.5,2466.5,5843,910
2458721,7175.5,2399.5,4776,9575
3089939,53359.0,7880.0,45479,61239
2167967,10749.5,1099.5,11849,9650
2551699,4962.0,1478.0,3484,6440
3877651,573.5,267.5,306,841
2486353,11663.5,4197.5,7466,15861
2190709,5401.0,747.0,4654,6148
2429879,8958.0,1989.0,6969,10947
2475127,9758.0,8000.0,17758,1758
2465857,2406.0,446.0,2852,1960
2515171,11243.5,7866.5,19110,3377
2422361,15186.0,7239.0,7947,22425
3047147,25880.5,19715.5,45596,6165
2404553,8780.0,1.0,8781,8779
2744537,14294.0,3214.0,17508,11080
3493157,1299.5,415.5,1715,884
3272131,8541.5,6768.5,15310,1773
2187433,2258.5,293.5,2552,1965
2164027,2244.0,1053.0,3297,1191
2875259,13606.0,3286.0,10320,16892
2662333,8263.0,1643.0,6620,9906
2315837,4390.5,2916.5,7307,1474
3062797,3794.5,246.5,4041,3548
2606869,11341.5,1355.5,9986,12697
2571629,4627.0,876.0,5503,3751
2876947,1500.0,989.0,511,2489
2198173,4222.5,782.5,3440,5005
2644583,3938.5,1866.5,2072,5805
2193409,8843.5,4930.5,3913,13774
2997569,6723.0,2790.0,9513,3933
2199031,28833.5,21257.5,50091,7576
3095129,4026.0,803.0,4829,3223
3743869,716.5,569.5,1286,147
2362933,11195.0,4973.0,16168,6222
2689829,1515.5,1093.5,422,2609
2282113,3650.0,1010.0,4660,2640
3459431,1017.5,558.5,459,1576
2179691,5059.0,1100.0,3959,6159
3466819,2069.0,1573.0,3642,496
2430101,19422.0,16414.0,35836,3008
2098001,6368.0,3294.0,3074,9662
2942501,1811.5,1441.5,370,3253
2906353,3753.5,2798.5,955,6552
2376427,10913.5,8519.5,2394,19433
2611447,9471.0,6968.0,2503,16439
3222839,1442.0,1108.0,334,2550
3121889,28697.5,20313.5,8384,49011
3135257,7447.0,2646.0,10093,4801
2685997,14877.0,4671.0,10206,19548
2336329,8834.0,5101.0,3733,13935
3023483,4123.0,2998.0,7121,1125
2305913,3174.5,2291.5,883,5466
2702207,9343.5,2926.5,12270,6417
3086339,5142.5,1842.5,3300,6985
2979037,4179.0,2937.0,7116,1242
2824267,2781.0,2383.0,5164,398
2374739,4580.5,1511.5,3069,6092
2468441,2806.5,666.5,2140,3473
2384159,10781.5,7010.5,3771,17792
2117009,26806.0,1672.0,28478,25134
2704307,3598.0,888.0,4486,2710
2497171,13688.5,98.5,13787,13590
2916541,1365.5,922.5,443,2288
2722409,12141.5,1892.5,10249,14034
2264159,9756.0,3471.0,13227,6285
2104783,5166.0,2992.0,2174,8158
3018781,3948.0,2161.0,6109,1787
2221003,9331.5,8216.5,1115,17548
3121451,145.0,3.0,142,148
3062491,60781.0,4092.0,56689,64873
2222417,11886.5,8746.5,3140,20633
2216737,4892.5,4099.5,8992,793
3242857,12544.5,12110.5,24655,434
2136931,15471.5,8132.5,7339,23604
2553493,2631.0,1889.0,4520,742
2292443,8565.0,8257.0,308,16822
3115081,60958.0,24889.0,85847,36069
3395783,10438.5,10381.5,20820,57
2920763,2699.5,585.5,3285,2114
2245511,1640.5,35.5,1605,1676
2143007,9831.0,8659.0,18490,1172
3463373,10029.0,9114.0,915,19143
3137383,1029.5,870.5,159,1900
2153521,615.5,79.5,536,695
2128999,4783.0,2577.0,7360,2206
3620189,474.0,136.0,610,338
2176219,8186.0,7037.0,1149,15223
3197197,2766.0,1342.0,4108,1424
3272777,2645.5,458.5,3104,2187
3131003,8922.0,1356.0,10278,7566
2310881,6442.5,2927.5,9370,3515
3515429,131.5,7.5,124,139
3216841,3693.0,1737.0,1956,5430
2678479,14352.0,8006.0,6346,22358
3030827,5638.0,3300.0,2338,8938
2953403,1375.0,769.0,2144,606
3375643,531.5,250.5,782,281
2355313,62856.0,60234.0,2622,123090
3003313,3887.0,1041.0,2846,4928
2382143,17401.0,99.0,17500,17302
3556837,7494.5,6061.5,1433,13556
3715099,643.5,178.5,822,465
2504507,11817.0,11237.0,23054,580
2994379,3367.0,3064.0,303,6431
3018937,1634.5,632.5,1002,2267
2286919,42774.0,1459.0,41315,44233
2740487,16719.5,10638.5,6081,27358
3269557,4951.5,3508.5,8460,1443
2329981,56124.0,24184.0,80308,31940
2490937,1388.0,1038.0,350,2426
2574371,9071.5,6829.5,15901,2242
2801093,3473.0,1869.0,1604,5342
2946079,8533.5,3264.5,11798,5269
2728151,5194.0,184.0,5378,5010
2237303,1383.5,565.5,818,1949
2738543,16618.0,440.0,17058,16178
2815357,20245.5,16052.5,4193,36298
2546989,3118.0,530.0,2588,3648
2530589,5006.0,2915.0,7921,2091
2465597,3702.5,2880.5,822,6583
2513857,31946.5,24262.5,7684,56209
2282279,24642.5,9770.5,14872,34413
2791013,2999.0,588.0,3587,2411
2224543,44380.0,452.0,43928,44832
3026797,3205.0,2184.0,1021,5389
2154799,38710.0,3057.0,41767,35653
2241817,11713.0,9186.0,20899,2527
2486893,11886.5,3400.5,8486,15287
2175049,10010.0,4939.0,14949,5071
2380783,2655.0,644.0,2011,3299
3732623,931.5,665.5,1597,266
3254747,4013.0,1724.0,2289,5737
3188663,15506.5,1440.5,16947,14066
3231677,5244.0,1181.0,4063,6425
2152769,17168.0,9757.0,7411,26925
3343477,979.0,823.0,156,1802
2102963,2209.0,885.0,1324,3094
2933851,1922.5,755.5,1167,2678
2757857,6369.5,4773.5,11143,1596
2597009,2321.0,558.0,1763,2879
2393009,696.5,244.5,452,941
2617529,2717.0,240.0,2957,2477
2914663,999.0,107.0,1106,892
2765027,13404.0,11899.0,25303,1505
2608271,21815.0,15917.0,37732,5898
3440279,1323.5,516.5,1840,807
2254913,3379.0,1325.0,2054,4704
2987987,5810.5,404.5,5406,6215
2781223,3489.0,3411.0,78,6900
2737261,15641.0,7187.0,22828,8454
2654077,2610.5,312.5,2923,2298
2185583,5081.0,3431.0,8512,1650
2745649,8280.0,949.0,7331,9229
3469187,6397.5,4690.5,11088,1707
2518049,3967.5,306.5,3661,4274
2475923,14104.0,7996.0,6108,22100
2631613,940.5,122.5,818,1063
2897567,18408.0,6908.0,11500,25316
3553519,859.0,90.0,769,949
2803321,39789.0,37283.0,77072,2506
3236257,184.5,46.5,231,138
3226667,4025.5,3167.5,858,7193
2295571,74532.0,41078.0,33454,115610
3422849,15500.5,5350.5,20851,10150
2987507,1124.0,420.0,1544,704
2305453,15459.0,8040.0,23499,7419
3243601,1994.0,1748.0,3742,246
2164517,41965.0,41599.0,366,83564
2355343,11885.0,3875.0,8010,15760
2110117,14232.0,5709.0,8523,19941
2341657,29769.5,11335.5,41105,18434
2750659,6015.0,4970.0,1045,10985
2174329,14587.5,5400.5,19988,9187
2908769,5620.5,352.5,5973,5268
3883241,1845.5,1652.5,3498,193
2246887,11155.0,2593.0,8562,13748
2172101,4638.0,1038.0,3600,5676
2155501,13803.5,8097.5,21901,5706
3110659,13937.0,3283.0,10654,17220
2432153,1872.0,1247.0,625,3119
2756051,1426.5,147.5,1279,1574
2501747,6218.0,398.0,5820,6616
2550169,4132.0,2654.0,1478,6786
2186257,48546.5,28043.5,76590,20503
2881979,9322.0,5641.0,14963,3681
2579743,365.5,344.5,21,710
2256509,3836.0,3261.0,575,7097
3596597,253.0,233.0,20,486
2213539,7024.0,6179.0,13203,845
2401681,16854.5,9036.5,25891,7818
2268523,23197.5,8950.5,32148,14247
3078841,1641.0,568.0,1073,2209
3574367,5999.0,294.0,5705,6293
2108131,6472.0,3549.0,10021,2923
3005323,2681.5,1264.5,1417,3946
2250161,14059.5,5946.5,8113,20006
2214649,4083.0,2294.0,1789,6377
3122291,5095.0,4739.0,9834,356
2523247,6090.5,5897.5,193,11988
2428177,12871.5,5536.5,7335,18408
3892153,425.0,365.0,790,60
2670883,4559.0,198.0,4757,4361
2116033,4885.0,1746.0,6631,3139
3851671,563.5,287.5,851,276
3004949,2941.0,2092.0,849,5033
3171341,1220.5,401.5,1622,819
4011433,376.5,236.5,613,140
2241403,3637.5,815.5,2822,4453
3198077,1063.5,466.5,1530,597
3085669,924.0,478.0,446,1402
2883871,1398.5,574.5,1973,824
3377617,6201.5,3045.5,3156,9247
2223439,868.5,640.5,228,1509
2503133,901.5,70.5,831,972
2480141,9478.5,1148.5,10627,8330
3992003,1016.5,252.5,1269,764
2350967,3685.0,1107.0,4792,2578
2235839,2982.5,1432.5,4415,1550
2123651,4247.0,500.0,3747,4747
3052207,3104.5,1976.5,1128,5081
2317739,5146.0,1070.0,4076,6216
2432231,4498.0,938.0,5436,3560
2298083,6220.5,3883.5,2337,10104
3832781,1106.5,863.5,1970,243
2517563,2299.5,325.5,1974,2625
3504247,4594.0,3899.0,8493,695
2705449,6175.0,220.0,5955,6395
3196943,3282.5,1608.5,1674,4891
2523467,2383.5,1759.5,4143,624
2822161,55420.0,29782.0,25638,85202
2259253,5618.5,69.5,5549,5688
3900049,54.0,8.0,46,62
2858593,3126.5,73.5,3200,3053
3042101,16030.0,13648.0,2382,29678
2689517,16484.0,9922.0,6562,26406
2353921,17309.5,15725.5,1584,33035
3178687,3628.0,3372.0,7000,256
2955083,1610.5,1392.5,218,3003
2866301,21886.5,17882.5,4004,39769
2407621,3539.5,1542.5,5082,1997
3169841,4043.5,2641.5,1402,6685
2218591,6063.5,3331.5,9395,2732
3714317,510.0,387.0,897,123
3271339,4932.5,4488.5,444,9421
2214581,11529.0,9081.0,2448,20610
2249369,8930.5,7032.5,1898,15963
2494253,9432.5,7369.5,2063,16802
2142011,10382.5,2654.5,13037,7728
2420893,6715.0,2828.0,3887,9543
3904567,305.0,209.0,96,514
2200547,5801.0,1099.0,4702,6900
2256871,18029.5,15290.5,2739,33320
2785151,6163.0,73.0,6090,6236
2115109,20911.5,8120.5,12791,29032
3318971,3412.0,3114.0,6526,298
2355649,2957.0,770.0,3727,2187
2712209,50462.0,31709.0,82171,18753
2566009,7187.0,4257.0,11444,2930
3436787,2119.0,1707.0,412,3826
2660443,2129.5,1812.5,3942,317
2178769,3799.0,43.0,3842,3756
2746951,2478.5,1932.5,4411,546
2220593,10931.5,7522.5,3409,18454
2542901,6040.5,5495.5,545,11536
2631383,11429.0,3403.0,14832,8026
3136051,9920.0,7300.0,2620,17220
2382929,2249.5,176.5,2073,2426
3464953,2823.5,970.5,1853,3794
3128959,4218.0,1951.0,6169,2267
2642249,13553.5,3466.5,10087,17020
2192233,1918.0,61.0,1857,1979
2239021,12689.5,11021.5,1668,23711
2577271,7462.0,2102.0,9564,5360
2857033,7457.0,369.0,7826,7088
3695221,43.0,0.0,43,43
2118847,10881.0,8503.0,2378,19384
3510149,736.5,644.5,1381,92
2169533,38199.0,25558.0,12641,63757
2129243,12833.5,1235.5,14069,11598
2360947,17594.0,8846.0,8748,26440
2871581,16578.0,2743.0,19321,13835
2944079,5455.0,4566.0,10021,889
2714447,2148.5,1159.5,989,3308
2799547,4557.0,353.0,4910,4204
2784559,1038.5,19.5,1058,1019
2818679,76511.0,62694.0,13817,139205
2561837,6532.0,3747.0,10279,2785
2413717,8659.0,2376.0,11035,6283
3315229,2419.0,2134.0,285,4553
3752123,293.5,113.5,407,180
2229011,2597.5,1479.5,1118,4077
2439821,5802.0,1392.0,4410,7194
2310247,17455.0,16065.0,33520,1390
3601979,4309.0,108.0,4417,4201
2657833,1572.0,314.0,1886,1258
2258077,8185.5,6168.5,14354,2017
2971291,4542.5,1859.5,6402,2683
3073403,2009.0,73.0,1936,2082
2618563,21432.5,1658.5,19774,23091
2131159,26467.0,11554.0,38021,14913
2431199,4075.0,2018.0,6093,2057
3252841,2681.0,1211.0,1470,3892
3693127,1651.0,917.0,2568,734
3439819,6512.0,3887.0,2625,10399
2993503,4086.5,827.5,3259,4914
3572281,478.5,357.5,121,836
2606711,7514.5,4758.5,2756,12273
2306683,9486.5,3460.5,12947,6026
2239261,13707.0,2176.0,15883,11531
3232807,1218.0,652.0,566,1870
2128681,29374.0,3702.0,33076,25672
2312417,20312.5,2124.5,18188,22437
3714583,740.5,610.5,130,1351
3075199,493.5,375.5,869,118
2974901,2072.0,525.0,2597,1547
2621161,16674.0,6596.0,10078,23270
2859193,45330.0,11991.0,33339,57321
2173517,996.0,321.0,1317,675
2816117,1182.5,643.5,1826,539
2549627,6074.0,2104.0,3970,8178
2406563,3427.0,1713.0,5140,1714
3248983,3546.0,1067.0,4613,2479
3167959,4106.0,2805.0,6911,1301
2712473,4152.0,1081.0,3071,5233
2120681,5039.5,3554.5,1485,8594
2119867,28679.0,4876.0,23803,33555
2808649,1131.0,240.0,891,1371
3556673,446.5,61.5,508,385
3192911,396.0,346.0,50,742
3466927,4008.5,3417.5,591,7426
3229799,5835.0,2717.0,3118,8552
2132489,7104.5,5385.5,1719,12490
2489059,1612.0,93.0,1705,1519
2909653,4054.0,3063.0,991,7117
2491991,11619.0,1617.0,10002,13236
3568619,919.0,461.0,458,1380
2638037,26800.5,10067.5,36868,16733
2861893,5894.5,4737.5,1157,10632
2484007,10712.5,5071.5,5641,15784
2820577,28436.5,10498.5,38935,17938
2205689,2063.0,1755.0,308,3818
2101739,4542.5,2851.5,1691,7394
2724037,15991.5,7947.5,23939,8044
3651469,1129.0,451.0,678,1580
2890243,19633.5,18973.5,38607,660
2663821,10138.0,5690.0,15828,4448
3225997,13435.5,6624.5,6811,20060
2455489,23078.0,10969.0,34047,12109
2120939,33738.5,11721.5,45460,22017
2819417,7789.5,755.5,8545,7034
2546927,7420.0,1282.0,6138,8702
2837869,7724.5,5369.5,13094,2355
3163211,505.0,195.0,700,310
2966591,3559.0,273.0,3832,3286
2573321,4968.5,2465.5,2503,7434
2390891,1320.5,166.5,1154,1487
2591033,2216.0,2182.0,34,4398
3192403,1815.5,1768.5,3584,47
2684839,3498.0,2513.0,985,6011
2838107,2045.0,1020.0,3065,1025
3019553,6169.5,3812.5,9982,2357
2934857,3268.0,2355.0,913,5623
3197539,1970.0,1253.0,717,3223
2277937,3764.5,1758.5,5523,2006
3500663,38.0,16.0,54,22
3094733,1843.5,1622.5,221,3466
2531849,4328.5,1619.5,2709,5948
2758153,11600.0,72.0,11528,11672
3206657,3151.0,3039.0,6190,112
3036893,7138.0,2254.0,4884,9392
3328999,3892.5,204.5,4097,3688
2271949,5859.5,4476.5,1383,10336
3006131,33575.0,5971.0,39546,27604
2710109,6894.0,3884.0,10778,3010
3707267,537.5,225.5,312,763
2794373,267.0,13.0,280,254
3168707,7341.5,7263.5,78,14605
2515333,8684.0,4236.0,4448,12920
2199797,5466.5,2188.5,7655,3278
2434219,25150.5,2949.5,22201,28100
3332993,3569.5,51.5,3518,3621
3584209,404.0,22.0,382,426
2100457,4076.5,2932.5,7009,1144
2446621,9353.0,7022.0,16375,2331
3972049,1325.0,55.0,1380,1270
2835631,4745.5,4203.5,8949,542
2418043,6316.5,3282.5,3034,9599
2994349,8891.0,1410.0,10301,7481
3437267,1716.0,1555.0,161,3271
2156927,14252.0,11037.0,3215,25289
2866249,104286.5,20405.5,83881,124692
3630811,1487.5,1212.5,2700,275
2415211,5807.0,1230.0,7037,4577
2578711,5015.5,1611.5,6627,3404
3836897,9.0,3.0,12,6
3544663,1698.5,569.5,1129,2268
3887263,430.0,367.0,63,797
2473379,5451.5,2074.5,3377,7526
2434469,20222.0,14945.0,5277,35167
2413013,1852.5,1542.5,3395,310
2940913,1552.5,971.5,2524,581
2181307,30001.5,21212.5,8789,51214
2290679,8648.0,2131.0,10779,6517
3045859,28489.0,21970.0,6519,50459
2122951,9032.0,3071.0,5961,12103
3245909,10219.0,7429.0,2790,17648
2417887,13658.5,8971.5,22630,4687
2323051,11328.0,6694.0,4634,18022
3146947,2000.0,477.0,1523,2477
3032891,851.0,88.0,939,763
2579779,4245.0,244.0,4001,4489
3373457,2138.5,1205.5,933,3344
2588851,12221.5,3860.5,16082,8361
2822227,8858.5,2995.5,11854,5863
2527571,12140.0,6851.0,5289,18991
2131487,9117.5,6805.5,2312,15923
2348867,5632.0,1142.0,4490,6774
3182381,5131.0,4329.0,802,9460
2586323,7780.5,327.5,7453,8108
3380477,892.0,74.0,966,818
2282873,44687.0,21735.0,66422,22952
3282119,1700.0,153.0,1547,1853
3200957,17531.5,1664.5,15867,19196
3116441,4621.5,212.5,4409,4834
2503727,8682.5,3417.5,5265,12100
2203471,11155.0,7311.0,3844,18466
3309641,2577.5,2109.5,468,4687
2360819,1793.5,949.5,844,2743
3396691,1522.0,715.0,2237,807
2417509,16965.5,3106.5,20072,13859
2442161,10584.5,2454.5,13039,8130
2408423,14581.5,3742.5,10839,18324
2888911,17107.5,4084.5,21192,13023
2442569,4307.0,686.0,3621,4993
2294969,6490.0,6253.0,237,12743
3809863,132.5,98.5,231,34
3539323,149.0,47.0,196,102
2419121,1745.5,1425.5,320,3171
3480731,2697.5,352.5,3050,2345
2626133,4530.5,3866.5,664,8397
2426069,18464.5,17741.5,36206,723
2957671,46861.0,43463.0,90324,3398
2899451,8408.0,5455.0,13863,2953
2481007,1112.5,151.5,961,1264
2261387,3629.0,2999.0,630,6628
2160427,3526.0,157.0,3369,3683
2166487,21632.0,18909.0,2723,40541
2126489,2689.5,1080.5,3770,1609
2793961,5503.5,661.5,4842,6165
3370901,906.5,645.5,261,1552
2859811,6759.0,563.0,6196,7322
2510719,8890.0,1495.0,7395,10385
2283101,6192.0,5538.0,654,11730
2878607,12599.0,856.0,11743,13455
2241737,8615.0,4289.0,4326,12904
2958643,6725.5,3675.5,10401,3050
2353367,13411.0,10875.0,2536,24286
2672069,4555.5,2402.5,2153,6958
3148963,562.5,287.5,275,850
3175369,3864.5,2766.5,1098,6631
2465887,4352.5,824.5,3528,5177
3013657,24658.0,5363.0,19295,30021
2118817,36868.0,17802.0,19066,54670
2899033,3822.0,2825.0,6647,997
3288991,2660.5,1247.5,1413,3908
2552083,19448.5,12646.5,32095,6802
2108191,2627.5,1456.5,1171,4084
2717167,2809.0,1354.0,1455,4163
2360129,25576.0,12533.0,13043,38109
3960091,1060.0,451.0,609,1511
3416689,19449.0,429.0,19020,19878
2791067,1547.0,245.0,1792,1302
2203717,4252.0,2367.0,6619,1885
3371857,2615.0,1045.0,1570,3660
2414297,925.5,271.5,654,1197
2391677,13326.0,5859.0,7467,19185
2099843,12823.5,930.5,11893,13754
2983919,3678.5,1521.5,5200,2157
2628271,1223.5,431.5,1655,792
2251919,25195.5,24367.5,828,49563
2580437,34357.0,26773.0,7584,61130
2351131,30605.0,26235.0,56840,4370
3073267,8845.5,1642.5,7203,10488
3367081,223.0,19.0,242,204
2607881,3643.0,2872.0,771,6515
2477473,2087.0,27.0,2060,2114
3073387,10693.5,5453.5,16147,5240
2196323,30393.0,11796.0,18597,42189
2738101,33699.0,22732.0,10967,56431
2496287,5913.5,2631.5,8545,3282
2648741,4628.0,3456.0,1172,8084
3110189,2594.5,1184.5,1410,3779
2205029,15056.0,2598.0,12458,17654
2961551,3296.0,459.0,2837,3755
2517491,1607.5,1048.5,2656,559
3740381,3754.5,3391.5,7146,363
2436397,4317.5,2394.5,1923,6712
2301853,1353.0,1112.0,241,2465
2358569,8337.5,5498.5,13836,2839
3763637,844.0,558.0,1402,286
2701747,26506.0,5.0,26511,26501
3573103,6026.0,5455.0,571,11481
2854279,5072.5,4561.5,511,9634
3249119,2201.5,316.5,1885,2518
2475541,8365.5,585.5,7780,8951
2742281,5327.5,2325.5,3002,7653
2382077,8142.0,7365.0,777,15507
3681071,284.0,228.0,512,56
2295287,630.5,95.5,535,726
2145901,63385.5,8070.5,55315,71456
2473307,1939.5,612.5,2552,1327
2779813,4367.0,3687.0,8054,680
3474487,9809.5,5162.5,14972,4647
3450697,5510.0,2640.0,8150,2870
2751169,4675.0,2693.0,7368,1982
2603947,5824.0,3913.0,9737,1911
3009911,3604.5,1904.5,5509,1700
2279441,57212.5,48537.5,8675,105750
2749037,6858.5,6512.5,346,13371
2420597,9377.0,5281.0,14658,4096
3179443,44.5,0.5,44,45
2150647,7130.5,5404.5,12535,1726
2552189,5401.0,2676.0,8077,2725
2382661,2081.0,1085.0,996,3166
2543603,15931.5,4640.5,20572,11291
2991211,8501.5,3822.5,4679,12324
2183099,3627.0,126.0,3753,3501
2406361,3253.0,2588.0,5841,665
3353489,2698.0,2306.0,5004,392
3137473,7919.0,923.0,8842,6996
3405859,900.5,727.5,173,1628
2346457,18069.5,13793.5,31863,4276
3120353,3363.0,563.0,2800,3926
3052277,4808.5,3220.5,8029,1588
2113633,38099.0,28269.0,9830,66368
3523859,189.0,128.0,317,61
2978867,713.0,554.0,1267,159
2955151,1679.0,1208.0,471,2887
3699541,1149.5,700.5,449,1850
3650477,2150.0,508.0,1642,2658
2312957,30850.5,22830.5,53681,8020
3783667,1320.5,127.5,1193,1448
2625877,1501.5,659.5,2161,842
2601421,1652.5,8.5,1644,1661
2947513,19866.5,2621.5,17245,22488
2448839,11337.0,3541.0,14878,7796
3350797,1540.0,1414.0,2954,126
2124923,7164.5,3135.5,10300,4029
2445871,9532.0,1932.0,7600,11464
2512261,6854.5,271.5,6583,7126
3177761,8956.5,3072.5,12029,5884
3628241,2212.0,392.0,2604,1820
2334379,1605.5,81.5,1524,1687
3744847,2399.0,445.0,1954,2844
2380849,5727.0,1925.0,3802,7652
2137787,6615.5,1551.5,8167,5064
2437243,8406.0,3188.0,5218,11594
2493697,2962.0,1400.0,1562,4362
3549899,6168.5,5825.5,11994,343
2455559,50285.0,2959.0,53244,47326
2290553,19378.5,6614.5,12764,25993
3038941,1073.5,292.5,781,1366
2979533,659.0,165.0,824,494
2546441,24493.0,4872.0,19621,29365
2465741,15115.0,10294.0,25409,4821
2770289,168118.5,13216.5,154902,181335
2177033,8456.5,5521.5,2935,13978
4039811,766.5,303.5,463,1070
2901277,2856.0,2169.0,5025,687
2200421,16043.0,11221.0,4822,27264
2425057,17961.0,16564.0,34525,1397
2508431,10920.5,1995.5,12916,8925
2500613,6370.0,1806.0,4564,8176
2505889,4160.5,1956.5,6117,2204
2756141,2898.0,370.0,3268,2528
3155431,6147.5,630.5,6778,5517
3159329,14553.5,1318.5,15872,13235
3056297,1725.5,1403.5,322,3129
3717677,938.5,217.5,721,1156
2546801,18208.0,11096.0,29304,7112
2291171,2368.5,2122.5,4491,246
2134733,493.5,259.5,234,753
3182821,1902.0,1785.0,3687,117
2395361,683.0,85.0,768,598
2296403,14338.0,11408.0,2930,25746
2861701,1690.0,363.0,2053,1327
3149957,915.5,749.5,166,1665
2699381,8359.5,355.5,8004,8715
2608597,21423.5,6127.5,27551,15296
3018203,2265.0,418.0,1847,2683
3583367,1838.5,1308.5,530,3147
2920537,8413.0,7780.0,633,16193
2444053,3697.0,1398.0,2299,5095
3515621,13323.0,12199.0,1124,25522
2424467,5268.5,1227.5,4041,6496
2556481,6791.5,201.5,6993,6590
2343863,30457.5,17696.5,48154,12761
2871523,380.0,158.0,222,538
2654009,5318.5,1809.5,3509,7128
2351077,19026.5,17056.5,1970,36083
2861653,4414.5,4067.5,8482,347
3229493,1512.0,610.0,902,2122
3695429,10366.5,6144.5,4222,16511
2098513,2616.5,1463.5,4080,1153
2970889,1586.5,881.5,705,2468
2556721,1366.0,1060.0,2426,306
2817329,2829.5,1183.5,4013,1646
3585613,2908.0,2437.0,5345,471
2919421,1771.5,329.5,1442,2101
3107207,3121.5,1097.5,4219,2024
2339377,16247.0,5509.0,10738,21756
2957557,4215.0,2711.0,1504,6926
2681689,1442.0,492.0,1934,950
2836921,3776.5,2547.5,1229,6324
2145907,18206.0,8325.0,26531,9881
2374283,36367.5,6745.5,43113,29622
2777461,13924.0,9536.0,4388,23460
3807703,1074.0,473.0,601,1547
2898163,5771.0,639.0,5132,6410
2347517,13033.0,84.0,13117,12949
3643693,702.0,407.0,295,1109
2922377,14607.5,1191.5,15799,13416
2590699,10612.0,10530.0,82,21142
2632349,3232.0,2577.0,655,5809
2500013,5872.0,2227.0,8099,3645
2632529,3766.5,891.5,4658,2875
2177213,4359.0,3883.0,476,8242
2363143,18156.0,546.0,17610,18702
2146933,951.0,549.0,402,1500
2572181,864.5,305.5,559,1170
2856109,6010.0,4953.0,10963,1057
2838571,1041.0,243.0,798,1284
2190941,16049.5,6283.5,9766,22333
3183413,551.5,352.5,199,904
2204749,22156.0,21422.0,734,43578
3088027,384.0,156.0,228,540
2963237,471.5,126.5,345,598
3103117,1577.0,1111.0,466,2688
3801131,562.0,307.0,255,869
3002497,2496.0,584.0,3080,1912
2408027,6797.0,2249.0,9046,4548
2498117,3914.5,1561.5,5476,2353
2237987,1608.0,722.0,886,2330
3342971,3364.5,772.5,2592,4137
3621811,2340.5,2002.5,338,4343
2982493,13432.5,9205.5,4227,22638
2852321,41512.0,25896.0,67408,15616
2543197,4025.5,141.5,3884,4167
2166343,7318.0,1197.0,6121,8515
2850983,3352.5,404.5,2948,3757
3728437,498.0,153.0,345,651
2252351,9402.5,2152.5,7250,11555
2866813,3456.5,683.5,4140,2773
2310683,1354.0,478.0,876,1832
2344729,17254.0,13744.0,30998,3510
2555153,4681.5,439.5,4242,5121
2225813,28691.5,11155.5,17536,39847
3847043,817.0,364.0,453,1181
2926243,5245.5,4451.5,9697,794
2431379,4346.0,645.0,4991,3701
3032539,18874.0,12572.0,6302,31446
2128877,32501.5,10610.5,43112,21891
2148427,26763.0,16181.0,42944,10582
2856043,1836.5,1294.5,3131,542
2832233,10011.5,3266.5,6745,13278
2794157,2738.5,1094.5,3833,1644
2800067,41977.0,37119.0,4858,79096
2601283,89566.0,9590.0,79976,99156
2931857,278.5,35.5,314,243
2948237,2049.0,993.0,1056,3042
2398531,5357.0,4851.0,10208,506
2385437,3536.0,2880.0,6416,656
3064549,936.0,540.0,396,1476
4003997,324.0,95.0,229,419
2355589,13076.0,6292.0,6784,19368
3273637,3999.5,2137.5,1862,6137
2277563,9063.0,5750.0,14813,3313
2937587,1730.0,1674.0,56,3404
2233703,3588.0,3485.0,7073,103
2445397,1146.5,732.5,1879,414
2363269,12777.5,288.5,13066,12489
2490779,4618.5,1012.5,3606,5631
2896211,1489.5,291.5,1781,1198
3362053,17.5,2.5,15,20
2423207,2277.5,1047.5,1230,3325
2875189,982.0,465.0,1447,517
2646547,13188.0,6629.0,19817,6559
3445439,3393.0,2509.0,5902,884
2265227,22811.0,3991.0,26802,18820
3511259,13012.0,7809.0,5203,20821
3250447,10211.5,5645.5,15857,4566
2703691,2279.5,315.5,1964,2595
2396279,5366.0,1712.0,3654,7078
2944607,49241.0,9634.0,39607,58875
2153003,44515.5,1712.5,42803,46228
3442973,12507.5,12354.5,153,24862
2192389,14275.5,10246.5,24522,4029
2915239,2212.0,716.0,2928,1496
2336077,81954.0,10910.0,92864,71044
2587489,13255.5,2119.5,11136,15375
2662019,29374.0,18595.0,47969,10779
2453791,4054.5,3458.5,596,7513
2923979,12982.5,3211.5,16194,9771
2664283,19171.0,5571.0,24742,13600
3638197,1303.5,391.5,912,1695
2539333,15785.0,12095.0,27880,3690
2590109,3648.0,1432.0,5080,2216
3772333,893.0,26.0,919,867
2427707,2118.5,469.5,2588,1649
2340749,27018.5,24478.5,51497,2540
2534533,6002.0,516.0,6518,5486
2758513,14276.0,11506.0,25782,2770
2348803,1719.0,430.0,2149,1289
2320441,26781.5,3412.5,23369,30194
2182357,20061.0,10546.0,30607,9515
2126099,13180.0,11417.0,24597,1763
2713661,1160.0,160.0,1320,1000
3522229,773.5,107.5,881,666
2885657,9422.0,9019.0,403,18441
2905663,938.5,405.5,533,1344
2849921,973.5,198.5,775,1172
2917741,1974.5,238.5,2213,1736
2315431,1557.5,328.5,1229,1886
2832607,4156.0,3163.0,7319,993
2724343,3287.0,1733.0,1554,5020
2354929,12232.0,3330.0,15562,8902
2612803,3261.5,981.5,4243,2280
3448349,1032.0,842.0,190,1874
3513197,684.0,534.0,150,1218
2216131,11174.5,9089.5,20264,2085
2109557,6334.5,2865.5,9200,3469
2244877,42901.5,27270.5,15631,70172
2114617,25506.0,14108.0,39614,11398
2255177,3402.0,2757.0,6159,645
2471591,5512.0,5288.0,10800,224
2110447,11814.0,6589.0,18403,5225
2652673,1141.5,434.5,1576,707
2426881,4807.0,3671.0,8478,1136
2648783,31679.0,18140.0,49819,13539
3418531,522.0,47.0,475,569
2495329,6869.5,4163.5,11033,2706
2422417,25985.0,17596.0,8389,43581
2495369,1976.0,1845.0,131,3821
3571979,2006.5,1260.5,3267,746
2126977,1315.0,380.0,935,1695
2392633,2560.5,539.5,3100,2021
2518169,2819.5,2005.5,814,4825
3607403,2690.0,1472.0,4162,1218
2218247,48792.5,7159.5,55952,41633
2641853,5664.5,2459.5,3205,8124
2269753,1131.0,898.0,2029,233
2794853,37390.0,26562.0,10828,63952
2656781,3990.5,865.5,4856,3125
2861717,2618.0,535.0,2083,3153
3379421,277.0,12.0,265,289
2908949,6694.0,247.0,6941,6447
2890543,2021.5,244.5,1777,2266
2849599,5452.0,3526.0,1926,8978
2585789,12586.5,10974.5,23561,1612
2757331,1668.0,290.0,1378,1958
3733573,433.0,55.0,488,378
2305229,55307.0,39335.0,15972,94642
2666813,7615.5,3245.5,10861,4370
2225719,10191.0,7589.0,17780,2602
2537807,41464.5,7104.5,34360,48569
2514223,27345.0,3520.0,23825,30865
3160093,1944.5,641.5,1303,2586
3135149,5601.5,3604.5,9206,1997
2212019,14331.0,10633.0,3698,24964
2692397,5106.5,3748.5,8855,1358
2691349,22864.5,3933.5,18931,26798
3332227,2136.5,436.5,1700,2573
2582263,5023.5,2172.5,7196,2851
2776229,25575.5,10984.5,36560,14591
2338187,3651.0,965.0,2686,4616
3142921,444.5,411.5,856,33
2485981,7814.5,6716.5,14531,1098
2253961,1299.5,762.5,537,2062
2618471,3593.0,554.0,3039,4147
3808433,1541.0,1103.0,2644,438
3560093,409.5,110.5,299,520
3576211,2806.0,961.0,3767,1845
2297513,9899.0,265.0,9634,10164
3420979,5626.0,1085.0,4541,6711
3014017,1306.5,1162.5,144,2469
3535661,1166.0,235.0,931,1401
3202781,1851.5,1104.5,2956,747
2844631,6097.5,5461.5,11559,636
3759631,4125.0,3823.0,7948,302
3526883,1132.5,578.5,554,1711
2249473,17112.0,3212.0,13900,20324
3213107,11968.0,10813.0,1155,22781
3132293,6440.0,1445.0,7885,4995
2630603,2524.0,1580.0,4104,944
3788143,368.5,298.5,667,70
3968039,1269.5,138.5,1131,1408
2144651,3242.0,1364.0,4606,1878
2507831,24198.0,20453.0,3745,44651
3467561,2402.0,1098.0,3500,1304
2891179,8933.5,7017.5,15951,1916
3798779,645.5,170.5,816,475
2340131,10273.5,5979.5,4294,16253
2642027,1104.0,999.0,2103,105
2121517,11655.0,6907.0,4748,18562
3226709,6819.0,2575.0,4244,9394
2770951,3607.0,2140.0,1467,5747
3027601,5861.5,1682.5,4179,7544
2364059,13051.0,12837.0,25888,214
2765533,4900.0,2093.0,2807,6993
3237137,5517.5,429.5,5088,5947
2640481,4216.0,2246.0,1970,6462
2542153,366.5,195.5,171,562
2288791,31030.0,1171.0,32201,29859
2921887,377.0,13.0,364,390
3728399,1469.0,1269.0,200,2738
2909857,11465.5,720.5,10745,12186
3725399,139.0,24.0,115,163
2601971,9609.0,3606.0,13215,6003
2278579,3837.0,1858.0,5695,1979
3593657,3579.5,2750.5,829,6330
2459453,61206.0,47274.0,13932,108480
2121799,6351.5,705.5,7057,5646
2494853,17598.0,2650.0,14948,20248
2470609,9956.5,9359.5,597,19316
3469813,6028.5,3687.5,9716,2341
2180099,14643.0,1792.0,16435,12851
2639057,9962.5,6928.5,3034,16891
2691569,7459.5,4982.5,12442,2477
3979769,222.0,156.0,66,378
2379463,6232.0,5699.0,11931,533
2510461,7393.0,5872.0,13265,1521
3330841,4670.5,3135.5,1535,7806
2408467,5833.5,4246.5,1587,10080
2289293,13589.5,9698.5,3891,23288
2353789,11820.5,8291.5,20112,3529
2227837,5748.0,131.0,5879,5617
2201861,10007.0,2261.0,12268,7746
3031649,266.5,2.5,264,269
2909917,6182.5,4894.5,1288,11077
2326777,26417.0,18642.0,45059,7775
3814969,226.0,71.0,297,155
3237791,4759.0,4460.0,299,9219
2226443,4196.0,602.0,4798,3594
2163697,14827.5,10529.5,25357,4298
3161251,10695.0,7613.0,18308,3082
2763389,25125.5,22418.5,47544,2707
2672717,8363.0,6519.0,14882,1844
2579879,2238.0,1784.0,454,4022
3311417,1551.5,801.5,750,2353
2414891,1618.5,180.5,1438,1799
2703509,823.0,72.0,895,751
2232721,7295.0,6645.0,13940,650
2229013,2960.5,2399.5,5360,561
2274581,10190.5,3902.5,14093,6288
3649183,3584.0,2963.0,621,6547
2359361,29155.5,16258.5,12897,45414
3321011,1828.5,1712.5,116,3541
3115367,6898.5,2025.5,4873,8924
2678713,34251.0,24441.0,9810,58692
2196203,31487.0,1605.0,29882,33092
2456599,1258.0,808.0,2066,450
2217031,5073.0,2257.0,2816,7330
2760227,2880.0,1373.0,1507,4253
3102973,4757.0,1096.0,3661,5853
2784931,13670.0,9071.0,4599,22741
2483389,11740.5,6074.5,5666,17815
2146013,9359.5,2040.5,7319,11400
2720099,13241.5,8738.5,4503,21980
2163961,13142.5,3119.5,10023,16262
2616403,12139.5,2699.5,14839,9440
2793803,6659.0,4479.0,11138,2180
2408443,6708.5,4938.5,11647,1770
2237351,9187.5,1044.5,10232,8143
2773913,8733.5,1151.5,7582,9885
2191853,5952.5,3920.5,9873,2032
2366977,1263.0,594.0,1857,669
2217979,6889.5,6157.5,732,13047
2453239,6112.5,1702.5,4410,7815
2126323,1230.0,1148.0,82,2378
2352407,49358.5,35547.5,13811,84906
2943959,5846.5,4211.5,1635,10058
2265827,10929.5,10019.5,20949,910
2320333,5134.5,4270.5,9405,864
2346583,14783.0,1744.0,13039,16527
2403197,4245.5,1937.5,2308,6183
2917039,15849.5,3823.5,19673,12026
3161839,1192.0,695.0,1887,497
2160539,40194.0,23181.0,17013,63375
3058217,8880.0,3039.0,5841,11919
2322539,2085.5,979.5,3065,1106
2563201,31208.5,15979.5,15229,47188
2477443,22840.0,21518.0,1322,44358
3275423,798.5,530.5,268,1329
3662171,1705.0,974.0,2679,731
2247799,4618.0,3395.0,8013,1223
2244797,23672.0,16419.0,7253,40091
2965283,73009.5,14216.5,87226,58793
3515609,4736.0,1638.0,6374,3098
2273237,10160.0,2600.0,7560,12760
2361907,41447.0,29993.0,11454,71440
3192127,979.0,686.0,1665,293
2458397,9606.5,783.5,8823,10390
2161039,29139.5,25801.5,3338,54941
2458453,33945.5,33151.5,794,67097
2457589,8308.0,773.0,9081,7535
3475067,6295.5,3548.5,2747,9844
2721311,2157.5,1612.5,545,3770
2723953,20881.0,19862.0,40743,1019
2098147,17987.0,8945.0,9042,26932
2303201,6842.0,3064.0,9906,3778
3082643,1430.5,1354.5,2785,76
2424473,161083.5,143771.5,304855,17312
2286421,8875.5,3553.5,12429,5322
2106443,4397.5,239.5,4637,4158
2180909,7460.5,5789.5,13250,1671
3221149,403.5,359.5,763,44
2665829,4728.0,1901.0,2827,6629
3072649,8144.0,1737.0,9881,6407
2595317,53173.0,35992.0,89165,17181
3771283,615.0,462.0,153,1077
3029903,2736.5,890.5,3627,1846
2161961,10863.5,4005.5,14869,6858
2761469,10006.0,7045.0,17051,2961
3113503,1836.0,1743.0,3579,93
2365661,8171.5,7528.5,15700,643
2184613,11925.5,3056.5,14982,8869
2220173,21184.5,14222.5,6962,35407
3041609,4079.5,3938.5,8018,141
2217697,10119.0,7271.0,17390,2848
2331491,33516.5,4098.5,37615,29418
3264673,2256.0,1671.0,585,3927
2152963,2633.5,1755.5,878,4389
2103379,12044.5,2490.5,14535,9554
2296043,25979.5,12184.5,13795,38164
2928803,997.5,844.5,1842,153
3300079,1812.0,711.0,1101,2523
2863933,1332.0,1077.0,2409,255
2238343,22511.0,12286.0,34797,10225
2366839,7039.0,6179.0,13218,860
3301829,8197.5,7304.5,15502,893
2620517,6104.5,2732.5,3372,8837
3502703,484.5,373.5,111,858
2149759,1129.5,601.5,1731,528
2429179,2390.5,361.5,2752,2029
3077863,320.5,162.5,158,483
3509119,384.0,260.0,644,124
2352607,5555.0,2250.0,3305,7805
2269013,13130.5,7784.5,20915,5346
2550931,4532.0,1073.0,5605,3459
2141207,7515.5,763.5,6752,8279
3533587,4653.0,1204.0,5857,3449
3235511,8542.0,3428.0,5114,11970
3339001,1371.0,1277.0,2648,94
2665279,4700.5,1486.5,6187,3214
3358739,472.5,463.5,9,936
2170463,1571.0,704.0,2275,867
3189787,11139.0,5651.0,5488,16790
2434921,7724.5,3264.5,10989,4460
3189023,10329.5,4656.5,14986,5673
2464771,7912.5,7757.5,155,15670
2352461,3897.0,403.0,3494,4300
2220091,6959.0,6023.0,936,12982
2342693,37408.0,30926.0,6482,68334
2154679,812.0,161.0,973,651
2570731,11842.5,9318.5,21161,2524
3923461,152.0,92.0,244,60
2238007,4795.0,4037.0,758,8832
2256679,53782.0,20769.0,33013,74551
2228327,3683.5,1959.5,1724,5643
2346647,11306.5,5900.5,5406,17207
2565547,8095.5,6332.5,14428,1763
3460183,5167.0,355.0,4812,5522
2450507,19189.0,5201.0,24390,13988
3154813,11648.5,10058.5,21707,1590
2883203,21219.5,18845.5,40065,2374
3027239,15792.5,9133.5,24926,6659
2370439,15806.5,2442.5,13364,18249
3865489,203.0,92.0,111,295
3036113,11635.5,6055.5,17691,5580
3586601,3504.5,2916.5,6421,588
3772247,2601.5,313.5,2915,2288
3158117,5059.0,4884.0,9943,175
3229801,7720.5,3258.5,10979,4462
2545747,1631.0,667.0,964,2298
2429281,20821.5,15880.5,4941,36702
3066101,2188.0,1006.0,3194,1182
2246611,8850.0,4116.0,4734,12966
2954647,5257.5,1922.5,7180,3335
3011423,2852.0,2331.0,5183,521
2463379,5181.5,1243.5,3938,6425
2328121,3562.0,699.0,2863,4261
3106009,2032.5,1226.5,3259,806
2212013,9050.5,6797.5,2253,15848
2692867,2005.5,1443.5,3449,562
3205633,6019.5,5826.5,11846,193
2393057,738.5,681.5,57,1420
2225633,5114.5,670.5,5785,4444
2567189,65476.0,15108.0,80584,50368
2359691,1182.5,631.5,1814,551
2890133,642.5,261.5,381,904
2601169,7422.0,5707.0,13129,1715
3496819,967.5,445.5,522,1413
3898861,408.5,372.5,781,36
2445563,8480.0,4643.0,13123,3837
2845081,4674.5,3121.5,1553,7796
2281999,2735.5,753.5,3489,1982
3304283,945.0,535.0,410,1480
2663399,13332.5,12859.5,26192,473
3101093,7485.0,3998.0,11483,3487
2242243,8125.5,829.5,7296,8955
2756617,15684.0,3949.0,11735,19633
2889659,2093.0,1052.0,3145,1041
2603147,3851.0,1145.0,2706,4996
2400493,3018.5,2561.5,5580,457
2142671,16084.0,14871.0,1213,30955
2437447,6668.0,3284.0,9952,3384
2507399,28809.0,9700.0,38509,19109
2417167,34202.0,15943.0,18259,50145
2149129,3087.5,459.5,3547,2628
2522627,3644.0,2745.0,6389,899
2338909,2683.0,2448.0,235,5131
3753637,584.5,446.5,1031,138
3159899,223.0,94.0,317,129
2536607,46531.0,19920.0,66451,26611
3600199,37.0,20.0,57,17
2504989,20285.5,467.5,19818,20753
2373793,7329.5,6194.5,13524,1135
2808137,5679.0,4267.0,1412,9946
2664457,3716.5,3247.5,469,6964
2642399,44262.0,34721.0,9541,78983
2116769,7593.5,6298.5,1295,13892
2655811,814.0,513.0,301,1327
2163379,7906.0,2669.0,5237,10575
2128759,7095.0,3793.0,3302,10888
2386541,15625.0,14275.0,1350,29900
2614673,42788.5,664.5,42124,43453
2141383,7907.5,3040.5,4867,10948
3709729,1806.5,1395.5,3202,411
3130073,1968.5,140.5,2109,1828
2399123,19421.5,1974.5,21396,17447
2759399,7026.5,5511.5,1515,12538
3132401,6959.0,3382.0,10341,3577
3181147,2432.0,951.0,1481,3383
2415107,2134.0,1823.0,3957,311
3900607,355.0,216.0,571,139
2849191,2447.5,266.5,2714,2181
3054083,8334.0,2494.0,5840,10828
2400701,13387.0,3627.0,9760,17014
2234203,1022.0,838.0,184,1860
3056279,536.5,121.5,658,415
2589061,17677.5,7676.5,10001,25354
2868391,679.0,408.0,1087,271
2370491,8523.5,1980.5,10504,6543
2728147,11656.5,5961.5,17618,5695
2191817,5390.5,4881.5,10272,509
2831897,5075.5,945.5,4130,6021
2188177,2128.5,1508.5,3637,620
2184737,23659.0,16883.0,6776,40542
2169053,24038.0,16858.0,40896,7180
3195719,678.5,552.5,126,1231
2982263,10173.0,1067.0,11240,9106
2196743,17869.0,276.0,17593,18145
3541169,1397.0,272.0,1669,1125
2544701,89420.5,71652.5,161073,17768
2371357,9143.0,3314.0,12457,5829
2788613,2452.0,1941.0,4393,511
3229013,180.0,77.0,257,103
3221161,11108.0,3069.0,8039,14177
2294069,5895.5,5057.5,838,10953
2160371,50988.0,4608.0,55596,46380
2995471,6162.0,954.0,5208,7116
2890361,7084.5,2540.5,9625,4544
2931431,11833.0,50.0,11783,11883
2235061,6982.0,2419.0,9401,4563
3920351,889.5,582.5,307,1472
2942417,15713.5,9521.5,25235,6192
2959423,501.5,327.5,829,174
2507651,28214.5,25677.5,53892,2537
2847451,4191.0,2158.0,6349,2033
2904691,2525.0,1449.0,3974,1076
2127781,39720.0,14562.0,54282,25158
2224109,19806.0,7933.0,11873,27739
3269551,2702.5,2202.5,500,4905
2779589,5215.0,3162.0,8377,2053
3018619,2954.5,111.5,2843,3066
2801881,5429.0,498.0,5927,4931
3685439,447.5,352.5,800,95
3624487,1715.0,708.0,2423,1007
2336879,5149.0,879.0,4270,6028
2810519,3024.0,2263.0,5287,761
3101341,1499.0,133.0,1366,1632
2179739,21408.5,13983.5,35392,7425
2133077,10115.0,2847.0,12962,7268
2402551,1819.0,251.0,2070,1568
2710493,22480.0,20386.0,42866,2094
2736389,5136.5,3125.5,2011,8262
2212649,29941.0,7234.0,22707,37175
2347417,8172.5,6144.5,14317,2028
3178969,511.0,10.0,501,521
2365219,27013.5,6815.5,33829,20198
2899297,2237.0,1243.0,3480,994
2129591,8364.0,5158.0,13522,3206
2501633,18269.5,6250.5,24520,12019
2942483,7679.5,2638.5,10318,5041
3378623,6.5,0.5,6,7
2218457,1181.0,278.0,1459,903
3386401,8785.0,452.0,9237,8333
2203987,19055.0,402.0,19457,18653
2237243,35022.5,373.5,34649,35396
2309597,27415.0,18896.0,8519,46311
3242611,2644.0,2232.0,4876,412
3243743,3961.0,978.0,4939,2983
2427283,5443.0,2592.0,2851,8035
2501203,3163.0,2454.0,5617,709
2631619,3452.5,84.5,3537,3368
2113387,47411.5,18641.5,66053,28770
2940529,4749.0,4256.0,9005,493
2840501,2382.5,1879.5,503,4262
3269317,4517.5,236.5,4281,4754
3549167,1095.0,113.0,1208,982
2935631,7834.5,4432.5,3402,12267
2172647,1976.0,323.0,2299,1653
4064087,607.0,258.0,865,349
2776273,2733.0,1845.0,4578,888
2600431,1224.0,111.0,1335,1113
2209651,11491.0,5684.0,5807,17175
2453863,43550.0,35718.0,79268,7832
3348181,908.0,288.0,620,1196
2962667,2682.0,1973.0,709,4655
2842067,12762.0,11403.0,1359,24165
2985023,33933.0,29237.0,4696,63170
2169911,14332.5,5920.5,20253,8412
3736387,3880.0,2161.0,6041,1719
2118521,1530.0,606.0,924,2136
3416597,16140.5,14507.5,1633,30648
2182721,28525.5,62.5,28463,28588
2648203,845.5,420.5,1266,425
3002423,1440.0,341.0,1781,1099
3015569,8742.5,3065.5,5677,11808
2713091,122876.0,12676.0,135552,110200
3180253,1887.5,511.5,1376,2399
2575541,10969.5,2931.5,13901,8038
2247071,6760.5,4732.5,11493,2028
3583049,203.5,13.5,190,217
2550049,35135.0,31965.0,67100,3170
2799541,14708.5,9359.5,24068,5349
2434667,38670.5,17559.5,21111,56230
2569849,1789.5,364.5,2154,1425
2174239,6851.5,3543.5,3308,10395
3006697,18984.0,12035.0,31019,6949
3168299,2298.0,1852.0,4150,446
2779957,1843.5,895.5,2739,948
2599699,52811.5,24614.5,77426,28197
2481751,19592.0,7075.0,12517,26667
2552309,20898.0,17624.0,38522,3274
3260603,2274.0,1910.0,364,4184
3081521,3269.5,824.5,2445,4094
2299877,14966.0,11037.0,26003,3929
3411623,405.5,105.5,511,300
2773559,11413.5,9055.5,2358,20469
2890039,3609.5,690.5,4300,2919
2744047,2098.5,452.5,1646,2551
3806813,670.5,310.5,981,360
3716417,858.0,544.0,314,1402
2109637,616.5,266.5,350,883
2159777,7520.0,828.0,6692,8348
2997347,3783.5,2070.5,5854,1713
2900549,7905.0,3314.0,11219,4591
3447163,3016.0,2291.0,5307,725
2781263,87534.5,43040.5,44494,130575
2450389,4173.5,1504.5,2669,5678
2100361,33343.5,5501.5,38845,27842
2451161,2690.0,1985.0,705,4675
2100949,3595.5,1293.5,4889,2302
3452027,4161.0,1034.0,3127,5195
2981521,2375.0,1128.0,1247,3503
3549431,1507.0,1302.0,205,2809
2190319,10206.0,6278.0,3928,16484
2112091,37907.0,24391.0,13516,62298
2595221,7004.5,5873.5,12878,1131
2182393,7357.0,1215.0,6142,8572
2383079,4754.5,2258.5,2496,7013
2705753,3378.5,935.5,2443,4314
2380219,7665.0,3660.0,4005,11325
2866639,1332.5,92.5,1240,1425
4088459,491.5,289.5,781,202
2989067,5200.0,818.0,4382,6018
2194957,5856.5,2218.5,8075,3638
3384307,7007.5,6821.5,13829,186
3058291,2654.0,614.0,2040,3268
3736489,421.5,247.5,669,174
2154583,27075.0,6017.0,21058,33092
2584297,2779.0,2583.0,196,5362
2611933,2800.0,1392.0,1408,4192
3001679,1974.0,99.0,1875,2073
2944951,9071.5,2822.5,6249,11894
2547907,18004.0,17464.0,35468,540
2193497,1604.0,596.0,2200,1008
2428967,9256.5,414.5,8842,9671
3113629,3982.0,2673.0,6655,1309
2641181,4720.0,283.0,4437,5003
2360627,7017.0,5290.0,12307,1727
2167631,1101.0,38.0,1139,1063
2250173,1845.0,693.0,1152,2538
2921551,2482.5,1102.5,3585,1380
3144991,1592.0,533.0,1059,2125
3620509,1312.0,105.0,1207,1417
2099189,108126.5,51005.5,159132,57121
3629881,1584.5,483.5,1101,2068
3840871,495.0,220.0,715,275
2721601,5210.0,2395.0,2815,7605
3384079,4857.0,1859.0,2998,6716
2233097,11691.0,11397.0,294,23088
3229217,1921.5,1706.5,3628,215
3138053,1783.5,1382.5,3166,401
3129179,1784.5,1130.5,2915,654
2285183,5241.0,2196.0,7437,3045
3027551,163524.0,15641.0,147883,179165
2210237,20695.0,13120.0,7575,33815
3330989,784.5,731.5,1516,53
2147063,82320.0,49142.0,33178,131462
2830589,4100.5,3546.5,554,7647
3948169,508.5,1.5,507,510
3599803,84.5,9.5,94,75
3203791,9858.5,4139.5,13998,5719
2387669,5621.0,1893.0,3728,7514
2669819,26719.5,22350.5,4369,49070
2524597,3523.0,142.0,3381,3665
2135873,545.0,251.0,294,796
2581903,51442.5,23327.5,74770,28115
2119219,2722.5,449.5,3172,2273
2585663,11138.0,6443.0,4695,17581
3220729,327.5,206.5,121,534
3136117,14899.5,6540.5,21440,8359
2374003,7644.0,7438.0,206,15082
2750837,43540.0,35734.0,7806,79274
2631737,25901.0,22069.0,3832,47970
3402089,1603.5,262.5,1341,1866
3200851,13738.0,9083.0,22821,4655
2848457,2165.5,646.5,2812,1519
2682083,8003.0,5914.0,13917,2089
2563391,12427.5,6171.5,18599,6256
2230909,2014.0,1887.0,127,3901
2114921,19714.5,9224.5,10490,28939
3446831,9208.5,2562.5,11771,6646
2746357,3905.5,3223.5,7129,682
3979541,149.5,91.5,58,241
2838193,13932.5,13157.5,775,27090
3849323,227.0,43.0,270,184
3236179,701.0,544.0,157,1245
2138099,13347.0,5274.0,18621,8073
3029317,17974.5,5140.5,12834,23115
2928593,4060.5,2831.5,6892,1229
3552223,2814.5,1540.5,4355,1274
2968729,40830.5,12365.5,28465,53196
2301769,15428.0,11651.0,27079,3777
2970449,6202.0,3280.0,2922,9482
2771441,33436.5,4650.5,28786,38087
2299993,27582.5,1248.5,26334,28831
2408183,293.0,8.0,301,285
3954521,48.0,5.0,43,53
2874923,9814.5,6836.5,16651,2978
2111143,5720.5,3016.5,2704,8737
2724133,7483.0,20.0,7503,7463
2372917,25613.5,18488.5,7125,44102
2956361,3000.5,1082.5,1918,4083
2682419,11163.5,8992.5,2171,20156
2256797,6164.0,4321.0,1843,10485
2685091,67902.0,48776.0,19126,116678
3991979,581.0,289.0,870,292
2439053,2117.5,250.5,2368,1867
2330113,78259.5,47948.5,30311,126208
3203269,7487.0,5968.0,1519,13455
2802197,1066.0,479.0,587,1545
2282663,29841.5,12106.5,41948,17735
2154437,20217.0,6316.0,26533,13901
2148413,12344.5,1947.5,14292,10397
3361871,6217.5,17.5,6200,6235
2520877,15503.5,3904.5,19408,11599
2831119,1166.5,62.5,1104,1229
2773643,7672.5,4433.5,12106,3239
2576009,65482.0,35558.0,29924,101040
3330533,3091.0,1577.0,4668,1514
2769989,6264.0,4053.0,2211,10317
2714821,15882.0,13700.0,2182,29582
3357773,1702.0,1251.0,451,2953
2645963,7787.0,7051.0,736,14838
3192421,7019.0,4030.0,11049,2989
3146177,6.5,2.5,9,4
2775079,3313.0,3008.0,6321,305
2525891,2127.5,1550.5,577,3678
2348933,2487.0,505.0,2992,1982
2852131,88407.0,51730.0,36677,140137
3335429,1501.0,868.0,633,2369
2545273,12759.5,10572.5,2187,23332
2938519,13031.0,7968.0,20999,5063
3026311,2356.5,1032.5,3389,1324
2862287,17314.0,7116.0,24430,10198
2386829,2279.0,710.0,1569,2989
2484407,13427.0,3755.0,17182,9672
2416031,2961.0,473.0,2488,3434
2463959,11692.5,2747.5,14440,8945
2488873,1358.0,851.0,2209,507
3626303,1293.0,945.0,2238,348
2366563,6766.0,5591.0,1175,12357
2634809,5459.5,3007.5,2452,8467
2827309,6912.5,3906.5,3006,10819
2816159,11792.0,11641.0,151,23433
2202593,3819.0,1454.0,5273,2365
3026533,660.5,552.5,1213,108
2596879,8458.0,2048.0,10506,6410
3590701,1513.0,657.0,856,2170
2151491,18911.5,10506.5,29418,8405
2592137,6571.0,4086.0,2485,10657
2239799,8848.0,3815.0,5033,12663
2164343,8356.0,8111.0,16467,245
2652509,5076.5,3634.5,1442,8711
3301453,2110.5,1569.5,541,3680
2369501,22882.5,18712.5,4170,41595
2739101,5146.5,382.5,5529,4764
2521663,18532.0,16232.0,2300,34764
2481803,5229.5,363.5,4866,5593
2390293,10623.5,2231.5,8392,12855
2406869,10646.0,3731.0,14377,6915
3158669,5393.5,5276.5,117,10670
2811971,1930.5,1351.5,3282,579
2878517,2334.5,1690.5,644,4025
3464267,9192.5,1280.5,7912,10473
2657981,5814.0,1532.0,7346,4282
2493181,13616.0,4987.0,18603,8629
2595163,5513.0,2127.0,3386,7640
2190011,4979.0,1408.0,3571,6387
2196769,5535.5,1318.5,6854,4217
3697807,377.5,119.5,497,258
2700157,5849.5,3360.5,2489,9210
2958589,2680.0,440.0,3120,2240
2322533,85884.5,74036.5,11848,159921
3028777,7209.0,3022.0,4187,10231
2315713,5675.0,3502.0,2173,9177
2248079,11187.5,2600.5,8587,13788
3674633,190.0,110.0,80,300
2325359,2273.0,1915.0,358,4188
3952063,538.5,255.5,283,794
3358363,4832.5,3373.5,8206,1459
2392079,27978.5,12277.5,15701,40256
2481161,4057.5,963.5,5021,3094
2151173,3787.5,1232.5,2555,5020
3565493,3122.0,2863.0,5985,259
2390393,1270.0,853.0,2123,417
2242631,16565.5,6437.5,23003,10128
2152097,2238.0,128.0,2110,2366
2819591,5471.0,4945.0,10416,526
2163659,5660.5,4425.5,1235,10086
2351777,3787.5,1464.5,2323,5252
3211567,938.5,415.5,1354,523
2667943,12727.0,622.0,13349,12105
2139793,15297.5,5149.5,10148,20447
2528671,11432.0,10816.0,616,22248
2203349,4761.5,1486.5,6248,3275
2312551,4081.5,3576.5,7658,505
2318269,12780.5,73.5,12854,12707
2602091,11007.5,7862.5,3145,18870
2156911,4071.0,93.0,3978,4164
2520647,7250.0,4959.0,2291,12209
2182837,1610.0,214.0,1396,1824
2513963,13045.5,4661.5,17707,8384
2465341,15976.0,11027.0,27003,4949
3309029,1042.5,150.5,892,1193
2191307,6316.0,4027.0,10343,2289
3728903,803.5,83.5,720,887
2189497,7475.5,3355.5,4120,10831
2460769,14977.5,788.5,14189,15766
2532821,7289.5,802.5,8092,6487
2276341,7823.5,6432.5,1391,14256
2826713,23182.5,16062.5,39245,7120
2347973,23601.5,17165.5,6436,40767
2120737,6953.0,689.0,7642,6264
2566763,9068.0,883.0,9951,8185
3252881,3725.5,2993.5,6719,732
2607233,9409.0,7959.0,1450,17368
2498537,5862.0,4435.0,10297,1427
2728879,4960.5,2918.5,2042,7879
3435097,6474.5,3163.5,9638,3311
3202751,9727.0,1757.0,7970,11484
2195293,4679.5,1219.5,5899,3460
3541561,727.5,502.5,1230,225
3280769,424.5,144.5,280,569
2846509,1070.5,735.5,335,1806
2202247,26661.0,24406.0,2255,51067
2283329,2198.0,1872.0,326,4070
2667893,1464.0,107.0,1357,1571
2486503,13302.5,309.5,13612,12993
4007923,346.5,200.5,146,547
2472881,2534.0,2159.0,4693,375
2968051,16916.5,6510.5,23427,10406
3716743,435.5,126.5,562,309
3038491,1702.0,1341.0,3043,361
2587919,748.5,190.5,939,558
3616567,1122.0,565.0,557,1687
3143333,13079.0,1390.0,14469,11689
2657849,34773.0,1201.0,33572,35974
2369011,38523.5,12017.5,26506,50541
2592643,2814.5,230.5,3045,2584
2187947,16128.5,11501.5,27630,4627
2192479,4355.0,342.0,4013,4697
2247701,6137.5,5529.5,608,11667
2116241,6148.0,4236.0,10384,1912
3572213,745.0,43.0,702,788
2109281,1380.0,338.0,1718,1042
2157179,8348.0,5257.0,3091,13605
2105153,19497.0,12156.0,31653,7341
3154919,2049.0,750.0,2799,1299
2102063,3985.0,2804.0,6789,1181
2824831,8992.0,5234.0,14226,3758
3433939,7817.5,3129.5,10947,4688
4068289,416.5,58.5,358,475
3032387,3498.5,1313.5,2185,4812
3297929,2068.0,1562.0,506,3630
2387057,8173.5,2438.5,5735,10612
2338001,2161.0,728.0,1433,2889
2344613,29119.0,10509.0,18610,39628
2155757,4851.5,1772.5,6624,3079
2650121,10671.0,620.0,11291,10051
2198279,44562.5,17734.5,26828,62297
2160523,24103.0,12966.0,37069,11137
2477003,9113.0,1578.0,10691,7535
3233759,187.0,26.0,161,213
3566557,461.5,269.5,192,731
2606333,16278.5,2520.5,18799,13758
3150881,154.0,76.0,78,230
2234291,8297.5,722.5,7575,9020
3590989,631.0,500.0,131,1131
2357447,10664.0,4428.0,15092,6236
2336203,39909.5,17932.5,21977,57842
3538097,886.5,303.5,583,1190
2413387,31562.5,28009.5,59572,3553
2181847,33735.0,23414.0,10321,57149
3697829,623.0,529.0,1152,94
2760619,2452.0,1951.0,4403,501
2518837,10266.5,3431.5,6835,13698
3391079,3476.5,1154.5,4631,2322
2380687,10749.0,7765.0,18514,2984
2519521,10894.0,5915.0,4979,16809
2773427,931.5,283.5,648,1215
2882317,2848.5,1826.5,4675,1022
3773807,413.0,283.0,696,130
3327113,5102.5,3757.5,1345,8860
2674019,3883.0,2969.0,6852,914
2400913,5370.5,15.5,5355,5386
2517413,12000.5,7425.5,4575,19426
2847781,2785.5,569.5,2216,3355
3831281,370.0,240.0,610,130
2660843,24437.5,11974.5,36412,12463
2206801,1577.5,925.5,2503,652
2913899,16254.0,5734.0,21988,10520
3812093,1387.5,1099.5,288,2487
2456771,35634.5,13560.5,22074,49195
3132713,1763.5,1101.5,2865,662
3806401,2800.5,1673.5,4474,1127
2393593,26037.0,8372.0,17665,34409
2882431,2837.5,1452.5,1385,4290
2338499,22326.5,11262.5,11064,33589
4019881,219.0,209.0,10,428
2843441,1974.0,762.0,2736,1212
2496751,7171.5,4307.5,2864,11479
2704267,2785.5,1231.5,1554,4017
2827501,4932.5,3066.5,7999,1866
3281659,1700.5,345.5,2046,1355
2495237,4828.5,2024.5,6853,2804
2598853,19685.5,10218.5,9467,29904
2291977,2639.0,661.0,1978,3300
2212751,13856.5,8683.5,5173,22540
2291537,52953.5,13161.5,39792,66115
2850269,10006.0,821.0,10827,9185
2400977,30655.5,6263.5,36919,24392
2904547,10342.0,585.0,9757,10927
2216129,55513.0,12362.0,67875,43151
3016733,1047.5,515.5,1563,532
2797051,3695.0,3163.0,532,6858
3501151,12481.0,4567.0,7914,17048
3170989,1970.0,844.0,1126,2814
2921143,1084.5,396.5,688,1481
2214347,4322.0,4007.0,8329,315
2636681,11368.5,1899.5,13268,9469
2730809,6472.5,1647.5,8120,4825
2251883,7395.5,6075.5,13471,1320
2733383,5829.5,1963.5,3866,7793
2612693,537.0,482.0,1019,55
2255809,4773.0,2243.0,7016,2530
2169001,26239.5,7626.5,33866,18613
2484821,1378.0,890.0,488,2268
2426317,6694.5,6441.5,13136,253
2166391,9281.0,5285.0,14566,3996
2684417,3690.5,1512.5,5203,2178
2506247,10456.5,6375.5,16832,4081
2787979,4133.0,2910.0,1223,7043
2335609,5942.0,3936.0,9878,2006
3047371,1600.0,132.0,1732,1468
2247001,11685.5,2333.5,14019,9352
2659369,13166.5,4025.5,9141,17192
3808279,912.5,272.5,640,1185
3460931,1810.0,1590.0,3400,220
2309459,32102.5,14442.5,17660,46545
2426663,8040.0,2327.0,5713,10367
2796947,21618.0,2111.0,23729,19507
2406641,1528.5,1176.5,352,2705
2142089,1477.0,52.0,1529,1425
2344423,25810.0,12356.0,38166,13454
2360777,23971.0,4975.0,28946,18996
2907473,1582.0,267.0,1315,1849
2541887,8411.5,6367.5,14779,2044
3301141,1673.0,1573.0,100,3246
2213639,7907.0,1198.0,6709,9105
2963659,1552.5,815.5,737,2368
2891149,2665.0,1012.0,1653,3677
2345821,12309.5,10754.5,1555,23064
2635441,10473.5,1527.5,12001,8946
3146713,7826.5,4256.5,12083,3570
3103561,272.5,54.5,327,218
3055061,215.5,41.5,257,174
3209411,3732.0,1768.0,5500,1964
2127547,3565.0,1112.0,2453,4677
2163517,22102.5,19186.5,2916,41289
3523277,3280.5,1570.5,4851,1710
3227179,171.0,15.0,156,186
2797633,11086.0,5941.0,17027,5145
2211299,4365.0,2318.0,6683,2047
2291129,7847.5,4970.5,12818,2877
3127661,3410.0,185.0,3225,3595
3395533,285.0,163.0,122,448
2608709,5981.0,2180.0,3801,8161
2232137,8405.5,1374.5,7031,9780
2106053,12047.0,4135.0,7912,16182
3388549,869.0,763.0,106,1632
3486437,3256.0,1841.0,1415,5097
2526731,8478.5,5898.5,14377,2580
2765647,10698.5,6495.5,17194,4203
2195483,26261.0,1641.0,24620,27902
2372813,17345.0,2947.0,14398,20292
2637367,16485.5,7193.5,9292,23679
2353493,4281.0,2485.0,6766,1796
2735539,520.0,49.0,569,471
2807429,58752.0,56582.0,115334,2170
2528051,5720.5,2831.5,2889,8552
3691483,496.5,207.5,704,289
2449669,21267.0,4832.0,16435,26099
2918599,2398.5,89.5,2309,2488
2134793,22611.5,21857.5,44469,754
3857129,354.0,227.0,127,581
2916187,1012.0,219.0,793,1231
2313341,11309.5,4454.5,6855,15764
2653061,76871.0,72120.0,148991,4751
2270869,6480.0,6075.0,405,12555
2151833,38217.0,5197.0,43414,33020
3410879,864.5,53.5,811,918
3206737,5995.0,5501.0,11496,494
2827081,1939.0,1350.0,589,3289
2306533,6506.5,845.5,5661,7352
2448337,8432.5,2420.5,10853,6012
4075961,151.5,124.5,276,27
2384491,12731.0,4355.0,17086,8376
2173397,8842.5,3517.5,5325,12360
2574133,7735.0,3093.0,10828,4642
2238139,33252.5,16001.5,49254,17251
3455737,1031.0,61.0,1092,970
3616763,1569.5,1238.5,331,2808
3457313,13083.5,3637.5,9446,16721
4092493,125.0,23.0,102,148
2591371,27345.5,2734.5,30080,24611
3237517,2277.0,826.0,3103,1451
2667991,9534.0,7490.0,17024,2044
2148931,29674.5,9988.5,39663,19686
2631751,6640.5,6247.5,393,12888
2673817,7569.5,3966.5,3603,11536
2482159,6142.5,5966.5,12109,176
2982619,2735.5,1543.5,1192,4279
3100973,2277.0,503.0,1774,2780
2789741,22392.5,5277.5,17115,27670
2732153,5644.5,4127.5,9772,1517
2423587,1837.0,136.0,1973,1701
2174087,5525.0,2052.0,3473,7577
2227957,8876.0,1983.0,6893,10859
3262333,10728.5,7774.5,2954,18503
3178829,592.5,15.5,608,577
2469547,725.5,385.5,340,1111
3686231,537.5,453.5,991,84
2712727,8075.5,5569.5,13645,2506
3074191,3989.0,1615.0,5604,2374
3589393,762.0,721.0,1483,41
2346871,15611.0,9947.0,5664,25558
2189849,21558.5,2353.5,19205,23912
2120501,7105.0,397.0,6708,7502
2540611,19111.5,4752.5,23864,14359
3477731,57.0,28.0,85,29
2777659,7015.0,1871.0,8886,5144
3257701,650.5,152.5,498,803
3702709,624.5,81.5,543,706
2805883,6176.5,1240.5,4936,7417
2736971,8797.0,4332.0,13129,4465
2431907,51306.0,3195.0,54501,48111
2166863,6539.5,4783.5,11323,1756
2129453,8251.0,7191.0,15442,1060
2610217,19901.5,10848.5,9053,30750
2216573,4877.0,3982.0,8859,895
2187041,7182.5,112.5,7070,7295
2750183,10663.5,8982.5,19646,1681
3179053,1975.0,1085.0,3060,890
2715463,44212.5,21346.5,65559,22866
2232103,31306.0,19500.0,11806,50806
3228301,5694.5,2353.5,3341,8048
2409587,15053.0,8577.0,23630,6476
2202259,15592.5,2733.5,12859,18326
2850017,40486.0,17848.0,22638,58334
3482863,1665.5,1059.5,2725,606
3642517,682.0,417.0,265,1099
2466193,22694.0,9609.0,32303,13085
3065819,3390.0,723.0,2667,4113
2099719,33159.0,9803.0,42962,23356
2711711,3618.5,424.5,4043,3194
2234731,29976.5,16240.5,46217,13736
2213429,13321.5,5489.5,7832,18811
3511867,2303.0,623.0,1680,2926
3622301,27.0,24.0,3,51
2541373,1514.5,28.5,1543,1486
2241979,5381.5,1649.5,3732,7031
2860987,14120.0,13195.0,925,27315
2470487,4099.0,3652.0,7751,447
2246917,4676.5,1931.5,2745,6608
2449397,27722.0,24489.0,52211,3233
2803261,4091.0,2921.0,1170,7012
2462323,13809.5,13013.5,796,26823
2713303,7917.5,653.5,7264,8571
2276801,12300.5,10226.5,2074,22527
2410757,1892.5,6.5,1886,1899
3603497,157.0,58.0,99,215
2318143,9076.0,2313.0,6763,11389
3508093,2136.5,278.5,1858,2415
3123083,10877.5,3773.5,14651,7104
2990479,13462.0,7399.0,6063,20861
3305161,663.5,223.5,887,440
2785919,19109.5,12823.5,6286,31933
3717097,29.5,2.5,32,27
2101919,8486.5,5057.5,3429,13544
2278567,20742.5,17887.5,38630,2855
2820247,4020.0,2748.0,1272,6768
2118559,26889.5,18788.5,8101,45678
2966941,8219.0,6836.0,15055,1383
2206319,9031.0,967.0,9998,8064
2712751,4480.0,2640.0,7120,1840
4133053,105.0,70.0,35,175
2471789,4917.0,1141.0,6058,3776
2399251,25941.0,8672.0,17269,34613
2349989,2403.5,2202.5,201,4606
2334971,51878.5,2474.5,54353,49404
2757571,4614.5,344.5,4270,4959
2105723,11549.5,5085.5,16635,6464
2695417,5459.5,1364.5,6824,4095
2321951,18403.0,1106.0,19509,17297
2759863,5096.5,48.5,5048,5145
2979211,3697.5,2120.5,5818,1577
2651543,7101.0,1308.0,8409,5793
2869661,18755.5,17202.5,35958,1553
2325373,4585.0,2676.0,1909,7261
2729899,10776.0,852.0,11628,9924
2885969,8354.0,2005.0,10359,6349
2278223,15845.5,11600.5,27446,4245
3364967,473.0,377.0,850,96
2356111,2859.0,808.0,2051,3667
2415461,6023.5,2740.5,3283,8764
2659499,2875.5,936.5,1939,3812
2264989,22657.5,11322.5,33980,11335
2477921,9987.5,6060.5,3927,16048
3185269,19420.5,2241.5,21662,17179
3636649,2247.5,520.5,1727,2768
2408209,34684.0,16006.0,18678,50690
3162737,15273.5,14527.5,746,29801
2301253,26917.0,14114.0,12803,41031
3876637,224.0,160.0,64,384
2278789,37569.5,23278.5,14291,60848
2098847,24641.5,3160.5,21481,27802
2247943,12401.5,2912.5,9489,15314
3765739,2076.5,1626.5,450,3703
2175883,6970.5,397.5,6573,7368
2122271,29337.0,816.0,30153,28521
2267747,25376.0,3898.0,21478,29274
2595427,11279.5,4970.5,16250,6309
3212393,4102.5,3044.5,7147,1058
2159869,3604.0,785.0,4389,2819
2149657,3609.0,197.0,3412,3806
2789051,10285.0,9907.0,378,20192
3728761,529.0,252.0,277,781
3026407,13076.0,3870.0,16946,9206
3003289,14896.5,1673.5,16570,13223
2213797,21333.0,4082.0,17251,25415
2358613,13014.5,11690.5,24705,1324
2479601,9735.5,1542.5,8193,11278
3324337,2544.0,1645.0,4189,899
2434427,28445.0,3950.0,24495,32395
3464261,4704.0,2840.0,7544,1864
2538551,1147.5,540.5,1688,607
2329451,7696.5,5239.5,2457,12936
2894207,384.0,169.0,553,215
2695247,2718.0,2483.0,5201,235
2767307,3913.5,1603.5,5517,2310
2681633,3684.0,1491.0,2193,5175
2164181,1804.0,1398.0,3202,406
3376951,2492.5,1462.5,1030,3955
2398397,23328.5,1655.5,21673,24984
3694003,592.5,535.5,1128,57
2202691,15146.0,3444.0,11702,18590
2578421,34515.5,28980.5,5535,63496
3010439,11644.0,8090.0,3554,19734
3104419,16069.0,7549.0,8520,23618
2844577,2528.0,186.0,2714,2342
2618857,9435.0,3873.0,5562,13308
3150673,2342.0,1604.0,738,3946
2258099,5034.5,4341.5,693,9376
2294441,2452.0,38.0,2414,2490
2410909,3994.5,2771.5,1223,6766
2654887,6438.0,166.0,6604,6272
2124539,113390.0,75268.0,188658,38122
3497041,33.0,6.0,39,27
2143607,2192.5,1889.5,303,4082
2605903,4072.5,1400.5,2672,5473
2891983,2261.0,1379.0,882,3640
2339437,2726.0,343.0,3069,2383
2174707,870.0,683.0,187,1553
4076297,152.0,100.0,252,52
2600699,2511.5,110.5,2622,2401
2252167,985.5,189.5,1175,796
3005069,6521.0,1598.0,4923,8119
2159089,20252.5,12548.5,32801,7704
2101147,39251.0,5363.0,44614,33888
2636741,543.0,76.0,467,619
2391821,1439.5,696.5,2136,743
2898473,1900.0,251.0,2151,1649
2243299,6189.5,2468.5,3721,8658
4084117,214.0,174.0,388,40
2254171,52634.5,4192.5,56827,48442
2307787,26022.0,1121.0,24901,27143
3145421,340.0,293.0,633,47
2974457,6483.5,385.5,6869,6098
2441977,4333.0,2778.0,1555,7111
2133497,52609.0,16562.0,69171,36047
3613657,371.0,263.0,108,634
2538391,111430.5,102198.5,213629,9232
3974011,94.0,59.0,153,35
2732731,2467.0,202.0,2669,2265
2995877,53108.5,9606.5,62715,43502
2768761,7637.0,3128.0,10765,4509
2404321,41370.5,18716.5,22654,60087
3271621,2604.5,2083.5,4688,521
2714137,14833.5,8011.5,22845,6822
2817071,31686.0,20377.0,52063,11309
2766641,10473.0,6166.0,16639,4307
2358079,1524.5,128.5,1396,1653
2514307,32437.5,4120.5,28317,36558
2665987,40233.5,23256.5,63490,16977
3024289,11380.0,10944.0,22324,436
3198791,972.5,787.5,185,1760
2291357,1472.5,1289.5,2762,183
2988269,803.5,702.5,101,1506
2149019,7251.5,4570.5,11822,2681
2612189,3049.5,2793.5,256,5843
2302541,17364.5,3059.5,14305,20424
2744627,3772.5,1693.5,5466,2079
2209919,3408.0,2894.0,514,6302
3168379,2029.5,1190.5,3220,839
2268689,10244.0,5257.0,15501,4987
3072109,6953.5,3199.5,3754,10153
2699699,7155.0,3531.0,3624,10686
2602807,13994.0,8939.0,5055,22933
2276083,18845.5,6666.5,12179,25512
2612359,4643.5,1892.5,6536,2751
2960311,1730.0,779.0,2509,951
2224393,3265.0,1649.0,1616,4914
2941189,22433.0,17204.0,39637,5229
3785909,1056.5,192.5,864,1249
3399247,4113.5,237.5,3876,4351
2982313,5285.0,283.0,5002,5568
2913731,2823.0,1619.0,1204,4442
3219833,1435.5,327.5,1108,1763
2578663,30589.0,9338.0,39927,21251
2459251,4926.5,2167.5,7094,2759
2383889,13331.5,3959.5,9372,17291
3077471,138.0,63.0,75,201
3370271,2395.0,1449.0,3844,946
3625823,869.0,213.0,1082,656
2729773,10083.5,8954.5,19038,1129
2639363,9731.0,4145.0,13876,5586
2223251,94758.0,55169.0,149927,39589
2129737,7126.0,4883.0,12009,2243
2150153,4505.0,2596.0,7101,1909
2456297,4331.0,3269.0,7600,1062
2722697,3705.5,1563.5,2142,5269
3046457,488.0,91.0,397,579
2101271,38082.0,20995.0,17087,59077
3016339,1390.0,857.0,2247,533
3569011,4869.0,2427.0,7296,2442
3121709,771.5,63.5,708,835
2901637,3640.5,3008.5,6649,632
2418751,14494.0,12901.0,27395,1593
2899411,3288.5,738.5,4027,2550
2210981,2135.0,13.0,2148,2122
2529811,18296.5,795.5,17501,19092
2214763,11882.5,4537.5,16420,7345
3718541,191.5,2.5,189,194
2253577,40974.5,16347.5,24627,57322
2276173,1993.5,825.5,1168,2819
3276907,6140.0,3493.0,2647,9633
2455853,6323.0,1652.0,4671,7975
2458123,5886.0,159.0,6045,5727
2752807,1408.5,25.5,1434,1383
2449331,23191.5,6632.5,29824,16559
2812991,18661.5,6859.5,11802,25521
2455099,7289.5,6049.5,13339,1240
3132043,3869.5,3586.5,283,7456
2359733,2885.0,1273.0,1612,4158
2741881,4013.0,1768.0,5781,2245
2371723,2330.5,1556.5,774,3887
2286253,19035.0,16397.0,35432,2638
2755321,4103.0,92.0,4195,4011
2601769,81686.0,43620.0,125306,38066
3550769,1709.0,1675.0,34,3384
3273499,1275.5,844.5,431,2120
2485141,26351.5,1965.5,24386,28317
3674519,419.5,363.5,56,783
2655647,10291.0,6169.0,4122,16460
2133737,13146.0,9193.0,22339,3953
2327947,8229.5,7437.5,15667,792
2137363,3172.0,1435.0,1737,4607
2586553,3047.0,149.0,2898,3196
3294433,10063.5,7223.5,2840,17287
3267857,2468.0,2105.0,363,4573
2493433,5102.5,2200.5,7303,2902
2288501,8437.5,3533.5,11971,4904
2784497,4530.5,4302.5,228,8833
2558123,19061.0,9900.0,28961,9161
2387893,6272.0,2652.0,8924,3620
2676517,21223.5,5900.5,15323,27124
2487181,1982.5,737.5,2720,1245
2273839,1782.5,1304.5,478,3087
2353733,16701.5,12782.5,3919,29484
3300589,4889.0,1309.0,6198,3580
2556751,7377.5,43.5,7334,7421
2705701,11205.0,1114.0,12319,10091
2536867,2165.5,1751.5,3917,414
2125897,6061.0,3816.0,2245,9877
2435659,1766.0,552.0,1214,2318
2191661,6802.5,1377.5,5425,8180
2813773,2611.0,706.0,3317,1905
2461523,4407.5,2780.5,7188,1627
2125183,20066.0,16091.0,36157,3975
2844977,5636.0,4586.0,1050,10222
2414831,12678.0,5221.0,7457,17899
2189423,1620.5,57.5,1678,1563
3216391,3135.0,1381.0,1754,4516
3350257,1940.0,1527.0,413,3467
2859293,5891.5,3917.5,9809,1974
2306021,5207.5,2288.5,7496,2919
2477711,15176.0,8911.0,24087,6265
2961793,12179.0,6356.0,18535,5823
2603539,7415.5,2562.5,4853,9978
2207903,3534.5,2163.5,5698,1371
3861029,83.5,3.5,87,80
2250991,12759.0,9923.0,2836,22682
2808233,52630.5,34653.5,87284,17977
2099501,11580.0,797.0,10783,12377
2557627,21996.5,19945.5,2051,41942
2197291,56959.5,27333.5,84293,29626
2480609,17108.0,16191.0,33299,917
2479759,52221.5,35792.5,16429,88014
3483211,2435.5,57.5,2493,2378
2679997,4377.5,2336.5,6714,2041
3178481,1704.0,770.0,934,2474
3471257,11433.5,11087.5,346,22521
3297631,569.5,45.5,524,615
2131891,16670.0,4548.0,21218,12122
3738331,853.5,692.5,1546,161
2410913,24817.0,819.0,23998,25636
2244379,18610.5,11465.5,7145,30076
2282209,12160.0,10958.0,1202,23118
2680309,3535.0,2736.0,6271,799
2827589,51779.5,20765.5,31014,72545
2130677,9751.0,9296.0,455,19047
2249761,6923.5,6260.5,663,13184
3732263,306.0,233.0,73,539
2101069,70904.0,40214.0,111118,30690
2667017,1389.0,875.0,2264,514
2492771,2626.5,2316.5,310,4943
3800099,925.5,489.5,1415,436
2223409,1842.5,236.5,2079,1606
2984507,5672.5,641.5,6314,5031
2652589,30699.0,22910.0,7789,53609
2144071,13519.0,12433.0,1086,25952
2735897,6514.0,517.0,5997,7031
2454379,1737.5,420.5,2158,1317
2377649,26607.0,22792.0,3815,49399
2303683,14856.0,6508.0,21364,8348
2482859,13689.5,11220.5,24910,2469
2549957,2027.5,45.5,2073,1982
3230653,7735.5,565.5,7170,8301
2552243,14655.0,11695.0,26350,2960
2424397,19764.5,11202.5,8562,30967
2924549,2828.0,359.0,3187,2469
3363991,2676.5,601.5,3278,2075
3250187,4156.0,31.0,4187,4125
2134037,25431.0,20388.0,5043,45819
3914137,795.0,178.0,973,617
2393359,6419.0,5587.0,12006,832
2402237,21205.0,10775.0,10430,31980
2669129,43534.5,19029.5,62564,24505
2355071,3015.0,2686.0,329,5701
3536473,1272.5,804.5,468,2077
2399401,4608.0,175.0,4433,4783
2226967,13406.0,6248.0,7158,19654
3027847,3550.0,242.0,3308,3792
3374227,152.0,115.0,267,37
2152979,8784.5,2157.5,10942,6627
2126777,5634.0,3079.0,8713,2555
2386147,40970.0,39180.0,1790,80150
2249503,13624.5,3107.5,10517,16732
3123259,3483.0,1148.0,2335,4631
3511147,537.5,158.5,379,696
2984251,1337.5,1048.5,289,2386
2772307,38784.0,18302.0,57086,20482
2304889,13542.5,7338.5,20881,6204
2203841,11698.5,8633.5,20332,3065
3834317,270.5,11.5,259,282
2547343,1193.5,528.5,1722,665
2312207,11208.5,7812.5,19021,3396
2363419,22232.0,17700.0,39932,4532
2813389,674.5,55.5,730,619
2821673,3884.0,521.0,3363,4405
2669473,1573.5,392.5,1181,1966
2282977,32720.5,1305.5,34026,31415
3010081,46176.5,7013.5,39163,53190
2975549,3478.5,1742.5,1736,5221
2489243,1932.5,1416.5,516,3349
2266393,7640.5,4336.5,11977,3304
2462573,5990.0,1833.0,7823,4157
2259617,16549.5,1925.5,14624,18475
3321473,9855.5,6786.5,3069,16642
2659703,868.0,265.0,603,1133
2505299,10806.0,3722.0,7084,14528
3540431,1341.5,209.5,1132,1551
3139159,4056.0,3612.0,7668,444
2309479,64604.5,36576.5,28028,101181
2954309,8715.5,5745.5,2970,14461
2418497,3278.5,1449.5,1829,4728
2653087,16682.5,8323.5,8359,25006
2527853,3311.5,436.5,3748,2875
2472923,34836.5,5116.5,29720,39953
2166889,635.0,95.0,730,540
2156827,8692.0,6513.0,2179,15205
2569453,3452.5,2719.5,6172,733
2893829,4176.0,2856.0,7032,1320
2526191,10163.0,8795.0,18958,1368
3365353,3257.0,1968.0,1289,5225
2108921,4132.5,1113.5,3019,5246
2732927,21476.5,20797.5,42274,679
2541283,82037.0,52357.0,134394,29680
3729599,2990.0,58.0,2932,3048
2138911,11283.0,8302.0,19585,2981
2692483,6393.5,3048.5,9442,3345
2904721,17003.0,2649.0,14354,19652
2193361,5788.0,581.0,5207,6369
2634113,5220.5,1463.5,3757,6684
2173459,16560.5,10433.5,6127,26994
2858281,2322.5,227.5,2550,2095
3397087,2875.5,1955.5,4831,920
2742923,4915.5,1853.5,6769,3062
3434941,2200.5,1277.5,3478,923
2319799,32230.0,25886.0,58116,6344
2907787,15305.0,7149.0,22454,8156
2266687,14112.5,4229.5,18342,9883
2245069,19201.5,15959.5,3242,35161
2125931,1391.0,957.0,434,2348
2345771,4383.5,335.5,4719,4048
2812889,1429.5,368.5,1061,1798
2571493,7000.0,3244.0,3756,10244
2130511,93395.0,25097.0,68298,118492
2765569,18703.0,3503.0,22206,15200
2476207,14611.5,1528.5,16140,13083
2755537,2530.5,988.5,3519,1542
2312647,5798.0,3221.0,2577,9019
2364539,6607.0,2115.0,4492,8722
2283299,3285.0,94.0,3379,3191
2118539,8147.0,610.0,7537,8757
2694773,2555.0,1694.0,4249,861
2558981,6988.0,860.0,7848,6128
2922013,3228.5,1839.5,1389,5068
2397739,10637.0,9095.0,19732,1542
4080319,298.0,25.0,323,273
2942773,2232.0,1592.0,640,3824
2294471,26777.5,11430.5,15347,38208
2533589,308.0,40.0,348,268
2132687,13030.0,2127.0,10903,15157
2592533,2528.5,2218.5,310,4747
3317453,2513.0,2101.0,4614,412
2937797,2362.0,1086.0,3448,1276
3332333,815.0,23.0,792,838
2766143,4092.5,2561.5,6654,1531
2143697,32740.0,8023.0,40763,24717
3194287,9460.0,6318.0,3142,15778
2115833,16329.0,9098.0,25427,7231
2136581,8538.5,2228.5,10767,6310
2446681,1892.5,593.5,2486,1299
2174779,22946.0,7463.0,30409,15483
2255873,12845.0,7219.0,20064,5626
2383627,11383.5,2638.5,8745,14022
2235781,3302.5,1039.5,4342,2263
2128537,17439.5,13146.5,4293,30586
2106287,6864.5,100.5,6965,6764
2312339,20504.0,8916.0,11588,29420
4015391,404.0,86.0,318,490
2771029,3714.0,2720.0,6434,994
2612837,21542.5,6025.5,15517,27568
2110583,17515.0,3491.0,21006,14024
2685047,6491.0,287.0,6204,6778
2283341,27725.0,8114.0,35839,19611
2748437,1749.0,755.0,2504,994
2746141,1886.5,533.5,1353,2420
3281947,150.0,8.0,142,158
2466859,28541.5,4532.5,33074,24009
2118563,2666.5,1488.5,1178,4155
3773953,1019.0,600.0,419,1619
2500991,2845.0,200.0,2645,3045
2526833,11497.5,5780.5,5717,17278
2704879,13370.0,4204.0,9166,17574
2331617,990.5,203.5,1194,787
3208741,2370.0,1377.0,993,3747
2765501,17630.0,14541.0,3089,32171
3009007,1955.0,50.0,2005,1905
3326693,2567.0,1570.0,997,4137
3185549,2351.5,2228.5,123,4580
2778709,9287.5,339.5,8948,9627
2267411,4502.5,1123.5,3379,5626
3083807,678.0,601.0,77,1279
2303699,4113.0,2678.0,6791,1435
3106399,278.0,105.0,173,383
2703179,923.5,239.5,1163,684
2741911,6277.0,3793.0,10070,2484
2730473,11498.0,3869.0,15367,7629
2399899,10252.0,1748.0,8504,12000
2705347,10813.0,671.0,11484,10142
2514833,4457.0,3504.0,953,7961
3025751,17687.5,14702.5,32390,2985
2375959,21823.0,16366.0,5457,38189
2519617,32331.0,7953.0,40284,24378
2554889,5106.5,3069.5,8176,2037
2569837,10109.5,6973.5,17083,3136
3173239,1931.0,971.0,2902,960
2377643,3449.5,391.5,3841,3058
3284951,1317.0,1024.0,2341,293
2975107,4076.0,1534.0,2542,5610
2193923,14460.0,8330.0,22790,6130
2102059,21012.0,840.0,21852,20172
2518741,2873.5,84.5,2958,2789
3636613,217.0,43.0,174,260
2369573,3816.0,1081.0,4897,2735
2688893,12793.5,4765.5,8028,17559
3102287,1234.5,25.5,1209,1260
2864567,1008.0,459.0,549,1467
2338793,15407.5,3817.5,19225,11590
2468923,3979.5,231.5,3748,4211
3239879,2862.5,7.5,2870,2855
2110309,18260.0,14329.0,3931,32589
2971823,3547.5,874.5,4422,2673
3049049,4781.5,2306.5,7088,2475
2211457,33302.0,25757.0,7545,59059
2229049,23861.5,11385.5,12476,35247
2151067,24361.5,13190.5,37552,11171
2419297,8468.0,7577.0,891,16045
3579439,1034.5,849.5,1884,185
2210543,3040.5,649.5,3690,2391
3269089,2801.5,2489.5,312,5291
2512247,9782.0,574.0,9208,10356
2788897,36367.5,3698.5,40066,32669
2918771,13122.0,325.0,13447,12797
2551993,6397.5,5682.5,12080,715
2913499,1889.5,445.5,2335,1444
3403091,1065.0,862.0,1927,203
2628151,2522.0,933.0,3455,1589
2262707,14610.5,4332.5,10278,18943
2835709,6616.0,492.0,7108,6124
2440601,15896.0,4422.0,20318,11474
2452157,7653.5,4234.5,3419,11888
3352561,7977.5,1159.5,6818,9137
2828393,27410.0,24841.0,52251,2569
2821783,1725.5,1349.5,3075,376
2675767,2944.0,2027.0,4971,917
3294607,4042.0,3918.0,7960,124
2971781,6413.0,2252.0,4161,8665
2789959,6297.0,4821.0,1476,11118
2717917,6151.5,2613.5,8765,3538
2289797,2581.5,2242.5,4824,339
2875979,9685.0,6974.0,16659,2711
2306461,39731.0,38290.0,1441,78021
2528611,1712.0,1234.0,478,2946
2580113,4973.5,2350.5,2623,7324
3076889,20273.0,14528.0,5745,34801
3388739,8949.5,719.5,8230,9669
2181383,5549.5,980.5,4569,6530
2417449,5567.0,239.0,5806,5328
2167051,2607.5,2013.5,594,4621
2140507,3178.0,1450.0,4628,1728
2272139,13324.5,4051.5,9273,17376
2913623,1530.0,517.0,2047,1013
2272181,8739.0,3907.0,4832,12646
2898179,3174.0,530.0,2644,3704
2349169,118412.5,33349.5,85063,151762
2321489,1835.5,755.5,2591,1080
2829371,2042.0,1754.0,288,3796
2696809,47521.0,21873.0,69394,25648
2872951,2504.5,555.5,3060,1949
3389483,567.0,149.0,716,418
3488759,7294.5,3262.5,10557,4032
2934049,6981.5,4883.5,2098,11865
2293943,2301.5,761.5,1540,3063
2316647,12553.0,2197.0,14750,10356
2587261,5646.0,416.0,5230,6062
2333803,13196.5,2970.5,10226,16167
2696579,7442.5,3140.5,10583,4302
3431387,8945.5,4665.5,4280,13611
2258881,6202.0,2945.0,9147,3257
3207959,2876.5,2442.5,434,5319
3894827,35.5,1.5,37,34
3075991,2647.0,2407.0,5054,240
2710801,1668.5,1471.5,197,3140
3094081,7086.5,3529.5,10616,3557
2407453,19527.0,8209.0,11318,27736
3829003,1189.0,245.0,1434,944
2960519,1278.0,453.0,825,1731
2116001,20800.0,15548.0,36348,5252
3440831,3003.0,51.0,2952,3054
3784409,1437.0,1319.0,118,2756
3301183,2455.0,2233.0,222,4688
2968327,1753.0,480.0,2233,1273
3219991,6326.5,6147.5,179,12474
2209873,19013.0,7277.0,11736,26290
3036071,1775.5,1531.5,244,3307
2519599,2490.0,1631.0,859,4121
2410477,4235.0,525.0,4760,3710
2775973,6587.5,5069.5,1518,11657
3158411,33.5,12.5,46,21
2405537,6873.5,4334.5,11208,2539
2642711,1063.0,348.0,1411,715
2847997,23377.0,1893.0,25270,21484
2420153,56851.5,43187.5,13664,100039
2195689,7147.0,395.0,6752,7542
2854931,6347.5,3932.5,2415,10280
2426687,6402.5,1713.5,4689,8116
2699941,2782.5,2192.5,590,4975
2851339,29221.5,24305.5,4916,53527
3429953,1721.0,87.0,1808,1634
3224387,13220.5,11780.5,25001,1440
2815243,6922.5,6381.5,13304,541
2366041,5112.0,1065.0,6177,4047
2454017,32072.5,17930.5,14142,50003
2149747,17909.0,9940.0,27849,7969
3622249,1256.0,290.0,1546,966
2836219,3315.0,3206.0,109,6521
2198771,3412.5,1186.5,2226,4599
2482817,11448.5,6627.5,4821,18076
2141479,4304.5,2053.5,2251,6358
2156197,37597.5,31969.5,5628,69567
3039511,4901.0,2092.0,2809,6993
2365039,43063.5,10294.5,32769,53358
2138131,20659.0,14587.0,6072,35246
3055939,3284.5,1999.5,1285,5284
2532749,1912.5,155.5,1757,2068
3193109,297.5,65.5,363,232
4031623,268.5,214.5,54,483
2182277,2105.5,897.5,1208,3003
2534447,4854.0,2654.0,7508,2200
2103779,30622.0,4176.0,26446,34798
2916889,1780.5,911.5,869,2692
2219479,19895.5,18253.5,38149,1642
2470343,10058.5,4779.5,5279,14838
3937309,29.5,4.5,34,25
2331473,3034.0,133.0,3167,2901
2236783,5254.5,2476.5,2778,7731
2692097,1420.0,1165.0,255,2585
3403541,511.5,62.5,574,449
2432107,5538.5,4966.5,572,10505
2154463,13581.0,7062.0,20643,6519
2140451,4244.0,2720.0,1524,6964
2404307,12687.5,2958.5,15646,9729
2119459,15374.0,10716.0,4658,26090
3066593,1173.5,438.5,735,1612
2415043,23988.5,84.5,24073,23904
2130773,4913.5,2659.5,7573,2254
2398829,1056.0,10.0,1066,1046
2218369,18524.0,8266.0,10258,26790
3221989,824.0,486.0,338,1310
2345503,42352.5,21877.5,64230,20475
2911331,1263.5,1088.5,2352,175
2894249,1103.5,781.5,1885,322
2492837,12467.0,1863.0,10604,14330
2623297,1426.0,587.0,839,2013
3049093,3377.5,317.5,3695,3060
2988541,80103.5,40623.5,39480,120727
2583953,1191.5,277.5,914,1469
2303479,3677.0,3519.0,158,7196
2524021,12856.5,3739.5,16596,9117
2574679,7446.5,5489.5,12936,1957
2154701,23154.0,19507.0,3647,42661
2315221,1806.0,13.0,1819,1793
2646751,4001.5,1707.5,5709,2294
3393209,5427.0,5223.0,10650,204
2789537,14740.5,6835.5,7905,21576
2124803,143403.5,64157.5,79246,207561
2502499,1839.0,24.0,1815,1863
2796953,1410.5,1060.5,350,2471
2617843,15708.5,3901.5,19610,11807
2475763,13171.5,6422.5,19594,6749
2610151,12036.0,10860.0,1176,22896
2133011,2343.0,909.0,1434,3252
3774647,1613.0,158.0,1455,1771
3428291,4402.0,4180.0,222,8582
2263123,12319.0,8638.0,20957,3681
3916441,331.0,61.0,392,270
2999743,15807.5,11452.5,4355,27260
3478633,1992.0,1716.0,276,3708
3652787,891.0,731.0,160,1622
3214579,224.0,67.0,157,291
2527739,15607.5,9709.5,25317,5898
2592893,7155.5,4206.5,11362,2949
2957959,21368.0,7006.0,14362,28374
2281171,31525.5,10048.5,21477,41574
2891843,9186.0,3097.0,6089,12283
2441797,3633.5,327.5,3306,3961
2479949,5854.0,5641.0,213,11495
2278919,5808.0,1004.0,6812,4804
2880781,685.0,653.0,32,1338
3204001,5934.5,2369.5,3565,8304
2770343,8241.5,5439.5,2802,13681
2313191,2351.5,1614.5,3966,737
2699863,4126.5,3489.5,637,7616
3440449,4592.5,1035.5,5628,3557
3184211,1393.0,1316.0,2709,77
3012959,14967.0,8067.0,23034,6900
2827991,6875.5,6775.5,100,13651
2994217,745.0,158.0,903,587
2213041,16488.0,14166.0,2322,30654
2679769,21895.0,2142.0,24037,19753
2895829,4395.5,2579.5,1816,6975
2944393,815.0,626.0,189,1441
2480561,5996.0,2448.0,3548,8444
3776111,453.0,218.0,671,235
2256391,8681.0,7719.0,962,16400
2584823,13271.0,1676.0,11595,14947
2555039,31383.0,28629.0,2754,60012
3126971,2455.0,1784.0,671,4239
2163901,2840.5,827.5,2013,3668
2187127,5920.0,1292.0,4628,7212
2761103,1548.5,40.5,1589,1508
2565217,2727.0,640.0,2087,3367
2794073,5758.5,1485.5,4273,7244
2911109,2093.0,694.0,2787,1399
2749781,36546.0,21490.0,15056,58036
2506703,733.5,452.5,1186,281
2954669,4310.5,1522.5,2788,5833
3043501,2101.5,1954.5,4056,147
2619151,49151.5,15398.5,64550,33753
2103677,9608.5,4385.5,13994,5223
3182227,1644.5,11.5,1633,1656
2114573,81615.5,43563.5,125179,38052
2255563,38017.5,27100.5,10917,65118
2886469,2672.0,1367.0,1305,4039
3500741,13807.0,1925.0,11882,15732
3114799,401.0,204.0,197,605
2464277,31020.0,18392.0,49412,12628
2316269,4359.5,1346.5,5706,3013
2990357,1492.5,1124.5,2617,368
2812721,10606.0,3703.0,14309,6903
3340063,686.5,534.5,1221,152
2395559,8380.0,143.0,8237,8523
2623823,10735.0,3444.0,14179,7291
2302127,15924.5,10740.5,5184,26665
2797787,89235.5,43796.5,133032,45439
2540107,17023.0,7658.0,9365,24681
2822489,11561.5,3113.5,8448,14675
3616643,1411.5,152.5,1259,1564
2735111,82517.0,47751.0,34766,130268
2226827,9616.5,3409.5,13026,6207
2577053,2547.5,2349.5,198,4897
3099583,6868.0,1782.0,5086,8650
3980021,446.0,62.0,508,384
2538841,2555.0,1763.0,4318,792
2459929,22034.0,19511.0,41545,2523
2376901,11069.5,1700.5,12770,9369
3090629,5718.0,5227.0,10945,491
2592091,18433.0,11196.0,29629,7237
3819721,3953.0,789.0,4742,3164
2320727,7548.0,1973.0,5575,9521
2222581,8040.0,2216.0,10256,5824
2995063,2630.5,2045.5,585,4676
3903847,165.0,28.0,193,137
2557019,1752.0,808.0,2560,944
3153263,9550.5,769.5,10320,8781
2177261,10822.0,3906.0,6916,14728
3057217,6590.0,1794.0,8384,4796
3037949,35891.0,24869.0,11022,60760
2902463,3595.0,592.0,4187,3003
2623031,1816.5,655.5,1161,2472
2522243,2767.0,494.0,3261,2273
2112181,7895.5,5157.5,13053,2738
2672771,30312.0,21502.0,8810,51814
2580001,15121.0,9268.0,24389,5853
2294543,19024.0,12030.0,31054,6994
4003217,868.5,241.5,1110,627
2495029,4497.5,3127.5,1370,7625
2214119,5636.5,709.5,6346,4927
2169623,11786.5,2518.5,9268,14305
2905039,1737.0,327.0,1410,2064
2902283,3474.5,2724.5,6199,750
2543987,5322.5,1763.5,3559,7086
3392003,2902.5,2162.5,740,5065
2143919,70492.5,61462.5,9030,131955
2624117,4254.5,1841.5,2413,6096
2966021,1390.5,966.5,2357,424
3176309,599.0,570.0,29,1169
3170749,19862.5,19027.5,835,38890
2509187,21651.5,2475.5,19176,24127
3284167,1126.0,173.0,953,1299
2491427,6684.0,3671.0,10355,3013
2437063,6212.0,3310.0,9522,2902
3211907,231.0,170.0,401,61
3571811,383.0,219.0,164,602
2144101,21677.0,4940.0,16737,26617
2204947,1628.5,100.5,1729,1528
3146347,6160.0,4587.0,1573,10747
2527649,15208.5,4901.5,10307,20110
3002357,1135.0,1094.0,2229,41
3197083,6340.0,3665.0,2675,10005
2168461,45890.5,2601.5,43289,48492
2876501,4182.5,1723.5,5906,2459
2810923,66408.0,10729.0,55679,77137
3184843,11304.0,675.0,10629,11979
2449189,13225.5,711.5,12514,13937
2615323,4431.0,57.0,4374,4488
2570929,6291.0,277.0,6014,6568
3232849,5490.5,5361.5,10852,129
2562101,12850.0,1450.0,11400,14300
2842369,11371.5,7909.5,19281,3462
2108971,875.0,157.0,1032,718
2317247,8181.5,6920.5,15102,1261
2875687,6795.0,4544.0,11339,2251
2388709,1073.0,171.0,902,1244
2395801,19024.0,9653.0,28677,9371
2148299,14322.0,14016.0,306,28338
2716937,5276.0,2440.0,2836,7716
2805197,365.5,287.5,78,653
3732133,3397.0,2422.0,5819,975
3021149,16559.0,5664.0,10895,22223
3464443,327.5,16.5,311,344
3579223,642.5,481.5,1124,161
3241319,3599.5,1116.5,2483,4716
3487399,384.5,253.5,131,638
2902061,8979.5,2367.5,6612,11347
2434829,3149.0,3048.0,6197,101
2869177,1695.0,483.0,2178,1212
2644693,9889.5,5195.5,4694,15085
2774999,15349.5,2035.5,17385,13314
3386107,397.0,124.0,273,521
2797609,923.0,165.0,1088,758
2194873,17057.5,10155.5,27213,6902
2376497,1007.0,346.0,661,1353
2364031,24932.0,8852.0,33784,16080
2991181,1343.5,430.5,913,1774
2371933,8718.0,5877.0,14595,2841
2192681,1199.0,565.0,634,1764
2542261,5649.5,2942.5,2707,8592
3516241,3883.5,1616.5,2267,5500
2628091,11159.5,6911.5,18071,4248
2567101,7272.0,1408.0,5864,8680
3019759,3902.0,1748.0,5650,2154
2785561,3484.5,1448.5,4933,2036
3872663,158.0,93.0,251,65
2676559,2039.5,586.5,1453,2626
2587307,28760.0,7992.0,20768,36752
2777191,3217.0,424.0,2793,3641
2417563,17877.5,1776.5,16101,19654
3236381,7558.0,1205.0,8763,6353
2749039,155166.5,75266.5,79900,230433
3354271,2.0,0.0,2,2
2750681,31618.0,13607.0,18011,45225
2434301,9906.5,9210.5,696,19117
2415911,17506.0,12893.0,4613,30399
3053983,21902.0,19440.0,2462,41342
2979461,4264.5,1104.5,3160,5369
3053107,1783.5,1645.5,3429,138
2234413,7119.0,3597.0,10716,3522
2184907,34599.0,20001.0,14598,54600
2461937,5528.5,3838.5,1690,9367
2730187,9397.5,7041.5,16439,2356
2292721,11038.5,7655.5,3383,18694
2184383,11253.5,11030.5,223,22284
2262107,24596.0,5198.0,29794,19398
2107871,6535.0,5844.0,691,12379
2503793,1430.5,717.5,713,2148
2432527,7246.0,6354.0,13600,892
2273657,12493.5,552.5,13046,11941
3292007,446.5,118.5,565,328
3220927,21769.5,1829.5,23599,19940
2789639,6332.5,3975.5,10308,2357
2957467,14926.5,620.5,15547,14306
2276851,6504.0,1493.0,7997,5011
2420317,5578.0,2409.0,3169,7987
2605067,2531.5,1090.5,1441,3622
3357953,1449.5,832.5,2282,617
2705293,3080.5,2552.5,5633,528
2128541,1901.5,1521.5,3423,380
3399479,541.5,257.5,799,284
3612901,1304.0,123.0,1427,1181
2422603,58621.0,56740.0,1881,115361
2217841,16488.5,14755.5,1733,31244
2148061,8158.5,6706.5,14865,1452
3112553,952.5,867.5,1820,85
2174509,2886.0,1986.0,4872,900
2245081,5129.5,2101.5,7231,3028
3764777,696.5,18.5,678,715
2425013,118919.5,84826.5,203746,34093
2116421,5351.5,1782.5,3569,7134
2647511,615.0,292.0,323,907
2721739,2982.0,1453.0,1529,4435
3240379,5227.0,1813.0,7040,3414
2656817,5593.0,4666.0,10259,927
2646229,1385.5,367.5,1018,1753
2459309,13618.5,10228.5,23847,3390
2876407,56586.0,53686.0,110272,2900
3476461,283.5,155.5,439,128
2204897,2551.0,343.0,2894,2208
2167817,3777.5,3222.5,555,7000
2941259,3835.0,1894.0,1941,5729
2436149,7477.5,689.5,8167,6788
2110039,4013.5,3099.5,914,7113
3281099,1275.5,1190.5,85,2466
3742471,839.5,335.5,504,1175
2246857,6211.0,3342.0,9553,2869
2568047,5034.0,1863.0,6897,3171
2925319,2538.5,1774.5,4313,764
2605079,2971.5,997.5,3969,1974
3062713,2510.0,656.0,3166,1854
2188567,10656.5,2285.5,12942,8371
3261649,3262.5,3085.5,177,6348
2403943,66335.5,29257.5,95593,37078
2809193,19937.5,12290.5,32228,7647
2182541,2327.5,1307.5,1020,3635
2944939,4194.0,28.0,4222,4166
2425481,31788.5,25611.5,57400,6177
2178727,4260.5,3749.5,8010,511
3200521,7948.0,6233.0,14181,1715
2505313,7775.5,5919.5,1856,13695
2968153,216274.0,601.0,216875,215673
3800651,1440.5,449.5,1890,991
3530899,7459.0,1857.0,5602,9316
3162571,14981.5,13308.5,1673,28290
3044477,1141.5,266.5,875,1408
3190793,6576.5,3533.5,10110,3043
2386387,14206.5,4985.5,9221,19192
2110219,19829.5,13907.5,5922,33737
2429639,1817.0,1153.0,664,2970
2596511,17767.0,12239.0,30006,5528
2354903,4873.5,3878.5,995,8752
3152951,560.5,450.5,1011,110
2290891,13963.0,9890.0,4073,23853
2124103,24388.0,7416.0,16972,31804
2277193,15203.0,11604.0,3599,26807
2767057,6643.5,3612.5,3031,10256
2815381,6769.0,5371.0,1398,12140
2665393,8540.5,4342.5,12883,4198
3351661,355.0,86.0,441,269
2316409,36812.0,22383.0,59195,14429
3047687,2180.0,923.0,3103,1257
2273717,8964.5,5912.5,3052,14877
2264981,21489.0,5889.0,15600,27378
2297167,11020.0,6906.0,17926,4114
2422031,3764.5,1053.5,2711,4818
2527073,2764.5,919.5,1845,3684
3187771,11258.5,1823.5,9435,13082
2402947,2898.0,2617.0,281,5515
2326231,3602.0,3419.0,7021,183
2779199,20450.0,9896.0,10554,30346
2411719,636.5,3.5,640,633
3179089,11029.5,7817.5,3212,18847
2866769,3153.0,2172.0,5325,981
2469503,14063.0,2112.0,16175,11951
3460801,7773.5,5388.5,2385,13162
3051283,610.5,296.5,314,907
2174363,4556.5,1920.5,6477,2636
2793403,8330.5,904.5,7426,9235
2336941,5489.5,3165.5,2324,8655
2666711,2904.5,338.5,2566,3243
2999279,1911.0,237.0,1674,2148
2490403,7731.5,4364.5,12096,3367
2111833,25819.0,16545.0,9274,42364
2132093,6496.5,1261.5,7758,5235
3381857,1449.0,899.0,550,2348
3284053,1371.5,466.5,905,1838
3820261,1290.5,605.5,1896,685
2780377,18657.5,955.5,19613,17702
2598107,9645.5,8906.5,739,18552
2557319,3816.5,2212.5,6029,1604
3182449,4551.5,2240.5,6792,2311
2750747,11499.5,6347.5,5152,17847
2625923,5382.0,119.0,5501,5263
2841953,1829.0,884.0,945,2713
2139041,30161.5,8841.5,39003,21320
3617707,1608.0,483.0,2091,1125
2146229,12038.5,9827.5,2211,21866
2862823,5648.5,1951.5,7600,3697
2439343,6915.0,5144.0,1771,12059
2495959,15306.5,11328.5,26635,3978
4051973,819.0,406.0,413,1225
2144693,7550.5,4371.5,11922,3179
2294107,3471.0,1355.0,2116,4826
3979961,334.0,24.0,310,358
3239993,2511.0,1472.0,1039,3983
2134651,3129.5,2348.5,5478,781
2586613,8182.5,109.5,8073,8292
3362339,2818.5,1418.5,1400,4237
2299013,3191.5,2573.5,5765,618
2835907,2781.0,1609.0,4390,1172
2500073,36966.5,23718.5,60685,13248
2287169,4299.5,581.5,3718,4881
2955619,4027.5,1254.5,2773,5282
2549321,2529.5,528.5,2001,3058
3174277,8693.0,7599.0,16292,1094
2547047,38296.0,4241.0,34055,42537
2346319,26886.0,2981.0,23905,29867
2102491,51623.0,38240.0,13383,89863
2520701,2415.0,221.0,2194,2636
2581981,27618.0,15350.0,42968,12268
2476457,13914.5,7253.5,21168,6661
2735407,5804.5,629.5,6434,5175
2557103,7172.5,6235.5,13408,937
3537349,1124.5,256.5,1381,868
3399013,1119.0,786.0,1905,333
2643787,1537.5,1012.5,2550,525
2321581,17830.5,2282.5,15548,20113
3358127,506.5,495.5,1002,11
2324489,22961.5,17263.5,40225,5698
2396351,39332.0,22369.0,61701,16963
2647241,1537.0,132.0,1669,1405
3122699,2861.0,1985.0,4846,876
2439763,18201.0,358.0,18559,17843
2978513,2324.5,525.5,1799,2850
2395321,8060.5,6723.5,1337,14784
2258941,3146.0,2888.0,6034,258
2887111,14512.5,13148.5,1364,27661
3195113,25.0,2.0,23,27
2689741,11332.0,10427.0,21759,905
3083677,1751.0,1443.0,308,3194
2313049,34901.0,11926.0,22975,46827
2148593,8161.0,5773.0,13934,2388
3125743,7413.5,2508.5,4905,9922
2880517,2845.5,1480.5,1365,4326
2298287,1407.0,427.0,1834,980
2944649,566.0,369.0,935,197
2726651,4715.0,2227.0,6942,2488
2455867,3671.0,34.0,3705,3637
2616857,3535.5,2827.5,708,6363
2211119,927.5,254.5,673,1182
2145733,1757.5,590.5,1167,2348
2121949,8669.5,3884.5,4785,12554
3061879,3171.0,237.0,3408,2934
3373273,811.5,458.5,1270,353
2661601,6196.0,2466.0,3730,8662
2354269,5402.0,3800.0,1602,9202
3476777,6117.0,566.0,5551,6683
3627089,3519.0,1181.0,2338,4700
2332727,17518.5,197.5,17716,17321
3223433,4594.5,2623.5,1971,7218
2488859,17170.5,15089.5,32260,2081
2975369,8765.5,873.5,7892,9639
3280301,615.5,108.5,507,724
3667493,376.5,146.5,230,523
3225113,4309.5,36.5,4273,4346
3271897,4506.0,2749.0,1757,7255
3495461,6978.0,631.0,7609,6347
2355341,7792.0,143.0,7649,7935
2951437,3722.5,1708.5,5431,2014
2120149,5554.5,4285.5,1269,9840
2467897,13379.0,6189.0,7190,19568
2887267,7112.0,5154.0,12266,1958
3198757,1486.5,572.5,914,2059
3209743,3348.0,30.0,3318,3378
3418477,695.5,653.5,42,1349
2693029,2870.5,2304.5,5175,566
3174683,3964.5,2584.5,1380,6549
3066023,3547.5,374.5,3173,3922
2513939,36567.5,16125.5,52693,20442
3640531,125.0,68.0,193,57
2662433,2507.0,822.0,1685,3329
2698511,15468.5,7623.5,7845,23092
3517859,5146.5,2005.5,3141,7152
3488467,1169.5,586.5,583,1756
3623549,497.5,391.5,889,106
3578587,62.5,57.5,120,5
2133629,1920.5,234.5,2155,1686
2185957,2732.0,1974.0,758,4706
2969539,13761.0,4406.0,9355,18167
2825233,3126.5,2803.5,5930,323
3560651,5292.0,1161.0,6453,4131
2798633,4391.5,1275.5,3116,5667
2950433,3450.0,2908.0,542,6358
2436193,2705.5,2154.5,4860,551
2284739,11671.5,4644.5,16316,7027
2831987,7264.5,6185.5,13450,1079
2702111,24581.5,9661.5,14920,34243
2288131,18029.0,5228.0,12801,23257
2288233,3270.5,592.5,3863,2678
2286743,56421.5,21718.5,34703,78140
2462903,8500.5,4848.5,13349,3652
2327971,9309.5,4896.5,14206,4413
2651263,16772.0,7543.0,9229,24315
2946721,3360.5,164.5,3525,3196
2139559,4787.0,1938.0,2849,6725
2246243,4684.0,1316.0,3368,6000
2914727,621.0,157.0,464,778
2864501,3904.5,1027.5,2877,4932
2454659,5111.0,2552.0,2559,7663
2681711,11917.5,5459.5,6458,17377
3000827,2219.5,920.5,1299,3140
2219099,17175.0,15738.0,32913,1437
3218393,2414.5,1162.5,1252,3577
3564179,1133.0,884.0,2017,249
2493241,1464.5,171.5,1636,1293
2597789,19542.5,126.5,19669,19416
2320027,18584.5,13553.5,5031,32138
2847151,4498.0,3023.0,1475,7521
3560573,2253.5,1827.5,4081,426
3239471,1972.0,1602.0,370,3574
2543881,24241.0,21838.0,46079,2403
2290307,5880.5,1530.5,7411,4350
3720139,811.5,312.5,1124,499
2782177,11212.5,1730.5,12943,9482
2519233,12964.0,8648.0,21612,4316
3261347,235.0,100.0,335,135
2099117,32220.0,27274.0,4946,59494
4051493,690.5,648.5,42,1339
2256587,10598.5,4508.5,6090,15107
2805239,730.0,236.0,494,966
3192797,6190.5,5333.5,857,11524
2175973,23691.5,1374.5,25066,22317
2131313,7336.5,2821.5,10158,4515
2273441,8628.5,1309.5,7319,9938
3888373,202.5,69.5,272,133
2821037,3820.5,1358.5,5179,2462
2933057,14933.0,4310.0,19243,10623
2202107,18543.5,13149.5,31693,5394
2204971,4639.0,1822.0,6461,2817
2961571,6869.0,802.0,6067,7671
3453869,19710.5,3586.5,16124,23297
3123031,2039.5,399.5,1640,2439
3173123,7845.5,6329.5,1516,14175
2879473,1335.0,21.0,1314,1356
2575987,8462.5,2247.5,6215,10710
2299459,4867.5,909.5,3958,5777
2498777,5772.5,3375.5,2397,9148
2242087,5478.0,1115.0,6593,4363
3057401,41165.5,27147.5,68313,14018
2618171,1412.0,71.0,1483,1341
2666113,7463.5,4021.5,3442,11485
3785827,221.5,58.5,163,280
3279863,863.0,562.0,301,1425
2105353,38834.0,25829.0,64663,13005
2764273,3194.0,2417.0,5611,777
2332133,4241.0,3189.0,7430,1052
2203459,35789.5,34405.5,1384,70195
3922057,44.0,2.0,46,42
3184781,3034.0,2813.0,5847,221
3607717,416.5,288.5,128,705
3670831,2294.0,1121.0,1173,3415
2682721,29074.5,24152.5,53227,4922
3950623,65.0,20.0,45,85
2288269,1757.0,685.0,2442,1072
2267779,5341.0,486.0,4855,5827
2583263,4810.5,3656.5,8467,1154
2610073,3397.0,1714.0,1683,5111
2559559,44200.5,10304.5,54505,33896
2825437,6843.0,5710.0,1133,12553
3242443,2185.5,1886.5,4072,299
2206181,38124.0,9222.0,28902,47346
3116023,1510.0,130.0,1640,1380
2859839,37238.0,20825.0,16413,58063
2109299,5137.0,3935.0,1202,9072
2787313,583.0,111.0,694,472
3605177,1851.5,1594.5,3446,257
2107463,11150.0,4262.0,6888,15412
2494417,1767.0,1570.0,3337,197
3035339,1947.0,1246.0,701,3193
2284813,16602.0,4702.0,11900,21304
2996261,39941.5,32536.5,7405,72478
2693419,2638.5,1270.5,1368,3909
2303443,6288.5,4576.5,10865,1712
3004879,6969.5,11.5,6981,6958
3255809,565.5,248.5,317,814
2178287,42981.5,35445.5,78427,7536
3042617,30834.0,13710.0,44544,17124
2252609,6548.0,3207.0,3341,9755
2507101,2864.0,526.0,3390,2338
2557831,6590.0,5119.0,1471,11709
2130883,4455.5,2911.5,7367,1544
2632193,11435.0,7225.0,18660,4210
3888343,50.0,14.0,36,64
2222887,5716.5,2870.5,2846,8587
3463321,3321.0,2484.0,837,5805
3093757,1020.5,40.5,1061,980
2442953,5496.0,3946.0,1550,9442
2385001,11486.5,5563.5,5923,17050
2524849,5125.0,2320.0,7445,2805
2267449,1424.0,87.0,1337,1511
2393887,6916.5,1871.5,8788,5045
2779963,7927.5,3975.5,3952,11903
2677979,6658.0,221.0,6437,6879
2981599,2284.5,201.5,2486,2083
2638547,12157.5,3589.5,15747,8568
2421127,2397.0,391.0,2006,2788
3111937,6605.0,3996.0,10601,2609
3366373,1500.0,1109.0,2609,391
2354881,47575.0,9729.0,57304,37846
3511597,940.5,444.5,1385,496
2605921,6535.5,4576.5,11112,1959
2819183,10138.0,8270.0,18408,1868
2998673,2325.5,1968.5,4294,357
2171791,8583.0,5908.0,14491,2675
2147557,17472.0,16762.0,710,34234
3414781,13029.0,2347.0,10682,15376
2544341,12283.5,12109.5,24393,174
3072973,57910.0,30815.0,27095,88725
2216507,9049.5,1152.5,7897,10202
2902247,4615.5,782.5,5398,3833
3218977,961.5,733.5,1695,228
2903591,232248.5,191226.5,423475,41022
3039401,2100.0,784.0,1316,2884
2807579,1958.5,1077.5,3036,881
2678509,2333.5,627.5,2961,1706
2686613,1763.0,1170.0,593,2933
2796601,4659.0,2244.0,6903,2415
3087001,909.5,413.5,496,1323
3907853,319.5,191.5,511,128
3447271,9984.5,6638.5,3346,16623
2964607,4282.5,565.5,3717,4848
2469749,3515.0,451.0,3064,3966
2536493,6082.0,4103.0,1979,10185
2109539,14269.5,3703.5,10566,17973
2239243,11850.5,8435.5,20286,3415
2306069,11279.5,4382.5,6897,15662
3141737,3125.0,1079.0,2046,4204
2669917,13839.5,12299.5,1540,26139
3130151,10110.5,7538.5,2572,17649
2325329,39786.0,2284.0,37502,42070
2249347,8408.0,241.0,8167,8649
3553331,6657.5,1761.5,4896,8419
3513217,20529.5,2458.5,22988,18071
2479517,17059.0,7112.0,24171,9947
2733677,4683.0,3499.0,8182,1184
3283223,1457.5,953.5,2411,504
3013547,2549.5,1909.5,4459,640
2365679,10439.0,1276.0,11715,9163
2616311,4865.0,1905.0,6770,2960
2158657,3109.0,1070.0,4179,2039
2519227,17549.0,3893.0,13656,21442
2315351,14211.5,2474.5,11737,16686
2512793,3829.5,1688.5,5518,2141
2805743,12292.5,529.5,12822,11763
2523817,2941.0,1100.0,4041,1841
2539057,4580.5,2960.5,7541,1620
2328461,17511.5,8603.5,8908,26115
3020711,1772.5,1593.5,3366,179
2450969,4687.0,171.0,4516,4858
2338487,40699.5,4839.5,45539,35860
2162729,1149.0,348.0,1497,801
3011381,3823.5,1210.5,5034,2613
4007779,3.5,1.5,5,2
2562569,8414.5,8169.5,245,16584
2346889,2670.0,2456.0,5126,214
2357053,4155.0,1607.0,5762,2548
3129299,1748.0,1691.0,3439,57
2689441,4079.5,932.5,3147,5012
3289009,4364.0,1877.0,6241,2487
2126981,3579.0,1764.0,1815,5343
2327543,7795.5,4636.5,12432,3159
2951633,2701.5,354.5,2347,3056
2701469,1649.5,986.5,663,2636
2684009,7620.5,5645.5,13266,1975
2194711,34605.0,20392.0,54997,14213
2580709,1823.0,768.0,2591,1055
2334193,13540.0,5911.0,19451,7629
3337913,569.0,35.0,604,534
2379967,16867.5,8846.5,25714,8021
2133671,51461.5,7987.5,43474,59449
2729851,1548.5,1310.5,2859,238
3164417,951.0,536.0,1487,415
2165699,900.0,338.0,562,1238
2732707,13505.5,2091.5,15597,11414
2822111,12194.5,6496.5,5698,18691
2270419,52873.5,16461.5,36412,69335
2162099,4452.0,1206.0,5658,3246
2466307,29725.5,6631.5,23094,36357
2568593,13259.5,11152.5,2107,24412
2452447,13705.0,12748.0,26453,957
2875283,14592.0,6203.0,8389,20795
4040051,259.0,119.0,378,140
2566379,5632.0,900.0,6532,4732
2462347,42639.5,20851.5,21788,63491
3233143,14083.0,5582.0,8501,19665
2247599,579.0,20.0,559,599
2469683,3336.0,949.0,2387,4285
2130257,52254.0,36225.0,16029,88479
2232011,15872.0,8133.0,24005,7739
3167603,4872.5,2446.5,2426,7319
2322709,12236.5,2606.5,9630,14843
2351621,8252.5,3905.5,12158,4347
3733409,396.0,8.0,404,388
3444277,8111.0,2455.0,10566,5656
2188727,30007.5,15839.5,14168,45847
3409817,564.5,341.5,906,223
3858521,321.0,54.0,375,267
2100271,2411.0,431.0,2842,1980
2448997,10034.0,6184.0,3850,16218
3834977,1382.5,167.5,1550,1215
3312329,522.0,354.0,876,168
2744353,16724.5,3195.5,13529,19920
2220019,46547.5,15184.5,31363,61732
2454313,14488.0,5654.0,8834,20142
3107087,5396.0,313.0,5083,5709
2736109,31676.0,22120.0,9556,53796
2115989,5494.0,3273.0,8767,2221
2649509,7196.5,236.5,7433,6960
2274869,4247.5,3306.5,7554,941
2720587,11172.5,6329.5,4843,17502
3740129,1175.5,687.5,1863,488
2119553,37392.5,4446.5,41839,32946
2867563,2869.0,2737.0,132,5606
2261939,9690.0,3567.0,13257,6123
2861003,3867.5,2935.5,6803,932
2531029,135166.0,120679.0,255845,14487
2098487,32200.0,15935.0,48135,16265
2438743,45214.0,41329.0,3885,86543
2720639,5002.0,1437.0,3565,6439
2561011,31668.5,15522.5,16146,47191
3485653,888.5,151.5,1040,737
2592937,16182.5,9702.5,6480,25885
3125599,30593.5,26911.5,3682,57505
2313463,20199.0,9196.0,11003,29395
3984007,785.5,529.5,1315,256
3794579,788.5,458.5,1247,330
2688047,2533.5,556.5,3090,1977
2170759,4769.5,2161.5,2608,6931
2223257,13631.0,1569.0,12062,15200
2831611,7663.5,2816.5,4847,10480
2816591,3122.0,49.0,3073,3171
2333077,1237.0,416.0,1653,821
2683039,1282.0,55.0,1337,1227
2183933,39013.5,19985.5,58999,19028
2876749,3126.5,2060.5,1066,5187
3505687,4748.5,1093.5,5842,3655
3114649,5188.0,2344.0,2844,7532
2355643,752.0,33.0,719,785
2234767,4439.0,617.0,5056,3822
2340829,17182.0,4561.0,21743,12621
2425789,6391.0,5572.0,819,11963
3896147,59.0,2.0,61,57
2550707,2799.5,239.5,2560,3039
2574629,3576.5,2186.5,5763,1390
3292273,2616.5,907.5,3524,1709
2329741,49994.5,28572.5,78567,21422
3458137,5808.0,658.0,5150,6466
2113561,6826.0,3567.0,3259,10393
2672741,7166.0,1444.0,5722,8610
2547109,41006.0,24546.0,16460,65552
2714689,11312.5,2639.5,8673,13952
4047919,439.0,15.0,424,454
2514839,4652.0,826.0,3826,5478
2663981,4309.0,3517.0,7826,792
3493097,1489.5,863.5,2353,626
2981717,3078.0,408.0,3486,2670
2413067,11466.5,1940.5,9526,13407
3332453,1445.0,853.0,2298,592
2365157,10177.5,6685.5,3492,16863
2549509,1749.5,204.5,1954,1545
3819047,1356.0,1220.0,136,2576
2398813,11116.0,5480.0,16596,5636
2468827,14494.0,11231.0,3263,25725
2910571,4260.5,282.5,4543,3978
3002267,581.5,468.5,1050,113
2204581,21260.0,9308.0,30568,11952
2130517,11938.0,10287.0,22225,1651
3490339,2210.5,835.5,3046,1375
2273321,1798.0,110.0,1688,1908
2550851,5400.5,30.5,5370,5431
2582449,29047.0,6557.0,35604,22490
2967577,5556.0,918.0,4638,6474
2872241,6096.5,4879.5,1217,10976
2799683,3558.0,302.0,3860,3256
2332619,1545.0,1205.0,2750,340
2223077,7908.5,6511.5,1397,14420
3344917,833.0,570.0,263,1403
2363897,7606.0,7403.0,15009,203
2977987,11202.5,7225.5,18428,3977
2621083,11913.0,11000.0,22913,913
2318683,15353.5,6359.5,8994,21713
2577121,5860.0,2830.0,3030,8690
2632753,13496.0,10745.0,2751,24241
4019989,440.0,384.0,56,824
2521859,26900.5,11668.5,38569,15232
3066313,7218.0,4814.0,12032,2404
2516093,2074.5,1172.5,3247,902
2173021,15897.5,15288.5,31186,609
2622457,3690.0,3361.0,7051,329
2879809,118362.0,111591.0,6771,229953
2386073,17123.0,5146.0,22269,11977
2645623,4117.5,1097.5,5215,3020
3102689,343.5,63.5,280,407
2652931,5492.5,4140.5,9633,1352
2314331,14965.5,12241.5,2724,27207
2768653,3223.0,572.0,2651,3795
2304173,22016.5,8821.5,30838,13195
3512723,744.0,303.0,441,1047
3031993,1236.0,810.0,426,2046
2865281,10794.0,3331.0,14125,7463
3380921,4944.5,3256.5,1688,8201
2321849,119512.5,13674.5,105838,133187
2461757,14268.5,6860.5,21129,7408
2606029,2654.0,390.0,2264,3044
3132611,24274.5,19407.5,43682,4867
3434993,5603.5,3692.5,1911,9296
2762257,2249.0,1866.0,383,4115
2601397,18655.0,4803.0,23458,13852
3533261,1615.0,1300.0,2915,315
2587577,40303.0,8081.0,48384,32222
3369671,404.5,67.5,472,337
3426883,4772.5,956.5,3816,5729
2782799,20982.0,4467.0,16515,25449
2321729,120097.0,107873.0,12224,227970
3436837,3759.5,1864.5,5624,1895
3065021,1452.5,1277.5,2730,175
2491817,3615.0,896.0,2719,4511
2393249,6520.5,654.5,5866,7175
2975827,8940.5,5503.5,14444,3437
2442829,7994.0,4979.0,12973,3015
2311877,5326.5,4089.5,1237,9416
2213173,7157.0,5902.0,13059,1255
2944367,8557.5,1931.5,6626,10489
2350553,36908.0,1940.0,38848,34968
2782223,8578.5,4219.5,12798,4359
2272637,10393.0,1974.0,8419,12367
2597891,12694.0,6774.0,19468,5920
2925757,10226.5,2341.5,7885,12568
2812981,6343.5,3357.5,9701,2986
2111173,45856.0,17791.0,63647,28065
3160639,422.5,391.5,31,814
2843443,4151.5,3486.5,7638,665
3446539,2789.5,778.5,2011,3568
3181319,163.5,57.5,106,221
3454271,5171.0,226.0,5397,4945
2746489,4408.5,1203.5,5612,3205
2108903,1705.5,204.5,1910,1501
2361613,4265.0,1934.0,2331,6199
3022559,1261.5,135.5,1126,1397
3917999,558.0,82.0,476,640
3131581,2673.0,47.0,2720,2626
2869697,18816.5,5295.5,24112,13521
2946497,3331.5,1079.5,4411,2252
2131153,5261.0,4835.0,426,10096
2866979,507.0,58.0,565,449
3596779,442.5,20.5,422,463
2141561,7603.5,4712.5,2891,12316
2437651,15673.5,9191.5,6482,24865
2105401,50737.5,29299.5,21438,80037
3252317,4543.0,519.0,5062,4024
2652739,1583.0,834.0,749,2417
2789749,357.0,12.0,369,345
2273641,5382.0,4.0,5386,5378
2764009,6953.5,2379.5,9333,4574
2305057,524.0,122.0,646,402
2926061,118.0,79.0,197,39
2240411,3010.5,485.5,2525,3496
2182003,12618.5,9955.5,22574,2663
4043797,1122.5,227.5,895,1350
2630659,2407.0,1956.0,451,4363
2138053,6363.5,545.5,6909,5818
