223693,370.86,323.67940991048533,300,308,590,958,114,749,115,770,1269,85,337,1131,98,572,266,508,352,252,34,105,97,1256,99,348,447,230,105,208,102,488,634,484,515,715,163,214,105,277,891,165,264,2,190,11,779,242,103,27,78,391
132731,8265.04,7464.544060985909,512,32998,4262,5848,2863,2284,2983,6007,7709,17162,869,14778,2369,1225,3079,2836,4771,8431,11548,18774,10876,16110,161,1980,26385,2981,1996,12380,3381,2236,19320,13659,4678,7253,28619,1715,1788,8832,9714,1797,11721,7871,13898,14967,5012,13335,1810,7446,4675,5348
147167,5034.5,4296.9575992788195,3326,7723,1162,5330,10909,1977,9277,8633,7341,14363,7998,716,3140,11853,231,515,2490,1651,1203,1621,1996,3801,1759,1768,3768,3981,3504,3728,10722,4755,8538,3292,15970,3861,502,4682,4342,4281,791,1600,15697,814,4307,2947,3549,6353,8082,16793,2596,1487
196967,816.56,622.2063053361,341,841,497,264,1930,712,286,150,2341,270,1317,802,679,2321,1374,675,943,235,562,220,340,285,570,526,116,1062,1287,656,787,529,1848,2844,547,1170,620,497,1001,1943,471,391,242,1208,571,479,1457,208,797,856,305,455
249001,364.58,248.60145534569986,1051,276,162,452,463,502,642,761,307,200,196,274,232,330,797,542,203,118,419,810,95,128,671,127,85,185,293,309,131,88,188,783,703,106,77,123,574,854,434,500,409,145,101,114,243,562,370,272,194,628
169187,4707.32,3765.8720235292117,6509,1743,7736,11799,6677,1687,5737,1166,1073,820,1728,1783,9260,378,7906,7362,1957,1051,5280,1630,5244,434,3972,3998,3335,1262,981,372,6284,17238,13063,2522,11758,6089,8867,3178,1860,5821,3646,9230,5051,1635,2285,2176,2192,2142,5530,3972,7731,10216
158497,2641.62,1965.9320322940973,404,2099,3044,1102,1324,1560,4000,3277,713,2000,945,1788,3196,2130,9582,428,836,2347,1127,5656,2583,6477,3869,1825,129,4426,1626,3019,801,961,4194,2078,6443,870,2360,2369,1350,2803,5173,7303,2311,1020,3016,1730,4156,1296,1146,634,4846,3709
160801,3958.12,4235.071152365684,1938,2817,2818,3558,6929,3659,3240,2255,18295,16331,1754,12910,2589,649,4033,6144,562,2138,2734,1920,1361,1246,2580,1066,5455,372,4314,1068,866,8697,4826,5183,3780,17804,1090,8290,953,586,4656,603,535,4558,2776,946,794,7695,2401,3344,999,1789
206881,284.22,283.77570650075035,85,85,175,79,70,81,243,75,290,322,358,161,143,388,210,1448,568,177,124,486,78,177,123,85,69,363,178,70,424,73,85,300,628,88,172,81,243,561,340,67,552,694,1168,831,99,424,81,91,425,73
174283,533.06,272.96801351074083,475,422,876,492,886,721,1240,569,754,581,168,170,595,297,662,541,713,403,378,670,692,271,352,660,385,299,328,740,122,589,1278,1108,517,556,261,345,243,403,199,216,1002,707,487,316,780,757,415,132,609,271
134689,6221.12,4759.625714864563,8225,5302,2698,8839,8435,10818,4091,3314,15463,1850,2146,13562,3691,484,11984,9188,4811,1415,11867,7001,9464,1768,965,1823,8565,6451,4512,9075,3643,4830,11877,5177,371,18942,6857,703,17559,10343,6400,5246,1070,14294,1186,1262,2692,2733,1368,10747,5735,214
151457,3921.3,3625.4521276662863,9295,986,8223,3046,3441,1709,2837,668,3881,9473,5886,7202,3673,4412,4300,458,5982,1966,2665,3051,6201,8868,4894,3717,20036,2505,3932,2437,5300,425,5091,4535,1182,6622,128,1211,206,12997,352,3378,360,1341,291,3367,479,4069,1554,2799,3410,1224
140537,2904.4,2256.380420053321,172,8362,1118,1700,1915,9779,1461,4303,1143,677,838,5219,2531,1238,3850,1392,2390,4618,2885,1185,514,736,2346,2848,518,1058,1256,3831,3459,5607,1775,2086,1904,2318,1727,7228,2075,2690,1573,3540,5496,1529,7365,4820,533,3618,4873,554,2627,7940
180107,685.5,500.306076317288,153,128,1182,1317,1652,919,356,553,489,1350,295,261,1247,784,120,311,663,355,310,409,2333,1326,482,296,581,820,465,371,752,489,480,1202,683,739,871,201,758,592,312,528,287,618,1088,406,536,2325,82,721,995,82
195287,1921.44,1810.5331166261496,3527,2717,528,2909,3414,452,328,505,4380,355,174,198,1936,586,3365,1613,3757,787,3306,8938,774,255,6295,3401,2019,1559,2931,201,1264,77,88,623,220,1305,230,1758,3633,1407,3783,1351,1182,4373,4572,162,761,2341,1062,1912,2695,63
145309,2990.48,2532.784106393595,359,9507,992,5851,1100,541,2108,3316,1955,330,8663,583,718,1991,1087,637,5594,761,1756,4944,2738,2457,5027,2738,3023,1326,9802,2733,3757,10132,2814,185,888,3837,2088,349,3807,5652,5440,595,5393,4072,2145,540,3677,1995,1529,2648,814,4530
149557,2703.88,2136.999528685021,4184,6546,4267,1201,1027,2998,2283,2387,262,956,1230,2602,5734,3520,1114,4644,1500,1580,742,2332,465,222,929,1286,689,4495,4494,1677,278,3020,3963,2212,1705,2271,171,1743,3184,6542,7200,481,3414,3545,496,4209,695,2215,910,4773,8150,8651
183017,894.78,646.7842388308484,1315,1362,167,780,884,1612,604,1123,519,1463,1467,1517,298,715,347,649,1166,376,3615,437,442,180,287,585,714,1825,428,203,1286,1375,1200,2323,789,911,402,532,39,423,624,1342,707,1376,1052,98,1906,905,715,262,495,897
229297,675.86,498.485907925189,362,327,336,983,1617,1198,641,90,771,1577,1680,172,2315,187,222,586,453,627,477,702,1589,310,580,503,487,165,927,553,444,900,858,812,606,77,555,2166,592,339,344,317,437,745,401,830,727,451,208,834,453,260
142661,5292.38,5285.068139163392,3966,2918,16854,854,1701,3953,1108,11530,1233,1456,8398,4043,4114,22212,6188,1154,2827,1496,4911,643,464,2520,3539,685,544,1605,5405,5661,3773,3811,11206,3144,1405,3527,1286,3916,1160,19915,5218,2820,13689,19274,8138,3716,13466,3100,3185,2773,6612,7503
133789,2664.06,1886.07062868812,3410,1077,4260,3270,830,1091,2106,4189,5400,3034,341,3660,344,2915,8322,443,3672,172,2983,5530,4394,1736,3089,855,673,4908,1010,1429,1684,2582,2563,1472,2408,3648,896,1796,2520,1460,665,5540,5747,3450,730,3305,2256,6548,5960,1537,509,784
143371,4122.02,3271.080430010855,7316,8377,1189,13924,1386,783,375,3054,2107,8468,6898,265,2794,10999,3475,9126,8364,5788,11076,2223,5464,2666,3198,451,5086,400,879,2456,3850,3658,72,5445,2379,4779,7524,836,4584,5469,1602,1759,7949,4227,680,545,7775,2830,1979,5659,1643,2270
145157,4257.02,5058.611475454504,3554,2869,3411,6895,219,5300,272,2112,3999,7348,9943,4836,1412,10610,4978,3637,3811,8364,2690,3178,3355,14197,1813,516,18318,2267,1925,424,844,6071,1780,463,880,1905,29647,2398,2511,1377,1274,2713,601,920,1493,5111,2125,3220,4811,1081,6329,3044
146207,4679.32,4173.530833431089,1305,8042,3920,8590,3788,3591,170,3622,1479,3633,650,8680,153,635,1540,15489,7073,4551,3268,6185,3151,7181,7431,753,1286,11585,7990,8123,2034,698,2908,758,2487,3125,768,3566,7122,135,6965,2251,5579,18593,7558,13668,1267,2943,2122,11937,2673,945
220459,396.78,360.69872691763135,178,173,132,457,68,823,825,357,183,88,479,905,593,550,562,73,1005,707,1509,221,149,267,23,424,199,410,66,278,389,30,397,243,249,59,194,58,84,582,250,289,216,26,436,65,711,222,565,572,1799,699
143863,5961.0,5694.17039435948,20109,15511,3689,3783,5392,8185,4022,8092,9786,1780,18435,17996,4513,1948,4859,667,3801,8348,6616,1390,3302,3895,12914,1734,2009,14033,11747,19134,11872,1658,3781,19448,3754,1411,2802,3537,2189,520,250,3448,1987,1773,2191,2938,8873,1936,1183,555,3177,1077
188131,505.12,418.8810160415485,435,600,819,343,170,828,743,964,281,719,205,2564,416,138,255,926,991,819,426,574,377,21,541,729,207,238,730,642,221,218,448,306,337,245,153,212,549,131,121,274,143,175,1119,870,168,311,252,239,1133,930
153721,1839.44,1654.207123186211,256,401,3163,400,1249,95,522,1996,4974,1140,1348,1576,2313,727,295,3888,324,303,1742,624,5294,1592,2680,3896,2229,588,3464,941,3567,2983,1252,2300,943,484,215,4329,432,4260,1762,1596,1150,444,230,1082,2657,2030,1632,2084,8384,136
137261,2048.1,1508.6078516301047,803,2164,4158,364,1795,5833,7539,4141,519,705,4188,1931,4043,3702,823,1932,1453,1577,3069,743,2705,985,770,910,1285,2430,2685,806,2885,370,2037,693,298,1480,1788,1843,4328,1346,1500,660,2250,2358,4197,968,2003,1337,778,723,3233,1272
167659,1327.5,995.9193993491642,1866,1164,756,217,348,1471,886,2345,1111,754,1665,462,2311,223,250,792,1171,4693,2696,2378,1885,214,3411,4005,290,632,531,709,641,1278,343,1915,380,1337,679,2826,1967,685,1305,1927,2041,1377,1561,2184,1367,252,1197,955,556,366
168437,991.1,850.0402637522532,138,975,698,165,460,655,533,1301,1120,381,261,424,1267,710,394,222,360,878,272,1853,1581,447,909,978,358,318,157,1720,477,830,2788,199,208,1843,200,1042,824,2370,850,248,4389,2344,2680,2094,511,902,741,1556,1292,1632
164119,2347.02,2599.7517919216825,5196,1714,1874,3382,3277,377,1256,1796,2978,2697,284,1127,1516,2920,3548,578,325,348,7815,603,1039,262,678,801,3934,5186,7926,3433,749,3024,1054,946,7144,2994,981,734,54,2117,989,585,1234,778,173,2153,6006,1148,14231,999,1931,457
195667,396.72,394.73611641196453,382,58,227,40,664,41,170,422,216,676,1141,36,283,188,1968,216,710,241,59,173,119,1200,38,220,42,200,516,142,514,584,765,240,352,647,183,213,519,725,32,770,56,31,796,60,201,1431,394,497,381,57
233273,174.52,164.29671207909183,48,143,234,139,53,152,553,102,470,211,320,33,151,209,448,271,93,233,101,50,426,58,525,54,49,220,107,689,63,60,70,57,108,47,52,82,318,83,153,53,85,61,75,174,64,621,87,52,65,154
223451,150.4,70.11390732229948,112,98,224,236,262,179,132,95,277,120,137,221,101,99,176,255,106,138,181,163,99,270,96,153,132,109,126,162,275,182,106,104,97,136,130,35,96,96,286,99,97,126,107,104,122,391,186,33,145,108
215741,438.42,313.3608839660751,972,211,409,162,1300,300,137,183,301,148,366,676,905,517,614,635,188,1063,993,574,418,144,136,226,134,561,129,694,375,263,211,122,402,82,544,144,68,253,1187,675,361,812,213,1038,443,262,304,354,250,462
182731,1570.4,1591.3512874283917,1237,1962,3388,2462,3157,234,691,897,3087,197,230,261,3414,2,389,934,2373,2019,802,159,2677,721,140,2454,2628,324,1531,299,1030,1772,2256,594,111,785,812,6083,4225,7595,1068,285,3815,254,985,677,794,230,714,4026,1129,611
141343,3263.2,2654.8660380516376,1643,740,4559,1424,3364,4889,2212,1395,3677,1463,2857,4066,3560,13092,1233,1033,4498,357,4054,7076,2535,3546,1074,352,6237,1698,3367,2359,10079,1488,1909,4930,1432,5784,4687,4590,1381,1941,7664,4617,101,613,1641,9005,2615,3577,1145,733,4710,158
177329,1250.06,910.7270811829413,269,3007,904,3772,1049,659,4037,1041,2675,666,155,866,1089,1261,1436,349,1713,14,1552,1220,730,1647,237,993,648,1617,1261,1606,484,3081,984,491,69,215,1877,2753,1220,2149,833,1162,263,1803,340,1201,1451,1382,1257,395,776,1844
185761,1598.32,1462.1988844203104,1891,815,627,306,1959,464,6036,2336,446,1825,1451,967,2982,1343,568,848,308,1190,171,1644,904,2246,765,1577,2263,2893,3673,662,261,956,2767,843,1374,326,2612,1120,1962,166,1227,789,246,1333,2318,7701,1291,3075,976,279,594,4540
146137,3823.24,3602.6953218944286,2639,1090,4660,5928,1048,170,6466,1884,11331,4815,3626,2504,1940,1662,825,3925,3590,1202,4069,1591,3403,904,1153,978,2970,3462,2669,2543,3510,1204,1259,627,9038,10622,5153,1220,837,6064,12752,14895,1077,3879,603,1268,3425,13160,1027,2063,4099,10333
180049,877.96,824.4635336993383,130,175,1414,80,807,570,561,830,104,352,188,86,3091,2745,1633,536,710,186,246,928,271,1465,126,588,1182,756,995,830,428,918,351,219,1426,591,569,1876,1812,1403,345,1169,1538,4471,711,411,407,302,874,884,1191,417
185617,603.34,488.6639585645743,451,606,660,987,689,902,303,779,323,547,624,728,1985,955,800,207,230,167,319,455,306,337,468,422,202,106,320,1563,1023,640,793,226,844,147,329,1606,525,354,184,108,1688,423,168,109,347,274,351,260,1059,2268
153773,2560.56,1991.0623813431862,2256,7000,739,6351,1798,210,3549,2920,397,7574,986,2677,2608,6027,526,1238,2676,2730,1674,979,410,4794,1210,1524,4578,3361,922,2976,714,6611,2865,1362,6864,1681,1579,4980,852,379,789,1826,665,5086,865,3419,2803,4069,2009,1126,1181,1613
135557,1745.2,1493.2940902581784,1203,2447,1615,1101,384,671,389,1265,234,6050,2994,633,3520,3725,344,144,3883,158,2375,1083,4998,814,802,796,3193,757,2461,2394,1877,474,908,3070,5739,476,876,1094,1112,1414,1941,70,736,470,998,4447,443,2072,2946,3433,1906,325
166381,2029.3,1641.9670794507422,3683,1168,993,203,4266,3020,543,1666,1063,1518,859,454,3253,1309,419,4422,2844,2639,808,2311,3685,742,353,2060,3615,1442,751,1535,1317,6406,1887,728,1557,1955,2592,804,850,729,8406,709,2103,1192,4234,5022,2969,854,1889,1771,1419,448
194947,653.74,591.6852139440363,465,192,303,157,861,1013,487,695,212,1576,158,156,116,1142,1241,609,102,1834,1257,557,117,223,1373,1730,136,355,294,877,131,122,175,1645,28,1942,264,259,14,1329,121,348,593,570,1090,2116,184,1636,442,1036,305,99
145921,9868.86,10329.354132781003,885,2371,16960,1131,3359,2461,5404,10135,7705,24136,7124,16864,136,3285,3078,3463,7259,24717,6951,6182,9495,3027,4173,17178,13247,38957,3599,10582,32029,785,3337,4497,15246,19021,5768,24132,8958,2165,50542,4577,2228,12553,1930,6662,1645,2517,10878,21318,2013,6778
235667,2.1,0.41231056256176607,3,2,2,2,2,2,2,2,2,2,2,2,2,2,2,2,2,2,2,2,2,2,2,2,4,2,2,2,2,2,2,2,2,4,2,2,2,2,2,2,2,2,2,2,2,2,2,2,2,2
167137,1030.92,951.3652472105547,316,597,389,766,317,1532,487,172,2320,453,1054,5022,1703,891,1540,1683,1196,1877,198,658,444,3478,308,463,3056,236,999,149,1230,373,966,431,1557,313,718,470,1083,455,210,2256,320,1244,2542,1176,641,216,277,674,959,1131
246973,112.86,101.43037217717384,55,51,58,169,45,470,52,537,49,38,225,49,43,146,40,257,214,120,44,51,143,200,56,49,42,43,112,150,57,221,35,53,105,50,136,210,58,203,44,49,158,46,40,111,100,122,37,136,48,116
155357,3819.7,3764.6777086491747,3107,2066,2516,187,4821,7013,1479,2812,1083,2802,17888,1760,7454,466,1431,4874,13047,1739,2214,1129,2014,1011,11209,580,1225,4091,1377,9951,1109,4161,5681,3126,2293,498,910,5422,1893,8190,7128,360,1325,5681,7590,2815,5110,607,11897,1365,349,2129
159451,1520.46,1672.0677284129372,1182,455,692,361,564,7686,3343,348,2028,1330,303,1722,2073,700,1546,251,927,540,1032,740,1848,1019,1251,267,1482,2201,995,962,2786,1921,2105,1895,940,1567,4661,719,562,2487,9332,1207,1637,492,690,391,747,286,1108,620,490,1532
155989,1701.54,1315.274468846712,518,2743,1325,454,2008,2937,2537,371,2089,342,1475,5560,1532,1492,429,4465,1670,678,1279,2431,537,726,902,3882,1034,892,379,1576,1490,3149,4133,1479,2945,756,772,824,1608,1570,690,1415,5485,609,782,854,1196,1255,1108,446,1936,4312
201703,654.22,683.6245253061069,295,220,139,130,1085,1260,129,104,36,1559,430,75,1081,213,64,358,354,307,247,223,139,1130,1702,360,118,127,22,1222,1187,711,739,927,284,1625,361,2501,400,838,444,3263,1283,70,101,1661,1528,70,553,199,605,232
166217,3663.7,3033.958860960379,2283,5796,3097,919,1975,1848,12270,2681,5176,3499,3608,3631,2505,3706,2699,660,481,11579,3369,2117,2114,786,3027,939,83,1088,2782,9154,3556,141,5948,7070,1141,5228,8926,2644,244,917,2807,284,11329,4529,4292,1100,567,4876,5722,3506,6408,8078
133787,3458.72,3019.807795473083,884,1483,5535,2427,4745,811,6043,3227,3048,8370,1898,502,2188,4441,1321,310,9902,1076,4741,1837,142,4310,14040,4652,10513,3431,1413,274,3073,2667,437,1847,685,635,3307,2985,339,4785,2397,4561,740,3885,806,1796,1218,6240,6623,7153,9400,3793
163747,1867.42,1597.7629497519335,249,4195,1920,1306,2305,2482,4150,705,668,353,1044,142,5716,1163,1134,2577,665,881,942,782,198,1284,810,963,4749,2673,2834,105,4118,7842,3194,302,2512,3469,1135,2611,370,1262,327,4102,2695,1093,997,2724,1663,1584,1721,818,186,1651
135307,1773.46,1433.4512507929944,1536,2213,1497,1251,310,408,1229,200,137,665,1692,580,645,325,847,1351,347,2075,819,6581,4423,659,3623,1633,1736,1399,6094,2381,646,2049,2250,1063,2753,1484,432,2445,3335,954,1721,1110,2063,2667,657,4048,3492,262,1015,1004,4118,2449
162991,1158.1,1021.2612643197625,299,1222,3498,463,2591,197,1724,452,1185,442,154,667,411,228,1492,820,367,115,516,908,805,2760,1192,840,615,2197,243,4900,1612,2636,274,297,958,1124,99,537,918,876,758,726,1964,1108,633,2746,462,2378,1733,721,3375,667
189121,1427.28,1374.5992439980462,861,3861,380,147,853,1953,711,754,447,1065,38,1474,4623,275,194,150,368,2204,2054,1464,3390,646,163,683,2012,1402,580,1503,356,1704,820,5274,1511,1196,278,967,4377,727,2689,1408,4347,246,2292,922,1664,656,142,154,498,4881
132289,2065.1,1761.6169646095034,4151,2137,3036,2484,1934,2294,1137,794,5361,2510,503,160,2478,2643,4922,114,3671,1798,484,46,2858,1035,951,1184,684,2707,394,333,889,2407,412,1570,4896,728,3506,7244,910,1926,8396,490,1682,2998,502,890,2525,3205,1924,1087,724,1541
168479,2261.62,1929.4789544330356,1624,560,1069,1837,71,3957,754,1169,232,822,1691,528,2304,246,2908,2885,1101,649,529,1731,2443,554,6416,6439,1345,4660,3091,1615,1418,1054,3323,908,8074,988,6573,2255,908,2174,3377,3304,3146,38,1253,5259,3156,124,1023,4388,1394,5714
190163,469.2,369.6929536791308,1542,1145,211,370,139,552,589,229,605,415,357,1356,122,933,148,156,539,202,357,1210,406,722,1224,179,337,283,462,121,992,732,186,279,508,338,1177,165,873,121,251,555,394,184,263,19,278,368,336,142,140,248
161243,1746.84,1718.0515517294584,1976,1250,2921,3296,3901,2169,967,601,1998,1328,1222,442,1039,1993,2143,669,2128,564,99,2690,3092,296,1400,163,2777,97,365,3467,3997,3125,471,560,407,1128,1294,800,5256,1387,2086,859,145,1021,136,301,670,10182,3194,1336,692,3242
174661,488.02,398.8146180871509,620,43,1806,149,504,472,420,70,1571,464,410,331,164,248,367,876,172,135,198,238,310,287,1261,392,816,290,195,472,392,873,41,670,339,207,737,710,883,489,60,136,312,219,328,1162,593,926,12,192,1339,500
215287,465.18,402.93064862330834,299,1019,327,304,420,46,297,826,1016,404,676,213,201,233,1067,91,107,105,340,232,587,537,754,700,611,197,1306,177,551,63,317,328,200,1175,115,215,187,315,103,1069,404,103,560,362,718,2180,613,325,174,90
171389,4317.92,3684.4206700104155,4166,2850,3650,977,6670,865,944,7374,10189,1467,10972,2190,11015,7062,267,662,2426,2176,9250,5913,2637,5029,2531,7960,1630,1469,5761,4064,2054,137,2575,3002,4230,4357,5524,1896,1824,16698,877,2281,7613,14625,1594,1384,7133,1269,1825,1332,4989,6511
165073,1535.92,1285.7265158656407,191,872,594,2993,391,2913,2493,520,2655,489,2885,1143,345,599,925,1324,108,1869,1463,198,953,740,2493,2372,432,386,757,3834,365,94,897,650,4921,3598,1185,3945,753,3922,1642,1176,4372,590,973,1770,1517,1224,1867,3772,356,270
161197,5857.94,5831.931777413039,6026,3184,7652,3591,4904,32919,6764,2424,6529,1433,1540,8687,22486,60,2618,3727,4293,15398,10319,1973,1430,9685,6968,1558,4502,784,4454,5183,3704,1692,1827,1189,297,2782,3824,2406,2722,2800,10788,5263,2866,3586,12546,4353,11588,1420,4401,7884,11256,12612
201601,480.86,313.3632403457687,106,498,154,714,227,311,451,112,377,659,191,990,576,302,556,421,382,390,387,312,647,425,205,765,402,173,376,452,555,203,342,198,111,381,1101,421,495,80,194,409,605,415,1271,1041,373,435,1573,1071,801,407
172831,943.86,602.3833002333315,622,1771,1309,214,306,1002,1299,1416,1869,1415,347,300,2096,817,1281,783,360,527,1213,2035,379,1151,102,342,377,388,141,2311,1915,1428,455,842,1574,417,1664,882,620,769,253,352,1863,638,188,1503,1680,1058,467,818,771,863
185399,813.6,594.0425573980369,397,248,770,670,115,493,1242,873,887,1210,1002,1311,1080,679,294,381,594,1209,619,512,335,1675,1123,820,1725,744,336,213,165,283,718,817,365,701,363,508,1417,1967,163,177,439,448,866,2634,1094,572,1857,2717,268,584
143959,8791.72,9430.280280118932,21658,5404,4945,3396,6205,1581,10776,773,3912,12586,11712,8890,1733,4721,1396,41565,2891,2634,15253,16000,3313,1464,16294,2128,3717,2075,33996,1570,2302,11496,16777,2430,15194,533,1750,9472,1491,7554,4980,8138,9090,24729,2901,38025,5920,9322,5133,17636,82,2043
212521,3362.44,3441.3944508585473,595,430,3215,868,2134,2538,4487,699,696,5436,2482,1408,14778,1329,7624,7790,5797,1369,10820,3104,897,5199,201,3652,4347,3074,1990,1411,5432,171,903,11773,903,2940,1570,2359,3274,1189,2930,198,3545,2093,345,2711,1953,3851,15189,2209,3632,582
212603,641.5,597.3422218460704,845,1132,1148,329,469,572,573,390,1560,132,610,81,83,136,971,607,768,252,63,1169,758,126,87,194,783,1411,737,133,599,150,1068,390,1113,549,134,79,907,1088,894,3306,242,86,1822,297,123,162,1556,319,94,978
143369,4043.2,3795.058070701949,6337,6421,4157,5092,6399,423,6402,14282,492,6764,4770,15904,959,3748,4908,2861,716,5915,437,957,1198,2650,2334,679,3301,791,891,6520,3015,9114,421,1392,1552,1006,2300,8186,1744,722,6362,292,13118,2214,1264,10315,133,7899,7420,707,5862,814
176993,2915.92,2859.7360426444952,2455,1637,2451,3572,5489,1569,4493,424,3660,1564,2467,1734,3550,527,905,2690,6884,952,1947,440,3880,4187,5829,1961,771,888,922,16032,1537,1262,3818,2404,2553,2579,3641,1496,89,896,11356,608,3281,1284,2632,4299,440,2111,1362,8133,481,5654
237703,134.94,123.18496823882369,160,76,196,794,431,281,98,146,74,75,329,79,78,302,200,89,77,78,88,81,81,78,82,82,105,222,227,75,92,82,75,82,31,97,93,91,85,97,123,71,25,146,80,78,238,73,154,86,78,86
132271,2502.3,2275.6414502289235,4438,2498,174,300,3293,10280,4660,726,361,2216,1648,1480,9426,4815,360,288,821,415,2241,1284,1876,1463,2508,768,1633,1530,2220,1338,5924,349,2341,3065,1080,2234,9103,665,2546,4067,1405,1154,3004,1081,4977,1650,1546,1311,3839,1686,4789,2239
157033,3842.68,3816.2127689110835,7866,5179,2491,7185,1017,16689,538,2078,9968,1267,1386,4775,3319,317,2319,194,4818,1279,2643,7386,2465,264,872,6937,3395,5485,1577,1939,476,4879,7171,4586,962,2206,1151,6122,854,646,7061,4491,7422,469,3765,4627,3051,1265,2896,2922,143,19321
205193,691.78,539.7512497438056,1116,29,1815,246,1408,1231,415,5,1057,492,235,40,908,22,1165,499,700,1008,522,480,429,137,479,412,540,643,192,186,849,1049,274,1772,1630,452,408,743,668,926,1108,1278,333,540,51,405,1307,508,194,934,153,2596
220817,327.02,262.7909808193576,209,205,326,732,304,111,147,201,805,91,613,121,95,479,108,737,575,275,437,1005,557,139,146,180,119,161,111,851,266,287,175,473,122,185,168,555,211,139,184,108,437,152,68,427,480,296,1246,318,90,124
137821,2893.7,2219.7269133837162,2317,1714,7038,8241,2323,4810,1369,1010,561,444,6070,2398,2385,2861,1194,4167,2531,2796,10193,2026,907,1242,2150,4520,2306,1182,988,5336,1151,1175,1171,670,1524,1041,3987,1354,2603,7007,5616,6288,1992,732,930,4963,2290,2013,3570,1639,1969,5921
163769,762.4,508.8086870327589,791,1286,118,523,523,1276,1664,252,650,625,1528,878,2206,773,351,1140,532,561,351,630,596,1014,927,518,1508,668,242,437,389,22,812,906,501,2334,1187,945,715,697,1042,175,789,385,355,329,270,506,1817,890,314,172
145247,5924.44,4741.914563380492,168,5544,3464,13162,3466,2130,5824,3561,1340,3387,3658,6744,3491,10967,19229,905,4580,6432,18947,11199,6643,1106,2938,2546,5354,917,419,2667,2998,11105,3072,4214,512,3190,7444,1540,11206,3954,6278,17993,221,10114,7551,4847,9883,7426,8811,12572,8590,1913
146689,4747.62,3639.197290007784,4425,2535,4885,2769,890,7940,3382,1282,671,3934,314,3750,3896,4734,6927,14323,2407,5801,6514,3731,5936,3039,10681,4522,1546,2486,1483,3382,10203,6484,2333,4266,1898,166,4888,13378,1557,1643,10895,5530,2943,2460,966,15302,3525,12241,2125,5297,5433,5663
231883,96.78,134.12192811020873,35,69,88,41,45,44,139,27,91,50,367,46,179,40,50,42,81,34,129,59,54,39,101,43,22,44,139,41,39,20,33,42,530,39,49,782,77,41,40,38,203,249,48,43,41,38,30,45,216,57
131227,5342.48,4738.288578126072,11739,820,10252,2404,4372,503,5692,6025,4687,7947,2169,5052,2000,16643,62,3625,5018,4714,17303,1447,13352,507,1851,6809,913,3003,7457,1427,234,1788,1147,5447,5754,2408,8443,12316,7490,3717,8470,13692,1982,20588,4021,3687,1611,2598,547,3193,6407,3791
230039,153.32,205.31277992370568,43,40,38,57,39,333,47,84,49,40,36,678,37,40,49,41,38,42,47,94,54,44,83,146,48,224,131,38,47,679,336,122,42,45,127,418,105,32,162,39,41,52,92,50,617,177,464,983,40,356
142523,1820.4,1603.0338112466623,1048,1666,1323,1786,883,2970,5250,4381,391,98,47,775,5686,1024,3544,524,1831,65,2231,453,1802,4354,423,1759,2004,3939,2095,2819,1697,212,218,62,1505,1339,2061,1695,812,2180,936,901,1209,2928,7866,3467,2484,1479,401,362,670,1365
131557,4036.56,3882.866112345364,4801,8438,4477,5659,263,8517,402,5386,499,5337,3334,2135,1574,9156,1182,1950,2511,2318,7192,2836,2635,484,2266,16890,1654,4672,2676,875,970,3573,463,3454,1409,16450,6521,279,592,1382,1416,1187,708,2619,10427,7733,7850,1952,477,11178,3470,7599
184573,1496.92,1792.6087564217685,766,186,1051,1462,1085,628,286,295,130,2528,2615,752,1007,748,2252,841,453,1796,3098,1453,1152,3997,323,901,2255,2141,334,202,12155,2384,633,876,369,3783,857,2547,3096,163,1157,921,556,1967,1776,1121,895,435,1215,1339,1171,693
183811,616.68,499.38251631389744,1161,235,103,478,553,203,393,2035,711,1513,127,635,391,112,1298,1380,701,267,237,320,237,332,100,241,129,593,2512,383,48,707,654,225,726,439,692,512,564,506,586,760,451,343,1016,560,328,1710,771,416,791,649
162373,1180.28,820.6851537587359,512,485,1832,1253,106,1712,546,474,1518,1509,500,577,1208,238,551,2201,550,2131,1185,1843,368,599,1106,468,1692,294,2422,458,2067,3025,479,274,883,1381,1895,1251,1886,336,1355,258,3945,788,589,1211,1383,871,2721,1277,614,2187
175477,2282.86,1974.3597241637603,662,1042,3392,430,5873,4734,3941,5553,3270,2405,3331,727,5405,1096,1146,418,1953,1046,1507,914,1281,3932,1125,673,18,4733,380,393,310,4700,1960,41,757,2241,5426,3105,1139,2014,1100,675,1041,6300,752,2647,4039,77,3009,344,8410,2676
207887,399.38,322.4788296927412,217,187,423,366,201,353,86,886,405,115,199,422,412,996,81,134,701,656,405,1383,467,250,1726,567,354,397,249,266,574,71,189,202,281,157,469,398,390,220,483,275,712,143,243,179,124,950,89,398,201,317
193519,909.8,1037.6960634019963,292,303,232,553,681,270,276,858,1715,625,1900,301,718,6296,459,309,214,160,1328,769,115,283,356,192,2868,1933,696,1348,250,2613,551,2003,582,335,188,2214,909,1899,221,513,255,305,378,911,604,1241,912,1837,183,536
186503,452.9,325.9204964404663,124,198,1134,299,259,797,599,222,884,369,550,294,198,175,415,594,126,505,269,577,206,1345,267,125,199,245,389,550,1094,157,746,325,202,229,959,159,328,825,328,1421,173,607,116,499,127,892,292,475,256,521
152431,2150.0,2019.5694986803499,720,4832,2954,1072,186,571,53,4515,4689,2531,1488,1035,1247,1676,1720,57,5182,4065,957,8156,600,602,960,4398,774,6836,4733,330,6747,693,482,388,5155,809,509,1985,867,189,1390,3271,2063,2308,567,1424,3704,114,1233,4002,2318,343
194477,392.42,448.60094025759685,510,124,1123,371,191,538,247,336,96,189,107,97,143,327,133,221,851,128,106,132,1103,437,177,183,99,99,829,581,96,215,219,151,565,109,112,97,264,582,441,383,97,223,178,135,335,358,1661,1474,2350,98
218089,2748.34,2453.9308189922554,3939,2235,7265,1915,1795,971,3145,1013,1713,5476,3847,3160,1505,111,796,4440,2511,5005,210,13765,4520,5697,3537,1051,1748,6843,222,1113,1187,7501,3968,1457,1121,255,388,1590,2810,2732,4266,2276,2627,2883,1311,281,3025,329,3672,101,2892,1197
213443,1616.66,1316.2926515026968,2563,1163,247,2014,1235,192,1705,1310,3459,2127,756,1085,1922,237,3160,2088,4880,798,1232,691,1081,1432,5477,1857,2880,1965,459,227,394,1135,4099,1009,2429,2458,242,4977,538,276,2171,2787,871,232,920,3506,550,247,876,1371,396,1107
142741,5133.18,3873.8377905637713,3035,1219,12219,12327,7111,5290,9283,2646,175,2059,2021,3201,5580,4786,1877,770,741,5591,8815,6572,8143,3582,1147,3001,3069,5314,9842,7379,3519,3248,2353,6664,6348,2309,8766,5747,16008,1557,7692,662,8190,13807,1496,5409,3098,346,14271,1852,4330,2192
232889,54.54,54.87702980300592,37,47,32,37,53,37,40,47,40,28,40,35,88,43,39,38,42,34,42,38,49,43,34,50,40,33,45,32,35,192,191,32,42,44,34,19,32,37,39,37,34,30,37,31,39,258,39,33,37,292
213271,278.24,174.78999513702152,405,732,128,270,284,630,134,352,460,377,520,252,215,325,237,429,150,85,420,235,253,311,124,589,433,213,167,412,425,99,432,675,278,175,66,284,12,163,219,26,244,137,299,126,95,75,351,59,11,519
224387,1979.26,1467.6153829937869,3985,1074,5138,5610,1270,3121,3082,540,4379,2589,1087,3045,276,69,148,1738,1573,662,2426,1767,1588,1599,5642,217,765,2082,1037,3530,2037,4307,2085,3329,519,53,1589,1860,79,3461,1366,3126,1679,3018,180,885,37,1725,2624,2553,1793,619
187619,1706.02,1892.5277011446885,536,3227,129,1343,410,1098,1742,184,1312,1907,121,1139,633,1664,1070,2687,1519,1666,132,3027,1515,190,712,2435,72,2243,3158,6184,3540,294,1354,567,3139,268,604,254,5816,1170,8243,1708,8345,1568,413,742,1945,550,2231,169,95,231
199613,998.28,926.9495572036269,1548,97,761,1447,820,161,1083,536,97,2018,911,1433,1157,282,353,1123,504,79,151,2432,519,409,2639,541,2542,1620,78,367,319,274,849,162,226,4093,1023,2125,1662,87,258,81,2002,963,2256,99,3215,688,492,75,1367,1890
215549,626.38,482.2467372621612,1807,807,524,222,166,461,423,262,1149,497,144,2258,148,1726,1379,522,1017,331,1056,1383,417,662,189,352,404,597,218,607,813,153,1335,187,359,294,269,525,276,273,1071,412,152,606,572,1050,560,424,256,144,690,1170
191483,792.36,707.736441339571,2207,1287,703,670,1981,343,338,3059,193,1194,806,718,241,323,724,555,395,1731,319,437,1690,978,1470,253,369,530,1349,1106,276,611,458,378,1300,187,306,248,326,1245,279,261,767,153,744,260,302,56,224,1865,331,3072
142141,3417.74,3139.740593170079,776,267,372,1342,9052,177,887,441,8067,3009,3795,13961,1217,146,8520,9419,946,7928,1405,3000,3555,3247,3098,1173,5666,1019,1212,5762,2920,1568,61,1428,250,9021,2131,9890,4776,3827,1405,1162,3151,1441,2655,788,5590,3718,2975,4839,2660,5172
239021,196.24,115.9167908458477,84,218,175,421,423,97,85,343,86,122,265,278,111,314,88,242,277,183,51,93,340,153,86,335,185,267,135,175,198,96,428,234,106,104,351,102,125,218,95,391,74,226,92,97,127,98,101,196,540,181
135199,2228.46,1672.9074835148535,424,3189,2156,1742,464,1976,1754,575,1743,1139,672,2469,501,3501,1733,1839,1036,1145,2281,4658,285,1269,1657,1177,3576,5049,8093,3291,3968,1151,1159,4192,5998,506,3102,452,800,1896,2313,1398,4676,2908,2667,670,2231,671,361,5295,1722,3893
162983,2943.62,2629.260610057512,613,3295,1360,852,552,2163,1910,2403,10671,900,789,1538,5098,1917,2227,6063,456,3577,6454,8529,1758,1938,2280,1462,5276,10200,2345,6498,935,1211,3620,10339,4804,1104,713,1332,1109,4821,2459,1816,1987,1118,522,2119,258,869,4151,2024,4566,2180
202073,39.98,58.23383552540568,12,14,19,7,14,13,7,6,14,37,32,10,7,24,152,15,199,16,176,34,14,91,20,11,11,267,43,35,12,12,8,10,11,33,9,17,11,8,12,31,11,5,30,20,29,5,113,17,103,192
153583,1803.12,1794.0202188381265,607,190,548,792,1444,785,3855,1280,6677,534,707,1445,650,423,1890,933,2814,673,2855,1462,816,879,115,5239,2543,2877,1091,688,6873,982,734,1339,2483,137,263,4399,4102,3204,2620,858,402,416,1645,7603,184,3178,1749,734,869,570
180197,2762.5,2363.074169381909,5782,3267,2318,7631,2539,5128,1112,9860,3238,1142,778,2061,132,7176,2209,1331,59,1130,2267,4499,988,2043,2325,2137,2481,585,1041,2104,1476,246,2561,2211,938,62,5879,7189,4435,1466,2452,52,8407,573,6908,2327,2654,3231,3832,1174,56,2633
131773,2624.92,2709.771435674972,397,3135,12737,1988,2249,1490,2488,2247,2012,1253,5646,729,2090,513,3925,2475,13102,2463,1841,1149,734,256,3338,1387,7062,335,1117,2592,2466,2948,2221,3312,547,381,1965,741,561,2730,1850,2560,1026,1961,242,3747,183,7012,1885,55,6526,5577
132931,3765.76,3327.4421080463594,4676,2080,2731,7586,1012,83,6891,4234,5271,3293,1534,8244,285,747,1693,3089,1503,3122,3040,284,1117,3923,3694,8141,1153,1056,674,1772,3679,1078,8234,3896,2139,7579,8749,2199,3727,1531,9489,838,1595,16043,4622,1323,238,10184,2380,8277,7057,503
137497,1997.94,1381.5534504317957,1155,634,947,3114,2836,929,1784,477,552,1874,749,1493,2476,2548,407,2495,1334,197,5693,325,2987,1462,1662,1112,1486,1679,2884,4390,2009,433,3498,1930,699,911,1868,1082,2781,5461,6060,1613,2139,3996,985,497,2111,2760,787,2718,2398,3480
159197,1096.54,794.1009812360138,1062,1935,1344,224,2888,1688,2219,696,1440,690,1361,532,1056,2019,175,1222,1531,768,3701,2328,500,227,848,291,660,1951,519,438,830,788,2712,972,302,671,308,1527,300,520,592,1102,2090,384,720,726,467,997,312,935,2497,762
135659,4735.72,4676.724909763241,1960,4770,4970,1444,4857,5491,2437,5542,963,5404,12438,3531,3653,4620,577,3961,10164,1952,211,5008,3809,1143,1036,1374,4498,11253,9694,7210,3064,6247,3776,2788,5907,7130,2602,3529,408,6391,3940,3651,3123,5683,3750,1309,30836,3040,144,2050,3447,10001
161353,1623.42,1468.4027797576523,199,2401,704,40,642,1833,2781,1942,450,1056,3234,255,1908,745,1973,882,2347,1971,2279,1002,5365,64,1188,784,1417,2113,294,622,1267,88,1120,3710,7726,638,3063,273,1233,2677,4170,80,1317,2952,91,929,113,3141,2258,777,1298,1759
205109,249.4,237.2214998687935,72,485,77,391,62,420,242,75,74,305,160,66,60,243,262,86,83,148,339,63,74,1275,884,84,174,63,260,759,82,156,159,127,259,604,154,262,475,491,172,271,80,569,293,71,161,84,163,74,265,212
187489,1780.2,1677.7372023055339,727,959,2512,993,4543,1123,850,837,1097,418,325,1341,2462,1042,1061,2368,1065,139,2424,3136,943,429,3429,481,816,461,3357,1796,479,266,564,2183,2506,5433,3609,2811,1065,457,562,703,6855,1646,796,7343,499,3082,161,1939,4753,164
141527,5574.68,5034.325493807487,2641,7240,1963,512,4557,10225,7060,7398,5815,3774,3744,1202,5400,17755,30338,2793,3423,12459,2312,9248,7812,924,9183,7789,4186,2314,5677,13702,6878,6363,5416,1553,3405,1355,5343,687,547,1884,3882,2270,9684,6406,2688,4736,1078,1239,2648,5807,6813,6606
212197,112.18,80.40539534135755,79,84,147,69,68,83,106,71,85,84,94,87,81,82,73,72,66,67,91,79,92,77,283,61,81,63,129,347,73,186,72,75,72,92,67,330,72,146,56,80,63,70,88,138,347,74,81,378,70,178
178253,491.72,324.0185204583219,541,1392,771,244,768,187,647,274,647,224,65,244,511,573,777,65,126,167,694,95,173,398,269,705,328,372,1222,501,1283,358,504,227,329,1205,692,635,590,465,252,234,351,251,436,734,486,50,600,418,368,1138
205013,592.2,605.1005866796033,1062,99,1697,562,670,91,794,260,85,676,312,2257,83,280,2131,285,81,506,94,120,2971,194,130,65,619,546,543,295,1125,99,439,196,666,344,580,1389,202,801,219,122,630,1012,724,169,1278,672,498,248,533,156
139129,6928.78,7129.954258731258,2095,7119,1204,2500,4462,8385,2748,311,5521,1952,1078,28025,2167,8266,22871,10105,6296,6260,25213,6600,14857,430,8038,5704,2908,2544,2452,7051,3062,1132,2947,152,573,5323,9315,1016,5513,1034,2794,8828,6533,11616,13379,4996,4110,7395,9118,31894,992,17555
179141,2482.88,2449.65941828655,1549,5527,1119,2249,7808,1409,916,12899,4117,3859,2788,337,279,3485,2429,1098,1244,589,989,1049,86,861,385,404,1801,3457,1602,962,2649,2826,1292,908,5212,5021,573,4947,1058,802,2315,159,1971,149,1778,1443,7218,3276,2265,620,5792,6573
180577,3013.54,2265.8971839869523,650,1103,6452,1986,803,4240,1773,1636,3460,350,6972,6306,4246,1420,1537,2391,8821,867,2467,883,2970,625,5080,8146,138,3523,8377,4668,4284,501,6992,2051,5683,1620,3935,889,2488,555,2792,3724,1986,1810,4399,1605,2845,2321,665,2609,4211,822
156433,2646.76,2309.2143994008006,776,576,2907,2075,1075,2688,8142,9158,1826,4992,1143,1447,1582,396,2770,514,1248,5664,948,127,2825,3007,2448,2724,3664,1170,344,2800,2086,1720,4742,1180,2497,739,3349,3870,1072,4449,651,504,3787,1369,3248,4836,1418,11151,1710,1720,397,6807
134599,2027.66,2203.614926524142,1964,287,2239,2549,2269,222,2438,4578,1643,3830,1198,3326,672,1977,953,1219,2000,1310,1485,1613,1117,1211,1042,1666,1294,2629,3364,1197,395,5956,3425,1150,1832,1156,267,1261,4507,2688,767,1155,2697,2681,558,14819,2283,517,684,314,63,916
162049,5941.14,5901.906478452534,3123,7032,1120,5076,10700,1197,5222,2747,27544,1917,2929,5282,2761,510,7011,3289,13464,5107,2877,3617,2654,7236,5670,5625,4015,20175,7153,1627,13123,8972,5611,1266,5749,2798,17733,14574,3511,1030,23427,4424,2807,977,8944,1640,5392,1924,604,1688,999,3184
201277,579.92,385.3922074977645,179,465,507,111,334,374,158,189,579,525,1782,374,1220,773,1145,213,309,665,576,478,898,383,475,247,929,1350,554,103,602,235,616,589,188,870,707,225,1333,501,345,984,775,183,1297,1301,295,192,494,466,229,674
194081,810.84,704.1066214714928,349,514,1554,1378,368,2113,557,860,107,157,849,68,615,1009,620,484,916,991,112,359,206,1565,950,2737,590,475,225,2669,95,948,455,805,568,357,982,899,391,448,563,112,540,321,278,121,820,1546,315,2756,2509,1316
174191,5110.22,5758.098371129135,1248,2966,4522,1845,1765,3925,546,3534,1785,2032,379,9049,619,11571,1105,1021,4215,7665,1751,12297,14245,3568,9607,6605,8329,845,1597,4260,2619,3304,351,10002,33413,313,1338,4341,2571,1375,14750,1089,7018,15587,1040,1517,7684,2691,4955,9224,6672,761
158801,2348.48,1857.3259836657646,3140,2268,4017,2550,1102,2270,463,465,4779,1669,680,3078,1780,4891,266,6412,1513,1845,7845,729,4074,1481,556,1190,1260,1907,1158,4568,544,782,1525,983,2774,403,167,5574,971,2189,823,5115,4809,2997,5678,302,1973,3390,361,2977,4375,756
146929,3291.2,2602.2411571566536,5326,5896,113,504,4416,175,9136,8187,321,4253,6182,954,4497,2133,3147,587,2808,5617,1881,1550,4114,6187,4773,6507,6542,9766,1552,356,6471,9453,4253,2716,3151,185,2873,1706,2561,4736,1796,1356,2176,2153,837,1647,303,1654,617,2500,215,3721
177641,1361.34,1140.7680677508465,515,90,1890,1080,254,720,231,987,1006,1349,883,3064,1434,2029,1095,382,4150,2303,617,371,106,1567,707,124,818,2759,680,1127,1002,3403,1953,3256,688,2014,2564,1371,726,352,266,161,3851,2502,4463,2126,142,2451,359,287,424,1368
149137,3010.94,2657.770346813283,403,2131,4333,504,2114,1026,3224,5158,845,674,274,7368,1686,1861,1021,1114,2787,1083,1145,579,1601,3698,830,2213,2288,11210,2030,1961,1093,796,810,5539,4423,5525,2816,3429,3644,3072,4179,4221,2365,9360,827,8337,6276,4258,1631,10860,451,1474
135761,2078.96,1325.8422826264064,1519,780,2850,1885,1586,2189,836,4141,1511,916,1076,689,3462,2486,2798,405,867,4571,471,1937,1256,1309,1659,1631,1665,611,5154,3712,2417,802,363,5353,1900,2456,973,1734,2655,3605,1610,4118,2195,686,4237,4538,511,2023,1577,2817,551,2855
196891,923.7,986.2224140628725,1378,1932,669,453,323,4582,155,3582,151,322,808,598,1142,3122,819,903,261,1060,275,606,1071,103,1280,67,164,597,143,799,370,941,233,201,1784,1099,125,2310,90,330,147,2002,160,670,990,1020,494,932,66,144,3396,1316
139147,5385.42,6178.537144308514,4852,21877,146,7434,915,4969,7012,1280,6283,4260,836,2376,869,1280,5335,6647,249,4686,7653,4646,10762,990,5802,4360,5187,1750,2489,369,2809,386,1010,1111,664,764,21916,10713,1421,6066,12651,997,9216,771,2702,2384,13769,6374,32323,2533,7804,5573
210677,684.38,561.1211594655828,934,735,1223,915,176,246,465,577,166,1025,399,174,783,250,458,452,180,525,507,195,1508,483,1167,269,184,390,526,937,375,307,412,306,102,939,1218,896,377,2421,298,757,1014,741,1908,507,342,409,823,2949,990,279
151267,6356.14,6081.990430804705,1453,1393,2984,900,2495,5886,1547,2184,5128,7917,3958,794,3165,1827,16144,9364,1146,1911,7823,1757,23411,3186,4559,1290,1353,982,2231,12219,1634,2153,1103,18716,7047,1737,3329,11242,8257,4549,10221,1013,8901,13638,19474,5053,11723,6398,25705,11458,11647,3802
152591,6014.9,5598.556064736693,7036,1542,1290,6716,2960,19559,413,8221,2292,7239,5008,9256,10145,4228,5660,4992,1111,13423,1785,4869,2448,2326,5098,2035,1482,7545,11467,2099,2453,5856,1167,1842,11231,10536,20060,627,3649,6713,27390,642,443,10216,6180,9733,4092,15436,1461,5845,1853,1075
139093,3397.34,2388.4835658634956,5619,11977,1433,7163,2139,947,3205,2568,4170,2187,3242,2838,3308,920,3480,7742,2275,6483,1794,2897,4467,4505,1535,1884,4903,1492,1228,2389,1429,1851,5392,4199,5843,229,1585,1763,4598,2183,3235,436,912,7565,2363,6984,3273,5971,2081,1349,425,7411
204053,693.72,540.1625325770013,549,987,382,1814,564,185,640,294,1681,593,344,191,662,787,211,253,1756,1629,435,721,343,114,254,601,277,875,267,264,1795,358,135,346,878,1082,1749,938,705,178,1560,434,754,919,175,2162,416,723,208,1031,404,63
256027,35.32,27.425856413246244,40,2,4,45,38,100,98,116,70,40,25,39,16,5,3,34,2,18,2,43,41,6,47,32,24,78,39,47,3,4,39,98,43,43,38,2,39,23,3,33,40,44,57,3,35,45,2,32,41,45
181429,702.86,500.1932030725727,593,404,276,844,128,368,314,1321,455,707,447,1042,161,1814,2717,1152,647,344,360,318,656,1576,692,578,1045,568,868,169,307,959,286,1078,680,827,1168,574,1080,359,342,417,454,471,1759,207,863,960,91,961,163,573
169669,1302.4,893.2891581117506,993,922,392,778,949,2169,2215,3246,1942,708,775,1351,1186,1020,1700,866,1358,690,397,1661,344,2212,584,693,2222,768,899,1048,1279,1026,1126,893,1214,2780,813,2873,575,1849,597,1249,89,3512,3390,999,83,3731,572,433,1160,789
209081,401.0,389.2645373007924,533,842,1553,1935,322,1133,122,341,644,62,101,298,731,97,403,548,442,190,65,62,302,977,61,62,540,383,518,56,344,122,492,170,107,95,241,112,1067,699,95,198,263,190,299,214,233,192,323,59,409,803
206449,264.1,345.61957409845877,150,180,98,233,564,291,146,180,365,81,191,165,82,77,266,489,93,561,199,95,113,99,133,91,792,788,403,85,100,2278,219,76,99,94,85,96,371,596,710,184,71,141,84,115,285,102,182,99,97,111
217513,481.52,343.3512627033721,1086,695,250,663,140,334,491,180,459,829,147,326,147,1444,819,513,66,188,251,125,499,209,448,221,731,561,609,468,222,1000,945,488,687,132,225,122,446,626,148,166,326,1591,574,129,463,573,702,1104,184,324
134899,5891.62,5209.70564577309,829,15392,8446,3348,6396,3853,2857,928,9125,18127,7011,8463,2641,904,9380,5781,3995,485,4801,635,454,10100,5692,485,3039,4979,2008,1072,10946,1680,805,7972,23275,1912,1114,16508,4539,8499,13979,8861,3291,9906,1314,951,937,9455,7733,1893,13136,4649
166213,2115.52,2107.7995468260256,1402,3263,5962,2431,396,352,710,2237,954,1841,1611,843,153,933,1155,835,3104,8967,1304,1565,2399,8536,432,812,1765,3275,3738,758,1184,568,665,312,5982,1713,2665,949,3015,955,5266,1393,84,7455,3820,157,552,2512,2462,1012,813,509
184861,1852.76,2322.997568315559,1725,247,2567,78,1524,108,685,1171,1305,1100,92,2363,1046,296,133,2102,2228,1376,1111,380,1921,1498,1365,293,3350,1511,8308,296,2627,1957,132,3862,1837,452,1524,158,6667,3504,1049,298,560,63,1312,895,1231,1229,8564,1558,11940,1040
164783,3655.62,4183.903272734684,2133,2901,1167,2623,3008,1289,2599,6267,1792,4852,2406,1126,2408,1972,3928,2344,9396,1009,18045,3572,4237,5771,708,2004,383,1085,3529,984,8563,6023,740,1816,650,172,161,3427,5162,1119,1398,2308,4135,1520,1562,1369,10597,9591,3138,2331,22302,1159
206711,1094.66,874.394478710839,1213,140,4573,585,2035,994,700,1757,454,400,2031,153,84,646,1734,127,1078,787,321,253,187,934,1265,3065,1785,297,1143,1894,2231,491,1332,727,885,254,324,262,1221,2012,1488,1204,1083,105,264,1202,2428,1124,442,1107,1823,2089
228541,1.06,0.31048349392520047,1,1,1,1,1,1,1,1,1,1,1,1,1,1,1,1,1,1,1,1,1,1,1,1,1,1,1,3,1,1,1,1,1,1,1,1,1,1,1,2,1,1,1,1,1,1,1,1,1,1
186803,1284.66,866.9618125384762,701,1509,651,2942,649,52,659,162,1576,499,3662,3147,941,1163,660,986,2320,1398,1546,1760,1789,1157,2208,265,1545,615,818,637,1827,54,1974,2231,2323,698,622,757,1254,1308,1300,148,846,1400,691,584,2937,269,2703,559,2457,1274
154507,3772.54,3237.817920822602,6650,5849,1371,218,1686,2339,2594,6375,14931,9361,7208,9147,3187,9910,3533,220,3226,2317,1619,8917,483,568,5484,824,1118,1148,1750,8072,1573,2643,1578,1078,8359,6913,571,933,6028,5659,5585,1930,479,5777,1110,2594,152,5257,3482,2781,1743,2297
140993,2247.82,2121.658650113161,1305,304,2201,1984,990,773,596,595,769,429,1172,1695,2183,1758,2612,2306,1342,2705,416,2992,1843,991,2280,720,363,6107,1307,5056,2380,3424,3129,933,3614,4719,1526,1274,9424,702,6709,815,67,1833,715,8829,6794,379,694,2882,2383,1372
152849,5358.28,5194.764333595895,8817,188,8803,58,3004,3629,1372,5733,3415,899,6913,16451,1450,3673,11229,7716,589,906,1429,5034,6463,1654,13073,2727,11988,525,11992,24868,3888,12997,148,3510,4755,3935,2431,2552,1388,71,216,3266,6718,1079,6680,4756,18635,4081,5194,4816,2836,9364
172327,447.88,339.8066297175498,93,301,502,1285,176,105,513,156,650,556,296,697,1438,174,200,293,396,43,116,134,137,407,242,327,264,458,275,151,1304,886,550,132,412,331,1351,137,796,932,320,281,443,587,108,589,435,633,719,371,466,226
194417,750.4,613.6826541462615,626,1077,747,410,719,2292,741,159,1003,392,673,894,693,32,585,387,1222,1071,788,1960,866,959,862,561,186,72,1538,2329,489,749,450,262,670,807,577,2229,558,170,91,651,15,671,20,71,1469,2428,235,569,71,424
173153,3954.64,3423.9245246354367,820,4409,1094,4383,704,7359,11271,1321,1307,2223,4025,1015,3980,699,2279,2794,5722,582,4196,10540,571,5195,673,7230,285,270,450,5048,1057,3329,3847,1935,4224,7358,4049,4152,1034,732,5000,5274,2441,14617,1885,9061,8856,12239,2693,2144,2314,9046
136061,3982.08,3422.299296321115,1739,2452,716,760,2467,14252,4843,2156,8429,2413,820,422,2375,5538,3161,6174,8888,6147,6763,1745,13623,3647,1763,2415,1561,1999,4601,440,802,1089,4535,5245,7537,5618,1071,2174,3119,1021,12776,2881,7534,4774,1739,1821,1076,1477,209,7809,3693,8795
145393,4131.26,4579.36413406927,328,3176,1255,228,15344,4486,2701,1356,6840,1522,2449,2704,17418,1795,2669,3157,1194,140,2208,3561,5890,244,4167,765,4485,1862,1181,1739,6313,6475,1117,2424,1154,3888,4651,2141,6215,5391,1751,2389,1230,4586,4077,8436,26147,7928,6348,4648,941,3449
135137,9304.42,8097.446699028033,6574,3634,5571,2410,1361,3185,3507,17719,3167,21898,879,22792,16409,6499,6247,317,14923,13347,5652,19859,6839,8873,9924,30261,22700,5732,2483,1019,1799,12528,5614,6592,23084,14050,1447,20137,8763,32646,2268,10406,19847,10587,5980,5392,594,3160,7072,3578,1828,4068
172699,2819.18,1920.9832345962834,585,1708,394,919,3154,1783,1100,4954,6091,4467,2649,3078,1142,5081,296,2445,2584,383,3763,1212,611,1415,5755,2541,2943,4012,423,1597,4174,2360,547,8264,2887,6964,3187,2223,1206,4334,2825,6132,1703,2170,3260,2608,1421,2749,7431,1822,3785,1822
213419,1013.56,943.4149492137593,513,2158,1112,153,1181,275,433,199,540,1576,208,2372,3789,1046,42,519,88,2358,345,2521,3158,371,252,369,386,1032,419,934,445,1706,1067,922,616,1409,4080,1803,184,408,1651,1254,316,1648,890,83,396,224,742,1443,941,101
158183,1981.32,2139.6676885909174,949,703,757,438,898,534,1048,707,446,5212,1078,2569,2982,2602,764,497,226,532,1433,3741,1005,878,1206,143,924,2557,2027,5741,3413,450,114,5830,1882,1765,3952,836,10,939,5618,3749,1642,83,5454,11494,1440,146,2446,530,3988,688
184601,1365.1,1279.7651854930261,572,1520,693,388,1081,449,497,2447,2185,860,4533,360,892,668,2479,1481,1136,3204,359,342,463,499,1154,220,792,5903,263,782,159,712,3817,3031,437,1145,235,4664,1265,1550,1198,1394,2498,2080,191,919,2131,1597,370,2207,219,214
147943,5148.64,4020.618602951541,5174,2861,1085,4396,4507,2489,4396,8985,4551,3985,6570,2434,6534,8354,15350,3698,267,5233,9360,8484,2120,2956,922,7044,14210,482,18557,7585,1049,778,10650,6977,3839,1659,9019,1393,3254,6894,8094,2146,963,11551,1106,1345,542,3022,4586,5705,6452,3819
158579,4985.58,5393.59588805094,1543,13162,960,1888,2242,87,1739,1587,14940,11324,3678,2265,945,9490,22341,9276,1043,4515,1149,179,744,3497,4165,1860,1948,752,1994,417,2269,3409,4754,640,4936,12093,20137,4197,2779,69,3317,3612,1310,12443,2498,18681,5514,9385,1866,2543,5084,8013
146831,3458.42,3306.0710947588527,4556,7381,845,2822,10984,1750,5786,2132,2038,1516,11389,385,7835,2204,991,5748,9115,3012,2562,292,7581,2595,923,1254,1214,1383,7038,1308,6061,330,108,744,611,393,126,1076,1485,59,10759,845,2752,66,3696,8420,1262,2316,9348,4017,3441,8367
250997,55.14,38.096199285493036,175,37,99,46,41,38,30,39,32,43,31,32,39,38,44,48,45,37,27,35,41,33,46,29,45,43,37,110,101,41,47,45,172,49,105,38,41,58,39,37,200,47,44,44,11,50,35,84,85,44
220397,171.9,88.5420239208479,157,113,209,155,111,139,104,168,122,111,241,118,143,308,100,105,166,253,111,160,439,83,342,106,385,91,115,70,169,118,167,248,388,164,211,345,140,96,116,154,92,153,120,115,56,112,253,280,177,196
154433,952.7,675.087883167814,377,528,141,446,1653,453,1873,1898,1356,500,1007,546,1397,123,290,152,136,670,460,591,1971,1273,128,901,889,126,1387,908,2666,810,358,962,1684,829,1245,1174,290,1917,802,1169,2867,1300,197,294,839,1692,175,876,1356,1953
259081,11.98,13.10189299299914,32,1,39,10,1,11,20,1,25,1,1,1,20,1,1,29,1,1,1,11,22,1,1,13,1,1,1,19,18,34,15,22,5,1,17,34,1,21,1,36,1,40,1,1,1,1,43,1,19,19
136847,2906.0,2848.0054072982375,843,593,1669,3370,14466,989,1257,414,961,812,5932,3768,4125,1283,656,1903,2809,881,8487,2615,2413,280,5071,3294,4771,341,584,5305,11408,7228,491,2312,4053,990,4200,3912,6631,1211,4358,328,2240,1416,2843,1936,1404,968,605,530,2888,3456
150419,1998.84,1684.1880460328648,634,6753,1195,242,1566,4503,3715,3855,3481,2004,1614,2683,90,878,1169,1144,6517,310,2236,187,1334,4111,423,861,456,1160,3335,1496,1138,284,1920,1234,3040,2415,2647,2511,1334,6680,300,1249,211,1554,4204,664,543,856,565,2841,2073,3727
169511,4465.56,4269.206170519292,3402,9059,1191,180,5979,8451,9823,4286,2476,1458,4032,2159,5071,2174,4758,2499,19407,1163,8897,6435,4204,2267,2209,2222,2180,1151,1098,10047,2195,1985,3210,5586,4651,5535,1563,1078,20718,7879,1114,2770,576,278,3313,12532,1173,1573,5252,3603,6295,2121
151321,1161.76,929.8757671861333,2667,1984,180,1683,534,270,452,326,3395,686,2150,216,700,4174,2034,427,571,557,422,987,106,2486,641,1022,564,375,742,1797,2296,1686,802,110,1237,2330,851,421,517,942,510,1281,2061,2049,277,2076,596,285,714,1755,553,2591
168821,3015.32,2453.2932351433246,3860,531,1227,608,3495,776,4381,2233,6608,6321,7869,1299,935,1239,8948,3729,2750,7274,1571,862,2089,3857,4196,859,4151,1920,2034,2633,1347,1505,979,1820,2710,2603,1771,1855,422,5226,7420,5079,11831,274,2177,3184,532,1278,3877,2773,2288,1560
222829,261.5,187.20921451680738,778,230,383,164,177,140,659,164,239,100,433,188,157,133,685,527,113,96,179,119,106,283,213,157,340,34,393,197,485,288,429,305,100,125,207,100,306,112,291,222,763,175,149,136,104,551,93,107,546,94
174541,2358.72,2262.7587855535994,513,1194,3529,1223,180,3862,5139,1401,1140,1647,379,5238,808,6061,1693,839,970,1790,583,3870,918,2420,1472,1210,1529,499,2697,1925,1745,826,4460,2711,264,1740,694,4479,194,11393,461,3149,2208,2042,984,1923,565,1865,1081,5059,8787,6577
146633,2082.08,1944.4045653104192,534,1514,1592,6061,262,923,1626,5662,1251,1703,1356,755,991,5549,639,6589,2054,1211,1489,2542,1585,1167,770,4052,102,2016,3354,956,2604,411,1110,73,3945,1256,2031,131,2064,728,4770,843,926,2960,7146,1902,486,843,8123,1383,207,1857
147431,1782.62,1755.8176658184072,652,5030,602,3088,588,106,509,350,1826,840,3994,3882,1209,1241,470,1366,2842,622,911,1819,3217,483,254,1493,1505,109,776,1659,3734,601,946,769,1582,7518,887,1063,1711,1919,3043,1014,575,3500,597,3076,2229,1292,481,2014,8853,284
219379,171.54,75.93371056388592,149,321,134,156,132,100,152,137,93,311,156,160,123,131,183,178,137,135,222,134,184,389,143,147,162,144,160,135,126,127,148,141,163,225,191,124,164,66,150,224,152,521,228,133,130,156,148,273,148,131
194923,866.14,659.8938099421755,1374,956,776,124,233,746,166,1033,798,1678,1079,3231,927,2390,1188,356,619,844,495,577,586,613,592,862,1721,598,2460,303,839,628,956,376,553,261,981,969,451,1556,2154,441,1604,438,194,1501,270,851,137,194,472,156
229871,227.22,233.95728584508754,236,40,56,91,57,99,40,50,279,375,95,405,123,498,512,49,456,119,50,51,43,120,198,49,706,284,102,296,45,345,436,46,1208,49,739,350,158,73,381,220,29,43,121,50,379,599,73,42,123,373
153211,2499.5,2476.815182850751,413,3197,1153,1883,848,1040,1311,139,246,1841,4120,2992,7189,4695,2430,671,2867,2741,543,2742,1002,3755,221,358,3583,2871,272,2926,4222,787,1217,671,558,2094,1364,14136,7612,372,1749,2457,5842,3742,2385,439,2374,3848,1479,132,6606,2840
144919,3486.4,3413.9675452470256,6881,6227,4392,2006,1804,1194,2723,1589,942,5116,3054,6208,316,6725,4053,2906,5274,874,4796,393,442,6157,2530,1383,4499,6641,18578,2585,162,1214,865,3199,2318,693,941,1996,264,4673,3642,546,1660,2075,5112,3624,6472,12047,636,797,10666,430
175561,3627.76,3078.931149343876,580,5811,817,2102,1486,1943,5207,963,2974,1071,5865,5426,1716,1195,2750,5971,2155,4231,4536,3295,6832,513,895,3472,1722,4324,5072,4628,1261,9554,15758,1339,10010,11972,2287,2030,2655,5519,7326,2642,882,906,684,2755,742,1856,3855,2864,3418,3521
137759,2558.26,2015.8403985434957,957,5402,3696,1387,766,3822,999,4230,2260,1443,2177,722,2573,3290,1854,10117,4321,2211,182,304,2090,1514,1377,3006,700,1843,2725,504,2426,168,1513,3194,1715,1059,1371,1884,751,489,3888,2407,3099,5679,1967,7077,4912,1626,4849,6808,4479,80
175793,1940.26,1678.8389298559882,281,869,1743,61,3573,4034,98,6781,1559,2620,2604,4673,513,1530,1231,4898,1541,3884,2364,3784,1203,474,673,524,1878,636,795,5107,1430,801,1557,3709,1738,1193,1616,2326,2422,960,636,1922,1996,442,704,250,515,205,4733,6574,586,767
142349,2372.82,2334.996365650277,3133,4016,198,2116,1031,6657,785,924,1927,3879,4745,527,724,2095,827,5682,1015,360,1488,927,4145,1885,317,3047,948,2652,2178,2991,1507,10767,5381,1773,1891,1502,2390,1890,858,923,525,5755,5445,1201,1595,1100,10228,566,381,446,499,799
200701,326.84,206.7836898790618,411,306,101,96,351,110,338,527,376,355,183,103,46,246,422,99,617,889,564,158,115,598,182,171,412,923,255,517,101,188,450,293,107,213,488,82,348,98,360,333,275,160,625,437,488,542,277,95,661,250
225847,461.28,425.12374857210693,597,40,223,275,1245,269,643,32,962,373,45,105,93,502,646,187,35,744,756,329,323,79,1026,52,560,63,203,530,1343,697,1169,967,48,353,178,390,43,463,1048,227,293,1890,253,40,33,107,36,1033,985,531
170771,1003.58,652.2468272057749,2468,1185,1464,902,1107,374,1496,1283,274,464,504,1307,297,406,681,931,1414,695,121,2126,729,900,579,1127,1781,531,647,802,668,826,875,1710,486,1049,686,3115,355,968,676,208,110,1314,701,1308,2272,1468,1349,2478,340,622
171533,2355.44,2048.762369431848,1358,77,4571,3210,177,917,600,915,2042,1951,321,1501,6320,5325,4862,1442,1865,734,1476,3381,5052,3585,5656,3389,1167,1608,268,1082,477,567,2722,4712,960,9499,1776,1954,1782,1422,6035,6653,3116,1551,1074,1860,665,958,3065,842,732,498
142333,2397.18,2349.3272287188943,568,264,1498,3086,2012,1342,5264,2303,526,7649,173,2151,1359,2807,749,3692,1296,552,798,5535,389,9074,3787,121,1005,1116,1180,223,1040,4406,2325,5324,297,1465,2507,10440,4855,2315,1853,781,6973,1648,3822,3309,550,2414,932,366,198,1520
164063,8124.68,7772.7704261479375,7062,10500,5890,71,5648,2393,6302,3657,5273,5552,540,6702,9187,15979,1516,3993,17791,13469,2061,12928,4435,1570,3188,6484,2905,3709,5635,11420,11359,13615,1592,1506,2394,4826,18868,33664,3016,12049,186,14049,11430,1398,25754,13260,30100,1598,4696,23523,618,873
215071,102.48,85.42206740649631,73,64,74,405,81,70,71,71,63,64,82,70,77,76,74,87,85,270,72,26,239,66,69,61,190,71,69,68,71,473,78,48,68,63,75,168,86,78,70,144,73,74,70,70,272,73,74,71,73,64
139639,4193.72,3423.7178332333406,3519,3421,3426,7139,1795,1378,424,2681,735,5431,7244,1905,4968,385,1186,1861,5821,8934,689,4612,4528,812,2915,5310,6915,3045,1563,1257,3984,5474,3881,3856,4389,1597,1996,637,7556,3294,9990,1709,9951,624,16505,3716,10371,1410,1593,8220,2774,12260
136529,2347.82,2315.3605394408883,833,928,2518,6755,383,1862,352,337,1053,837,2878,679,968,2212,1449,1461,1574,4643,981,5428,1167,10697,1057,5012,3070,660,7045,1001,993,1387,532,3774,2593,442,4619,4959,1889,4023,1274,3835,1288,2297,3137,548,9129,414,185,615,735,883
216067,851.3,718.8726521436184,1341,2049,661,1166,351,256,356,524,2256,913,1194,527,1547,2087,331,1424,170,1766,189,146,487,3214,693,136,1229,617,151,313,128,340,164,346,259,518,1611,1594,356,841,1274,707,190,1476,124,2492,506,137,824,276,987,1321
152701,2343.7,1699.4672488753645,310,1146,937,2762,3661,1896,203,1652,4117,2067,2195,2482,3707,5729,2936,6824,929,2428,1256,4460,5075,4285,416,296,1817,4586,2327,1135,1312,1823,1413,4542,1140,1296,3354,4136,7224,668,383,2802,3193,1383,794,1663,537,791,1676,625,1682,3114
157601,3272.72,2704.1809779672662,2119,7995,11181,1690,457,372,2864,681,3351,2858,410,6928,1503,1069,1305,4144,3308,739,5185,10080,1413,1206,6083,2131,3251,4151,356,2436,2176,737,1159,4235,1374,6119,1713,11483,4039,6097,1839,1361,3033,4197,2717,1934,7257,3137,1928,1906,1477,4452
143641,6318.24,5753.343103135776,183,29560,9159,545,10322,4561,1806,12372,1368,1629,2578,3376,4994,10925,16322,8481,5367,2478,8534,779,3070,3085,5395,13547,10614,15762,12752,156,830,13979,14696,355,9214,1806,2775,2795,7681,620,10076,1568,4170,2895,7730,4934,2416,1496,5335,475,12127,8219
190999,2204.98,2175.4630632580274,7381,424,494,1076,610,2378,224,1090,1598,1558,2034,9100,2452,4347,3449,4295,653,6820,712,445,1957,246,577,2209,970,3628,2468,1677,110,5483,3503,926,678,4927,1954,133,2056,363,102,1070,2092,2209,2317,647,9116,1437,1871,366,1642,2375
151843,1503.66,1100.8399086152353,1187,231,4371,1489,3937,2013,2473,690,2457,2152,3456,2071,552,603,733,979,351,2374,1856,827,290,2643,2696,3904,1418,778,3097,325,563,448,959,1416,163,876,1135,378,1177,2747,1533,1374,2353,1567,382,1447,3055,71,2188,365,577,456
142763,3542.28,3377.8088343776944,186,2551,932,15155,324,9220,9995,7887,896,1809,1862,3042,8857,3139,8252,1220,1805,3351,1937,4501,977,867,6181,1462,2848,1036,3789,1286,9025,7584,657,3256,4035,2373,80,12079,3592,3096,885,792,1363,5445,1943,2906,2131,1103,2132,566,650,6054
162521,7640.72,6488.970713572377,15316,2040,10857,16355,21538,16766,8880,5416,5284,1782,1150,6234,3502,1009,28944,8875,3376,4037,4566,2316,13842,5194,9954,4183,210,1309,3507,16198,1331,2083,6911,21747,9901,6445,3742,10439,3308,22449,1996,10109,5078,3239,13780,6011,6352,4297,2456,4568,10794,2360
144293,5040.94,4324.093923170495,2073,2574,11195,12330,4722,3185,10688,2219,3689,17440,776,4888,1406,1092,2962,4013,3867,356,1298,2470,3939,5014,6170,6438,7171,6756,3606,3199,17626,3200,5923,285,4334,2033,1070,1514,1390,8707,8916,12053,3298,2117,4748,8814,5675,3655,1162,391,16591,3009
161113,2730.66,2070.2802188109704,1683,1087,3077,5997,3715,4359,4638,219,605,2418,2992,1971,2320,1430,1706,529,2869,436,323,6316,934,2140,3963,2460,236,2371,597,1048,3506,764,3713,910,2888,825,7048,3987,5568,1897,3473,349,4008,3194,8799,593,6935,261,6528,2136,3605,3107
181187,688.42,436.93153193606895,191,1126,1092,495,324,376,937,731,558,673,251,509,588,1340,2162,727,1250,503,341,1762,614,479,563,183,891,594,517,1190,674,1672,1068,769,328,340,661,633,515,330,476,257,895,501,544,1561,437,215,204,556,117,701
160889,2413.82,2305.0069560849483,100,1348,4921,197,967,2056,1467,1869,1387,1030,1711,4457,1108,1787,2310,350,2488,79,3140,4037,2037,3410,1247,7301,3107,1060,5594,973,324,3696,216,4085,1790,5099,655,3053,877,1941,449,11062,1532,350,2684,593,663,1065,1735,1924,9352,6008
145237,3697.02,3777.6634709301466,2375,9671,5789,3963,201,1884,231,3480,11392,2647,7608,153,3531,1653,1493,2290,8716,2041,5206,1229,971,3015,662,3402,7035,5440,458,775,9223,993,210,893,1017,1223,285,5130,7846,1612,2358,4995,1205,6193,20255,2072,5336,960,9805,690,2903,2336
217799,413.04,296.48203722991383,139,652,133,171,757,554,599,597,774,427,120,289,207,266,351,893,181,81,495,215,358,114,446,238,645,125,225,213,449,970,903,359,306,115,661,1189,1412,611,516,158,332,278,118,638,361,180,102,305,251,173
192079,327.86,256.13059247188727,341,569,362,213,384,410,87,149,154,111,1048,197,364,91,96,733,260,248,186,880,115,227,354,206,102,126,256,237,548,86,253,427,96,151,169,233,594,54,806,444,1221,446,109,528,270,548,475,154,108,167
205027,827.08,801.5735235148427,691,565,497,1013,669,191,3554,138,182,396,718,1409,360,2902,112,2799,612,1314,1618,573,201,1964,431,1880,1983,1025,361,171,260,620,206,318,388,184,306,704,206,244,512,553,926,177,1600,196,966,2397,598,1257,165,242
141217,2954.58,2468.046904659634,4291,4344,945,54,3770,1651,5206,3368,1917,4695,2490,1286,1420,3756,2501,2273,3419,937,4995,15549,121,3390,501,5484,2335,886,2508,7001,2296,6105,3058,3150,927,532,3916,451,2418,3137,3418,1669,1990,2479,1537,1800,1244,6429,1616,5398,1589,1477
154009,18136.96,12587.141221039828,6493,46985,12730,34234,33671,25655,14002,30527,3305,1802,31304,26898,9317,397,1541,3317,9333,33537,13572,11664,2807,30659,12347,2795,18601,17685,13156,31277,33027,4816,15446,9242,5503,27956,41419,25786,20363,14290,1857,19095,39896,25570,15406,36217,2140,3526,32758,27074,9151,16699
133907,4396.4,4451.504033470036,805,1150,254,2182,6016,586,536,1015,1491,9512,1017,824,15160,604,387,244,462,482,3233,4629,13719,1412,2170,5803,10567,2482,2864,7419,3861,313,2402,3648,3940,10989,4003,13430,989,4184,3227,13317,9220,126,3022,6016,15530,3868,1469,5644,12268,1329
247883,2.78,2.166010156947561,2,2,3,2,2,2,3,5,3,2,2,3,2,2,2,2,3,2,2,3,2,2,2,3,2,3,2,3,2,4,2,5,2,3,3,3,2,2,2,2,2,3,2,3,4,2,2,17,2,2
145699,3587.92,3819.6452025809936,4234,2061,656,2111,6047,448,2485,826,1734,1269,14389,309,9288,1196,9066,3177,176,584,667,1897,2737,4840,47,1429,5496,2909,9971,1062,7343,2728,908,1874,7795,8319,191,4639,3887,5448,1167,52,5294,1039,887,19487,702,3232,3632,5153,2620,1888
203257,378.34,358.8334772565124,819,178,254,90,500,287,91,285,362,80,171,451,1082,961,882,170,344,350,68,257,1375,373,158,91,969,77,97,237,74,84,135,357,1001,227,620,1028,130,71,79,360,247,1448,75,195,201,376,641,75,354,80
139351,7326.1,5768.237170054644,12587,777,34921,10477,3962,3297,12305,6109,3605,2151,6493,3655,2260,8271,4994,3074,11485,14095,9780,3090,4784,16960,4547,3432,4618,13448,17623,7840,11968,4683,7471,3739,10570,7432,872,6976,3971,2449,1198,1620,6080,8945,14420,4328,8158,1762,7700,6106,9452,5765
156263,2291.64,1892.1458797883424,590,1519,1625,519,423,446,497,2645,4051,3499,93,300,5039,1442,334,3766,1815,2848,978,509,2108,9121,1613,2544,2940,6885,2022,948,7093,1940,627,972,2531,1244,4864,910,2181,3007,1306,1469,2718,2864,1950,4113,2847,5398,626,2100,1357,1346
134903,1618.1,1697.8727190222476,1218,339,1044,122,1722,179,1830,804,283,5410,828,213,3257,1275,2703,214,2058,765,385,270,845,439,316,574,3450,910,4065,3151,6116,767,225,6951,2945,82,605,319,652,1370,2454,758,996,882,661,4512,898,460,5362,480,3350,1391
167171,1848.04,1650.4425946999793,564,105,1786,3625,1002,1544,5307,170,846,843,3839,2091,1077,1704,1552,1589,2151,289,177,1635,517,1839,1117,1568,2531,2342,1335,1481,730,810,930,5617,7036,72,2063,235,3667,1844,658,212,491,2580,3689,4114,1945,1740,6888,878,568,1009
161587,1597.96,1120.1754676835233,1645,279,1996,864,3359,1418,1989,142,935,247,1489,2145,2360,1412,1761,999,851,64,1990,1003,1613,1709,3151,318,948,588,1692,2490,628,2142,1115,1841,587,329,2925,965,137,3382,4748,1685,2340,984,1341,271,4680,1733,1062,4164,1036,2346
214289,243.68,164.55484678367878,153,772,125,100,167,99,155,139,370,116,281,181,292,220,330,146,115,439,133,407,255,458,242,31,97,129,486,124,35,155,119,112,149,521,115,226,235,690,597,160,229,515,110,113,201,303,277,291,222,247
170377,3629.68,3546.5615090676206,4285,15356,2935,849,434,6243,2223,1247,300,3184,283,3163,1394,2369,10138,2722,209,760,4185,11311,873,2935,104,3203,478,682,536,2098,6622,2893,1063,9767,4226,5934,427,3121,6273,1518,624,10264,1346,4409,6073,11627,373,8578,2278,2717,1543,5309
149573,7328.66,6475.616905314891,134,734,25681,10955,6085,9197,10352,5434,3364,9946,1328,2057,8398,5250,397,7731,6517,5211,12705,14072,919,4344,20829,4164,10158,1311,7030,1396,2691,18216,9679,7777,18138,872,1392,1739,16327,4221,6131,4732,3318,7549,528,10426,6181,3093,13445,4286,1445,28548
139949,4240.72,3591.796464389373,1720,10522,616,2496,2430,1022,1443,2202,4431,6231,5160,2539,2376,3432,3286,6146,7454,3703,1591,1232,4850,9337,165,1211,4851,1446,16569,1502,1586,4344,5217,2915,9534,5107,2796,1836,7500,434,14213,6863,1623,5269,2339,1875,482,1763,11862,1542,5100,7873
181541,1329.46,1232.4993502635205,695,1468,1103,975,170,622,217,343,785,346,5289,391,2332,1014,412,723,511,2181,1010,969,2471,50,159,1442,4526,2388,1502,731,420,2773,810,313,737,2194,2577,519,832,3264,2841,482,660,459,4840,392,405,1469,515,1813,535,2798
143041,9311.9,9396.13759424584,8633,19536,3176,14501,20287,2718,10408,554,4223,9917,4139,4077,30702,7217,11872,11663,10679,10376,10186,8076,12743,1860,1013,2063,25399,3984,5152,22125,576,2491,851,17011,10504,2528,1721,1355,6371,4424,2889,23748,16767,21071,2037,1065,7533,49730,6825,3958,1957,2904
159559,3188.5,2792.8453394343196,7717,1333,2148,1327,644,7595,8798,191,885,4159,709,8322,4289,3038,2054,4625,2126,592,353,279,1797,1027,6676,903,624,5577,860,8344,3939,1473,2103,1522,456,1975,570,9618,5936,3107,9220,1614,5955,4782,632,5117,5105,2400,1051,277,5033,548
162581,1807.72,1476.6770674727768,337,2803,2225,485,1105,670,2471,818,1378,305,1707,2028,5752,3005,503,1485,437,1818,1061,3283,1062,638,4656,3057,6373,5284,869,845,1822,3608,1397,3101,1833,202,593,2307,757,311,467,798,1969,3041,1678,1490,114,505,4062,1064,2020,787
133901,5282.38,5563.9924474786985,14393,2538,20588,619,9366,5314,590,4056,6166,7307,5590,11329,1907,678,6877,2042,1657,10314,8343,2429,2569,26502,2213,4482,3232,880,6487,5718,5735,20670,5975,1913,1459,3940,131,3839,3170,232,1556,3017,1282,2449,564,796,1910,4492,374,9753,3806,12870
182293,853.08,938.5108596068561,331,548,294,1113,1037,2693,1129,211,110,826,503,609,458,2075,674,2235,976,346,936,1459,291,1047,795,921,42,632,1735,248,504,376,155,1121,618,406,419,182,1241,6165,863,783,1102,317,192,488,490,385,822,170,1166,415
200623,864.24,982.8823644770519,377,253,92,464,81,1515,83,290,1373,759,97,83,1536,3674,101,1964,208,612,2006,997,87,85,81,174,315,566,1229,1250,107,1577,1882,83,4126,1082,628,3652,85,79,83,608,722,874,926,688,2636,95,105,109,1316,1397
158177,2626.38,1999.6844640092597,1282,1007,1521,6111,913,1736,753,3297,863,3740,7268,826,2280,4533,726,936,972,3349,3672,1650,2651,1028,4628,5650,1527,6196,5561,1988,700,2724,786,4473,2267,7118,1105,101,216,4268,681,6728,2216,974,1950,2122,1416,1894,6208,2522,3410,776
195673,584.16,468.7484340240509,1174,690,330,1719,190,1360,296,754,555,699,1408,455,1156,176,240,139,409,112,215,550,336,203,287,506,2096,714,162,342,206,354,337,1617,153,178,1448,664,1009,139,430,165,294,726,700,295,377,927,836,575,294,211
143029,2495.88,1643.7862469311513,1341,2436,1199,5113,1183,1423,524,1333,1079,4652,60,3814,2664,5768,2044,1387,462,2035,2795,1600,2965,176,3098,1695,3721,2575,2960,2124,2436,5081,2527,7608,676,1675,2188,4246,4816,1131,2874,2238,3364,1298,1558,3532,2584,983,1635,1784,7015,1319
132079,2213.3,2021.8674758747172,1581,4985,442,10360,1938,926,2172,2030,2946,2197,2466,3233,638,4257,3067,6028,828,1747,2729,225,194,1161,1553,622,1077,2884,306,579,3090,1502,959,1030,3241,3563,967,1188,1885,3031,47,1830,662,2134,2047,1327,2631,9749,2674,1832,1450,655
164851,3329.56,3241.3447589542216,1181,3613,1910,2750,2655,644,6915,2132,3202,2767,595,2304,11381,781,5203,297,3938,1435,380,1463,2494,843,7954,470,15105,270,4676,967,4060,537,7351,6656,1980,4079,505,1763,1810,674,2660,1450,4017,743,6285,5173,6014,2050,12995,4801,402,2148
174151,2449.5,2264.5919389594233,5589,1282,504,5816,956,3881,1262,2081,1852,1081,495,2066,9627,986,931,1352,423,544,932,2842,5892,823,192,272,2251,483,2076,319,4570,4548,905,6361,5647,1812,2398,3417,444,541,870,5283,3926,3114,667,4427,9012,1348,3280,384,1573,1138
194927,622.58,651.0800285679173,78,1157,270,277,218,371,477,289,67,1277,136,288,956,201,231,1143,1240,74,67,1964,67,56,69,1125,457,699,56,1788,907,1806,120,68,1653,493,1266,455,396,3135,66,76,66,1565,200,562,1038,593,196,123,608,639
243013,78.48,115.6123246025267,40,38,37,38,37,42,38,40,94,41,40,48,29,38,38,46,40,39,61,186,30,42,43,165,44,39,259,37,635,38,131,37,30,40,44,39,567,113,47,43,45,37,38,43,129,35,45,44,44,31
244961,147.68,125.05205955920918,177,422,97,632,221,447,41,344,285,75,91,234,298,261,116,55,240,75,38,206,186,41,113,227,120,96,44,224,244,45,38,167,197,100,40,39,45,33,44,113,93,65,112,46,46,257,132,39,38,45
206989,445.14,305.3406628669035,285,894,265,575,437,297,102,90,901,259,325,1228,587,154,771,514,113,273,404,195,281,1346,361,205,359,192,694,678,619,589,946,204,728,271,212,301,329,76,264,850,114,118,351,725,990,613,594,141,234,203
146171,3514.52,4651.821798994454,3094,858,2278,1233,18778,928,4298,778,920,740,1151,2047,3690,3201,8163,9536,389,2180,350,18323,3727,2185,1472,4657,211,405,1133,1161,1336,1597,587,2985,532,3924,155,2732,2357,505,419,6207,2644,5957,20315,288,3969,8108,2111,10625,395,92
189209,458.84,414.4878459014209,463,329,247,224,895,315,187,213,132,148,299,154,222,1666,325,1370,172,366,310,403,148,505,229,419,367,139,630,321,417,1034,334,1474,563,245,918,145,2047,615,863,283,567,150,301,130,258,164,343,224,513,156
158911,3136.16,3077.2897059588004,4648,3134,1791,274,334,1787,3834,5812,293,7875,1909,1048,1631,1770,972,8416,1681,3199,1179,1188,1083,1139,1730,7127,8234,198,5048,2050,3405,4153,4741,4401,15383,1980,1772,1185,6081,3156,1386,3100,7380,2016,2965,10975,972,384,525,1122,204,138
171107,794.08,549.2878604156476,499,1137,519,1018,168,914,1919,2430,94,261,353,569,419,441,1176,619,574,1029,854,1656,683,204,232,1051,469,738,508,1172,1729,1639,615,923,1876,399,449,881,2260,499,901,373,560,110,1007,136,387,714,719,671,903,247
234649,20.38,17.078512815816257,72,12,11,33,11,29,31,13,22,15,25,17,23,36,3,11,10,22,3,24,35,18,11,29,14,19,3,13,29,3,12,19,89,13,17,28,4,17,20,3,27,13,3,11,17,69,3,8,16,33
141367,4472.14,4229.870059517196,1686,4418,13627,1957,1471,155,1838,2033,1970,6426,1998,890,7481,596,3205,933,2057,12786,3979,5974,1958,697,3872,10181,7253,1300,5011,2165,5131,1062,6339,2251,1909,7612,805,5334,12250,8886,3654,1249,5331,5782,6684,1900,10710,1491,22019,2458,1343,1490
133457,1881.32,1236.4599215502296,1671,1439,1103,2084,398,3701,275,1076,2994,2498,2203,1986,4878,545,1838,2979,818,1333,5665,1845,3520,692,2455,245,1506,2367,1023,3680,2797,1760,305,2340,833,638,1339,2582,1014,597,3298,892,3362,1576,1983,631,3798,816,411,2384,840,3053
171953,4463.6,4706.941869197027,3850,2568,935,1692,1310,6292,1036,4035,1069,545,3370,1242,25544,834,659,5207,5764,2018,2709,2895,9833,4466,738,2237,2772,1067,2436,10735,1789,8057,3653,8983,7488,3393,680,962,1881,6524,14478,3416,1191,235,13643,13092,5656,1633,9806,4849,1527,2386
172189,1036.82,874.2174715710045,982,1950,567,468,1072,326,657,4822,1013,289,255,1784,342,1312,1880,110,1353,1810,1360,1037,2215,158,447,727,167,1455,526,2821,819,1489,393,918,198,635,782,642,631,321,503,2225,1936,394,889,389,570,2013,2537,285,978,389
131147,1899.14,1550.0388770608304,2175,4225,1600,1370,3394,589,649,727,1221,1208,1661,342,2086,1788,1276,1871,4065,2460,794,848,388,1062,2143,2236,202,2836,1456,328,1124,910,1125,1040,3324,3001,3406,188,5953,438,1974,602,1137,3172,1194,1540,7861,155,3295,2020,5247,1251
131093,3887.68,3555.993180195935,8415,2490,1395,8388,2654,8887,9352,1186,16182,1056,5260,838,1612,1570,1544,3615,204,499,4537,1956,9289,998,1041,9893,5540,5820,13354,1604,1324,5610,5921,4862,5181,957,5183,1891,321,802,7958,1934,1564,2364,1881,4012,1350,5388,4002,1188,276,1236
185663,883.32,755.6293122953873,2008,713,1322,137,849,1295,551,413,360,202,1429,503,675,464,2218,141,1686,876,505,511,168,339,234,511,968,3968,2083,1085,2042,111,537,110,1396,320,2244,943,1158,395,691,834,757,196,114,234,1604,488,1176,1706,124,772
131977,1931.64,1384.0623650688576,4666,585,1747,780,1030,3673,1097,1789,554,382,967,2364,645,1567,523,2443,620,1179,680,3420,1635,2660,2462,3377,2631,151,4093,151,5166,2021,1716,2576,763,1541,2748,3353,1142,5284,740,3924,545,3013,394,2166,4883,632,1966,1811,434,1893
156379,3143.6,2648.6836730723435,1915,637,1116,4763,282,2400,5747,1154,6864,1632,2666,3960,284,1828,13877,1180,1090,4661,2061,498,2382,2564,6006,511,6880,733,5967,5920,200,2500,708,3059,7352,4029,3963,7280,6513,4859,1596,4683,2237,1313,4975,3091,4080,687,347,135,1608,2387
175547,1115.9,735.0998095496965,522,1122,427,85,1849,1823,1674,293,1057,332,83,1251,1386,466,646,757,1426,1684,1251,1470,869,708,764,2377,89,1669,373,702,1512,166,2110,2105,493,1553,599,2832,908,893,1234,353,1290,669,1642,2590,1096,1958,3054,375,256,952
153193,2894.74,2542.2154260408383,6924,1413,2892,2702,6754,193,2912,7740,1567,150,399,2836,1054,3186,1270,2059,1727,125,100,1382,846,7792,4753,2152,2132,2560,3317,339,2399,5276,2867,859,2445,1243,828,7893,5551,4780,3296,267,1429,3779,9776,934,7960,1321,244,7728,945,1641
134983,2330.7,2254.54426658693,5071,114,4193,795,1065,4151,3837,5014,2108,2179,1087,987,281,3828,1378,3451,224,3035,2387,861,484,2763,2655,859,736,889,1195,4078,2108,667,1463,3784,4887,246,1624,1907,722,13968,4899,502,3394,1334,662,750,647,1604,2356,5444,2818,1044
149927,2298.86,1772.5003245133694,2571,1422,3875,2508,2653,1405,2448,2656,998,352,321,1864,2354,452,4953,6884,599,1001,3057,1232,2943,2133,2978,2015,2713,1287,996,5959,549,1478,3037,3846,2179,1020,5617,1545,2002,2033,4364,1377,1433,3078,310,833,4894,420,73,1850,137,8239
138953,3680.0,2616.2648872008353,2840,2466,4035,1130,6291,8634,1717,1662,2654,2328,4982,5988,3116,2792,1381,309,122,5659,1055,3401,522,12313,4643,6938,5635,7167,1578,3576,3326,1495,2697,7040,5575,5085,3485,7560,7066,902,254,544,2836,6794,816,1486,6653,1941,345,4322,4395,4449
158299,1798.7,1627.5127311330011,572,1930,1672,2380,1488,743,3172,1329,1335,778,6256,5779,1152,3818,386,383,1854,557,620,216,122,1751,695,354,2418,3716,357,2145,728,6556,4460,926,1094,1641,1729,533,5919,3179,1475,3010,339,1285,352,250,469,2101,1860,1444,1749,858
245009,205.72,201.39950744726264,257,192,51,125,850,188,42,46,53,133,458,326,208,201,290,52,1003,172,68,123,170,32,99,48,43,234,601,124,445,121,258,317,137,123,81,55,460,504,78,258,47,37,327,42,137,56,43,112,294,165
193997,621.26,513.5481597669298,75,441,480,2629,178,1238,439,171,280,384,494,180,329,137,675,574,1900,333,549,807,214,1123,420,274,1036,248,975,281,2104,554,595,479,530,236,1043,522,508,296,460,306,899,240,254,354,742,761,341,1034,1530,411
179329,852.02,675.2224667470715,640,1018,1644,287,151,1110,332,742,234,1249,379,997,642,1301,380,739,280,806,2488,3539,755,1326,238,1816,76,1208,889,1473,1258,702,597,302,1618,161,269,803,454,2208,325,197,1256,342,413,539,72,693,1509,1036,812,296
166343,843.6,659.4914101032704,721,739,3038,689,2933,776,364,333,651,377,1355,249,110,548,659,442,709,421,678,457,1227,612,2081,217,666,427,577,280,486,582,886,458,449,2409,732,1339,304,718,538,802,2258,1113,448,1356,715,1013,974,1498,53,713
140219,4849.62,5115.690748628185,2040,274,5894,734,2800,3741,11603,2339,3270,579,2512,3389,2467,9428,668,3299,3416,2060,2045,179,1371,345,3125,5824,3704,3862,26184,17640,15048,4967,1051,3342,1706,773,382,15128,1924,6754,2968,10675,3931,6796,3700,10963,1823,10499,5375,6185,172,3527
176147,2091.16,2410.2329460863325,13739,1444,4273,24,1755,524,1065,254,552,5783,878,874,4817,561,3009,280,827,24,6046,1442,348,6123,2139,498,3603,5282,2079,1005,2692,3942,880,903,855,2728,1635,146,1891,775,1539,1290,1227,221,625,826,2821,1142,682,6347,309,1834
210281,203.66,227.99970263138505,96,39,96,230,79,77,144,126,108,85,75,104,88,393,808,65,93,117,462,74,70,683,134,113,372,95,97,125,147,74,124,117,75,581,66,82,73,182,276,327,744,77,137,1158,72,69,159,65,107,423
168137,1627.06,1467.4149162387578,2580,1676,412,343,1927,3064,1239,1832,1410,2114,1133,108,761,663,1248,1631,1678,2251,2574,2679,844,586,1375,1339,1857,95,1899,317,5457,2088,336,370,1198,7081,473,1670,3455,1228,1511,6727,1188,286,502,1379,187,2210,530,284,1282,2276
243811,69.08,16.67314007618241,72,85,75,71,90,71,77,72,71,70,72,20,74,36,70,73,77,64,70,72,64,70,71,84,83,81,12,81,72,61,73,69,78,71,74,82,76,40,74,80,75,69,73,80,8,73,76,76,73,73
176399,2248.86,1873.76232228103,2240,654,2019,2264,583,860,2374,3772,978,1149,8094,5921,697,4274,2537,1265,2002,2229,263,3278,756,392,826,2350,1644,3811,3614,821,5414,1789,2033,1446,199,781,5519,143,8308,1699,523,588,2859,920,2293,1758,4519,1242,3948,2152,1509,1134
214369,2273.04,2367.29432018919,3732,666,14231,2263,68,107,1215,7246,2737,4109,485,709,4434,4087,4219,820,329,892,2434,299,3534,3342,1705,1524,5355,3627,1033,2144,2278,237,798,766,219,2495,2545,1177,2873,3381,345,1015,316,4586,2183,1527,1654,501,1074,681,704,4951
154421,3994.76,3694.3131678838495,2009,528,2672,2493,1563,5234,1610,3201,12843,2949,6937,355,265,6007,1735,749,15730,1516,2348,101,2162,337,9255,9026,2476,419,1115,4528,2067,2491,3697,7497,3104,14190,6494,6742,2484,3248,1093,940,5717,4172,205,1476,10004,2912,6785,644,5166,8447
148619,3813.52,3680.065152901508,4550,3851,3755,642,1441,374,3182,7483,646,1509,6792,1538,3251,4302,786,6719,17067,1846,2406,12082,1683,2627,1286,539,1209,3357,2362,697,4201,5575,5295,1094,983,4192,11102,5217,1549,4562,3862,6820,498,1155,1073,7576,9258,1135,742,415,14076,2314
171359,3419.34,2921.01758714322,728,8235,5984,3626,316,2540,521,2793,2386,4692,4166,2256,1313,2986,1717,8020,1174,2269,605,618,1596,991,10050,4945,1580,3308,1124,1204,578,5863,7105,4079,239,4510,1551,4779,257,1248,7149,7685,3089,847,1092,5555,5993,884,8611,306,5173,12631
162733,3569.02,3518.8459840692094,6781,5030,3665,5343,508,3589,269,1264,6745,1329,4699,37,59,7067,4016,496,11057,14089,5722,1828,8201,15180,935,804,1107,6539,611,512,305,3723,1888,6473,1879,3604,1226,863,732,4491,10870,2000,487,2856,3752,3919,4128,637,746,2463,2652,1275
150737,4150.46,3817.8757245882166,10216,9647,5985,1506,2375,774,8240,1580,4027,1825,11291,1204,3505,550,2781,576,877,9934,221,2215,324,11546,4987,1231,539,7673,2476,1820,4498,4427,908,6134,4867,11470,3792,475,1380,1196,8794,2981,3912,17523,7923,2636,1507,750,1842,4388,2210,3985
149291,3278.24,2820.7663466512076,6725,5639,2451,2823,1217,2546,98,1577,4149,2292,270,962,1035,1998,3916,1348,5419,2610,1234,646,3111,2305,9663,2786,3437,4079,10878,1212,2588,3593,3290,1038,1872,9139,301,359,3931,376,1328,4465,958,5615,12712,1878,1334,2462,7479,5798,5748,1222
155189,3465.7,3170.5704360572086,15153,3187,803,3805,1765,3876,564,201,2472,832,7444,1065,2485,8804,2018,782,2857,2114,432,6467,823,1670,5602,366,3497,10813,4747,2231,3646,3518,868,3111,8260,2005,1644,3593,2078,3850,869,9272,5444,929,808,8987,8417,1225,3022,2237,1084,1543
137843,2772.88,2412.109530183072,833,1666,545,187,1868,466,1824,2212,3687,591,1147,1666,104,4846,599,7367,3046,6517,4546,3868,5459,854,4626,1386,121,6951,3639,3787,2141,3824,8759,1419,671,2265,6459,3184,2584,686,1460,522,509,492,4707,1180,5351,6343,1503,9252,774,151
177773,965.26,871.2732019292225,1511,258,971,1236,573,685,70,3063,317,970,183,427,353,286,562,1047,2710,486,556,367,241,833,1798,518,450,424,1167,3804,1312,2796,1332,730,506,429,920,1251,1248,180,3201,520,121,316,595,588,2178,1898,567,95,272,1342
173633,2266.34,1855.8936888733685,514,2986,670,733,849,2197,1125,721,1049,4542,827,3156,5349,3386,1332,956,4951,2138,1979,857,393,2709,1798,2947,812,208,1534,5897,5469,1634,2089,4165,5403,536,943,2305,1834,620,3574,722,1625,2485,9242,471,767,4332,3957,1352,2604,573
186521,925.08,857.8365541290486,667,924,2423,56,657,1607,882,151,507,378,3421,1428,1247,3351,659,2491,663,639,612,848,490,253,1171,294,647,611,36,3463,1083,718,120,50,567,679,132,508,566,283,500,333,1271,809,201,1226,1420,806,1999,65,2118,224
161509,4167.42,3312.9131476089137,11453,881,4559,2879,2320,3385,5843,772,11996,3904,1329,1047,1660,2024,9765,13669,130,3077,2814,5686,3112,4349,753,1684,792,3441,7119,167,3035,4668,4815,6216,9939,1479,3594,5435,1144,4207,11330,2351,7361,230,3695,7642,4041,943,2268,2058,4521,6789
167477,4974.7,5062.65159871781,487,5862,842,1195,3703,1745,6123,2202,3403,7154,8924,1846,1153,3326,2782,1816,624,8740,10835,2249,1109,772,6202,2107,4753,4197,572,11297,23031,13128,23580,2533,6930,4706,3515,2806,1267,10889,8943,2179,1471,1950,7819,452,2298,6500,1399,216,11561,5542
169087,2158.14,2185.959899083238,1564,476,1381,4082,4726,1030,2145,993,431,238,144,632,2232,61,2428,4467,2797,2681,392,1341,2446,1081,730,7569,6422,214,6862,6973,334,8472,285,977,1175,849,1675,556,427,1013,745,678,1160,1553,2465,802,3539,842,1613,3851,6891,1467
186913,1644.7,1547.0438423005342,112,1540,1141,1034,1913,1180,2467,1713,711,160,7413,2341,1811,5218,826,381,5316,144,4126,1005,1637,415,4218,2138,306,275,1574,84,1914,1517,758,2253,1207,414,1147,526,274,2832,1702,4344,928,74,3628,862,723,514,369,1161,1553,2336
147053,3032.08,3283.430918048985,15759,6358,2684,2202,1279,2938,1550,2670,3856,3257,1414,6319,2244,1810,10826,920,1108,632,2635,3301,14446,1271,1281,836,1467,495,882,838,4176,204,1958,8326,2539,4557,331,1162,1820,1035,2843,1723,457,6073,2521,702,418,1433,6580,4293,2166,1009
133061,1648.92,1262.7658665009915,614,1648,758,2344,1398,1585,780,620,1614,1559,570,2756,1976,786,55,145,651,4025,1951,1428,3222,346,1411,169,783,619,807,530,4307,1646,2415,1287,2198,1240,2876,999,1083,3347,135,1068,5347,3107,1876,596,3070,3054,369,1124,1137,5015
221777,94.52,49.51978998339957,80,120,72,72,168,66,88,130,121,61,72,77,72,72,179,70,279,85,65,71,74,73,71,66,64,63,69,70,88,60,65,87,71,70,77,278,75,77,94,132,78,74,199,70,70,180,90,72,78,71
160763,2165.58,1880.4371416242554,6858,5212,489,2154,1480,2939,5287,2170,853,458,3377,679,223,1138,5339,1169,1074,2829,289,477,1495,684,575,284,771,1703,2389,1572,129,1600,903,2822,479,4267,6220,3670,1013,6435,2602,4502,377,473,2563,4260,1293,855,5954,612,2046,1237
181451,983.0,749.9754395978578,687,1193,377,379,759,531,388,500,1494,1945,191,607,1048,169,539,707,1299,1725,2378,729,277,642,1486,1120,935,2328,2771,1144,594,422,1347,358,991,680,1303,261,658,673,197,1266,1512,1068,1664,248,2089,174,190,3855,493,759
150463,1890.66,1567.7118435477869,580,6952,2660,1408,250,2335,1470,947,476,2618,410,1099,2801,2459,2252,1802,4852,576,2337,1220,2004,43,1413,2526,2550,387,143,2977,3714,1582,1230,746,2373,1139,969,708,2760,1215,534,1134,833,401,7058,441,2126,5676,2326,1958,728,3335
207407,368.3,437.57478218014353,2082,536,504,80,283,131,552,88,132,1210,91,398,315,1405,86,222,161,80,1242,148,93,566,81,181,98,720,80,448,92,182,223,1647,102,186,135,74,247,37,77,445,73,136,352,345,718,751,246,81,149,104
216793,259.6,199.9638967413868,203,140,322,375,411,61,735,161,355,292,160,112,307,129,144,117,299,136,101,187,308,1291,593,310,164,152,158,295,200,124,339,197,273,325,464,280,129,161,199,435,157,114,355,207,162,406,115,147,132,41
224507,110.78,134.47755054283223,56,48,68,56,55,65,53,58,69,52,46,88,53,66,59,64,52,260,67,54,40,57,56,53,59,65,56,61,47,289,58,62,363,61,334,415,56,286,151,71,47,815,65,64,62,61,69,182,86,59
227333,275.46,253.35297195809645,221,602,226,60,83,548,78,400,65,332,696,59,355,279,1076,401,290,1049,147,66,201,534,62,205,66,242,343,65,528,67,69,32,534,156,57,763,61,243,472,180,60,62,67,61,72,59,559,241,189,490
186331,484.8,337.91892518768464,449,1339,162,372,385,161,120,429,359,244,373,161,486,451,420,158,196,1058,337,790,615,466,244,737,483,928,995,269,107,383,614,454,307,240,964,175,1486,998,346,162,261,319,1113,144,500,652,228,1093,282,225
147379,4173.4,3841.2729504683725,3132,907,1311,5833,1930,4457,5306,1865,1702,3212,663,8232,1177,9756,2696,406,1181,2898,4322,5171,10257,2230,2690,676,6018,4016,3203,745,320,3617,1605,934,12974,6828,6052,6002,2872,2103,4818,3641,18393,1272,7971,326,15962,2306,2631,4382,1304,6365
165467,4578.62,4323.110698975912,3587,10611,10527,6592,1231,2736,2162,11525,20408,2660,1531,1858,2408,6162,1537,5605,2834,2172,510,6533,4557,2625,4959,5866,369,5373,5080,964,293,4161,876,4276,13953,8295,423,6010,726,4457,1699,3297,15837,6031,811,1003,12098,2991,845,5754,1698,415
190087,447.6,477.93685775424353,402,212,127,514,220,606,131,368,1018,383,349,908,191,455,323,957,178,157,161,125,846,320,233,498,143,239,173,167,103,3183,283,585,211,395,331,362,657,143,117,241,197,164,992,1095,894,170,737,158,438,520
231037,77.88,73.85137507182922,71,36,37,26,80,86,45,41,38,45,83,31,34,37,41,37,215,106,37,153,45,39,38,43,86,57,37,160,37,342,37,49,140,40,48,77,335,30,47,38,270,45,86,83,38,39,49,33,201,46
131753,3071.26,2284.615948556781,7674,2245,1958,1142,3148,2596,4289,3679,2088,1944,2146,268,453,2525,3086,796,1684,4722,1714,2694,1254,3182,2473,1962,2389,2622,1275,2498,2477,790,8721,4267,4755,1881,713,779,1993,3083,7000,8429,11662,6444,3826,3413,1293,1514,3872,2920,1836,3389
191003,912.94,802.622387178429,207,1039,77,80,73,1451,794,125,107,683,423,156,3225,1058,621,471,701,123,761,844,1167,299,72,1706,763,91,1062,1476,322,782,1569,1139,1210,864,1051,754,2019,721,1734,435,1527,1111,93,198,1332,1685,2107,1032,4149,158
208181,178.22,267.44003365240593,1051,34,35,123,315,290,4,28,80,27,623,34,99,376,26,41,410,59,26,25,222,125,257,24,23,21,1174,702,351,150,16,28,29,21,182,17,44,34,96,204,34,125,902,29,245,48,19,23,36,24
176563,1283.94,949.9912717493777,2411,963,667,364,1456,385,1871,39,1274,1882,237,1286,774,1568,1003,46,1300,3627,65,1584,1353,3302,560,1286,3987,1779,297,435,3053,449,2338,848,2356,2293,1508,144,1979,1898,981,183,1290,452,130,1508,314,917,2464,1108,1002,1181
169963,2358.78,1796.3386238680055,3736,1691,350,7265,2147,3365,158,976,2697,3776,968,2390,3733,3869,892,5983,1353,1678,1750,662,6299,5788,183,1763,4824,617,1950,3227,2083,969,3149,4964,1015,2251,330,2650,6102,927,1547,457,3711,548,3090,1596,1720,2852,753,405,524,2206
186089,1764.64,1472.6135237732947,4209,1766,2939,881,2986,1285,3046,1187,1739,5244,2218,75,2218,638,4768,1551,992,777,358,385,694,544,1807,312,2820,3447,2880,710,1378,494,2008,953,996,5396,62,644,1128,798,2649,1255,458,1008,511,4292,818,1144,1104,2008,615,6037
156287,5008.52,3510.4891524686414,3718,265,6985,10378,1160,4648,8146,10754,2459,2571,1089,4249,7096,5539,10485,4132,1366,8209,2249,11027,6482,2213,11948,3520,597,1952,7315,6198,1784,1686,12706,3071,7209,715,7083,5898,1458,3403,6892,13284,3829,3774,881,3134,461,3667,9765,4117,2948,5911
195911,136.52,143.19877653108634,68,376,73,75,62,72,66,73,62,78,62,77,542,72,71,77,64,63,80,403,69,94,253,73,69,739,75,382,73,64,137,281,72,153,76,64,67,87,475,69,68,110,144,54,67,68,64,70,156,137
240937,143.16,64.89787669870256,155,334,93,98,144,59,184,99,104,207,97,225,244,292,199,166,89,183,109,167,270,139,185,41,187,87,107,91,185,91,91,99,63,269,145,105,190,173,235,84,82,116,156,107,111,98,95,107,84,117
211763,627.4,706.382191168492,156,1438,472,688,1165,137,918,145,876,1099,425,2912,1208,362,150,3231,67,82,55,338,95,965,560,510,221,138,182,1786,417,372,275,69,162,294,218,209,339,284,165,1214,629,120,1268,495,2326,112,328,104,237,1352
180589,1082.88,901.5950674221771,438,762,664,2566,287,1133,429,731,2098,881,151,612,1882,356,356,600,358,2386,348,675,961,1067,170,709,182,2297,841,1890,1845,1411,1085,123,171,4556,934,2705,431,1002,2949,2389,787,621,1268,369,618,1448,130,1813,735,924
184819,660.02,478.999853444654,325,1250,1821,271,176,446,720,628,108,289,777,551,132,966,646,214,910,657,373,2204,681,130,1243,726,329,1778,367,1141,647,179,589,638,870,217,665,169,425,749,161,384,386,904,319,180,935,1319,1648,519,980,259
179677,1714.1,1455.133426871914,681,1845,2057,5074,2621,2263,608,2125,1150,911,772,1814,1946,1725,1069,1797,1695,777,960,2065,425,1941,786,8106,1134,136,951,2653,756,2384,2138,3143,2997,331,1946,812,646,1048,468,375,310,4611,568,791,822,2263,770,5040,2295,1104
183457,1030.3,949.1380774155044,785,1289,300,1434,494,1698,2339,822,741,626,960,715,3376,289,645,64,432,1231,1613,1241,203,873,684,499,3000,250,1309,3586,454,194,1470,409,817,487,1878,618,817,90,587,112,1672,723,127,4720,733,962,385,1570,1002,190
200819,691.3,896.3314621277109,446,125,1454,167,182,1820,826,2323,108,63,945,324,138,68,62,770,143,382,354,82,733,1101,204,1761,1059,233,211,374,268,236,821,165,564,350,162,183,1825,2849,190,1010,1178,678,621,5203,50,250,843,54,306,301
134773,2982.02,2257.1487189815384,4762,263,1130,523,3396,1225,1703,5541,1925,1961,1145,8517,2316,1515,2286,301,1786,2160,4793,3495,939,3284,895,1114,5690,1950,8391,9838,522,4999,3654,5989,2269,1819,2237,4697,7227,663,4515,3774,5370,958,3284,1049,4157,1616,1291,2638,2108,1421
140561,3177.04,2254.110760011584,6427,967,4445,760,819,2382,1839,1315,853,2301,6163,2750,1626,7446,908,1724,877,2858,2933,7673,3061,697,6727,2396,6576,393,1632,3912,4905,4326,8822,4577,212,3250,4030,3707,4133,4133,518,5215,1251,1933,1603,4122,4341,173,2083,392,5882,6784
225481,120.82,172.3008636078183,49,51,45,54,314,54,53,58,61,48,63,94,45,37,58,59,47,55,225,614,53,53,44,53,61,54,191,57,57,80,58,59,65,54,33,69,60,50,565,52,44,623,818,52,56,57,52,53,379,55
192397,1784.78,1378.0392779598121,7120,904,3033,2897,3347,437,97,1011,3150,3979,1816,3507,2897,819,560,4990,991,303,4400,683,1140,606,2078,2880,1540,779,1720,1989,974,1287,711,670,1603,2098,907,2359,467,1446,638,2650,1657,1473,425,65,1289,1607,1968,2534,382,2356
131407,2438.14,1870.1229051589098,4292,817,3453,462,5297,886,1000,629,277,5307,734,3445,1100,1028,2586,1401,1992,2107,284,1061,1477,2498,636,3598,2547,4465,1307,2212,546,5620,96,779,2051,3540,4981,8056,4242,608,5347,1494,1756,493,4007,2682,638,4193,2739,3223,1437,6481
147907,7901.72,6374.993942083396,481,3241,1434,20485,2291,7642,267,1559,21116,5094,5527,26556,14654,1928,6397,16242,7640,1687,11868,3805,5819,4026,6137,446,13831,6491,22123,1214,11415,12870,4107,3118,18171,10164,2704,14132,1710,5834,9124,14096,10485,10582,1905,1949,4590,2085,7490,11787,4962,11805
165169,3305.88,3600.8202545531203,1606,859,625,4081,1607,948,3857,3053,403,1283,1322,3294,13364,717,2730,11995,7140,383,35,72,4836,4033,89,2402,514,2866,1056,793,1263,8390,200,14911,1926,2746,5525,544,1759,3393,2882,2662,3321,180,7570,9850,203,2134,2547,2571,3093,11661
189857,1428.82,1775.0331116911593,433,1312,952,592,404,6028,5108,251,10379,400,745,237,605,1179,1433,1654,1270,233,2710,3941,4263,1109,2418,1337,42,1389,379,248,774,978,595,1573,1610,645,711,644,610,553,534,93,1923,1427,688,67,745,763,1543,2025,1207,682
152557,3680.42,3635.7571596023845,4223,5106,3858,4646,9297,13632,2004,1462,1044,1471,1551,1115,1478,2593,5615,2549,16220,644,706,1604,648,3700,2236,4127,860,677,11634,1637,8073,4739,2270,200,1931,669,11789,6036,881,7521,2118,2614,4897,6342,2002,2205,1089,460,605,7877,1770,1596
178729,2222.28,2110.506176631568,1758,1876,8928,5870,2524,921,1659,3334,7635,307,3060,9269,137,2478,1499,1792,929,290,2623,2520,581,1898,1312,1491,397,6455,1487,3262,340,924,2092,3011,488,320,1258,1235,2404,128,907,242,1073,3720,210,2189,2178,987,3081,1625,4429,1981
141877,4076.8,3226.2612231497933,5531,4323,6687,6611,3873,6447,316,454,4570,273,2133,2102,1800,11090,4099,474,2655,1732,12906,5448,4770,2727,259,1442,3669,625,2838,3205,819,4037,2458,3607,10723,846,7906,4172,3937,4536,6302,6426,1520,2667,2074,3232,2558,12074,6070,12130,1556,1131
187267,2468.3,2513.649293358165,688,2380,416,776,582,717,4770,3583,7020,4987,4662,3918,1351,4730,1080,70,238,932,1662,284,2952,1657,3458,366,8340,906,7565,4416,1174,1900,186,4516,2021,1321,2652,13263,3884,973,145,2996,913,2455,1578,251,430,2884,463,2360,1330,1214
142859,3378.36,2548.7922454370423,9753,2934,8787,287,1643,6826,6265,2022,2818,3277,3601,1505,5951,865,1059,3267,2433,3566,2609,10581,718,569,7683,150,7554,2199,4739,3551,3868,1476,6671,3831,1335,1594,2251,1907,4055,2378,1582,5602,876,1826,1287,1924,935,769,5180,1853,3840,6666
199691,223.66,312.58698693323754,47,47,443,21,22,38,33,291,40,42,112,1179,137,121,1526,30,47,40,40,22,69,40,36,51,244,72,636,251,464,44,41,611,37,613,493,105,145,852,39,613,45,40,44,43,73,35,101,485,249,334
183641,549.7,532.8292503232157,595,781,386,954,149,421,588,110,148,1625,359,1099,244,252,427,1750,816,540,470,104,196,1561,151,95,113,401,187,248,1367,2126,387,132,1070,65,107,2101,91,719,858,463,106,664,288,99,198,190,97,619,95,873
148969,2689.44,2747.144569621337,164,2953,70,2910,2170,6658,416,3429,2861,721,1293,170,933,4148,950,2090,13795,10762,5035,773,561,932,1037,917,980,2613,1950,1826,597,1709,4615,1658,1157,2070,2185,3404,2163,694,80,6142,5293,1868,888,2241,6204,7943,452,923,5891,3178
138553,1926.98,2114.1448151912396,2408,233,188,1319,1432,272,2369,1018,2210,185,1219,620,540,1216,1444,2172,331,975,740,1959,787,575,4116,1049,3261,709,3511,496,1649,449,9696,6012,7939,921,2622,230,722,662,446,2129,7525,1028,160,1212,5755,3346,373,3568,1425,1126
165499,4245.96,4272.707670599523,1019,4974,4698,1833,368,13285,1871,1186,1539,9204,2318,2506,4630,6371,8375,2941,7178,7494,6810,426,2649,2064,3016,12518,3431,338,15282,911,5923,6582,975,3064,1916,2119,3922,1046,11204,20447,231,3428,1455,2992,7493,791,4153,174,765,920,2957,506
165239,2662.04,2458.5521183005253,9676,4228,5227,1148,3201,12371,1278,3152,6662,3492,2669,97,181,3705,703,1479,1357,4132,2502,311,1869,342,4231,899,2184,3580,5063,621,673,3628,2013,4791,1041,7502,1751,994,520,2346,998,307,2388,5251,1280,291,1485,3461,2800,350,1558,1314
138689,5365.0,4953.331432480569,3133,849,1599,5936,757,2552,2557,5563,8583,662,8813,17841,3085,2409,1516,2296,4043,2238,4115,6985,7689,11673,2490,9546,1176,2033,5940,12683,664,20413,5670,219,7956,3385,22067,2659,2933,5358,4455,5368,2500,4000,15573,1883,3040,1838,1154,6156,6075,6122
190637,1283.44,1137.1309715243885,477,2168,2880,1737,1629,2682,842,901,259,820,719,69,214,1812,627,685,2020,333,184,886,603,3871,548,857,281,930,819,447,687,400,1354,3148,1161,2677,1409,4089,5546,614,963,1826,240,1807,2780,628,828,662,413,1494,825,321
219061,272.34,132.2035718125649,368,150,568,229,183,274,424,230,495,187,303,152,319,109,79,284,449,401,156,105,133,236,106,402,284,343,160,190,456,156,259,177,500,437,132,324,465,374,137,260,232,159,167,167,337,416,188,113,266,576
211621,339.82,356.26432265945465,147,119,172,502,111,130,469,448,169,335,78,213,1135,549,96,567,283,76,1121,152,107,94,1849,111,449,156,132,520,255,118,153,125,307,104,288,120,132,54,190,472,247,806,493,1317,95,268,203,190,675,89
132823,1863.54,1459.1339377863842,1920,3913,1712,321,2469,474,4028,458,2365,2240,832,840,2677,1825,1551,1833,1018,1154,324,3011,1952,2559,928,1199,2574,5081,2818,3510,609,1952,277,2459,616,1495,1054,986,4390,1825,2088,1319,994,552,160,277,985,8207,920,2815,963,2648
152051,1344.94,1334.8290738517796,609,121,2327,1491,641,1545,473,3040,2076,1125,303,1027,2501,1597,87,214,762,2051,292,6269,890,1239,2801,4924,99,124,508,80,485,1808,1373,726,237,95,4021,370,3077,1241,634,3001,679,551,630,388,256,193,2775,439,2453,2599
173203,4306.18,3484.509231957924,5470,1628,12088,2743,2384,1771,1127,7610,3206,2931,3212,4621,5003,3561,9057,3013,5157,432,17220,86,5855,583,11592,1650,2955,2138,2919,3364,916,3842,5847,8045,6527,9633,2651,724,9937,2931,6721,2018,1835,3290,9345,4806,4272,1082,1577,1654,2285,1995
155447,3827.06,5163.743221385044,1987,5964,936,762,930,601,4284,467,3804,3840,13228,395,6320,2138,2872,1202,2512,3062,1022,2570,555,2030,5795,7580,5771,6128,2133,1034,1650,310,2471,537,11355,32300,1245,2072,1431,9592,2249,117,4067,1986,3201,295,1313,769,10757,2896,471,10347
132317,2139.5,1996.7815228512106,1173,5943,1140,1104,2149,6488,2615,950,130,541,978,6251,2318,431,3125,3696,3255,728,959,6118,900,232,4559,2995,986,809,641,631,881,479,2009,2141,1137,456,149,3339,4553,1726,2734,1689,9853,1818,1488,1312,927,1600,766,84,2765,3224
136313,1312.7,974.5360588505691,2091,2074,733,566,1183,792,1419,1682,1326,2288,673,1195,669,180,330,457,180,419,256,323,1926,3432,1628,2474,1228,1685,984,755,3128,3394,795,486,1521,2677,296,463,566,32,1231,864,1462,654,3917,1255,809,965,3118,257,2124,2673
221057,358.22,257.0704409301077,106,255,102,118,193,685,362,110,623,349,307,73,596,460,89,141,157,995,272,117,279,146,187,397,1285,479,672,818,158,773,461,276,113,273,303,669,578,519,331,356,122,95,151,501,391,151,252,242,583,240
249919,108.38,61.53987000311262,61,64,64,115,104,64,68,59,199,132,127,57,68,159,62,215,121,65,121,59,259,135,183,151,67,257,57,249,191,60,199,117,65,61,209,59,62,65,68,43,69,187,117,29,58,119,62,95,69,73
224051,47.32,150.29523478806638,15,7,9,13,11,18,7,15,16,10,3,11,19,11,7,2,12,13,11,13,633,6,9,10,10,5,12,8,6,4,16,12,18,12,12,5,11,3,794,22,9,4,13,11,6,7,9,11,452,13
208849,3048.48,3548.5558033656453,112,3067,7520,10497,2416,1929,1940,2727,13782,982,1664,1875,2815,1255,2655,3567,2755,19472,2524,1268,904,1034,1077,1454,2736,1293,4791,7834,620,7233,3260,5347,4495,2924,1774,2883,224,2957,653,732,1079,375,4890,1873,226,879,1915,1484,365,291
141923,5399.16,3565.491642733159,11015,3757,10850,3942,3832,1005,8314,2925,2405,3123,2079,2876,922,458,7521,3724,3656,5542,6213,3043,4076,2229,4776,1516,5788,2636,2774,2586,4360,7647,7076,1016,5955,1481,4596,6050,9996,3621,11110,11481,2369,4247,7372,11255,12071,10289,6377,2672,9441,15893
211591,1523.16,1164.7756927408816,467,2584,528,1348,2375,1416,186,820,1268,686,1598,2641,1049,954,1532,3004,250,927,2284,1120,1160,3080,2735,553,265,511,3103,3924,2093,256,3018,54,1957,218,2610,400,112,1954,544,1483,1102,706,639,1884,3744,5391,1854,2540,567,664
161321,6346.86,4141.6504729877915,9086,10982,13372,3068,5347,9212,7748,3011,587,1832,2100,3259,10215,2269,4998,9117,6262,147,3326,14191,5794,8083,8267,12896,4125,7034,12705,1140,5483,4224,11285,10368,3344,5585,12893,13361,77,5359,886,568,8799,9771,921,9184,13152,3920,4690,8046,2169,3085
164107,2188.7,1845.0932361265648,2357,3319,695,533,139,1689,1417,1432,1042,5096,2497,6992,660,1475,700,913,2193,1229,3027,159,668,2492,3428,171,793,2207,5686,820,1218,2845,5877,6168,1425,4155,1029,1679,2276,6258,524,2079,533,400,986,2645,2710,3806,331,6261,882,1519
188549,611.92,557.7987393316696,2343,348,1134,989,102,123,367,280,216,726,1755,1344,831,390,261,202,271,169,508,1477,2029,865,91,536,173,1402,2013,103,96,307,98,538,281,192,1026,710,453,204,414,516,53,134,347,138,520,789,915,1001,474,342
173323,5686.78,5537.213867244068,1712,7293,1155,3327,9341,9800,4690,11666,12756,2837,4251,20031,10783,7746,3077,3039,3333,4469,2813,3699,839,14893,8414,154,4987,3217,5729,15209,55,2330,2242,751,836,1602,4733,3631,3446,9985,2468,2226,2667,2199,53,23493,2524,21842,2996,3282,8244,1474
196249,346.76,266.6846497269762,213,870,182,99,129,642,124,104,179,332,208,402,365,402,741,1023,584,279,719,240,672,123,114,119,222,167,299,487,271,365,151,79,329,1345,99,329,525,108,136,482,466,763,152,275,106,423,189,164,399,142
141203,4045.9,3533.4177010367744,1130,5309,463,1216,923,4077,2080,10846,2681,9071,2041,4462,3325,2685,2319,4198,3560,510,5616,1496,4574,6254,2378,7526,4216,3097,2801,6482,613,297,7033,372,4964,6340,11291,5021,136,14829,4446,4385,3312,1025,4353,3667,224,2021,494,16685,3842,1609
137833,5594.94,4845.764832964968,3145,5297,22320,2621,3326,16654,14518,4797,2814,1889,4293,5866,1545,1522,10197,343,5000,10791,4148,2243,1675,2870,13745,3159,3971,3398,7071,9333,3286,184,3270,1680,442,13444,7321,542,719,1788,5500,7535,7252,12287,4389,7373,626,13616,1818,2436,10817,4871
167281,3145.5,2358.629561843063,5409,2987,1558,1684,965,1036,3902,4286,2398,4278,2458,4524,3361,509,1718,1066,4752,6954,836,156,6258,549,5547,4298,9715,5745,8137,5207,1758,1696,2655,1011,6045,1258,452,640,8638,503,3179,3126,2678,1139,816,1825,2385,1604,7315,3589,3041,1629
192649,888.66,680.9979621114883,783,181,225,766,278,1591,1144,2591,1076,161,38,664,2246,1210,494,1025,266,192,153,57,440,881,1640,1838,235,513,1081,710,732,1998,1226,889,499,1168,1493,141,456,701,673,178,395,634,895,2638,361,1479,1870,424,787,2317
174833,8627.1,8133.607984775269,29285,520,438,1384,850,17503,2896,1545,9374,2587,16163,7588,21839,23341,5986,7635,1891,3744,1851,5944,13239,7517,1248,35580,6884,14491,12083,8491,9555,10821,7096,10481,11546,15269,954,593,24532,80,2933,9864,552,3197,13178,311,4270,7573,20266,2443,925,13019
159317,1646.74,1367.6996572347307,3621,1250,477,1148,2543,1063,1899,2063,424,2390,518,911,5920,1065,1941,2837,1666,1307,868,753,376,2783,284,391,306,4007,291,2296,1043,3780,623,1203,542,4586,1426,4362,142,2172,970,1107,1493,2713,175,142,2751,607,268,1888,4354,592
204223,438.12,657.4452263116677,957,83,85,720,1061,243,76,76,78,82,92,693,159,393,1333,657,86,81,1194,351,67,81,441,90,700,3667,2580,355,77,69,484,1233,74,553,75,73,93,102,233,74,82,115,86,90,721,72,547,76,358,138
151139,4199.0,3913.7941182438303,3237,944,1466,3003,4789,4799,3312,1313,5120,618,1122,1876,1519,1990,11264,258,5527,7741,4275,757,1278,11955,683,4160,1554,3579,12215,1889,1075,863,1024,2530,904,541,1022,5574,7811,4432,2648,1423,2162,11177,4545,7152,5415,5669,14342,1051,15726,10621
167719,6964.5,7504.891999889139,9501,9693,11379,27720,12957,13370,4547,10480,1339,1412,806,3763,2099,3549,5993,1361,5868,6605,6746,410,551,10598,3576,4146,1782,9555,1907,13561,2369,796,13143,3137,3175,3668,4251,2199,7537,10367,2144,12413,3949,1255,15204,2768,847,8854,10256,7616,44706,2297
153253,4918.66,4312.273904148483,698,2799,13653,1535,280,4091,8769,9498,6098,4828,5119,11135,11647,14285,3500,1797,1638,5606,4268,1199,214,10050,9333,5502,13169,1832,4635,3676,174,233,15025,9564,935,12272,1980,700,1441,6706,3936,6260,3053,1808,5170,1451,2803,347,1091,385,9083,662
183941,547.12,485.61934228364504,422,701,814,2587,205,69,899,284,946,99,358,246,942,128,1037,235,156,533,2234,129,206,821,562,894,112,441,1010,743,202,206,467,224,648,155,1247,313,414,395,316,885,300,314,319,378,208,452,620,642,777,61
151117,2795.06,2406.4019399094573,5873,2536,1744,892,4939,4954,1855,1004,4679,3411,2411,775,1560,1560,2324,757,952,2371,2405,4556,4695,7779,5626,2180,373,10007,2734,1598,3080,1508,1825,2302,5331,754,636,1116,344,705,8550,9924,840,1127,1154,635,3630,2183,165,2243,4261,890
151313,3686.14,3576.6284068099667,541,7775,741,349,569,931,11837,264,2531,5506,112,4857,5048,3860,1092,8166,632,2521,6285,3299,840,5435,4233,8889,4950,4884,2194,1465,18334,2230,1610,538,1340,3315,1731,4720,2398,3927,398,154,6931,189,7463,2760,4934,11984,2858,1118,3180,2389
216221,437.64,435.51917340112595,781,489,599,550,457,787,302,371,282,848,101,47,911,588,167,880,97,414,234,108,1212,94,1072,471,279,110,114,105,543,96,331,321,658,290,489,363,926,48,507,99,101,115,238,196,312,42,239,2701,205,592
205727,422.34,507.9896695800024,2200,63,54,483,74,1983,1159,53,47,48,1145,517,37,353,232,180,847,54,115,127,45,1783,133,275,105,456,48,36,315,114,1015,50,800,192,49,210,105,306,615,47,1044,59,525,509,156,242,685,136,523,768
140347,2358.88,1984.2781724345002,1734,3013,2468,3588,301,6283,3006,1112,3371,283,4602,7977,3451,752,3783,2370,3378,625,3191,2713,3984,5661,1119,410,512,1239,1250,4848,1267,4244,1469,892,522,142,2044,433,8977,1759,2547,345,905,580,1528,1309,407,3545,4408,1723,1375,499
239117,241.36,183.16590949191394,217,135,442,61,43,70,597,400,70,134,209,204,68,190,71,63,120,65,20,315,414,249,706,64,115,119,137,196,457,584,146,211,267,226,484,397,170,871,131,302,70,315,137,251,265,286,158,240,108,498
253991,18.46,15.736848477379453,16,21,18,9,13,21,13,14,5,10,13,2,12,48,10,69,16,18,9,43,10,16,30,17,12,4,17,15,18,3,21,17,86,32,13,7,9,17,17,16,12,11,10,48,17,3,16,2,18,29
215069,289.14,193.63078370961577,378,241,136,629,135,841,204,184,463,128,341,235,140,392,422,114,154,170,117,278,110,136,277,372,286,979,133,52,141,160,331,605,317,219,249,300,133,131,502,231,323,621,471,291,561,129,122,125,195,253
135073,4141.56,3408.6627005909518,2997,2128,164,5405,1714,11510,7514,2598,10454,2179,1488,2339,3307,6486,1272,8836,1383,497,15595,4992,1381,1183,6301,3645,5646,4900,849,1726,14677,3412,4800,3107,8079,2711,3166,9087,1643,4656,2296,3382,2112,2037,1776,2762,1273,3019,4991,4984,2226,2393
132683,3772.96,3117.4595231373896,5307,873,1992,3283,6893,4344,4075,1423,2880,11067,1537,2220,228,15562,2247,1406,3319,2124,4438,6716,4331,1278,818,982,1974,2127,1992,2865,3177,3692,4521,736,8493,3525,5021,745,1289,7914,1229,9455,3509,1687,585,8933,2555,3906,10126,3210,3437,2602
157379,7892.1,6405.4757489198255,15663,15758,1185,5210,5650,4243,12900,13069,5091,20314,5828,8649,450,2403,3013,14623,20811,21131,1855,7851,13026,1211,19560,12524,2448,3664,920,9676,6600,11437,6615,9452,17326,403,1958,5854,2240,253,17860,511,7130,6280,898,4987,8874,1947,3666,20976,1271,9341
170461,7147.14,5777.369654124617,1399,1592,2739,15257,2452,10088,4200,2182,3221,13293,6969,5474,17591,4588,4069,4207,7122,6187,4255,1679,12164,10114,2724,153,13025,13374,5535,5656,577,23409,4311,16191,6135,15888,3172,10790,1563,15854,84,3824,16009,1866,2360,4297,11796,441,13215,1281,17029,5956
132901,2633.18,2393.078057147322,1937,928,6753,5545,1384,2536,481,6690,1905,728,1642,1244,1085,411,863,1434,1530,1740,6022,734,2295,703,3012,1913,364,5686,1322,949,1430,330,3851,4243,3491,3394,750,1162,261,8809,7170,4104,298,1590,2158,2204,3302,11460,2422,3875,656,2863
156031,3370.64,2333.1305386540207,2871,3648,1538,3433,3606,1493,3589,5701,5317,1176,878,5766,2888,3130,1609,2534,4433,3038,5009,3243,3264,2891,3504,1685,939,5650,2843,466,2823,1992,3600,2461,591,1639,408,2092,12101,1060,4849,2145,5076,4893,3332,1670,1848,3010,5395,11803,2729,6873
138223,3962.46,3543.1048429872912,2703,2119,3903,885,15682,4933,15807,3191,1274,2263,4895,5773,2710,648,1877,1537,3749,747,2115,4122,1545,5504,1993,3116,8072,2534,3518,4710,5985,1981,11211,1701,3605,3259,939,2596,4622,15071,811,4988,1977,1868,2287,3516,2122,2186,6394,503,5423,3153
183133,1736.7,1517.8035478941272,449,301,2139,717,585,76,1888,157,3142,3435,300,2860,1110,3390,2401,324,594,1141,2225,1521,6373,848,1662,1307,222,1162,7017,4084,2092,2553,1122,691,468,2458,4499,3229,2878,2654,37,1204,1762,2821,549,1497,240,1727,739,1503,540,142
144047,2439.42,2152.049340419499,8540,1135,4253,2290,2293,1776,1701,1714,6646,1324,176,644,3419,5950,1081,1711,8007,816,324,596,1141,907,3908,827,1670,966,2345,3259,1358,352,1543,3456,1369,6052,49,7297,2289,1537,1274,2600,32,2437,3852,1754,1139,316,453,6524,2744,4125
186127,1874.72,1829.5238291970945,2618,2833,1231,1754,3782,337,2017,1655,842,501,310,1898,768,876,879,662,1151,631,1433,622,867,1034,3423,714,496,2265,670,1939,2361,51,3711,777,1402,1889,4352,437,1795,3187,8808,743,1053,8434,657,2235,2351,606,2923,6105,1325,326
210079,573.66,563.2316969063443,231,377,261,234,437,81,801,285,1229,99,1624,298,325,123,546,1488,425,271,281,960,66,332,679,244,290,137,2158,171,168,1970,1564,259,408,733,1412,1926,475,163,311,318,174,1728,178,142,133,503,151,235,688,591
241081,428.06,291.56292013903277,263,665,241,163,227,206,200,367,1113,567,253,133,357,456,625,644,243,182,681,1455,527,259,180,174,155,611,709,567,276,396,244,769,1113,1078,138,339,325,269,354,75,589,382,599,500,532,144,200,205,195,458
178861,1994.98,1669.957658026095,6557,2784,693,936,2259,254,629,5810,2281,503,3308,642,722,3108,1933,1869,183,2121,759,288,4718,2083,1149,2676,416,1070,2223,1126,1182,2752,838,1036,1818,3707,211,2867,1776,1780,471,1809,2012,6574,515,286,1559,2215,1941,4309,546,6445
155803,2104.08,1674.5993173293723,3593,1560,252,1485,1504,2402,560,2418,71,548,783,78,1425,2256,2268,1204,63,1805,2169,2495,2743,3034,5402,1377,307,1343,1658,2017,4642,302,2667,3085,1166,435,3125,2516,6212,3051,593,3077,5578,614,1988,1396,393,984,3210,6397,6381,572
171961,2274.5,2124.4711365419867,469,1392,1471,7828,8389,384,1537,2341,1567,3380,10710,2569,438,1020,1432,542,2613,1863,2188,2582,714,1405,2251,3364,1800,4668,2638,1067,2499,601,1470,2912,1600,1715,408,2104,336,2391,2831,5393,844,918,1412,966,765,696,53,4270,5681,1238
179551,646.52,479.41857452543496,1092,784,246,139,253,985,221,754,720,298,1759,476,229,1352,152,623,1224,2458,518,1078,274,1241,412,1173,227,1106,267,502,1092,118,692,347,131,616,1358,363,421,598,183,1074,859,607,150,229,502,128,873,612,617,193
232613,94.86,109.2805581976959,147,31,69,33,223,73,48,119,159,73,77,31,28,223,79,31,41,74,31,78,46,90,73,24,29,72,38,62,229,91,77,9,217,200,92,32,74,38,77,75,32,407,26,84,27,73,40,34,666,41
135379,2899.98,2863.7558868730416,5120,1740,6967,1055,7213,2774,11169,5798,4401,1957,1901,431,2328,1939,2012,218,4413,1290,2124,1347,5525,777,262,673,2885,348,3947,1046,4771,1083,1014,85,480,729,2027,79,815,891,1677,4414,2321,2058,6788,4302,13877,2681,950,2148,8573,1576
167897,1600.98,1446.8913503093452,3531,699,3057,1227,913,1172,948,1717,704,863,2924,1772,951,2639,663,883,663,310,1913,1056,3594,637,1482,554,853,1360,1500,1021,1451,4093,475,423,144,623,160,3120,1686,272,2447,4162,7968,358,141,2364,1555,245,4473,1189,1113,1981
181663,656.92,525.2558934462324,501,83,900,180,878,527,397,380,769,162,281,2037,200,1313,1004,317,727,193,98,1246,299,2045,503,245,61,739,1733,787,563,439,276,369,214,421,1297,177,728,474,859,252,2206,668,635,576,1307,194,267,246,916,1157
226351,466.4,382.1628972048438,84,718,1194,1101,62,88,68,61,923,83,977,82,212,599,724,546,706,351,218,297,73,66,297,430,252,532,493,332,1437,67,905,330,92,519,975,72,510,725,1005,261,68,867,1043,683,66,84,139,679,80,1144
202379,520.88,506.46317299483877,95,254,1481,2392,178,518,90,439,311,84,84,1445,780,180,419,531,88,660,660,71,302,116,90,247,406,474,696,95,503,1054,85,439,477,1264,608,521,495,79,87,964,1304,110,1164,96,1419,84,1473,164,89,379
171967,1572.58,1196.2563452705276,3630,1538,675,1832,627,405,5410,1218,1327,379,61,3123,261,2118,2231,1127,1161,550,2176,1949,3302,1237,4025,626,1843,424,1046,1701,697,1006,1222,857,426,254,4152,654,1014,2620,1659,876,1651,1781,841,1661,2283,2277,2807,61,6,3822
202451,470.36,508.9977901720203,469,80,515,86,149,78,1310,271,102,149,508,501,936,451,2126,224,157,78,83,110,972,95,344,95,490,741,2079,1328,88,533,1547,1334,75,236,469,1029,634,82,204,607,291,255,791,99,138,88,66,156,163,106
210871,635.22,661.8375114784594,75,443,2000,718,3207,771,90,84,169,774,477,1736,97,324,177,181,1147,255,667,78,85,163,843,830,209,123,330,425,271,890,1377,1997,324,1300,593,1787,612,1256,114,87,262,158,337,365,249,242,711,299,137,1915
222559,367.24,351.8909808449202,187,928,627,72,71,251,338,150,64,293,63,76,113,156,235,715,339,61,551,208,49,202,192,325,1190,190,798,93,273,242,225,37,66,1301,547,1610,213,337,426,1135,368,199,667,336,176,602,48,193,607,217
146231,4640.4,4042.4693295064094,5190,2223,2124,4847,4786,2994,721,2127,884,2761,2495,6274,3648,16821,6607,1707,5881,9088,5275,902,1629,8119,1539,6490,4897,3629,9256,551,17672,1515,3309,2088,1227,2289,604,6797,3276,4523,937,3299,702,13125,4991,6583,1853,16461,4628,3448,4032,5196
154967,5332.74,5175.132356993394,6236,532,13856,442,985,8212,3222,2573,4511,387,8211,5477,1497,3128,4750,5901,12677,2049,4469,3627,3545,1779,18868,925,327,4708,1475,419,3843,5856,424,3743,4094,935,1689,13441,1346,19253,11684,3840,416,7580,11659,2995,4582,2470,4463,20117,2897,14522
171911,4052.2,3880.154873197718,6577,2540,7213,1317,2239,1380,1702,1973,2523,9261,1520,9380,2822,1229,4289,4943,7207,2765,1115,4627,24248,939,583,2209,427,272,2834,494,7917,2933,3126,6050,7357,6168,2017,1606,3767,1592,3515,10872,6016,2059,5257,3214,4174,6917,4050,2143,309,2923
131513,2416.1,1935.379458917553,3448,3622,1688,1890,2702,180,5791,3342,4185,1734,1551,1045,2850,4393,733,309,1507,1658,1021,2343,1358,3756,172,6033,2120,824,1958,1020,4823,9820,790,605,419,2943,1836,1118,1526,1409,241,3394,4140,4003,4806,1765,383,901,6901,1815,1410,2524
199183,411.14,519.4234884946965,71,988,829,57,53,88,430,524,69,204,57,55,58,207,52,180,127,63,677,52,1192,439,50,53,672,467,66,268,43,60,654,169,1889,264,61,1407,235,64,52,112,2217,60,120,282,179,1817,505,371,859,1089
181427,1014.94,769.641511614336,1324,1521,875,3574,1237,364,2223,469,486,702,247,168,464,1770,1307,1478,1645,872,1468,1204,242,1632,419,904,452,731,1069,2658,495,328,1929,617,452,229,889,3283,221,752,581,918,322,73,1906,324,502,1209,1246,541,722,1703
176623,1332.8,1021.1017579066252,833,510,1400,1491,2089,1666,2352,4581,385,678,321,484,1398,1853,466,409,1008,398,1933,2510,3390,1009,1752,865,1595,498,2133,782,612,1006,974,1816,808,1512,394,137,1259,2704,69,100,3382,1753,962,448,801,2120,699,407,4272,1616
163349,2603.4,2616.449288635268,1312,1391,881,4436,1996,9117,963,1643,1895,1779,1658,2114,139,662,536,1522,2287,1111,2918,978,6221,629,7284,492,790,7238,727,6992,1230,2355,807,1915,214,1567,2137,934,769,8357,2846,946,11781,115,2190,1648,403,6018,5353,2151,2581,4142
193159,990.48,842.7467292134689,726,100,221,1905,226,1386,346,1888,561,1099,485,2839,1179,421,1980,344,766,2172,1501,482,686,584,810,223,2587,2522,1031,707,113,1315,562,364,378,540,437,281,543,1500,292,546,1381,826,714,270,2788,2874,335,3165,422,101
132161,4823.36,3461.9128166954174,7928,3193,1151,10516,2386,3450,6248,10956,2357,5538,4548,11665,2709,1578,15089,7063,5719,5129,5565,2084,5299,525,3194,3383,6002,70,632,4411,3234,5727,6740,1042,4651,11796,1702,1101,2537,12587,3997,7791,4775,652,2837,1595,2703,1879,6428,2902,8084,8020
137773,1938.48,2030.465387442002,1708,950,4076,3516,1021,844,824,844,6371,614,564,2304,6333,626,949,330,112,2492,1185,788,965,2287,2573,3615,411,3111,1662,11574,2413,2490,1476,2536,544,2972,914,3267,92,776,1479,486,246,206,375,488,1220,2473,4939,3133,105,1645
204091,407.06,486.951266966213,926,265,400,47,20,838,1167,32,389,153,109,1404,56,406,1214,585,187,440,50,450,106,38,493,391,810,51,218,34,487,2805,536,71,40,630,379,930,45,53,478,43,47,402,216,196,114,94,72,52,787,597
137317,2527.98,2493.2206921169254,2395,1487,10822,1403,860,2016,5783,3006,878,633,1450,2251,4188,2327,3373,7406,5830,3501,409,570,957,254,602,4153,12404,625,5067,2629,776,112,2044,2853,375,3527,4391,1122,770,2501,922,1454,2154,785,1237,1744,2009,1693,3133,373,275,4870
194111,456.0,383.55286467448,452,258,44,429,31,40,641,565,392,644,1152,680,271,556,334,2016,276,966,684,161,156,1114,377,32,126,184,656,418,495,256,196,72,743,682,49,376,1209,631,235,310,120,186,277,1176,394,424,102,231,778,203
227429,386.62,222.03962619316403,613,382,418,895,187,937,305,350,362,239,299,207,168,155,505,803,65,450,235,313,225,338,354,203,65,307,144,270,568,168,518,177,612,41,403,258,552,229,542,290,219,768,500,597,437,814,222,243,621,758
149509,4350.36,3669.4993160375434,2969,3998,581,388,1063,14518,7776,1217,3305,521,700,10903,1233,3632,4283,11096,4309,14224,10518,1758,1810,5068,3826,8075,1531,1870,7140,2026,1407,10204,1269,1541,670,3863,4448,6812,6018,641,8875,2023,4512,2075,4021,633,7321,1418,3461,1830,5324,8814
228043,1130.56,1237.4371120990352,126,1901,191,964,193,1004,5386,835,243,981,4554,653,1037,265,896,1614,635,40,622,593,237,705,528,438,754,892,2884,774,1286,162,48,2019,796,1287,1067,1498,1298,750,3974,1321,932,566,428,2736,45,181,1015,157,40,4977
188053,1455.98,1411.8849597612407,4253,515,786,1038,2295,686,254,740,1307,489,1216,2171,166,250,4262,1470,2630,630,137,1143,1616,756,225,487,1029,7226,498,1702,260,577,468,2358,815,2385,3030,5981,1645,818,907,1490,950,823,1744,1547,2536,478,1040,1490,417,1063
177241,2954.5,2326.242508854139,688,5424,1205,1523,3694,1434,1387,3681,2677,502,368,9212,1604,5382,4828,7042,2565,823,3321,3652,3260,579,6314,1012,1768,7655,1217,1823,4001,752,5343,6396,464,1283,1374,4821,2781,3205,2184,402,233,2278,3057,3996,1718,9720,762,5041,1755,1519
146771,2465.86,2078.3802732897557,3041,65,1260,1435,418,3194,2818,1035,1423,5532,1869,4109,1614,1056,1677,431,2886,2045,987,3568,5558,2534,962,2305,6229,4790,1408,4761,5677,8596,4721,3489,1839,1011,64,1233,2712,2627,2307,729,1175,9563,2016,859,1143,374,1245,354,2053,496
136921,1511.52,1074.3885189259984,1134,619,311,1567,2777,544,1093,1965,1572,1161,325,880,1494,736,3407,1443,1328,1672,1015,849,537,728,2839,269,1622,610,2354,453,743,1008,177,4884,906,342,2286,1660,1957,43,2795,730,2385,2342,1678,3473,1650,947,2291,4734,2046,1195
140141,3151.08,3669.7339567876033,4671,2369,135,3553,2077,637,2658,400,922,1073,2065,430,1456,590,4826,7402,4922,4682,4684,5058,2341,267,4546,3503,13604,2760,47,2124,1994,3269,10562,304,2656,2501,1890,1699,2934,1937,1051,2337,70,570,4037,2971,493,2915,750,21603,1483,5726
171901,736.24,532.9963061785701,265,2046,1223,234,343,1392,1160,842,681,795,533,105,1304,254,741,606,1416,124,400,126,779,1001,516,1188,337,94,482,316,354,1103,198,610,2077,316,961,260,46,718,2103,690,548,1355,645,1812,109,563,854,1179,420,588
159037,2023.3,2230.6099905631195,279,2549,815,1099,4515,880,593,573,772,520,3758,2511,501,3354,2386,1689,12659,231,801,4419,3319,359,1009,145,1544,57,1783,116,631,4308,1583,1874,874,353,2716,4819,1034,111,402,5504,2112,449,3037,127,7354,810,2278,3191,3201,1161
210757,573.96,600.7418733532731,277,491,454,1082,726,459,313,1050,856,543,63,129,134,672,65,1777,120,482,569,356,545,1078,146,122,616,103,160,694,41,62,1305,209,976,708,611,3016,180,995,690,140,1374,65,329,860,62,2468,164,86,57,218
143993,4481.98,3495.1723075693994,1751,216,12514,4173,1648,6975,2705,2458,1702,1867,2352,3695,1388,3078,1224,5454,795,5034,7519,3084,2753,13507,4679,5612,5437,6470,3410,478,4803,4163,374,6212,3708,7579,1856,5885,13384,10486,15085,4020,2841,3665,3353,1692,7341,736,3938,2170,7244,1586
170171,1538.36,1540.642771832588,1278,713,352,62,2537,8749,675,1203,913,1161,201,611,1478,2740,480,589,1759,581,64,2631,734,2973,479,1312,1126,1923,1083,391,1763,1481,243,199,2090,809,2102,984,4552,1805,1440,518,24,3108,3592,1410,842,276,1044,1479,2889,5470
146087,5246.64,4067.0828403660526,11417,7238,1115,7786,5280,2981,13530,266,924,1206,10789,6422,5367,2691,11654,3028,470,2782,2669,5323,482,1171,767,5937,15492,1319,8679,10884,5103,3390,381,2851,16505,5644,4386,5441,6868,542,5461,9252,7373,6435,6186,2889,9703,3964,711,1132,2861,7585
136831,5352.12,4537.184936235243,2292,2261,2728,10805,4819,11042,1402,3715,4139,2462,6115,11598,5018,20171,3816,19312,3798,1609,7614,5820,777,396,2307,7358,11715,1770,8686,4183,8349,1505,4414,2581,3054,2117,5794,753,4488,12190,4931,9155,12332,1648,2110,1396,867,4662,11279,1457,3286,1510
209683,503.78,414.28262285546083,163,268,1044,673,429,530,519,225,192,563,222,165,1099,80,500,202,161,493,441,820,136,665,456,530,355,520,1787,545,261,2424,416,202,267,490,325,274,200,361,278,398,183,178,511,1012,996,318,837,464,431,580
253009,201.9,197.53169365952394,35,231,192,75,240,115,48,44,122,98,76,112,111,281,285,55,345,74,528,163,824,45,73,496,255,418,41,26,39,191,46,337,496,463,39,48,414,48,40,180,201,879,206,39,40,37,364,84,400,96
183143,2996.58,2582.3279504354205,2304,2233,797,1556,477,513,1111,2333,3641,2545,2612,477,2763,8511,4451,4184,1000,2912,4721,719,1560,863,6279,1924,3875,1189,2232,2117,2198,1213,1545,2743,1940,594,8513,7584,375,6479,6101,5519,1803,1895,1460,2113,5164,5966,1585,1408,13136,596
198691,602.32,498.15870724097556,107,760,1735,344,649,120,117,171,201,302,431,775,1130,690,223,462,250,695,916,1130,603,592,336,1644,309,115,709,184,259,269,410,1050,776,344,160,170,1732,278,180,1415,552,162,832,922,1503,2127,165,287,711,112
143323,7276.7,6096.59298707073,18683,1436,6625,1384,13591,4760,5514,4479,3673,2373,19926,5371,6569,6262,5292,6372,3515,5210,21347,13323,19183,3553,14973,6878,4335,1392,11714,2524,1930,4509,1018,534,15808,1173,2869,5675,2238,6539,2380,523,7715,11823,15078,24887,5151,5851,15258,3709,5514,3396
177559,3661.86,4514.982533786814,3859,4460,499,1802,5258,3996,4374,2180,1393,174,6617,42,7158,2022,4554,4601,839,195,1646,1055,1985,1420,328,391,3104,10618,2589,4376,682,1819,2993,886,2475,1253,877,1912,745,8424,15470,3092,26646,1616,6164,674,247,1088,7220,1413,9283,6579
144869,4307.26,4360.019499084838,1157,2282,1303,5457,3960,3973,61,2083,2152,6057,505,1124,1160,4093,3688,4836,7504,200,1252,2806,4092,11870,1388,9991,14963,511,713,1742,20637,545,275,333,3507,2650,1632,3061,7251,8788,1629,3544,5516,15408,6079,9531,8001,817,2461,71,7707,4997
168989,2976.52,2481.11991036306,3406,4038,1166,2960,1292,2416,2527,938,2293,5141,648,6877,12269,8315,1870,591,847,1458,1031,3984,1039,2074,4655,3207,9094,83,1095,4080,2828,2796,2102,2138,4507,1052,178,1817,6361,6056,2435,1120,7368,3132,3143,2994,3507,994,799,554,1624,1927
220819,114.94,100.93015604862602,89,92,103,94,239,76,81,207,76,86,80,68,77,78,244,79,81,83,67,598,76,220,63,64,82,98,102,73,70,78,80,76,83,183,75,74,64,83,79,219,76,89,71,76,505,78,88,78,74,72
189443,467.78,552.5024267820007,128,407,1496,154,129,766,54,46,126,155,2639,147,140,107,550,48,385,388,157,1467,1295,143,979,335,177,122,862,473,378,46,262,2174,351,173,156,114,279,125,497,116,1335,123,283,346,424,140,1241,341,376,234
168019,1851.16,1553.0132048376151,421,3131,1052,583,1671,3731,1581,1183,1767,615,2377,3377,917,1339,1586,2194,2926,1846,3978,813,1708,1037,2865,818,557,3938,764,757,306,1392,1098,2513,666,1779,342,631,3526,5515,606,2354,369,1427,2758,630,5471,967,8017,792,1626,241
148081,1823.86,1858.3781101810255,972,605,433,940,5400,2868,236,815,2644,2869,223,1098,917,1589,2577,3759,689,1681,3821,1768,124,43,197,311,962,10377,611,214,1190,1683,4043,4122,4380,5448,1982,866,2189,2328,110,501,913,840,2125,1970,2676,808,2615,101,408,1152
157609,2738.72,2193.240379347417,4595,1229,3085,3399,1014,1435,5441,572,1491,7836,4779,1122,10539,2511,2446,769,4602,263,548,1132,2224,2914,2912,3397,1779,4503,893,4989,3464,675,2679,1787,769,1450,906,745,1250,994,3714,1225,6693,5815,4609,4105,7002,1112,313,2505,1332,1373
234901,243.74,218.9865575783135,342,248,309,104,49,809,46,225,232,193,264,224,548,914,533,30,151,134,187,104,40,197,79,46,712,285,338,211,230,53,387,135,195,82,32,170,75,253,452,348,62,47,94,65,255,427,48,43,274,906
140299,6192.6,6360.429321987628,5685,27040,14131,2597,3130,5785,1644,8678,2808,8707,23464,8243,1595,4904,2086,1125,1172,7275,1463,1712,9884,12531,2899,677,2831,6330,1422,4756,10052,4967,14286,2278,5053,3871,6187,4081,2785,626,6495,5111,1590,1617,19829,12088,2656,1501,65,25447,1650,2821
192721,778.3,812.743139005184,404,212,580,357,1005,423,3213,91,283,381,2201,833,1318,118,711,152,1273,669,118,1100,328,2445,723,516,109,193,95,103,166,2549,1133,591,1885,359,1086,519,264,137,317,577,150,2575,880,472,547,671,172,109,3198,604
156647,1419.26,1345.2419233728929,2191,436,4284,1915,1803,1565,1795,1349,1645,426,1243,5367,762,689,205,1136,673,602,1830,1158,1891,886,734,1134,382,348,3065,336,1090,2598,185,6540,285,207,2936,3621,613,322,1040,334,990,3485,765,415,1124,689,221,2285,325,1043
167653,4693.5,4427.698044130832,401,978,5268,1498,7243,3270,3672,1079,3522,7524,12746,3492,1707,4551,2813,3659,6547,2089,2853,10938,15970,928,9505,646,4905,9705,20491,4163,1815,1220,3979,4571,11004,2020,1831,1622,1829,3898,2522,856,2241,583,324,4091,4161,14402,4031,1180,11719,2613
204109,275.24,327.31743369396014,312,186,427,130,819,114,282,88,111,52,714,372,126,98,93,544,45,153,1015,100,133,46,662,123,253,378,311,117,233,202,364,99,93,108,339,45,38,205,53,64,354,219,107,42,95,181,65,54,1360,1638
156187,2329.16,1961.158253277894,3349,2910,3241,3834,903,527,1568,3257,1042,3669,7483,637,1824,510,2311,2967,2320,1621,2391,827,229,5786,1904,6460,272,10327,324,553,2681,1156,1336,1653,608,1188,1716,2819,2196,1973,2879,3520,10,2244,376,1280,1283,2104,1801,3749,1588,5252
200099,747.6,743.8638853983973,180,329,727,811,491,183,224,887,779,1197,419,7,582,372,179,717,2569,383,3168,359,659,766,535,1394,36,242,911,346,177,649,1491,3431,464,2351,163,180,430,330,1181,71,1185,780,948,185,64,760,512,748,281,1547
235189,135.58,169.9155190087121,366,770,64,372,52,70,226,204,225,210,53,55,107,53,62,970,53,47,160,143,61,59,63,62,56,61,51,63,53,67,65,199,104,192,57,53,166,157,46,59,52,198,156,54,59,57,53,70,64,60
151979,2766.42,2410.047908984384,2781,4892,9438,1462,1769,6962,2588,5752,10236,2839,2057,458,4374,382,243,503,4824,476,222,536,621,4673,2867,4677,629,896,6502,5239,2354,1232,587,1070,816,933,3677,1083,1136,6623,4546,919,1921,2440,136,5221,2630,4587,2569,1330,455,3158
150251,5249.98,4358.657479040994,10266,6438,1091,2594,2436,6682,14838,15899,6942,1713,168,545,1598,1104,2075,688,4072,3267,11564,1473,179,1655,2955,9883,485,3933,2010,5103,17011,5414,6709,6344,8443,665,3777,10811,6910,5116,8680,566,1754,93,6746,3755,2856,11634,12693,7132,8034,5700
150421,6458.38,6066.657903294036,7581,742,9305,4319,4584,2867,17465,10600,5259,10761,1770,7817,1049,5745,5112,4019,9887,566,1585,432,15836,7018,1460,4864,3585,30864,3352,5837,13604,9328,1231,1674,4206,5354,2962,8095,507,3035,8148,24053,6451,10978,13526,889,957,306,2467,3702,4775,12390
201659,444.76,349.3171372835865,415,248,1161,484,339,1166,272,217,626,86,1215,340,1406,167,166,68,866,536,351,857,368,396,765,463,587,111,937,174,104,1133,167,1114,332,162,129,448,87,283,212,345,486,519,171,223,180,147,102,368,177,562
136001,2030.5,1954.6400921908871,1751,1257,1555,2280,1147,258,492,440,4297,4525,266,154,1527,845,706,4571,1655,2409,1800,429,988,4175,693,721,2129,2458,252,10988,923,3166,2604,536,829,3526,1013,2384,3367,523,601,994,5335,2072,1983,6538,404,1172,1433,1953,4237,1164
168163,2710.0,2052.964198421395,793,612,2597,419,4110,771,2372,253,6317,3006,11347,4407,2443,4286,1797,3087,1270,1445,5059,959,81,2676,2211,2111,140,4903,2140,414,2371,1457,1938,2861,3729,862,3628,2822,2166,3494,4945,4560,5416,1413,4920,5747,567,4218,791,2791,874,1904
177097,1082.32,843.9251966851091,713,898,185,399,624,485,1838,258,600,484,1920,1508,1797,4692,513,205,162,221,609,412,535,912,3403,639,782,1753,1768,636,200,1169,398,1589,1233,1067,1128,961,547,1387,306,1545,1655,1399,2735,1407,769,951,1542,708,825,1644
148039,2671.36,2382.1383650829353,7291,473,3593,1095,1402,556,1271,3328,2536,140,5385,4376,2539,1683,796,2045,6042,223,3397,1686,3553,2267,6841,2392,3369,611,10722,1665,6744,1219,2038,701,196,208,626,1943,366,4219,4841,6992,1618,1555,2356,5631,315,1725,932,6707,1151,208
142127,5740.34,4814.168204830404,653,1909,10449,12975,7675,4140,604,9669,2639,3220,8324,1063,1230,20716,7078,5439,635,9032,2581,6900,1287,4246,1427,1063,1595,18831,3430,5739,4735,14306,17732,6116,4343,6724,1433,8576,3789,5501,6970,2747,4199,10557,8542,6411,3233,834,10032,65,1116,4507
155011,2212.44,2416.940894271103,782,5158,265,326,852,6483,1010,160,697,1847,454,3302,1172,524,990,276,2127,4964,1005,134,2163,1142,1299,980,65,1442,113,6028,1840,310,949,2225,1574,1295,9507,1468,2484,6859,807,671,565,1558,1224,596,7276,537,2567,5485,6451,8614
171371,921.68,679.641536105615,2471,267,2277,340,510,341,1147,1991,812,1341,493,752,2079,1813,142,2935,751,493,280,2407,567,923,1272,289,625,185,723,640,64,559,410,959,421,778,758,1348,1064,517,550,1644,456,795,249,1340,297,1114,1864,773,362,896
209897,362.38,309.916304185501,127,405,66,59,202,371,218,61,246,460,98,468,268,503,190,56,740,485,157,1245,806,58,126,62,654,606,133,290,204,558,722,20,293,786,124,547,77,99,63,494,299,772,509,322,137,209,391,1562,415,356
139331,3391.84,2773.6152462805653,5811,1418,1982,8274,1947,744,193,874,3285,990,3100,6647,1225,4097,4789,5668,1219,1703,743,4368,5790,1663,1751,2344,2189,1266,1863,3312,849,3367,11545,6622,8034,5137,950,2002,726,2397,2925,12094,3786,911,1956,5790,1479,1969,6960,7661,860,2317
176269,3686.88,4110.672926127789,944,1128,602,9254,681,770,1086,1176,7341,3161,4073,1787,3838,3357,25366,3846,1292,7274,8980,497,483,2194,4299,4799,3498,1955,908,10263,3263,91,8632,9209,3382,708,5838,6160,1547,422,2516,3649,5154,3050,501,1061,5205,856,2193,1176,1631,3248
138659,2199.12,1611.096528951633,1324,2399,2377,3045,4984,2004,959,912,4879,3346,1074,2202,4854,3544,1013,531,3195,584,2128,476,1236,864,2362,1255,2156,3888,1228,1916,3894,1825,2375,2079,262,8186,4455,4120,1355,1450,2088,994,1525,2106,5537,1229,2756,1029,385,926,310,335
153683,3303.94,3527.5015884333775,1496,256,845,1010,5081,225,15460,729,834,1417,2596,16385,3550,1185,609,10153,8576,4717,586,2042,6992,5035,2153,2293,1692,7006,1070,2868,4655,362,2488,4776,5947,1780,447,99,3565,2792,3123,386,2410,4997,8316,312,42,1485,3930,2404,294,3726
169921,4335.62,3504.7345513747546,2869,6914,1433,10107,565,3668,4480,6149,4327,5040,4324,488,3386,741,2987,15272,3865,1679,6852,3821,4192,2045,1577,422,6455,3915,8184,376,14062,1622,10760,441,4806,5738,2336,5764,1396,2331,11946,4282,10690,966,1419,1913,3625,2810,4001,4884,1008,3848
191819,422.1,311.9830283845581,257,215,137,1376,613,419,217,151,1233,498,122,247,427,88,252,219,301,118,258,427,147,671,146,651,544,728,278,828,119,668,682,243,276,296,1101,962,192,258,156,343,179,375,273,616,318,181,152,305,1021,821
161423,3675.1,3005.697538010104,3460,657,1061,2932,11293,1441,2808,3946,4916,3050,3289,6867,2704,3275,3364,3384,4865,3290,947,3126,6155,2046,386,4332,420,1174,1782,855,1384,12421,3713,2175,1116,248,1131,4003,3709,6774,2781,568,4913,4667,1726,2521,5433,3182,3561,9113,14879,5912
133867,1215.52,1076.1647502125313,280,377,338,348,222,659,594,522,109,394,4736,1312,728,1162,684,2811,574,3165,2212,288,1286,2285,332,2520,1548,104,334,733,726,1742,365,158,2253,3,1686,728,3743,2776,1976,1989,2422,77,854,723,97,2389,1552,2328,1182,350
174719,3493.62,2805.4023660787057,8607,765,634,675,194,1801,837,2613,1633,1553,6230,7463,2428,5019,222,7616,1523,1610,515,71,2180,2560,7012,5904,1499,57,3757,2241,1830,9000,6906,4245,8203,3917,5911,7672,3907,862,1803,10754,3205,4702,186,429,2791,6454,3824,5577,4001,1283
166493,2076.06,1605.9166031895927,5047,2219,896,316,2346,2992,4332,6633,2416,1757,1005,1799,1420,3850,1018,196,722,1267,1141,2717,2862,1103,37,1273,1356,391,811,3315,1867,4353,2233,179,928,4152,971,1839,3405,2432,1314,1614,660,587,513,2308,1192,7860,2919,3067,2937,1236
176279,1024.86,720.8318253240487,136,334,867,802,2169,1260,384,589,764,2164,1065,696,299,777,953,753,305,3296,266,2368,1013,455,1709,1058,1096,1160,850,856,1714,967,2052,836,660,560,464,694,260,112,317,665,1756,209,2784,1769,1533,924,688,2057,1550,228
133667,2439.62,1843.994901186009,756,838,4154,1819,3888,429,5677,2475,2750,422,8075,3972,555,2587,3007,1572,998,3113,3154,1885,1287,2653,1978,625,854,2230,3499,6110,3678,2949,733,1752,4768,2589,919,3423,2614,1700,1108,1032,2248,960,292,3085,1015,416,7688,5818,157,1675
135529,2435.84,2087.4365749406616,1483,1995,1935,3124,5479,1245,264,1030,5672,830,3881,2589,1702,1561,1589,4337,5502,2000,4699,2045,665,596,1420,2377,3004,2095,1520,808,9745,611,1941,2786,1157,609,2006,3702,2762,492,1151,841,4676,1593,10264,3125,143,2057,199,2915,2331,1239
205729,908.76,763.8551579979021,605,240,292,802,177,2182,798,156,958,1175,779,783,700,3777,322,415,167,229,669,915,1224,658,283,103,355,778,937,1017,1104,971,327,2952,1177,1122,906,156,1639,3134,330,1646,1016,349,606,1888,179,1222,756,1237,707,518
154729,3142.76,2559.0993381266,2036,468,10196,5935,1990,1631,1940,2450,2215,7485,10559,1594,1433,1819,286,2525,1758,2819,6427,2578,1433,1373,4065,2576,8236,2008,2796,1403,387,1136,1786,8823,8535,2247,2223,835,6168,4756,529,3907,1957,2208,905,1603,3069,2559,3628,3205,1230,3408
218663,83.66,117.2436113398082,38,20,26,31,31,20,25,34,79,49,21,470,24,48,29,22,29,387,23,63,15,232,248,193,16,42,49,46,23,40,25,32,28,88,104,56,497,43,30,32,46,34,39,21,40,330,26,23,20,296
229441,338.44,255.6554838058437,421,540,296,302,84,193,62,90,72,609,378,123,760,237,485,82,156,806,921,247,478,88,218,508,289,1358,317,183,418,373,218,113,563,413,189,529,261,81,413,160,355,520,556,97,652,129,78,172,170,159
202211,1128.26,943.4631060089208,4035,164,265,1133,2315,644,1300,1116,608,1684,2757,139,1731,793,955,750,235,190,1651,105,561,612,1037,76,221,3174,248,94,1594,229,456,1982,1302,1867,446,681,2519,672,92,1426,106,3241,673,1222,441,2250,2037,2092,1636,856
183257,5957.14,4981.091992766245,7383,10467,2425,607,7810,6899,1635,10786,6809,9194,815,8651,3823,1012,1337,11896,4682,4440,9105,729,22547,10196,9034,1699,1028,2234,6891,1123,1531,1921,7889,3802,6165,4341,3502,11116,6165,1591,15937,374,1854,753,4235,18030,11910,5813,2948,2149,4934,15640
131669,3608.72,3593.668009374266,880,3652,2701,3760,4298,366,5128,2359,11930,11072,1056,2492,7526,3091,445,3119,3013,17984,2889,2752,13072,362,1358,2317,4272,818,6372,2981,5670,6387,1155,1205,824,3104,3241,2987,2126,8889,3200,918,1384,1948,694,5176,1194,1157,455,790,5538,329
156701,2082.02,2161.7260001211994,136,1508,2107,677,581,3215,2284,1458,1461,2218,2747,6850,3929,3820,3325,1309,928,12144,144,2373,1498,1915,2414,1516,1504,947,1034,68,2423,2491,1060,506,440,3118,912,731,114,290,1763,410,885,901,6192,2102,436,1347,7568,3378,2229,695
142691,4139.7,3889.470839330204,908,6510,5940,1159,186,228,1160,1464,153,2400,5118,2319,1288,13787,2399,9789,3370,2466,1764,60,3889,8842,3771,8805,15720,2744,9362,2603,4065,15942,3577,4921,8653,1443,6272,7680,310,2400,823,7324,1519,3695,1337,7282,841,4015,2311,1228,2564,579
134041,2162.64,1725.8517289732627,489,1809,291,1265,1127,2629,3965,1903,4906,2071,581,1526,762,2090,2492,4724,133,1171,4355,1405,1587,5518,3123,1260,1745,4398,9564,297,648,2238,2571,2561,462,2123,1717,1170,1361,2123,1559,2186,556,350,2240,336,1389,1282,5257,3363,2087,3367
200479,687.08,753.5731375254827,866,79,87,75,79,67,1801,509,894,136,985,125,92,1300,2040,158,72,308,3164,70,275,139,212,894,628,103,872,128,2451,719,379,542,122,1985,546,448,99,634,329,356,1216,872,1017,1586,96,2984,567,151,747,350
213793,777.8,603.8694560912979,1113,393,335,1291,286,310,2254,279,1368,1121,642,117,1323,247,153,1499,1746,106,299,924,170,533,2751,1313,289,1673,1404,153,1192,1040,1037,876,559,937,757,1079,225,453,429,792,226,323,1652,219,481,328,218,170,1420,385
154577,9957.64,7281.181705629932,2240,19802,1134,18760,9026,15119,9206,5775,11843,17686,22099,7408,25280,15665,11494,23655,2835,2960,24766,5195,13763,8294,1996,12162,2969,16613,9658,15430,644,3074,7740,2237,1610,16480,1240,3719,11802,9715,3798,1489,1523,3930,20298,8261,6634,2170,17982,4833,21306,14564
148613,7181.3,6708.382992197151,4956,1314,10330,167,1262,1208,8776,1037,648,3933,2224,7076,1272,16557,7521,9997,10467,7185,8205,12375,3178,9775,10037,1442,15895,181,12104,8851,2588,5568,5415,5275,8919,4831,6094,599,10716,3031,12148,2770,5807,11855,18017,5752,11355,494,2578,41181,3810,12289
161191,3155.74,3188.357080441273,4385,8467,937,1729,4295,1833,1191,1581,633,2657,2240,13726,2393,4048,6242,1659,466,3081,5595,692,1656,6962,1191,796,131,109,4467,1439,2674,10629,5044,30,3780,1878,4710,2580,284,1082,362,161,4857,1958,3664,501,12808,785,1703,4567,128,9001
152333,1967.1,1600.070526570626,2632,1532,1102,1281,235,1734,1745,2072,239,1340,2281,2981,1825,4024,4885,1633,3664,377,3441,596,1824,5831,1946,521,557,7185,865,1225,3609,3212,132,600,3489,3434,800,426,724,2197,1103,825,5681,631,2813,303,1624,3637,1246,887,712,697
150103,1906.16,2246.7512221872717,716,1026,1633,1971,1827,2307,391,129,1053,1011,877,707,322,1327,1324,4045,459,122,2264,2207,328,1216,340,988,977,1112,1945,3221,3867,1548,3328,2332,1544,4243,10592,4880,2704,386,99,1401,114,683,532,2155,11749,820,56,795,1373,4262
164009,1003.44,771.1112282932988,466,2687,1140,1568,1330,275,100,597,268,245,267,1548,1663,2024,250,329,434,792,3603,482,367,2399,1613,168,1236,459,2449,798,2028,572,425,1063,1036,1121,438,983,684,358,554,1249,234,348,1098,2113,707,830,1672,1991,578,533
192911,762.26,747.1758242876974,2315,141,353,544,453,22,1510,1682,274,27,330,478,2566,993,1819,1826,321,571,314,693,1089,158,305,1011,315,1170,228,310,82,146,130,1945,366,106,552,737,799,267,156,448,448,3098,106,983,538,2508,1495,204,898,283
158549,2316.3,2417.705335643697,1491,627,10073,1110,4334,2218,252,7406,4006,279,1952,602,3008,2020,5287,327,2642,1338,5572,324,2418,2170,4957,172,53,595,2682,2356,1769,3044,362,1620,1661,139,3923,2385,197,2717,240,1307,2447,1619,1851,2680,717,1616,840,1007,1007,12396
154379,1827.4,1662.5762178017585,3636,10038,38,1642,2021,2527,1008,1175,376,2737,681,1321,2281,616,3965,2111,2672,1314,56,3207,2533,1912,466,2430,1466,3154,2795,2077,2323,589,355,714,756,940,784,706,2226,138,1285,1184,2078,1358,851,227,3704,629,5989,1517,908,1854
197111,2063.82,1670.127596203356,3107,609,2759,1933,5039,3515,254,5852,3773,102,5809,164,1228,4580,1314,1361,1229,835,3890,111,2864,4146,2368,132,2104,1353,625,654,1841,4466,517,2940,2795,3092,826,5368,2854,1504,866,426,89,418,1837,1513,1047,4208,354,733,3702,85
136007,4908.98,4150.614087047843,1915,5474,568,1146,944,15599,370,4716,5854,2708,4561,1067,3391,4284,6575,9870,2542,9876,6420,2047,1254,15965,5264,1780,902,1097,4305,8054,2201,2901,8414,7846,4216,8360,3358,113,3495,6825,17795,1229,5375,796,982,5831,6653,13766,7616,3643,1716,3770
189029,624.76,464.1790844060081,452,256,619,104,475,179,240,170,392,2403,299,1211,1186,966,356,813,466,1886,986,880,922,563,121,262,640,431,319,633,237,194,401,1475,237,396,758,405,725,237,1091,852,102,673,861,175,1352,426,336,925,422,728
140431,1387.36,905.6916861714035,1246,489,3816,1837,1711,1700,2252,3588,568,1076,617,2011,1531,1450,878,658,762,1011,1850,1167,1381,743,1596,1792,3440,1153,459,2824,163,1095,875,1091,1520,561,1659,254,287,1876,2318,3268,591,3280,1020,1084,102,955,612,1163,1107,881
139651,3789.84,4037.4541649906073,2646,674,5502,937,555,868,610,541,3195,2347,2042,5667,3915,1956,2587,7019,6151,67,68,2959,2597,18645,2465,6491,6134,676,2154,3924,9625,13838,18591,3893,3690,1961,1079,3552,5264,5922,238,2080,8197,840,2099,838,1813,2558,4418,926,3036,1642
159967,2952.5,2206.730280301605,1255,350,4814,3233,2396,3925,3073,5486,6858,1502,1652,4001,6837,1816,481,597,596,273,9788,2237,5328,384,950,1304,6916,1587,86,2358,3367,597,4315,2886,3784,3088,7720,5571,2344,2254,6070,2722,1447,4447,4667,1638,2084,2004,314,2158,1434,2631
160477,1646.84,1436.1934460232021,1947,2468,1860,118,1098,1931,95,563,857,3668,2771,460,3822,1326,388,1753,2140,3001,1810,1051,107,1183,451,748,3431,1850,2784,458,1925,6562,1174,394,971,164,515,2298,3898,333,949,1108,93,530,5555,3391,3826,1548,781,581,100,1507
189367,311.84,262.77864144560914,364,186,913,241,107,745,234,83,81,149,195,106,310,517,191,307,1150,605,1113,102,117,104,285,170,84,351,203,450,80,1036,376,378,186,78,289,375,203,505,242,334,102,165,97,302,314,114,222,92,356,283
199553,709.78,561.4171814257202,681,971,483,529,1457,1162,174,391,1105,333,98,2576,1673,748,980,485,1324,1155,165,882,512,108,301,410,1356,1024,52,159,285,262,2031,125,1284,999,106,1572,1181,98,591,652,311,226,375,323,981,300,428,465,176,1424
136627,1688.52,1272.294655180159,578,729,2804,2527,2435,432,1230,510,376,254,2355,1878,3924,2590,6028,1277,4997,2057,2133,2129,89,2178,3209,869,1061,656,479,755,1002,4427,561,706,3086,2339,1313,805,423,3268,1418,1199,1266,348,1724,1586,1834,801,2380,1517,373,1511
159493,2397.78,2082.0294838450295,2440,3099,2395,618,3299,70,820,7283,2165,1779,2282,6840,5537,2737,868,4495,1496,1433,3361,580,3046,11302,895,76,3413,1979,1724,1172,653,2044,1363,506,1291,3252,3142,2975,4845,508,1629,202,2520,3398,3192,5093,784,706,861,895,1933,893
198907,551.4,534.5409993630049,180,608,83,1750,1711,1802,69,771,83,84,755,543,943,87,75,468,1142,90,920,1238,401,192,77,356,1077,2004,65,286,173,483,77,745,1376,99,356,302,86,418,1031,420,1359,78,90,118,1052,78,564,86,257,462
233033,683.56,721.4329119190502,105,2103,1252,351,1258,812,1050,735,93,1379,606,734,3392,222,165,445,304,313,365,1355,1048,88,270,754,526,1671,854,923,1064,342,3362,41,1155,226,605,190,411,68,190,316,80,115,403,644,70,109,167,819,492,136
137971,4082.58,3085.360789859105,4190,319,1100,5660,2010,762,3101,10039,591,342,5036,1301,1732,8143,2934,2810,2637,10752,3000,4802,6979,3315,3721,2189,10343,807,2440,7851,7628,7600,10667,6214,370,3201,2057,4762,6126,1935,4429,826,1998,959,3565,950,6800,4398,2551,7403,10449,335
191117,774.48,744.2609553107028,501,85,1127,1099,293,398,430,2466,236,793,283,1651,166,285,1104,469,774,734,787,643,375,282,289,160,949,782,1100,609,910,1224,1702,344,154,622,293,1562,1770,1703,36,110,4352,1251,143,200,293,508,167,1382,530,598
237169,1520.7,1324.1236837999688,933,434,1438,1077,1408,818,3118,3862,1929,1024,827,1322,667,6812,137,682,1683,241,606,140,853,2778,1294,205,559,2245,460,2327,1194,3781,1340,1185,1354,550,4005,709,3114,1180,835,227,2251,340,3722,1954,556,3084,1164,213,3018,380
148987,1652.78,1207.2451000521808,3375,400,3324,1901,571,1798,226,456,534,3345,2486,246,1315,4157,2409,2103,293,3119,959,675,574,3799,504,3567,3016,3218,1048,658,467,3334,1328,3950,404,93,2187,2081,827,732,3392,1965,2381,94,1198,1388,1607,785,584,712,1874,1180
190933,333.28,317.285236971404,97,172,432,1056,203,479,104,490,381,130,516,135,154,575,365,108,193,390,138,268,146,402,125,256,1191,122,146,129,116,389,119,243,848,364,319,371,106,227,1416,157,142,118,127,153,1403,160,364,297,192,130
198001,76.38,141.00523252702362,29,3,10,294,438,660,11,12,152,12,21,24,36,14,299,14,8,22,230,35,13,178,9,16,17,14,16,17,10,27,568,24,142,11,95,13,20,12,9,26,18,12,44,10,17,19,94,11,19,14
141553,10628.32,12304.033766923758,1071,40960,959,13754,5886,20938,627,13702,7896,884,10690,9490,3980,16145,14067,20380,4062,45110,39982,543,1018,2173,4859,10689,4247,2507,1632,1288,1505,3766,12838,4149,55275,849,13656,1657,14718,690,7830,3626,18195,4628,11873,8995,30069,4826,10680,1102,18716,2234
137939,1590.54,1846.902685146134,1647,23,7668,1781,167,5114,431,889,2302,1443,895,1147,229,229,469,1050,102,390,1534,693,2340,1965,1535,503,819,948,430,863,941,1330,798,3389,823,943,1174,2141,760,680,1325,3616,1317,2799,1252,1401,433,2201,297,3368,10433,500
154607,1473.52,1109.000310910687,943,1321,1359,1155,4191,286,2130,416,2832,3317,737,286,559,513,1107,1037,2285,159,2032,1723,937,878,2633,2152,405,1009,677,3909,1442,150,1335,2163,615,193,4754,1461,2739,3822,703,1832,1029,91,2125,1424,1748,1199,532,1471,1612,248
136891,3263.56,3165.9932543200403,5932,1147,3115,8096,1951,967,10729,4502,739,1508,1381,6303,4834,5424,8310,512,829,1300,3343,1901,4713,1294,36,3568,3687,15030,1842,12176,597,7128,1221,4920,2632,2245,2099,1214,853,3206,974,1399,883,1687,1307,812,982,2607,1287,4793,343,4820
135229,2094.5,1763.6807902792389,5217,260,1786,4294,1186,815,513,621,3696,5737,611,1831,501,3581,655,524,3511,1277,1747,1966,897,1963,1803,701,890,508,1150,4101,1948,6877,849,872,2169,3234,5768,2526,472,897,41,2773,4489,813,661,714,2042,2562,6930,2799,498,2449
176039,1265.32,1180.66112733502,569,725,851,631,1792,2922,1490,907,559,773,428,611,1785,5892,661,273,365,1511,829,792,1062,2334,576,944,835,473,320,4137,3346,418,994,535,1116,708,1819,766,1846,250,638,2106,488,3514,258,600,593,257,3960,413,1056,2538
152143,6171.48,6171.563747511646,2739,3353,14533,1164,2865,3294,6419,18743,9071,4091,15320,3346,4162,1973,4805,1190,1584,18843,8795,1250,11860,10321,1725,908,19812,24100,554,636,165,3957,6235,5573,11077,101,572,3290,7507,9863,4012,3291,13628,13041,1169,18157,982,55,237,1786,4226,2194
175031,2953.48,3065.070591291496,2342,1220,2868,3701,955,11511,2902,3377,814,2149,1331,5182,2691,5734,1359,15099,999,7514,6439,1060,4008,7996,532,1797,3675,1761,82,149,310,739,628,3209,580,3291,1283,1073,2583,2435,3349,786,1080,251,2238,7649,1359,796,1205,9364,3644,575
165839,1643.22,1268.5352543780564,409,440,97,1189,760,3744,320,466,1315,2823,1852,1459,1541,1345,1392,1663,2344,3037,360,1916,2057,3318,808,666,863,2476,1217,4133,1222,2511,2045,673,6705,3095,1056,539,1136,1501,476,1976,1371,4607,1169,581,1410,926,363,2904,1321,564
178667,2440.02,2312.3323851903297,102,1700,2377,1521,1511,2613,2646,1429,2645,1856,205,144,5521,1934,3502,13319,2998,7103,428,2217,842,1969,7074,365,142,1092,1283,826,1901,5307,259,121,4242,604,1297,2521,3455,3563,1401,1068,2393,3832,4727,1211,384,1769,2318,5211,2539,2514
134663,2193.6,1934.9251044937114,444,846,785,3579,727,176,497,248,2599,3980,546,5475,1938,3240,3282,452,1816,3119,3449,2164,835,526,4871,4427,2721,2382,1382,1675,1189,974,5290,4489,1481,3288,249,5237,519,4324,794,757,98,1532,723,1340,6275,316,1043,777,1699,9105
197881,2648.04,2469.973141230487,4090,2778,7679,4007,396,354,948,1807,8596,244,2598,99,5821,3874,6530,3253,3385,1267,1097,254,5508,6449,324,754,163,1597,2866,11451,4472,1263,2112,1629,419,315,1578,132,123,3421,2922,101,5173,1172,637,2072,5010,2435,811,2479,2899,3038
198103,200.1,274.60147486858114,43,227,41,22,28,43,102,374,215,139,504,41,57,105,1360,50,37,47,64,357,27,686,34,114,372,39,136,888,118,701,40,491,51,113,244,59,746,37,160,41,26,42,44,64,45,48,610,43,96,34
145097,2440.18,2432.517171080196,4391,2196,12376,3509,356,680,252,4973,6512,1601,794,4429,238,987,2308,426,443,2853,2456,296,5386,1437,922,1903,8451,5494,494,1235,1721,2478,8265,2005,2267,408,3152,3755,1944,88,2158,291,1119,1134,1489,3232,1953,3326,1289,1031,400,1106
139163,1328.4,1187.5213008615888,412,748,645,2601,1123,1935,198,3620,1506,298,2354,3656,1203,173,224,199,922,1999,2013,126,219,1395,986,4670,3410,2170,770,929,380,379,3964,1250,1078,1422,1189,1085,170,838,418,1067,479,1811,314,1939,1156,290,4755,794,963,175
159101,1040.46,957.3839608015165,331,939,994,191,1835,1653,1548,309,387,6019,1253,826,942,972,321,434,271,1072,611,1885,188,266,443,1226,940,535,2101,1910,3124,941,2299,526,984,840,323,377,1092,663,1437,852,1935,185,1717,282,914,936,280,482,664,768
193339,261.72,262.98175145815725,250,194,121,124,56,82,198,639,153,125,83,333,1129,139,369,294,69,72,168,108,56,260,112,196,53,1007,207,347,114,631,72,263,221,56,177,71,715,54,146,663,478,146,67,176,323,151,187,217,1102,112
218903,255.44,303.81521752539,74,90,77,546,93,979,1746,56,237,86,97,296,63,500,83,168,784,101,379,282,103,89,377,104,173,535,74,70,67,94,361,78,79,173,36,87,221,199,66,209,76,519,756,70,78,508,82,168,75,508
144377,4759.76,4173.718325713895,276,12665,5104,3613,2064,891,7422,2973,13640,365,3064,2322,13065,5947,161,1610,14356,4380,3308,11676,2020,12595,4432,2946,10895,778,4622,8315,1003,6747,1337,3652,47,7857,780,514,5435,10095,481,5954,4123,1365,11393,2062,4742,2064,8554,1024,733,2521
177643,767.86,531.4315011363176,1964,133,1617,683,697,540,751,778,779,1313,1406,186,661,451,754,1430,722,754,126,913,975,636,208,506,675,507,551,235,447,558,351,710,948,994,356,184,1565,1529,2578,119,719,2029,434,723,1223,277,646,598,160,294
163439,3522.18,3370.144155314428,312,3397,605,8881,3721,2696,6786,1466,5543,4184,457,6166,10556,566,1074,3825,2963,3077,413,3454,7551,641,791,11804,1261,11409,209,1120,6872,805,3755,1458,1378,2619,3446,1311,5499,1003,275,983,2075,3048,2023,3385,15501,154,5670,3253,3161,3507
225487,149.0,55.307142395896754,233,105,113,145,215,36,135,129,231,145,153,128,107,136,105,215,127,139,259,111,114,191,92,121,111,159,145,229,213,135,124,36,113,189,167,166,165,145,94,118,116,106,111,130,242,137,179,145,140,350
134231,2572.32,2072.0189230796136,895,463,1199,1524,548,3058,226,724,1803,1486,2811,4166,2931,1727,3597,9172,8233,1796,936,5245,1302,5112,1062,3445,2349,1637,6475,5386,1234,1651,357,1179,440,1019,2786,3503,2235,482,6169,136,6356,3502,1231,1276,2589,3237,2557,868,3085,3416
181651,2832.58,2897.442410747796,2771,3294,2142,1015,534,263,6501,1281,698,311,815,8964,2400,1539,2178,236,5293,5544,662,3551,6604,11670,1526,353,5154,2978,874,1116,331,3722,1338,3164,4578,14555,1506,545,657,4235,3107,490,1144,4482,1990,3474,4879,640,3072,1390,39,2024
137407,1885.76,1505.9727030726685,2137,846,1413,3833,2229,1523,4185,2568,526,1857,444,2230,286,3104,4268,6081,1598,1781,3572,472,5440,878,796,790,520,801,2982,2265,614,1693,218,4320,481,562,820,5165,2079,951,199,567,1258,523,953,3341,1430,1714,109,3062,3723,1081
131237,1539.16,1373.457365337563,1672,435,1044,1173,1830,4634,117,542,525,4408,694,25,1175,1937,696,1415,400,2272,237,283,591,128,1028,4356,2195,632,1188,3385,3260,2808,301,2385,5405,1052,941,192,1909,1173,148,1063,3663,2880,926,310,755,694,1635,4489,598,1354
160661,3094.84,2622.317107902856,1704,1707,926,3938,3070,6903,1572,355,534,1201,4001,2021,8011,2207,1839,810,3365,409,1772,2600,6954,2824,1727,2435,1132,1547,3536,1635,9260,7729,5284,385,12577,4346,86,2643,5265,2242,1575,790,78,677,4746,4810,1983,3235,3476,7659,3683,1478
