527719,3994.9,3007.334515812965,129,2591,594,7254,8722,537,6929,6598,2716,3879
529583,4143.5,2502.016316893237,2859,1046,3780,302,8523,2418,7633,4650,5094,5130
529481,8004.8,5974.896748898679,8516,6403,6052,12445,8597,3257,3223,23094,442,8019
573581,5667.2,9383.466201782794,4803,517,2570,525,33194,3026,433,6357,4368,879
576833,18473.7,14466.325850401683,25137,24736,15362,4968,39929,46678,5747,10399,2942,8839
638237,2214.6,1778.440845234949,1228,492,4199,893,905,1766,3620,1061,1703,6279
756851,2907.1,2271.796401528975,6026,3317,1531,348,647,4731,2278,452,7184,2557
1017937,27.9,28.328254446753334,15,101,5,16,26,9,14,60,18,15
533087,2883.6,2158.4139640022713,1650,7186,3125,922,1664,4236,5398,605,3806,244
588139,2177.9,1537.3525587840934,5012,4679,869,2398,2510,2397,280,1899,1263,472
725911,3383.1,2290.9689849493816,2389,6631,5973,2691,6750,671,4304,136,1594,2692
637057,6540.0,4397.698329808447,12544,11521,626,5051,10254,8937,7311,189,8118,849
621077,1855.7,1804.1466708668672,1875,938,1452,365,1431,1029,2828,6845,272,1522
563909,11841.1,14389.482419114318,1374,12160,16698,19676,4328,959,567,2630,9651,50368
915749,397.2,318.2215580377923,953,76,317,68,383,128,780,228,842,197
612779,1833.0,939.3058074982822,1349,1557,1372,2765,673,2202,991,859,3503,3059
552977,6423.6,4482.609423092759,12402,8869,2953,5757,12810,1763,7680,10574,1043,385
750011,3415.8,2965.4855184269572,8942,4219,1808,276,7776,642,1933,5576,2787,199
822649,649.0,232.171488344284,941,445,729,299,620,1151,644,554,514,593
649133,3080.8,2700.8291985980895,807,4082,1659,3558,1060,3713,4885,912,9767,365
853751,1333.6,690.6972129667239,2272,400,2232,1541,883,221,1738,1404,794,1851
824851,4131.1,3160.9165268953248,799,7861,978,3394,2755,9888,300,7888,4081,3367
537601,10919.6,8728.99144460573,20826,15683,4584,3601,30823,10743,3806,7720,1461,9949
772883,2130.5,2579.167007000516,8031,146,529,807,1456,1501,235,6265,998,1337
880937,72.3,49.5278709415214,57,46,49,96,48,76,50,44,213,44
916243,926.4,767.5028599295249,179,1282,54,55,2330,1535,1660,1098,50,1021
677489,1123.5,1578.8622644170073,526,405,589,76,762,5526,426,574,2263,88
551687,2924.6,2386.117901529595,2148,2079,2216,1471,1441,3323,326,1735,8834,5673
855451,4561.6,3099.3638121395174,1679,10031,6565,5048,2747,1743,294,4334,9405,3770
606511,16907.9,19956.521437615324,9107,19244,1413,853,751,16819,7119,71949,20920,20904
756611,2291.3,1806.8840610288198,7243,2070,625,1176,1648,1482,2050,2813,2989,817
579727,1773.9,1856.634452443453,1663,2779,6864,1878,1104,426,1612,388,254,771
668683,2160.3,2227.5184421234317,212,1326,7707,917,3701,384,3051,441,622,3242
751903,510.6,423.59324829369035,153,959,706,329,1103,1229,241,93,60,233
583571,12600.5,10518.251644165965,4779,20111,14386,3106,12562,11307,39516,13368,2844,4026
723301,3990.3,2363.7221516075024,5491,2806,2454,639,1941,6523,1170,4856,7737,6286
536033,7202.0,4292.241605501722,8544,3025,1480,5860,14447,3764,15051,7965,6562,5322
582193,6397.6,4675.057116228635,9681,592,16521,8685,1125,5232,3085,2423,7077,9555
568697,7490.4,5065.34711939863,16792,7204,8948,6413,7959,1672,4299,16116,1506,3995
570319,10131.7,7789.4416109243675,4547,12412,6114,7005,2874,10488,3226,20947,5974,27730
568067,5130.0,3213.281749240175,2611,6860,7407,1497,8626,7532,2162,3477,10340,788
870767,1288.1,1062.550558797086,431,2401,209,1457,2174,989,356,494,746,3624
779689,5589.6,4451.3190674226,2307,3798,277,13011,11848,10975,6464,3396,1786,2034
671311,7546.4,4732.931949648125,18123,7883,2902,6392,3589,2272,12883,9363,3877,8180
665831,3321.8,4431.12116286612,529,2032,4938,463,1354,2659,1546,16118,2103,1476
721771,3534.2,2119.425290025577,5318,7206,455,4366,6382,3296,1297,2825,2476,1721
689627,1982.0,1555.9814908924848,2366,4470,1466,879,1627,5199,69,870,1898,976
600617,3257.6,2404.217968487882,3591,1736,5331,815,2766,1351,841,2950,4049,9146
544351,1925.7,2010.488947992503,643,389,2409,520,802,1141,5477,6103,1115,658
571247,2189.8,1113.9223312242195,2140,1552,2014,257,1661,2061,3167,4679,1557,2810
626039,1037.3,925.4917665760188,649,253,1106,607,232,147,867,2826,2749,937
1022117,194.3,119.16211646324516,91,334,23,359,89,346,207,82,142,270
527543,3017.7,2412.2843136744887,1261,2875,3232,354,3055,9410,972,3122,1749,4147
541873,895.0,642.6048552571012,826,696,337,684,2602,374,1253,967,954,257
555913,10781.5,5962.864735175535,5411,17862,21054,5850,12745,13040,6893,879,8767,15314
670907,2932.4,2007.7805756605976,1465,2353,4246,7339,4889,2016,3563,2107,1274,72
624647,7228.9,5851.292258125551,12903,13594,5677,1545,7731,19051,489,5007,776,5516
563729,14878.0,14357.454579416228,2076,5307,1304,16562,1944,33787,47452,16981,9678,13689
787687,47.3,65.4187282053083,23,22,203,9,15,12,10,148,13,18
563137,20701.0,14815.183731564048,40436,339,35813,15879,34839,2708,28006,11396,3494,34100
551987,6491.3,5021.095538824172,14058,6869,6187,3377,6591,480,766,2479,16414,7692
602579,12483.9,8300.292349670583,25844,27202,5562,11187,6902,16209,1855,4552,16166,9360
696191,6473.9,6683.609899597672,1416,6442,1291,5257,22332,7613,728,1657,3043,14960
658877,3213.1,2265.9467535668173,3898,986,1587,2104,2113,9417,1914,3840,2782,3490
610003,2201.9,2233.4776224533794,1910,584,424,1624,1838,1674,1254,2515,8669,1527
552901,11465.1,9815.149621376131,6852,4843,13733,2580,10816,4713,4048,9022,35755,22289
650263,3917.2,2975.0668160564055,3195,10198,7104,2973,2124,1178,6993,592,3329,1486
644849,1443.3,979.2573767912091,962,1014,3118,2808,184,1071,1791,958,177,2350
673559,1597.5,1075.0057906820782,2900,2696,834,410,866,3184,2328,712,120,1925
808057,396.8,354.9266966572112,748,82,332,97,636,517,1194,75,189,98
550549,6229.7,4990.000522044061,2575,10335,337,2628,5884,1196,5516,11177,5462,17187
571187,7625.0,6613.339186825367,7237,24356,5372,10911,5503,1199,9621,730,1396,9925
710113,1315.7,952.2354803303646,1537,2928,340,1123,761,1634,2653,110,1936,135
744241,2840.9,1770.2353205153263,5715,1209,3975,415,3676,753,4592,877,3838,3359
585239,12329.8,11224.514642513503,4733,1881,9621,2810,16378,2508,22045,37114,22387,3821
561433,20130.9,12593.419801229531,13027,6376,41574,26264,37836,28893,2540,9388,14389,21022
598153,4910.7,5905.060203757453,387,16930,5311,1216,567,15087,1062,1442,637,6468
540737,3939.4,3126.2346105178995,7986,217,3008,3899,10764,1424,4487,4762,1641,1206
783907,1857.4,2512.3068363557827,230,8781,176,1550,3102,200,2523,711,83,1218
724301,1091.0,637.3598669511597,2246,1505,1205,1374,1509,419,328,1561,499,264
546577,9024.5,7040.784065002988,19507,24293,6733,7164,6616,641,6471,1204,9078,8538
596681,7138.8,6278.065319825846,12809,1153,4261,19454,2698,15865,6775,825,1811,5737
529783,9753.7,7385.171982425325,6207,3403,12239,17083,20084,4152,82,14980,336,18971
731123,4943.1,4234.378241253373,2958,13330,4890,2136,805,8830,1168,10810,1317,3187
1038361,38.4,28.039971469315013,17,64,24,82,75,62,23,30,3,4
635209,8564.1,5885.134194731671,8273,4096,5865,5798,9060,12121,15527,21168,1027,2706
580579,5949.8,7585.955942397768,922,1232,9427,763,24228,3502,459,14977,3714,274
567419,3615.3,3126.4886710173764,6776,424,6242,2478,861,10407,178,4167,2576,2044
956677,183.8,117.13991633939304,214,93,113,101,345,98,100,454,131,189
527479,8235.4,8916.996166871442,27633,12175,964,3689,4912,21443,1985,1358,655,7540
531379,2021.4,1744.7650959369862,3975,6163,2065,916,203,2743,547,1235,848,1519
974153,236.2,201.29321896179212,149,730,425,84,349,87,147,76,74,241
903853,543.6,503.24232731359155,162,523,50,263,1522,75,281,1371,341,848
546773,3564.8,2588.0077588755407,2771,2691,1613,1623,1957,1653,3997,7556,2372,9415
807979,564.9,606.1188744792559,111,1654,526,64,1804,187,549,70,285,399
567629,15337.2,11843.527707570916,14370,1283,1046,41366,5756,19217,23691,6202,22933,17508
608197,2247.1,1595.084853542281,1120,2779,838,2441,707,3594,5432,3956,1271,333
913207,900.8,560.8564522228481,1567,772,507,1514,313,907,1861,178,321,1068
846409,12.1,10.48284312579369,8,3,3,15,11,21,4,15,38,3
824737,3612.1,2630.0005114067944,5999,1364,7085,2147,1049,1521,7294,131,3195,6336
874189,759.5,725.9027827471114,1357,762,1599,164,549,196,146,134,2354,334
527773,7645.0,6052.807761692089,10252,3970,666,3542,5498,22388,3817,9153,13047,4117
659119,1508.1,2017.8859952930939,7311,149,1626,859,197,38,915,1208,1843,935
851567,2678.8,1763.0137152047344,5945,4412,3198,1020,2658,77,3065,2009,4014,390
602683,1827.1,1711.8472157292542,820,2506,1387,4291,5631,822,206,1111,1304,193
603089,4884.2,2625.307860042323,8549,3948,7336,3298,5434,2896,3478,9743,2590,1570
626903,6418.3,2750.012729061449,6305,8380,1988,10173,8386,1878,8423,4866,5065,8719
726067,1046.9,1005.0242235886656,366,808,249,2111,3421,650,572,264,247,1781
575269,7755.1,5506.277952482966,11006,14248,18576,2227,3027,5869,2189,9236,1444,9729
550727,3382.9,4019.613201540666,3412,807,14924,2107,1743,1333,4637,522,2687,1657
667763,2390.5,1470.0342342952424,4077,1509,4408,108,2390,1175,4311,2508,569,2850
561263,21130.0,17514.30703739089,31320,3248,5042,12048,16462,59954,40790,7754,26811,7871
564647,2660.8,2062.1152150158828,5767,2647,1533,5045,1134,6146,1606,662,1755,313
542257,2518.2,1348.6833431165376,2164,1799,1247,1077,1518,2051,2311,4751,3037,5227
582133,1212.6,823.0608968964568,3007,2193,566,550,474,1303,728,581,860,1864
536713,31260.9,23224.826287617307,84526,31357,52484,6199,20334,48188,14086,11237,32309,11889
634349,6647.7,4904.744214533516,3888,9477,1082,474,1924,7548,7059,6555,17186,11284
750187,1038.9,678.0280893886329,512,66,1127,293,896,1386,475,1610,1757,2267
584533,3940.8,2766.7897209582084,3028,4788,7581,1667,951,5384,2844,9553,438,3174
766043,2220.5,1752.0647961762145,5380,195,577,449,2350,997,1334,4696,2501,3726
954803,302.2,196.4809405514947,102,369,109,120,330,251,170,738,286,547
547969,2423.3,1803.5487822623484,1924,990,4445,3918,245,1368,6312,966,2529,1536
758717,1100.9,763.7319490501886,1375,2028,433,107,2553,326,1172,1344,1360,311
628883,4307.7,2814.76745220631,2281,1540,760,3263,3616,6152,5420,9851,7986,2208
904279,473.9,434.88859492978196,211,721,152,646,49,531,1528,700,62,139
732349,1496.7,977.5483670898335,689,868,697,1541,3733,1762,716,655,2708,1598
566207,3551.5,2236.199465611241,3618,2438,704,2935,2946,9512,5038,3160,2843,2321
636751,1891.3,1657.6454415827286,1568,5691,3907,496,295,1216,488,2526,659,2067
663193,8553.7,5858.370013066775,3127,7856,8841,18266,13812,13408,1725,1887,2125,14490
540847,7584.6,7843.2389508416745,6856,8150,4082,12231,1078,29160,4573,1532,5215,2969
682267,3507.0,2587.2528674252158,746,204,3933,4431,1546,6651,2797,2746,2842,9174
825989,813.1,812.8258669604456,1631,1712,219,54,43,57,711,1377,2273,54
812941,576.6,573.3508873281701,74,804,196,67,902,1761,62,54,541,1305
732019,3672.3,2800.294129194289,4650,1113,5275,1671,1596,3821,314,2725,10434,5124
635123,2095.4,1040.460494204369,2886,922,142,3307,3204,2537,2838,846,2145,2127
960761,250.0,140.965243943321,183,124,102,98,340,126,312,433,519,263
527027,21932.8,20947.45680888255,21278,11205,49115,9840,11432,7517,12231,72165,23788,757
785149,20.6,55.508918202393396,1,8,1,1,1,187,1,1,4,1
687811,2530.4,1050.4828604027769,1884,1904,1946,3168,2121,2838,1085,2033,3282,5043
854429,2105.5,1807.1131812921956,3425,3357,1402,987,297,6574,1723,234,1371,1685
553429,18190.7,9969.830550716497,10441,2352,23245,22745,9293,32690,12576,32986,24740,10839
1003883,206.0,96.55050491841045,286,277,306,160,133,84,379,212,140,83
562157,4045.6,4060.150174562512,600,2525,3157,919,13244,3566,1331,610,10038,4466
617143,13250.3,11153.081736004628,6073,10381,11712,10921,8259,43371,3200,3151,18520,16915
751561,11642.4,9675.853659496923,19822,4576,12257,2096,1172,10027,28290,1058,26646,10480
553183,2419.3,1866.4087467647594,671,3730,289,5234,217,5037,1823,3712,2954,526
989701,688.4,592.8200738841424,622,933,141,1747,1771,31,148,458,620,413
922843,33.3,4.196427051671457,35,37,31,32,38,32,34,23,33,38
587663,12265.3,11870.859160566264,9573,41801,3225,4499,7991,16253,24194,4319,221,10577
573193,15262.1,15286.99016451571,1253,13113,4403,13693,56829,9761,25688,10094,4362,13425
703597,5729.3,5053.697023961765,2631,2544,13142,1060,118,7677,3466,11879,13519,1257
877069,112.6,124.56018625548053,54,315,38,94,47,44,45,52,399,38
689753,4832.1,1670.3377772175304,5416,2262,7790,4432,6314,4567,3363,3510,3695,6972
604267,2356.0,1502.7076229260301,2725,4940,932,3840,2090,270,1289,1008,4378,2088
732443,1902.5,1800.0810676189003,1674,2536,1010,80,3555,549,721,444,2115,6341
608477,24489.0,18696.692974962178,32923,29913,2277,31247,13623,2276,62869,10654,45815,13293
623039,5731.7,5704.758646077851,3058,1568,19300,4589,3673,1065,1924,12601,1164,8375
634063,3254.8,2547.4643000442616,346,4778,1552,1244,1466,2798,8562,2648,2155,6999
550051,16506.1,13038.505684701757,16841,2200,7003,17008,6990,17031,39160,6285,10374,42169
901543,720.7,672.7229816202209,607,82,147,337,852,87,690,793,2457,1155
655411,1332.8,1137.6116033163514,1576,1049,949,401,3980,2834,1168,788,419,164
585161,2673.6,1331.040735665141,823,4889,4219,3100,1377,1651,4157,1969,1543,3008
753343,4127.4,3024.0809909789123,325,1783,587,6006,7958,3891,1783,8453,7890,2598
838637,194.6,261.03723872275384,46,40,60,41,135,238,163,946,229,48
861103,1039.8,683.0750764008302,1328,754,376,2553,697,662,482,1238,1907,401
574841,6036.3,6330.23426185793,5094,3979,1821,8275,23107,3374,1745,9913,1197,1858
641119,3002.0,904.4911276513441,3848,2909,1762,2337,4962,2569,2890,2087,3767,2889
1026169,153.6,118.46028870469631,135,239,115,441,126,240,41,123,34,42
680429,9182.2,7821.587355518061,367,18221,5846,9743,10280,26352,4284,2145,1624,12960
531389,2226.3,1524.73250440856,993,209,3577,3261,448,4491,3389,1755,513,3627
619747,3102.5,2841.168852778729,5998,5847,4093,86,150,3547,1631,8607,799,267
563539,7119.0,6243.5189436727105,23142,4403,8954,8110,2203,4673,528,9261,9071,845
543731,3585.6,3470.486801588503,968,5281,300,2855,2370,5402,1326,1143,12725,3486
892961,422.6,342.3270950421541,806,247,129,255,285,250,243,1301,260,450
670697,4282.7,3984.8174123791414,2332,3527,458,5561,9187,2251,2184,13725,3231,371
868183,202.7,124.881583910519,139,270,96,157,540,113,97,185,227,203
698549,3039.7,1890.3501289443711,757,533,6311,1686,4036,5001,2816,1055,3542,4660
792347,6279.9,5102.522287065486,9714,3212,5927,13121,414,341,11026,14023,4924,97
735047,3449.7,2371.2270262461166,2204,3502,3514,6247,1401,1161,8927,768,3064,3709
705511,1180.0,1091.3207594470107,1108,228,3829,609,2545,1071,1110,233,388,679
554881,23151.5,18355.414782837244,51892,8926,7876,5638,3870,42276,49682,6262,23334,31759
555329,6741.7,7399.892743141619,26677,226,9605,6518,9611,510,6247,3969,1961,2093
848329,853.2,1283.819909488866,640,403,82,301,4467,125,139,237,452,1686
778207,554.8,459.8579780758403,1168,369,927,286,130,1514,462,132,445,115
534197,5723.3,5310.508357021953,13388,12042,157,4033,1963,168,14557,6141,961,3823
626047,1446.0,1141.8361528695787,242,3692,1293,138,883,499,2697,1265,2778,973
842603,1037.5,836.6145169670438,848,995,573,2994,200,1105,2164,658,549,289
760013,1142.1,839.8537313127804,2556,106,264,738,2110,1540,730,99,1955,1323
716141,1658.3,1454.6238036000923,1628,871,4831,305,1736,851,1986,3724,493,158
705311,3443.8,4040.068509320108,2097,13001,2002,3446,806,456,1508,748,9371,1003
742529,1852.1,1988.1259743788871,548,889,477,1132,4283,2094,439,1104,6823,732
530821,4372.1,2493.726667058762,3185,3536,1531,2736,5493,9183,2205,4215,2988,8649
625249,3504.0,3168.351621900574,778,2661,1640,1494,2036,4317,1272,4265,12198,4379
594463,5323.7,3874.693795643728,4329,7161,1573,12126,391,521,7872,4424,4108,10732
547531,8507.8,5616.493137180887,2413,14727,7917,2074,1122,5827,16785,7777,9847,16589
643063,2105.6,1249.735347983724,1665,1404,1599,3829,3951,658,995,2220,3920,815
786143,2159.2,2100.1778877038014,2288,7884,154,1226,1270,411,2622,2956,1914,867
628933,4240.5,3926.085970785663,2319,746,10910,740,2639,219,7391,3086,3039,11316
618073,2948.5,2617.4843743564165,1313,484,1329,5298,375,3093,4847,3502,8833,411
532459,19868.5,18179.30198467477,10725,44140,62398,9533,1950,11653,26677,7059,11214,13336
544811,10010.5,9000.874082554426,11958,1465,3531,11544,1183,4749,3636,9576,23374,29089
728243,1281.5,1179.9075599384894,4307,574,960,597,2691,826,700,965,345,850
666137,2264.6,1942.4974234217145,2952,2159,7386,1323,1633,734,1484,3597,835,543
628237,2802.6,3006.351616162022,1541,177,3912,884,4226,1607,1235,11082,1740,1622
676033,4300.9,4706.578320818639,2005,1274,2461,7689,17101,2901,5241,1192,2273,872
677921,4251.4,3316.8394956645097,349,684,4188,4773,2120,2385,10216,9551,6367,1881
745309,2294.1,1908.7017289246637,992,127,3625,3325,524,1159,6602,941,3781,1865
589429,2350.5,1889.9348798305195,5965,3216,1357,3826,547,831,444,4912,1623,784
538243,5651.1,6538.229660236783,22344,2125,5420,3231,13082,4848,1730,2041,746,944
638257,11111.0,9682.702690881302,35274,3187,1168,6776,15681,13410,17801,2469,9084,6260
761933,2049.5,1686.9172030659952,3222,2371,1928,1724,1292,1091,218,6376,2038,235
759859,1445.3,1101.8453657387681,297,522,2326,599,442,1017,4039,2046,1298,1867
785063,1015.5,1499.6788489540018,97,715,737,2652,110,413,4944,138,167,182
816281,2415.0,3469.4920953937913,24,645,2264,3294,4017,120,1307,236,12014,229
693271,3933.1,3577.925528850482,935,12161,4971,6141,6985,2103,512,569,826,4128
899501,902.4,557.6009684353139,289,860,1842,1005,859,108,1665,1110,171,1115
630601,8998.0,8755.943969669976,9808,1497,31138,2511,2764,11448,17317,3714,5831,3952
763813,992.6,830.5635677056874,391,1472,25,1496,329,137,2188,129,1566,2193
576871,10206.6,9459.92210538755,14219,2131,4611,33452,4161,6317,4518,3016,9181,20460
606637,4051.0,3314.886875897879,616,6763,300,10784,2403,7698,5408,1489,1465,3584
579749,3310.7,2573.495329313811,1146,3864,9361,4408,3837,1124,1566,1422,768,5611
587177,40620.8,31967.73799254492,43083,11785,11115,7469,44683,2519,48464,75086,54232,107772
666713,869.3,1305.877410019792,217,86,383,4632,1419,160,562,646,358,230
596867,3428.1,2745.943715737815,991,624,1936,3067,6744,5283,9231,3626,210,2569
565129,8890.1,7780.814564684087,768,22353,2586,2749,9814,3639,16615,4836,21317,4224
600499,2681.1,2385.9419293017168,5053,1293,2506,3187,2411,1502,484,504,1201,8670
537253,44261.0,62280.91659730129,63293,16769,12796,35671,7851,6101,54933,221958,10157,13081
604963,1478.4,707.992542333604,651,810,2516,783,1508,961,2608,1203,1430,2314
639203,5047.5,3079.772921823945,12028,5157,5927,878,3778,4204,5172,2112,8470,2749
706957,4595.6,4400.591396619323,8422,1401,1065,2093,63,13753,10038,1067,2811,5243
545323,10186.2,9385.249285980633,359,2541,15676,4675,3202,10959,9422,30519,2422,22087
561233,3471.1,3660.769057179106,1923,4979,2283,1398,6218,340,3707,279,710,12874
698149,1626.9,1991.5845174132078,5334,271,5648,185,681,356,858,648,1953,335
824371,1549.8,2135.4627976155425,767,550,6067,226,319,230,97,585,5474,1183
767849,1390.8,1081.3418330944196,703,2270,2216,812,953,353,1893,3838,652,218
833699,1626.7,1501.234895011437,5218,1302,732,42,34,1982,2109,2475,133,2240
948667,633.6,533.6860875083779,932,453,432,570,695,172,164,126,754,2038
715703,1481.8,1248.8489740557102,1574,4825,2026,849,456,728,1691,1425,1155,89
608351,3020.9,3942.2845775007163,778,1027,794,1540,4549,555,3123,1848,14319,1676
656837,2304.3,1951.1249088666773,3753,6411,637,1774,2287,1525,769,545,4875,467
748063,1129.6,1734.7672581646218,465,447,1135,742,297,6269,351,925,406,259
619481,8947.8,7044.363332480801,22270,1963,5403,17551,4796,2988,10016,17293,4744,2454
623659,2076.6,1561.8945034796684,1277,4654,3514,716,833,728,1462,849,1847,4886
980051,383.7,175.2347282932239,375,740,62,535,302,399,218,299,488,419
536113,2507.0,2553.9698901905635,667,7743,136,960,1403,996,6230,4722,1438,775
605821,1446.5,1203.8302413546521,289,816,854,585,1454,290,2042,4414,2501,1220
809009,2346.7,2469.7171518212367,831,5732,549,1065,66,7716,3885,57,1574,1992
530107,2740.4,2166.9061908629083,692,1752,4869,5930,2769,540,105,5407,649,4691
801719,965.0,792.4449507694525,231,1523,1080,82,1316,361,2482,80,1920,575
749753,1152.4,829.9296596700228,1474,185,2214,102,175,2199,1071,2193,508,1403
536131,3991.2,1860.313349949411,5399,3537,1075,2803,3077,4208,2215,3931,7907,5760
611447,3282.4,2211.5174518868257,1533,816,3826,4045,897,8204,4982,2902,1152,4467
625357,4501.0,3028.1559735258024,3409,1338,7362,8282,851,10382,3543,4060,1510,4273
659293,1333.5,1592.488383003154,773,232,161,120,3750,907,2286,244,144,4718
699983,2807.3,1962.5287284521469,1682,149,4310,2658,1281,4978,6884,3310,1203,1618
695399,7570.4,6449.202977112754,17856,2862,9848,2984,402,10324,19986,5502,3974,1966
652823,1971.8,915.8399205101292,2172,1802,1433,2630,1539,2088,4318,1386,803,1547
617621,2325.9,1813.1754713761159,3453,982,4853,950,2960,5664,358,229,2727,1083
583201,1611.9,1239.9151140299887,3535,2495,3977,1404,665,722,1666,879,519,257
592283,18489.1,10480.233761228801,21809,1835,1947,31576,9463,31438,27258,23464,20686,15415
578471,4149.4,4757.974026831169,3728,17720,229,2805,693,2192,1747,3020,5540,3820
595759,3697.1,4798.140961872629,2838,343,1751,2829,1643,1511,17215,6610,1386,845
630869,1318.9,1186.5906160087395,165,529,2740,1185,249,4067,1589,1595,613,457
581849,2531.3,2039.3650506959268,3012,7862,241,4130,1474,1633,1624,1860,2324,1153
582991,3451.2,2121.8868395840527,205,5545,3486,1494,4542,2438,1856,7340,5555,2051
807361,605.5,594.9751675490331,1253,1362,233,887,65,28,283,30,1672,242
594851,4253.0,3553.2077057216907,1433,3016,5899,3485,3240,2836,14041,5230,2114,1236
839777,123.8,262.3386361175189,20,8,245,13,883,12,23,18,6,10
690497,2856.6,2507.4180026473446,547,5178,1599,4122,408,428,8363,543,3769,3609
629933,4168.0,3763.3608118276406,307,7449,1272,1051,8414,11682,6217,929,2799,1560
632119,2674.5,2474.2663660163994,1723,1498,8249,797,2650,1729,1199,1190,1003,6707
663889,2267.1,1841.6520002432599,3653,5121,2710,2685,423,616,990,5365,912,196
526261,2662.8,1989.8969722073552,1124,7943,1934,2754,1131,3130,3141,1823,427,3221
532409,4921.9,3662.013119856345,12400,6525,10700,5283,1936,3097,3521,2650,1426,1681
760303,1281.5,928.8032353518155,504,943,2118,517,1897,337,1870,896,3311,422
635963,3952.6,2115.0645947582784,3908,2948,6308,5393,2042,5241,735,1293,4051,7607
637331,4471.0,3872.1140220814777,1132,158,11845,5204,8700,2653,257,3844,1996,8921
608771,4871.2,4277.695215884366,17000,3808,1903,2168,6843,1751,3510,4365,3495,3869
1015943,30.9,24.99779990319148,13,29,13,16,50,26,99,20,27,16
615947,4140.4,3312.073767294443,5315,7050,2778,12593,1626,588,3205,3330,1998,2921
944159,243.7,159.9644022900095,141,462,150,448,239,66,496,116,56,263
539069,2727.3,2075.6817699252456,6151,3890,1797,1626,6862,2040,687,876,1149,2195
962261,153.2,107.05960956401812,85,62,167,81,136,82,142,66,330,381
660293,3381.7,2528.95029804858,6371,2571,7331,7406,992,364,1939,1136,2665,3042
545107,7957.1,5122.500687164425,3008,5486,484,7754,17852,5100,11392,6391,15320,6784
561311,9727.6,9726.907928010833,10335,16195,394,8756,5700,35062,3078,4115,12530,1111
766841,1330.6,1210.271060548008,99,3952,923,2881,80,1424,852,1918,1058,119
918791,263.8,262.59466864351987,546,108,35,242,39,356,223,903,42,144
627553,1503.1,779.9724931047248,806,2582,2497,1897,1252,1745,796,596,472,2388
714401,1718.1,1637.2444197492323,3395,3729,4293,785,3265,158,984,426,98,48
648113,1750.0,1479.6784785891832,2004,5776,157,1330,755,835,1914,2293,908,1528
566003,1893.0,1280.200609279655,487,1815,290,2849,3241,111,2658,1468,1846,4165
588983,2981.2,2365.5831331830213,7166,1497,2443,2316,1182,571,307,4281,7178,2871
583951,1413.7,983.9429912347565,300,2144,638,1175,593,2746,1966,3242,801,532
672839,1407.0,680.6322061142861,1051,470,938,1228,1787,949,1882,972,2966,1827
655957,2713.6,2836.232754905704,1941,1422,1947,306,10741,3428,2136,364,3067,1784
729221,1253.6,1120.4838419183027,1169,341,1542,543,1229,153,807,1434,4352,966
636683,5874.0,3646.2848215683866,5624,2116,5730,13341,5458,1166,9734,2834,9199,3538
762709,789.8,1257.5704990178483,212,4458,942,107,245,815,662,192,114,151
534217,14586.2,11003.127280914276,26337,4447,1977,27295,26842,10631,29176,3557,13131,2469
636179,2933.9,3289.916881928782,785,2823,12109,3383,2134,4271,1803,346,656,1029
930131,11.9,29.7,2,2,2,2,2,2,101,2,2,2
715667,6026.8,4499.5118801932285,1455,6091,1266,7130,14357,3970,9525,1774,12361,2339
770141,855.0,1087.788766259332,719,1183,230,3455,155,2265,130,90,110,213
714491,5717.6,3865.6460572587343,11762,6789,11243,4473,2441,5607,9983,2152,1575,1151
869207,919.9,714.5340369779454,149,2303,1904,939,174,1315,1020,162,889,344
562127,11467.6,12621.843844700346,1455,1171,6443,1000,3490,34687,10733,33794,2300,19603
551279,2879.0,2086.757676396567,5043,5500,931,335,2755,6711,382,2478,2221,2434
968087,287.4,216.33594245986959,64,46,469,193,593,68,580,49,460,352
598321,4435.9,1856.4119936048678,2348,1518,7332,6000,5016,2351,5237,4814,6438,3305
580799,3680.6,2751.92838569611,2679,1911,1312,1941,5825,3689,10142,2333,774,6200
706969,2422.9,1642.0983801222142,2291,1213,4221,423,5073,997,1726,2393,926,4966
635807,890.8,481.5291891464109,1110,968,751,301,1883,1210,1113,476,969,127
650791,2977.2,2036.97230221719,2962,1343,2280,1620,3282,8113,2595,1258,5011,1308
599197,13853.9,7615.678714993169,6100,5896,12797,16719,9649,20773,17339,24221,23891,1154
683929,2888.5,2955.3458088690736,130,156,758,7892,799,1779,1872,8655,2364,4480
573697,5187.7,3488.5132664216717,2451,8572,8430,1512,1511,5530,989,3393,8579,10910
695977,1519.3,1240.8979853315905,400,1242,1343,4055,666,3576,1802,923,94,1092
703921,28833.9,29699.619854301163,12647,1657,13980,5051,82346,14874,19525,34019,89385,14855
710249,1745.4,1188.7443122892323,1521,3323,2371,3725,330,2178,1031,436,2368,171
558443,10671.5,9372.051699067819,12649,26177,2178,8170,10086,29682,2089,3261,2639,9784
542681,2896.6,2255.465637069206,687,3194,346,4178,8541,4196,1985,2579,1450,1810
664007,2926.8,1919.4294881552696,1725,1027,256,6696,1647,2974,2813,3982,2485,5663
899777,836.9,641.5033047459693,1443,231,452,416,287,451,887,2390,1206,606
819557,211.4,248.02306344370479,59,44,223,63,811,64,150,79,66,555
766771,1169.3,793.6213265783625,617,1194,2724,593,780,2104,2017,531,139,994
606787,5426.5,6174.1764997447235,762,4099,3765,2034,5219,2244,1551,21356,12169,1066
897863,1043.2,481.9918671513037,1604,1206,234,898,731,1257,786,2010,1065,641
714319,1489.7,1446.4363829771428,851,978,581,361,251,951,1575,2708,5337,1304
540053,5157.2,4649.656327084831,528,5487,7786,16803,3016,4419,8339,863,2678,1653
585331,10278.6,8412.64609026197,13068,24396,4535,2815,4280,17726,2083,24009,2969,6905
756337,961.9,641.3650208734492,108,1212,1052,812,425,2125,659,2020,302,904
611489,3019.9,1517.089413976645,691,4500,5151,3944,2953,2833,4533,3207,1890,497
782549,1206.5,690.956764204534,1121,2220,360,152,992,669,1154,2378,1416,1603
705431,3605.2,1935.5710165219978,1039,2587,2388,2811,4808,5837,3644,3376,1741,7821
808631,839.7,864.1814682113936,2077,119,2710,104,163,522,134,473,1272,823
574339,3110.0,3073.5000569383433,7802,562,436,7237,779,1641,2215,1251,1014,8163
719357,5048.2,4796.926532687362,653,1533,6677,1674,5412,1401,336,16319,9065,7412
645773,1618.1,1439.4337393572516,2190,4739,1082,503,419,701,3389,2402,287,469
804959,1011.0,1258.0806810375875,1202,451,65,54,4423,1050,78,1521,82,1184
704129,1709.7,1576.460088299098,1700,1321,937,5317,4154,352,1024,530,743,1019
584501,4553.4,3912.3421425023657,7324,9825,431,9650,9704,2905,1187,435,3523,550
863041,2335.7,1930.9922863647073,6892,2581,571,3706,410,1475,646,3993,1827,1256
770699,632.8,603.3821011597875,284,801,225,349,260,78,2149,1243,279,660
700559,944.2,959.9043494015433,50,96,148,112,2399,930,1667,2784,359,897
554111,5808.2,3585.957774430703,4599,1995,2498,4788,2953,4384,5787,12754,6026,12298
748393,724.6,676.689766436585,395,2081,306,464,1879,483,999,514,69,56
621793,7996.6,7369.354994841814,19504,22052,1128,8708,2833,4573,1621,3683,2111,13753
830407,1840.2,1866.971708409102,470,48,72,582,4374,5274,53,1326,2781,3422
665807,3490.5,2572.2971154203783,554,9106,6870,1521,3910,4635,2160,1648,1549,2952
538619,8199.3,9031.34547063725,19208,9275,30402,4284,1882,6853,722,5710,1750,1907
930947,255.6,204.3077091056527,472,449,31,113,85,62,380,264,635,65
722879,1138.4,828.8717874315665,1575,2752,859,303,1342,809,425,276,626,2417
888673,937.0,677.0771004841325,1925,2003,762,1051,685,354,58,1630,64,838
622553,6434.3,3129.581730838803,6178,7731,9470,2795,6454,1382,3503,11358,10184,5288
609061,4701.2,3362.7542223599985,2104,4463,1923,367,2792,5034,3735,5071,9897,11626
564001,18978.7,20755.483531105703,76032,19687,3152,4699,19547,21359,27367,5124,3795,9025
533983,4012.6,2630.307594179814,7691,1582,6885,7791,2843,751,5437,519,3281,3346
546311,2753.5,2066.5561811864686,1775,2240,7657,2088,579,4167,559,1120,4413,2937
781447,1415.5,1477.445312016658,1735,551,344,329,162,167,4252,2339,468,3808
645059,1999.0,1248.1349286034745,2833,1647,2306,4897,971,895,2812,1576,233,1820
625967,5747.9,5865.100040920018,5612,1607,714,3275,8021,5516,1939,21299,760,8736
633439,2191.5,1333.7151307531906,1763,1276,1512,4486,3886,1737,1410,828,4135,882
681199,9261.2,6870.478073613218,9921,643,16482,7463,2511,7701,9694,23679,13499,1019
799567,700.9,470.3431619573097,940,141,1234,349,592,493,1453,1325,229,253
639271,3821.0,2684.43047963623,4462,838,8316,1318,6330,1733,6294,2483,6133,303
795439,1412.6,1596.837324213083,88,655,5969,323,1226,1610,841,1397,1506,511
875053,2522.5,2615.0363764200297,416,1536,1604,9612,819,3961,387,2514,3216,1160
846319,593.0,564.2742241144814,420,221,810,314,174,296,252,1143,259,2041
599527,2321.1,2337.9114375869754,764,8713,1180,331,3410,1622,3368,1089,1314,1420
777487,1701.4,866.3797319882316,1045,2766,1825,2385,767,3050,1569,1447,2058,102
741317,5528.8,3723.9211538377126,559,2009,2200,6265,11338,10481,1027,8687,6176,6546
557833,6646.6,7161.760805835392,3066,652,5933,15016,1211,15482,1555,1321,1323,20907
730001,2167.9,1496.9379713268015,4289,1981,3279,1154,1445,3683,582,232,4290,744
618487,8694.1,5520.436403944891,2734,12321,3706,23289,7315,6536,7075,6387,7436,10142
546419,3565.9,2524.674571108126,5459,357,930,1820,3120,4638,433,4447,6483,7972
705239,3306.5,2675.9898822678683,1290,7461,2222,9194,704,3273,3060,1925,2997,939
780727,1580.2,1452.864191863782,2955,588,4525,818,856,3439,148,1725,276,472
599327,5042.5,4584.058818339921,2943,17057,2565,2611,9293,4571,4806,1961,4118,500
621781,3005.5,3247.2766820830034,2726,12119,494,1495,1210,1438,3125,3687,294,3467
855233,1027.2,830.5490713979518,309,422,436,491,1340,1552,2703,377,2216,426
681157,2374.1,2674.9453246748803,1219,1142,9981,3257,1227,2380,524,311,1344,2356
811477,1140.9,1160.289830171755,142,732,2363,848,4039,691,1561,470,200,363
953233,186.6,135.48741638986255,106,229,470,53,417,122,130,128,111,100
808319,1553.6,1136.907929429644,995,2628,3750,2450,284,319,1005,2055,135,1915
640603,2608.4,2472.244939321345,1705,4092,2284,3211,2247,9041,297,2621,119,467
874369,2453.1,1824.3202268242273,1120,2177,3938,1587,1093,1190,5319,975,1101,6031
707309,1536.9,1136.4235522022586,972,3594,1283,124,219,882,1110,3249,2539,1397
774899,1111.8,908.9620234091192,711,111,2932,586,1109,320,529,2360,538,1922
769129,11683.4,8591.316851333093,13937,4915,30162,7235,6186,22173,17015,9217,3385,2609
740413,1568.7,1324.9822678058754,2679,1047,3099,768,114,237,640,3978,2683,442
713701,2615.7,1647.151301489939,3318,836,1892,5555,3916,2145,4854,348,1220,2073
537289,40566.6,30884.349286329474,17001,71753,6906,879,32499,17730,91921,32773,84559,49645
531941,5640.4,3077.5259284041786,1907,8554,7960,2972,9993,4682,1129,3910,9711,5586
716879,5151.9,5660.05795818382,520,19463,472,1624,7171,2626,1175,8004,8791,1673
610153,1957.4,1246.9069091155122,2728,548,1043,1379,2500,1613,5032,1174,2570,987
573499,14249.0,20001.198699078013,19040,6353,7778,6189,1101,8958,4460,7145,8652,72814
535981,2218.1,1376.5898771965453,3370,2177,4805,1398,2049,760,945,1655,780,4242
537851,8854.6,8755.350572078769,28636,2469,21976,1306,8258,5441,8542,7775,2207,1936
730369,3117.6,2224.9647278103084,3437,1439,4378,866,3520,1499,635,8641,3790,2971
567023,18749.6,16126.300891400977,35920,47108,29779,2322,3901,19166,1177,5051,7799,35273
664931,1569.2,1307.673338414453,3849,1047,488,890,4237,1380,1807,870,193,931
824023,2082.1,1891.344783480791,240,799,100,5440,3657,115,4253,1169,1251,3797
542077,7429.7,6892.884795932687,1664,4393,4343,4498,6797,3202,13401,503,10688,24808
657521,4860.1,4806.45421178648,1401,3653,5862,2797,2630,5339,18676,3908,2819,1516
874219,1444.1,1045.1419472971124,2948,526,2304,1443,741,1817,874,149,3262,377
534419,18187.2,15025.99897377875,2572,7093,10276,10905,20793,30141,24380,2717,18094,54901
692831,2647.6,1666.6990850180487,3005,741,4710,1812,1543,3458,6374,1787,1648,1398
682817,3721.3,2987.0209590828117,120,1529,951,6545,6829,2380,3925,1891,10076,2967
864371,230.9,244.09524780298366,105,109,215,944,244,178,96,95,102,221
919357,885.9,462.17993249382863,1620,1001,325,1360,1477,834,222,594,482,944
567293,5691.7,4349.495558107859,8362,851,10726,7098,14034,3244,1514,2198,1058,7832
658627,2497.8,2483.984492705218,1066,422,1173,9144,1053,4735,1713,1265,2119,2288
739597,1186.6,1021.5674427075287,1258,4094,820,761,1277,779,58,1070,820,929
773671,2653.9,2776.067054305425,1621,1845,1455,1591,410,10022,4017,4357,196,1025
873283,1278.9,1278.5514811692176,46,313,1617,4205,2117,961,316,399,2565,250
674459,2685.3,4158.979683768604,3561,1476,896,14448,661,583,142,229,4432,425
545689,15323.1,12015.454085884561,32118,441,10134,12322,9571,26255,4305,337,33256,24492
672319,3537.1,4901.890828037686,3160,1559,5628,330,16839,707,714,288,6045,101
558487,6034.0,5088.97903316569,1404,7775,12574,10450,16034,3051,3143,3871,994,1044
985793,645.7,760.2009010781294,232,238,81,35,390,408,865,204,1408,2596
797231,2179.0,2054.2056372233037,6966,156,310,740,2779,3575,58,1418,2114,3674
550339,11373.1,6402.878453476998,16092,17939,15196,1905,4254,12112,8632,2883,21709,13009
664189,3618.1,2384.9722199639978,1928,4959,859,1136,4927,6213,2560,3276,8626,1697
764329,494.6,288.6441407685249,334,182,354,514,945,392,459,858,866,42
915163,793.1,683.0994729905741,122,242,387,761,928,50,1683,2142,1339,277
944759,357.8,278.07689583998166,922,30,152,181,667,137,604,478,262,145
588001,9883.6,9736.810814635355,5645,5655,721,5099,32149,20915,8685,1953,16819,1195
686599,3968.5,1533.1726745543049,2842,955,6484,5101,4920,2792,4716,5281,3106,3488
602171,3131.5,2556.148870860224,1127,729,1794,4335,7336,7860,665,3796,742,2931
651229,2811.8,2978.1888052976087,2822,466,1525,1099,563,3874,5703,553,10318,1195
540031,2254.5,1653.5243118865837,5195,5087,2295,684,1737,3342,1128,748,1812,517
580949,3946.4,3646.7347915635432,10565,812,843,2711,3420,522,6914,2310,10081,1286
798011,675.9,677.7758405254646,933,117,919,2539,564,552,284,426,289,136
573043,1162.2,889.8429973877414,1559,1817,616,661,65,2416,258,2786,1009,435
530683,3787.8,2303.6202291176382,5239,7948,943,6389,4855,3077,958,1883,4878,1708
552361,3372.9,2522.909449425405,2076,692,9309,1653,2568,6513,1666,4191,3264,1797
637753,1189.9,581.0312297975041,1407,1459,256,803,1074,272,1563,2029,1918,1118
676853,1840.9,1296.6220305085055,3551,3846,1408,689,1842,254,608,3287,2446,478
694691,959.6,814.9129033215759,266,607,645,301,820,298,1644,3094,857,1064
581543,9098.8,6731.378667108247,839,10914,10574,309,11120,21877,2359,18101,6249,8646
814733,1833.7,1419.100634204636,2100,1556,944,2523,394,350,310,4027,1604,4529
549881,3563.4,3502.9285233929622,3786,705,158,4051,11819,5436,131,2687,6464,397
599107,36606.3,38136.60582707905,13844,13596,41209,9295,18466,95094,15251,30024,123413,5871
619369,6021.2,3454.8043591497335,2860,8420,3950,10963,7204,10926,689,3648,3014,8538
575051,8802.9,9847.038645704606,15033,20897,1550,2116,10287,952,4571,484,1395,30744
624781,1949.9,2089.146833039746,427,818,1371,954,7205,2335,674,582,737,4396
583663,3165.7,2083.054874457224,2404,2107,521,4784,5141,5940,172,4987,4792,809
712729,5639.4,5408.554635020339,801,16702,1884,888,9991,12065,8184,1552,1049,3278
714613,2608.4,1937.6574619885735,2362,344,439,2544,6798,2667,2478,1134,1972,5346
671389,8890.1,7410.0085485780655,4985,2820,9325,30057,3777,4887,6946,9819,8787,7498
610873,2413.7,1397.6802245148924,2487,3720,1769,4167,117,3754,476,4066,1811,1770
682103,2404.8,2006.9178757487812,781,6089,2616,134,3836,795,2026,1164,966,5641
640487,1548.8,1128.13534648995,190,1109,1506,1465,1050,274,2521,4337,1314,1722
529019,6719.5,4207.046998786678,9592,6397,6770,1375,6968,340,6157,16010,9310,4276
754519,550.2,231.3788235772669,385,951,283,191,620,649,890,570,422,541
689147,2846.1,3164.816754568896,6821,1080,4602,1114,150,748,1384,1297,10292,973
645191,2438.1,1495.938531491184,1209,3343,2262,1225,2134,6516,2116,2380,1207,1989
999919,173.5,82.52423886349997,261,226,310,270,83,90,83,99,145,168
577943,4560.4,2958.952524120656,2689,1752,2530,4511,2984,9885,9061,1305,7540,3347
581671,18786.3,11031.36843777779,7537,4094,11915,23416,22253,37080,38212,13487,11466,18403
557813,10844.8,8071.299558311536,7793,29982,10262,13340,4054,2039,18675,6570,2949,12784
617483,7373.1,6136.790634362558,4535,3835,11880,3267,15519,5258,1120,5839,1840,20638
827371,3159.1,3711.957393343841,1392,1529,679,148,8005,2228,11366,5875,266,103
537311,3024.1,4104.4560772409295,4212,258,1984,1198,3716,852,476,1271,14768,1506
724819,3182.5,2293.6880018869174,5035,3398,5911,7834,2063,1618,348,1139,3326,1153
723253,1057.9,531.5455671906219,635,1463,1641,130,1489,1075,796,611,807,1932
657023,6940.8,6067.053746259383,4325,6557,940,4221,3677,2414,19958,9667,1663,15986
844751,9.1,10.539924098398432,3,3,8,9,40,9,5,5,6,3
615649,2231.6,2487.6031918294366,117,1005,5624,5478,344,2176,447,6621,289,215
582599,10561.3,9267.46695758879,7865,13871,16226,10148,33901,1317,11425,2501,8117,242
561571,10216.2,6285.694962372896,8618,11974,3399,16856,4457,4643,2766,21516,17383,10550
839243,2740.3,2472.8961179151866,286,4109,3816,4587,116,2941,1269,8404,1651,224
831119,1282.3,1439.6416255443576,193,4676,416,1588,237,332,3203,1009,1056,113
574381,8018.3,8578.682160448656,5774,1114,4420,10297,765,2532,30755,1575,11434,11517
574829,5228.2,4158.879700111557,2628,3466,788,11001,5078,4640,6659,3039,14296,687
647239,4218.4,3104.097653103072,3866,5916,5890,682,713,987,2943,11488,4695,5004
582089,3853.7,2577.5643949278938,8628,999,1432,3545,4126,1592,8373,4636,2904,2302
525341,6332.0,5084.2414380121645,16227,11342,3007,11311,3335,8408,863,200,6625,2002
725233,2795.6,976.4348621387911,2313,2165,4207,1835,2024,3373,2905,1985,4835,2314
624493,7324.9,4208.693608472824,8999,4865,13756,6030,10428,12149,906,4220,10290,1606
689083,1580.5,1258.159469224788,1156,3381,2694,546,577,2210,458,3816,361,606
671963,1711.2,932.731665593058,1977,3311,916,1688,1230,297,3192,895,2209,1397
659389,4342.7,5242.396971805932,4300,4895,1218,19443,4849,1712,617,2691,2368,1334
544619,12048.4,9991.197397709646,6985,34537,20348,4123,3963,16495,20639,2995,5672,4727
681749,1780.4,1214.7800788620136,940,778,3175,2631,570,4520,1835,1248,1232,875
675107,2911.3,2792.9483006314313,1757,2145,172,714,2489,5542,588,2714,10068,2924
751313,2613.4,1669.7619111717697,1824,3236,2292,1335,5331,5788,2175,1196,2681,276
653483,3821.2,3635.0232681511134,4247,166,2818,968,5643,2112,1531,4268,2803,13656
603259,2614.9,2438.887264717252,410,4267,2507,8711,759,1894,1147,4045,2339,70
554441,5504.3,5023.479173839582,7757,6790,18376,758,4110,6386,481,883,2884,6618
530483,5224.2,5291.967626507176,1401,20476,3340,4570,1473,1863,5670,3661,4343,5445
739159,2037.2,1751.136476691637,2677,1043,6488,681,1403,2562,535,3083,1733,167
580523,5840.9,4515.969496132586,4535,176,4786,5815,16964,2613,10865,3352,4094,5209
582479,16533.8,11942.562587652617,604,18964,28796,9309,27459,1284,6846,32977,30266,8833
651041,2596.9,1855.7636945473419,4832,1252,219,1978,2151,6609,2541,1857,760,3770
706873,2358.5,2154.9008909924373,1399,702,1706,7987,2907,567,487,2328,1458,4044
679141,4793.2,3948.3343779371066,15077,393,5894,3643,3349,1814,4402,7095,1356,4909
866731,1999.6,1713.204961468417,609,169,1770,2703,5068,3924,352,813,547,4041
629647,4108.3,3296.450092144579,562,4056,1577,10218,2623,3015,6444,461,9421,2706
529799,3414.5,4680.00126602547,4395,1833,16581,301,960,3106,762,104,5068,1035
528601,4444.7,5455.758774909315,2086,12679,2816,1786,607,880,3860,1576,17313,844
525223,2090.3,1675.0620913864657,2838,685,751,963,461,2136,1243,5399,4889,1538
659641,2853.4,2659.0219329670826,2145,6719,5611,317,2239,129,1594,1117,7828,835
905627,609.8,361.7305074223074,415,505,288,388,990,653,1303,136,367,1053
690199,5198.4,4377.865077866151,3528,2104,1100,13393,6950,775,5491,12968,2093,3582
1028171,9.9,7.515982969645423,3,4,29,7,12,14,2,9,13,6
651611,3423.7,2846.373027204973,2603,6463,1426,10574,4307,2499,763,1870,1931,1801
697679,2185.1,2173.608357087357,5579,1200,838,500,1554,265,5129,819,5649,318
864089,3719.1,2372.6098056781275,7968,272,6446,2692,1527,2415,5822,5413,2051,2585
760763,1432.6,1137.6894303807169,639,234,3380,3404,516,634,1807,1161,2129,422
860677,4155.3,2969.2652643372903,2768,9524,1590,7225,3807,6238,740,2150,519,6992
673627,3097.7,2752.9083184879223,1025,3259,8806,429,3421,80,2982,2741,7305,929
715721,1147.6,1542.8092040171398,222,1000,77,96,5345,370,525,2416,520,905
568507,9453.5,6240.8209115468135,9811,16141,2779,5503,7494,20264,2962,8495,2851,18235
710453,1646.6,1291.9884829208038,1059,1328,398,415,1433,2217,1529,5210,1423,1454
552319,18609.2,13328.147251587523,30063,1145,34209,4532,36298,18771,12061,14096,33581,1336
760159,2342.4,2538.534506363859,1972,1480,1268,6005,8453,904,815,365,800,1362
680893,2154.6,1205.8106982441316,3606,3570,3005,2057,523,3718,1323,2058,1317,369
580189,6557.1,3961.000869729771,1989,5742,11988,8239,1823,4473,11599,10525,893,8300
849859,675.6,583.8003425829759,156,245,242,349,1530,371,976,567,1955,365
613621,2527.1,1820.9195177162553,3273,2489,355,864,2409,1236,3883,6391,392,3979
660461,7255.3,4713.485887323734,18336,3639,4271,6855,12560,8876,5257,7236,3785,1738
928567,341.1,260.0986159132724,207,601,133,879,623,99,178,425,131,135
542357,3377.4,4225.011531345211,3051,4220,1347,116,15611,2722,1546,1905,2402,854
527903,1744.5,1271.9467166512911,2183,428,2071,120,2053,3715,3497,607,2591,180
541279,9598.9,12236.34019182206,1131,4551,8377,43859,11553,14512,434,3586,6628,1358
612211,7336.3,7428.01303243337,4838,2003,5066,3827,27838,5206,2717,8681,11618,1569
836201,1539.5,1485.6554277489784,93,2528,112,4114,2871,130,2466,2840,123,118
826409,1078.0,1125.3401263618034,421,1148,1352,68,3868,604,150,2175,935,59
598547,2055.4,1786.7953548182288,564,3041,2776,963,983,6338,882,743,3618,646
661489,3428.8,1692.7562021744302,3276,1069,3853,5433,1858,2176,4617,6880,2505,2621
754759,1925.2,1602.0908713303374,133,661,818,1881,2726,1145,4363,2274,245,5006
642703,6250.8,4313.226027001136,3119,4529,9025,4470,1449,8306,2188,9299,16397,3726
783169,766.0,1336.4583794492069,326,87,116,134,619,133,153,4610,105,1377
601049,32432.5,27912.22253870157,99892,18430,66121,13357,3790,24132,33943,21293,33901,9466
650849,2464.7,1198.2845279815642,2714,569,1804,4521,1635,2119,2706,1911,2039,4629
642989,3461.4,2250.5738468221834,5108,5200,1923,8855,2531,2861,3145,1526,2830,635
539477,2120.5,1131.8496587444818,1872,2424,1373,2277,415,1525,4387,1083,2117,3732
557009,5321.1,3207.966753256648,4736,7007,2863,1875,6605,3622,8709,12481,2250,3063
891127,362.9,209.5740680523237,562,806,129,277,114,505,191,410,210,425
579697,6002.9,3227.2322026777065,7121,5558,6965,6968,8451,1508,1664,12311,2207,7276
645797,6932.2,5868.376807942721,13278,11536,2557,2168,1578,2740,6867,7286,19793,1519
735803,6797.1,4863.771097615511,4204,2262,6804,6410,8399,18596,2536,1360,11188,6212
740837,3477.0,2293.6664535193427,4918,1523,3918,7649,822,4141,581,6652,2674,1892
596051,1310.1,528.7938066959559,1677,1565,676,1355,1327,472,2234,835,1060,1900
654481,15165.5,8693.4136016872,18642,30104,13172,30206,13792,2521,5796,15701,12166,9555
799261,7017.7,4998.49989596879,13823,4401,1962,16186,8555,8941,459,2060,4308,9482
669043,4537.2,4474.233337679205,1960,1668,942,2242,552,7382,2864,3773,15772,8217
541687,23190.2,18388.787539150046,1313,50103,15544,21494,23472,10729,47552,5335,50538,5822
821543,1945.5,2079.8088974711113,3757,303,75,1034,4463,6163,836,78,60,2686
891581,575.7,325.3217023194118,103,746,447,1163,945,183,242,703,721,504
843151,2643.1,2469.1026082364415,206,1875,3826,1139,1185,8229,1652,1056,1183,6080
703621,3564.5,2286.709830739353,7256,554,2609,2440,4259,1659,1966,4069,8028,2805
600757,2394.1,1886.3115039674651,1013,1056,6239,4783,1764,215,3427,1537,529,3378
728227,2332.7,1865.6632627567067,3236,3904,1138,292,1872,236,1203,3036,6709,1701
554909,5610.2,5077.356040302866,302,1979,18370,2488,6930,6391,6520,4358,8631,133
670961,4286.7,4668.794235131807,4388,764,1498,11141,15207,3278,1792,1157,737,2905
533461,11757.4,10781.341411902325,12322,19117,36065,1346,5091,7867,1186,5899,4603,24078
525991,6280.6,5420.427772786941,4992,1483,527,3040,4639,5687,17985,9817,13269,1367
661559,5395.2,3411.482135377525,6188,6745,2845,2900,5910,7889,12890,6447,1131,1007
959311,456.5,389.95954918427117,250,346,200,89,1498,622,296,186,681,397
685801,2179.7,2066.9477037409533,2842,1131,2713,1636,820,2037,1028,804,7979,807
733543,1249.5,611.2106429047191,539,1454,1209,2018,902,444,1649,2418,708,1154
649763,6700.5,3894.0457945432536,3790,9483,941,5654,10334,2197,3348,13568,9035,8655
611153,2815.6,2391.9631351674293,5365,498,2646,489,3491,7819,3915,237,3378,318
592771,7377.7,3642.530385597353,10113,4513,557,10172,8841,7615,1574,11404,8596,10392
667951,3401.3,2587.457827675651,2837,1075,8982,5320,1081,4363,5561,3536,504,754
537701,12140.2,7301.998805806531,5402,3983,7271,5467,12536,17532,9003,21079,27432,11697
564763,10625.9,7199.248828176451,8989,9060,6897,16789,781,1248,26272,15502,8400,12321
732857,802.9,819.2786400242594,861,1479,323,347,2984,397,355,340,830,113
909947,1243.1,535.5293549377102,1208,2275,991,1422,446,450,990,1769,1331,1549
728587,1756.3,2172.120579065536,480,72,392,1457,8016,589,1591,1980,1462,1524
624629,3468.7,2513.2268520768275,3489,3104,833,4093,3222,2421,1008,7753,610,8154
630563,2096.7,1577.9100766520253,2662,273,4030,4505,1702,924,1456,555,536,4324
1042441,6.2,4.6000000000000005,1,5,11,11,8,3,2,1,5,15
710393,2907.4,3730.750439254816,2021,3258,6314,303,12767,155,397,1507,527,1825
787481,2454.0,1787.510223746986,1408,1801,3011,6094,1011,5366,1490,2168,199,1992
886139,648.4,636.2260918887247,163,751,164,199,544,449,2437,358,818,601
954493,448.6,306.00496727994465,883,831,184,179,629,312,894,273,168,133
836483,1271.5,959.3302090521282,2733,827,2445,1296,219,1052,497,326,2787,533
925003,602.7,469.03838862080363,344,155,351,381,404,437,577,1174,1783,421
611579,3531.5,2239.182183298179,5087,413,2665,964,3662,1271,8285,4332,5043,3593
757117,1385.5,1276.9082386765308,354,3700,3831,814,177,698,1409,117,1508,1247
803017,613.9,762.6276221066215,1916,58,65,222,82,134,1292,72,2020,278
938957,551.2,371.5733574948559,429,311,448,531,981,246,92,1024,1237,213
671423,3441.4,3735.6602950482525,5330,8280,541,12025,1071,2143,439,192,2699,1694
834667,1152.0,1487.6963399833985,5397,1685,891,197,1055,651,704,743,102,95
942841,1222.3,1067.8678804046876,3753,257,323,165,1013,1789,2307,690,662,1264
748081,5544.5,3764.5292467983295,7367,7707,9128,1951,13642,1041,2373,5054,5037,2145
548033,3343.3,2004.9724212567114,5452,487,748,2457,1625,4886,3228,6286,5685,2579
626737,2217.5,1495.9064977464334,3479,1366,775,255,2874,5074,640,1261,3452,2999
699163,5018.5,3529.519096137603,5560,859,1196,5973,9959,3676,8199,10922,1184,2657
571511,12557.3,10416.309106876583,818,33956,4928,12980,2985,1050,19103,23120,8253,18380
571807,4470.0,3909.1396495904314,2758,6875,2076,3289,1015,2118,4742,14191,348,7288
563659,14041.8,13369.550469630605,49528,22349,17871,2311,8595,13562,6286,11443,1253,7220
862691,5043.7,4064.616268480949,3337,15210,1244,2290,3817,2374,4148,8213,1952,7852
849907,717.1,485.29113942045143,390,340,289,484,1060,1241,572,155,1774,866
857729,1672.2,1301.7366707594897,276,4185,1786,860,2272,441,2310,1005,3414,173
909827,1291.5,1109.2035205497682,237,1205,3000,3012,503,905,51,1132,2645,225
622213,2763.3,1973.5129110294667,1768,2527,506,4529,3148,175,7405,1664,3036,2875
833381,10018.0,10768.828125659727,7943,2953,4830,31389,9537,6171,30537,4233,1469,1118
604777,3536.4,2203.59053365184,844,2439,3744,4545,1297,471,4039,7970,5452,4563
797213,1754.4,2130.025971672646,936,2319,993,2106,544,322,7691,94,2189,350
774391,1366.8,1686.9267204001483,155,1001,1036,408,255,2211,147,2389,223,5843
1011811,72.9,24.88955604264568,76,144,55,68,56,59,68,67,78,58
696947,5187.8,6283.279140703523,21451,732,187,10443,1571,2044,6401,1035,6591,1423
789827,198.1,150.02496458923093,272,368,75,76,509,70,59,60,294,198
888929,2612.3,4970.051207985689,1551,357,17430,1645,1466,485,1518,253,233,1185
531313,5734.4,2947.7804260154794,4000,3188,7556,7718,1264,11202,3520,8332,3256,7308
636001,4760.4,2595.6266372496643,2986,6487,5094,8807,9319,2764,5331,2214,1565,3037
536381,3010.3,2541.3366974881546,1565,1167,3039,4846,5961,225,703,8551,2826,1220
794083,1491.5,2037.507312870312,1140,182,3628,1348,295,288,198,871,6816,149
884339,1688.7,1424.1602473036523,2479,1804,5216,1315,170,258,965,1717,2506,457
880697,266.0,239.08826821908264,646,176,54,81,83,77,82,708,469,284
549337,4363.7,5476.439282051797,2755,1509,5928,332,801,19235,200,5800,6355,722
735323,1156.9,755.4329156185875,565,364,1615,520,2272,1414,2393,1429,907,90
775921,159.8,97.76788838877518,29,40,136,232,334,87,173,77,221,269
702619,2437.7,3014.7385309509013,533,519,11034,203,1820,3666,1629,1695,1242,2036
531761,2224.3,1794.308727616293,857,587,483,2047,3640,2104,1887,2369,1384,6885
712529,4144.1,3925.0651064663884,864,1149,6604,4327,8261,1495,540,2179,13374,2648
932531,319.2,191.94415854617716,360,610,225,581,229,367,528,142,68,82
769277,2087.5,1420.2927339108653,137,1639,1594,2666,4468,1561,4179,468,931,3232
565073,4327.0,3817.459207378646,1387,3355,1777,15062,5323,3398,4318,1302,2547,4801
733763,6779.1,6316.347970940171,355,8113,7531,1588,6882,2735,5157,2932,8658,23840
820531,1625.8,1682.3047167502086,2100,370,3131,158,110,786,2791,224,5551,1037
653699,2447.0,1895.4318769082681,4076,4100,726,3747,6326,1660,1673,460,312,1390
727609,22273.7,14531.723876058202,6453,22250,46709,23701,5176,37368,4072,9945,31896,35167
645721,5057.1,4113.122620345764,12675,2739,12433,3458,1406,7799,2826,3208,2734,1293
627401,1558.5,921.1031701172242,2025,2431,502,2512,2816,396,653,2463,782,1005
528007,22067.4,18283.669867945002,16103,46380,35983,12434,1921,999,24070,6665,58398,17721
973013,117.0,51.741665995597785,57,26,94,196,120,186,96,167,100,128
949469,129.0,65.73127109679228,117,226,263,143,55,77,89,55,143,122
597347,2562.4,1634.27599872237,833,6116,2896,963,3141,512,4261,2713,2612,1577
682559,1045.2,882.5498059599809,1102,490,1515,542,805,127,3094,426,313,2038
671459,2587.8,2363.5270169811893,1453,8817,3642,326,1890,2790,1497,3589,1766,108
563879,5794.0,6751.306747585981,444,3604,22892,1694,1879,1853,2142,8245,2276,12911
836599,1761.0,1480.5428058654704,688,3155,1451,1653,1065,5269,28,1929,129,2243
610411,2258.9,1833.8090113204264,421,951,335,1399,1826,3476,2034,6047,1209,4891
789499,2837.8,2886.641882880521,881,422,4564,3341,10740,1167,2243,969,1910,2141
555911,3248.1,2895.3148861565987,4114,2475,368,1456,2539,2968,2395,10956,4776,434
861277,5272.2,5230.015980855125,14161,5909,3982,1860,2641,570,429,4516,2440,16214
545977,28664.1,17296.413029585066,56380,17037,21463,5065,47769,1987,39044,30330,44736,22830
598907,2494.5,1879.198033736732,466,1850,6266,4921,994,3917,1726,384,1439,2982
808567,4330.4,2964.941692512687,3497,3506,6547,1533,375,9794,3670,4313,8700,1369
770681,587.8,540.9979297557431,1317,449,766,78,35,297,176,1452,34,1274
649333,1346.7,923.2532751092735,3159,86,2118,1131,2532,1400,978,366,790,907
652537,2887.9,2723.193986847063,2899,700,424,5379,8999,2752,755,1289,329,5353
603241,7131.1,6766.95700370558,2685,15339,9034,21775,2382,1748,523,11043,6059,723
802673,2320.5,2382.574542380574,144,960,881,1790,519,4262,302,4039,2177,8131
743497,1439.1,966.4377320862426,1114,658,2646,453,881,798,2726,1884,282,2949
559411,6576.4,5887.389255009389,1948,14016,673,1953,4491,7276,1914,2448,13294,17751
561293,5770.7,8170.682983080423,1727,28392,11350,309,409,2949,2248,5090,485,4748
750089,820.3,868.5840258719935,317,862,441,1815,3026,267,445,123,664,243
543817,7454.6,6261.02175687004,2073,9170,10675,3505,1022,2170,20593,6287,15939,3112
641939,4008.7,3255.6254713956273,3388,727,2744,5600,3303,3286,4635,3061,12763,580
525227,3673.3,2379.7941108423643,2949,2141,1774,7090,796,288,3842,4569,6265,7019
709493,6083.5,5212.635499437881,2752,5221,15967,16219,5221,4149,1323,5762,1545,2676
654583,3614.3,3226.547382264826,3647,5995,2638,3599,1817,1948,12288,597,2358,1256
627677,4995.0,4660.330417470418,13452,10869,2130,1727,6648,1488,620,2078,512,10426
624073,10098.1,11936.523015099498,43955,5535,5657,1514,3690,9712,15576,1669,6229,7444
529189,2703.4,2098.860891054955,1813,1297,1402,2537,2582,2732,972,8397,4087,1215
634633,4354.4,3191.724211143563,797,3663,3130,2786,5736,3369,6666,544,4627,12226
646769,1186.4,772.5062070948039,1940,547,690,428,819,2174,2553,960,188,1565
670661,6530.3,8203.312197521193,1238,8235,7291,10214,637,551,527,28701,1078,6831
584201,2434.2,3141.6450085902447,1690,11544,1497,453,1691,83,1758,507,2747,2372
828719,2492.0,2077.701374115154,1305,870,3277,2755,933,292,7507,2142,1256,4583
612463,5315.4,5627.795344537682,4199,1032,2037,4479,1487,304,1143,16799,6615,15059
873071,1790.0,1237.2344967709234,4601,1498,906,840,2175,3191,936,1365,2170,218
581593,7917.2,6314.885965716245,15310,17971,1129,7969,16982,7112,265,2603,2756,7075
602809,49916.4,65098.28393006993,17877,88247,4121,21407,15443,15058,117175,4257,210895,4684
563347,14694.3,13052.887022034627,34218,24365,9607,12567,6978,8015,4342,680,5056,41115
595223,11213.4,9039.097600977655,16154,4142,28099,7406,27205,6413,3825,2104,6073,10713
780089,569.0,599.8929904574649,785,445,243,130,114,567,132,132,1005,2137
612917,1912.6,1308.6145498197704,3420,1576,1664,844,1119,4143,3859,1446,318,737
650231,5041.8,4376.1865545243845,2995,6290,402,1550,4411,15607,8271,7510,968,2414
603181,1789.6,1472.0148912290256,1458,198,1986,5327,932,2369,839,1227,334,3226
540649,10250.4,10059.082912472686,17588,15191,3309,538,8936,35589,7706,9910,1542,2195
581717,9898.1,7674.235954803578,8033,16071,29897,5442,4183,6546,2143,5717,12111,8838
529409,3919.0,3424.5856099680145,295,5165,1977,2846,841,8193,3031,11833,3624,1385
578129,24153.1,14469.038796340274,2348,20026,21735,29170,5552,57003,21417,27682,35029,21569
530899,2961.2,2621.4952145674424,1039,5361,6742,4054,7367,687,2936,275,1122,29
557917,2945.0,1962.6901946053533,1398,2451,2310,7205,1708,807,3049,6122,2105,2295
641177,4392.1,2754.850647494343,4392,4175,10969,5247,3114,3228,503,1443,6632,4218
955523,683.5,335.4582686415704,799,274,1024,1259,460,142,835,973,572,497
622001,4302.5,1679.0217538793236,3558,5078,3670,3126,1533,7753,6192,3059,4050,5006
572753,8321.3,4271.353814658767,17733,14118,5717,5027,8723,3418,9698,6977,7127,4675
571367,2159.3,2235.2660714107396,546,1187,3136,1108,1172,8272,410,3282,1184,1296
950141,451.4,462.6629874973791,516,824,98,141,1279,29,65,207,129,1226
826277,2269.6,1496.8907241345307,5207,2784,868,477,4157,3572,1248,1607,1246,1530
625021,11346.0,8533.074346330284,10097,15030,2417,94,4830,3299,14476,23707,12847,26663
570443,3041.8,3337.052735573713,589,1342,583,4060,4465,692,12123,2055,3508,1001
626303,1040.5,722.6955444722211,1238,991,1368,772,704,118,2981,822,713,698
600709,7283.8,5262.413624944356,5403,2966,8666,3966,20802,10866,4075,9009,5122,1963
691879,1581.9,656.6034495797292,1839,174,2849,1537,1824,1856,1271,983,1828,1658
531721,5632.1,4544.208059717336,5259,1595,5592,5290,9417,1092,5511,4968,16999,598
750583,2092.6,1455.6735348284656,1681,3790,453,1260,1243,4634,3027,3611,721,506
737419,7335.9,7769.364909051446,1577,12831,3747,26952,13471,1295,5181,3337,1872,3096
591737,2430.0,2444.1498317410906,457,4990,8469,528,1267,2930,1000,195,1740,2724
612709,3732.3,2500.5523809750516,1805,898,2453,3626,8132,4902,1832,5462,826,7387
698069,1608.0,1416.577848196138,465,2694,1436,751,4493,1474,173,762,3576,256
702019,6073.1,3305.7166076359304,6179,4626,12940,6584,2273,5537,10323,4369,6693,1207
633323,3178.9,4582.654458935345,3503,1520,1043,2580,3183,1795,225,1209,183,16548
898837,269.2,116.58284607951548,169,154,436,157,504,345,191,228,293,215
532481,1408.4,894.9695190340284,1351,1144,1424,3532,1070,2288,74,988,660,1553
792437,2761.4,2363.9726394355753,3149,4330,3829,6208,970,215,724,509,6923,757
625217,3899.7,2434.285277037184,419,4409,6265,3946,8872,4888,3115,996,1451,4636
755221,1837.5,1855.5713540578276,2461,6244,1406,604,131,846,3573,2678,367,65
805963,1708.2,969.13237485908,2666,2765,2260,963,2620,2276,229,416,2264,623
944423,185.8,139.66230701230737,85,65,322,79,104,118,264,130,160,531
571301,2791.9,2970.352250154853,9714,176,103,6966,1918,2089,850,2955,943,2205
765481,1228.1,1334.092984015732,275,403,1393,543,305,197,948,2317,4767,1133
815593,342.8,365.6653661477937,174,680,917,65,73,75,1040,69,65,270
685583,2754.9,2805.994278326312,2444,515,797,537,2955,10423,2860,4254,1351,1413
902801,303.0,147.29630002141943,430,465,407,184,557,144,76,277,224,266
562379,23134.5,14116.4612934687,21792,33585,28800,6675,11582,6148,15159,32684,54657,20263
537419,1578.4,1134.6100828037797,1183,780,4304,456,563,2629,1563,650,1461,2195
545869,2059.1,1276.095878059325,418,2118,318,2222,1587,2054,3128,5067,1739,1940
562109,4345.3,3346.9715579908952,3275,1282,10660,1105,8858,1444,8269,2836,3224,2500
870473,1468.8,1601.7372318829327,881,2357,1127,59,1183,1620,5891,503,341,726
659017,5238.6,3537.075294646694,7828,9243,2254,7183,3448,3638,11996,536,1227,5033
586829,3279.8,4383.114687069003,926,1187,514,530,1828,429,394,4335,14309,8346
661631,3710.9,3353.0003713092547,2347,2004,1463,1597,10503,1361,172,9149,2881,5632
619847,2119.7,1103.9310712177642,3013,2029,3611,2337,336,3791,825,1415,2584,1256
567583,12261.6,11592.344449678847,18445,2637,9718,31313,8207,35336,4135,979,9161,2685
921071,1084.4,541.6840776688937,1914,933,118,989,677,2059,1117,1279,736,1022
893663,1369.8,1150.1128466372331,918,665,241,4060,1330,183,2394,1664,301,1942
578107,6731.4,6300.081177254781,3676,20963,1025,2482,1776,7193,752,5380,14848,9219
576077,16124.9,7635.117843884271,12207,3519,21374,11793,22622,26951,7832,9426,21990,23535
584299,25309.6,26742.904588694175,24577,2107,4539,23170,17135,10781,48069,21103,95880,5735
562013,5348.6,3815.287333871461,4942,745,607,6173,6519,6063,8694,14024,3258,2461
624353,1696.5,1039.4097603928876,371,3708,1834,615,2103,2830,2482,565,1113,1344
597713,1612.6,1224.0895555473055,428,999,1855,763,4016,1158,3482,294,2341,790
744131,2036.8,2528.65152996612,8986,512,771,3920,916,699,2329,642,902,691
687241,2662.6,1924.5026474390727,4584,292,850,4417,1884,2516,6289,270,3721,1803
688439,3743.1,4055.4862704736156,91,1002,5410,514,3479,11458,10995,2811,358,1313
782303,3021.2,2298.653205683711,7919,2675,4936,3146,2493,3290,198,4748,544,263
706711,1079.9,548.7656057006488,1236,428,653,1793,489,741,2199,1014,1394,852
751589,2754.6,2536.0312379779552,3305,8259,1988,692,223,6558,663,3012,1490,1356
572317,5889.5,6376.210351768517,4897,6240,6702,690,5497,4244,323,4538,1830,23934
596333,2446.1,1388.6683153294741,4993,1434,2076,1549,405,3019,3452,1810,4374,1349
772637,2819.4,1862.2035978914876,2281,1403,1652,4041,2091,4600,122,6829,1500,3675
578423,3688.6,3050.5810331804005,3876,10771,309,5219,1736,1066,3311,2649,6892,1057
864779,425.1,311.03101131559214,1139,486,726,194,189,629,202,406,134,146
552049,38612.4,33712.24500741533,23119,27709,33979,112961,14610,11754,17296,84440,57156,3100
576397,3283.1,3730.9600493706707,9154,811,773,667,2694,746,1597,11854,2672,1863
839593,1728.0,1299.49267023712,120,692,3099,1957,2742,1159,3004,442,3832,233
534767,2188.0,1820.7879063746002,1018,2636,1342,1266,464,419,1878,1738,6224,4895
853607,432.8,299.86957164740807,244,154,881,437,352,253,434,490,1051,32
566483,1411.8,1289.0746138218688,2831,4071,1126,681,109,1884,2459,76,778,103
555991,4378.8,2318.4852296273098,5121,5462,5751,256,5065,3980,3317,710,5736,8390
641071,1535.3,1185.5624867547049,1714,4064,400,598,3505,1180,1203,975,621,1093
560743,3447.0,2553.409446211085,5448,4875,1293,3867,756,175,2769,9395,2785,3107
613429,5119.4,5006.230661885247,1261,5855,18713,488,6031,7309,3819,2888,3424,1406
620021,1931.7,1239.555730897163,756,4335,1411,112,2964,1689,2458,611,3144,1837
768017,1547.2,1892.433079398054,1578,162,1926,206,325,124,3771,119,1104,6157
850441,1299.7,1560.1638407551945,184,874,927,975,1309,67,2146,74,5624,817
831449,990.6,697.1629938543784,1018,1697,763,1592,796,1330,106,72,2270,262
530459,4318.5,3374.8769829432304,3147,9799,2066,1582,9688,6111,7106,421,1136,2129
612419,5465.1,1953.5262706193637,6224,8395,5400,4360,3081,5764,4845,5587,8784,2211
771151,1947.7,1421.4845795857232,4671,3490,217,2572,948,283,1508,3299,893,1596
680609,1502.2,1099.064220143664,1137,1525,546,2225,2838,961,442,826,573,3949
968207,366.3,177.41817832454487,460,156,262,587,418,634,438,78,184,446
552499,14012.5,13834.944295153487,8811,5197,3935,4074,46093,19498,10229,2145,32743,7400
725471,1817.5,1155.3078594037177,536,2839,231,4112,1180,2503,2722,1363,1860,829
795247,4483.9,3037.6003506057214,2708,2817,2677,9619,2226,797,2683,10178,5573,5561
581167,10596.7,6047.903984852934,3126,19427,14586,18778,8145,10250,6228,8484,1041,15902
673703,4409.2,2557.009925674908,6808,1226,2694,1311,3753,3384,8209,2291,7872,6544
783221,2736.5,5656.27954135932,615,73,1205,597,645,1893,1669,209,835,19624
768899,4595.8,3982.612253283013,542,1655,4288,3040,3407,1961,8894,11459,68,10644
574823,6762.2,6164.278916467034,8855,5178,23397,1441,5229,10278,3892,3007,4791,1554
641941,2555.0,1533.5444564798245,528,5088,1312,3060,5199,3319,2126,1283,2421,1214
614777,2495.3,1648.5910984837933,1970,6117,3482,1487,1294,954,1417,882,4520,2830
557173,3642.3,3485.6054581664866,3340,1615,6656,12252,3809,1040,364,5234,495,1618
537799,2319.8,1646.2234234756836,1732,1143,2758,2570,2142,573,6808,1873,1042,2557
736451,1705.4,1091.7188465900917,3857,1581,346,2336,1752,1029,630,3330,972,1221
754499,1065.2,1063.4281169876974,661,1772,225,3846,332,285,411,1662,888,570
575521,3885.3,2676.8481858334812,265,7138,8361,1342,3541,6217,81,4941,3521,3446
777299,1155.5,1112.8748581938582,157,486,444,318,1786,3126,294,3003,1754,187
779381,755.1,951.0753335041342,411,126,838,111,111,2559,157,2651,117,470
567109,4704.9,3833.1778317735275,2905,3424,4628,4959,756,14570,2580,8317,3286,1624
566477,6923.9,3829.833611268249,5680,2198,720,3164,9357,8856,6925,10618,13678,8043
684161,3642.9,2970.3498261989275,3297,4362,4602,1153,2791,8737,1362,9045,820,260
648547,2334.7,2723.5255478882514,325,1928,7609,313,1281,545,651,7713,958,2024
799709,1019.9,1701.8784004740176,59,1047,65,474,846,66,72,5966,337,1267
608827,2925.6,2279.861583517736,782,4973,798,6034,908,1726,5007,6386,312,2330
960391,1389.0,815.2096662822394,192,1495,624,1366,1699,1166,1339,653,3227,2129
988027,189.3,193.9861077500139,49,60,379,682,161,53,255,61,140,53
643607,2473.6,1735.36861790226,1204,2616,1693,383,2222,5984,4674,1127,3909,924
822439,567.3,456.6311531203275,380,376,799,831,111,752,519,1678,109,118
618533,2520.5,2085.198180029898,2993,919,2847,5984,381,5580,1464,120,4429,488
804071,1414.1,1022.9753125075893,2948,513,612,462,1721,73,783,2307,1702,3020
979739,389.7,439.11685232976424,690,164,295,159,51,25,1572,214,517,210
563833,9256.4,7442.447503341894,6222,6670,6249,11508,3654,1735,19721,4019,26321,6465
605179,8122.3,7773.212798450844,1842,4891,15305,3456,1392,15614,3325,25773,8210,1415
888401,2225.3,1843.3426187228458,112,2080,1821,6960,1482,1361,145,2411,3277,2604
659041,2907.9,2729.090047983027,637,8708,3064,1871,1036,2059,1478,518,2113,7595
607559,4288.7,2117.694314578948,5774,2264,3416,6191,2843,2726,9133,3847,4794,1899
941077,377.4,260.3667413476614,108,140,493,125,178,914,264,521,706,325
946651,265.1,161.72535360913577,454,376,411,93,208,92,79,550,152,236
756779,1834.5,1946.6831406266404,969,613,1112,1733,611,875,3670,647,1054,7061
761269,1867.2,1400.9175421844072,483,738,1154,2202,717,277,4172,4157,3045,1727
595489,2335.1,2464.4765549706494,3568,4021,1666,456,1480,243,336,2249,640,8692
667099,4725.4,5008.191653680997,1198,2037,5202,5599,274,4689,608,17907,8000,1740
675677,2115.3,1588.4723510341628,2687,1369,3024,130,784,1039,1601,1972,2396,6151
633293,5952.8,3048.1834524844467,8848,5977,6282,11586,2627,5293,8351,6936,2143,1485
588253,1520.0,1515.1731914207035,2552,172,4449,219,148,374,454,1780,1226,3826
806437,1108.0,970.6762591101113,2104,157,2573,192,890,1783,2514,146,267,454
637579,4551.9,5003.7167675638875,2442,5115,895,1294,1516,1516,5768,1831,6840,18302
631999,3670.8,3041.4144669873585,3521,10051,3075,2624,8628,541,1081,4102,1548,1537
770977,2000.7,2095.1236264239874,300,1277,6126,140,5849,2418,1324,340,773,1460
558697,1660.9,1118.3492701298642,879,294,4206,2833,1134,694,1297,1846,1084,2342
586343,3176.7,3437.431600774043,1470,952,11586,3529,6420,72,334,4950,1712,742
534757,4427.2,3518.5030566989703,5352,984,7157,3730,4414,2209,13581,2838,2289,1718
784237,2085.1,2687.0929440568293,2215,476,240,977,4664,412,1089,55,1558,9165
674413,2453.4,1632.3059884715242,962,2941,4399,5961,748,2192,2702,518,1351,2760
660713,1859.4,1886.762740781151,964,259,1479,2993,995,2557,1890,6833,161,463
874997,1107.3,981.676632094296,1341,74,1163,2259,304,330,1574,592,184,3252
601793,2663.7,1920.4944701820937,1391,1287,7031,3411,4645,2803,472,1342,3282,973
538409,2615.0,1349.0654543053129,1022,752,4131,2326,475,2831,3101,4203,4018,3291
779431,1377.2,934.0023340441928,220,1070,1410,678,1653,3199,1018,798,752,2974
527077,3817.3,3171.6093406975583,3957,7264,4057,3716,1151,1913,11349,3615,802,349
674881,1560.6,1487.2416884958543,1373,5074,77,971,2979,122,685,811,2680,834
532471,8155.4,6642.834292679594,6245,18254,2029,123,19388,2136,1782,12449,11587,7561
740567,6666.1,9258.819605651683,1424,6677,2922,33050,5579,10513,1521,516,2174,2285
616081,2006.7,854.6490566308489,1656,2063,622,2925,2805,3157,965,1516,2911,1447
764177,4638.9,7472.65534398583,4670,25320,714,848,464,710,144,1243,10127,2149
555889,6634.8,5697.485441841866,443,8263,5932,1467,281,13178,1900,9019,7196,18669
754151,871.6,1145.2534392002497,3936,408,1473,127,560,99,70,1556,228,259
658523,3274.2,2881.6448011508983,3510,5555,1716,612,4127,1282,2961,1486,10648,845
559879,3838.7,1809.333250122818,4569,4467,3259,1188,4676,3070,3379,6009,6904,866
579889,8573.5,3999.6933194933836,2078,13709,8008,1524,5385,11065,11365,10246,10518,11837
697483,1115.0,1162.876003708048,23,531,1045,1893,4056,39,181,1785,640,957
549077,32421.4,33236.38672960706,16692,5268,27854,125858,6891,41174,28452,27783,9223,35019
692693,5597.5,5315.081001264233,4771,9890,2495,5371,2653,17046,51,1326,517,11855
765269,1153.5,1774.0120208160936,373,297,355,666,6122,236,2426,688,279,93
706939,2272.5,1838.2310110538338,2285,5008,436,869,1014,950,3128,6084,733,2218
799133,1007.0,1167.8583818254676,67,178,2475,502,3217,2474,71,938,71,77
563911,7550.6,5940.049817972909,3487,6717,1017,8091,1357,10122,8723,4350,8776,22866
685207,1495.2,1720.0430110901298,983,1394,421,1354,739,400,2343,591,376,6351
745289,5553.9,3541.519714755235,6060,1661,6548,611,8213,12844,7809,5187,5427,1179
818537,2703.8,2080.9664485522107,1013,1261,1220,2735,816,6343,6329,712,4177,2432
726709,2059.2,1792.3762328261328,436,3832,3232,1615,2096,1039,6197,1600,181,364
879397,1030.1,788.1490277859891,1031,1178,2305,1584,160,174,2373,353,365,778
735887,902.5,1016.7756143810689,245,468,381,1787,839,150,333,488,684,3650
539549,21179.4,10902.3882447838,22322,29950,15921,18613,12493,21599,18897,22326,2845,46828
544967,27223.8,24799.707751503847,12741,17311,127,50942,25875,1320,77033,56716,4427,25746
747931,629.3,519.2092160199009,110,784,407,1104,506,1209,112,250,1684,127
778669,1720.9,1555.3842258426052,541,779,4781,81,1429,1421,4551,1707,452,1467
997517,160.6,189.8700608310852,703,45,212,152,30,130,73,57,43,161
655051,3001.0,2035.1091862600395,1135,7256,2356,4756,2659,412,3475,1600,5086,1275
568717,5633.7,5471.637708218628,2744,1586,2127,2409,14280,5719,17923,5468,2438,1643
569477,6717.2,5610.053614717064,19700,2021,11674,4586,12142,4713,1774,2502,2462,5598
697219,1488.5,644.0742581410935,1767,1699,957,1239,918,533,2529,876,2282,2085
903377,969.3,657.6789566346182,706,1504,923,1149,775,439,530,989,2594,84
796153,3249.8,3943.1698872861157,14644,2506,1043,302,4095,1448,3158,1488,1249,2565
732661,1482.2,1344.9994646839084,302,3483,485,354,3400,241,1521,528,3500,1008
638611,973.0,736.7459535009338,964,1980,407,2438,429,432,1690,279,640,471
591247,8634.9,7910.052078842465,15718,4041,7894,430,15874,24463,2000,1412,13725,792
620273,6614.1,4188.960359086726,9800,6269,47,15257,7896,7765,1523,8260,2642,6682
870167,4417.6,8891.419573948808,30825,1063,758,561,112,3967,1153,3771,1366,600
641369,1573.0,1435.895400090132,581,2234,468,2867,560,333,650,207,4073,3757
632579,2877.8,1640.1624797561979,1515,4814,1543,4482,3124,2922,1609,2407,5907,455
614461,2205.8,2189.1306859116476,2212,624,2690,8421,1629,655,1230,696,2429,1472
841499,1064.6,1201.7072189181522,611,567,758,91,86,2943,729,105,968,3788
828389,1364.1,769.1049928325781,425,1936,463,1766,1558,1314,3163,948,1215,853
637757,1684.6,1323.0006198033318,1381,882,1804,1143,1366,1079,792,2073,5473,853
703751,3419.3,4502.667477173948,529,5732,575,1757,288,481,907,10666,292,12966
531187,2822.5,1756.2936115581585,4058,1115,2082,2820,1246,6349,4223,292,1904,4136
599329,9581.7,6309.064812632692,8235,2906,4107,4129,1400,18934,16710,17924,13427,8045
804883,2564.5,1725.9693073748442,1547,3573,2437,842,429,4618,2699,6312,1719,1469
1005973,34.7,84.69126283153416,288,3,3,11,25,4,3,3,3,4
925363,445.4,429.17763222237016,71,1152,148,308,88,1078,140,195,1048,226
556571,2105.9,1268.663899541561,3882,2861,3209,3554,122,1635,270,2456,921,2149
616571,3367.2,3273.3230454692366,3470,3977,826,3387,1500,538,1773,6307,11618,276
802591,475.2,446.612986824163,840,306,246,472,76,726,113,230,146,1597
776161,8101.6,5141.503402702365,2272,8339,10449,7418,5759,10966,20453,4665,9291,1404
633779,2807.8,3131.254758080217,7848,1129,2152,2066,743,1607,1242,244,1087,9960
744193,4565.7,3779.121010235052,1629,2603,5072,10420,1034,5573,364,6339,11576,1047
605063,3434.4,3813.626048788738,4874,14076,3792,477,3029,675,837,2386,3113,1085
726217,3037.4,2091.9789291481884,4900,2303,941,4619,355,710,3364,2340,7457,3385
547159,16557.8,13614.295507296732,27386,1420,4530,7083,42693,6695,35200,22235,10461,7875
727393,2359.2,1977.6004550970351,325,336,1960,2157,1395,5137,503,1209,5018,5552
554579,12309.8,18665.013296539597,1648,1112,1776,12285,6048,67095,8432,12276,4836,7590
630367,4121.1,3875.4825622108015,5146,1179,13419,2583,392,2133,677,2810,8617,4255
798947,805.6,840.6860531732402,92,100,1188,441,1226,2808,125,437,1525,114
811313,3967.2,3658.7617522872406,2841,949,2351,2376,4058,3097,574,13001,8480,1945
593771,4036.2,1657.3730901640706,7128,2419,1867,2280,4311,6132,4206,3211,3390,5418
712337,4451.5,2747.8772625428523,2179,9327,5008,1985,2468,7774,966,5435,2239,7134
630761,7629.8,8495.199971748752,5004,1531,1857,19994,3714,2747,3175,3326,27963,6987
589417,2812.5,1821.020222292987,1409,2785,995,2166,3166,2568,6416,1708,5931,981
862091,2832.6,1921.2916592750828,2153,3608,3965,524,5324,418,3183,6118,329,2704
691217,1934.0,1204.6107255043016,3307,1014,2321,1401,934,927,2954,1431,610,4441
653179,1004.5,678.1628491741493,1500,581,482,96,985,2231,1761,849,119,1441
985373,12.9,4.948737212663449,22,10,15,12,11,5,14,17,17,6
567253,15140.2,13202.090795021822,11149,24672,7424,23120,639,35068,3172,5080,37900,3178
576139,3484.4,2324.598554589588,5367,3941,1405,6472,3527,7582,3206,2590,213,541
602491,3188.0,3377.721835794061,3418,6261,6597,166,802,221,10690,1128,382,2215
890047,383.5,179.5818754774546,420,439,726,228,566,172,262,165,302,555
746699,1608.5,1115.0371518474171,1225,3938,2407,285,398,592,2796,1793,897,1754
800881,856.1,1122.646912435072,723,3273,170,84,564,600,92,113,2819,123
950561,398.3,266.82542982257144,214,231,81,295,585,235,221,381,884,856
748607,1162.9,683.9962646096834,2003,854,1313,1382,2688,1123,397,592,547,730
965389,125.2,48.74587162006645,93,98,86,174,128,97,248,140,91,97
930901,465.0,433.5237017741936,701,301,134,595,268,73,1617,251,556,154
668113,12356.7,13996.153221867786,6408,3171,23461,9937,6869,439,49683,5570,15187,2842
636679,3720.3,2257.3797664549047,4276,3925,8612,884,6246,1868,3576,1026,2579,4211
670441,2067.1,2052.023072482373,1276,381,5142,630,1781,654,208,2584,6633,1382
715381,1740.0,1097.691942213297,871,2436,3575,310,609,1230,2946,1437,3038,948
695027,3221.3,2272.0300636215184,514,4539,2136,6782,1652,1045,3038,2519,7704,2284
803701,1440.5,1880.0390554453916,969,871,412,2033,830,917,711,231,6909,522
625321,4825.1,4524.515055782222,1636,396,11598,6327,1842,6946,5441,13363,563,139
869107,945.3,791.1398169729546,2221,788,2498,370,308,140,1137,224,1234,533
812143,174.6,364.2513417957441,5,223,237,15,14,4,5,4,1235,4
856829,3340.8,3182.673304000899,186,6124,553,977,4308,3496,1163,794,10768,5039
784319,593.5,534.4131828463816,116,415,158,91,643,123,1436,378,1612,963
670981,3675.2,3186.4784888650984,5415,4977,1040,4304,1709,11992,1359,765,2225,2966
776981,1050.5,1220.278677188125,54,1217,157,2884,93,504,1270,218,360,3748
659033,1407.9,1140.9455245540867,352,976,1049,3402,3566,1331,342,92,1669,1300
708739,4594.8,4358.779962328908,11915,5722,2383,1191,1548,5339,1444,2633,385,13388
572149,8512.6,6597.8128982262,4913,7388,23530,14410,14854,6557,5683,1425,2261,4105
541337,1368.0,1674.9919402791168,1135,734,462,1010,803,505,1194,668,6345,824
650899,2545.5,2527.365911378881,236,7956,1616,6439,119,950,2404,2523,376,2836
679057,1553.6,854.8691361840126,566,2267,993,2553,2174,2971,1728,435,777,1072
753397,572.9,390.04549734614295,770,146,731,178,1092,1348,222,276,587,379
837751,191.4,324.93513198790924,9,142,29,963,9,22,29,17,7,687
880351,1745.0,2421.661206692629,399,816,390,3373,8548,450,991,442,1344,697
524749,3406.9,2032.3362148030528,5558,4191,1277,3747,3878,913,2877,7688,3026,914
651359,1325.8,1161.9564363606753,1837,494,335,1142,792,2169,1176,534,437,4342
567799,4172.3,4054.217607627889,14444,1477,8895,319,2509,3642,2431,3430,1692,2884
532799,6945.9,6524.708674722574,4844,17505,6050,1290,1736,21340,1212,5338,4760,5384
702157,1140.9,780.2860308886736,321,897,600,473,1376,248,1018,1504,2486,2486
667397,2500.1,2848.4955836370887,1313,1231,1869,3277,2537,2672,587,458,10574,483
731021,4437.3,2555.1000391374114,2133,1501,2077,7700,6524,3323,4003,4743,9587,2782
634507,2249.2,1983.3917817718213,2348,3674,1201,464,561,5039,6310,924,1671,300
801953,1188.5,1186.2381927758017,60,49,185,2902,1282,41,303,1642,2159,3262
613103,4304.9,3459.970937739218,12166,375,3248,2810,2705,5188,407,2011,6928,7211
801727,1198.1,1199.710502579685,139,669,763,434,228,3935,1158,376,2957,1322
530003,7234.0,5021.482111886888,7637,10533,2189,18633,928,2067,5683,8092,10924,5654
647797,12196.0,13010.032267446533,10734,20258,2881,6505,14179,747,46964,6226,938,12528
651571,2879.2,2636.485569844827,822,7349,331,1128,5895,2132,1188,890,1899,7158
565423,13271.5,9705.944840663376,29724,7586,8754,11546,8742,15767,9721,33096,5794,1985
568291,1543.6,1648.6319904696743,27,1739,2051,5711,724,283,1101,829,2942,29
608921,1931.4,1479.2242696765086,1576,999,2272,981,335,5013,906,2080,4296,856
601723,4955.7,2830.2941914225103,4873,5811,1124,1943,8283,2210,10906,4886,3891,5630
666949,1531.8,1477.7910407090712,496,696,97,2206,1592,1399,495,1136,5568,1633
913711,1132.4,685.2916459435355,499,2440,1816,616,2087,825,916,526,476,1123
550897,20949.2,16278.423767674805,41512,27154,51277,777,10805,11353,19774,6091,5474,35275
776773,722.3,657.9703716733757,942,98,2210,975,218,296,135,1388,111,850
793907,5881.7,6456.7013567300755,1239,4168,14420,2983,12481,19020,551,61,2860,1034
711743,2350.2,1673.9330810997194,2868,2726,484,1679,4613,1857,5754,631,412,2478
877039,1106.2,1083.0907441207316,647,77,420,2805,914,499,66,724,3412,1498
528917,3259.5,2561.826584685232,2934,3921,1541,242,5915,2687,1184,2390,2234,9547
550481,15563.0,13526.247942426606,12907,7200,48763,1401,8541,7619,13121,32514,8999,14565
1001677,96.2,34.57108618484528,147,66,79,145,78,64,74,152,69,88
695683,2359.5,2468.4944905751763,1010,1322,8463,1656,84,5584,1227,707,1707,1835
660761,3743.7,3099.1881533717824,3984,10878,2472,3785,1620,716,6008,376,1218,6380
656099,2964.1,2065.307940719737,2014,3789,2111,1137,1044,4202,7542,541,5057,2204
612631,1475.1,939.0154897550946,2833,472,1132,272,345,2080,1951,3048,1351,1267
658661,2275.6,2242.8514975361163,1221,1527,634,803,7861,392,561,4594,2071,3092
531341,25434.0,25687.487677855926,2493,50402,21430,88985,8163,14376,35645,23278,7202,2366
713057,2197.5,1423.2798916586996,1221,1299,4033,653,5463,2212,1060,2456,1351,2227
596639,20771.5,18711.57830462198,10936,2469,37469,15057,16705,1700,11648,46714,6566,58451
837209,878.0,993.8971777804785,140,432,358,257,917,1083,3724,796,318,755
958297,106.0,66.96118278525253,162,197,141,229,68,62,21,59,53,68
756731,3314.1,3535.937087958438,1823,9104,11059,546,388,1668,2964,1184,3474,931
629107,8489.5,4098.524130708516,14121,5629,12966,10054,1174,10294,8942,12108,6847,2760
935089,1098.7,862.7994031059594,269,1633,2649,253,1405,2385,229,1227,603,334
824519,1282.1,1228.5180869649416,1532,356,41,46,2152,1424,3057,42,3560,611
806573,2174.4,2426.7151542774855,148,395,8012,662,168,187,2453,2107,4773,2839
600107,2024.2,1116.2299763041665,1281,4175,421,836,2664,3359,2639,1248,1943,1676
528557,6602.5,5338.626756947895,15535,481,3597,12095,7875,11406,1107,928,11052,1949
816721,791.8,838.367079506346,85,135,1835,1223,358,240,566,257,2762,457
548057,2855.2,1892.4344532902587,1628,2329,5773,1139,5920,437,1267,4343,1719,3997
589423,3386.9,2001.6641301676962,2064,6035,6102,2679,4162,2547,1029,6171,2538,542
785539,3841.4,3333.3624825392153,4033,2393,366,11576,7909,1272,1971,812,4807,3275
703009,4007.3,2299.370698691275,209,2227,4218,6039,2114,7829,6914,2246,3324,4953
531803,3912.3,2531.635757766113,962,678,4248,7801,4010,5065,5685,1125,1950,7599
696649,2448.1,2033.6462548830852,2185,1837,3087,2666,2160,1775,1228,8135,635,773
831673,1049.8,1312.1288656225804,759,4777,784,711,756,1621,594,407,42,47
557983,3116.2,2678.4622752616847,5473,1467,1699,4988,759,6620,1481,664,142,7869
635029,2326.5,2351.2922936121745,4278,491,667,1682,4405,475,826,489,7936,2016
618391,5115.3,5578.351459884901,5178,1719,16063,1819,1553,15991,3383,1346,3040,1061
708523,3947.2,3081.9391557913664,6204,2474,564,604,1785,8912,3093,3144,2963,9729
540161,25857.0,13745.282950889006,24026,49671,28834,36176,7722,44855,21438,17860,22619,5369
885481,1245.5,1113.086721688836,199,379,2335,886,1111,3775,600,141,2232,797
621497,3043.8,2107.4205465449936,938,1806,2527,4308,2160,6137,3261,7255,647,1399
813737,10.0,6.212889826803627,3,20,9,5,22,3,13,8,8,9
971107,131.2,55.23549583374807,178,143,97,120,224,100,98,212,103,37
639077,1661.6,903.2505964570408,1396,2285,2769,249,732,3382,865,1579,1603,1756
703687,2140.7,1402.9632960273766,740,1006,2733,1672,1035,4808,585,4248,2847,1733
772897,914.0,498.3890046941245,440,1159,1182,1209,1464,324,1017,459,1708,178
686821,2407.2,1595.5369503712536,3541,3859,3128,4816,825,942,2135,4072,416,338
534749,4932.4,3035.337780214914,5569,3240,8174,732,2538,2561,7458,2677,5298,11077
689863,2426.9,2843.5993546911636,2083,677,3250,814,6797,410,8752,617,352,517
637501,2448.9,1478.7617421342763,1881,2349,273,2361,2125,1330,3472,5372,4359,967
631451,1221.6,1620.8673727359683,287,645,1943,2149,78,571,637,55,5613,238
624571,8956.1,10715.27750877223,27039,1851,30355,15085,6624,1343,3047,3385,381,451
695273,1117.4,553.7855541633422,935,336,2304,1196,1144,1568,1011,557,575,1548
552337,3645.6,1605.0781413999757,5003,5778,3943,5019,3093,446,3142,1770,2988,5274
851269,1216.3,1221.8053077311458,1702,4274,274,1498,2255,608,310,433,110,699
625649,2394.4,1919.503644174712,5861,4701,4941,663,2668,1166,1372,1130,1034,408
856619,517.6,711.532458852019,308,297,176,876,177,206,129,2559,327,121
606007,2934.7,2306.1509946228584,523,3165,7950,2013,2420,1138,6283,3344,1888,623
699359,2906.0,4246.327966608326,682,1878,15089,3267,561,918,215,1966,332,4152
710279,4237.2,3094.8622844966785,3241,2862,3287,3616,5155,7494,2289,82,2598,11748
690169,7043.3,4802.007997702628,10241,5649,2334,7449,2935,4591,8423,3433,5815,19563
549053,3972.8,2915.018106290251,8098,8357,676,4327,1671,8015,1074,3158,2714,1638
628211,1893.5,1838.2806776985935,2295,1836,390,1581,6999,361,1238,803,950,2482
736999,2856.6,3147.520586112186,1859,8326,9560,461,1585,349,1823,1464,293,2846
663847,1190.9,715.854517342735,773,836,1589,1716,561,2514,912,2168,523,317
622121,6871.8,5191.61774016539,11288,17074,13558,787,7458,6237,3459,1174,4544,3139
576599,2080.9,2026.7928581875358,2179,7756,2051,583,1282,2863,1174,1385,214,1322
526451,8594.2,7882.763243939272,9232,1002,7859,1435,3216,9922,1534,28929,10490,12323
794533,1494.4,1661.8673352587443,441,5334,3721,145,593,939,174,519,2303,775
594437,2318.0,2045.6447883246983,177,1245,2017,3243,122,6652,5255,1866,1877,726
526301,9522.0,10316.109179336945,31860,5129,2021,22051,3277,18990,1163,840,7851,2038
924233,136.9,174.33097831423996,22,37,67,27,38,518,21,427,174,38
601537,3872.4,1940.3522463717766,4788,2373,4481,7839,2253,668,5032,2409,5288,3593
853487,495.6,415.030890416605,438,183,158,127,820,1337,1101,126,368,298
560927,3306.1,2326.663854105272,912,2490,2113,7154,1690,4669,7942,2079,1432,2580
878357,2103.5,1552.0263045451259,921,3046,339,446,4072,3859,3280,394,828,3850
722003,2588.6,3181.0298080967427,2959,2959,1692,11785,800,1163,2274,753,550,951
632069,2968.8,3338.667273029764,12135,1213,4964,2765,629,110,3246,2047,1036,1543
777923,4750.3,5445.205469952442,1905,125,3567,16526,1053,12230,8668,2483,827,119
666943,4442.5,3832.4379251332957,1116,5344,14366,4040,1806,1194,5469,5541,426,5123
755219,520.6,339.0325058161828,79,235,427,451,1132,148,1097,556,619,462
535069,1837.5,1095.7839431201755,553,2352,208,1926,1478,1803,654,3810,2502,3089
725063,3421.6,1915.6182918316476,1102,4472,784,6357,4758,4823,5006,3949,2021,944
665407,2137.0,1641.1744575151054,696,4876,780,902,4472,1268,1867,3879,2604,26
540223,7051.5,6888.951520369409,6378,3203,2061,5927,13577,4014,2614,2348,25366,5027
534143,2172.1,1948.7537787006338,2167,1142,793,1355,1358,205,7094,713,3124,3770
762079,936.1,1005.2235025107602,2607,79,2984,661,288,108,91,663,1395,485
586307,4011.1,4354.80581541818,7601,15907,878,1391,3459,1438,2903,1790,2146,2598
898531,528.9,277.59411016806536,497,559,93,754,132,696,913,790,658,197
975703,87.4,175.27931994391125,25,35,28,26,34,19,38,30,26,613
830653,1792.5,2065.434542656823,583,414,143,301,4528,942,239,4480,614,5681
761851,425.1,392.2395823983092,324,257,135,1246,391,1135,271,239,117,136
627239,6315.4,5234.48815453813,3339,291,4223,2153,1878,16969,11681,4128,5840,12652
559423,18084.6,15881.28658012316,8316,32699,55771,3523,21531,25232,6066,1041,8986,17681
894983,1401.3,1127.4771882393009,3160,188,1809,1109,3725,643,158,1234,1078,909
566609,5049.2,3897.0697402022456,6156,1790,1230,3827,10418,12410,8201,315,3696,2449
656743,1625.4,823.3044637313708,719,3094,1198,1587,2964,929,1126,1617,781,2239
591221,20766.4,14827.251783118812,5620,16662,40177,11760,43981,41122,24707,8496,11220,3919
898343,506.9,415.0119154915916,111,140,661,344,413,262,365,1053,1470,250
654377,7627.5,8737.223406208634,1888,30495,904,3114,5212,7355,8897,986,15344,2080
607657,1187.6,980.3707665980254,383,142,817,2647,501,779,2940,149,1474,2044
593569,3642.7,3139.5522626642164,1844,3414,11103,7662,832,2353,3509,140,2513,3057
875807,306.3,212.1674103155336,375,120,241,77,674,103,335,348,113,677
844397,946.4,414.7792665985126,1181,753,461,1701,496,1539,1025,937,434,937
589907,10459.8,9089.358291980792,4932,6270,13355,3690,5450,2966,14613,32684,18424,2214
581897,5702.7,4888.073793428245,6811,17427,1112,1431,1267,4453,2671,5592,5075,11188
902059,1005.9,529.3321169171581,349,1142,1022,2044,641,1717,1039,756,1094,255
673229,3741.4,2814.059672430562,5661,1848,1083,9867,5256,4203,1589,46,2133,5728
544283,9456.1,13520.86371834285,13518,5242,10641,5029,48320,3693,3858,759,3079,422
586193,16322.1,9513.374547971924,31610,19985,9068,6298,7484,21083,6845,10675,33108,17065
879017,1451.7,806.0807713870862,794,2801,1138,1830,2400,396,2415,1160,1020,563
574069,9243.2,6464.186333947993,8504,22625,3764,875,11961,4247,1947,14345,14369,9795
709309,3352.5,2653.1677387605932,1658,7015,5741,4082,8495,1062,818,1535,1665,1454
607459,4197.4,3265.776330369243,227,9327,1816,2670,789,9933,6201,4848,4683,1480
759907,3211.2,1688.1129583058118,492,542,4555,3404,5665,3738,3112,5224,1905,3475
525323,6074.9,3203.298751287491,8400,5677,5141,11904,6054,2596,2317,9405,1411,7844
920639,225.6,123.47647549229772,427,77,91,226,166,317,428,213,89,222
588817,12815.6,13064.05947781929,43005,10191,1247,32168,10583,1568,11469,4129,7692,6104
788131,323.3,234.90936550082458,76,508,128,159,93,657,719,445,90,358
813473,2491.7,2618.287381094749,1466,112,2275,8051,1863,738,258,6448,3579,127
583507,2387.1,1414.1005940172715,1387,2531,3269,5694,1070,2790,1400,2265,3059,406
982081,420.0,337.4305854542531,157,207,1043,287,629,407,33,307,995,135
773621,3383.7,3563.0345227067332,905,2350,8974,2519,1055,622,11344,206,3570,2292
646127,3690.7,2196.7569301131157,2949,5702,3077,974,1765,8290,1983,5469,4887,1811
564241,11367.9,7257.895637855369,21731,4613,8003,309,15880,1744,14777,20829,16163,9630
593729,5600.2,8382.790762031462,30296,3595,3871,2687,913,607,1340,6303,2866,3524
744647,1666.9,864.3084461001177,3190,2225,2485,1139,640,2562,577,961,1799,1091
1009961,183.4,273.18828671815345,274,189,103,40,104,41,971,45,39,28
870913,1500.3,868.8779028148892,3299,2561,447,2025,614,800,1524,1544,1408,781
1018081,709.4,684.4120396369426,2259,1642,564,184,90,882,154,440,736,143
647467,4631.1,3320.213530783826,1072,4378,3147,4374,9139,3325,1454,6406,1364,11652
611161,6048.6,3527.1406039453545,2038,3615,3291,5199,5117,6925,5007,4207,13884,11203
616747,3619.4,4388.416028591638,1259,5234,727,16097,1087,524,3470,1736,3240,2820
677329,5536.0,2512.0180731833916,3154,332,6615,6872,6529,9878,7464,4876,3729,5911
890947,4590.3,3918.7193584128986,4564,3725,1471,694,1347,6024,1749,11715,11875,2739
675007,1789.8,1407.402771064488,1273,2275,3944,1408,1915,725,618,633,375,4732
782741,450.9,363.6265804365792,204,161,125,549,532,1415,583,140,345,455
544457,14513.2,11421.202955906178,6452,16609,26178,2308,2715,6187,911,30098,24618,29056
650171,3808.3,2688.1153267670643,7658,1334,5647,3308,1359,1777,8694,952,2019,5335
680951,4118.0,3540.3021904916536,4216,253,3865,1796,1970,3206,1096,6071,13336,5371
544993,2864.5,1946.1135244378731,2081,236,3766,1741,2141,2230,4719,4120,7012,599
591037,2675.5,2166.654114066202,477,3711,6666,717,2961,1737,306,5189,4535,456
660571,2784.2,1127.5557458502883,1718,3715,3719,1926,1990,1898,3265,4874,1198,3539
1040399,5.1,4.437341546466758,2,11,5,2,2,16,3,4,3,3
557959,4619.0,2529.9541497821656,1471,5481,10997,2629,5549,3711,3277,2531,5195,5349
614987,2345.1,2243.843018127605,1807,1456,1195,5765,910,1542,7609,1389,305,1473
644773,2200.1,2626.802103318786,1740,9808,1309,523,663,2036,1031,676,1331,2884
631349,2041.8,982.7818476142097,1680,3425,1041,3755,3086,2127,880,1380,1167,1877
728347,1137.3,877.2032888675236,3016,481,873,442,159,845,1978,2129,958,492
655493,6430.7,4991.519889773053,2458,11248,2274,7969,7682,15159,12189,178,253,4897
610381,2384.2,2846.7751158108713,345,1909,588,736,2403,3114,894,525,2931,10397
718117,1035.4,608.8183965683035,529,648,2049,380,1745,1571,1324,703,1267,138
592271,2006.0,1175.5473618702056,723,711,1351,1433,1086,2211,3439,2571,1984,4551
694151,2676.9,2314.2853086860314,2803,768,927,1207,222,5697,6607,1586,1066,5886
645899,1165.8,907.2212299103235,378,629,1728,1220,738,64,1987,73,2963,1878
568003,6088.3,5989.584794457794,1076,3376,490,3869,6474,14282,2050,10804,164,18298
790393,4841.7,6232.376914949865,3159,2643,813,2082,1072,316,21264,5485,10807,776
862717,246.9,245.93838659306525,258,95,108,888,507,104,125,102,91,191
575803,10839.2,13209.651795562213,12214,3547,3725,3953,45816,23086,1443,5200,8104,1304
906079,1215.2,1131.5292130563842,671,603,1609,2012,529,4155,1128,173,154,1118
801643,381.1,323.6419163211095,88,191,203,822,593,204,54,161,1063,432
753199,7468.7,7274.323914289216,5057,22248,20681,1410,3730,4291,6847,2050,7209,1164
667291,14685.1,13849.766658323166,2748,21469,9614,5374,52745,19347,10655,7897,10518,6484
653291,3338.1,2539.5199723569804,2920,9514,1357,5401,964,4956,957,1434,2687,3191
568759,6188.2,5766.317278818431,18334,15383,1535,1277,4033,7551,1372,6911,2148,3338
724943,5450.1,2878.757942238284,3866,609,7316,8883,8156,713,7715,7504,3901,5838
655931,1406.5,1103.809788867629,3150,981,662,1228,551,2630,102,3226,368,1167
736139,8516.4,9715.251620004496,14961,16140,1851,1815,32955,364,7563,1982,4870,2663
736669,907.7,819.4736176351256,1805,857,465,203,936,505,367,725,2976,238
612413,3874.4,2953.657603717804,168,8899,505,2318,5346,7689,4305,6195,568,2751
606239,3025.3,2514.8958646433057,609,7481,1413,6269,1123,1166,4939,585,1391,5277
1032247,24.7,11.55897919368315,26,23,8,15,40,32,14,47,25,17
548479,3162.6,2398.032410122932,5266,1442,4199,2055,768,9176,1713,3357,2147,1503
529651,4549.8,4044.467549628752,7120,1148,11963,794,11533,3415,4611,1987,2039,888
551051,4234.9,4024.230049338631,947,3998,4432,13279,594,4670,922,9940,1426,2141
561971,4311.1,3073.275661244855,837,3040,6902,7194,766,915,2876,6303,4007,10271
819703,1178.2,1466.96590280756,181,280,141,3306,177,621,570,4537,251,1718
833533,766.6,532.4335075856891,720,1026,379,187,222,1795,519,1637,739,442
834521,465.7,520.0448153765211,811,62,477,65,71,788,1790,213,317,63
936799,208.5,168.11499040835116,673,328,148,79,159,135,167,136,180,80
611867,3740.2,4444.4009225091295,534,2044,1067,4079,4845,1022,5300,16110,1479,922
546647,5038.3,4326.205128053916,4556,4744,13288,1149,5591,3949,631,2146,1449,12880
679253,3789.2,2976.5881744037083,2136,11769,1607,4178,2361,4340,3136,1359,5557,1449
837973,1251.2,1620.8235437579256,1490,102,105,1456,1818,603,176,5753,864,145
592997,3842.1,4157.410551052181,794,7170,2748,1259,14469,6141,2112,2668,727,333
844367,99.1,181.09359458578317,178,13,623,17,14,21,57,12,40,16
551923,3771.3,3430.162184212286,3175,10975,1027,1503,1309,8148,410,6995,2352,1819
931081,260.6,318.6129940853009,63,82,254,66,580,274,68,56,1091,72
585209,1117.9,892.6775957757649,403,1601,999,191,120,1843,1363,3063,1423,173
789421,2579.4,2028.7662359177807,382,503,6039,3461,2306,285,581,5261,2747,4229
597557,7995.3,6865.421794034218,17185,1560,8532,1477,3057,3247,6553,23260,10724,4358
987307,3.2,1.2489995996796797,2,3,2,4,3,2,4,4,2,6
896773,283.4,215.3463257174359,148,530,145,113,134,654,119,222,635,134
915449,1494.0,1370.1913005124504,826,1317,521,163,4598,3212,2229,1042,925,107
581129,2154.5,1114.345301062467,1805,2786,1076,1958,1301,573,3290,1658,4559,2539
538843,9948.1,10018.368244879004,1593,2848,22792,4542,4368,21696,2038,30047,4523,5034
644219,3043.2,2197.648370417797,976,208,3720,6045,2370,4153,4154,1410,6866,530
797191,1080.1,837.8469370953145,2198,1049,1137,2573,116,75,1589,1443,416,205
746461,594.0,465.29796904779204,1042,175,827,624,147,1710,265,507,431,212
671521,1909.6,1650.3917231978594,2718,2474,6170,2238,1874,432,169,627,940,1454
539453,7249.1,4898.030225509026,1991,7302,2571,8521,4187,7351,10463,19875,4607,5623
551891,2557.3,1528.4014557700473,2940,2572,2747,3594,190,172,2016,5575,2110,3657
525851,9866.2,7974.536673688322,15539,2279,1517,16025,11899,7232,15316,1473,1483,25899
557171,4001.3,3344.186838380894,4884,741,9793,1986,1048,7567,8769,1629,510,3086
536071,4340.6,3701.138938218883,602,8335,1277,11977,6753,5842,198,708,4333,3381
580003,15549.9,15210.742259666358,6432,6787,7393,14096,13091,10176,5891,59002,22130,10501
908267,182.0,275.0425421639351,39,55,40,55,49,499,49,903,85,46
554479,3549.0,3344.715384005043,13042,494,4113,3571,3861,2361,2658,1374,1608,2408
842713,33.3,18.601344037461377,28,19,24,57,57,64,18,27,5,34
555817,5627.6,4329.400609784223,695,1059,5706,2086,4332,2739,10382,4911,9881,14485
777899,863.5,605.3064100106656,624,1548,2235,432,685,998,1119,588,143,263
674041,4884.1,3270.806825540145,10308,910,3903,1917,3219,9143,9211,2988,1950,5292
552547,8187.6,7156.913932694733,15079,670,1262,17908,14967,8693,2010,17982,1521,1784
579811,4142.4,2678.245179217168,2121,6454,2263,4243,4103,9320,504,7095,987,4334
623011,2561.1,1264.985885296749,2270,2271,736,2821,3534,1503,819,4462,2711,4484
666917,2569.9,1450.7658287952606,1514,2285,2842,1342,2227,4987,1147,1393,5549,2413
919537,475.9,367.2754960516697,78,815,501,166,208,1325,465,96,430,675
817261,2736.1,2684.708939531434,4022,7431,1779,1218,7031,577,4566,111,126,500
701111,1499.2,1047.867625227538,2189,32,1471,3396,486,2084,971,278,2758,1327
814669,1637.0,1024.635154579424,1593,460,846,1243,420,2498,1108,3350,3334,1518
630103,3003.4,2178.8317144745256,7051,4912,2347,530,3292,248,2325,786,5793,2750
667169,5847.8,4780.814173339098,2062,2288,17141,1957,1374,7698,6875,10123,6967,1993
937361,345.9,222.50817962492974,862,245,184,608,275,185,108,448,358,186
795841,1891.4,1232.5369933596314,4283,65,2410,1261,963,906,3737,2028,1825,1436
547867,1697.3,879.0209383171712,3524,1421,1184,1215,2030,370,738,1708,2217,2566
989449,58.8,75.80343000155071,26,27,47,22,32,57,40,28,284,25
622411,2928.7,2549.73245851403,5925,4198,1070,1691,2089,9033,2148,1392,759,982
803009,4856.9,5488.619415663651,889,463,1709,11252,17441,1979,5761,282,8042,751
621787,1612.0,1142.3687670800527,439,3897,861,1782,577,761,1625,1998,775,3405
619357,10242.3,8596.192343706602,5140,29042,617,4505,11257,18505,5650,6568,2513,18626
668053,1439.1,1205.464263261255,315,1301,876,730,2883,1769,837,840,472,4368
615149,10056.6,10456.865813426126,1619,19223,9419,18202,1322,5288,1455,9067,34619,352
815153,1558.9,1926.6272317186842,1443,155,513,1225,92,515,6273,409,4131,833
864713,2794.6,2153.366768574271,1090,1210,6333,5358,2153,6145,858,1833,456,2510
732007,1911.9,1511.2437559837922,1139,1087,773,3425,2845,690,2610,118,1154,5278
559621,5807.6,6526.390353020573,18472,2354,1060,5112,675,1371,1228,18117,7104,2583
652177,3136.3,2715.196274673343,8731,1792,7837,952,1427,3616,1340,1069,1379,3220
675383,6400.9,5453.0478532651805,1932,19784,4284,3202,12999,610,4882,5542,4552,6222
541109,5035.6,3680.2996399749845,10415,4668,727,2827,7193,8214,456,4724,10390,742
586697,8447.0,6220.132796010066,20467,5919,2159,8253,7599,5537,7181,7117,677,19561
645181,3634.7,4287.817627884842,4135,5257,4778,646,632,15378,1633,635,456,2797
834307,3031.3,2495.933614902448,83,133,409,1379,4651,4962,3059,8197,4618,2822
752659,834.6,663.3034298117266,853,397,873,1078,282,2388,600,291,1525,59
857393,2882.1,2646.056441196975,680,742,3023,5866,238,1216,2866,8013,5871,306
839989,755.2,1092.4853134024274,192,350,44,484,3293,141,127,122,297,2502
629347,1649.6,945.6230961646401,1100,2714,3406,1674,1013,283,1853,445,1554,2454
525647,2845.1,1927.1238387815142,5990,5866,2074,4550,2229,2894,1122,2780,549,397
558013,19240.8,16473.891809769782,8746,7701,9724,41141,37120,49738,13726,1217,21136,2159
601063,2703.8,2170.3242061959313,711,2994,4372,5855,612,2287,1326,6824,1834,223
605203,3630.6,3220.067055202422,1320,1247,6442,1868,4986,679,9522,892,8330,1020
991391,35.6,19.02734873806648,25,40,26,16,30,89,27,39,35,29
546673,6425.3,3926.018416920634,8657,3109,3613,6944,13156,10852,10498,2034,1864,3526
1003643,114.9,42.714049211003164,138,78,77,80,67,139,122,200,83,165
716101,1996.3,1395.0493217087344,381,1309,2126,2458,694,2088,5164,2897,2636,210
954529,6619.0,5675.416178572282,7321,4669,3519,5995,184,7498,8110,3195,22178,3521
618517,5814.9,5359.248631104923,1927,1415,1234,15357,5785,7878,15863,1265,5436,1989
594593,3229.4,2571.5193252239033,9929,3509,468,236,3391,2496,3719,3820,1382,3344
554989,20018.8,13395.31657557969,11027,15194,23125,5898,3558,10702,31675,23468,50912,24629
598573,14039.9,8343.45059852337,19137,3267,31341,11115,16872,1336,20060,8487,16569,12215
555787,3092.0,1945.0841627035063,6713,1683,2001,2843,2615,5439,372,1010,3149,5095
698969,3171.2,3402.2026335890105,42,833,2158,4447,4316,1658,1090,326,4768,12074
557393,4095.6,3157.2499172539383,3409,3854,388,11249,3184,6938,2039,2241,868,6786
825257,1474.7,1112.407753478912,1686,325,680,2445,2162,3155,2992,1060,116,126
552157,4567.1,3915.194412797403,14876,7293,3559,4494,1637,560,5701,2622,2399,2530
866599,3593.8,3686.983775391479,2493,1184,601,626,10129,2925,696,10573,1034,5677
585223,9744.9,5859.1053489419355,20327,16989,2581,2898,9083,4846,8434,6101,10033,16157
814907,429.4,405.6208081447499,192,63,209,749,55,626,186,188,609,1417
616591,2529.1,1845.8038601108187,4363,6786,3039,561,2556,1854,892,256,2222,2762
642841,2756.6,2460.4056250951794,703,820,340,7716,886,1204,4896,1826,3160,6015
579233,10889.9,6296.04606796996,551,945,10687,19844,6628,15532,11868,18175,14832,9837
655009,4999.3,4142.159148318665,574,3686,5890,6990,2316,5358,810,578,13623,10168
742267,828.1,745.3181132912309,2031,520,270,614,1357,2284,452,79,148,526
535027,5193.7,4369.594078401334,10860,2106,6058,8946,83,1384,4813,999,3041,13647
639187,7833.2,8271.858724615646,7673,1553,9301,1875,4244,5158,13891,29958,2845,1834
760973,504.7,339.6277521051541,518,187,1291,915,341,185,302,314,325,669
539569,3153.6,3906.8542383866848,2833,2203,4786,148,506,2797,3509,13984,245,525
530657,12289.1,7599.709697745039,1623,8784,18523,6143,11073,7442,11543,19758,8915,29087
966289,811.3,641.3905284614048,224,801,154,989,2226,1609,204,610,328,968
592171,2551.1,1667.3702318321507,4333,4166,3903,1434,2280,3439,554,4664,140,598
555641,34355.8,39045.526772730314,140186,31256,36879,20685,4387,7146,375,8026,50519,44099
724057,2137.6,1893.7182578197842,983,502,212,1069,3067,1231,1153,4872,6244,2043
541039,3282.2,2325.9179177262467,1841,1019,5857,4324,8252,1778,597,4839,2330,1985
860411,1498.9,1326.347876689973,3252,1071,444,182,280,2282,199,3733,642,2904
751493,3302.1,3369.0601790410333,831,244,11596,3873,3188,1465,2737,727,1260,7100
786769,1990.7,1537.9081279452294,813,4654,1583,4061,3861,701,1214,641,228,2151
530263,5994.9,3674.141517416008,2000,446,10912,2278,7241,8949,2300,7206,10511,8106
692443,3914.9,3033.2669994578455,3169,793,2846,120,8394,848,4711,2610,6466,9192
818299,3166.8,4396.958034823621,1285,3203,14626,48,56,7729,1269,2273,54,1125
574121,7394.1,8283.533394029386,855,743,14360,29061,8593,4260,1422,6423,6539,1685
648787,1205.6,751.7308294861931,1765,181,1870,167,2042,746,937,2464,765,1119
557993,16987.6,11585.399295665211,24037,2401,308,11671,32582,12703,15084,9536,24765,36789
720553,801.3,494.03340980140206,842,863,389,2010,470,880,376,949,160,1074
738821,2761.9,2785.2152681615116,135,787,3436,1851,1741,1833,1944,5154,700,10038
938177,397.3,242.43062925298858,211,376,397,192,384,440,151,596,216,1010
719023,4462.5,2852.659609907919,1768,5732,4533,1882,9185,2286,3016,4616,1736,9871
592187,4524.6,4527.8140907064635,2834,266,4099,5872,1397,17242,1631,4785,3880,3240
569977,17968.7,23786.23964837654,17927,6514,19834,86950,7755,2107,10059,18797,5997,3747
706777,2034.4,2335.1120401385456,651,1695,4138,144,3350,7854,351,219,466,1476
879763,535.6,617.8022661013797,1384,144,251,320,311,2064,355,249,125,153
887339,556.0,434.9498821703484,262,1676,155,506,399,436,543,959,129,495
828031,763.1,842.864455295156,1758,522,315,88,1215,55,695,198,2730,55
639971,8800.3,8421.268467992219,25375,407,313,10346,5773,3641,23337,9588,2771,6452
683093,3336.6,2504.741551537803,4266,4067,5255,154,1762,728,299,3597,8543,4695
549047,10897.3,9942.522165426637,4921,6694,17358,2957,9044,11048,1085,34588,19838,1440
846551,403.4,384.6146643070178,1284,302,85,160,221,416,228,277,989,72
690247,3235.1,1814.3380307980096,3333,5634,1161,5164,3917,452,2606,3243,1134,5707
830519,1517.7,857.985320387243,1611,1311,2328,720,1104,1382,3481,1753,144,1343
533047,1801.7,1360.34584205635,1064,842,1041,356,4723,2670,1116,3605,645,1955
657721,3728.2,4081.0733588113794,10597,882,890,12112,2103,894,1456,5870,1474,1004
739591,6845.5,4727.322609046267,15679,7972,5793,10657,2202,1836,2063,13576,3583,5094
907633,469.4,351.6467545705491,195,79,1067,337,1060,228,634,153,247,694
712111,2201.8,1488.3686236950844,2177,3305,1673,4091,5252,241,1221,842,1149,2067
568567,2379.9,1269.6173793706512,2067,932,1668,3918,2414,3363,5028,2034,954,1421
582341,4875.8,2229.131301650937,6672,2521,8522,3257,2678,1648,7635,4498,6279,5048
553879,7133.3,6468.243579983673,18467,12214,3220,15746,1618,270,717,699,7450,10932
537521,5590.9,5111.757906043674,798,5886,15395,4005,1119,1699,9246,1396,2702,13663
717583,5956.7,3589.6630775046287,10492,6938,7682,5620,3951,334,10943,9156,544,3907
605453,2253.0,1418.6479478714937,832,105,3447,4358,1275,964,1993,4421,2406,2729
582919,14256.6,7649.578173991033,7746,16453,25689,4015,2689,21580,9056,21151,20575,13612
763151,2453.4,2459.159661347754,4814,8959,433,1843,1418,441,1671,2204,1425,1326
646367,2220.4,1914.3158673531386,2270,4119,890,1748,5950,156,159,4338,2382,192
974069,283.5,259.3573789195133,256,188,187,356,117,965,48,54,479,185
854941,1327.5,1300.4945405498634,500,161,967,4112,2271,699,60,3089,1041,375
685787,1675.5,1369.7518205864885,513,797,1862,751,1133,5357,2075,426,1746,2095
711197,2933.2,2723.409840622597,3610,422,1753,430,2723,3640,1109,5917,419,9309
799067,2145.6,1561.5148542361037,3669,3012,1222,2507,2302,2010,5482,715,95,442
579121,18221.5,18888.61069136637,2804,11270,25117,4969,34255,4152,3858,64085,3966,27739
766123,1209.8,708.3415560307047,1041,1187,1902,1206,1206,413,1731,286,2681,445
875321,978.6,913.9969584194467,820,331,397,1886,422,454,634,1411,3260,171
527959,2380.8,1592.1760455427032,1979,2626,3788,1500,6229,1798,845,2883,1864,296
676873,1988.3,893.7739143653724,1489,3115,1790,2849,1148,2990,496,1150,3004,1852
695531,1806.2,859.484124344365,2187,2328,1992,1293,1369,3687,2461,819,720,1206
589079,1972.7,1345.5098699006262,3101,372,3201,4198,21,3303,818,1898,1053,1762
686531,5111.6,6635.42348610848,1071,4789,470,1285,3519,4540,2309,3886,4762,24485
555773,4972.8,4217.168263183247,2125,1098,3276,6928,5946,4287,2381,5988,1474,16225
605621,6372.0,5083.380941853561,7614,3753,18308,93,9783,1943,8159,8722,2051,3294
845323,1549.0,1668.4611472851263,526,817,218,4881,341,4420,2452,836,776,223
550483,6017.3,4745.0164393814275,799,5567,4401,10653,17453,7634,5055,1898,1335,5378
734449,12745.1,9334.581045231756,15175,6052,20446,8266,14000,1671,5816,21875,32045,2105
568861,23338.8,11556.07771521116,28887,10888,9638,27248,26786,32931,28360,28735,393,39522
958879,291.6,184.04955854334452,116,143,533,550,510,188,42,139,420,275
590783,7201.9,3542.1322236754518,8711,2661,11611,6124,6685,4572,6363,1691,10959,12642
544553,4805.6,5199.539156502238,4002,9030,1144,1745,1149,18213,273,7052,1802,3646
673901,1633.8,1357.934593417518,971,778,1355,580,973,1413,956,3860,4700,752
637213,1342.1,1050.2817193496228,642,2593,831,124,1582,2551,270,3311,709,808
848059,1089.2,1091.933862466038,317,691,277,115,749,3345,1861,57,779,2701
594613,1826.3,1290.566933560596,3558,2501,175,555,2554,1147,1155,810,1479,4329
919199,186.6,239.05990880948647,32,676,101,597,28,45,42,299,18,28
700313,5745.9,8715.361351659494,2197,939,2026,4344,914,10408,77,3578,30548,2428
579419,3974.2,5152.866499338013,2128,228,2155,2075,1778,2446,8877,396,1811,17848
641831,9548.7,3811.388986970498,5345,11794,5383,13863,9542,15050,2791,10819,8524,12376
772561,1299.4,990.3953957889748,680,496,1425,1263,2075,1349,1912,139,113,3542
539969,25485.8,22161.2705944402,4617,18515,2508,14924,16627,25373,60323,46077,1641,64253
573037,7043.8,5345.151200854846,2173,18829,7026,2846,11945,7381,11497,5009,3234,498
565541,15105.5,14964.03925582929,17619,2223,7272,13876,52870,3805,28439,7877,16719,355
544003,3176.5,3195.3368914716957,368,1067,2832,6363,11111,4481,358,1587,1266,2332
641899,5028.8,3790.405144572279,4132,12121,4267,2837,405,970,2528,4093,8285,10650
726403,533.2,136.57583973748797,391,778,514,442,452,473,603,676,675,328
662297,3892.3,2964.549208564432,3415,3720,4374,715,2427,6744,571,10496,5629,832
614891,3765.5,2843.3123025795107,1335,1046,5149,6804,3155,2170,10393,1045,2363,4195
746927,729.4,610.1065808528866,474,2371,344,595,214,464,225,1156,618,833
766693,375.1,366.33439641944625,559,412,312,182,73,382,422,9,57,1343
706691,2231.3,1887.7172484246685,3974,3720,2880,1643,1129,6326,525,157,178,1781
807043,1492.0,2133.3306822900195,702,529,7785,1331,65,1477,741,576,1064,650
832147,4690.2,4794.358284483962,5399,3315,14721,1398,12543,1817,992,1301,5264,152
910729,369.0,367.95298612730403,1265,72,267,314,139,732,592,82,81,146
559019,5082.4,2956.742707778274,6251,7474,1784,6199,6179,9368,8458,3108,1147,856
552911,2111.6,1386.514060512911,5881,1650,2113,1786,2388,954,2116,2018,316,1894
936461,298.7,297.09663411085626,59,112,800,98,627,337,103,34,767,50
688469,4292.7,4103.5450783438455,8799,4672,2612,13320,7838,420,1839,877,1554,996
547693,11700.6,6303.749633353152,382,16583,8161,9661,24298,11601,14137,4515,12538,15130
743623,1691.8,1275.0710411580994,488,1558,2753,831,1212,718,4152,528,1016,3662
762029,2574.5,2261.0180560977396,1829,1410,7713,4812,823,442,2539,1247,4514,416
690077,22700.5,16263.455114150867,34305,31583,11936,27171,25039,28134,5619,4378,57194,1646
881123,408.5,330.72201317723017,121,505,114,649,174,235,548,1236,155,348
558361,4985.6,3950.683464920975,13337,1370,9393,7152,2978,7666,1153,2992,2304,1511
654659,3941.5,2320.152635065202,6009,7584,2299,3614,933,1693,5683,5464,568,5568
927271,249.4,122.0567081319171,322,399,177,61,116,174,167,416,399,263
755017,2163.5,1710.480239581855,6342,1972,435,3230,431,1988,1625,357,2071,3184
679027,1398.2,1097.9451534571297,1359,2176,2057,408,620,1842,35,298,1308,3879
921551,272.0,189.05713422137762,81,599,100,146,304,209,603,129,404,145
812083,1469.1,1149.6084942274915,127,423,3574,3199,1068,781,1936,340,2223,1020
532891,30951.2,33264.23913394082,11188,4883,19171,18536,8967,35113,44422,124400,14155,28677
620969,7200.2,6575.912481169438,667,8548,2002,7978,16289,707,21065,1003,5342,8401
685603,1559.4,1073.1978568744908,3031,586,3617,849,1057,771,2723,651,777,1532
570341,3054.5,1661.927811308301,1723,3471,1481,3273,6312,861,5321,2454,3855,1794
684877,2270.0,1878.6804943896127,1131,1340,1432,502,2474,1022,3686,447,6677,3989
736313,2002.6,2454.969458058491,3408,411,305,1537,2594,8745,506,350,771,1399
552367,14181.4,12789.141129880458,35160,5540,2324,6126,3021,10745,6408,22749,10437,39304
707137,4170.2,3833.8609468784857,1375,5001,12457,624,908,1507,647,6792,8646,3745
860737,4913.8,2628.4149900653056,1571,8779,4830,4580,4329,2767,2501,2850,7327,9604
740771,1876.0,1705.371044670338,2614,939,729,6607,872,1686,1292,294,1671,2056
638479,1604.8,1394.672922229438,1546,748,191,1892,815,911,1934,5232,2431,348
693313,14369.7,8397.956061447334,21736,5704,2529,4718,19455,13500,9699,30831,18001,17524
607027,1593.4,1147.8741394421254,2891,1584,2562,544,2490,652,151,3546,1242,272
620119,4127.7,2809.239970169868,3552,5151,534,808,4832,4834,3654,6598,1096,10218
777083,1018.5,742.8370278870057,461,699,1473,1478,2397,162,1683,1471,143,218
714641,3538.8,2781.27901512955,188,2504,1892,8189,1218,4940,5517,684,2277,7979
783049,860.2,1032.836753799941,802,285,29,401,858,461,3871,508,811,576
566081,5953.8,5854.5269800386095,2079,337,1094,4897,8027,11821,2358,469,19366,9090
535429,6139.7,4308.905917979644,8788,14594,2539,2858,4734,10387,2985,524,3794,10194
761029,1846.8,2599.3443327116165,149,613,346,62,3432,8588,979,3804,64,431
835781,888.6,777.8902493282712,2170,1150,123,1790,112,1687,285,1313,120,136
652423,2418.4,1409.4168439464602,2667,353,327,3564,4139,3687,1357,4124,2641,1325
698167,4309.1,2782.136856806293,9436,1635,2024,2255,6754,3236,6718,7341,2212,1480
597791,3604.0,2928.0682027575795,6794,2285,4911,607,128,1684,1979,2897,4572,10183
607613,5624.9,5195.650901475195,4320,1231,2775,16878,2742,4612,818,13664,7346,1863
740813,1382.0,718.703972439279,2110,2608,654,838,1679,1830,1253,790,1866,192
733727,2934.2,2398.7440380332373,4292,1695,1017,2312,419,5925,3674,1124,805,8079
556471,21962.9,31087.318142451597,29370,20583,6858,24326,14479,1541,457,110631,10520,864
895417,1019.7,703.4544832467841,309,174,1626,2106,1195,1721,766,1730,216,354
603329,1817.3,1106.7207461686078,503,1513,1868,1148,1235,986,1126,3367,4255,2172
533153,3022.9,2994.7979380919846,1682,503,1843,5503,2497,716,1578,3247,1619,11041
583109,8057.1,8636.618336478696,7898,1586,19069,3558,8191,29225,1542,2790,3256,3456
616487,6229.3,5691.8281606176415,15589,1508,17449,1473,5597,1313,4543,514,5778,8529
685651,2707.7,3213.5377716778125,9285,312,4376,321,235,507,2117,1533,7982,409
819517,1577.3,1164.6043147781998,3668,1154,2704,59,3201,1504,1540,641,969,333
669593,3550.4,3501.4827202201072,471,2048,1515,2659,1954,6420,3199,4339,12678,221
726437,2625.4,1900.4651114924472,5346,411,2009,902,675,3110,4213,718,3072,5798
745651,1351.5,1465.3472796576243,825,571,2317,5340,382,545,696,1544,1238,57
727033,1813.1,1587.141105888194,364,5792,949,1015,1577,3444,1046,467,1127,2350
542833,2713.4,1702.6737914233602,2734,2098,1274,7119,2441,668,3001,1987,1860,3952
646801,4512.1,2666.6801626741817,6885,5940,9713,2887,243,4490,4678,927,3541,5817
928309,7.3,5.692978130996113,3,9,3,3,3,3,17,12,17,3
720017,5411.6,3529.9882492722268,12603,2164,2667,658,8738,7898,2069,4473,5764,7082
895513,498.3,360.68741314329225,267,192,825,281,823,662,269,330,1271,63
602159,1194.8,1209.017270348112,2657,157,1355,428,132,908,1177,567,438,4129
730241,873.9,636.8991207404828,1368,796,1798,477,626,1426,211,1797,129,111
528769,9357.0,8855.728089773307,14349,2070,32928,7015,6209,1021,7221,8101,12396,2260
528949,6546.8,6606.610671138417,571,3090,2674,11273,16550,20227,4236,3057,578,3212
991847,267.5,296.0494046607762,46,37,314,1041,54,532,91,256,164,140
589397,2272.6,1698.9279090061473,3771,2166,230,2698,545,2988,1263,1911,912,6242
714347,3746.8,3856.733275714047,739,2485,245,4316,1470,6589,14013,1670,2151,3790
730801,1706.6,1483.356275478012,681,4540,970,1271,1157,42,367,4307,1360,2371
651059,3451.5,2351.7599048372263,9737,2591,2101,2460,3274,1753,3070,1357,5500,2672
604391,6999.7,11496.328614388161,7770,3637,1359,927,257,11728,39881,2102,1332,1004
779917,926.9,956.3876253904585,2985,78,1887,82,340,168,1923,223,557,1026
528277,4420.3,4929.621061501583,3944,925,14271,2981,393,1745,348,2216,13699,3681
908209,283.3,226.81580632751323,126,97,96,666,538,435,121,90,574,90
721453,3748.5,4374.61608029779,791,2632,14347,1432,515,5984,8718,115,1458,1493
557867,9321.2,5542.143931728948,20992,9871,8603,5211,4744,2558,4922,12621,7178,16512
713809,1388.7,1547.6606249433369,509,54,514,2093,918,389,387,511,4847,3665
572681,2044.4,1183.9397957666597,278,1326,3002,1156,1489,3192,3188,379,2887,3547
670273,1717.0,1105.3499898222283,1100,1674,2022,2029,140,2377,1051,3228,3505,44
842431,2106.8,2166.1418605437643,84,3272,1172,7557,411,3848,117,1381,1534,1692
849287,1575.4,1053.037245305217,3399,2166,460,141,1478,3206,616,1070,1244,1974
753419,4755.8,3270.1745152208623,1859,3743,1638,7330,2663,6569,12975,3893,2504,4384
567311,8954.1,9026.946764548908,29613,21091,6463,13783,3985,1342,4064,2731,2717,3752
563903,7487.3,5029.67869848562,8139,7832,10350,2370,4304,2410,14846,4580,2717,17325
629957,5346.8,4302.431261507847,3541,4371,15167,1820,2907,12048,1990,3869,5180,2575
594631,7968.3,6673.460931930299,2193,2524,8403,890,17592,22180,2673,7075,6001,10152
628723,8548.4,6816.600856732041,26567,10925,10195,2151,11078,5861,7754,2554,5360,3039
536363,1961.7,2413.5555121024254,4181,73,85,892,1991,357,2359,784,8230,665
543293,10809.6,8377.04988883318,3255,9805,1604,12619,2733,19371,28279,18676,6714,5040
593039,5439.9,2732.127026695501,6860,12355,5054,4035,3477,2404,4907,2897,7126,5284
544421,9156.1,6714.586650717973,19449,21836,2455,4641,4654,6309,9284,357,12691,9885
652133,4039.7,2357.687216320265,2565,5115,6318,1425,292,4999,7615,3475,6749,1844
654337,2905.9,1785.9223639341103,2830,1184,682,2687,7403,3442,1874,3627,3592,1738
828263,5041.6,2697.655174406099,1794,4624,7242,7692,1420,9179,3177,6480,7011,1797
632887,3958.2,3343.190625734644,9383,389,1375,1349,5169,845,8981,3200,1389,7502
647701,4406.1,2520.183027083549,6197,1242,4570,5576,2126,1270,1401,7939,6545,7195
531137,13805.8,11177.342258336728,6156,7653,24172,2174,19532,11211,3553,11251,11130,41226
676579,3818.2,2786.903579243459,1655,10839,5110,3288,3938,2641,1190,4891,344,4286
635231,2655.4,2783.8168115017916,252,4737,913,462,447,4133,1222,3290,1470,9628
804509,865.3,880.8585641293387,502,2567,111,865,2423,328,218,241,1239,159
758497,2667.7,2579.18778106597,441,5378,678,272,642,8142,5058,1752,858,3456
567769,1462.1,1079.5031681287462,1621,140,742,3214,171,2226,2597,1102,2548,260
598991,4435.9,3441.593306885635,1318,6005,7622,2774,6396,1254,479,1465,11801,5245
678751,11225.0,8277.775776136968,14060,6860,22875,360,1096,22468,9057,1218,17769,16487
804413,1064.1,1212.0997854962272,2929,108,232,102,94,3082,1080,97,2559,358
542029,3008.8,2248.9639748115133,1842,7117,4222,3395,484,3626,1151,1621,282,6348
577021,15588.8,12704.299703643645,11262,12612,4796,2655,42938,5787,3037,31008,19033,22760
598901,6235.8,4215.927034472964,2006,3918,12060,11175,2964,7171,13423,1383,3630,4628
587761,1220.9,736.4577991982976,1269,987,549,1074,1477,2462,595,72,1248,2476
983623,329.8,327.042443728639,1128,66,597,268,485,24,34,49,366,281
585773,1661.1,989.1250123214961,1642,323,3431,1691,293,2422,923,2944,1741,1201
738233,1105.4,598.0167556181015,2124,1437,1555,88,1374,485,626,846,818,1701
545339,11964.4,8560.286983507036,4155,10256,18088,8549,14504,5957,32732,1209,15981,8213
613307,5160.2,4472.721448961471,6656,1234,3349,1144,4176,5745,2669,16971,7636,2022
648103,6911.0,5178.534078288952,10211,5140,4608,10273,13724,379,597,287,14593,9298
743471,6757.5,6365.311559538936,1227,21827,7886,6397,7819,2095,14099,3215,610,2400
579211,2674.8,1480.929221806363,3521,4042,686,5609,1387,2141,1418,2590,3952,1402
746789,1170.7,1112.1436103309682,426,752,664,1735,4181,664,1631,290,1056,308
606517,903.1,946.5552757235047,357,562,113,999,486,946,3641,490,740,697
995779,173.4,126.6998026833507,79,76,150,30,79,328,384,39,308,261
579361,13938.4,11635.412551345138,22936,11438,1927,39295,11064,28586,7699,6007,4081,6351
704203,1198.7,1013.7558927079044,266,802,134,970,3428,312,1285,1987,2295,508
524717,5644.4,5602.5810516225465,5446,21211,3284,5761,8322,2717,1707,602,4617,2777
759541,729.8,730.4748866319771,404,88,353,148,542,110,865,2419,1747,622
844561,992.0,653.0378243256665,1408,346,500,328,2357,1656,1271,1149,417,488
532339,2904.4,1814.175085266028,1536,2818,3955,2789,6309,4432,1939,513,281,4472
663647,2024.8,1221.8284494969005,358,374,2764,2962,2654,1163,2818,632,4047,2476
675683,5436.9,5250.569768129932,2018,5112,1184,4158,4089,2403,9944,19535,2005,3921
564841,3856.0,2480.480356705128,3903,4465,1415,2463,8465,187,1837,6491,2904,6430
948509,208.4,117.96287551598597,105,468,167,139,38,177,150,226,333,281
558329,15682.3,18878.805937081932,3342,9087,7829,13409,7305,7552,632,31152,9274,67241
699833,2216.5,1334.221889342249,4334,1097,943,2462,4334,2512,1149,1268,672,3394
622163,7314.9,5040.082468571322,5735,3607,3854,19634,6211,9219,12937,2424,4192,5336
684623,3588.7,2551.9784109588386,2327,1646,7411,3117,2967,5218,712,505,3487,8497
550223,7026.2,8239.341124143362,30705,4437,6758,8486,3819,1735,2988,3428,573,7333
703253,3054.5,2949.3647875432434,2646,961,2240,2500,3240,390,2629,1105,3399,11435
789233,31.7,72.48041114673674,11,5,249,4,9,3,8,9,11,8
539377,3766.1,3250.7896717566946,11510,1861,1241,4846,2354,3164,1579,7634,288,3184
829021,1851.3,1834.1854350092303,104,769,1438,794,5616,3008,88,2214,4371,111
812909,760.2,906.9997574420845,2913,2016,146,235,144,430,135,927,529,127
734099,587.2,505.09618885911226,475,110,220,252,358,288,1701,673,1388,407
809639,1315.0,939.2905833659784,1118,2642,581,679,2549,1530,119,1182,2611,139
693347,9819.2,8223.768428159927,472,3195,3191,16296,9173,779,22279,7107,11314,24386
826513,671.0,755.0819823039085,958,55,2476,252,96,35,521,797,47,1473
653069,4082.0,4405.689208285124,5300,15303,649,4390,8223,2226,1563,535,1312,1319
680671,3255.4,2386.052145280987,1612,6507,4053,2734,859,1454,4066,1134,1748,8387
995563,229.3,124.0588973028537,41,235,226,378,193,31,307,366,379,137
964099,57.4,48.639901315689364,42,43,47,203,42,39,43,39,34,42
678967,2722.8,3071.2483390308903,1074,9847,671,3620,691,209,763,1486,7095,1772
577481,11606.7,6279.587152830989,16169,14882,19294,2276,17982,433,15397,9127,13925,6582
665491,4772.0,3396.5133593142245,7695,4671,1073,10565,1885,1140,6042,9051,526,5072
782413,751.5,802.0052680624984,1162,2105,119,1325,85,76,170,113,2099,261
618983,1964.3,1156.1996410655038,1367,1105,2437,4493,3408,822,2088,699,2060,1164
708811,1945.7,1284.8290197532122,1165,1424,765,5514,1445,2367,1810,1460,2363,1144
643843,5846.5,4667.65969732156,1760,3665,3425,1176,16409,1644,11362,8701,5157,5166
570847,13274.0,17953.577921963075,56492,2269,4674,36027,2291,20520,5051,725,664,4027
725279,2047.6,1064.865456290136,2352,132,4544,2025,2124,2207,2118,1644,1012,2318
704267,4489.8,3525.898489746976,3730,8041,2515,3408,6139,3624,865,13069,1092,2415
732727,5872.4,8274.24026965618,3475,5053,2117,1192,3003,3236,1450,2548,6361,30289
588143,14441.7,8946.187177228072,20579,8068,14846,33978,6373,3844,15672,10904,6475,23678
677867,3717.3,2321.9138679115554,5168,1845,7736,321,3357,2695,2869,3738,1832,7612
641209,1828.0,1238.4423280879896,1096,606,1472,1497,2911,356,2562,3770,3642,368
594883,2469.1,1447.4292694290798,4221,2116,1609,4471,3297,4126,753,1530,71,2497
587963,3710.6,4037.927369331945,6595,465,2651,8543,12972,543,1675,1528,350,1784
662461,1842.0,2208.4126426010152,224,360,179,246,7603,1582,1840,2678,3385,323
629501,1957.5,1652.0004993945977,2211,4305,1660,403,1262,1285,673,746,1245,5785
544163,1993.0,1368.897439547609,1103,2593,2086,3114,1655,276,2574,246,1240,5043
563677,3596.4,3403.392871826584,788,4288,7298,1306,1493,12129,1159,2978,1424,3101
634877,2002.1,1693.7761628975654,618,947,5401,3126,533,1336,491,4038,3126,405
897739,1043.4,778.6175184260883,1224,291,2795,1553,898,1837,410,428,736,262
656069,2236.8,1981.6091844760913,172,3047,1020,1687,1315,382,5258,5996,3251,240
560401,8347.7,5925.502679942015,15678,7383,2215,1124,13350,7363,20318,2719,6773,6554
720539,1601.6,1227.3834119785065,3464,689,626,1060,1953,1423,1158,473,4311,859
979571,59.8,56.042483884995676,35,223,50,30,30,78,41,32,41,38
783611,425.7,601.4509206909571,2081,55,55,8,50,839,230,166,326,447
892349,663.3,751.4800130409325,85,258,88,2197,1969,263,437,159,212,965
853861,2926.9,2083.596335665812,6132,7155,1394,4545,1285,2014,1476,2016,1153,2099
747491,690.8,588.7340316305826,1262,422,621,1108,579,76,14,2021,631,174
809933,542.6,556.4777084484158,1006,35,913,67,409,1585,61,54,72,1224
609953,5879.0,4509.960975440918,2807,5281,3446,6073,2656,14961,1331,8036,12864,1335
607483,9890.3,11586.192498400846,12564,2377,12228,14778,41278,842,6564,855,1134,6283
711247,4661.3,4811.101018477995,1661,501,13496,14323,2677,1391,1696,3158,5695,2015
802117,1961.1,1678.7760094783341,1333,5553,4646,1425,849,370,115,1964,1842,1514
584741,3313.9,2576.8196075783035,2291,1415,3528,1980,1582,8435,971,4315,978,7644
738931,2319.3,2043.1585866006585,7484,3228,870,707,662,2850,1669,646,1274,3803
820307,893.4,638.7995303692701,992,1419,389,1512,1591,82,92,938,1784,135
559327,6689.4,2907.024189785837,2999,4496,9764,8307,7168,4636,10510,7509,1719,9786
559063,3121.2,2363.4292796696923,1069,1132,9072,4324,1607,3669,4285,1459,1122,3473
857251,346.1,237.70504832670255,135,855,279,92,257,174,424,590,538,117
533131,8428.4,8149.915339437583,3983,2766,3838,12821,285,2263,153,17128,24457,16590
754729,1554.1,896.184964167554,736,3424,1225,2088,1207,2053,2499,277,1015,1017
926213,737.7,371.15281219465385,874,1175,436,567,678,796,315,711,1545,280
630089,3170.4,2179.38143517834,2911,3232,570,6689,7753,2550,1622,2532,1223,2622
892453,1886.9,1420.3803328686301,815,267,635,4803,3938,1761,528,1863,1862,2397
687133,1753.5,1495.3146993191767,5233,1303,222,928,2997,2723,2343,435,424,927
545359,7146.7,4654.294512598015,2477,17853,8105,2470,10060,2497,7261,3701,6110,10933
693853,1333.8,1080.8432633828088,65,3270,753,2131,699,1017,2574,196,313,2320
758603,909.3,669.3369928518817,1806,940,755,288,1145,1809,1790,366,167,27
723629,2167.4,2005.6698731346592,438,2068,406,229,4452,905,1900,6954,1627,2695
581387,1501.6,875.9438566483584,357,947,2060,830,2714,1474,1669,3037,1619,309
545221,2657.5,3234.828287560253,2101,4389,496,305,669,10647,5969,438,1229,332
637981,9213.2,5147.526994586819,5627,10138,3142,13282,19965,7256,1344,11939,11786,7653
994009,406.1,302.60550226326023,320,379,203,375,125,534,785,206,50,1084
680957,2744.6,1364.6258974532177,1252,2036,4071,1183,2947,1973,5699,2724,1702,3859
622579,2383.1,2014.4060886524344,805,1289,2026,1896,810,3750,3615,1660,456,7524
716843,2133.7,1311.3331422640092,3486,464,3180,2568,412,3124,325,3468,3227,1083
722471,2860.0,2364.712921265497,3612,6553,1294,2343,7886,1304,1959,12,1486,2151
684781,2088.2,1356.9986588055274,2473,3791,4963,1117,2192,396,1608,1835,360,2147
830903,1343.3,1288.5207060812022,1246,1019,2804,738,537,73,3618,94,103,3201
716113,4384.0,7945.468003837156,1255,28032,807,1052,3785,2697,2361,824,2498,529
881717,701.1,425.1746582288272,1047,361,617,938,1360,1373,419,293,472,131
617171,3493.6,1821.4237947276301,5764,1282,5692,5323,2385,4462,1919,5004,2046,1059
964993,187.1,158.6407576885587,107,184,92,282,105,75,199,108,93,626
720457,1967.0,1663.0278410177023,1486,1338,6257,1241,3360,787,2525,527,1702,447
598337,12322.8,10176.92451382047,27711,1444,12240,1816,7778,28245,4686,6436,25633,7239
569287,2446.7,1689.4794494162988,971,515,2105,77,5677,3489,4267,1699,3611,2056
896809,567.4,389.7846071870976,619,1102,107,141,818,567,846,204,1162,108
645109,4844.4,4839.302929141758,925,1866,4515,3085,3302,1731,4913,18257,2208,7642
735577,2853.1,2687.7125013661707,645,4072,6744,194,3173,8596,1222,1809,1387,689
840283,430.3,851.8555100485058,35,42,108,43,58,965,33,2853,119,47
779113,1285.5,1062.9267378328575,184,476,1092,317,2761,68,3136,1098,2441,1282
628027,3577.5,2676.00127989506,2539,2849,9930,962,5121,6110,3905,963,1669,1727
557933,6041.6,6973.509162537897,634,511,5349,14017,1213,6758,430,6659,23035,1810
577519,6578.9,6792.789050898018,7104,7401,593,15779,1160,641,22243,3931,2118,4819
620131,4912.5,5550.275258939866,2946,17391,3890,1141,14157,2248,3019,1670,661,2002
564721,1659.4,945.3487398838589,290,928,1983,3659,939,2195,808,1343,1947,2502
542957,6571.2,4594.904412498698,1963,8540,7016,4171,10552,211,5413,1102,13314,13430
526817,2121.2,2025.096728553972,3523,1166,2644,1517,7562,437,1765,799,587,1212
525689,8563.1,6414.936686359422,476,10205,14646,16166,3865,19383,2456,5278,11750,1406
667567,1989.9,1369.0136193624955,54,1831,2162,3412,887,1882,645,1642,2284,5100
733549,1680.8,1313.9819481256202,1752,179,1385,3780,2935,3260,68,222,2537,690
664333,7371.9,5555.561257874851,11994,7197,821,6527,4906,4994,2615,9577,21230,3858
568693,10653.5,5938.0908421815175,3926,9983,8990,6225,5490,7748,25290,16524,11475,10884
568511,5886.4,3428.4501221397404,3664,2224,10875,10789,10658,6197,3441,2172,3130,5714
858929,472.2,270.83973120648307,311,613,245,776,679,961,158,277,570,132
870293,289.9,239.5981844672451,213,153,294,833,660,259,128,166,88,105
934189,1024.5,651.2571304791986,201,2152,971,1818,1413,899,1358,300,99,1034
770893,334.9,231.39293420500118,112,319,228,376,679,127,263,125,843,277
639889,7729.7,7668.369697008614,2109,6147,4453,4558,5187,29405,2301,4171,7412,11554
573889,1915.8,1080.3704734950877,1926,372,2493,2907,598,652,3845,2017,1552,2796
596951,2281.2,3108.8202842879164,1935,245,594,5574,558,1692,262,344,1182,10426
694921,3817.3,3279.551983122085,508,6160,2909,2818,12165,3357,1114,5667,1651,1824
884581,477.6,235.24633897257573,500,359,273,518,684,705,969,171,325,272
945433,228.8,301.34359127082826,62,70,124,292,89,416,1062,38,30,105
590917,2282.6,2226.101623915674,3509,659,811,7635,3176,419,451,4124,573,1469
614039,6748.7,5426.6926953716475,9212,4990,20053,4008,316,1939,2923,7919,5162,10965
647123,2290.0,1037.3589542680008,1755,2512,1968,1576,3540,1064,4791,1905,2018,1771
821749,1635.2,1324.6976107776447,332,3645,784,1449,1752,2379,154,132,4091,1634
885337,390.8,255.89169584025194,44,502,749,582,105,378,545,216,61,726
581629,23023.0,9116.67319804763,23252,27349,13608,18214,42812,24738,30895,9367,15565,24430
546121,31260.6,34046.84849497821,109814,22203,26120,1274,76486,1648,13497,3235,42977,15352
926047,116.4,160.97030782103886,100,32,502,40,39,30,355,17,20,29
593609,7467.1,10687.820090645238,5188,1969,2388,1952,7756,2906,38471,3400,696,9945
608813,13002.5,10518.358714647451,13471,6603,12733,3995,17014,967,15418,3858,39915,16051
597203,27738.8,25281.04136620958,26771,7608,14762,30510,76493,4912,63893,1367,4338,46734
778997,442.3,236.81302751326837,462,369,318,513,285,87,1055,518,416,400
949181,290.9,279.8265355537248,180,297,333,1016,49,228,98,55,533,120
737881,12020.5,14880.714561135832,424,2133,41898,40532,7651,7063,5908,4087,726,9783
527707,4237.2,3120.996052544764,2318,5100,2945,1321,2474,2919,1011,11947,5599,6738
597529,3276.2,2386.383364005038,1656,1440,2856,1907,4282,7056,147,5760,911,6747
736163,9046.4,8672.566243044788,5897,6998,11313,2680,2413,6834,31717,219,6596,15797
699893,3402.6,2798.066982757918,1948,5999,424,4846,5469,3283,9241,1994,76,746
611861,4743.1,4518.3844336222655,723,3421,12466,10669,8700,1723,892,293,295,8249
622309,1504.3,1046.0991396612465,1794,1233,2755,3908,319,1349,805,335,1432,1113
545803,14293.6,12489.57958619905,2819,22478,9106,1322,7704,43623,18144,1369,13172,23199
562451,22121.6,17488.305322128843,10328,17963,62734,42404,13788,15272,6588,4777,33113,14249
625873,5614.9,3886.2610939050405,2241,10330,11196,11879,2115,6486,2296,2159,5121,2326
793097,1211.9,1119.475721040881,3515,1455,117,2745,183,1904,205,901,338,756
527531,7463.9,3010.9215682245863,6084,3985,8109,10890,2809,10483,5903,7181,6274,12921
748747,1799.4,1552.2521186972172,354,204,801,121,3043,4841,3117,3164,1659,690
730349,1666.6,1110.1332532628685,891,502,2161,1017,517,1433,2552,4149,894,2550
884893,1734.4,1356.3330122060734,3628,781,1674,2619,4561,797,603,1322,1214,145
534449,5385.5,3778.5266506933626,4278,4023,4177,5282,6178,1849,7543,2867,2107,15551
604763,16837.7,11619.073311155238,7241,520,24065,4318,25480,6952,39383,15554,26776,18088
790037,717.4,798.1325955002715,108,94,105,687,88,1891,2222,1540,109,330
902491,292.9,248.3245658407561,111,325,124,95,115,228,523,911,390,107
600349,2080.4,2100.578501270543,5714,3583,5229,633,436,279,641,428,219,3642
614069,10696.7,6846.801838084698,3055,17860,20790,4875,17064,5194,17536,456,10230,9907
690227,2414.0,2654.944481528757,2912,1137,2110,1495,3334,299,1129,1167,656,9901
550019,11935.0,12664.687607675129,29816,10440,3048,10593,4201,3133,5478,6971,3342,42328
679841,4139.9,5634.744421000832,572,3482,166,895,2626,3269,1442,20120,1946,6881
626257,3213.7,2502.6998241898687,3304,2993,7651,2166,1525,8108,3192,1409,1591,198
612893,2421.5,2403.608089934796,358,3864,1607,3372,677,1385,1615,1370,8912,1055
567191,14831.8,11952.715522424183,3023,23568,20192,16297,2592,23778,2587,40864,4311,11106
536539,7228.4,6503.492587833094,2769,6630,9993,836,1384,5237,20555,5690,17498,1692
1030189,1.1,0.3,1,1,1,1,1,1,2,1,1,1
764567,1733.8,1407.2008243317653,625,801,3414,2179,1402,509,1471,510,1326,5101
657367,4437.8,3464.4723350028357,7645,6976,1621,1577,3440,1876,9127,10143,193,1780
614473,2049.7,1256.0320895582247,436,1288,2998,2481,2453,686,4691,2790,2024,650
573431,15977.5,25262.60228578996,13146,90794,189,5019,3374,13745,11069,8728,7169,6542
571457,7551.7,6958.045574009989,3103,9132,1178,1685,7602,5878,6026,807,16616,23490
732031,1313.9,856.1235249658778,202,1575,445,2593,1847,1823,827,456,726,2645
540767,3381.7,2871.5394843184727,2892,2899,10280,3932,579,539,1144,6622,3162,1768
592913,2594.3,2099.219571650379,7867,2317,1085,1149,1436,1012,2460,4568,3331,718
542863,8308.3,8939.851565322548,386,6200,8164,462,5730,732,12876,1406,29581,17546
565861,2375.3,1675.9045348706472,3729,2242,5558,804,361,3567,1523,698,1138,4133
867989,2430.1,1623.152207896721,626,913,2373,4019,2707,3699,3987,4998,377,602
821539,117.6,106.26683396055421,54,64,54,68,56,68,402,122,70,218
644251,2470.5,2123.6392937596534,7396,1347,3704,1150,2499,107,1782,812,1079,4829
680621,4406.9,2378.061119904196,5017,6569,5138,2787,1637,3503,5892,9511,1801,2214
787583,3168.8,2897.900681527923,138,2801,909,1220,9291,3592,2093,2569,7916,1159
836461,5.0,3.3763886032268267,3,10,3,3,5,3,3,13,4,3
553913,5490.8,4832.129940305827,14158,5153,748,1548,2675,570,993,7784,12827,8452
661429,5090.3,5891.0281454089145,5508,3338,2884,5109,381,7927,2619,657,1059,21421
586199,7764.2,7142.3202364497765,2930,11108,1141,22103,17516,512,3476,2105,4684,12067
925219,1254.7,1319.5273434074795,1651,1022,2121,4746,261,218,710,196,371,1251
612701,9530.6,11320.148428355524,4372,4276,6997,908,21337,2410,9025,2125,39160,4696
715427,1618.4,1375.994345918616,5300,290,550,1574,1336,197,1253,1960,1896,1828
758033,6057.2,4856.959168039196,11519,8188,2419,8882,987,3564,6535,16048,2067,363
584189,7910.2,8625.755535603823,4454,8267,32970,4820,3402,7081,143,5495,5331,7139
794609,671.0,687.3792257553323,447,238,717,2521,46,440,44,1102,472,683
749977,1242.4,1117.0873018703596,896,700,598,395,1280,740,585,4268,782,2180
584251,5085.4,4411.1804361191125,1067,3998,4437,5661,6030,16954,140,5334,5336,1897
574999,8403.2,7679.978656220342,19091,11801,1695,544,19252,18881,591,1555,6483,4139
627047,13183.6,13414.803205414533,45097,6669,6507,1787,20330,28755,972,5219,6079,10421
811579,2113.0,1721.8145660900886,1635,190,3194,142,2221,3892,1977,278,5851,1750
634801,3690.8,2007.39676197806,4353,3508,426,3937,3919,5661,7714,982,3970,2438
771383,1466.2,1317.9603787671313,1925,605,1249,582,1966,5050,528,658,495,1604
717569,2736.2,3243.241458787797,11633,1953,655,3136,428,2340,1884,720,39,4574
813611,671.1,598.2222747440954,485,541,77,2126,491,1165,73,941,82,730
560267,5706.5,6285.485108565606,3830,13285,1668,761,14367,2186,541,2392,463,17572
710387,1420.7,1098.0172175334958,1705,200,220,545,4225,1391,2023,1251,1351,1296
868141,3775.0,2797.910792001775,787,4252,6516,1015,8246,1257,7711,3424,4211,331
526567,4408.7,4959.008087309397,1190,6684,688,865,1497,2934,11598,385,15487,2759
866023,3853.4,3732.2901334167473,5244,135,4602,12435,8400,2594,1926,885,1206,1107
575293,2208.5,2352.101454019363,702,2516,783,1186,1974,1390,1155,8757,3368,254
640817,4706.9,3589.458606809668,8526,10428,2198,615,2163,1277,782,9434,5752,5894
573049,27159.3,22021.356248196887,54555,4380,72110,42895,31229,4517,16612,12437,27019,5839
775459,1057.6,704.7042216419594,1888,448,1008,1997,134,395,760,2000,1580,366
779957,830.5,834.7157899548804,247,2392,387,1046,2448,33,536,394,590,232
602573,4437.5,3390.638944210958,2415,4150,2163,10932,2948,352,3033,10576,5370,2436
829921,1741.3,1830.5595346778537,301,241,1678,2369,607,449,2268,185,2908,6407
683029,3096.8,3095.9538691653656,10790,595,4919,2946,1737,554,362,2915,5445,705
753041,804.5,879.9560500388642,96,734,263,1631,3118,437,415,436,108,807
628181,2199.4,1524.994767204137,1388,2161,496,1191,2963,129,1091,4856,3931,3788
688819,6807.1,3929.2183815614017,11521,11125,4911,2992,605,10441,11659,6651,2456,5710
637253,2894.2,1851.8574891173457,2127,1988,1445,765,1521,5350,1080,6196,3713,4757
569147,23134.8,21758.476076232913,28007,39497,20903,853,31345,76924,3074,16076,3517,11152
688927,4103.8,2461.524722605889,4382,6595,3855,1882,2550,6497,2761,690,2660,9166
565853,4014.8,3059.660399456123,3102,4287,1438,11509,712,3860,1165,3176,3713,7186
755927,1244.4,961.7363672025717,81,1043,1640,186,447,1662,1175,2053,3442,715
547511,7262.2,5118.253409123077,570,8424,3217,4763,1645,2982,15840,9162,12790,13229
550619,3043.7,2005.6927506475163,2782,316,5625,1537,2069,2968,7279,3669,933,3259
572839,1954.2,1685.9543766069116,5486,2288,2412,238,543,1482,294,569,1870,4360
533161,10013.5,6442.072465441536,4860,22731,3251,9456,7175,12564,5999,11577,19759,2763
590299,726.5,624.12727067482,64,1675,769,590,512,2120,154,533,436,412
803527,612.9,792.9649992275826,205,51,76,176,1727,2279,35,71,1321,188
966887,137.5,72.65569489035254,112,243,81,308,120,140,91,110,84,86
553387,6131.7,7125.884535269989,1189,1582,3774,13073,3034,4476,811,7880,967,24531
660587,1266.4,933.8702479466834,331,429,2719,3288,544,865,942,881,1368,1297
749687,1494.3,967.889874934127,2614,295,2481,1926,456,233,1499,2994,748,1697
894479,1888.7,1453.7606439851095,297,757,1978,425,1553,1977,3451,1689,1365,5395
609031,4690.1,3301.139695620287,2097,3012,3788,9757,416,4400,10881,6060,5505,985
559697,2099.9,1787.270346086456,4172,778,473,1000,3391,189,5903,950,1386,2757
718481,4544.8,5688.823337035525,3866,430,1273,20996,2572,651,3604,5121,4539,2396
834089,2878.2,2199.061427063828,159,7418,3729,3614,118,4254,1819,4654,628,2389
1034273,16.3,7.707788269017255,21,10,21,33,13,12,12,13,5,23
543577,8113.4,5762.75467463261,17450,12673,1623,9016,10940,2711,525,9507,14840,1849
834443,9.1,3.9610604640676716,5,12,14,8,15,13,7,4,4,9
856423,1518.6,1101.411839413396,311,3096,1756,2888,2218,1373,177,424,301,2642
736783,1685.4,886.4746132856823,2367,1375,1850,3437,437,1787,1457,818,2619,707
576923,1785.1,1168.9813043842917,1953,714,577,295,3038,2482,785,1162,3379,3466
705917,5673.4,4596.55001495687,6419,17234,2675,3681,1417,1507,9379,2353,7381,4688
804173,563.2,652.1499520815746,59,933,1874,1294,20,35,42,71,149,1155
589117,2872.5,3256.4419924205617,482,838,906,2899,751,3446,8698,644,599,9462
606191,2347.1,1558.4445097596513,304,626,5298,3465,1369,3354,1179,1075,3298,3503
654461,1178.2,979.1434828461046,3092,488,673,2488,490,104,871,1797,113,1666
877969,5387.6,5285.100911051746,182,10936,7239,2901,1951,371,1910,1440,10607,16339
694931,8135.8,6403.075367352785,10844,427,1343,3999,12848,18913,17316,9779,3557,2332
718217,2605.8,2082.29478220544,7514,3951,2630,4042,644,2650,237,2504,1387,499
783451,845.0,1131.9694342163132,454,380,191,1090,207,3609,2301,60,91,67
825497,1329.7,1914.1315550400398,260,296,102,161,389,142,6099,3785,1422,641
679181,3403.6,2836.6419301702495,1164,69,543,2542,643,2967,6824,5026,8788,5470
553247,12586.7,13581.87385488468,2862,9186,5129,48981,17683,16871,393,1257,7533,15972
526787,30827.6,18759.086508676268,15572,7088,50887,17920,7111,58181,54928,33389,42880,20320
544189,21865.2,21931.25370242203,60945,11147,1475,23368,8396,7844,66492,14292,3934,20759
838241,537.8,1446.6111986294036,31,74,169,44,38,36,42,35,4876,33
663133,1438.7,1102.4863763330593,1158,1366,2631,820,1766,1229,604,4087,150,576
606409,9288.5,9614.891452845424,7648,9273,601,3751,36936,10701,6786,4171,7331,5687
938299,71.4,92.73100883738945,42,43,36,40,31,35,37,349,49,52
596437,3376.0,2613.6245330957545,3917,622,5811,1059,8145,1487,1507,7205,2675,1332
684107,3872.9,2802.0427709083956,8356,7526,1160,693,801,5199,534,3521,5600,5339
591361,1521.0,830.8770065418828,2386,2103,1003,2193,318,738,352,1314,2597,2206
623377,6869.5,6388.783049219937,4878,5003,2885,12547,4410,5251,760,811,8989,23161
616183,4918.5,3209.0263398732022,944,4023,3879,802,7868,7190,6962,834,10600,6083
668197,2724.1,1764.526477557081,5752,3116,4681,1241,2314,993,2469,110,1686,4879
807791,1969.4,1380.6137910364362,1232,660,3269,4170,135,1536,4312,945,1882,1553
708079,2671.9,2465.232786168479,8540,160,3943,2344,4692,3199,286,150,1791,1614
532937,4035.7,3228.429712724129,4036,8724,249,770,2786,9839,1154,3769,7081,1949
570007,1943.3,1457.9804559732615,561,214,2198,3232,1293,587,866,2798,2564,5120
528529,82962.3,62432.84814750966,156347,49765,89015,16170,8133,215681,116927,94182,48605,34798
576761,5546.0,3361.643199389251,7669,2002,7210,2956,9466,5043,12494,2002,3308,3310
547279,8273.7,5416.520359972812,8433,6763,7532,4846,2165,8894,20981,11300,467,11356
552533,6889.4,6009.036315416974,6574,12249,2560,2180,5915,6823,479,3825,22349,5940
721421,2792.1,1970.8897204054822,3457,4723,1740,1715,283,6014,1437,1325,1334,5893
613927,2314.9,1546.3356977060316,1483,1787,2027,723,587,776,4558,3654,2386,5168
681013,1385.1,1744.5847328232583,919,577,93,419,918,5349,955,102,301,4218
744769,4394.8,4706.590885131191,1683,2667,1168,16271,2586,7054,948,8686,533,2352
580511,9588.8,5642.788154804325,11768,6098,4960,1979,4822,21296,6864,15489,8639,13973
961577,234.4,100.08116705954222,337,313,194,145,404,336,214,88,176,137
590221,11473.3,9978.385581345312,531,6514,6529,34277,24674,10233,7298,15372,6299,3006
595591,8531.0,5240.841401912483,14062,9962,420,11158,5674,4875,13797,6225,2065,17072
620497,3544.1,2845.769648091707,1599,371,3744,2054,11179,3069,3182,2093,2742,5408
648749,4399.5,2876.96810027501,6051,7920,1625,6406,6198,7608,1007,467,5930,783
601229,2805.9,2273.586481750804,7893,3488,4230,155,803,3086,373,645,3835,3551
586969,6286.4,4014.1107408739986,5851,1625,9901,3389,1189,3529,6043,13126,5832,12379
610177,4125.4,3342.169451120036,6246,2560,5107,1185,4863,1296,3272,3693,423,12609
698897,2799.2,2875.508539371775,192,1529,752,3403,2516,10210,4819,185,3432,954
838499,2126.6,1632.3881401186422,126,1956,323,1197,3140,1147,4545,4456,3805,571
659369,3210.4,1701.4953540929814,2524,6207,4486,4399,1863,504,2888,935,4521,3777
774443,1039.7,1059.6805226104707,1265,174,1040,488,623,337,107,3909,1604,850
771041,2257.4,2278.2200157140223,1471,4741,505,2501,7933,375,334,2019,708,1987
739589,2421.5,1881.3425126754564,3450,2590,941,418,3206,1028,6529,4206,1631,216
818449,565.5,487.40522155594516,1676,78,87,456,581,151,916,125,982,603
1009829,73.9,13.538463723776047,57,80,69,85,80,88,63,57,62,98
871921,2282.4,2281.943566348651,2217,8206,830,1046,721,859,363,1265,4089,3228
723889,1152.5,797.6959633845466,1127,87,536,396,1583,1407,2415,801,604,2569
668431,2424.2,1539.6464399335323,4350,3593,1472,4043,629,771,2210,1684,702,4788
674969,3647.0,4096.1997021629695,727,3612,189,839,2357,730,10249,1770,3294,12703
559619,20084.6,15557.259387179993,51553,29920,27733,856,4154,11444,38412,7291,11584,17899
562087,12237.0,10097.867755125337,12227,22550,24654,1094,29419,8031,483,17003,1595,5314
594259,2398.6,1357.2667534423733,3154,1403,3861,4766,366,2405,1131,3677,2114,1109
837289,2540.7,2195.8395683655945,3086,3268,2801,1578,67,4282,7817,1004,1320,184
597851,5216.2,4401.296895234404,7963,8118,739,4164,1150,13581,861,1248,10894,3444
580597,24703.5,11923.98287695852,26089,27583,47849,11101,11835,34413,19853,13340,16022,38950
656503,1853.3,1268.615469714917,1756,886,976,1031,4259,915,4357,1742,1028,1583
691783,14874.0,9578.637074239738,26283,3440,17391,13822,4181,12798,15705,36202,12313,6605
938477,262.7,164.29001795605234,207,169,72,563,331,523,87,343,127,205
768283,1318.5,1071.3642937861985,969,137,390,1211,1102,720,457,3847,1982,2370
667453,7663.7,6193.362141034545,7242,5994,21378,3859,1583,16911,8027,2313,6765,2565
617581,1638.6,1372.174784785087,1206,3954,3555,182,3391,152,1191,388,1299,1068
716957,1143.1,924.0868411572583,216,915,824,288,1753,620,1609,840,3539,827
818627,689.8,864.7323053986129,134,111,104,779,123,130,1850,816,121,2730
597953,1224.8,783.1910111843725,2733,1308,1290,458,288,1181,942,224,1491,2333
