9298343,78051.0,59071.0,137122,18980
9789041,20959.5,3272.5,24232,17687
9137351,30540.5,7812.5,22728,38353
12056423,4665.5,4192.5,8858,473
9443771,150310.0,149434.0,876,299744
9035743,99430.5,88996.5,188427,10434
9378167,132590.0,107619.0,240209,24971
12130423,19857.0,13202.0,33059,6655
12922751,143698.5,79924.5,63774,223623
13676213,58842.0,36078.0,22764,94920
8850397,451278.0,22100.0,473378,429178
13025633,7354.5,7136.5,14491,218
15727931,5743.0,4241.0,9984,1502
12427271,39877.0,2591.0,42468,37286
10634839,83738.5,73018.5,156757,10720
15558073,11386.0,325.0,11061,11711
12258013,39981.0,25412.0,14569,65393
11887859,54401.0,9306.0,45095,63707
9497437,118425.5,93180.5,25245,211606
9354413,199313.5,128837.5,328151,70476
12504511,58724.5,38932.5,19792,97657
14123911,7286.0,188.0,7098,7474
11300837,22513.0,6698.0,29211,15815
8562959,195289.0,64941.0,130348,260230
12858463,60381.0,23972.0,36409,84353
9148859,32555.0,22691.0,9864,55246
10314533,56148.0,54470.0,1678,110618
8415131,155492.5,108953.5,46539,264446
9097801,272962.0,216620.0,489582,56342
8738927,195439.0,12976.0,208415,182463
15688469,7094.0,3479.0,3615,10573
13138459,51428.5,45501.5,5927,96930
15319387,5563.5,5409.5,154,10973
10720051,30142.5,16724.5,13418,46867
11830877,94487.5,54388.5,40099,148876
11476117,12612.0,6605.0,6007,19217
9669089,74929.5,6607.5,81537,68322
8501699,44271.5,8706.5,35565,52978
12192811,61747.5,37029.5,98777,24718
8538041,297353.5,198654.5,496008,98699
9376379,104704.0,99594.0,204298,5110
9490961,47882.5,21460.5,69343,26422
9357107,81034.0,28931.0,109965,52103
9441251,148998.0,90885.0,239883,58113
8844247,63595.0,51773.0,115368,11822
8796551,38632.0,23855.0,62487,14777
9073717,210452.5,173044.5,383497,37408
15705727,1945.0,1136.0,809,3081
12441691,23075.0,10711.0,33786,12364
8642573,140672.0,73238.0,67434,213910
11608279,37954.0,13265.0,24689,51219
10302251,34277.0,30287.0,3990,64564
9486371,129119.0,18250.0,110869,147369
10245167,353123.0,336755.0,16368,689878
11447231,160701.5,73408.5,87293,234110
12103463,47906.5,23982.5,23924,71889
9417151,20634.0,20254.0,380,40888
11461903,100579.5,71366.5,29213,171946
10236631,118959.0,61697.0,57262,180656
10349089,87542.0,14957.0,72585,102499
11366261,71886.0,64235.0,7651,136121
12765353,43067.5,29201.5,13866,72269
13075633,61040.5,40379.5,20661,101420
8426359,250772.0,203637.0,454409,47135
9356117,84675.5,17362.5,67313,102038
12457339,92489.0,37438.0,129927,55051
12733543,130673.0,8202.0,138875,122471
12790573,49614.5,31558.5,81173,18056
11358253,75406.0,51476.0,126882,23930
14453249,9403.5,981.5,10385,8422
12473627,43395.5,23396.5,19999,66792
13220017,10536.0,9606.0,20142,930
11600233,25592.5,1766.5,27359,23826
9436561,194501.0,17616.0,212117,176885
8455999,84842.5,529.5,84313,85372
9394247,53252.5,51607.5,104860,1645
15489619,16513.5,7528.5,8985,24042
9142607,167534.5,3984.5,163550,171519
9690229,39819.0,2949.0,42768,36870
15509911,9172.0,7064.0,16236,2108
11772493,183248.0,147652.0,35596,330900
8732021,206030.0,165947.0,40083,371977
8972239,186023.0,105863.0,80160,291886
8910037,191827.0,158064.0,33763,349891
9633053,222177.5,21175.5,201002,243353
11550199,44658.5,43710.5,88369,948
10134841,114822.0,22853.0,91969,137675
14074903,13773.0,9430.0,23203,4343
11128867,74538.0,55579.0,18959,130117
11938349,45886.5,8943.5,54830,36943
11181757,41635.0,2691.0,38944,44326
10727753,52096.5,45137.5,6959,97234
11820637,118529.5,17882.5,100647,136412
9514369,107584.5,97674.5,205259,9910
8964997,98529.5,46458.5,52071,144988
11635913,33162.0,16206.0,49368,16956
11125321,64422.5,8803.5,73226,55619
9134929,251861.0,157017.0,94844,408878
11986477,1771.0,149.0,1622,1920
9826259,185443.5,48477.5,136966,233921
8937499,213333.0,61657.0,151676,274990
8395711,88507.5,20252.5,68255,108760
10044319,191647.0,190531.0,382178,1116
10265327,122591.5,26128.5,148720,96463
13551001,13001.0,9867.0,22868,3134
11395379,16737.5,16116.5,621,32854
11208013,10915.5,2787.5,8128,13703
8498851,245525.0,5152.0,250677,240373
11628091,37963.5,32274.5,5689,70238
9764891,108546.5,88913.5,19633,197460
14317153,41414.5,29662.5,71077,11752
9538189,110367.0,51262.0,59105,161629
9203531,79690.5,50885.5,130576,28805
8755039,210804.0,142072.0,68732,352876
13089511,13210.0,59.0,13269,13151
9667579,246745.5,162196.5,408942,84549
8566993,102909.0,78075.0,24834,180984
11422871,13409.5,10643.5,2766,24053
8436773,76114.0,69670.0,145784,6444
11556751,41576.5,31574.5,10002,73151
9941831,12487.5,10138.5,22626,2349
12981209,27680.0,16448.0,44128,11232
10263769,27972.5,10896.5,17076,38869
11440379,31341.5,10540.5,41882,20801
8998133,82902.5,42819.5,40083,125722
11120237,35250.5,12907.5,22343,48158
9902639,51580.0,47435.0,4145,99015
10695197,63017.0,31113.0,31904,94130
10084259,322681.0,200615.0,122066,523296
9032561,375691.5,60854.5,436546,314837
10883063,23601.0,1059.0,24660,22542
14914819,11064.0,2868.0,13932,8196
10807117,110312.5,17451.5,127764,92861
13052849,43462.0,3112.0,40350,46574
13134133,15901.5,6237.5,22139,9664
12783581,76208.0,12969.0,89177,63239
11833429,92836.0,76807.0,16029,169643
12418031,57223.0,41467.0,15756,98690
11869163,124101.5,115598.5,8503,239700
13879363,27815.5,1519.5,29335,26296
10408921,18181.5,3284.5,14897,21466
9292531,60958.0,53057.0,114015,7901
11978899,75230.5,22155.5,97386,53075
10645093,73279.5,58377.5,131657,14902
8624659,21363.5,20069.5,1294,41433
13900693,28571.5,1231.5,29803,27340
8411989,200469.0,167354.0,367823,33115
13502807,6866.5,1590.5,8457,5276
11383103,20145.5,2811.5,22957,17334
9807697,325570.5,154195.5,479766,171375
8443859,99356.5,61288.5,160645,38068
8588101,71475.0,18877.0,52598,90352
8865247,45517.5,6287.5,51805,39230
9905393,63675.0,12992.0,76667,50683
13550051,81260.5,35761.5,45499,117022
12387307,28956.0,19595.0,48551,9361
10645147,95448.5,85053.5,10395,180502
8890663,210852.0,177880.0,388732,32972
11499377,31969.0,12768.0,19201,44737
10731647,31894.5,30079.5,1815,61974
10218157,96754.0,16095.0,80659,112849
10910833,8274.5,8067.5,16342,207
8570423,240960.5,164119.5,76841,405080
8757293,22060.0,21039.0,43099,1021
11677849,66748.5,46595.5,113344,20153
11670479,41896.5,38027.5,79924,3869
14000009,81986.5,64100.5,146087,17886
14884139,4180.0,558.0,4738,3622
10412723,145314.5,16380.5,161695,128934
13080679,38667.5,34388.5,4279,73056
12275777,12560.0,689.0,13249,11871
15025159,3686.5,1086.5,2600,4773
8492279,337219.0,166112.0,171107,503331
9288943,59925.5,22885.5,37040,82811
11235823,20075.5,2701.5,17374,22777
15655733,4577.0,2321.0,6898,2256
11952977,155466.5,92894.5,248361,62572
10198387,50880.5,4419.5,55300,46461
10411337,145509.5,3212.5,148722,142297
8946439,150188.5,15730.5,134458,165919
9828989,125576.0,88749.0,214325,36827
9775873,45660.0,37553.0,8107,83213
9830963,283109.0,110312.0,393421,172797
13833173,34708.5,10367.5,45076,24341
10642157,86550.0,11606.0,98156,74944
13480559,44333.0,12676.0,31657,57009
12124573,62585.0,13154.0,75739,49431
11356511,82923.0,65688.0,148611,17235
9094231,76118.5,2974.5,73144,79093
10385633,37036.0,18873.0,55909,18163
13385909,5838.0,285.0,5553,6123
9560423,75598.0,12051.0,87649,63547
12701219,38127.5,10580.5,48708,27547
13502119,24730.5,16418.5,8312,41149
10532323,27385.0,25966.0,53351,1419
12871459,51025.5,13127.5,37898,64153
15414541,18292.0,10037.0,28329,8255
11308379,11965.5,6019.5,5946,17985
11524763,203117.0,20615.0,182502,223732
16392637,5304.5,5175.5,129,10480
11490251,47647.5,6263.5,41384,53911
10438577,129334.5,4360.5,133695,124974
10680941,163304.0,108735.0,272039,54569
11222611,128077.5,91976.5,36101,220054
9301961,23696.5,5201.5,28898,18495
14331587,44533.0,25233.0,19300,69766
8429843,54114.5,16635.5,70750,37479
9226967,50234.0,7704.0,57938,42530
8818609,218846.0,91159.0,310005,127687
9709831,107674.0,90750.0,16924,198424
10263833,252755.5,27029.5,225726,279785
9334211,94329.5,59001.5,153331,35328
12943211,45403.5,40329.5,5074,85733
9328673,440483.0,406719.0,847202,33764
13682597,16527.0,3677.0,12850,20204
10295917,75173.0,14187.0,60986,89360
9551273,87157.5,66654.5,20503,153812
11924639,63732.0,20424.0,43308,84156
8528053,409431.0,176120.0,585551,233311
9381293,102391.5,15577.5,86814,117969
11978521,60997.0,8126.0,52871,69123
13211461,40771.5,35258.5,5513,76030
12527303,45717.5,23944.5,69662,21773
16007723,10298.0,3402.0,13700,6896
10306937,80481.5,119.5,80601,80362
10920109,149442.0,101074.0,48368,250516
14037577,31233.5,13981.5,17252,45215
9821813,529588.5,421992.5,951581,107596
9022927,277138.0,198751.0,78387,475889
9515131,134185.0,93958.0,228143,40227
8702927,89756.5,80540.5,170297,9216
10401827,19774.5,16367.5,36142,3407
8444143,44913.5,7059.5,37854,51973
12573023,7737.5,3869.5,11607,3868
9529379,56595.0,51450.0,108045,5145
9203837,209280.5,163055.5,46225,372336
8500031,73799.5,33264.5,40535,107064
13452097,127562.5,110590.5,16972,238153
8778073,414014.5,6635.5,420650,407379
9327943,62889.5,59214.5,122104,3675
10158539,140380.5,115260.5,255641,25120
9218057,416012.5,59034.5,356978,475047
10854967,100862.5,2780.5,103643,98082
12246107,12635.5,5356.5,17992,7279
13447061,8294.5,7349.5,945,15644
9300953,64387.5,6747.5,71135,57640
10917197,220840.5,142193.5,78647,363034
11101091,20762.0,1313.0,22075,19449
9904759,83668.5,21707.5,61961,105376
12714661,137279.0,114155.0,23124,251434
8692699,83925.0,41115.0,125040,42810
9707249,149944.5,86897.5,63047,236842
11268029,31755.5,2532.5,34288,29223
12028579,220132.0,129906.0,350038,90226
8591159,115618.5,60885.5,54733,176504
9404429,263659.0,81716.0,181943,345375
8771299,263384.0,234313.0,29071,497697
14188873,3206.0,404.0,2802,3610
8918711,59227.0,22166.0,81393,37061
11257219,100740.5,71924.5,172665,28816
8741221,305662.0,50810.0,254852,356472
12559927,24970.5,15303.5,40274,9667
9211967,84940.5,32153.5,117094,52787
11900719,107428.0,26672.0,134100,80756
9842381,20079.0,377.0,20456,19702
10405457,91972.0,34072.0,126044,57900
8625679,147369.5,6537.5,140832,153907
14783117,38105.0,19826.0,57931,18279
10309699,155799.0,26130.0,129669,181929
11626579,115195.0,65045.0,50150,180240
13618711,15075.5,7278.5,22354,7797
11746759,23993.0,19676.0,43669,4317
10473601,96890.0,13662.0,110552,83228
10655717,105168.5,62739.5,167908,42429
9179117,274994.5,230250.5,44744,505245
10132231,137317.0,53935.0,191252,83382
11771437,61883.5,33362.5,28521,95246
15290519,13881.5,11946.5,1935,25828
11529697,83076.5,76234.5,6842,159311
12981509,7301.5,3227.5,10529,4074
14954099,28996.5,17472.5,46469,11524
9503891,147793.0,102962.0,250755,44831
10412783,48067.5,30710.5,78778,17357
9428737,443698.0,205825.0,237873,649523
9303389,44095.0,27943.0,72038,16152
12936379,46509.5,35174.5,11335,81684
12392603,3317.0,3264.0,6581,53
9051551,111259.0,31686.0,142945,79573
11908037,18698.0,6036.0,24734,12662
10013173,17617.5,6154.5,23772,11463
10268267,39028.5,10281.5,28747,49310
16377533,6613.0,2376.0,8989,4237
10711381,334653.5,51539.5,283114,386193
11743873,79846.5,79790.5,56,159637
9154609,255386.5,33835.5,221551,289222
13695779,16992.0,4851.0,21843,12141
8813197,121076.0,113809.0,7267,234885
9535567,102012.0,61327.0,40685,163339
13913663,12393.0,7578.0,19971,4815
11087939,34540.5,14873.5,49414,19667
12337553,102309.5,73951.5,176261,28358
9129451,482891.0,387002.0,95889,869893
8774867,45774.5,37607.5,83382,8167
13683779,53036.0,29172.0,82208,23864
11015327,45860.0,25780.0,20080,71640
12356767,75726.0,73863.0,149589,1863
8617123,53338.0,32199.0,85537,21139
12540343,16386.0,8679.0,25065,7707
13897861,34187.5,3189.5,30998,37377
10729967,105749.5,74180.5,179930,31569
10008619,144376.5,51855.5,196232,92521
12142987,12051.0,6510.0,5541,18561
12298889,93559.5,13771.5,79788,107331
13249591,108830.0,30050.0,78780,138880
9423467,133221.0,105236.0,27985,238457
11269927,97181.0,82425.0,14756,179606
13319821,16869.5,2078.5,14791,18948
8526113,217629.5,22234.5,195395,239864
13684589,56381.0,16105.0,40276,72486
8574131,201276.5,188748.5,12528,390025
8871011,27737.5,5728.5,22009,33466
10440061,104975.5,19177.5,85798,124153
13502261,73801.0,42037.0,31764,115838
11943793,93752.0,22124.0,71628,115876
8854429,151461.0,89616.0,61845,241077
13372757,55314.0,18289.0,37025,73603
11929969,45859.0,33518.0,12341,79377
9135739,135466.0,103005.0,238471,32461
11691577,97811.0,44678.0,142489,53133
9783931,122319.5,118560.5,3759,240880
9732133,204667.5,146943.5,351611,57724
13567163,30984.0,9479.0,21505,40463
10570291,15022.5,10848.5,25871,4174
12419987,84506.0,8735.0,75771,93241
14202703,13879.5,7972.5,5907,21852
8448301,27466.0,25722.0,53188,1744
10965961,48282.0,10155.0,58437,38127
13833403,45267.5,7529.5,52797,37738
12439403,38356.0,21120.0,17236,59476
10415303,25678.0,13946.0,39624,11732
9097541,32494.5,10516.5,21978,43011
10735561,33861.5,30574.5,3287,64436
9290821,428741.5,175404.5,604146,253337
12262483,20368.0,18098.0,2270,38466
8657393,86684.5,52050.5,34634,138735
10944053,30962.0,17407.0,13555,48369
11214803,114212.0,31594.0,145806,82618
12965437,46489.0,38200.0,84689,8289
10127389,146797.5,24154.5,170952,122643
8742557,201700.0,53140.0,254840,148560
11304289,126011.0,11005.0,137016,115006
8767013,273152.5,75739.5,197413,348892
13106897,109575.5,105179.5,214755,4396
8438389,21014.5,12596.5,33611,8418
8556539,332233.0,273992.0,58241,606225
10768033,98991.5,64553.5,34438,163545
12215771,137042.5,73877.5,210920,63165
14691311,11122.5,5664.5,16787,5458
11097433,133869.0,83835.0,217704,50034
13751921,30338.5,22764.5,7574,53103
9492557,7845.5,1592.5,9438,6253
11253227,18128.5,9875.5,8253,28004
13736941,19024.5,1453.5,17571,20478
8887603,166480.0,130609.0,297089,35871
13736039,10247.0,3765.0,14012,6482
13018147,58920.0,14456.0,44464,73376
12800563,39483.5,6941.5,46425,32542
11680741,93009.0,12444.0,80565,105453
9395297,19440.5,2019.5,21460,17421
9328349,148857.5,89580.5,238438,59277
10067063,112850.5,28192.5,141043,84658
9283511,290150.5,193962.5,484113,96188
9089351,169098.5,61168.5,107930,230267
9457417,109801.5,102708.5,212510,7093
11843341,203336.0,147763.0,351099,55573
15916379,1388.0,976.0,412,2364
13351187,15541.0,6375.0,21916,9166
10993261,66393.0,28143.0,38250,94536
9282499,314055.5,156569.5,157486,470625
15600979,3943.5,268.5,4212,3675
8483413,148281.5,112140.5,260422,36141
11076301,44185.5,5694.5,38491,49880
11100521,5563.0,4960.0,10523,603
14639659,975.0,708.0,267,1683
12288541,37985.5,587.5,38573,37398
16474457,1567.5,1250.5,317,2818
15180937,2417.5,264.5,2153,2682
8430973,185944.5,34294.5,220239,151650
9880099,267765.5,42621.5,225144,310387
9060019,44011.0,19368.0,24643,63379
11956163,16605.0,2904.0,13701,19509
10783109,19419.5,2832.5,22252,16587
12884239,36039.0,31919.0,67958,4120
10911347,51708.0,25216.0,76924,26492
9418411,77232.0,20410.0,97642,56822
8737109,73485.0,4830.0,78315,68655
13900597,3242.0,2329.0,5571,913
12552557,10400.0,9005.0,19405,1395
12258787,85283.5,36507.5,121791,48776
12298733,21126.0,6278.0,27404,14848
10516001,135790.5,20148.5,115642,155939
8559769,149989.5,27732.5,122257,177722
13936301,7625.0,4493.0,12118,3132
16208147,1280.0,505.0,1785,775
10402043,132109.0,2124.0,129985,134233
9178891,115066.0,42182.0,157248,72884
12814927,35829.5,1902.5,33927,37732
9786797,215696.5,190731.5,24965,406428
9814369,156649.0,51649.0,105000,208298
11375831,89764.5,67204.5,156969,22560
10629221,12333.0,8229.0,20562,4104
9457159,158249.0,71376.0,229625,86873
8574893,141643.0,23633.0,165276,118010
13351207,25805.5,8719.5,34525,17086
12773179,53180.0,16786.0,36394,69966
10052969,20548.5,2454.5,23003,18094
11407577,16990.0,5547.0,11443,22537
13361549,17999.5,12463.5,5536,30463
10587077,52268.5,29113.5,81382,23155
12614579,2339.0,1466.0,873,3805
10426327,129287.5,56883.5,186171,72404
9824531,53248.0,8469.0,61717,44779
11213753,19461.5,2202.5,17259,21664
8817797,50047.5,13865.5,63913,36182
11611841,23564.0,17746.0,41310,5818
8800457,183981.0,15993.0,167988,199974
8918951,153810.0,52444.0,101366,206254
9232621,178171.0,90390.0,268561,87781
10145951,56429.5,12383.5,44046,68813
8937941,222661.5,209224.5,431886,13437
12746029,14327.5,259.5,14068,14587
9802069,39765.5,15784.5,23981,55550
9647783,84228.0,74114.0,158342,10114
10849067,44178.5,1925.5,42253,46104
8958913,340779.0,104198.0,444977,236581
12442559,80062.0,25354.0,54708,105416
13159739,52121.0,38389.0,90510,13732
11785639,44413.0,25627.0,70040,18786
12655883,7985.5,5026.5,13012,2959
13325987,55301.0,55205.0,110506,96
15791021,9419.0,5494.0,3925,14913
11784359,26006.0,6074.0,32080,19932
13822199,19906.5,5145.5,14761,25052
9143951,85280.5,6999.5,92280,78281
10277677,134433.5,78847.5,55586,213281
13104391,16711.0,3782.0,20493,12929
11307383,170632.0,135765.0,34867,306397
13222721,21257.0,14867.0,36124,6390
10297663,70086.0,41406.0,111492,28680
8992829,78901.5,78578.5,323,157480
10787813,9287.5,3043.5,12331,6244
11144101,60331.0,5320.0,65651,55011
12866533,47531.0,17386.0,64917,30145
15600401,1983.0,1334.0,3317,649
10598773,120632.5,120115.5,240748,517
15716387,9269.0,2310.0,11579,6959
14166617,8527.5,4095.5,12623,4432
11663789,67707.0,1981.0,69688,65726
13817899,12918.0,9460.0,3458,22378
10018123,325925.0,162411.0,163514,488336
15030229,10615.0,1098.0,9517,11713
10918793,45550.5,25368.5,20182,70919
8434739,120652.5,118977.5,1675,239630
12896717,103848.5,98557.5,202406,5291
9805687,143887.0,26570.0,117317,170457
8391241,50370.0,12454.0,62824,37916
8915971,120889.5,88220.5,32669,209110
9052399,115582.5,33545.5,82037,149128
8615969,235310.0,85626.0,320936,149684
11384963,51167.0,11014.0,62181,40153
13971803,42550.0,8164.0,34386,50714
9445069,179944.0,175589.0,4355,355533
8530163,46286.5,13372.5,59659,32914
9202471,84128.0,68803.0,152931,15325
13285829,32310.5,19520.5,51831,12790
12671167,25365.0,7390.0,17975,32755
15391867,6498.0,5691.0,807,12189
9190483,252700.5,213477.5,466178,39223
9202397,439916.0,269475.0,709391,170441
11500903,36152.0,3546.0,39698,32606
10118761,183860.5,64902.5,118958,248763
10343477,53240.0,44859.0,8381,98099
10868833,22304.0,21109.0,43413,1195
8397941,66160.5,59283.5,125444,6877
10758877,65209.5,50400.5,14809,115610
14430749,12224.0,833.0,13057,11391
12921509,16434.0,10590.0,5844,27024
8621597,126869.5,108869.5,235739,18000
8880769,265389.5,216951.5,482341,48438
9721289,96662.0,91094.0,5568,187756
11130857,49011.0,3005.0,46006,52016
9147709,101336.5,7591.5,93745,108928
9795733,426456.5,116593.5,543050,309863
13795141,31663.0,3392.0,35055,28271
10757431,98758.0,6775.0,91983,105533
10282631,190717.5,84262.5,106455,274980
12968369,45115.0,30030.0,15085,75145
12254063,29214.0,6644.0,22570,35858
10820681,108819.0,27820.0,136639,80999
15002927,20016.0,16085.0,3931,36101
10243801,138983.0,25937.0,164920,113046
11095663,18506.5,16124.5,2382,34631
13823083,18035.0,6208.0,11827,24243
12382831,78298.0,40788.0,37510,119086
10454263,6446.5,4156.5,2290,10603
16457953,2194.0,77.0,2117,2271
10667513,128756.0,70331.0,199087,58425
12685819,36005.0,28364.0,64369,7641
12881039,36087.5,21349.5,14738,57437
9462469,153361.0,149083.0,4278,302444
8984153,103363.5,52788.5,50575,156152
10224199,14303.0,3679.0,10624,17982
11880941,23925.5,3171.5,20754,27097
12033961,161677.0,71044.0,232721,90633
9828103,37701.0,30882.0,6819,68583
8466011,44807.0,37808.0,6999,82615
12092149,234911.0,60763.0,174148,295674
8918153,211371.5,49958.5,161413,261330
15290833,9419.0,638.0,10057,8781
15824363,7676.5,6400.5,1276,14077
9364721,69398.5,25393.5,44005,94792
9720257,18121.5,17599.5,522,35721
8865119,79110.0,65850.0,144960,13260
12539147,38670.5,30331.5,69002,8339
11541163,45643.0,43372.0,2271,89015
8758037,39234.5,26641.5,65876,12593
13323473,31183.0,20961.0,10222,52144
9033881,484209.0,123367.0,360842,607576
10958579,36726.5,9379.5,46106,27347
12786203,8845.0,1770.0,7075,10615
14985349,579.0,1.0,580,578
13692577,88002.5,84924.5,3078,172927
11348717,90080.0,55372.0,145452,34708
12304543,25094.0,3439.0,28533,21655
8796461,467975.0,385474.0,82501,853449
9899699,64248.0,34967.0,99215,29281
8858117,112691.0,96269.0,16422,208960
8566433,115285.5,73126.5,42159,188412
10318453,81744.0,59814.0,21930,141558
10014841,238259.0,32153.0,206106,270412
9145931,344330.0,68677.0,275653,413007
10019063,276946.0,92970.0,183976,369916
11031863,27701.5,12615.5,15086,40317
8793011,32389.5,16440.5,15949,48830
10009829,85340.5,21292.5,106633,64048
13216271,28374.0,4734.0,33108,23640
9563149,270756.5,93800.5,364557,176956
10524559,123864.5,40810.5,164675,83054
9648521,79467.5,29015.5,50452,108483
10426817,76202.0,34032.0,110234,42170
8899669,258693.5,70476.5,188217,329170
8899739,358012.0,50649.0,408661,307363
8475167,149038.5,49701.5,99337,198740
10929053,77017.5,18834.5,95852,58183
12133507,201616.0,141704.0,59912,343320
9109621,279913.5,77427.5,357341,202486
14230319,36268.5,7133.5,29135,43402
12552653,87543.0,37206.0,50337,124749
9611257,95300.5,2625.5,97926,92675
12872903,49853.5,37518.5,87372,12335
13553383,19368.5,14733.5,4635,34102
11522689,86915.5,21522.5,65393,108438
9603329,36328.0,18051.0,18277,54379
13607611,11002.5,3356.5,14359,7646
9310549,59412.0,59380.0,118792,32
11988181,20390.5,6920.5,13470,27311
9790447,85644.0,7315.0,92959,78329
10173773,289163.0,101540.0,187623,390703
11650693,35537.0,23105.0,58642,12432
9893701,191383.0,6290.0,197673,185093
15868561,3810.5,935.5,2875,4746
8842481,140297.0,102771.0,243068,37526
10472939,139052.5,86685.5,52367,225738
9352991,63369.5,17217.5,80587,46152
8415721,121455.0,95440.0,216895,26015
11095561,207654.0,24434.0,232088,183220
10378387,154709.0,147996.0,6713,302705
9643021,46883.5,6461.5,53345,40422
9402443,18091.5,669.5,17422,18761
9331943,370138.0,254883.0,625021,115255
8956697,45811.5,20092.5,25719,65904
8805047,81815.0,34326.0,47489,116141
10251919,52227.0,10422.0,62649,41805
8957981,243714.5,35681.5,279396,208033
12850157,94446.0,59082.0,153528,35364
8615837,90245.5,28450.5,61795,118696
8555219,217462.5,5189.5,222652,212273
9969767,21118.0,6985.0,14133,28103
8772059,449739.5,367047.5,82692,816787
9949033,67371.0,48635.0,18736,116006
9253667,282344.5,78877.5,203467,361222
12495727,42999.5,1661.5,41338,44661
11200183,137107.0,108848.0,245955,28259
9464617,123231.5,57752.5,65479,180984
9107911,51727.5,23800.5,27927,75528
12316379,30740.5,2473.5,33214,28267
13262201,60068.0,45134.0,105202,14934
11616463,39721.0,28938.0,10783,68659
9976951,229231.5,159719.5,388951,69512
12513911,15553.0,6310.0,9243,21863
12757669,27053.5,4857.5,22196,31911
9145523,139938.0,131329.0,8609,271267
13881157,19420.5,10939.5,30360,8481
11948089,29637.5,2705.5,26932,32343
10740343,295625.5,261542.5,34083,557168
8436157,83437.0,5968.0,77469,89405
11498881,243533.0,115368.0,358901,128165
16104169,8513.0,1435.0,9948,7078
13414337,55676.0,22456.0,78132,33220
11530759,47921.5,34545.5,13376,82467
11256283,57665.0,33619.0,91284,24046
9009139,140213.5,98466.5,41747,238680
10029731,37497.5,22782.5,60280,14715
11610241,17389.0,4906.0,12483,22295
10541507,98081.5,26578.5,71503,124660
13572653,12251.5,8277.5,20529,3974
10014437,9265.5,2897.5,12163,6368
12424367,19222.5,12106.5,7116,31329
13608689,6828.5,551.5,6277,7380
8770019,19156.0,6186.0,25342,12970
9397727,93291.0,83762.0,177053,9529
9919603,296218.0,49121.0,247097,345339
10715267,161552.0,92132.0,69420,253684
9209609,156770.0,120588.0,36182,277358
14472841,11213.5,7428.5,3785,18642
10847281,144623.5,29252.5,173876,115371
10737119,100831.0,26457.0,74374,127288
12588677,7346.0,7023.0,14369,323
8538287,92220.0,74035.0,166255,18185
11112767,31421.5,9918.5,41340,21503
14670361,10301.0,231.0,10532,10070
10393849,175473.0,93230.0,82243,268703
11028977,39728.5,322.5,39406,40051
13023403,75585.0,32437.0,43148,108022
14142041,8605.0,4002.0,12607,4603
9022639,516076.5,435657.5,80419,951734
9661007,6815.5,4959.5,11775,1856
8673103,51962.5,12300.5,64263,39662
13914881,23470.0,17661.0,5809,41131
14633599,4719.5,2485.5,2234,7205
8799289,251193.5,230494.5,481688,20699
9259603,199106.0,15913.0,215019,183193
12998747,52224.0,50861.0,103085,1363
12422071,79527.5,66187.5,145715,13340
9193801,389095.0,223373.0,612468,165722
14110619,7530.0,80.0,7610,7450
8927773,71779.0,55330.0,127109,16449
10301693,162393.0,34312.0,196705,128081
10616429,63658.5,21407.5,85066,42251
10844527,42540.0,18892.0,23648,61432
13938787,48410.5,35137.5,83548,13273
13987607,71091.5,8312.5,79404,62779
11228801,21239.0,6542.0,27781,14697
11371771,226969.0,144461.0,82508,371430
9637333,436275.0,280410.0,716685,155865
10634009,5631.5,3849.5,1782,9481
11984603,47954.0,46757.0,1197,94711
11370383,65147.0,47021.0,18126,112168
8478341,207210.0,163996.0,43214,371206
11663801,27172.0,15449.0,42621,11723
10797119,85299.5,72248.5,13051,157548
12885281,59633.5,59066.5,567,118700
10937837,26043.5,10938.5,15105,36982
11502191,62706.5,57051.5,5655,119758
15629891,1165.0,191.0,974,1356
12981721,10424.5,7164.5,17589,3260
13567391,26209.0,3543.0,29752,22666
9359591,91018.5,87517.5,178536,3501
9002767,132653.0,61446.0,194099,71207
11310769,62207.5,29948.5,32259,92156
9235357,156312.5,114300.5,42012,270613
9650323,251054.5,184954.5,66100,436009
11624551,37681.5,19999.5,57681,17682
12023993,99642.5,31264.5,130907,68378
12246173,23738.0,13231.0,10507,36969
14303621,42216.0,14609.0,56825,27607
9907853,31781.0,17716.0,14065,49497
10000499,40269.0,37799.0,78068,2470
11009221,104514.5,63773.5,168288,40741
14253431,37937.5,9564.5,47502,28373
12234779,50246.0,2717.0,52963,47529
11619581,70043.5,64138.5,134182,5905
12902389,52513.0,15860.0,36653,68373
8762177,46636.5,35421.5,82058,11215
13285303,45455.5,12489.5,32966,57945
11987039,26402.5,7051.5,19351,33454
10758193,214291.5,156509.5,57782,370801
15519817,5511.5,2874.5,8386,2637
11791627,86106.0,85433.0,171539,673
13800901,6005.0,1484.0,7489,4521
10595941,158563.0,144364.0,302927,14199
9663509,46918.0,43990.0,2928,90908
12157051,15300.5,6426.5,21727,8874
10683797,228161.5,56196.5,284358,171965
10450667,47882.5,13173.5,61056,34709
10769389,48051.5,20324.5,68376,27727
11428091,92096.5,66001.5,26095,158098
10431181,163821.0,123815.0,40006,287636
13626103,10577.5,6775.5,17353,3802
11563049,198604.5,36423.5,235028,162181
11384881,19586.5,1608.5,21195,17978
9415897,62335.0,46946.0,109281,15389
8858263,524458.5,469013.5,993472,55445
15147439,21366.5,14772.5,6594,36139
10235101,20174.5,18699.5,1475,38874
8723087,106717.0,32910.0,73807,139627
10284277,150859.5,70091.5,220951,80768
13820557,5124.0,3164.0,1960,8288
10729513,96674.0,70949.0,167623,25725
11916797,36334.5,8607.5,27727,44942
8394131,213363.5,95797.5,309161,117566
11156291,67725.5,2271.5,65454,69997
9165743,242990.0,185287.0,428277,57703
13089883,21505.0,447.0,21952,21058
10922099,20141.5,8152.5,11989,28294
11307847,174492.5,31720.5,142772,206213
10345267,8064.5,1522.5,6542,9587
11279069,102745.0,5529.0,108274,97216
10678211,106642.0,69778.0,36864,176420
12649163,28677.5,28655.5,22,57333
12080213,76835.5,1485.5,75350,78321
11285917,55343.5,33590.5,21753,88934
10067879,220198.5,100093.5,120105,320292
8450333,149703.0,20150.0,169853,129553
11455447,43461.5,23453.5,20008,66915
14034611,48758.5,12560.5,61319,36198
9923777,140567.5,36196.5,176764,104371
13439507,4211.0,2045.0,2166,6256
11589911,22455.0,17468.0,4987,39923
10429339,40833.0,39647.0,80480,1186
9812773,41780.0,3529.0,45309,38251
12069049,81196.0,27141.0,54055,108337
9234443,75206.0,68558.0,143764,6648
13240951,48984.0,24392.0,73376,24592
12963113,6612.0,908.0,7520,5704
10447529,97528.0,62285.0,159813,35243
12815389,9340.5,7692.5,1648,17033
10389299,205046.5,121387.5,83659,326434
10552439,84165.5,79798.5,163964,4367
9903233,16169.0,12039.0,28208,4130
11062267,20406.5,9256.5,11150,29663
11155159,25151.5,12338.5,12813,37490
9244463,357898.5,302618.5,660517,55280
9406489,216952.0,95224.0,121728,312176
11830733,111596.5,74319.5,185916,37277
12856633,26316.0,21486.0,4830,47802
9534893,195058.0,124959.0,70099,320017
10345873,164319.0,150763.0,13556,315082
14060863,10491.5,2870.5,7621,13362
11473867,20099.0,17648.0,37747,2451
12081767,35900.5,34873.5,1027,70774
14713603,17334.0,79.0,17255,17413
8740933,88334.5,78796.5,9538,167131
9656417,226624.0,223088.0,3536,449712
11697157,67674.0,50668.0,118342,17006
12298591,111977.0,67585.0,44392,179562
13253281,21097.0,19177.0,40274,1920
10805903,30916.5,19247.5,50164,11669
10872623,52680.5,42978.5,9702,95659
14893247,5941.5,2388.5,8330,3553
9527521,92011.5,20947.5,71064,112959
11633399,137375.0,28300.0,109075,165675
9976781,45586.0,40436.0,86022,5150
15279169,4421.5,3437.5,984,7859
14934089,1801.0,1711.0,3512,90
8563999,349283.0,203327.0,552610,145956
14044817,22865.5,1589.5,21276,24455
8843437,106462.0,88535.0,194997,17927
12816563,36816.0,30596.0,67412,6220
11278793,58064.5,55527.5,2537,113592
9974381,211873.5,129225.5,341099,82648
11729953,42102.5,39909.5,82012,2193
10875329,95938.0,60181.0,35757,156119
11342021,36060.5,16942.5,19118,53003
9383989,97990.5,78569.5,176560,19421
12170101,108694.5,19401.5,128096,89293
9250081,107784.0,589.0,108373,107195
10313167,191039.5,100581.5,291621,90458
11675803,111232.5,93476.5,17756,204709
9741947,176281.0,5080.0,171201,181361
10348549,103295.0,35687.0,67608,138982
9796027,216188.5,118873.5,97315,335062
8761591,187892.5,100587.5,87305,288480
10619561,116198.5,115939.5,259,232138
9634147,131864.0,100187.0,232051,31677
11470913,54058.5,9773.5,44285,63832
10264823,106578.0,2732.0,103846,109310
9228487,174544.0,105987.0,280531,68557
14976421,31190.5,11835.5,43026,19355
8701109,368080.0,300134.0,67946,668214
9523901,41265.5,17213.5,24052,58479
9254039,62175.0,18521.0,80696,43654
10950391,100508.5,22207.5,78301,122716
11509937,157737.0,19701.0,138036,177438
9222677,187387.0,91893.0,95494,279280
9529019,211265.5,208530.5,2735,419796
9159593,258848.0,11907.0,246941,270755
13371773,12416.0,12026.0,24442,390
11647387,9755.5,8844.5,18600,911
8517673,233162.5,122970.5,356133,110192
9576221,128353.5,95316.5,223670,33037
12408449,26365.0,21315.0,5050,47680
10932941,22972.5,18100.5,41073,4872
8527063,217155.5,4965.5,212190,222121
13022173,47426.5,28152.5,19274,75579
9823747,247063.5,54380.5,192683,301444
9610823,21170.5,5147.5,26318,16023
9942001,116195.5,63848.5,180044,52347
8772373,53358.5,40907.5,94266,12451
10381603,45725.5,37772.5,7953,83498
9610723,205455.0,86083.0,291538,119372
11356393,39174.0,31213.0,70387,7961
11168603,152122.0,45363.0,106759,197485
14312183,30267.5,14577.5,44845,15690
10952317,88209.5,58927.5,29282,147137
8884429,206273.5,146455.5,352729,59818
11168491,16153.5,2357.5,13796,18511
9955763,124316.0,80795.0,43521,205111
11050049,31811.0,14501.0,46312,17310
9371023,33486.0,15587.0,49073,17899
9816271,34324.0,22706.0,57030,11618
12441019,35568.5,6564.5,42133,29004
9271567,66357.5,12477.5,53880,78835
12527891,77469.0,44230.0,33239,121699
9538927,321870.0,215015.0,536885,106855
9683953,113016.0,53558.0,59458,166574
12307441,74908.0,56752.0,18156,131660
11069579,117950.0,40910.0,158860,77040
9088043,510484.0,485851.0,996335,24633
8566871,235465.0,32476.0,267941,202989
12099613,16590.5,8892.5,7698,25483
14288663,3970.0,2120.0,1850,6090
11677451,63188.5,55350.5,118539,7838
10070507,54444.0,53439.0,107883,1005
10654141,5463.5,3550.5,1913,9014
10178591,318660.5,192195.5,126465,510856
8945473,236152.5,200628.5,35524,436781
10399247,45815.0,9935.0,35880,55750
10839173,18735.0,9066.0,27801,9669
12287839,37407.5,21772.5,59180,15635
13155029,35430.0,289.0,35719,35141
11455039,27110.0,915.0,26195,28025
8747023,247548.5,18485.5,229063,266034
8997349,233573.0,40676.0,192897,274249
12787543,38957.5,11101.5,50059,27856
10250081,14044.0,7867.0,6177,21911
11145091,42013.0,725.0,42738,41288
9734209,35026.0,2604.0,32422,37630
8532731,127538.5,50183.5,77355,177722
11239201,28540.0,8605.0,37145,19935
13103473,44647.5,24968.5,19679,69616
13579619,74897.0,30400.0,44497,105297
13852199,61317.0,11223.0,50094,72540
13296677,44219.5,20735.5,23484,64955
11055703,266905.5,251164.5,518070,15741
9834493,257395.0,222731.0,34664,480126
9632671,32655.0,5479.0,27176,38134
14093137,5846.0,945.0,4901,6791
9977729,87362.0,14376.0,72986,101738
10287131,62500.5,9472.5,53028,71973
9390947,101026.0,61719.0,162745,39307
10855079,90039.0,82696.0,7343,172735
12082351,27245.5,2739.5,29985,24506
9912667,14012.5,13641.5,371,27654
10817309,208684.5,33957.5,174727,242642
14117731,12726.5,5924.5,6802,18651
11352793,12346.0,7439.0,19785,4907
13666591,31333.0,22166.0,9167,53499
12959711,20642.5,6721.5,13921,27364
9740671,456346.0,112492.0,343854,568838
9757351,8310.0,1337.0,6973,9647
9944173,32372.5,17181.5,49554,15191
14779669,13737.0,13666.0,71,27403
10007717,109884.0,81982.0,27902,191866
10282471,46745.5,45015.5,1730,91761
8783273,47020.0,13474.0,60494,33546
8491859,139117.0,78953.0,60164,218070
11487611,65686.5,37552.5,103239,28134
16136189,2956.5,251.5,2705,3208
11852983,90043.5,64212.5,25831,154256
11930089,108842.5,21793.5,130636,87049
10111883,44770.5,3920.5,40850,48691
9115423,324655.5,139992.5,184663,464648
9158581,84415.5,23951.5,108367,60464
11049721,168439.5,1722.5,166717,170162
11410513,66460.0,64739.0,1721,131199
11949031,10210.0,3809.0,14019,6401
9028027,170137.0,127814.0,42323,297951
10230917,137174.0,95113.0,42061,232287
12254551,10906.5,9947.5,20854,959
12489853,27365.5,9138.5,18227,36504
11243053,181337.0,67064.0,248401,114273
9386683,116660.5,61220.5,177881,55440
8777323,120239.0,52666.0,172905,67573
9472403,120400.0,92001.0,28399,212401
8981527,81207.0,50367.0,131574,30840
8827421,701364.0,527293.0,1228657,174071
11276173,68733.0,66076.0,134809,2657
9668233,53456.5,8739.5,44717,62196
9957601,56136.0,32906.0,89042,23230
12717197,31019.5,18068.5,12951,49088
13299079,4697.0,4220.0,8917,477
8508889,10229.5,6576.5,16806,3653
8606249,24341.5,8043.5,16298,32385
9288157,126047.0,11347.0,137394,114700
15895769,6702.0,3655.0,3047,10357
9352151,135257.5,47780.5,87477,183038
11056427,91873.5,28453.5,63420,120327
12780301,16571.0,12764.0,29335,3807
12068887,49424.0,41756.0,7668,91180
15695923,5191.0,3342.0,8533,1849
9853537,111953.0,53186.0,165139,58767
13016821,11732.0,2173.0,9559,13905
9265097,22298.5,1195.5,21103,23494
11466727,117636.5,39114.5,78522,156751
13074661,38151.5,12630.5,25521,50782
10470869,41696.0,34003.0,75699,7693
13605191,28527.5,19456.5,9071,47984
11183401,52574.0,19154.0,71728,33420
11932807,32516.0,21304.0,11212,53820
9431473,125301.5,36818.5,88483,162120
11265151,33007.5,3172.5,29835,36180
8672747,102739.0,75418.0,178157,27321
9974119,13356.0,7345.0,6011,20701
9983123,94194.0,45573.0,48621,139767
10525409,22257.5,20468.5,42726,1789
15199897,5501.5,5451.5,50,10953
11911957,40674.0,13143.0,53817,27531
12120161,73620.5,23266.5,96887,50354
11823887,56490.0,16273.0,72763,40217
11985619,15934.5,14917.5,30852,1017
9502849,31133.5,24242.5,55376,6891
9833099,18700.5,13584.5,5116,32285
8891759,223453.5,62729.5,160724,286183
9654391,92791.5,46942.5,139734,45849
13289347,53643.0,36363.0,17280,90006
15773759,1983.0,441.0,1542,2424
10181027,83789.5,10506.5,73283,94296
9617149,220054.5,83429.5,136625,303484
10912999,42107.5,40185.5,82293,1922
8393797,191645.0,64649.0,126996,256294
8649139,21402.0,2075.0,23477,19327
13273679,27813.0,18456.0,46269,9357
10177513,13733.0,4141.0,9592,17874
10380583,41113.5,35268.5,76382,5845
12291127,68415.0,27635.0,96050,40780
12563717,77613.0,75369.0,2244,152982
10689037,83611.5,55279.5,138891,28332
11067841,31759.5,13928.5,45688,17831
10407577,51687.0,26977.0,24710,78664
8399143,430526.5,151034.5,581561,279492
13761499,7469.0,1433.0,6036,8902
9835249,74806.5,15107.5,59699,89914
12439061,5921.0,2670.0,3251,8591
10939067,149696.5,12188.5,161885,137508
11635889,19670.5,998.5,18672,20669
8483681,56021.5,52853.5,108875,3168
12328399,129851.5,78212.5,51639,208064
9873307,210892.0,99215.0,111677,310107
9272981,213725.0,157368.0,371093,56357
14496533,17304.5,11833.5,29138,5471
11911189,13305.0,6529.0,6776,19834
10185221,175156.0,125358.0,300514,49798
11424761,63495.0,13231.0,76726,50264
10766983,134596.5,132148.5,266745,2448
9338587,106567.5,37391.5,69176,143959
15535643,13661.5,7004.5,6657,20666
10749341,20141.5,12205.5,32347,7936
11573483,6235.5,1790.5,4445,8026
9566279,203045.5,152699.5,50346,355745
10058651,230991.0,169133.0,400124,61858
9773741,173639.0,2758.0,176397,170881
9310519,243329.5,123151.5,120178,366481
8521307,82652.0,77708.0,160360,4944
8975683,23231.0,4748.0,18483,27979
11867881,121065.5,58259.5,62806,179325
13962163,7463.0,1397.0,6066,8860
14267951,20251.5,3286.5,16965,23538
9231779,406807.5,258444.5,148363,665252
9849767,52064.5,29683.5,81748,22381
9913247,249565.0,178812.0,70753,428377
8630521,188826.0,123175.0,312001,65651
14431217,12713.0,2178.0,10535,14891
13991609,94905.0,63377.0,158282,31528
12759829,27464.5,22762.5,50227,4702
10356407,35031.5,7399.5,27632,42431
8895739,363311.0,72099.0,291212,435410
10688389,270403.0,17172.0,287575,253231
10329383,88661.0,20245.0,108906,68416
11041903,228832.5,56585.5,172247,285418
9576043,321919.0,49614.0,371533,272305
9721889,38984.5,30011.5,68996,8973
9414137,53471.5,43932.5,97404,9539
11144297,51437.5,51371.5,102809,66
11265187,68907.0,36596.0,32311,105503
13315877,75464.5,12346.5,87811,63118
11326703,56554.5,54252.5,2302,110807
14863657,14798.5,8050.5,22849,6748
10174049,172605.5,85009.5,87596,257615
9359711,90948.5,48430.5,139379,42518
11702203,17358.0,9525.0,26883,7833
10778903,29192.5,25074.5,54267,4118
11316517,194513.5,122059.5,72454,316573
14674423,5342.0,1955.0,7297,3387
8734261,325545.0,38175.0,363720,287370
10826749,81262.0,28277.0,52985,109539
13543967,23748.0,16837.0,40585,6911
9213289,169785.5,159412.5,329198,10373
11737273,21244.0,11859.0,33103,9385
8588267,100021.5,38208.5,138230,61813
8937073,34852.0,28787.0,6065,63639
8393933,47805.0,17370.0,65175,30435
14069749,12628.0,3370.0,15998,9258
10361957,52364.5,39539.5,12825,91904
9127441,99192.0,50960.0,150152,48232
8573483,249839.0,15635.0,234204,265474
9424819,84960.0,58226.0,143186,26734
11830219,22752.5,14522.5,8230,37275
15965207,9484.0,1674.0,7810,11158
11341249,101216.0,96696.0,4520,197912
10689143,55403.0,13055.0,68458,42348
8828377,282329.0,13946.0,268383,296275
9194741,298814.5,31785.5,330600,267029
11706113,43327.0,42365.0,85692,962
9805241,34627.0,7042.0,41669,27585
11939281,33614.5,9738.5,23876,43353
13970963,50370.0,23669.0,74039,26701
8897971,320763.0,101114.0,421877,219649
12361109,5567.5,5137.5,10705,430
13189307,22538.0,1736.0,20802,24274
11177063,15214.5,596.5,14618,15811
10595857,82375.0,9118.0,91493,73257
13586371,44253.5,42659.5,1594,86913
9272377,183939.5,180775.5,364715,3164
9998783,71442.5,24908.5,96351,46534
9091883,228378.0,125465.0,353843,102913
10984937,22738.0,9162.0,13576,31900
9050621,32400.0,2957.0,29443,35357
10122727,227448.0,184484.0,411932,42964
16228997,8408.0,6000.0,14408,2408
8547569,22526.5,9252.5,13274,31779
10143619,190338.0,75627.0,114711,265965
14222627,15117.5,9169.5,5948,24287
13171397,10782.5,5488.5,5294,16271
9781087,94654.5,59674.5,34980,154329
10143907,120570.0,48833.0,71737,169403
11640983,9766.0,9143.0,18909,623
13191293,11480.0,9526.0,1954,21006
12306103,18379.5,9871.5,8508,28251
10474799,46577.5,15766.5,62344,30811
9247327,179938.0,136028.0,315966,43910
9662299,38327.5,8300.5,30027,46628
13109141,61223.5,28076.5,33147,89300
15327161,2498.5,1678.5,820,4177
11544737,57292.0,47199.0,104491,10093
11835353,12608.0,11356.0,1252,23964
11435327,46573.5,4966.5,41607,51540
8918137,268345.0,11817.0,280162,256528
12472309,32956.5,514.5,32442,33471
8492909,526374.5,410635.5,115739,937010
9620503,83115.0,59459.0,142574,23656
14167627,9112.5,3564.5,5548,12677
8476313,94899.5,87266.5,182166,7633
9863473,58454.0,46204.0,12250,104658
9137977,28347.5,14532.5,13815,42880
12765173,13809.5,6242.5,20052,7567
10697677,71547.5,48749.5,120297,22798
14715749,31758.0,30539.0,1219,62297
10762579,76193.0,3019.0,73174,79212
11469247,38710.0,19409.0,19301,58119
8997377,55311.0,30790.0,24521,86101
9601307,140493.5,59788.5,200282,80705
9311777,101091.0,39882.0,140973,61209
13290743,21919.0,9051.0,30970,12868
8857859,467547.0,313357.0,154190,780904
9322433,128945.5,127064.5,1881,256010
8680079,193797.0,189934.0,3863,383731
8607857,82592.5,74088.5,8504,156681
10748789,65030.0,44701.0,109731,20329
8914039,56892.0,455.0,57347,56437
9451049,56586.0,20723.0,77309,35863
10560733,122306.0,44476.0,77830,166782
12734699,11507.0,1313.0,12820,10194
11635133,88859.5,49246.5,39613,138106
9274303,136955.5,20067.5,116888,157023
10608733,97549.5,29707.5,67842,127257
11747999,65125.5,26071.5,39054,91197
10065773,186989.0,66686.0,253675,120303
9277661,69658.0,30417.0,39241,100075
10241573,46819.0,3137.0,49956,43682
12491503,45619.0,34967.0,80586,10652
8476973,86222.0,57205.0,143427,29017
12489131,36049.5,20330.5,15719,56380
10015241,32209.0,14735.0,46944,17474
9659597,170214.5,83903.5,254118,86311
9500747,233535.0,18938.0,252473,214597
14952241,27491.5,15767.5,43259,11724
8878819,198545.0,51113.0,249658,147432
9271541,206914.5,8560.5,198354,215475
14096653,2116.0,1383.0,733,3499
9076523,118280.5,38757.5,157038,79523
9130721,110225.5,61932.5,48293,172158
11487013,37818.0,22928.0,60746,14890
9330313,98120.5,22434.5,120555,75686
11302997,79834.5,73166.5,153001,6668
12091117,31110.5,19748.5,50859,11362
12644911,61201.5,30048.5,91250,31153
12338009,13191.0,5789.0,7402,18980
10722241,29256.5,10197.5,39454,19059
9138361,198035.0,127833.0,325868,70202
8811863,42549.5,12574.5,29975,55124
9569239,121125.0,2834.0,123959,118291
9211663,110233.0,81442.0,28791,191675
10654663,54023.5,49403.5,103427,4620
12380657,62962.5,52895.5,115858,10067
9858601,61466.0,16095.0,77561,45371
8398099,41088.0,27629.0,68717,13459
14568377,39213.0,22319.0,16894,61532
10706581,90992.5,69572.5,21420,160565
11475319,20939.5,11949.5,8990,32889
8839469,178420.0,135020.0,43400,313440
11653547,58021.0,33322.0,24699,91343
8570929,220678.5,50955.5,169723,271634
13635211,79593.5,31814.5,111408,47779
13460653,6928.5,2819.5,4109,9748
12536527,20253.0,15744.0,35997,4509
11861651,45049.0,7580.0,52629,37469
8888779,360165.0,359422.0,719587,743
11017459,112843.5,33063.5,79780,145907
9931729,89132.5,25384.5,114517,63748
10781633,42804.5,17441.5,25363,60246
9335969,94606.5,23207.5,71399,117814
8831083,145307.5,65103.5,80204,210411
11330647,115490.5,75961.5,191452,39529
9430469,39698.5,27332.5,12366,67031
14629841,7548.0,3043.0,4505,10591
10407301,82013.0,54883.0,136896,27130
12193121,94328.5,36163.5,58165,130492
10118639,84285.5,20862.5,105148,63423
10164821,59671.0,43309.0,102980,16362
10372991,58856.0,55264.0,3592,114120
8661713,85016.0,39231.0,45785,124247
11932483,43984.5,22928.5,21056,66913
10360937,85867.0,58258.0,27609,144125
12456931,8937.0,6012.0,14949,2925
9916667,54681.0,35509.0,19172,90190
11731333,151171.5,68669.5,219841,82502
10078517,53824.5,52474.5,106299,1350
9942613,118417.0,82830.0,201247,35587
10605911,63901.5,61677.5,125579,2224
10895701,88680.5,59110.5,29570,147791
9566639,84546.5,79601.5,4945,164148
10758689,44315.5,12200.5,32115,56516
11855587,74275.5,30801.5,105077,43474
10263307,68968.5,9861.5,59107,78830
11044379,64057.5,42120.5,21937,106178
10513229,50622.0,31609.0,19013,82231
10338989,100448.5,92002.5,8446,192451
9670517,122717.5,115811.5,238529,6906
10559951,294062.0,168411.0,125651,462473
11393687,36228.5,31900.5,4328,68129
9958127,90107.0,64488.0,154595,25619
13145851,20654.0,7708.0,28362,12946
10300189,187067.5,90287.5,96780,277355
9296687,387854.0,224738.0,612592,163116
11930011,15984.5,7073.5,23058,8911
12850237,14377.5,11068.5,3309,25446
11414413,154545.5,6015.5,148530,160561
13250681,13293.0,5252.0,18545,8041
12487817,19957.5,3774.5,16183,23732
13054289,71200.5,70086.5,141287,1114
8770757,108094.0,1505.0,106589,109599
11558681,39578.5,38993.5,78572,585
11420993,104821.5,38964.5,143786,65857
8834633,131126.0,84647.0,215773,46479
11494429,45199.0,40498.0,85697,4701
11223607,61066.5,59240.5,120307,1826
8583677,81155.0,47849.0,129004,33306
8482483,41613.0,31366.0,72979,10247
11284457,83775.0,25025.0,108800,58750
12221479,33947.0,11428.0,22519,45375
9872287,143648.5,1511.5,142137,145160
13893223,4754.0,3041.0,1713,7795
13319329,20883.5,1488.5,22372,19395
11286791,63543.0,2182.0,65725,61361
11976053,45156.0,23844.0,69000,21312
9608101,45631.0,10734.0,56365,34897
15767077,1482.5,729.5,2212,753
9804251,158607.0,75870.0,234477,82737
13386103,16219.5,686.5,15533,16906
8894849,172015.0,15775.0,187790,156240
14767691,7006.0,2718.0,9724,4288
15735793,1146.0,187.0,959,1333
9010753,62429.5,56456.5,5973,118886
8681269,256600.0,231896.0,24704,488496
13237921,45351.5,5151.5,40200,50503
10963091,58074.5,38886.5,96961,19188
11270863,103293.0,93845.0,197138,9448
9003289,18202.5,2929.5,21132,15273
13544803,26057.0,14608.0,40665,11449
10325999,19130.5,4300.5,14830,23431
10263991,32117.5,31482.5,635,63600
12011399,14900.5,2146.5,17047,12754
11219597,179205.0,37875.0,217080,141330
11758751,60489.5,45934.5,106424,14555
12166411,48200.5,43599.5,91800,4601
13697441,38025.0,33330.0,71355,4695
9709549,308167.0,206920.0,515087,101247
11401903,23966.5,1715.5,25682,22251
14643619,30833.5,22675.5,8158,53509
11239357,38475.0,1946.0,36529,40421
8450731,430843.0,306279.0,737122,124564
12116477,123351.5,90296.5,213648,33055
14498411,7458.0,5119.0,12577,2339
8928473,56100.5,9187.5,65288,46913
9807023,117277.5,13370.5,103907,130648
13487693,15648.5,3294.5,12354,18943
8401823,42529.5,5268.5,47798,37261
9932053,27264.0,5242.0,22022,32506
9829907,238366.0,188069.0,426435,50297
10169539,35485.0,21369.0,14116,56854
12390319,18966.5,14763.5,33730,4203
8612717,396549.0,387933.0,8616,784482
11428457,64277.5,36924.5,27353,101202
10622077,13247.5,10866.5,2381,24114
9162733,116380.0,95460.0,211840,20920
10486621,126376.0,68967.0,195343,57409
12211181,56156.0,1231.0,57387,54925
10364153,62297.0,53333.0,115630,8964
9324461,108462.5,64595.5,43867,173058
12807031,37197.5,2770.5,34427,39968
9299707,27737.0,18140.0,45877,9597
9502309,254635.5,136957.5,117678,391593
9339389,240597.0,140889.0,99708,381486
8793647,284107.0,79957.0,204150,364064
10493501,31155.5,13718.5,17437,44874
10010677,115547.0,8473.0,107074,124020
11435789,34260.0,26933.0,61193,7327
13454827,18245.0,8373.0,26618,9872
11136031,59830.0,16591.0,43239,76421
10984903,139830.0,113328.0,253158,26502
15806551,619.0,369.0,250,988
10071179,201855.5,69893.5,271749,131962
9600343,96744.5,9620.5,106365,87124
8529503,98476.0,63151.0,161627,35325
9487019,48219.5,5235.5,42984,53455
10508857,176934.0,92523.0,84411,269457
8419991,95697.5,72232.5,23465,167930
8928901,312762.0,146471.0,459233,166291
15334327,14787.0,12859.0,1928,27646
14458967,20683.5,12060.5,32744,8623
10079639,45056.5,20256.5,24800,65313
11139019,28265.0,4065.0,32330,24200
8536937,106837.5,978.5,105859,107816
10015639,72715.5,37969.5,110685,34746
11197909,42249.0,4552.0,46801,37697
10394737,83344.5,16005.5,67339,99350
9782177,22737.0,4996.0,27733,17741
14888173,12335.0,3543.0,15878,8792
13916681,36200.5,35126.5,71327,1074
10211813,157017.0,54014.0,103003,211031
9177419,33652.5,14206.5,47859,19446
13647979,13240.5,5989.5,7251,19230
9380027,67838.0,10077.0,77915,57761
8462539,286043.0,221553.0,64490,507596
9112813,122384.5,61457.5,60927,183842
8972213,48656.0,21526.0,70182,27130
8636711,210807.0,156345.0,54462,367152
11498359,138841.0,21697.0,117144,160538
8541031,33644.5,1766.5,31878,35411
12179659,148548.5,89518.5,238067,59030
8854277,201302.5,139067.5,340370,62235
9677033,82587.0,1248.0,83835,81339
9084541,64430.0,32415.0,96845,32015
9345737,168990.0,140193.0,309183,28797
10167961,19292.5,17360.5,1932,36653
11826457,59978.5,40663.5,100642,19315
9600179,50329.0,33342.0,83671,16987
8536039,345921.0,286001.0,631922,59920
10096507,80533.0,72623.0,153156,7910
13420963,69534.0,68547.0,987,138081
8704001,103345.0,1055.0,102290,104400
8725163,86026.0,28160.0,114186,57866
8634433,46084.0,39857.0,6227,85941
8797031,23149.5,19995.5,3154,43145
8712983,83872.0,32768.0,116640,51104
8569333,45600.5,37655.5,7945,83256
14427979,4635.0,294.0,4341,4929
12076111,53731.5,53276.5,455,107008
11365661,51244.0,36584.0,14660,87828
15237361,24036.0,9238.0,33274,14798
13499287,13571.5,10460.5,24032,3111
10495073,82885.5,68185.5,151071,14700
13279381,47862.5,36494.5,11368,84357
10187357,147237.5,61420.5,208658,85817
9778177,146610.5,124438.5,271049,22172
11956697,14579.0,12885.0,27464,1694
9263561,118676.5,66029.5,184706,52647
11028233,6402.5,6072.5,12475,330
11837563,187511.5,95246.5,282758,92265
10148023,99203.0,84885.0,14318,184088
8645339,396815.0,296928.0,99887,693743
9786433,159708.0,55340.0,215048,104368
9367537,251923.0,161573.0,90350,413496
11912003,46249.5,34185.5,80435,12064
11016497,91243.5,59675.5,31568,150919
12205379,76636.5,9519.5,86156,67117
13380739,17932.0,12767.0,30699,5165
12507361,39535.5,10226.5,29309,49762
12096043,190705.5,64224.5,126481,254930
10226677,231390.0,209296.0,440686,22094
10015769,70567.0,70251.0,316,140818
8892979,86103.0,28487.0,114590,57616
8455331,294275.5,185423.5,108852,479699
10766647,29858.5,223.5,29635,30082
13554517,19518.5,15577.5,3941,35096
9426407,178289.5,150293.5,27996,328583
10930831,37766.5,17094.5,20672,54861
9630949,106405.5,52293.5,158699,54112
9980569,33585.5,1030.5,32555,34616
8691647,323221.0,284444.0,38777,607665
8645411,98940.0,48042.0,50898,146982
12540139,34733.0,10186.0,24547,44919
8754211,18691.0,1398.0,17293,20089
10013623,125351.0,111804.0,237155,13547
12526271,7907.0,706.0,8613,7201
8702347,22683.0,20488.0,2195,43171
11448781,16934.5,4449.5,21384,12485
10523041,26778.5,22767.5,49546,4011
11530451,27300.0,23852.0,3448,51152
11826557,29634.5,15278.5,44913,14356
8740307,220216.5,156057.5,64159,376274
12466213,77660.0,34101.0,111761,43559
13375547,2730.0,2165.0,4895,565
8459743,138691.5,91152.5,47539,229844
9476087,198494.5,89146.5,109348,287641
9341921,26684.5,506.5,27191,26178
9493811,32564.5,1116.5,33681,31448
13070257,12927.5,5561.5,18489,7366
12441337,22877.0,1381.0,24258,21496
8951681,19881.5,10488.5,30370,9393
14092549,35429.5,5127.5,30302,40557
11142709,100596.0,38613.0,61983,139209
10196191,101754.5,39897.5,141652,61857
9975649,252038.5,199505.5,451544,52533
11647553,60726.5,9510.5,70237,51216
14458979,39803.5,33346.5,6457,73150
9782147,112275.5,74747.5,37528,187023
11637889,35025.0,33523.0,68548,1502
10540793,25074.0,23800.0,48874,1274
13065769,13136.5,6167.5,19304,6969
16088021,1615.0,1282.0,333,2897
8763089,73285.0,18580.0,54705,91865
11127671,41581.5,38383.5,79965,3198
11922623,20091.0,16137.0,3954,36228
8584361,142618.0,87001.0,229619,55617
12227861,26907.5,3777.5,23130,30685
15919571,4135.5,267.5,4403,3868
8743523,75862.0,4530.0,71332,80392
9232033,180611.5,46133.5,134478,226745
10503497,35650.5,14937.5,20713,50588
8406989,216200.5,8321.5,207879,224522
13712581,15501.5,11250.5,26752,4251
12508799,57928.0,28912.0,86840,29016
9785521,98182.0,82250.0,15932,180432
15461093,2601.5,1835.5,4437,766
10765537,40751.5,32295.5,73047,8456
8402549,208156.5,182879.5,391036,25277
11751317,46369.5,26438.5,72808,19931
15187801,7302.5,4256.5,11559,3046
8930617,52567.5,31423.5,83991,21144
9080411,5394.5,3048.5,2346,8443
9952571,27343.0,21024.0,6319,48367
9384887,46904.5,11732.5,58637,35172
11303009,18014.5,9828.5,27843,8186
9366353,89521.0,36041.0,53480,125562
12376757,52985.5,18898.5,34087,71884
11635541,100248.0,70272.0,29976,170520
9201191,254122.5,232366.5,21756,486489
14121091,28531.5,19028.5,47560,9503
8808803,61210.5,3162.5,58048,64373
12175057,35961.0,31989.0,3972,67950
12115087,166615.5,147488.5,314104,19127
9884729,72862.0,19430.0,92292,53432
14698009,15023.0,12501.0,2522,27524
9869753,87507.0,24704.0,112211,62803
10294199,225182.5,11362.5,213820,236545
12796873,37375.0,4019.0,33356,41394
12637769,129587.5,31111.5,98476,160699
10833877,42832.5,4760.5,47593,38072
12877651,13162.5,7145.5,6017,20308
9701183,41832.0,10491.0,52323,31341
12357767,170406.0,124737.0,45669,295143
11810717,2841.0,995.0,1846,3836
9052163,100982.0,30672.0,131654,70310
11366909,56087.5,51308.5,107396,4779
16076131,2349.0,2110.0,239,4459
9106249,89824.5,40128.5,129953,49696
8530477,435236.0,223236.0,212000,658472
10609769,183161.0,130394.0,52767,313555
13629701,17733.0,16831.0,902,34564
10797113,245258.0,71288.0,316546,173970
9530783,140276.5,121050.5,19226,261327
8538043,189766.5,130481.5,320248,59285
8706043,70658.0,25614.0,45044,96272
11746051,58753.5,43986.5,14767,102740
8899699,416341.5,298519.5,714861,117822
8845747,256254.0,33886.0,290140,222368
10258477,119384.5,118185.5,1199,237570
8574997,52002.5,4123.5,56126,47879
13384277,38254.5,35062.5,3192,73317
13748417,69505.0,41400.0,28105,110905
8895671,36491.5,31247.5,5244,67739
10619173,48186.5,16578.5,31608,64765
10592909,29629.5,18616.5,48246,11013
10786427,82226.0,45599.0,127825,36627
11788501,211354.0,209326.0,2028,420680
11050433,129416.0,243.0,129173,129659
9128459,173984.5,139930.5,34054,313915
9948929,88904.5,37835.5,126740,51069
14943931,20623.5,19560.5,40184,1063
11211173,11957.0,6560.0,18517,5397
11579539,36760.0,10628.0,26132,47388
10666127,86805.0,30010.0,116815,56795
9853331,142943.5,36175.5,179119,106768
11220739,15185.5,13199.5,28385,1986
8671001,16501.0,1834.0,18335,14667
12066601,57815.5,17235.5,75051,40580
10509427,45582.0,35757.0,81339,9825
12951641,57713.5,13787.5,43926,71501
12176851,54378.5,49614.5,103993,4764
15589417,2829.0,25.0,2804,2854
11167549,8160.5,2234.5,5926,10395
10908929,87349.5,29876.5,57473,117226
9564559,58041.0,28162.0,86203,29879
9320027,365384.0,17378.0,348006,382762
11506639,169883.5,83905.5,253789,85978
11916193,64991.5,2139.5,62852,67131
12260789,28298.5,12886.5,15412,41185
11335199,62298.5,56990.5,119289,5308
9380993,77072.5,24798.5,101871,52274
14808077,4829.5,1217.5,3612,6047
8505677,32444.0,18209.0,14235,50653
8811811,8972.5,1584.5,7388,10557
8506529,205538.0,165309.0,370847,40229
8538289,271642.5,67360.5,339003,204282
11851319,15788.0,6794.0,22582,8994
10713211,76571.5,53893.5,130465,22678
9097237,414427.0,287126.0,701553,127301
8683421,133616.0,132873.0,743,266489
13607309,17964.5,6173.5,24138,11791
11387641,46791.0,2582.0,44209,49373
11914373,189976.0,5889.0,184087,195865
10771603,17231.0,9331.0,7900,26562
12296549,17064.5,4255.5,12809,21320
9741973,193427.5,52855.5,246283,140572
11560993,23735.5,10084.5,13651,33820
14113721,4939.0,917.0,5856,4022
12085459,48295.0,27604.0,20691,75899
8694151,119679.0,18331.0,138010,101348
11556133,76466.5,61408.5,15058,137875
14393707,1299.5,585.5,714,1885
11088899,41847.5,10650.5,31197,52498
11763977,34721.5,9771.5,44493,24950
10194367,236419.5,61590.5,174829,298010
13589467,25955.0,19097.0,6858,45052
9599741,75387.5,63247.5,138635,12140
9170207,257667.0,205434.0,52233,463101
13862263,6565.5,4003.5,2562,10569
15499933,9484.0,7839.0,1645,17323
10630843,125930.5,105852.5,20078,231783
8905541,125437.0,23737.0,149174,101700
14808401,4748.5,1643.5,6392,3105
12973307,20246.0,208.0,20454,20038
10810369,162890.0,157113.0,5777,320003
11250511,48863.0,5110.0,43753,53973
8627209,66413.0,33523.0,32890,99936
11147627,17967.5,6770.5,11197,24738
8875847,277970.5,62547.5,215423,340518
10656769,30557.0,4371.0,26186,34928
9614719,119107.5,105460.5,13647,224568
11359351,64455.0,57489.0,121944,6966
8849023,439327.5,266635.5,705963,172692
8899673,103868.0,49391.0,54477,153259
12663799,72812.5,19904.5,52908,92717
10199873,145159.5,18390.5,163550,126769
12996169,15972.0,11557.0,27529,4415
12157111,30060.5,10615.5,40676,19445
9878027,70730.0,16067.0,86797,54663
12078359,46382.0,19643.0,26739,66025
13905013,17815.5,4538.5,22354,13277
15280277,3494.0,1228.0,2266,4722
9843503,19558.0,8858.0,10700,28416
14047511,20091.5,4106.5,24198,15985
10246979,130768.0,75015.0,55753,205783
11531447,58565.5,49172.5,107738,9393
12691801,91268.0,21056.0,112324,70212
11298151,27850.0,16891.0,10959,44741
10246001,39309.0,8105.0,31204,47414
9974641,181326.0,34257.0,215583,147069
11414131,15806.0,14593.0,1213,30399
14665219,81699.0,76075.0,5624,157774
9490489,56518.5,46381.5,102900,10137
14592059,8801.5,5933.5,2868,14735
9531107,39117.5,11217.5,50335,27900
11276579,66715.5,26257.5,40458,92973
10538137,235791.0,83215.0,152576,319006
10574191,178581.5,3463.5,175118,182045
14092619,38005.0,24029.0,13976,62034
10466861,45169.0,21816.0,66985,23353
12566341,73233.0,24358.0,48875,97591
8934949,158700.0,111624.0,270324,47076
14543957,17032.5,16115.5,33148,917
12485819,10497.0,6407.0,16904,4090
8488159,64191.0,44704.0,19487,108895
12553703,37984.0,14090.0,23894,52074
9859631,339122.5,178995.5,518118,160127
11102527,43959.0,5992.0,37967,49951
10972397,31849.0,30181.0,1668,62030
8658113,83813.5,17507.5,66306,101321
11126359,46963.0,33952.0,13011,80915
8605643,280871.0,108313.0,172558,389184
9743983,78878.5,32667.5,46211,111546
8964653,21851.5,793.5,22645,21058
11617699,20412.0,10127.0,10285,30539
12828323,60666.5,19361.5,41305,80028
10390151,157823.5,78913.5,236737,78910
15668831,6075.0,5456.0,11531,619
13314947,32441.5,21454.5,53896,10987
13888993,23821.0,19258.0,4563,43079
13265279,47045.5,26487.5,20558,73533
9618751,23190.5,7529.5,30720,15661
16064039,4565.5,4277.5,8843,288
8517367,66616.0,60742.0,5874,127358
8788033,250846.0,163514.0,414360,87332
11553221,57048.5,27406.5,84455,29642
11480977,58038.0,34691.0,92729,23347
8963659,201729.0,14860.0,216589,186869
8410513,149451.0,84405.0,65046,233856
14056109,23463.0,1386.0,22077,24849
15303469,11653.5,10145.5,1508,21799
13630951,6216.5,5711.5,11928,505
8597497,55258.0,42121.0,97379,13137
13614533,16189.5,10844.5,27034,5345
10739741,46395.0,12900.0,33495,59295
10540393,66733.0,51894.0,14839,118627
8546099,53191.0,51605.0,1586,104796
9290201,73310.0,25213.0,48097,98523
12176609,43070.5,1544.5,41526,44615
10308901,70506.0,46961.0,23545,117467
9716341,154655.0,70250.0,224905,84405
9358337,107080.5,10679.5,117760,96401
8829727,42671.5,29597.5,72269,13074
12526469,17930.5,8751.5,9179,26682
13426463,10971.5,6394.5,17366,4577
8691701,119788.5,15006.5,134795,104782
12895973,91079.0,1793.0,92872,89286
8974957,165591.5,38378.5,203970,127213
14599763,40887.5,36082.5,76970,4805
13756531,14074.5,8806.5,22881,5268
11786309,65804.0,18136.0,47668,83940
11303387,81576.0,29942.0,51634,111518
11510813,35014.0,18569.0,16445,53583
10488389,20065.0,589.0,20654,19476
8488009,17671.5,5112.5,12559,22784
10680259,143194.5,17395.5,125799,160590
8994967,79065.0,32540.0,46525,111605
8837107,117984.0,19067.0,137051,98917
8740229,236116.5,176943.5,413060,59173
14271259,25952.0,17788.0,43740,8164
9259813,9534.5,9014.5,520,18549
14861167,33049.5,15620.5,17429,48670
9732743,389688.5,286192.5,103496,675881
9119969,85914.5,24820.5,110735,61094
11656153,98312.0,53291.0,151603,45021
8518063,97738.5,17140.5,80598,114879
11812069,203562.0,123784.0,79778,327346
9260311,150223.5,64080.5,214304,86143
8515537,54780.5,20998.5,75779,33782
12332737,71440.5,43142.5,114583,28298
11538391,39242.5,2846.5,42089,36396
11209117,117453.5,102070.5,15383,219524
12143293,115619.0,106997.0,222616,8622
10879663,94682.0,63118.0,157800,31564
10909883,35777.5,29679.5,65457,6098
14935733,15266.5,4916.5,10350,20183
11517941,113215.5,54780.5,58435,167996
10000391,8409.0,312.0,8097,8721
12587657,14690.5,6045.5,20736,8645
14272421,15617.5,13708.5,29326,1909
12936809,81474.0,70621.0,10853,152095
9499117,158409.5,148314.5,306724,10095
12013121,10425.5,5328.5,15754,5097
13601039,24621.5,4452.5,29074,20169
8470193,124802.5,55500.5,69302,180303
12344821,62235.0,51464.0,113699,10771
8721709,215540.5,201576.5,13964,417117
10648013,84130.0,34515.0,118645,49615
10783699,118662.0,12328.0,106334,130990
9004141,504847.5,36629.5,468218,541477
9541507,59030.5,32015.5,27015,91046
13187453,47467.0,9536.0,57003,37931
10017221,70920.0,49219.0,120139,21701
8492581,194563.0,194487.0,76,389050
8546641,253123.0,137374.0,390497,115749
10336793,24176.0,4490.0,19686,28666
12268093,29382.0,22212.0,51594,7170
13668643,23661.0,921.0,24582,22740
9981449,372990.5,217427.5,590418,155563
8855783,220438.5,129595.5,90843,350034
11723423,59028.0,58111.0,117139,917
14596441,6183.0,5864.0,319,12047
9175373,347175.0,59208.0,287967,406383
9892583,82099.0,47702.0,129801,34397
8968249,179531.5,124921.5,304453,54610
14033939,56301.5,6939.5,49362,63241
9898741,20751.0,3012.0,23763,17739
13535807,60859.0,34248.0,26611,95107
9679451,100807.0,81430.0,19377,182237
14763289,5479.0,675.0,6154,4804
9343699,101365.5,68173.5,33192,169539
11896043,46411.0,27564.0,18847,73975
9929113,172918.5,90242.5,263161,82676
8968991,86500.5,78537.5,165038,7963
12045233,56011.0,51644.0,107655,4367
16434907,5653.5,1677.5,3976,7331
13252423,71521.0,13894.0,57627,85415
14623229,15630.5,3091.5,12539,18722
9455071,71203.5,9469.5,61734,80673
8967923,115700.0,64262.0,179962,51438
10488479,157319.0,50415.0,207734,106904
10444667,48828.5,47558.5,1270,96387
10619387,65375.0,56639.0,8736,122014
8623117,183427.5,6283.5,189711,177144
10715741,22554.0,3087.0,19467,25641
8706097,297810.5,92653.5,205157,390464
9390527,40971.5,4368.5,36603,45340
14762873,10423.0,8222.0,2201,18645
10766209,55471.5,25044.5,30427,80516
9060937,31461.0,28755.0,60216,2706
9630947,183121.0,1959.0,181162,185080
9911071,166789.5,145534.5,21255,312324
11116141,45671.0,32326.0,77997,13345
8680363,66447.0,33936.0,32511,100383
11729329,53890.5,32502.5,21388,86393
10592321,39380.5,12786.5,26594,52167
9495713,85259.0,49634.0,35625,134893
8764853,104681.5,56781.5,161463,47900
9453371,12831.0,12711.0,25542,120
13211087,19720.0,16185.0,3535,35905
11160557,42438.0,35893.0,6545,78331
9745283,41296.0,18591.0,59887,22705
8932919,79914.0,47842.0,127756,32072
9378881,58992.0,5004.0,53988,63996
10764581,209455.5,43979.5,253435,165476
12830603,9807.5,2101.5,7706,11909
13115881,66139.5,59147.5,125287,6992
10288021,237677.5,125390.5,112287,363068
9510169,60563.5,44170.5,104734,16393
13409677,25800.0,16280.0,42080,9520
8851217,133085.0,89080.0,44005,222165
10289459,59687.5,35629.5,24058,95317
9049223,28332.5,18948.5,47281,9384
15098077,33224.5,6035.5,39260,27189
10508453,116119.5,85093.5,31026,201213
9877979,30414.0,11275.0,41689,19139
15471229,21266.5,6887.5,14379,28154
12936619,23946.0,15865.0,39811,8081
12410513,46364.5,24098.5,70463,22266
13297693,3247.5,1886.5,5134,1361
8676859,54708.5,53822.5,108531,886
9939311,50320.0,5004.0,55324,45316
14559647,8410.0,4968.0,13378,3442
9648449,184012.5,27924.5,211937,156088
12364873,28045.5,18823.5,9222,46869
9785959,82246.0,34689.0,116935,47557
9453229,64814.0,38399.0,103213,26415
12900439,38298.0,31649.0,69947,6649
11074337,106390.5,88939.5,195330,17451
13082851,22452.0,10822.0,11630,33274
11591119,55359.0,20889.0,34470,76248
15583223,5214.5,3524.5,8739,1690
12968947,32630.5,301.5,32329,32932
11212969,96888.5,88458.5,8430,185347
9245783,106546.5,102725.5,209272,3821
10349861,26543.5,23962.5,2581,50506
11214289,80328.5,33915.5,114244,46413
8644219,19445.5,11588.5,31034,7857
10692827,46530.0,12905.0,59435,33625
9294619,109614.0,9590.0,100024,119204
13555099,48980.0,44812.0,4168,93792
8812651,61900.5,20668.5,41232,82569
12453697,73120.5,69583.5,3537,142704
9896869,91746.0,45353.0,137099,46393
9010817,79472.0,58046.0,21426,137518
10398959,9087.5,1076.5,10164,8011
11926513,77639.0,53965.0,131604,23674
9899677,156934.5,49209.5,107725,206144
14145121,13373.5,4544.5,17918,8829
9975271,70264.5,57831.5,128096,12433
10612429,69425.0,48689.0,20736,118114
14581397,9196.5,6367.5,2829,15564
10016759,30470.0,16508.0,46978,13962
8844907,132601.0,109778.0,242379,22823
14665999,16431.0,11606.0,4825,28037
9451991,64982.5,30383.5,34599,95366
10656419,10472.0,7713.0,2759,18185
9098053,32695.5,30106.5,62802,2589
11233349,97261.0,72434.0,24827,169695
10935601,52582.0,40297.0,12285,92879
10150307,128342.5,16310.5,144653,112032
8623457,356459.5,161821.5,194638,518281
15214579,8330.0,3680.0,12010,4650
13021153,6339.5,2023.5,4316,8363
8473783,116029.5,50284.5,65745,166314
9097001,208275.5,187621.5,395897,20654
8868043,81662.5,22412.5,59250,104075
8615153,114423.5,100504.5,13919,214928
11143843,8420.0,2255.0,10675,6165
9050537,422178.0,278410.0,700588,143768
9303079,398482.5,331938.5,66544,730421
11038141,13729.0,3917.0,9812,17646
14858243,13165.0,1679.0,14844,11486
14296963,8987.0,4888.0,4099,13875
9470611,6770.0,1659.0,5111,8429
9507697,380903.0,24175.0,356728,405078
8759099,155505.0,45400.0,200905,110105
8742113,174138.0,162807.0,11331,336945
10361861,44036.0,38738.0,82774,5298
13513867,31949.0,3858.0,35807,28091
11461529,27311.5,23950.5,51262,3361
8478059,111675.0,97881.0,209556,13794
9516649,91833.0,52247.0,144080,39586
10187351,26683.0,17872.0,8811,44555
11382247,25461.5,24004.5,1457,49466
13759609,38827.0,1990.0,40817,36837
10418411,40966.5,22191.5,18775,63158
15070327,6094.5,615.5,5479,6710
12938603,89325.5,8115.5,81210,97441
14859797,40289.0,3721.0,44010,36568
11509709,77217.0,6139.0,83356,71078
11992241,51957.0,21678.0,30279,73635
8533523,192088.0,74159.0,117929,266247
11426971,64098.0,58773.0,122871,5325
10029521,112376.5,92694.5,19682,205071
11318849,75883.5,36773.5,112657,39110
11038007,155968.0,130354.0,286322,25614
11201579,11073.5,4411.5,6662,15485
9463409,67302.0,23670.0,43632,90972
9736399,70765.0,65996.0,136761,4769
8798227,257471.0,243589.0,13882,501060
16441729,2282.5,1300.5,3583,982
8582087,382939.0,53013.0,435952,329926
11543803,39284.0,22200.0,61484,17084
13123613,41117.0,40422.0,81539,695
8501287,51673.5,13259.5,64933,38414
8583983,122808.0,8210.0,114598,131018
8731253,129130.5,95423.5,224554,33707
11263519,110079.5,1114.5,111194,108965
8545609,143934.0,131857.0,12077,275791
13335227,47099.0,46015.0,93114,1084
10535891,25709.5,20350.5,5359,46060
11416619,34916.0,11413.0,46329,23503
11427919,138270.0,3661.0,141931,134609
15843461,8489.0,5821.0,2668,14310
11859229,7954.5,7937.5,17,15892
9035237,82030.0,30745.0,112775,51285
10618609,24196.0,21065.0,3131,45261
11487059,30650.5,22054.5,8596,52705
10238051,72489.0,34648.0,107137,37841
15115319,7708.0,656.0,8364,7052
9575767,8433.5,5893.5,2540,14327
13954111,9341.5,6259.5,3082,15601
15358831,36430.5,35057.5,1373,71488
9736817,30044.5,24167.5,54212,5877
10697279,29661.5,24908.5,4753,54570
8789177,319141.5,290777.5,609919,28364
13261681,27182.5,26911.5,271,54094
9053383,15995.5,335.5,15660,16331
8565649,62107.5,16895.5,79003,45212
13606057,11339.0,9553.0,1786,20892
9883607,427771.5,289809.5,137962,717581
10774823,20535.5,15488.5,5047,36024
9749737,198625.0,59439.0,139186,258064
9230563,131550.0,9712.0,141262,121838
11269991,72207.5,48720.5,23487,120928
14025251,81427.5,31732.5,49695,113160
12331043,32908.5,20817.5,53726,12091
10663061,165421.0,149360.0,314781,16061
11381917,126476.5,45107.5,81369,171584
14528117,15670.0,12415.0,28085,3255
11426017,23547.0,19819.0,3728,43366
13551121,118425.5,35018.5,83407,153444
10480741,205838.5,97505.5,108333,303344
13039693,19062.0,5197.0,13865,24259
11122081,28798.0,9827.0,38625,18971
11895929,34169.0,6860.0,41029,27309
9920473,144187.5,93558.5,237746,50629
8978141,132571.0,120426.0,252997,12145
12118699,29352.0,668.0,28684,30020
12127559,21166.5,4521.5,25688,16645
13021759,30747.5,3478.5,34226,27269
12415061,62858.0,45859.0,16999,108717
12837589,22330.5,11066.5,33397,11264
11686817,19189.0,1118.0,18071,20307
9854813,229053.0,202389.0,26664,431442
13054381,54946.0,35703.0,19243,90649
12109261,78085.0,6714.0,71371,84799
9335813,63984.0,61903.0,125887,2081
12411701,55753.0,44691.0,100444,11062
9299809,103123.5,41395.5,144519,61728
10740523,33149.5,23080.5,56230,10069
9648487,81478.5,46192.5,35286,127671
13362367,6673.0,6505.0,168,13178
15045617,6670.0,4980.0,11650,1690
10426237,25715.0,20787.0,4928,46502
12395101,83820.5,76789.5,7031,160610
11347429,21795.0,17668.0,4127,39463
12128789,66826.5,53746.5,13080,120573
14591671,6949.0,1180.0,5769,8129
8863649,246126.0,155552.0,401678,90574
13872499,39079.0,25921.0,65000,13158
10979261,135071.0,95812.0,230883,39259
9557203,136244.0,22031.0,158275,114213
12218671,41752.5,27009.5,14743,68762
14873533,5770.0,1640.0,7410,4130
9013783,105710.0,92672.0,13038,198382
9335749,208899.0,159051.0,49848,367950
10278211,17814.0,9372.0,8442,27186
14910799,8403.0,4152.0,4251,12555
10972447,101250.0,51538.0,49712,152788
8881441,40697.5,8985.5,31712,49683
9842537,295414.0,291968.0,3446,587382
11166317,140367.5,48563.5,188931,91804
10372291,201693.5,68052.5,269746,133641
9812921,62222.0,19427.0,42795,81649
10116383,12248.0,3352.0,15600,8896
14041777,38808.0,12839.0,51647,25969
13447429,20450.5,8287.5,12163,28738
8454469,81694.5,67840.5,13854,149535
10358653,113406.0,60189.0,173595,53217
10382069,53464.5,47676.5,5788,101141
8740651,69129.5,12241.5,56888,81371
11785619,60096.5,58620.5,118717,1476
15013861,13800.0,583.0,14383,13217
13505621,19210.0,8881.0,10329,28091
9574217,44705.5,20140.5,64846,24565
13449313,10123.5,298.5,10422,9825
8429129,73567.5,12750.5,60817,86318
12722813,24575.5,9937.5,34513,14638
15799841,11047.5,110.5,11158,10937
13376383,59264.5,38841.5,98106,20423
9100493,188180.5,87582.5,100598,275763
8741333,210144.0,204788.0,5356,414932
13040303,19482.0,15186.0,4296,34668
9926047,11176.5,7720.5,3456,18897
9744827,105093.0,11105.0,93988,116198
8985107,432572.5,150706.5,583279,281866
8684191,334499.5,316777.5,651277,17722
10692013,128011.5,94910.5,33101,222922
12071041,27223.0,20231.0,6992,47454
9928417,86655.0,74403.0,161058,12252
11667053,67628.0,43951.0,111579,23677
8624053,203433.5,56777.5,146656,260211
9796547,134715.5,66645.5,68070,201361
10243091,55918.5,16345.5,39573,72264
10716149,34837.5,5986.5,40824,28851
9574199,94980.5,13779.5,81201,108760
12949777,76210.0,21179.0,55031,97389
8786081,351999.0,228682.0,580681,123317
9023941,59855.0,37683.0,97538,22172
11878799,76780.0,49825.0,126605,26955
10659749,32070.5,27639.5,59710,4431
15058231,19370.5,17677.5,1693,37048
11916809,67237.0,15960.0,83197,51277
8635807,383870.0,247979.0,135891,631849
10095047,96009.5,94690.5,1319,190700
15365443,9774.5,5594.5,4180,15369
8939011,96183.5,72509.5,168693,23674
9205879,103429.5,50457.5,52972,153887
9996533,37474.0,34728.0,72202,2746
11564923,50446.0,33620.0,16826,84066
15331403,26182.5,2308.5,23874,28491
14872849,11918.0,3332.0,8586,15250
13198013,75976.0,50039.0,126015,25937
11478283,39862.5,2578.5,37284,42441
14437139,7764.5,3194.5,4570,10959
8391827,280575.0,177103.0,103472,457678
13046351,7425.5,6763.5,14189,662
12026341,26241.0,1772.0,24469,28013
10817197,149546.5,87432.5,62114,236979
8916473,205501.0,159943.0,45558,365444
8958179,415278.0,290818.0,124460,706096
15951307,8434.5,1746.5,6688,10181
8837629,65923.0,64028.0,1895,129951
8479711,41936.5,36367.5,78304,5569
14084333,2699.5,397.5,2302,3097
14975531,8402.0,874.0,7528,9276
8792071,121805.5,95589.5,26216,217395
11724707,163574.0,137774.0,25800,301348
10322341,57025.5,4229.5,61255,52796
13587149,28746.5,1181.5,27565,29928
11085583,47768.0,14287.0,33481,62055
12024121,7076.0,6633.0,13709,443
14077607,14797.5,2164.5,12633,16962
13776107,3437.0,1408.0,2029,4845
10503929,257397.5,234229.5,491627,23168
11405197,134304.0,15067.0,149371,119237
13059031,5001.5,2283.5,7285,2718
11315159,26407.5,367.5,26775,26040
14174059,52359.5,36098.5,16261,88458
8552051,148405.0,123093.0,271498,25312
12135373,48716.0,25091.0,73807,23625
8522387,41712.0,3906.0,45618,37806
10670017,113622.0,3366.0,110256,116988
10866091,32179.0,16215.0,15964,48394
10509761,160070.0,57934.0,218004,102136
10215707,192849.5,41506.5,151343,234356
9646669,156266.5,135331.5,20935,291598
11714543,22006.5,14.5,22021,21992
8725859,232545.0,120419.0,352964,112126
10154671,289420.0,275225.0,564645,14195
15168721,6209.5,4094.5,10304,2115
11567993,15043.5,11729.5,26773,3314
10910281,29473.0,25282.0,4191,54755
10074499,67234.0,21666.0,88900,45568
8703217,46306.5,43652.5,2654,89959
11956937,23320.0,5921.0,29241,17399
8649077,97963.5,54552.5,152516,43411
11396719,36772.0,19203.0,17569,55975
12785057,23567.0,3229.0,26796,20338
8556307,562332.5,393115.5,169217,955448
10202683,143065.0,86128.0,229193,56937
10048361,84293.0,6601.0,77692,90894
10894837,34674.5,33388.5,68063,1286
11829877,2852.5,207.5,2645,3060
9410663,65708.5,36642.5,102351,29066
13925599,44142.5,3273.5,40869,47416
11117837,69844.5,62760.5,132605,7084
14657641,8904.5,8458.5,446,17363
9598723,158022.5,21844.5,136178,179867
14080361,10959.5,9241.5,1718,20201
8651833,149073.0,2278.0,146795,151351
12905317,64320.0,63384.0,127704,936
12809887,64667.5,5888.5,70556,58779
10706933,131865.0,92186.0,224051,39679
9492383,218280.5,1452.5,216828,219733
15157907,43921.5,36218.5,7703,80140
14363501,18215.5,6345.5,11870,24561
12113107,39837.0,30684.0,9153,70521
15284851,16245.5,12886.5,3359,29132
9286747,83445.0,50206.0,133651,33239
10754573,76928.5,31341.5,108270,45587
11449849,61040.5,29143.5,31897,90184
8597089,219557.0,173809.0,393366,45748
10390909,11038.5,11021.5,17,22060
8609779,208909.0,65310.0,274219,143599
13883497,62360.5,23592.5,38768,85953
8507153,84674.0,41476.0,126150,43198
14213029,22301.5,18211.5,40513,4090
11115317,93355.0,71458.0,164813,21897
14263793,6018.0,2908.0,3110,8926
9928993,113914.0,25256.0,88658,139170
14420579,17388.0,3432.0,20820,13956
9320473,35145.5,12895.5,22250,48041
8644819,496993.0,397852.0,99141,894845
8591147,102715.0,60829.0,41886,163544
12224957,94951.0,7829.0,102780,87122
11241143,88465.0,68713.0,19752,157178
8809181,63862.0,20169.0,43693,84031
13146971,64800.5,51127.5,13673,115928
8732131,289068.0,242871.0,46197,531939
11729243,57844.5,18078.5,75923,39766
9180539,271428.0,268864.0,540292,2564
15567667,4070.5,6.5,4064,4077
10857367,118880.5,44713.5,74167,163594
11576069,24070.5,22047.5,2023,46118
8988823,130319.5,86357.5,216677,43962
12039229,45988.0,32846.0,78834,13142
10437761,15652.5,3376.5,12276,19029
8899679,172956.0,141287.0,314243,31669
12068569,61756.5,53855.5,7901,115612
14116757,18133.0,1153.0,19286,16980
10385993,55659.5,7381.5,48278,63041
8768849,230127.0,110121.0,340248,120006
9671029,199926.5,199834.5,399761,92
11318143,71131.5,44444.5,115576,26687
10450501,206742.5,163534.5,43208,370277
15479327,1954.0,1095.0,3049,859
9013913,108497.5,51088.5,57409,159586
10064563,199463.0,83204.0,282667,116259
11346529,21825.5,5330.5,27156,16495
8840203,52619.0,3311.0,55930,49308
9984467,103319.0,26600.0,129919,76719
8502731,67828.0,18616.0,86444,49212
12980167,104232.5,4338.5,99894,108571
10626631,132003.5,71076.5,60927,203080
9252461,142412.0,65842.0,208254,76570
8699099,176934.5,71639.5,248574,105295
15080063,8267.0,1985.0,6282,10252
9083869,85276.0,38483.0,46793,123759
13864637,33158.0,24818.0,57976,8340
11175377,10895.5,9904.5,20800,991
11173931,100845.5,59895.5,40950,160741
9675949,111078.0,898.0,110180,111976
11569297,48329.5,36050.5,12279,84380
8679509,647215.0,62420.0,709635,584795
8399467,50334.0,32796.0,17538,83130
13418297,21609.0,13168.0,34777,8441
9694507,64399.5,33561.5,30838,97961
8454181,288159.0,231217.0,56942,519376
12241237,37258.5,29986.5,67245,7272
8767273,225175.0,111931.0,337106,113244
9925001,268133.0,199623.0,68510,467756
10779257,221491.5,3939.5,225431,217552
9054457,394776.5,128737.5,523514,266039
12217253,55297.5,42866.5,12431,98164
11006951,36062.0,25626.0,61688,10436
14402809,7970.5,3255.5,11226,4715
8467397,33205.0,4460.0,37665,28745
9673061,228045.0,189399.0,38646,417444
12785567,13409.5,7734.5,5675,21144
10547483,45956.5,37122.5,8834,83079
9005827,117677.0,9148.0,108529,126825
14415913,2336.0,1706.0,630,4042
12071551,67820.0,131.0,67689,67951
11300137,31050.5,23804.5,7246,54855
15034541,34523.5,31512.5,3011,66036
8496557,43959.5,43220.5,739,87180
8862377,177807.5,111710.5,289518,66097
9602419,102866.0,92548.0,195414,10318
11179849,153052.5,112765.5,265818,40287
8548217,54293.5,547.5,53746,54841
11789957,7806.0,2603.0,5203,10409
10995899,58262.0,21355.0,79617,36907
13377911,24608.5,12315.5,36924,12293
8406197,517245.5,184142.5,701388,333103
8844149,194500.0,119513.0,314013,74987
9511031,25572.0,23130.0,48702,2442
10331207,41257.0,13781.0,55038,27476
10224407,45979.0,17684.0,63663,28295
13783453,8689.0,5866.0,2823,14555
10351961,115643.0,82900.0,198543,32743
11637407,31801.0,14141.0,45942,17660
10177049,17562.0,4508.0,22070,13054
12838769,45351.5,2198.5,43153,47550
9066997,99997.5,93993.5,6004,193991
12888367,28695.5,17564.5,46260,11131
16094119,6103.0,4736.0,1367,10839
8860759,164613.0,102475.0,62138,267088
10141787,125396.0,88025.0,37371,213421
9889643,50139.0,12402.0,37737,62541
10420871,99827.5,83504.5,16323,183332
12720353,17076.5,14770.5,31847,2306
11592089,147873.0,83034.0,64839,230907
15386251,7783.5,5286.5,13070,2497
10894099,41798.0,34980.0,6818,76778
11433437,133770.0,112291.0,21479,246061
9199783,109628.5,36217.5,145846,73411
13872709,3730.0,537.0,4267,3193
8551093,405669.0,61035.0,344634,466704
12855379,65207.5,30193.5,35014,95401
8633351,207061.0,182304.0,389365,24757
11649311,41310.5,25477.5,66788,15833
9997763,66855.0,35821.0,31034,102676
11021561,36712.5,35454.5,72167,1258
9521359,78013.0,22692.0,100705,55321
10614173,225992.5,4383.5,221609,230376
11656363,29279.0,17768.0,11511,47047
9986131,42735.5,7998.5,34737,50734
9038833,36896.5,16536.5,53433,20360
9287909,36781.5,14009.5,22772,50791
9708371,104901.5,3688.5,108590,101213
12004667,58186.0,18439.0,76625,39747
14919169,3644.0,3507.0,7151,137
9126629,55178.0,10423.0,65601,44755
8480957,59439.0,44504.0,14935,103943
9006097,156094.0,5241.0,161335,150853
11601797,42987.0,35047.0,7940,78034
9024803,114372.0,77072.0,37300,191444
12443143,5403.5,952.5,4451,6356
8416801,286450.0,178264.0,464714,108186
11081489,9483.0,1606.0,11089,7877
10304051,10564.0,7745.0,2819,18309
9722431,61919.0,19944.0,81863,41975
14573459,9796.0,4383.0,14179,5413
9970817,150463.5,47807.5,198271,102656
10558531,43892.0,24849.0,68741,19043
11981261,50130.5,41781.5,8349,91912
11442527,49023.5,6050.5,55074,42973
14720633,1802.5,481.5,2284,1321
13971899,25451.5,626.5,24825,26078
8799061,445015.0,164878.0,609893,280137
11794033,2059.0,1597.0,462,3656
15631621,12025.5,1695.5,10330,13721
12787487,18044.0,613.0,18657,17431
10287427,219941.5,85344.5,305286,134597
14030459,4360.0,4034.0,8394,326
8458693,104569.5,98174.5,6395,202744
9266017,10205.5,2145.5,12351,8060
11132021,45209.5,14350.5,59560,30859
11689463,46692.0,44665.0,91357,2027
13329401,66822.0,60742.0,6080,127564
13022843,16122.5,13252.5,2870,29375
9376327,144304.5,97591.5,46713,241896
11118203,6072.5,4136.5,1936,10209
8866357,167140.5,47306.5,119834,214447
10401121,173799.5,163245.5,10554,337045
10513697,158796.0,73633.0,232429,85163
11936989,40747.5,8154.5,48902,32593
14555243,16707.5,869.5,15838,17577
10043359,180280.5,62345.5,117935,242626
10369607,34991.5,16022.5,18969,51014
10341091,112203.5,29003.5,83200,141207
9886787,151012.5,49357.5,101655,200370
8685133,61086.0,11058.0,50028,72144
8574421,310231.0,162981.0,473212,147250
11304611,35418.0,19455.0,15963,54873
12065377,59772.5,1175.5,58597,60948
10884959,18302.0,6483.0,24785,11819
11049329,68905.5,47504.5,21401,116410
14254927,14305.5,3546.5,10759,17852
10264747,46369.5,42347.5,4022,88717
13385569,27337.5,23459.5,3878,50797
8658337,26831.0,10307.0,37138,16524
8562091,109855.5,64233.5,45622,174089
9059213,93781.5,9026.5,102808,84755
8853707,222523.0,86165.0,308688,136358
11825057,35627.0,52.0,35679,35575
12114593,46244.0,2566.0,48810,43678
12310693,67086.5,66900.5,186,133987
11047789,39787.0,11085.0,28702,50872
14668097,38432.0,14557.0,52989,23875
12826579,22249.5,10911.5,11338,33161
14259607,46094.0,20296.0,25798,66390
8707891,33914.5,1373.5,35288,32541
10237421,65819.5,26354.5,92174,39465
8632681,71806.0,45795.0,117601,26011
10511273,46847.0,20959.0,67806,25888
14815291,15520.0,13153.0,2367,28673
15314681,21148.5,813.5,20335,21962
15311533,9128.0,4355.0,4773,13483
9769261,16433.0,13112.0,3321,29545
8977777,91847.5,13912.5,105760,77935
11837981,34614.5,6897.5,41512,27717
14371537,17921.0,14137.0,32058,3784
14517161,10962.0,8272.0,19234,2690
13018157,26757.5,9708.5,36466,17049
13285073,22857.5,16637.5,39495,6220
9462977,109298.0,21513.0,130811,87785
13738229,10688.5,6282.5,4406,16971
9870467,40883.0,29273.0,70156,11610
10031737,70820.0,42134.0,112954,28686
9187121,255284.0,15139.0,270423,240145
9317527,118257.5,1536.5,119794,116721
8969861,593116.0,160984.0,432132,754100
12276419,16278.5,1499.5,14779,17778
8509253,68410.0,31346.0,99756,37064
10717051,49769.5,16572.5,33197,66342
10550789,16940.5,4922.5,12018,21863
14034533,39867.5,28252.5,11615,68120
8426029,168850.5,49984.5,118866,218835
11817719,30472.5,29666.5,806,60139
12500701,28052.0,3138.0,31190,24914
9014431,408901.0,347191.0,756092,61710
9092813,402616.0,82702.0,485318,319914
8455873,140885.0,114290.0,26595,255175
13399051,87351.5,79812.5,7539,167164
13066289,81626.5,29548.5,52078,111175
10252579,26063.5,6375.5,32439,19688
10212269,203861.0,167926.0,371787,35935
9401621,230868.0,98818.0,329686,132050
9519787,202032.5,30003.5,232036,172029
8751361,133806.0,107279.0,241085,26527
10329491,172176.5,141553.5,30623,313730
11212699,26439.5,1466.5,27906,24973
8409299,37087.5,33427.5,70515,3660
11754247,23437.0,955.0,22482,24392
13096397,59916.5,33571.5,26345,93488
13195691,29881.5,26872.5,3009,56754
9263603,399889.0,129706.0,529595,270183
8801509,94438.0,24916.0,119354,69522
10113329,70966.0,8549.0,79515,62417
9774257,186384.0,82975.0,269359,103409
10997891,29906.0,28935.0,971,58841
9912797,123014.5,11961.5,134976,111053
8820233,154357.5,106639.5,260997,47718
10221857,552820.5,68892.5,621713,483928
9825077,54488.0,15815.0,70303,38673
8402983,11054.5,248.5,10806,11303
15527881,5651.5,2286.5,3365,7938
10176847,41374.0,36346.0,5028,77720
11324371,49104.5,39132.5,88237,9972
9188051,125500.0,9173.0,134673,116327
9521713,24888.5,22980.5,1908,47869
12845627,65018.0,55604.0,120622,9414
10206583,87651.0,80613.0,168264,7038
15356599,11764.0,11300.0,464,23064
10823957,52056.5,37399.5,14657,89456
11726537,24531.0,9735.0,34266,14796
10660189,53142.5,24987.5,78130,28155
14463191,20164.0,16653.0,36817,3511
9261149,342708.5,59828.5,402537,282880
15745217,12481.0,2592.0,9889,15073
9093067,125451.0,96773.0,28678,222224
10813573,13090.5,5171.5,7919,18262
8579801,66843.0,42736.0,24107,109579
9457213,117234.0,96190.0,21044,213424
9052187,17156.5,94.5,17062,17251
13559017,7377.0,5968.0,13345,1409
14585413,16564.0,3636.0,12928,20200
9220229,91076.0,27224.0,118300,63852
9366823,107251.5,14777.5,92474,122029
8925227,103188.0,41573.0,61615,144761
10347793,81190.5,74643.5,6547,155834
13074221,13111.0,245.0,12866,13356
8836613,301708.5,238913.5,62795,540622
11919287,28594.5,12494.5,41089,16100
10116371,123398.5,22959.5,146358,100439
9789817,171871.0,155471.0,16400,327342
16056049,7729.0,7108.0,621,14837
11812153,22961.5,7501.5,30463,15460
9261563,129159.5,116680.5,245840,12479
8948833,30802.0,517.0,31319,30285
13716139,42733.0,8080.0,34653,50813
10287631,120426.0,91372.0,211798,29054
11451169,2450.5,708.5,1742,3159
10726739,218402.5,64947.5,283350,153455
12334769,7078.0,915.0,7993,6163
12473459,17613.5,12524.5,5089,30138
10413229,102510.5,94631.5,197142,7879
10341431,40236.5,49.5,40187,40286
8530661,99341.0,62404.0,161745,36937
11414261,31695.5,9460.5,41156,22235
10001947,32575.5,14596.5,17979,47172
11372003,49037.0,28137.0,20900,77174
11669143,67414.5,26058.5,41356,93473
9138529,30229.0,20568.0,9661,50797
13406333,27378.0,5290.0,32668,22088
8765587,32792.0,16198.0,48990,16594
11964023,56766.5,17899.5,74666,38867
8404129,140255.5,69036.5,209292,71219
10723901,30893.0,23546.0,54439,7347
13261679,52003.0,41716.0,93719,10287
8582591,22615.5,13314.5,35930,9301
12396157,61064.5,60611.5,453,121676
8760277,23627.0,8638.0,32265,14989
12975817,30258.0,28155.0,58413,2103
11734103,50310.0,40578.0,90888,9732
10251211,203256.5,45857.5,157399,249114
11294317,90946.5,38845.5,52101,129792
12192773,112693.5,92430.5,205124,20263
9779111,94745.5,22799.5,117545,71946
14135059,21930.0,19450.0,41380,2480
10447763,42946.0,40654.0,2292,83600
9877349,114216.5,52725.5,61491,166942
14287571,30036.0,9909.0,20127,39945
9782897,32300.5,15691.5,16609,47992
10387693,41280.5,25587.5,15693,66868
14204251,33695.5,20277.5,53973,13418
9563963,82206.0,76932.0,5274,159138
11227661,62996.0,5135.0,57861,68131
8588483,17971.5,4358.5,13613,22330
13568369,81770.0,13272.0,95042,68498
8914657,86015.0,7825.0,93840,78190
14755309,9477.0,9077.0,18554,400
10261127,74978.5,70315.5,4663,145294
9150697,90113.0,59238.0,30875,149351
10180631,36920.0,8424.0,28496,45344
13516631,24123.0,15605.0,39728,8518
9850937,135372.5,36679.5,172052,98693
8642279,336881.5,328943.5,665825,7938
8558279,533855.0,229615.0,763470,304240
13372351,62884.5,58367.5,4517,121252
9738037,177470.5,153635.5,331106,23835
9762689,694073.5,481317.5,212756,1175391
10884847,95517.0,94490.0,1027,190007
11088787,160975.5,28845.5,132130,189821
9066461,33371.0,21581.0,54952,11790
8573911,172916.0,170018.0,342934,2898
13674247,17211.0,2702.0,14509,19913
14153851,3680.0,480.0,3200,4160
14365103,29605.5,25418.5,55024,4187
11273293,52853.5,39167.5,13686,92021
12071203,58637.5,51441.5,110079,7196
11695237,67146.5,54657.5,12489,121804
9699863,47543.5,22904.5,70448,24639
11743441,16237.0,8969.0,25206,7268
10995007,152358.5,69632.5,82726,221991
9858943,67394.0,53753.0,13641,121147
9568651,100464.5,54939.5,155404,45525
10780409,82198.5,67849.5,150048,14349
13112401,10720.0,8813.0,1907,19533
10027261,39273.0,3662.0,35611,42935
13274713,82295.5,20888.5,61407,103184
9767831,46059.5,26145.5,19914,72205
14386649,15986.0,4736.0,20722,11250
12557411,18765.0,711.0,19476,18054
8723843,166337.0,66221.0,100116,232558
13556087,76806.0,51163.0,25643,127969
9677627,67069.0,37646.0,104715,29423
8609893,10221.5,4785.5,15007,5436
10513913,28147.0,18692.0,46839,9455
8646679,128475.5,43553.5,172029,84922
13691473,13089.5,532.5,12557,13622
12726809,106470.5,80828.5,187299,25642
9353147,165066.0,14701.0,179767,150365
11775143,56166.0,40696.0,15470,96862
9079009,324879.5,290261.5,615141,34618
12112783,25175.0,9526.0,34701,15649
13988437,10416.0,3660.0,14076,6756
9271709,54628.0,15123.0,69751,39505
13857917,51963.0,9613.0,61576,42350
9672001,30971.5,22638.5,53610,8333
15418331,6461.0,5110.0,11571,1351
10438609,71693.5,1553.5,70140,73247
13554791,15972.0,4353.0,11619,20325
10424159,74702.0,4353.0,70349,79055
12807797,10717.5,2842.5,13560,7875
11625743,74201.0,1494.0,72707,75695
10338857,40001.0,8402.0,48403,31599
12751897,101906.0,35074.0,66832,136980
8797913,199951.0,34511.0,165440,234462
9218621,66126.0,16024.0,50102,82150
9778291,134900.0,29819.0,164719,105081
11042329,126445.5,86265.5,40180,212711
11306333,159925.5,97858.5,257784,62067
12002827,71262.0,41401.0,29861,112663
14284609,32836.5,25827.5,58664,7009
8444069,349714.5,195284.5,544999,154430
8393221,40823.0,21259.0,19564,62082
10981351,63058.5,15204.5,47854,78263
9927479,52539.0,1786.0,54325,50753
11950529,104870.0,99367.0,5503,204237
10542757,18487.5,11740.5,30228,6747
10188749,12251.5,4176.5,8075,16428
10323949,122666.5,73232.5,49434,195899
8487673,147393.5,140709.5,6684,288103
8560919,468717.5,26996.5,495714,441721
13624801,21052.0,7992.0,29044,13060
10487441,503044.5,102867.5,400177,605912
8774687,91530.5,34846.5,126377,56684
8972819,188921.0,83470.0,272391,105451
15202433,18114.0,5391.0,23505,12723
11411557,59010.0,51098.0,7912,110108
8449849,678501.5,37976.5,716478,640525
8436089,169599.5,47628.5,121971,217228
15438971,4899.5,1761.5,3138,6661
9190969,85663.5,70730.5,14933,156394
8507699,12027.5,1560.5,13588,10467
8999999,25780.5,22135.5,3645,47916
9309463,130643.0,31742.0,162385,98901
8902559,152898.5,580.5,153479,152318
9463757,66766.0,51988.0,118754,14778
14276917,14228.0,12045.0,26273,2183
10955849,147743.5,8872.5,138871,156616
13535849,43062.0,18018.0,25044,61080
12512683,59945.5,54530.5,5415,114476
9068369,308438.5,57147.5,365586,251291
13904251,51590.0,23699.0,75289,27891
13687643,41179.0,24812.0,65991,16367
12286837,34399.0,9822.0,24577,44221
12407183,2373.0,256.0,2629,2117
8450293,154823.5,132297.5,22526,287121
8699737,275176.0,222435.0,52741,497611
8668399,66837.5,13201.5,80039,53636
13921097,6729.5,4912.5,1817,11642
10524719,33665.5,29803.5,63469,3862
10009099,86213.5,47823.5,134037,38390
9334327,29639.0,13360.0,42999,16279
9874757,55824.5,3193.5,52631,59018
9335903,209118.5,147630.5,356749,61488
10944151,151760.0,80672.0,232432,71088
9282913,148999.5,138045.5,10954,287045
9603197,72642.5,51229.5,123872,21413
11030207,28751.0,11334.0,40085,17417
13812499,12904.5,4798.5,8106,17703
9178661,25062.0,23983.0,49045,1079
9401719,149882.0,13551.0,163433,136331
10901179,23198.0,11297.0,11901,34495
10180783,48514.0,47259.0,1255,95773
8597609,29792.5,28826.5,58619,966
14039813,36076.0,24890.0,11186,60966
11044343,88236.0,29409.0,58827,117645
13285703,52812.5,40961.5,93774,11851
8935163,226079.0,86236.0,139843,312315
8895217,228341.0,139570.0,88771,367911
9345407,22480.0,19051.0,3429,41531
15318307,14696.0,5738.0,20434,8958
9043147,60772.0,31781.0,28991,92553
14777863,21970.0,14395.0,7575,36365
10230893,81152.5,65222.5,146375,15930
8649257,123942.0,7820.0,116122,131762
14028613,5849.0,3281.0,2568,9130
13086677,96502.0,51430.0,45072,147932
13293743,17518.5,1639.5,19158,15879
11840137,71663.0,13450.0,58213,85113
11281679,64564.0,45339.0,109903,19225
9395261,439879.5,125751.5,314128,565631
8715701,338651.0,155899.0,182752,494550
10251743,110946.5,76859.5,34087,187806
10800019,162869.5,74610.5,88259,237480
11866433,80879.5,79892.5,160772,987
10459993,107955.0,34173.0,142128,73782
12734291,7879.0,3178.0,4701,11057
8803661,16106.5,15348.5,31455,758
10131827,43961.5,6161.5,37800,50123
9580379,60756.0,23381.0,37375,84137
9839051,23753.0,6908.0,16845,30661
12173123,10148.0,3742.0,6406,13890
10680277,108536.0,107497.0,216033,1039
9778193,79083.0,69824.0,9259,148907
12092363,47301.5,24417.5,22884,71719
11516993,53359.0,43977.0,9382,97336
13623157,43132.5,4265.5,47398,38867
9425243,150919.0,63233.0,214152,87686
9478907,199760.5,165979.5,33781,365740
12041969,59610.5,53208.5,6402,112819
10111411,132878.5,116241.5,249120,16637
11519611,43924.5,4435.5,48360,39489
12851827,16411.0,947.0,15464,17358
9473873,264512.0,147784.0,116728,412296
8719859,455181.0,1526.0,456707,453655
10854941,46726.0,26511.0,20215,73237
12387247,28855.5,26191.5,2664,55047
10278497,48046.5,25692.5,73739,22354
12786407,21761.0,12121.0,9640,33882
10684241,92011.5,38545.5,53466,130557
10359971,73844.5,69569.5,143414,4275
11373529,30919.5,29015.5,59935,1904
11462273,12649.0,4991.0,17640,7658
10874221,53005.5,23538.5,29467,76544
9799201,6920.5,4447.5,2473,11368
11006641,25259.0,6639.0,31898,18620
11145857,41538.0,14239.0,27299,55777
10124923,186830.5,58810.5,128020,245641
8863693,7872.0,4101.0,11973,3771
11244511,40999.0,15368.0,56367,25631
8597777,173534.0,100429.0,273963,73105
11755213,15629.0,10988.0,4641,26617
9286513,224736.0,202990.0,21746,427726
8870233,256164.5,115078.5,141086,371243
14657033,21913.5,12526.5,34440,9387
12386431,49271.5,26414.5,75686,22857
10144441,103800.0,86041.0,17759,189841
9201167,186094.5,53157.5,239252,132937
10629977,152828.0,45667.0,198495,107161
13183981,24255.5,8664.5,15591,32920
11020577,78129.5,45347.5,123477,32782
10245241,141404.5,16588.5,157993,124816
9823727,272267.0,109954.0,382221,162313
10100029,150854.5,67493.5,83361,218348
11493953,186417.5,172772.5,13645,359190
9222883,118591.5,31437.5,87154,150029
10624811,38082.5,13446.5,24636,51529
9099319,27200.0,11315.0,38515,15885
10278511,208161.5,125687.5,82474,333849
10335499,88625.0,39230.0,49395,127855
13489633,23939.5,21816.5,2123,45756
9697151,175839.0,159869.0,15970,335708
11763217,82902.0,2415.0,85317,80487
9490891,115092.0,39470.0,154562,75622
8483749,148395.5,95039.5,243435,53356
11606167,60445.0,21933.0,82378,38512
8967239,74367.5,18642.5,93010,55725
14852113,5603.5,4724.5,10328,879
9937243,83777.5,70020.5,153798,13757
9834469,242888.5,207923.5,34965,450812
10655761,218685.0,39358.0,179327,258043
13587569,30927.5,18239.5,49167,12688
14047373,786.0,477.0,1263,309
9555401,208213.5,113671.5,321885,94542
10043899,64680.0,39825.0,104505,24855
8502427,83823.5,18576.5,102400,65247
9025633,215989.0,172897.0,43092,388886
12791329,32635.5,20574.5,53210,12061
8956747,121872.0,92491.0,29381,214363
8789633,136599.0,112637.0,23962,249236
9494341,277584.5,265766.5,543351,11818
12078259,21154.5,9606.5,11548,30761
8673283,42646.5,28094.5,14552,70741
13467659,48311.5,39964.5,8347,88276
9843329,60214.0,36793.0,97007,23421
13688287,17176.0,16658.0,518,33834
9400291,67177.5,22304.5,89482,44873
9247523,132521.0,15256.0,147777,117265
14044403,32556.5,18575.5,51132,13981
14143357,30572.5,21572.5,9000,52145
8650483,103572.0,3957.0,99615,107529
9805769,339222.0,132906.0,472128,206316
13393021,42429.5,28542.5,70972,13887
11012987,223257.5,106444.5,116813,329702
9849667,188386.0,177664.0,366050,10722
11872373,10254.0,2442.0,12696,7812
11769613,21781.0,2499.0,24280,19282
9777983,479914.0,240424.0,239490,720338
14013113,17499.5,4805.5,22305,12694
8935547,124437.5,98082.5,222520,26355
10846369,44924.5,11108.5,33816,56033
14807279,9080.5,4608.5,4472,13689
8529377,245820.5,52973.5,192847,298794
12706091,91334.0,54994.0,146328,36340
12277091,30764.5,14317.5,45082,16447
13985821,19736.5,2306.5,22043,17430
12850109,13636.5,1578.5,15215,12058
11033093,32012.0,3667.0,35679,28345
8875067,270956.0,195932.0,75024,466888
12199193,51936.5,1726.5,53663,50210
9014617,228583.0,57378.0,171205,285961
14541229,16455.5,778.5,17234,15677
9960707,172544.5,60069.5,232614,112475
9795061,92519.0,3219.0,95738,89300
12641887,25261.0,10327.0,35588,14934
10524901,51403.5,18724.5,70128,32679
8753629,123910.5,60824.5,184735,63086
9414059,45797.5,39723.5,85521,6074
13016777,7669.5,6940.5,14610,729
12162967,29935.5,26475.5,56411,3460
8673391,20845.5,3592.5,17253,24438
9012683,412164.5,22692.5,434857,389472
11741383,26770.5,12912.5,39683,13858
14121043,7153.0,4893.0,2260,12046
12243409,40768.0,13418.0,27350,54186
11207297,21798.5,2635.5,24434,19163
10566697,92393.0,23957.0,68436,116350
8449079,31041.0,15437.0,15604,46478
14678893,23178.5,18224.5,41403,4954
9173429,173752.5,41730.5,215483,132022
9689809,400252.5,245076.5,645329,155176
13647503,118169.0,20827.0,97342,138996
10950881,133420.5,85114.5,48306,218535
10750687,276677.0,182866.0,93811,459543
10885513,25617.0,2603.0,23014,28220
10603091,85426.5,60524.5,24902,145951
10697903,21116.0,10963.0,32079,10153
10879243,178098.5,69216.5,247315,108882
10772089,33709.0,2588.0,31121,36297
8568809,447614.0,48860.0,398754,496474
10970837,29693.5,4930.5,24763,34624
9328141,17738.5,10912.5,28651,6826
8645563,384688.0,161679.0,223009,546367
11925167,86827.0,78950.0,165777,7877
9873013,156838.5,141937.5,298776,14901
9568969,262722.0,109989.0,152733,372711
9131753,128030.5,44669.5,83361,172700
12061019,33992.5,20440.5,54433,13552
11571193,230949.0,191381.0,422330,39568
11026493,48362.5,23897.5,72260,24465
11320931,25788.0,14793.0,10995,40581
12004823,24666.5,19932.5,44599,4734
10662121,184434.5,36292.5,148142,220727
11512367,58956.0,32164.0,91120,26792
8646161,165639.0,86054.0,251693,79585
9120689,95394.5,79834.5,15560,175229
9338977,64624.0,24061.0,40563,88685
9362831,343846.5,117932.5,461779,225914
14198537,20177.0,2292.0,22469,17885
13541069,8504.0,3857.0,4647,12361
14428741,33505.5,3244.5,30261,36750
12750953,84187.0,6724.0,90911,77463
8618573,96197.5,7187.5,89010,103385
8894903,216108.5,160282.5,376391,55826
15247261,14828.5,1754.5,16583,13074
9433037,235128.0,131083.0,366211,104045
9997619,47098.5,39760.5,7338,86859
9404557,28993.5,28265.5,728,57259
14190289,28374.5,3836.5,24538,32211
12883271,45632.0,1844.0,47476,43788
8995421,42243.5,37165.5,79409,5078
12857371,22215.5,13979.5,36195,8236
14348863,11208.0,7211.0,18419,3997
8447513,361718.5,182827.5,544546,178891
12842351,36896.0,34733.0,2163,71629
9513029,74937.5,36279.5,38658,111217
8997271,213885.0,17593.0,196292,231478
9999727,229447.0,52762.0,176685,282209
8408479,178498.0,66851.0,245349,111647
9167071,377067.5,29053.5,348014,406121
10008871,69126.5,51392.5,120519,17734
10164569,56217.0,47514.0,103731,8703
11242573,93897.0,36522.0,57375,130419
11520077,59445.0,33863.0,93308,25582
12485177,74153.5,57443.5,131597,16710
12168601,75908.0,53351.0,22557,129259
16128247,5094.5,3449.5,1645,8544
8697323,65841.5,30925.5,96767,34916
8805871,83804.0,50417.0,134221,33387
9509293,307279.5,180585.5,126694,487865
14388047,5022.5,1625.5,3397,6648
11098777,18871.5,10042.5,28914,8829
10366373,82372.0,64837.0,147209,17535
8426371,87421.0,17299.0,70122,104720
11391493,62113.0,28124.0,90237,33989
8774449,62380.5,60225.5,122606,2155
15892073,810.0,784.0,1594,26
14179117,6695.0,5168.0,11863,1527
10933849,91030.0,55798.0,35232,146828
9073171,60054.5,26206.5,86261,33848
11516201,53478.5,19414.5,72893,34064
14699387,7989.0,4716.0,12705,3273
10575251,200191.0,187258.0,12933,387449
8762419,202387.5,90186.5,292574,112201
8975287,245710.5,143040.5,102670,388751
10403413,331727.5,192206.5,139521,523934
11621539,42302.0,33498.0,75800,8804
13146907,10114.5,5805.5,15920,4309
14468213,21030.0,11919.0,9111,32949
15258377,555.5,235.5,320,791
9755143,202419.5,92556.5,294976,109863
8909981,78649.5,9355.5,88005,69294
9443293,85954.5,2168.5,88123,83786
12053263,174436.5,43746.5,218183,130690
13204871,98693.5,34643.5,64050,133337
8754341,400672.5,138755.5,539428,261917
11033837,42476.5,455.5,42021,42932
10280909,58435.0,15721.0,42714,74156
12044101,15404.5,4512.5,10892,19917
9194609,176925.0,33425.0,210350,143500
9393161,194988.5,56672.5,138316,251661
9605797,72680.0,17458.0,55222,90138
9495737,160238.0,11965.0,148273,172203
8716823,138390.5,99344.5,39046,237735
13134647,104049.0,76504.0,27545,180553
8690263,387179.5,345496.5,732676,41683
9074801,278341.5,188409.5,89932,466751
8711903,217898.0,186108.0,31790,404006
11068913,76335.0,53361.0,129696,22974
9474079,88764.0,35531.0,124295,53233
8918647,133172.5,15852.5,149025,117320
10230953,66552.5,50745.5,15807,117298
9867181,133106.0,48928.0,182034,84178
8997799,406403.0,65675.0,340728,472078
9518909,120665.5,118072.5,238738,2593
8845153,128502.0,6225.0,134727,122277
8967451,339325.5,190231.5,529557,149094
11676751,16888.0,13840.0,3048,30728
11649229,57243.0,38844.0,18399,96087
11406851,43533.0,43453.0,86986,80
10374059,47762.0,37664.0,10098,85426
13705121,56565.0,34465.0,91030,22100
10669993,158736.5,110574.5,269311,48162
10541563,30697.0,27536.0,58233,3161
9892373,72965.5,13610.5,86576,59355
13689919,24799.5,9332.5,34132,15467
12118147,15195.5,3736.5,11459,18932
13825631,26231.5,18974.5,45206,7257
11272477,22632.0,12313.0,10319,34945
8503181,409084.0,225816.0,634900,183268
8591417,464207.5,26173.5,490381,438034
11196677,37737.0,30527.0,7210,68264
10312891,27172.5,23464.5,3708,50637
9258713,191671.0,25784.0,165887,217455
8916979,124279.0,1083.0,123196,125362
9150049,85066.5,2903.5,87970,82163
14879939,14367.5,2708.5,11659,17076
9028909,70567.0,60857.0,9710,131424
9397807,86781.0,46588.0,133369,40193
9775411,277498.5,214001.5,491500,63497
14498969,7730.5,7025.5,14756,705
12179927,15545.0,8221.0,23766,7324
9681733,19378.5,4079.5,15299,23458
9956839,106482.0,70360.0,36122,176842
11145373,169373.5,56561.5,112812,225935
12495649,69251.5,62415.5,6836,131667
9978797,79395.5,13260.5,66135,92656
13315261,19464.5,5363.5,14101,24828
11627123,32905.0,6860.0,26045,39765
12067021,29637.5,29039.5,58677,598
9114827,112043.0,28442.0,83601,140485
11351897,49532.0,37343.0,12189,86875
12459157,78843.0,7526.0,71317,86369
10788343,100665.5,29742.5,70923,130408
13493881,48529.5,3602.5,52132,44927
10046299,74916.0,54998.0,19918,129914
14355239,14284.5,6048.5,20333,8236
10367311,68420.0,67573.0,135993,847
13224433,42793.0,9920.0,52713,32873
13295323,31750.0,13375.0,45125,18375
9893347,52494.5,4582.5,47912,57077
10414993,58828.0,2654.0,61482,56174
11716829,58310.0,6941.0,65251,51369
8736379,227499.0,58509.0,286008,168990
10657931,122529.5,47992.5,74537,170522
16138699,6318.5,685.5,5633,7004
14667811,18566.5,3523.5,22090,15043
12954959,115869.5,30569.5,85300,146439
8564693,86355.5,1464.5,87820,84891
9729809,35563.0,15947.0,51510,19616
8486393,201275.5,137535.5,63740,338811
12809443,86739.0,57983.0,28756,144722
10318801,10493.5,5465.5,15959,5028
10336189,97387.5,64980.5,32407,162368
10684529,57412.5,6550.5,50862,63963
11970989,42593.5,33926.5,8667,76520
9315463,199229.5,121267.5,77962,320497
9287233,127351.5,72302.5,199654,55049
9448249,132355.0,4268.0,136623,128087
9649907,45924.0,26155.0,19769,72079
8421379,251374.0,218542.0,469916,32832
14731723,8691.5,6381.5,2310,15073
10496543,66993.5,14979.5,81973,52014
12029327,31627.0,4227.0,27400,35854
9260261,62772.0,16681.0,46091,79453
8819333,70332.0,3384.0,73716,66948
12172159,3831.0,3772.0,7603,59
13022381,19475.0,13202.0,6273,32677
9807509,61573.0,55315.0,116888,6258
13716847,49453.5,37846.5,11607,87300
9820267,251166.5,214673.5,465840,36493
10248019,66913.5,11180.5,78094,55733
10154257,31257.5,13998.5,17259,45256
14551687,26666.0,24410.0,2256,51076
10953653,52431.5,27056.5,79488,25375
10953469,75905.0,43279.0,32626,119184
10428827,97176.5,92715.5,4461,189892
11277731,34881.0,13116.0,21765,47997
11854303,9793.5,8841.5,952,18635
10952257,97324.5,16296.5,113621,81028
8680949,49270.0,48516.0,754,97786
13373881,82945.5,80865.5,163811,2080
11577053,9545.5,9309.5,18855,236
8827307,140228.5,130176.5,270405,10052
10382027,62208.5,28344.5,90553,33864
14837063,9293.0,759.0,8534,10052
8547323,294481.5,143702.5,150779,438184
9306833,61061.5,38363.5,99425,22698
8640323,201027.0,112613.0,88414,313640
13079641,18643.0,11242.0,29885,7401
9233491,296196.0,279430.0,16766,575626
9594311,100178.0,73343.0,173521,26835
10883287,44714.0,26586.0,18128,71300
10858007,35296.5,29171.5,64468,6125
11865559,21272.0,16741.0,38013,4531
11078363,21940.0,6942.0,14998,28882
9019337,60685.5,50530.5,10155,111216
10091729,44952.5,2642.5,47595,42310
9798641,42890.0,29105.0,71995,13785
11118973,124749.0,98712.0,26037,223461
13527823,44257.5,12542.5,56800,31715
11536153,32407.0,2292.0,34699,30115
12108191,136496.0,99753.0,236249,36743
10283557,41010.5,39748.5,1262,80759
15783829,7167.5,5490.5,12658,1677
10545317,40625.5,8653.5,49279,31972
9905219,152781.0,62668.0,90113,215449
8722271,95075.0,28014.0,123089,67061
11947963,378979.5,205360.5,173619,584340
13872581,70949.5,69622.5,140572,1327
9004573,162813.0,92157.0,254970,70656
9839293,42807.0,18494.0,61301,24313
8884207,49629.0,9680.0,59309,39949
16313197,5401.0,1041.0,4360,6442
9904913,52452.0,32747.0,85199,19705
8655043,42969.5,13856.5,56826,29113
12834049,12309.5,11055.5,23365,1254
12115057,46527.0,33790.0,12737,80317
10651009,89337.5,9805.5,79532,99143
10271291,130299.5,89144.5,219444,41155
12529133,140350.0,87410.0,227760,52940
10444297,49569.5,4556.5,45013,54126
10204951,129097.5,4186.5,133284,124911
15671917,2292.5,1742.5,550,4035
10890787,15352.0,13562.0,28914,1790
13224481,77713.5,37903.5,39810,115617
12510269,58228.0,2398.0,55830,60626
10527109,38048.5,15271.5,53320,22777
10976513,57453.5,26822.5,30631,84276
12344467,167804.5,7653.5,175458,160151
13840951,16678.5,8987.5,7691,25666
14499343,3163.5,2829.5,5993,334
9072061,64053.0,36492.0,27561,100545
9090287,59782.5,2353.5,62136,57429
9459773,192748.5,97258.5,290007,95490
9450137,60923.0,11442.0,49481,72365
9844193,87294.5,63686.5,150981,23608
9242593,124906.5,78034.5,202941,46872
12641141,6671.0,2197.0,8868,4474
8397749,32416.5,26064.5,6352,58481
10896601,107425.0,44097.0,151522,63328
11248253,18530.5,8796.5,9734,27327
11063093,89460.0,33641.0,123101,55819
12130549,555.5,150.5,706,405
9940303,118248.5,51546.5,169795,66702
9513781,94245.5,1143.5,93102,95389
10338491,40491.5,12163.5,52655,28328
10435253,68159.5,22705.5,90865,45454
9678553,112833.5,37833.5,150667,75000
13876711,14022.0,222.0,14244,13800
11104801,36727.0,22987.0,13740,59714
15428771,11113.0,3126.0,14239,7987
9260653,137133.0,7861.0,144994,129272
9487787,59683.0,26054.0,33629,85737
10516679,27870.0,10758.0,38628,17112
11612123,16316.0,7591.0,8725,23907
8923139,172223.5,19032.5,191256,153191
9654217,159004.0,78231.0,237235,80773
13509733,7121.0,2954.0,10075,4167
11871809,32884.5,31000.5,1884,63885
9362183,96115.0,48296.0,47819,144411
9550043,59240.5,33430.5,25810,92671
10519897,49053.0,47700.0,1353,96753
9072617,388531.5,278801.5,667333,109730
13113259,45764.0,27212.0,18552,72976
9670951,345509.0,314667.0,660176,30842
12080587,59323.0,26743.0,32580,86066
10354033,20370.5,9923.5,30294,10447
11810861,39552.5,17804.5,21748,57357
14210033,12076.0,11793.0,283,23869
9722731,107012.5,64603.5,171616,42409
16344949,2888.5,1056.5,3945,1832
9691067,208444.0,157146.0,365590,51298
10225361,40581.5,13080.5,53662,27501
12149437,5410.5,5169.5,241,10580
9823609,114280.0,20288.0,134568,93992
10542943,39152.0,31333.0,7819,70485
9257929,135679.0,29857.0,105822,165536
10030963,214186.5,66284.5,147902,280471
10240081,4724.0,2158.0,2566,6882
10228817,69144.0,20062.0,89206,49082
10465801,102910.5,101073.5,203984,1837
14309039,40387.0,31116.0,9271,71503
8652533,285764.0,125000.0,160764,410764
10659889,132066.5,101232.5,30834,233299
8602427,103060.0,84073.0,187133,18987
14100649,37225.0,30531.0,6694,67756
9118457,151564.0,82799.0,68765,234363
15471647,955.0,624.0,1579,331
14412257,9811.5,5068.5,4743,14880
15410797,9926.5,4723.5,14650,5203
13765013,10538.5,7419.5,3119,17958
15351137,11909.0,4768.0,7141,16677
9087521,127495.5,74675.5,52820,202171
10827989,103602.5,71292.5,32310,174895
13016191,64285.0,48470.0,15815,112755
10922411,32538.5,25720.5,58259,6818
8839697,121242.5,69393.5,51849,190636
12566881,49907.5,17561.5,32346,67469
10237307,61306.5,28890.5,32416,90197
11424437,21613.5,16210.5,5403,37824
10743697,48349.0,38595.0,9754,86944
10768333,52218.5,37285.5,14933,89504
9933839,241538.5,96990.5,338529,144548
12196529,49787.0,48465.0,1322,98252
11848357,31074.0,17600.0,48674,13474
8998541,118127.5,23352.5,94775,141480
8443133,294674.0,246692.0,47982,541366
10762753,79698.5,78402.5,158101,1296
8654419,49258.5,34345.5,83604,14913
12065533,11200.5,2913.5,8287,14114
9644431,70020.5,35062.5,105083,34958
11652413,56893.5,45522.5,11371,102416
11623967,24908.0,12743.0,37651,12165
11088331,32259.5,26322.5,5937,58582
12211777,21220.0,6612.0,14608,27832
14657941,21195.0,9047.0,30242,12148
9478477,44987.0,21997.0,66984,22990
13128019,31246.5,28249.5,2997,59496
10301261,77526.5,5214.5,72312,82741
14366039,23039.0,7804.0,30843,15235
12088291,74870.5,12201.5,87072,62669
9736249,61552.5,53453.5,8099,115006
11858111,21640.0,18393.0,40033,3247
8726897,124983.0,63722.0,188705,61261
8666689,47019.5,26293.5,20726,73313
9483167,95144.0,18401.0,113545,76743
10118237,62388.0,6550.0,68938,55838
14281681,10404.5,3980.5,6424,14385
12058129,208344.5,182716.5,25628,391061
8684057,104968.0,88499.0,16469,193467
10809719,41418.0,10045.0,51463,31373
15119779,6699.5,3804.5,10504,2895
12389827,133853.5,76756.5,210610,57097
12315761,44848.0,28534.0,73382,16314
12028363,73026.5,38700.5,111727,34326
11450891,39908.0,24620.0,15288,64528
10633397,59367.0,13325.0,46042,72692
11983121,35428.0,33429.0,68857,1999
8664001,193241.0,83527.0,276768,109714
10413343,115909.5,53485.5,169395,62424
8670121,261161.5,72566.5,333728,188595
15342889,14550.0,13587.0,963,28137
9727511,154170.5,137933.5,292104,16237
9596759,73047.5,7508.5,80556,65539
10449349,7864.5,2362.5,5502,10227
11798329,107815.5,71760.5,179576,36055
12268807,17258.5,11457.5,28716,5801
8783597,39237.0,33127.0,6110,72364
8793077,231918.0,93392.0,138526,325310
11857621,38555.5,5244.5,33311,43800
9531143,69220.0,60274.0,8946,129494
14106977,25130.5,7042.5,32173,18088
12983809,19899.5,9568.5,29468,10331
15632891,21267.0,1826.0,19441,23093
9076807,55014.5,23215.5,78230,31799
12132139,10323.5,7446.5,2877,17770
8412583,125960.0,119076.0,6884,245036
11648569,68633.0,26762.0,41871,95395
8972027,137805.0,132052.0,269857,5753
12403429,24963.0,1554.0,23409,26517
9246583,15410.0,10767.0,4643,26177
8875733,144313.5,44285.5,100028,188599
9049759,157932.0,41677.0,199609,116255
10149917,50999.0,42522.0,8477,93521
9450949,36974.5,14419.5,22555,51394
12573109,31722.5,5951.5,37674,25771
10175939,33609.5,21742.5,11867,55352
10382077,137347.5,9191.5,146539,128156
14117071,6421.0,4332.0,10753,2089
9684919,81340.5,73460.5,154801,7880
8566141,136208.5,12897.5,149106,123311
10949093,179930.5,95191.5,84739,275122
13846541,9986.0,6366.0,3620,16352
9728161,601642.5,382299.5,983942,219343
8478487,595035.5,65148.5,529887,660184
8919667,143335.0,92727.0,236062,50608
12418477,9519.0,9293.0,226,18812
9008849,149028.5,29088.5,119940,178117
13333087,22087.5,1050.5,21037,23138
12626897,16352.0,15154.0,1198,31506
14142101,54775.0,1335.0,53440,56110
8981543,393211.5,125417.5,267794,518629
11304767,18828.0,5921.0,24749,12907
9588287,115911.5,33614.5,149526,82297
10131217,42942.5,31750.5,74693,11192
10265447,96679.5,95165.5,191845,1514
8774189,13664.5,8739.5,4925,22404
9497833,125533.0,67312.0,192845,58221
11105293,18932.0,9904.0,9028,28836
14495623,17825.5,2235.5,15590,20061
9586901,102523.5,31279.5,71244,133803
11098309,36302.5,26536.5,62839,9766
11309917,54185.0,17862.0,36323,72047
14621021,16035.5,435.5,15600,16471
11355343,27991.5,5363.5,22628,33355
14597501,34140.0,32386.0,66526,1754
9941153,51077.5,45455.5,96533,5622
9240677,217014.5,75885.5,292900,141129
11354953,101257.5,24357.5,76900,125615
16216153,1647.0,869.0,778,2516
9545729,23749.5,17042.5,40792,6707
10146109,32905.5,26437.5,59343,6468
9053833,64519.5,44018.5,20501,108538
8473613,120928.5,33805.5,87123,154734
14517637,10589.5,7839.5,2750,18429
10225321,70775.0,26949.0,97724,43826
12746267,11468.0,1595.0,13063,9873
11661233,64085.0,53380.0,117465,10705
8474197,68997.5,8918.5,77916,60079
13063159,12504.5,3421.5,9083,15926
