3374149,3464.5,525.5,2939,3990
2570041,25699.0,17650.0,8049,43349
2186123,17196.5,8360.5,8836,25557
2345587,59902.5,16932.5,76835,42970
2718271,4522.5,531.5,5054,3991
2219237,36033.0,26693.0,9340,62726
2409139,30679.0,25588.0,56267,5091
3138463,4764.0,4111.0,653,8875
3412873,9405.5,1564.5,7841,10970
2472161,7931.5,3903.5,11835,4028
2625281,17042.5,13653.5,30696,3389
2201411,16409.5,16140.5,32550,269
2152543,31267.0,20701.0,51968,10566
3157153,7430.0,3668.0,3762,11098
2138761,57198.5,44250.5,101449,12948
2725103,14763.5,5733.5,9030,20497
2879483,11028.0,9346.0,20374,1682
3421771,9346.0,830.0,10176,8516
2287829,17892.0,5532.0,12360,23424
2444861,22050.5,7068.5,14982,29119
3077909,11955.0,7514.0,4441,19469
3789943,787.0,779.0,8,1566
2312657,14887.5,1081.5,13806,15969
2672713,7917.0,2596.0,10513,5321
3300083,8012.5,4314.5,12327,3698
2297527,22330.5,11396.5,33727,10934
2978347,7139.0,4461.0,11600,2678
2328593,36578.0,11373.0,25205,47951
2215511,24984.0,21316.0,3668,46300
2473753,15724.0,6546.0,9178,22270
3102647,3179.0,745.0,3924,2434
4022947,622.0,295.0,327,917
3222311,13828.0,11376.0,2452,25204
2598097,8549.0,2533.0,11082,6016
2754511,522.5,124.5,647,398
2299861,47119.5,18153.5,65273,28966
2526431,30462.5,8048.5,38511,22414
2953943,15818.5,15576.5,31395,242
2327489,11540.0,6707.0,18247,4833
3683591,2804.0,2026.0,4830,778
2227811,3158.5,3112.5,6271,46
2405597,20078.5,17826.5,2252,37905
2633567,56628.0,26438.0,83066,30190
2483177,44410.0,26939.0,71349,17471
2456543,54408.0,48179.0,102587,6229
3125383,20210.0,1709.0,21919,18501
2343703,36813.5,1576.5,35237,38390
2388149,18296.0,2114.0,20410,16182
3331529,16276.0,15091.0,1185,31367
3798601,5357.5,527.5,4830,5885
3654223,2405.5,890.5,3296,1515
2397679,6479.0,971.0,5508,7450
2340539,22232.0,16075.0,38307,6157
2401141,6458.5,3948.5,10407,2510
2324923,57202.0,31995.0,25207,89197
2320469,36094.5,8849.5,27245,44944
3218821,13567.5,9016.5,22584,4551
2475637,36651.5,26045.5,10606,62697
2454689,22369.0,20071.0,42440,2298
2339599,51501.0,8009.0,59510,43492
3146851,7490.0,6975.0,515,14465
2300849,8593.5,1770.5,10364,6823
2718913,50935.5,9994.5,40941,60930
2698873,32180.5,7811.5,24369,39992
2531201,36412.5,14276.5,50689,22136
3180449,4746.5,3279.5,8026,1467
2216393,38165.5,9043.5,29122,47209
2319131,19747.0,14588.0,5159,34335
2431129,67360.0,14885.0,52475,82245
3869303,2046.0,210.0,2256,1836
3298993,5957.5,5655.5,11613,302
3008279,11128.0,1281.0,12409,9847
2264701,44620.5,1619.5,46240,43001
2807627,6781.0,3041.0,3740,9822
2853839,59777.5,19304.5,40473,79082
3608413,6714.0,2319.0,4395,9033
2727509,35558.5,17489.5,18069,53048
2098273,25998.5,19873.5,45872,6125
2461687,57533.0,3649.0,61182,53884
3727583,2528.5,2337.5,4866,191
3329329,1182.5,818.5,364,2001
2253403,23168.0,14248.0,37416,8920
3583253,561.5,304.5,257,866
3408397,5705.0,2316.0,8021,3389
2847821,83146.5,40274.5,42872,123421
2169551,18606.0,13094.0,31700,5512
3315941,1584.5,223.5,1361,1808
2707337,5124.0,2791.0,2333,7915
2141869,141031.5,112.5,140919,141144
3788693,189.5,48.5,238,141
4051913,151.0,89.0,62,240
2761867,11784.0,2898.0,14682,8886
2122051,145294.5,94629.5,239924,50665
2132443,37046.5,30671.5,67718,6375
3682919,3277.0,807.0,4084,2470
3361573,17856.5,4350.5,13506,22207
2221327,75619.5,36826.5,112446,38793
2676251,13632.0,5750.0,7882,19382
2907449,6426.5,1641.5,8068,4785
2449771,10255.0,5866.0,4389,16121
2280049,27618.5,9644.5,17974,37263
3200633,2698.5,2384.5,5083,314
2142071,100787.5,12709.5,88078,113497
2114863,87813.5,37893.5,125707,49920
2568607,20935.5,14705.5,35641,6230
3200377,7646.5,4090.5,3556,11737
3252719,16724.0,15751.0,32475,973
2431801,4461.5,2621.5,7083,1840
2706833,33408.5,13192.5,20216,46601
3114703,55248.5,33898.5,89147,21350
2302031,69327.0,33263.0,102590,36064
3061771,5737.5,841.5,4896,6579
2614259,4945.5,4442.5,503,9388
2472763,71638.0,19981.0,91619,51657
2550377,7364.5,1446.5,5918,8811
2187487,32920.5,26006.5,6914,58927
3193369,32552.5,26093.5,58646,6459
2996501,10165.5,667.5,9498,10833
2740939,27983.5,25813.5,2170,53797
2774533,8076.0,4354.0,12430,3722
3275659,5046.5,4979.5,67,10026
3213173,8966.5,8563.5,403,17530
2695939,19261.5,12634.5,31896,6627
3812491,2008.5,1955.5,3964,53
2481463,16451.5,9324.5,25776,7127
2445007,29736.0,8115.0,37851,21621
2310307,42426.0,7467.0,34959,49893
2201863,21466.5,17378.5,38845,4088
2852561,32264.0,28742.0,3522,61006
3099521,8026.0,7047.0,15073,979
2269523,20813.0,6460.0,27273,14353
2367853,21461.0,13073.0,34534,8388
3198233,18280.0,6813.0,11467,25093
3583969,6433.0,4427.0,2006,10860
2137693,20992.5,11785.5,32778,9207
2566873,12133.5,6718.5,18852,5415
2893153,8910.5,5851.5,3059,14762
2839147,3483.0,675.0,4158,2808
2469977,19648.5,1628.5,21277,18020
2303761,79418.0,48398.0,31020,127816
2896583,6204.0,4502.0,1702,10706
3029011,17602.5,4505.5,13097,22108
3892729,624.5,51.5,676,573
2758351,7347.0,623.0,7970,6724
2756353,25539.0,15528.0,10011,41067
2180599,29053.5,25037.5,4016,54091
2408059,13897.0,6484.0,20381,7413
2290601,37017.5,3015.5,40033,34002
3172769,2594.0,1247.0,1347,3841
3084457,14040.5,1431.5,12609,15472
2910431,30352.0,19109.0,11243,49461
3035933,3528.0,4.0,3524,3532
2276891,26786.5,12433.5,39220,14353
3698867,3394.0,1712.0,5106,1682
3326317,4647.5,3107.5,7755,1540
2865349,13289.5,7123.5,6166,20413
2724431,12944.5,12724.5,220,25669
3454559,7694.5,54.5,7749,7640
2384807,11103.0,1304.0,9799,12407
2892529,21313.0,20545.0,41858,768
2188057,17691.0,11547.0,6144,29238
2785933,21630.5,20978.5,42609,652
2796389,7475.5,1206.5,6269,8682
2233729,99736.5,92302.5,192039,7434
2123189,42640.0,18197.0,24443,60837
2508887,30351.5,7837.5,38189,22514
2197717,32033.5,31809.5,63843,224
3471289,1189.0,681.0,508,1870
2224549,18666.5,14162.5,32829,4504
3230839,19612.5,14785.5,34398,4827
2467849,7337.5,6342.5,13680,995
3230317,24491.5,7497.5,16994,31989
3726997,5331.0,4897.0,10228,434
2507419,4652.0,2771.0,7423,1881
2868847,28701.0,13101.0,41802,15600
2422151,6544.5,1291.5,7836,5253
2867587,13172.0,8539.0,21711,4633
3995857,987.0,93.0,1080,894
3065471,15550.0,12600.0,28150,2950
3000269,6769.0,281.0,7050,6488
2250697,24599.5,2985.5,21614,27585
3762581,2772.5,2233.5,5006,539
2287037,119220.5,97761.5,216982,21459
3245353,9709.5,8684.5,18394,1025
2270923,16389.5,12053.5,28443,4336
3407491,16079.5,8410.5,7669,24490
3403097,18741.0,12932.0,31673,5809
2968129,20118.0,5021.0,15097,25139
2878259,2920.0,2535.0,5455,385
2478431,2454.0,1266.0,3720,1188
2510093,71036.0,13152.0,57884,84188
2457919,47280.0,1525.0,48805,45755
2555209,62166.0,2969.0,59197,65135
3042097,18433.0,3282.0,15151,21715
2863673,11311.5,5450.5,16762,5861
3087121,5519.5,4722.5,10242,797
2437361,20974.0,17019.0,3955,37993
3116731,6776.0,5955.0,12731,821
2429159,33751.0,10386.0,44137,23365
2585543,10735.0,2382.0,8353,13117
2676287,47814.5,32753.5,80568,15061
3280751,10614.5,4415.5,15030,6199
3130747,5709.5,5430.5,279,11140
2102209,94842.0,66226.0,28616,161068
3711437,663.5,229.5,434,893
2852573,11635.0,4849.0,6786,16484
2828821,10520.0,981.0,11501,9539
3062069,31633.0,31023.0,62656,610
3017923,14015.0,9593.0,23608,4422
3001793,26969.5,480.5,27450,26489
2480039,10176.0,8633.0,1543,18809
2371519,22740.0,8782.0,13958,31522
2167457,25021.5,17829.5,42851,7192
2569573,26262.0,12121.0,38383,14141
3647771,1787.5,1357.5,3145,430
2349847,21938.0,2738.0,19200,24676
2340463,57577.5,13920.5,71498,43657
2191919,51389.0,2265.0,53654,49124
3529639,4140.5,3556.5,7697,584
2338223,30849.5,5411.5,25438,36261
2971373,19435.0,90.0,19345,19525
3014149,6088.0,3640.0,2448,9728
2795329,6908.0,1712.0,8620,5196
2822231,28822.0,15843.0,12979,44665
2261251,78363.5,41422.5,119786,36941
2649271,3946.5,3725.5,7672,221
2696807,7620.0,5921.0,1699,13541
3097147,16264.5,3989.5,12275,20254
3762079,6187.5,486.5,5701,6674
3567997,3471.5,2342.5,5814,1129
2148067,28823.5,17749.5,46573,11074
2552723,25975.0,24313.0,50288,1662
4112663,774.0,470.0,304,1244
2901641,1844.0,327.0,2171,1517
3036743,10299.0,8299.0,18598,2000
3031081,98765.5,73920.5,24845,172686
2171369,11257.0,2189.0,13446,9068
2210519,172671.0,11410.0,161261,184081
3526763,3611.5,992.5,2619,4604
2314427,22691.0,17080.0,5611,39771
2304131,37110.5,4649.5,41760,32461
2301917,21350.5,18393.5,2957,39744
2503057,10377.5,1468.5,11846,8909
2335379,7361.5,6001.5,13363,1360
2419453,22622.5,6271.5,16351,28894
3442711,9101.5,5221.5,14323,3880
2815471,7792.5,1074.5,6718,8867
3158773,3445.5,20.5,3466,3425
2852579,15888.0,6444.0,9444,22332
2170739,33917.0,17150.0,16767,51067
2136821,53788.0,41895.0,11893,95683
3202981,5439.0,4871.0,568,10310
2404817,100414.0,43814.0,56600,144228
2240813,30815.5,16643.5,47459,14172
2499557,53757.5,5957.5,47800,59715
3227737,25511.0,22946.0,2565,48457
2720617,5125.0,1936.0,3189,7061
3529697,5535.5,678.5,4857,6214
3493729,1794.5,320.5,2115,1474
3033601,984.0,538.0,1522,446
2620333,35784.5,19629.5,55414,16155
2761067,4926.0,3634.0,8560,1292
2294287,92774.5,90755.5,2019,183530
2604947,14018.0,3249.0,17267,10769
3184417,9736.0,7403.0,17139,2333
2756003,9951.5,5456.5,4495,15408
2565859,33419.0,568.0,33987,32851
2240467,16310.0,4339.0,11971,20649
2767123,2813.0,2656.0,157,5469
2636987,6121.0,2273.0,8394,3848
3708973,1837.5,999.5,2837,838
3109009,18740.0,6659.0,25399,12081
2103263,81311.0,57979.0,139290,23332
2571319,31128.5,9705.5,21423,40834
2556017,12322.0,6751.0,5571,19073
2615633,29804.0,28092.0,1712,57896
3163817,22212.5,4155.5,18057,26368
3336329,7085.0,2152.0,4933,9237
3259063,11881.0,8539.0,20420,3342
2466791,60364.5,44121.5,104486,16243
2310313,40455.0,29802.0,70257,10653
2961059,46496.5,39576.5,86073,6920
2957527,10533.5,2041.5,12575,8492
2467273,13012.0,9442.0,3570,22454
2153617,77334.5,59225.5,18109,136560
2330381,28342.0,20236.0,48578,8106
2990293,23705.0,8355.0,32060,15350
2522567,48788.5,47743.5,1045,96532
3111473,10607.0,5990.0,4617,16597
2283121,37931.5,23125.5,14806,61057
3919439,1251.5,383.5,868,1635
2555239,9021.0,490.0,9511,8531
3126037,9343.0,2394.0,6949,11737
2705123,34828.5,23968.5,10860,58797
2468783,4125.5,212.5,4338,3913
2364431,29087.0,18350.0,10737,47437
2638861,12916.5,4016.5,16933,8900
2391913,75670.5,30162.5,45508,105833
2389609,18211.5,6162.5,12049,24374
2098997,58878.5,17905.5,76784,40973
2993987,14139.5,6196.5,20336,7943
3523699,11187.0,3407.0,7780,14594
3058709,11029.5,3342.5,14372,7687
3495967,4716.0,1529.0,3187,6245
2417677,16036.0,9801.0,6235,25837
2438699,2094.0,325.0,2419,1769
2241623,5032.5,3355.5,1677,8388
2148589,22892.5,20622.5,2270,43515
2920007,19520.5,13302.5,6218,32823
2594129,7436.5,4125.5,11562,3311
2759681,17111.5,6886.5,10225,23998
2423573,41100.0,21649.0,19451,62749
3320087,25268.5,22609.5,47878,2659
3382121,1905.5,95.5,2001,1810
3740861,1195.5,926.5,269,2122
2229341,157894.5,118599.5,39295,276494
3135941,8914.5,7098.5,1816,16013
2535713,18019.5,16107.5,1912,34127
2116349,37763.0,7985.0,45748,29778
3080929,8531.5,2258.5,10790,6273
3692629,1446.0,1177.0,2623,269
2325091,9223.5,1399.5,7824,10623
2343689,17610.0,14675.0,2935,32285
2802049,19354.0,12224.0,31578,7130
2743339,26936.5,10760.5,37697,16176
2224883,28850.0,26834.0,55684,2016
2740967,16297.5,10325.5,5972,26623
2143171,16753.5,14552.5,31306,2201
2602387,21950.0,20010.0,41960,1940
2357087,32585.5,7.5,32593,32578
2276927,13891.0,13098.0,26989,793
2159071,144908.5,55127.5,89781,200036
2536591,4684.5,2144.5,2540,6829
2099597,73541.0,68522.0,5019,142063
2839423,8342.0,2949.0,11291,5393
3132757,14323.5,3236.5,17560,11087
2995897,12257.0,8273.0,3984,20530
2578439,79086.5,6448.5,85535,72638
2998843,6896.0,2016.0,4880,8912
2640623,4134.5,2110.5,6245,2024
3248429,7205.5,851.5,6354,8057
2113889,74622.0,28172.0,46450,102794
2660681,20698.0,16860.0,37558,3838
2803363,9688.5,3922.5,5766,13611
2272531,54938.0,15490.0,70428,39448
2247191,44430.0,31632.0,76062,12798
2298547,21894.5,8004.5,13890,29899
2581867,30428.5,27716.5,2712,58145
2101663,57753.5,51868.5,109622,5885
2912843,6506.0,4615.0,1891,11121
2440169,31484.0,18430.0,49914,13054
2727281,16596.0,952.0,17548,15644
2639677,47851.0,10346.0,58197,37505
3822911,2552.5,657.5,3210,1895
2700311,20557.0,1202.0,19355,21759
2456309,49939.0,48250.0,1689,98189
3568321,10306.5,6797.5,3509,17104
3804679,346.0,287.0,59,633
2121391,16121.5,9881.5,6240,26003
2493431,12952.5,322.5,13275,12630
2349173,10385.5,6035.5,4350,16421
2168513,67893.5,3211.5,64682,71105
2927377,29465.5,28023.5,57489,1442
3853327,1629.0,817.0,2446,812
2809123,22515.0,5900.0,28415,16615
3091691,4119.0,3695.0,7814,424
3004003,7493.5,4878.5,12372,2615
2244149,27736.5,13915.5,41652,13821
2254573,18434.5,11589.5,30024,6845
2563637,22473.5,5225.5,17248,27699
2715509,41453.5,20594.5,62048,20859
2192647,6653.5,4411.5,11065,2242
3044339,20900.0,20032.0,868,40932
2436799,8415.0,4939.0,13354,3476
2495671,23000.5,13961.5,36962,9039
2437493,21689.5,17640.5,39330,4049
2859569,27546.5,14474.5,13072,42021
3321047,16688.5,1341.5,15347,18030
2268787,17242.5,14896.5,32139,2346
2918623,7974.5,5523.5,13498,2451
2392823,24275.5,8779.5,33055,15496
2836147,26063.0,1942.0,28005,24121
3147931,2926.0,2871.0,5797,55
3088433,39220.0,13751.0,52971,25469
2965813,6859.0,3074.0,3785,9933
3048347,503.0,327.0,176,830
2530447,46264.5,29879.5,76144,16385
2238893,47472.0,6951.0,40521,54423
2446273,12068.5,11912.5,156,23981
2834303,19183.5,12652.5,6531,31836
3447053,10915.0,7145.0,18060,3770
2474233,7796.5,2285.5,5511,10082
2889431,2435.0,648.0,1787,3083
2447461,41083.0,34007.0,7076,75090
2400683,13381.0,12580.0,25961,801
2236109,4210.5,2774.5,1436,6985
2620853,7841.0,5567.0,13408,2274
2710231,12731.0,6704.0,19435,6027
4056187,338.0,244.0,582,94
3464143,15517.5,6340.5,21858,9177
2770871,37267.0,36961.0,74228,306
2951759,8480.5,4391.5,12872,4089
3106331,5618.5,2943.5,2675,8562
2566043,47981.0,42248.0,90229,5733
2758391,8549.0,8087.0,462,16636
3656507,917.0,783.0,134,1700
3207793,11774.0,3389.0,15163,8385
3252373,29470.5,16600.5,46071,12870
2478689,3302.5,2186.5,5489,1116
2682203,9500.5,8725.5,775,18226
2990287,7087.5,1917.5,5170,9005
3068543,6649.0,2269.0,8918,4380
3121759,5441.0,1642.0,3799,7083
2151631,60923.0,14350.0,46573,75273
2910359,15356.5,6313.5,9043,21670
2873719,3016.5,37.5,3054,2979
2478401,12512.0,10725.0,1787,23237
2682683,10586.5,6921.5,3665,17508
3302401,3691.0,2474.0,1217,6165
2584531,10220.5,7674.5,2546,17895
2108303,53777.5,30435.5,84213,23342
2265119,45661.5,24976.5,20685,70638
2132099,20694.5,9849.5,30544,10845
2614289,2786.0,1368.0,1418,4154
2514583,14898.5,4448.5,19347,10450
2152027,43521.5,36943.5,80465,6578
2858671,20367.0,15676.0,36043,4691
2709017,37225.0,16694.0,53919,20531
3991643,1278.5,387.5,1666,891
3314359,9918.5,8419.5,1499,18338
2162411,46831.0,21272.0,68103,25559
2708929,28487.0,13498.0,41985,14989
2565179,42115.0,3165.0,38950,45280
2712509,3225.0,1052.0,4277,2173
3272851,17854.5,13298.5,4556,31153
2729449,66783.5,42657.5,109441,24126
2892167,16210.5,10429.5,5781,26640
2366921,34233.5,21616.5,55850,12617
2255051,76770.5,23824.5,100595,52946
2151689,42116.0,11735.0,53851,30381
4157521,1779.5,745.5,1034,2525
3141029,78759.0,38931.0,117690,39828
2438323,10377.5,2404.5,12782,7973
2478829,34466.5,10927.5,45394,23539
3244513,19809.5,8779.5,11030,28589
3121577,2571.0,1948.0,623,4519
2972513,1588.5,1464.5,124,3053
2247631,4691.5,2157.5,2534,6849
2430481,93952.5,1948.5,92004,95901
3402869,7012.0,1463.0,8475,5549
2745137,13816.5,9204.5,23021,4612
2812483,9801.5,3325.5,13127,6476
3349889,1793.5,1249.5,3043,544
3516257,10797.0,5679.0,16476,5118
2895383,16778.5,9714.5,7064,26493
2381663,28475.5,289.5,28765,28186
2680019,27183.0,6374.0,33557,20809
2433647,26918.0,17501.0,9417,44419
3264439,6166.5,4989.5,1177,11156
2157061,64762.0,29488.0,94250,35274
2963591,947.0,263.0,684,1210
3126289,7713.5,2144.5,9858,5569
2326537,1022.0,239.0,783,1261
2617921,56290.0,13955.0,42335,70245
2799287,5770.5,5060.5,710,10831
3193787,20549.5,4698.5,15851,25248
2397779,15222.5,11005.5,4217,26228
2209309,54653.5,53840.5,108494,813
3481931,3987.0,1671.0,2316,5658
3777287,2918.5,1249.5,4168,1669
2102129,13301.5,8134.5,5167,21436
2610301,32897.5,1587.5,31310,34485
2790817,15646.5,2060.5,17707,13586
2588683,25105.0,22074.0,3031,47179
2815459,10489.5,793.5,11283,9696
2628767,49473.5,39608.5,9865,89082
2492969,38594.0,29453.0,68047,9141
2136523,71540.5,12197.5,83738,59343
2839523,13957.0,754.0,13203,14711
2596193,65468.5,14842.5,80311,50626
2343151,88066.5,71199.5,16867,159266
2901299,10577.5,6908.5,3669,17486
2249879,51127.5,1841.5,49286,52969
2292089,7345.0,4728.0,2617,12073
2738959,24046.5,5047.5,18999,29094
3306997,12697.0,12365.0,332,25062
3253421,2027.0,1327.0,700,3354
2111209,157801.5,115090.5,42711,272892
2298277,26803.5,20271.5,6532,47075
2841613,8960.0,6629.0,15589,2331
2378251,20762.5,18551.5,39314,2211
2110013,52910.0,23223.0,76133,29687
2180609,65860.0,32481.0,98341,33379
3288907,11755.0,5831.0,17586,5924
3288749,10605.5,10558.5,21164,47
2842057,8776.5,2585.5,6191,11362
3022673,6672.0,4132.0,10804,2540
2384321,29947.5,27046.5,56994,2901
3744127,1928.5,1476.5,452,3405
3161363,8761.5,5610.5,3151,14372
2807759,9462.5,8667.5,18130,795
3035897,36924.5,22046.5,58971,14878
2460841,7508.5,6946.5,14455,562
2582777,52172.5,27787.5,79960,24385
2982731,27553.5,4908.5,32462,22645
2215907,28785.5,22652.5,6133,51438
2309599,76073.5,60026.5,136100,16047
2592703,49277.0,36259.0,85536,13018
3340289,13793.0,4554.0,9239,18347
2706103,16728.0,8169.0,8559,24897
3161047,4402.5,2269.5,6672,2133
2882689,1748.5,1322.5,3071,426
2778943,12915.5,7102.5,20018,5813
2424053,5879.5,3029.5,8909,2850
3181187,3154.5,2607.5,5762,547
2126389,113717.0,47201.0,160918,66516
2284309,29919.5,10922.5,40842,18997
3420103,9715.0,6798.0,2917,16513
2898341,8221.0,130.0,8351,8091
2605513,3531.0,1822.0,5353,1709
3400889,5008.5,3497.5,1511,8506
3347051,8472.0,3220.0,11692,5252
2119303,157866.5,97603.5,255470,60263
2854583,2630.5,1937.5,4568,693
2107843,46798.0,37049.0,9749,83847
2820551,21074.5,18472.5,2602,39547
3789209,230.0,226.0,456,4
2486023,16474.0,8664.0,7810,25138
2964389,3606.0,812.0,4418,2794
3234071,16732.5,1617.5,18350,15115
3845377,1312.5,858.5,2171,454
2391073,6755.0,3988.0,2767,10743
2503451,23787.0,20591.0,3196,44378
2494519,9008.0,242.0,8766,9250
2599417,55198.0,219.0,55417,54979
3802499,294.0,131.0,163,425
2520223,23986.0,10571.0,13415,34557
2941177,4265.0,1641.0,2624,5906
2768861,22750.5,16.5,22734,22767
2234461,8922.5,1118.5,10041,7804
2642411,66958.5,36593.5,30365,103552
2293289,44401.5,14207.5,30194,58609
2432191,30270.5,26020.5,56291,4250
3399091,8433.5,2565.5,10999,5868
3001987,1815.0,233.0,2048,1582
2534221,59303.0,56451.0,115754,2852
3083527,22126.5,15173.5,6953,37300
2126359,38822.0,6136.0,44958,32686
2322511,114317.0,76052.0,38265,190369
2157263,24045.5,1982.5,22063,26028
3935167,2516.5,264.5,2781,2252
2255377,13610.5,1826.5,15437,11784
2414317,18750.5,18251.5,37002,499
2628721,30771.0,15819.0,14952,46590
2139469,50781.5,47988.5,98770,2793
2892377,17269.0,10375.0,27644,6894
2295299,55498.0,31464.0,86962,24034
2172299,15515.0,14287.0,29802,1228
3223733,13833.0,1050.0,14883,12783
2612299,10402.0,2186.0,12588,8216
2375369,83597.0,70333.0,13264,153930
2761019,19211.0,595.0,19806,18616
3037609,24346.0,5456.0,18890,29802
2658589,754.0,460.0,1214,294
2203781,17403.0,12592.0,29995,4811
2678087,5789.0,4490.0,10279,1299
2932009,14360.5,7411.5,21772,6949
2664331,25985.5,24868.5,1117,50854
2900941,18150.5,2487.5,15663,20638
2531359,11819.5,8711.5,3108,20531
3632107,1259.0,1171.0,2430,88
2933069,9081.5,6148.5,2933,15230
2914981,9343.5,816.5,8527,10160
2170057,47978.5,37432.5,85411,10546
2782313,24548.0,16499.0,41047,8049
2649457,7873.5,104.5,7769,7978
2341951,71390.5,69044.5,140435,2346
2329793,18249.5,8407.5,9842,26657
2318629,36546.0,23607.0,60153,12939
3206803,1350.0,250.0,1600,1100
3346691,19045.0,13094.0,5951,32139
3085267,13466.5,12100.5,25567,1366
2296933,31659.5,18551.5,13108,50211
2986471,72781.5,58416.5,14365,131198
2599313,25341.5,12827.5,38169,12514
2177251,8344.0,5509.0,2835,13853
2453551,21523.5,19979.5,1544,41503
2098637,136386.0,24019.0,160405,112367
2759429,20263.5,11482.5,31746,8781
2562823,21735.5,20082.5,41818,1653
2626187,61823.5,49951.5,11872,111775
2321533,108966.5,49414.5,158381,59552
2472773,17678.0,14149.0,31827,3529
2301577,36199.0,1992.0,38191,34207
3434507,7496.0,6150.0,1346,13646
2826787,26232.0,16985.0,43217,9247
3412667,3256.0,2467.0,789,5723
3665929,4694.5,870.5,3824,5565
2997671,26147.0,18804.0,7343,44951
2579867,13247.5,4943.5,8304,18191
2915819,17111.5,4389.5,12722,21501
3029297,9237.5,7211.5,2026,16449
2257393,16006.5,12541.5,3465,28548
2786299,20684.0,12213.0,8471,32897
2912249,6515.5,3892.5,10408,2623
2112559,70467.0,10373.0,60094,80840
3188971,3479.5,3448.5,31,6928
2604971,22625.0,15922.0,6703,38547
3260893,13106.0,1153.0,11953,14259
2135143,7051.0,518.0,6533,7569
2584921,19627.0,13376.0,33003,6251
2448983,7984.5,5457.5,13442,2527
2240333,99437.5,95482.5,194920,3955
3112289,27728.0,15220.0,42948,12508
2374991,24102.5,6636.5,17466,30739
2703773,3813.5,2205.5,1608,6019
2267893,100409.0,16538.0,83871,116947
2254613,35111.0,20091.0,55202,15020
3117929,6431.5,4222.5,2209,10654
2843591,12502.5,1378.5,11124,13881
2746363,39039.0,19278.0,19761,58317
2478893,42883.0,34463.0,77346,8420
2716529,15155.5,758.5,15914,14397
3219611,5453.5,2145.5,3308,7599
2424889,6900.5,1164.5,8065,5736
2290163,44911.0,43795.0,88706,1116
2640679,6615.0,770.0,5845,7385
2418817,51200.5,9372.5,41828,60573
3051973,12028.0,10315.0,1713,22343
2618311,4839.5,3945.5,894,8785
2209157,72657.0,60161.0,132818,12496
2419111,30883.5,25553.5,56437,5330
2637913,19833.5,19762.5,39596,71
2118551,12448.0,10232.0,2216,22680
2470289,34327.5,32885.5,67213,1442
2797831,6157.0,1356.0,4801,7513
3215627,1810.5,208.5,1602,2019
3042587,4403.5,1204.5,3199,5608
2533621,30269.0,23807.0,54076,6462
2256487,20533.0,6020.0,26553,14513
3060469,8215.0,7409.0,15624,806
2114311,12975.5,3797.5,9178,16773
2101171,23091.0,14132.0,8959,37223
2737549,10937.0,3801.0,7136,14738
3113323,3174.0,336.0,2838,3510
2772641,47995.0,33860.0,81855,14135
2197841,48950.0,34530.0,83480,14420
3314749,35314.5,19437.5,15877,54752
3132433,14131.5,9994.5,4137,24126
2961841,26571.0,13381.0,39952,13190
2887361,43551.5,17777.5,25774,61329
3860201,8891.0,6491.0,2400,15382
2572807,17109.0,261.0,17370,16848
2304847,8614.0,4292.0,12906,4322
3324767,10947.0,3810.0,14757,7137
4027649,311.0,171.0,140,482
2322893,39314.5,25031.5,64346,14283
2311429,16370.0,3573.0,12797,19943
2303099,17494.5,14591.5,2903,32086
3470513,23980.5,1767.5,25748,22213
3182783,5434.5,1220.5,6655,4214
2138699,91479.5,22443.5,113923,69036
2134541,30469.5,18981.5,49451,11488
3867793,1692.0,201.0,1893,1491
2156489,56124.0,13718.0,42406,69842
2226181,15112.5,695.5,15808,14417
2393273,45152.0,28182.0,16970,73334
3038621,2816.0,2683.0,5499,133
2569033,33225.0,5413.0,27812,38638
2181041,94794.5,75757.5,170552,19037
2568883,6871.0,3662.0,3209,10533
2767987,12662.5,10213.5,22876,2449
3496891,7416.0,26.0,7390,7442
2231401,74895.0,1089.0,73806,75984
2534897,24146.5,1857.5,26004,22289
2915743,12682.0,3555.0,16237,9127
2492639,16354.5,6311.5,10043,22666
3523129,3648.5,774.5,4423,2874
2496463,37499.5,8056.5,45556,29443
3848483,1765.5,739.5,1026,2505
2775763,4960.0,3636.0,1324,8596
3241187,18362.5,16235.5,34598,2127
2284621,89133.5,5086.5,84047,94220
2668927,5696.0,4013.0,9709,1683
3852469,1012.0,489.0,523,1501
2628281,56752.5,46300.5,10452,103053
2450033,7765.0,582.0,8347,7183
2528447,13065.0,2317.0,10748,15382
3676991,3030.0,2303.0,5333,727
2233871,16978.5,2462.5,14516,19441
3481333,7241.0,5638.0,1603,12879
2570819,17449.5,13344.5,30794,4105
2195821,26931.0,20313.0,47244,6618
2686351,8373.0,403.0,8776,7970
2326253,12059.5,5136.5,6923,17196
2916413,5797.5,5600.5,11398,197
3492521,6403.5,4747.5,1656,11151
2164693,7195.5,4363.5,2832,11559
3856207,6048.5,5656.5,392,11705
2723597,8676.5,3590.5,12267,5086
2162779,19423.5,13965.5,5458,33389
2986981,6115.0,6083.0,12198,32
2624827,3531.5,875.5,4407,2656
3245227,12441.0,3894.0,8547,16335
3334259,34327.0,32416.0,1911,66743
2830103,10571.0,153.0,10418,10724
2121013,49626.5,8523.5,41103,58150
3073009,51300.5,20875.5,72176,30425
2933243,2747.0,997.0,3744,1750
2659199,38531.0,21057.0,59588,17474
2604851,8774.0,5036.0,13810,3738
3647659,5331.5,890.5,4441,6222
3688459,4042.5,3785.5,7828,257
2653577,23122.5,21222.5,1900,44345
2703823,3513.0,485.0,3998,3028
2985623,43504.5,20393.5,23111,63898
2401757,24056.5,1816.5,25873,22240
2598319,25737.0,20274.0,46011,5463
2417881,18941.5,17149.5,1792,36091
3283369,3183.0,1143.0,4326,2040
2320819,110319.0,43276.0,67043,153595
2882293,110.0,86.0,24,196
3425801,6815.0,1105.0,5710,7920
3290381,7646.0,3565.0,11211,4081
2653223,39056.0,35547.0,74603,3509
2583851,9879.0,7349.0,2530,17228
3705049,1933.5,1814.5,3748,119
3172033,20030.0,8461.0,11569,28491
2342999,18305.0,9204.0,27509,9101
2752573,24337.5,23391.5,47729,946
2420293,64832.5,22117.5,86950,42715
2188051,60590.0,22326.0,82916,38264
2590801,26155.5,14292.5,11863,40448
3720931,3397.5,786.5,4184,2611
2785121,11739.0,3837.0,15576,7902
2566381,46234.5,30609.5,15625,76844
2919731,7259.5,1003.5,8263,6256
3085811,3420.0,2546.0,5966,874
2211169,60651.5,55709.5,4942,116361
2389579,51857.5,23034.5,28823,74892
3500641,14713.0,10689.0,25402,4024
2933617,4810.5,927.5,5738,3883
2119961,20051.5,17540.5,37592,2511
3118957,4494.5,2833.5,1661,7328
2832293,9178.0,2568.0,6610,11746
2568977,21375.5,3208.5,24584,18167
2329489,31776.5,6229.5,25547,38006
3609323,874.5,785.5,89,1660
2185277,22498.5,8124.5,14374,30623
2681333,12007.0,7688.0,4319,19695
2778719,24503.0,18108.0,42611,6395
2576711,15793.5,5703.5,21497,10090
2241647,61678.5,17412.5,44266,79091
3597679,6000.0,1732.0,7732,4268
3529007,11602.5,7728.5,19331,3874
2751631,26436.5,16766.5,9670,43203
2556797,5868.0,2371.0,8239,3497
2198681,147686.0,54989.0,202675,92697
2368507,19424.5,9434.5,28859,9990
2779837,11529.5,6470.5,5059,18000
2279891,9845.0,7222.0,2623,17067
2493641,36185.5,26014.5,62200,10171
2637881,62144.0,47366.0,14778,109510
2951909,41831.5,29674.5,12157,71506
2418211,3936.5,3430.5,7367,506
2603453,16946.5,2366.5,19313,14580
2628653,10719.0,6489.0,4230,17208
2511739,54599.5,25182.5,79782,29417
2537453,5322.0,4920.0,10242,402
2458307,32105.5,2826.5,29279,34932
3390857,10456.0,7838.0,2618,18294
2715373,7550.5,2937.5,10488,4613
2580833,22874.0,19080.0,41954,3794
2554163,29336.0,22048.0,7288,51384
2112359,36091.5,14765.5,50857,21326
2624351,18966.5,9116.5,28083,9850
3094999,20907.0,8276.0,29183,12631
2283767,66435.5,14243.5,52192,80679
3000763,7648.0,6758.0,890,14406
3010429,25680.5,13243.5,12437,38924
3594527,6695.0,4348.0,2347,11043
3750673,7088.5,5112.5,1976,12201
2957393,11418.5,10558.5,21977,860
2673247,6884.5,6433.5,451,13318
3105397,5046.5,4436.5,9483,610
2616853,37364.5,27364.5,64729,10000
2871397,18183.0,6459.0,24642,11724
2985841,9776.0,240.0,10016,9536
3512791,3500.5,1856.5,1644,5357
2269229,40226.5,7282.5,32944,47509
2732677,24587.5,17659.5,6928,42247
3767381,5335.0,3905.0,1430,9240
2146187,50955.5,44154.5,95110,6801
3519367,5413.5,1035.5,6449,4378
3053597,14547.5,7609.5,6938,22157
2785817,20649.5,2502.5,23152,18147
2317409,41225.0,15181.0,56406,26044
2298017,27799.0,17809.0,9990,45608
3419209,13968.0,8154.0,22122,5814
2412841,59808.5,44619.5,15189,104428
4055971,1357.5,333.5,1024,1691
2548873,5156.0,569.0,5725,4587
2473507,30873.5,1868.5,32742,29005
3110197,5305.0,2720.0,8025,2585
2127119,18297.5,10774.5,7523,29072
2243323,21097.5,9722.5,30820,11375
3445313,1958.5,1325.5,633,3284
3954677,1893.0,1505.0,3398,388
2778317,18470.0,12284.0,30754,6186
2305697,6799.5,108.5,6908,6691
3458669,9825.5,1641.5,11467,8184
3429607,8734.0,4220.0,4514,12954
2124937,23444.5,21950.5,1494,45395
2179267,23959.0,12321.0,36280,11638
3561491,5983.0,538.0,5445,6521
3293201,19022.5,3817.5,22840,15205
2946413,21119.0,695.0,21814,20424
2582183,19661.0,202.0,19459,19863
3808733,5245.0,1892.0,7137,3353
3520213,2916.5,2342.5,574,5259
2899969,26973.0,13796.0,13177,40769
2678003,9002.5,3223.5,12226,5779
2313517,2128.5,171.5,1957,2300
2985959,24550.0,14042.0,38592,10508
2264947,64328.5,38137.5,102466,26191
2582413,24126.5,14869.5,9257,38996
3020627,5340.5,4666.5,10007,674
2302057,37392.5,16187.5,53580,21205
2335859,19770.5,8240.5,28011,11530
2331883,77537.0,26399.0,51138,103936
2732633,27582.0,8399.0,19183,35981
3305219,12840.5,9719.5,3121,22560
3988009,2137.5,1926.5,4064,211
2639717,1001.0,605.0,1606,396
2618753,16602.5,5751.5,22354,10851
2141341,17656.5,12454.5,30111,5202
2327587,68749.5,52234.5,16515,120984
2606047,14953.5,2875.5,12078,17829
2214673,16889.5,13474.5,3415,30364
2935771,15131.5,13666.5,1465,28798
3316303,19014.0,12568.0,6446,31582
3491909,2659.5,224.5,2435,2884
2890367,3753.5,1170.5,4924,2583
2381843,1677.5,1247.5,2925,430
3754537,1087.5,692.5,395,1780
2379523,36573.0,30372.0,66945,6201
2188897,57686.5,10300.5,47386,67987
2230447,38110.5,10409.5,27701,48520
2275061,57920.5,19765.5,38155,77686
3005869,13855.5,11784.5,25640,2071
2316901,17626.5,15733.5,33360,1893
2338033,29529.5,15448.5,14081,44978
3082447,31002.5,20983.5,10019,51986
2164381,30172.5,29082.5,59255,1090
3304381,29476.0,10093.0,39569,19383
2252989,49116.5,15683.5,64800,33433
3151237,23485.5,6841.5,30327,16644
2374349,19805.0,11477.0,8328,31282
3525283,3701.0,1998.0,5699,1703
2193283,16247.5,8490.5,24738,7757
2197967,64296.5,53573.5,10723,117870
2930701,4209.5,2063.5,2146,6273
3857071,2605.0,905.0,3510,1700
2227331,25361.5,13373.5,38735,11988
2271509,20026.0,15529.0,4497,35555
2199503,26313.0,9423.0,16890,35736
2695603,14540.5,6716.5,7824,21257
3354229,4946.0,459.0,5405,4487
2169257,87908.0,20943.0,66965,108851
2747813,41566.0,18249.0,23317,59815
2284627,55929.0,17790.0,38139,73719
2185811,31678.5,8044.5,39723,23634
2942803,2019.0,1311.0,708,3330
2675977,14312.0,5396.0,8916,19708
3763519,4109.0,1141.0,2968,5250
2870299,1381.0,163.0,1544,1218
2461177,64562.5,48577.5,113140,15985
2830231,11807.5,10151.5,21959,1656
2678723,38804.5,26793.5,65598,12011
3465523,7881.5,1010.5,6871,8892
2510009,14637.0,8572.0,23209,6065
2572439,8447.5,6161.5,2286,14609
2470087,83603.5,46533.5,37070,130137
2562151,24698.5,226.5,24925,24472
3106979,3935.0,2411.0,6346,1524
2129857,53996.5,5423.5,48573,59420
2825617,26025.5,10380.5,36406,15645
2967007,3139.0,1121.0,2018,4260
2392331,3397.5,2855.5,6253,542
2108207,40914.5,11248.5,29666,52163
3459367,3617.5,496.5,4114,3121
2578427,26232.0,17507.0,43739,8725
3134359,20151.0,14280.0,34431,5871
2410691,9705.0,8334.0,1371,18039
3079541,5958.0,4181.0,10139,1777
2258609,15268.5,11340.5,26609,3928
3291077,25091.5,2306.5,27398,22785
2308879,19834.0,17680.0,2154,37514
2788207,2629.0,294.0,2923,2335
3827203,3977.0,3349.0,7326,628
2556401,7813.0,1983.0,9796,5830
3565477,8267.5,5476.5,13744,2791
2949659,25213.0,10060.0,15153,35273
3174557,1644.5,1398.5,246,3043
2920681,27504.5,10129.5,17375,37634
3792517,2435.5,403.5,2032,2839
3613801,4077.0,661.0,4738,3416
2491591,11867.5,8849.5,3018,20717
2741329,11984.0,4288.0,7696,16272
2657269,8727.5,4996.5,13724,3731
2389337,35356.5,7784.5,27572,43141
2197829,67558.0,45866.0,113424,21692
2152651,42995.0,6413.0,49408,36582
2275051,62544.0,58605.0,3939,121149
2389927,49186.5,13889.5,35297,63076
2863613,23006.0,22197.0,809,45203
3488983,7945.0,6441.0,14386,1504
2264263,19292.0,16574.0,2718,35866
3535801,2830.0,1233.0,1597,4063
2675819,27869.0,18915.0,46784,8954
2501831,38915.5,18506.5,57422,20409
2540987,16101.0,11208.0,27309,4893
2375657,7219.5,2574.5,9794,4645
2337877,29616.0,21963.0,7653,51579
2288483,31414.5,1016.5,30398,32431
2910277,1450.0,314.0,1764,1136
2421499,33772.0,1869.0,35641,31903
2681143,23641.5,20496.5,3145,44138
2205979,48300.5,38029.5,10271,86330
3279203,6401.0,229.0,6630,6172
2664973,13024.5,1081.5,14106,11943
2119111,70894.0,43033.0,27861,113927
2249017,14451.0,441.0,14892,14010
2265041,24474.0,18384.0,6090,42858
2686363,12661.0,10782.0,1879,23443
3328321,3628.0,3026.0,6654,602
3038863,17640.5,9393.5,27034,8247
3944027,4876.0,638.0,5514,4238
3261611,12175.5,8750.5,3425,20926
2548801,8114.5,2267.5,5847,10382
2578127,28715.0,1070.0,29785,27645
2262109,106961.0,35750.0,71211,142711
2223017,143193.0,39527.0,182720,103666
2788397,665.0,52.0,717,613
2964959,10706.0,2066.0,12772,8640
3381083,2416.5,524.5,1892,2941
3210071,10032.0,7461.0,2571,17493
2435239,9055.0,2679.0,6376,11734
3075907,25045.5,2433.5,27479,22612
2220377,55563.5,50234.5,5329,105798
3279721,12648.0,5792.0,6856,18440
3732889,1557.0,718.0,2275,839
2265091,55206.0,27507.0,27699,82713
2671429,17216.5,10843.5,28060,6373
3007307,22354.5,90.5,22445,22264
2234489,43455.5,9402.5,34053,52858
2106193,80803.0,66248.0,147051,14555
2811929,10463.0,6149.0,16612,4314
2143721,51290.0,14072.0,37218,65362
2901497,19455.5,4027.5,23483,15428
2445731,10298.0,1.0,10297,10299
2337199,42519.5,26557.5,69077,15962
2202679,106578.0,77593.0,184171,28985
2670971,15956.0,5726.0,10230,21682
3388909,6750.0,4016.0,10766,2734
2388647,43230.0,19422.0,62652,23808
3602323,12097.0,2711.0,14808,9386
2497699,13056.0,8172.0,4884,21228
2652857,16552.5,11551.5,28104,5001
3388381,4377.0,150.0,4227,4527
2603207,27826.5,1757.5,26069,29584
3189209,210.5,115.5,95,326
3708851,2299.5,1697.5,602,3997
2737531,30803.0,9306.0,40109,21497
2807489,6587.5,4469.5,11057,2118
2630813,16028.5,7498.5,23527,8530
3720557,1430.0,555.0,875,1985
2309617,870.5,786.5,1657,84
2210609,21431.5,16253.5,37685,5178
2214853,41157.5,24635.5,65793,16522
2805727,25371.5,18394.5,43766,6977
2319683,21700.0,980.0,22680,20720
3164321,11718.5,10265.5,21984,1453
2124527,11448.0,4326.0,15774,7122
2786557,3468.5,319.5,3149,3788
3499241,3888.5,3622.5,7511,266
2298913,15539.5,10607.5,26147,4932
2701549,10871.0,3143.0,7728,14014
2272783,14450.0,11883.0,2567,26333
2418179,11943.5,5654.5,17598,6289
2198023,22945.5,20172.5,43118,2773
3632617,1032.0,1013.0,2045,19
3322751,2670.5,2502.5,5173,168
2098843,69966.5,39667.5,109634,30299
2427577,49754.0,37676.0,12078,87430
2856571,21044.0,4614.0,25658,16430
2408893,35577.5,5555.5,30022,41133
2531591,101185.5,83852.5,17333,185038
2856641,8188.0,6288.0,1900,14476
2390107,28998.5,15601.5,13397,44600
2836039,21493.5,19202.5,2291,40696
2352071,25026.5,20289.5,4737,45316
2608189,7244.5,1501.5,8746,5743
2808943,7394.5,1064.5,8459,6330
2318233,36867.5,5640.5,42508,31227
2664209,7844.5,4704.5,3140,12549
2328223,24790.0,10360.0,14430,35150
2695621,8720.0,4591.0,13311,4129
3001949,16112.0,15339.0,31451,773
2241401,73270.0,50256.0,123526,23014
2339219,36000.0,17164.0,53164,18836
2172451,30519.0,15176.0,15343,45695
2660423,9344.0,2804.0,6540,12148
2616479,35189.5,1260.5,33929,36450
4108729,235.5,21.5,214,257
2939341,23261.5,19703.5,3558,42965
2562437,50462.0,12821.0,37641,63283
3008461,32417.0,14866.0,17551,47283
3335993,17271.5,3112.5,20384,14159
2220877,8709.5,4953.5,3756,13663
2159161,40222.5,18834.5,21388,59057
2910653,30010.5,21461.5,51472,8549
2720651,31704.5,18095.5,13609,49800
2954431,8266.5,2276.5,10543,5990
2570027,8650.0,6090.0,14740,2560
2122811,13159.5,4223.5,17383,8936
2204549,56089.0,48468.0,7621,104557
3475291,430.5,73.5,357,504
2383181,7646.0,6580.0,1066,14226
2802361,4881.5,2773.5,7655,2108
2149267,16356.5,908.5,15448,17265
3560369,3272.0,714.0,2558,3986
3484651,20570.5,904.5,19666,21475
2502977,18516.0,10486.0,8030,29002
2304769,51485.0,7370.0,58855,44115
3175087,3707.0,3480.0,227,7187
2492341,22865.0,8695.0,31560,14170
3399401,16321.0,15000.0,31321,1321
3777841,3199.0,2226.0,973,5425
2644711,19939.5,17738.5,37678,2201
2874371,3158.5,93.5,3252,3065
2896391,17898.0,1931.0,19829,15967
2313167,11799.5,7905.5,19705,3894
2792983,7276.5,5010.5,2266,12287
2439887,15197.0,12446.0,2751,27643
2119633,31563.0,7474.0,24089,39037
2323249,38631.5,2663.5,41295,35968
2513767,26396.0,13890.0,12506,40286
2487889,12293.0,5215.0,7078,17508
2635291,25705.0,9195.0,34900,16510
3672239,3568.5,3260.5,6829,308
2342281,42115.0,2272.0,39843,44387
2492041,32975.0,19148.0,52123,13827
2200309,36557.5,5756.5,42314,30801
3256219,23596.0,21992.0,45588,1604
2458751,52828.5,39897.5,92726,12931
2161441,75454.0,4130.0,79584,71324
2650303,9849.0,109.0,9958,9740
3104447,17104.5,4487.5,12617,21592
2511221,38662.5,2350.5,36312,41013
2498833,81922.5,54912.5,27010,136835
2847371,27631.5,1772.5,25859,29404
2815859,3504.0,1160.0,2344,4664
3159281,3546.0,1627.0,5173,1919
3396301,1319.5,469.5,850,1789
2111719,36861.5,24046.5,60908,12815
3516683,6731.5,1870.5,4861,8602
2855639,18034.5,15115.5,2919,33150
2165347,14437.0,862.0,15299,13575
2587133,41224.5,13841.5,27383,55066
2179817,53411.5,15095.5,38316,68507
2436227,7201.5,674.5,7876,6527
3115039,12682.0,2461.0,10221,15143
3972013,2759.5,1318.5,4078,1441
2492921,21579.0,9078.0,12501,30657
2227517,101775.5,98770.5,200546,3005
2622793,170205.0,167645.0,2560,337850
2242463,37731.5,7197.5,30534,44929
2990269,21791.0,721.0,21070,22512
3240001,6729.0,1670.0,8399,5059
2250097,33638.0,7088.0,40726,26550
2472307,30142.0,27917.0,2225,58059
3951919,1549.0,1329.0,220,2878
2212993,20388.0,6594.0,26982,13794
3025391,23967.0,2600.0,26567,21367
2493151,23887.0,7898.0,31785,15989
3392603,5085.5,4447.5,9533,638
2384477,10357.0,5414.0,15771,4943
2588977,48643.0,4315.0,44328,52958
2575267,7850.5,862.5,6988,8713
3431711,19233.5,16983.5,2250,36217
2610079,27832.0,26297.0,1535,54129
3219581,11853.0,3248.0,8605,15101
2539547,9242.5,640.5,9883,8602
2400799,73777.5,19304.5,93082,54473
2609909,6815.5,4556.5,2259,11372
3451169,15943.5,11383.5,4560,27327
3666053,5359.0,15.0,5344,5374
2904361,8132.0,3036.0,5096,11168
2461367,16221.0,13912.0,30133,2309
2703881,23009.0,5155.0,17854,28164
3078869,6435.5,5003.5,11439,1432
3644177,7691.5,81.5,7773,7610
2300099,12168.0,5406.0,17574,6762
2620837,6947.0,2040.0,8987,4907
2873687,25501.5,16505.5,8996,42007
3658273,1827.5,758.5,2586,1069
3573547,16482.5,12873.5,3609,29356
3767417,1489.0,1059.0,2548,430
2323861,40074.0,11974.0,28100,52048
4012009,3154.0,2258.0,5412,896
2398631,16368.0,1629.0,14739,17997
2940499,27189.5,7698.5,34888,19491
2210863,57403.0,11735.0,69138,45668
2853713,10306.5,187.5,10494,10119
2276321,26158.0,17319.0,43477,8839
3064069,9138.5,7507.5,16646,1631
2114557,39919.5,5753.5,34166,45673
3100247,9286.0,6530.0,15816,2756
3235699,27426.0,338.0,27764,27088
2629019,34457.0,3541.0,30916,37998
2306903,41586.5,19118.5,60705,22468
2726429,18505.5,6652.5,11853,25158
2781587,10964.0,8190.0,2774,19154
3635537,7381.0,6981.0,14362,400
3593591,836.5,248.5,1085,588
2565091,18634.5,581.5,18053,19216
2539403,973.0,878.0,95,1851
2788411,13753.0,9127.0,4626,22880
2458721,6865.0,1199.0,8064,5666
3089939,8841.0,5259.0,14100,3582
2167967,19678.0,16961.0,36639,2717
2551699,13971.0,11105.0,2866,25076
3877651,2186.0,444.0,2630,1742
2486353,16765.0,16049.0,32814,716
2190709,12960.5,10788.5,2172,23749
2429879,16836.0,9687.0,26523,7149
2475127,49070.0,10701.0,59771,38369
2465857,25146.5,23973.5,49120,1173
2515171,6526.5,1496.5,8023,5030
2422361,12771.0,8763.0,21534,4008
3047147,20405.0,4124.0,16281,24529
2404553,8184.5,2172.5,10357,6012
2744537,23693.5,23020.5,673,46714
3493157,5659.0,1263.0,6922,4396
3272131,5764.0,2699.0,8463,3065
2187433,20737.5,10261.5,30999,10476
2164027,105880.5,92727.5,198608,13153
2875259,20834.0,11226.0,32060,9608
2662333,8536.5,1592.5,6944,10129
2315837,76498.0,13762.0,90260,62736
3062797,4421.5,1075.5,5497,3346
2606869,14337.5,11453.5,25791,2884
2571629,10901.5,9860.5,20762,1041
2876947,4245.0,3476.0,7721,769
2198173,48677.0,18855.0,29822,67532
2644583,610.0,495.0,115,1105
2193409,65570.0,23080.0,88650,42490
2997569,8184.5,7659.5,15844,525
2199031,17693.5,5755.5,11938,23449
3095129,7591.0,3844.0,11435,3747
3743869,15002.0,6859.0,8143,21861
2362933,25995.5,23434.5,49430,2561
2689829,12871.0,2378.0,10493,15249
2282113,20644.5,10899.5,9745,31544
3459431,3294.5,1311.5,1983,4606
2179691,156630.5,152379.5,309010,4251
3466819,831.5,617.5,214,1449
2430101,36796.5,1733.5,38530,35063
2098001,48772.5,7923.5,40849,56696
2942501,17007.5,3284.5,13723,20292
2906353,7689.5,5201.5,12891,2488
2376427,19984.0,16738.0,3246,36722
2611447,25320.5,18708.5,6612,44029
3222839,8896.0,2713.0,11609,6183
3121889,7811.0,6363.0,1448,14174
3135257,13995.0,6974.0,20969,7021
2685997,37810.0,27026.0,10784,64836
2336329,159581.0,58313.0,217894,101268
3023483,3179.0,796.0,3975,2383
2305913,28106.0,26055.0,54161,2051
2702207,5730.0,1805.0,7535,3925
3086339,4305.0,143.0,4448,4162
2979037,20663.0,9591.0,11072,30254
2824267,5255.0,2433.0,7688,2822
2374739,61444.0,26978.0,34466,88422
2468441,104266.0,74374.0,178640,29892
2384159,39485.0,2892.0,36593,42377
2117009,101534.5,8773.5,92761,110308
2704307,10837.0,370.0,11207,10467
2497171,9572.5,2550.5,7022,12123
2916541,12339.0,6903.0,5436,19242
2722409,14244.0,10379.0,3865,24623
2264159,44656.0,41394.0,86050,3262
2104783,20974.0,11059.0,9915,32033
3018781,11548.5,2797.5,8751,14346
2221003,84208.5,47299.5,131508,36909
3121451,21670.5,19439.5,41110,2231
3062491,5963.0,2431.0,3532,8394
2222417,69566.5,5597.5,63969,75164
2216737,72970.5,48944.5,24026,121915
3242857,8825.5,5800.5,14626,3025
2136931,36679.0,7893.0,28786,44572
2553493,18473.0,7450.0,11023,25923
2292443,7629.5,3392.5,4237,11022
3115081,5532.5,4520.5,1012,10053
3395783,4836.5,2538.5,7375,2298
2920763,7928.0,3288.0,4640,11216
2245511,59801.0,35348.0,95149,24453
2143007,20743.5,12754.5,33498,7989
3463373,3338.0,738.0,2600,4076
3137383,4402.5,3419.5,7822,983
2153521,53256.0,41607.0,11649,94863
2128999,93473.0,24851.0,68622,118324
3620189,19863.5,11642.5,31506,8221
2176219,48541.5,10537.5,38004,59079
3197197,3005.5,2160.5,5166,845
3272777,8776.0,5314.0,14090,3462
3131003,4067.0,1147.0,2920,5214
2310881,29925.0,16627.0,46552,13298
3515429,3984.5,1673.5,5658,2311
3216841,738.5,699.5,39,1438
2678479,17934.5,4231.5,13703,22166
3030827,9180.0,793.0,8387,9973
2953403,5941.0,3887.0,2054,9828
3375643,12182.5,4468.5,7714,16651
2355313,36586.5,18372.5,18214,54959
3003313,10080.5,7213.5,17294,2867
2382143,7485.5,6710.5,14196,775
3556837,2833.0,1640.0,1193,4473
3715099,4931.5,3319.5,8251,1612
2504507,24108.5,4767.5,28876,19341
2994379,11328.0,6437.0,17765,4891
3018937,10023.5,3153.5,13177,6870
2286919,19687.0,7348.0,12339,27035
2740487,21890.0,21284.0,606,43174
3269557,7173.0,1025.0,6148,8198
2329981,27689.5,2589.5,30279,25100
2490937,3937.0,965.0,2972,4902
2574371,71085.0,2504.0,73589,68581
2801093,38824.5,26805.5,65630,12019
2946079,7348.5,2429.5,9778,4919
2728151,13924.0,1294.0,15218,12630
2237303,78374.0,48264.0,30110,126638
2738543,9265.0,7670.0,16935,1595
2815357,50186.5,2143.5,48043,52330
2546989,20697.0,616.0,20081,21313
2530589,40390.0,726.0,39664,41116
2465597,6275.0,4804.0,11079,1471
2513857,8556.5,8228.5,16785,328
2282279,27946.0,8885.0,36831,19061
2791013,14948.0,6060.0,8888,21008
2224543,38354.0,13804.0,24550,52158
3026797,18835.5,5755.5,24591,13080
2154799,31217.0,2202.0,29015,33419
2241817,52842.5,9945.5,62788,42897
2486893,13568.0,4248.0,9320,17816
2175049,116971.5,108880.5,8091,225852
2380783,54953.0,40998.0,13955,95951
3732623,305.5,149.5,455,156
3254747,27877.5,6054.5,33932,21823
3188663,11879.0,5512.0,6367,17391
3231677,7974.0,6214.0,1760,14188
2152769,93880.0,42697.0,51183,136577
3343477,11112.0,4658.0,15770,6454
2102963,31437.5,10874.5,20563,42312
2933851,3507.0,1004.0,2503,4511
2757857,3792.0,454.0,4246,3338
2597009,9737.0,7784.0,17521,1953
2393009,52483.5,4026.5,48457,56510
2617529,4329.5,588.5,3741,4918
2914663,15194.0,6200.0,21394,8994
2765027,40544.0,16267.0,24277,56811
2608271,19399.5,1161.5,18238,20561
3440279,5831.0,2171.0,8002,3660
2254913,58235.5,45160.5,13075,103396
2987987,10667.5,1313.5,11981,9354
2781223,4382.0,3383.0,7765,999
2737261,23989.5,20632.5,44622,3357
2654077,11084.0,9061.0,20145,2023
2185583,32044.0,13338.0,18706,45382
2745649,99841.5,60499.5,160341,39342
3469187,4462.5,452.5,4915,4010
2518049,57799.0,3405.0,54394,61204
2475923,8492.0,6503.0,14995,1989
2631613,23800.0,10076.0,13724,33876
2897567,16868.5,8393.5,25262,8475
3553519,1955.0,1086.0,3041,869
2803321,8999.0,8453.0,546,17452
3236257,9379.0,1536.0,7843,10915
3226667,9199.0,8420.0,17619,779
2295571,15526.5,3970.5,11556,19497
3422849,5997.5,5482.5,11480,515
2987507,14176.0,12983.0,27159,1193
2305453,10016.0,6242.0,3774,16258
3243601,15775.5,61.5,15837,15714
2164517,54321.0,32824.0,87145,21497
2355343,81965.0,18858.0,63107,100823
2110117,23508.0,19184.0,4324,42692
2341657,35782.5,29701.5,65484,6081
2750659,13546.5,7546.5,21093,6000
2174329,93870.5,86606.5,180477,7264
2908769,12347.5,7126.5,5221,19474
3883241,1102.5,20.5,1123,1082
2246887,52275.5,9155.5,43120,61431
2172101,29818.0,16697.0,13121,46515
2155501,67558.0,60599.0,6959,128157
3110659,6665.5,13.5,6652,6679
2432153,8507.0,195.0,8312,8702
2756051,19762.5,159.5,19922,19603
2501747,5125.5,3071.5,8197,2054
2550169,59335.0,50623.0,109958,8712
2186257,6405.5,3977.5,2428,10383
2881979,25576.0,23512.0,49088,2064
2579743,14442.0,2087.0,12355,16529
2256509,9022.0,6519.0,15541,2503
3596597,5154.0,3966.0,9120,1188
2213539,8296.0,6622.0,14918,1674
2401681,12022.0,8029.0,20051,3993
2268523,41692.0,24804.0,16888,66496
3078841,4488.0,2957.0,1531,7445
3574367,5691.0,1211.0,4480,6902
2108131,73197.0,24802.0,48395,97999
3005323,2173.0,1290.0,3463,883
2250161,46644.0,7133.0,53777,39511
2214649,15703.5,12026.5,27730,3677
3122291,5845.0,4363.0,1482,10208
2523247,9341.5,7516.5,1825,16858
2428177,65278.0,64926.0,130204,352
3892153,3958.5,2208.5,6167,1750
2670883,20264.0,18621.0,38885,1643
2116033,17282.0,13409.0,3873,30691
3851671,1598.0,37.0,1635,1561
3004949,12255.0,6050.0,18305,6205
3171341,33610.5,12564.5,21046,46175
4011433,2908.0,483.0,3391,2425
2241403,65484.0,33013.0,98497,32471
3198077,7597.5,4850.5,2747,12448
3085669,31129.0,10653.0,20476,41782
2883871,10302.0,1235.0,11537,9067
3377617,3611.0,2121.0,5732,1490
2223439,3732.0,737.0,4469,2995
2503133,34071.0,5762.0,28309,39833
2480141,39286.5,2597.5,36689,41884
3992003,1077.0,96.0,1173,981
2350967,8831.5,6403.5,2428,15235
2235839,112223.0,64535.0,47688,176758
2123651,194201.5,190688.5,3513,384890
3052207,5608.5,3137.5,2471,8746
2317739,34384.0,15763.0,50147,18621
2432231,5146.5,205.5,5352,4941
2298083,37464.5,1246.5,38711,36218
3832781,2210.5,352.5,2563,1858
2517563,23926.0,6313.0,17613,30239
3504247,2367.0,432.0,1935,2799
2705449,10220.5,9017.5,1203,19238
3196943,12148.0,1737.0,13885,10411
2523467,142838.0,42167.0,185005,100671
2822161,11023.0,7781.0,18804,3242
2259253,20044.5,1223.5,18821,21268
3900049,11355.0,1277.0,12632,10078
2858593,21975.5,11037.5,10938,33013
3042101,31285.0,19637.0,11648,50922
2689517,9556.0,2990.0,6566,12546
2353921,31302.5,25202.5,56505,6100
3178687,10797.5,8579.5,19377,2218
2955083,23862.0,1400.0,22462,25262
2866301,887.0,175.0,712,1062
2407621,14784.5,5634.5,20419,9150
3169841,6592.0,2817.0,9409,3775
2218591,40777.0,6017.0,46794,34760
3714317,13172.5,8429.5,21602,4743
3271339,8991.5,2399.5,6592,11391
2214581,119085.5,46991.5,166077,72094
2249369,27917.5,12508.5,40426,15409
2494253,37551.5,10603.5,48155,26948
2142011,129993.0,91821.0,221814,38172
2420893,41949.5,22628.5,19321,64578
3904567,5293.0,3282.0,2011,8575
2200547,17026.0,5962.0,22988,11064
2256871,44376.0,25003.0,19373,69379
2785151,3448.5,2682.5,6131,766
2115109,3904.5,1935.5,1969,5840
3318971,12591.5,2291.5,10300,14883
2355649,51994.5,30514.5,82509,21480
2712209,13735.0,3114.0,16849,10621
2566009,41884.5,11122.5,53007,30762
3436787,5848.5,3002.5,2846,8851
2660443,33955.0,28017.0,61972,5938
2178769,31431.0,23586.0,7845,55017
2746951,28601.5,18337.5,46939,10264
2220593,10447.5,9581.5,20029,866
2542901,88033.5,46067.5,134101,41966
2631383,42378.0,3990.0,46368,38388
3136051,6765.0,493.0,7258,6272
2382929,12246.0,4688.0,16934,7558
3464953,9360.5,1554.5,7806,10915
3128959,23036.0,6774.0,16262,29810
2642249,4578.0,1676.0,6254,2902
2192233,7104.5,1309.5,8414,5795
2239021,36879.0,32390.0,4489,69269
2577271,11333.5,3559.5,7774,14893
2857033,44179.5,40306.5,3873,84486
3695221,2390.5,722.5,1668,3113
2118847,59024.0,6690.0,65714,52334
3510149,1216.0,874.0,342,2090
2169533,31200.5,19738.5,50939,11462
2129243,43513.5,21865.5,21648,65379
2360947,11747.0,3812.0,7935,15559
2871581,1647.5,506.5,2154,1141
2944079,7085.5,4943.5,12029,2142
2714447,40073.0,13522.0,53595,26551
2799547,38517.5,18531.5,57049,19986
2784559,18743.0,9206.0,27949,9537
2818679,10142.5,5917.5,4225,16060
2561837,8058.5,7360.5,15419,698
2413717,30891.0,6629.0,24262,37520
3315229,12501.0,8077.0,20578,4424
3752123,1749.0,871.0,2620,878
2229011,70282.5,44771.5,115054,25511
2439821,49616.0,39000.0,10616,88616
2310247,35147.5,3639.5,31508,38787
3601979,3668.5,3113.5,6782,555
2657833,61548.5,4778.5,66327,56770
2258077,29730.5,17832.5,11898,47563
2971291,24065.5,19222.5,43288,4843
3073403,3297.5,2089.5,5387,1208
2618563,14770.5,2465.5,17236,12305
2131159,52481.5,29693.5,82175,22788
2431199,7107.0,6533.0,574,13640
3252841,7961.0,4097.0,12058,3864
3693127,2055.0,872.0,2927,1183
3439819,8706.5,4871.5,13578,3835
2993503,2700.0,2442.0,258,5142
3572281,9317.0,8850.0,467,18167
2606711,26737.5,17214.5,9523,43952
2306683,35749.5,219.5,35969,35530
2239261,26130.5,7561.5,33692,18569
3232807,7652.5,3375.5,4277,11028
2128681,64218.5,37187.5,101406,27031
2312417,37053.0,12215.0,49268,24838
3714583,1590.5,62.5,1528,1653
3075199,8027.0,7324.0,703,15351
2974901,4776.0,820.0,5596,3956
2621161,24940.0,17928.0,42868,7012
2859193,42273.5,34658.5,7615,76932
2173517,39243.5,6248.5,32995,45492
2816117,21883.5,3463.5,18420,25347
2549627,14049.5,3449.5,10600,17499
2406563,8069.5,1679.5,6390,9749
3248983,5909.5,104.5,6014,5805
3167959,17827.5,9682.5,8145,27510
2712473,21394.0,19521.0,1873,40915
2120681,101032.5,59827.5,160860,41205
2119867,32611.0,27567.0,60178,5044
2808649,21971.0,5818.0,16153,27789
3556673,3629.0,1196.0,4825,2433
3192911,8908.5,4634.5,4274,13543
3466927,7495.0,7476.0,14971,19
3229799,15355.5,5764.5,9591,21120
2132489,49932.0,41195.0,91127,8737
2489059,18727.0,17962.0,765,36689
2909653,12412.5,9852.5,2560,22265
2491991,19170.5,17904.5,37075,1266
3568619,1366.0,629.0,1995,737
2638037,6461.5,2570.5,3891,9032
2861893,12281.0,8014.0,4267,20295
2484007,34197.5,19939.5,14258,54137
2820577,726.0,110.0,616,836
2205689,9324.5,1076.5,8248,10401
2101739,78990.5,49461.5,128452,29529
2724037,11370.5,6687.5,4683,18058
3651469,1582.5,1055.5,527,2638
2890243,14264.0,9064.0,23328,5200
2663821,37823.5,23226.5,14597,61050
3225997,2491.5,319.5,2811,2172
2455489,16483.5,15396.5,1087,31880
2120939,32405.5,3983.5,36389,28422
2819417,10099.0,9888.0,211,19987
2546927,52878.0,3213.0,49665,56091
2837869,29406.5,24382.5,53789,5024
3163211,22809.5,21370.5,44180,1439
2966591,3238.0,1873.0,1365,5111
2573321,63100.0,33102.0,29998,96202
2390891,24809.5,14325.5,10484,39135
2591033,13590.0,4050.0,17640,9540
3192403,39002.0,9668.0,29334,48670
2684839,8134.0,6582.0,1552,14716
2838107,30977.5,27786.5,58764,3191
3019553,9550.0,2774.0,12324,6776
2934857,9965.5,314.5,10280,9651
3197539,27889.5,4899.5,32789,22990
2277937,40662.0,31994.0,8668,72656
3500663,347.5,224.5,123,572
3094733,21986.0,18656.0,3330,40642
2531849,11727.5,5867.5,17595,5860
2758153,24595.0,11877.0,36472,12718
3206657,9352.0,6645.0,2707,15997
3036893,12865.5,358.5,13224,12507
3328999,4916.0,4335.0,581,9251
2271949,38888.5,14971.5,53860,23917
3006131,28953.5,1615.5,30569,27338
2710109,22213.5,9466.5,31680,12747
3707267,8482.5,1576.5,6906,10059
2794373,2284.0,1071.0,1213,3355
3168707,5161.5,983.5,6145,4178
2515333,23368.5,4618.5,18750,27987
2199797,78964.0,67054.0,11910,146018
2434219,26641.0,21099.0,5542,47740
3332993,8359.0,4671.0,3688,13030
3584209,3811.5,1127.5,4939,2684
2100457,88965.5,10153.5,99119,78812
2446621,19656.0,16610.0,3046,36266
3972049,941.0,486.0,455,1427
2835631,16507.0,11157.0,27664,5350
2418043,20612.0,1946.0,18666,22558
2994349,16181.5,6851.5,9330,23033
3437267,4793.0,4754.0,9547,39
2156927,71270.0,6468.0,77738,64802
2866249,41288.0,13015.0,54303,28273
3630811,3385.5,1777.5,1608,5163
2415211,5530.0,3363.0,8893,2167
2578711,36310.5,24420.5,11890,60731
3836897,1484.5,125.5,1610,1359
3544663,8588.0,76.0,8512,8664
3887263,937.5,501.5,1439,436
2473379,33537.0,5175.0,28362,38712
2434469,16029.0,2538.0,18567,13491
2413013,138222.0,53734.0,191956,84488
2940913,5813.0,24.0,5789,5837
2181307,4441.0,3475.0,966,7916
2290679,73061.0,70287.0,143348,2774
3045859,19560.0,18323.0,37883,1237
2122951,20082.5,9833.5,29916,10249
3245909,3289.0,193.0,3096,3482
2417887,19639.0,6474.0,13165,26113
2323051,23633.5,9103.5,32737,14530
3146947,13058.0,8742.0,4316,21800
3032891,24652.5,7877.5,32530,16775
2579779,17818.5,11953.5,29772,5865
3373457,11951.5,2613.5,14565,9338
2588851,10266.0,8612.0,18878,1654
2822227,9248.0,2786.0,12034,6462
2527571,21463.0,12180.0,33643,9283
2131487,46302.5,45818.5,484,92121
2348867,17777.5,12517.5,5260,30295
3182381,3876.0,3520.0,356,7396
2586323,82445.0,74481.0,156926,7964
3380477,1568.0,780.0,2348,788
2282873,44947.0,39656.0,5291,84603
3282119,13013.0,4226.0,17239,8787
3200957,1408.0,230.0,1638,1178
3116441,4502.0,518.0,3984,5020
2503727,8788.5,8332.5,17121,456
2203471,24519.5,418.5,24938,24101
3309641,4149.0,2265.0,6414,1884
2360819,45232.5,40784.5,4448,86017
3396691,15200.0,11482.0,3718,26682
2417509,15034.0,9174.0,5860,24208
2442161,26519.0,18610.0,45129,7909
2408423,17962.0,9154.0,27116,8808
2888911,1667.0,650.0,2317,1017
2442569,56568.0,54277.0,110845,2291
2294969,31618.5,27562.5,4056,59181
3809863,2572.0,1027.0,1545,3599
3539323,3305.5,1229.5,4535,2076
2419121,25647.0,17228.0,42875,8419
3480731,11201.0,447.0,11648,10754
2626133,16797.0,795.0,16002,17592
2426069,17149.5,4193.5,21343,12956
2957671,11782.5,4343.5,7439,16126
2899451,12828.5,12519.5,25348,309
2481007,40739.0,9546.0,50285,31193
2261387,35803.0,30244.0,66047,5559
2160427,11085.0,2414.0,8671,13499
2166487,10298.0,4431.0,14729,5867
2126489,13794.0,9803.0,3991,23597
2793961,10902.0,10105.0,21007,797
3370901,6538.5,5148.5,1390,11687
2859811,13919.0,4764.0,18683,9155
2510719,22258.0,4103.0,26361,18155
2283101,68564.0,36381.0,104945,32183
2878607,1473.5,663.5,2137,810
2241737,19240.0,3613.0,15627,22853
2958643,4415.5,1821.5,6237,2594
2353367,122262.0,40801.0,81461,163063
2672069,5509.5,1218.5,4291,6728
3148963,1177.0,348.0,1525,829
3175369,14919.5,12530.5,2389,27450
2465887,70267.5,60672.5,9595,130940
3013657,14090.0,9960.0,24050,4130
2118817,24774.0,12866.0,11908,37640
2899033,5453.5,1839.5,3614,7293
3288991,16516.5,11075.5,5441,27592
2552083,32588.0,23718.0,56306,8870
2108191,26870.5,4887.5,31758,21983
2717167,53876.5,52789.5,1087,106666
2360129,27914.0,10282.0,38196,17632
3960091,1709.0,1340.0,3049,369
3416689,12204.5,7412.5,19617,4792
2791067,9368.5,8398.5,970,17767
2203717,36517.5,11098.5,47616,25419
3371857,10581.5,1577.5,9004,12159
2414297,9363.0,2414.0,6949,11777
2391677,36946.5,15773.5,21173,52720
2099843,19377.5,9398.5,28776,9979
2983919,4988.5,2884.5,2104,7873
2628271,24833.0,910.0,25743,23923
2251919,16755.0,2484.0,19239,14271
2580437,13761.5,1833.5,11928,15595
2351131,18490.0,12819.0,31309,5671
3073267,9560.0,4358.0,5202,13918
3367081,27859.5,17878.5,9981,45738
2607881,3524.0,2429.0,1095,5953
2477473,41280.0,26448.0,67728,14832
3073387,5793.0,5653.0,11446,140
2196323,59867.0,36240.0,96107,23627
2738101,44316.5,26658.5,70975,17658
2496287,67685.0,33258.0,34427,100943
2648741,9071.0,6399.0,2672,15470
3110189,6914.5,3118.5,10033,3796
2205029,23115.5,13978.5,37094,9137
2961551,2780.0,1789.0,4569,991
2517491,16385.0,2637.0,13748,19022
3740381,3551.0,865.0,2686,4416
2436397,26459.0,23955.0,2504,50414
2301853,51943.0,17180.0,69123,34763
2358569,18933.0,16445.0,35378,2488
3763637,862.5,30.5,832,893
2701747,4765.5,3197.5,1568,7963
3573103,693.0,362.0,1055,331
2854279,13205.0,11361.0,1844,24566
3249119,14774.5,4620.5,19395,10154
2475541,23365.5,8280.5,31646,15085
2742281,23460.0,6293.0,17167,29753
2382077,11314.5,6836.5,18151,4478
3681071,4869.0,1903.0,6772,2966
2295287,46550.0,21641.0,68191,24909
2145901,31531.0,2799.0,28732,34330
2473307,36245.0,5782.0,30463,42027
2779813,10465.5,695.5,9770,11161
3474487,3807.0,2362.0,1445,6169
3450697,3967.5,87.5,3880,4055
2751169,34480.5,28271.5,62752,6209
2603947,14373.5,11613.5,2760,25987
3009911,3133.0,1439.0,4572,1694
2279441,47361.5,2088.5,45273,49450
2749037,18909.0,6564.0,25473,12345
2420597,44540.5,16646.5,61187,27894
3179443,18402.5,16011.5,34414,2391
2150647,16697.5,5792.5,22490,10905
2552189,19175.5,16506.5,2669,35682
2382661,34306.0,29838.0,64144,4468
2543603,23183.5,15097.5,38281,8086
2991211,1068.0,815.0,1883,253
2183099,9254.0,2238.0,7016,11492
2406361,23339.5,4524.5,27864,18815
3353489,15435.0,1404.0,14031,16839
3137473,9266.0,8570.0,696,17836
3405859,19799.0,13108.0,32907,6691
2346457,93347.0,36189.0,57158,129536
3120353,1120.5,23.5,1144,1097
3052277,9875.5,8366.5,18242,1509
2113633,5863.5,4437.5,10301,1426
3523859,2086.5,1112.5,3199,974
2978867,33065.0,16506.0,49571,16559
2955151,5030.5,3075.5,1955,8106
3699541,1199.5,123.5,1323,1076
3650477,4198.5,3461.5,7660,737
2312957,42029.0,2526.0,44555,39503
3783667,1178.0,632.0,546,1810
2625877,25666.5,13274.5,12392,38941
2601421,12829.5,9966.5,2863,22796
2947513,19310.0,11296.0,30606,8014
2448839,47454.5,33132.5,14322,80587
3350797,10445.5,2539.5,7906,12985
2124923,68637.5,36447.5,105085,32190
2445871,21214.5,12268.5,33483,8946
2512261,25703.5,7575.5,33279,18128
3177761,13046.0,2996.0,16042,10050
3628241,3915.5,2672.5,6588,1243
2334379,13779.0,832.0,14611,12947
3744847,6939.5,29.5,6910,6969
2380849,18613.5,5997.5,12616,24611
2137787,29645.5,12014.5,41660,17631
2437243,41226.5,9983.5,51210,31243
2493697,31079.0,23656.0,7423,54735
3549899,9766.0,6249.0,3517,16015
2455559,32353.0,12827.0,19526,45180
2290553,4539.0,2098.0,2441,6637
3038941,16102.0,6914.0,9188,23016
2979533,10560.0,9536.0,1024,20096
2546441,7885.0,156.0,8041,7729
2465741,4064.5,671.5,4736,3393
2770289,20515.0,9522.0,10993,30037
2177033,36619.5,30291.5,66911,6328
4039811,1604.5,1143.5,2748,461
2901277,8777.0,6594.0,15371,2183
2200421,78689.5,21729.5,56960,100419
2425057,58027.0,56384.0,114411,1643
2508431,37908.5,16750.5,54659,21158
2500613,14104.5,9248.5,23353,4856
2505889,61454.0,55895.0,5559,117349
2756141,19541.5,15734.5,3807,35276
3155431,6392.0,3859.0,2533,10251
3159329,4011.5,3495.5,7507,516
3056297,8272.5,4341.5,12614,3931
3717677,1675.5,1632.5,3308,43
2546801,5171.5,3614.5,1557,8786
2291171,32762.5,30124.5,62887,2638
2134733,8074.0,963.0,7111,9037
3182821,8716.5,5772.5,2944,14489
2395361,48849.5,39048.5,9801,87898
2296403,41972.5,24763.5,17209,66736
2861701,47903.0,33546.0,14357,81449
3149957,29282.0,10771.0,40053,18511
2699381,13549.0,9335.0,4214,22884
2608597,15978.5,1613.5,17592,14365
3018203,6113.5,236.5,5877,6350
3583367,4871.0,465.0,5336,4406
2920537,7118.0,1280.0,8398,5838
2444053,52818.0,37722.0,90540,15096
3515621,8325.0,4648.0,3677,12973
2424467,6882.5,2781.5,4101,9664
2556481,27359.5,26124.5,53484,1235
2343863,18294.0,15607.0,2687,33901
2871523,30888.0,8912.0,39800,21976
2654009,15384.5,9374.5,24759,6010
2351077,41739.5,25524.5,16215,67264
2861653,2941.5,79.5,3021,2862
3229493,10434.0,3060.0,13494,7374
3695429,6388.5,2782.5,9171,3606
2098513,27648.0,5850.0,21798,33498
2970889,15245.5,7042.5,22288,8203
2556721,25441.0,4377.0,21064,29818
2817329,5311.5,712.5,6024,4599
3585613,2802.0,1550.0,1252,4352
2919421,16630.5,11540.5,5090,28171
3107207,4570.5,3972.5,8543,598
2339377,10216.0,3457.0,13673,6759
2957557,22326.5,7062.5,29389,15264
2681689,7572.5,4971.5,2601,12544
2836921,10837.5,10192.5,21030,645
2145907,113965.5,34245.5,148211,79720
2374283,11126.5,1650.5,9476,12777
2777461,33215.5,2010.5,31205,35226
3807703,3975.5,2332.5,6308,1643
2898163,5335.0,4933.0,402,10268
2347517,57707.0,33478.0,91185,24229
3643693,12734.5,4146.5,16881,8588
2922377,31306.0,30634.0,61940,672
2590699,19832.5,9124.5,28957,10708
2632349,15239.5,9856.5,25096,5383
2500013,28167.5,18264.5,46432,9903
2632529,13441.0,2858.0,16299,10583
2177213,50197.0,27798.0,22399,77995
2363143,110838.0,109086.0,219924,1752
2146933,48494.5,11466.5,59961,37028
2572181,12553.5,10223.5,22777,2330
2856109,9961.5,6956.5,3005,16918
2838571,22345.5,5832.5,16513,28178
2190941,94424.0,52755.0,147179,41669
3183413,6762.5,907.5,5855,7670
2204749,3758.5,2207.5,1551,5966
3088027,3384.0,1369.0,4753,2015
2963237,534.5,224.5,759,310
3103117,6260.0,367.0,6627,5893
3801131,4601.5,3358.5,7960,1243
3002497,6894.0,160.0,7054,6734
2408027,12353.0,6267.0,18620,6086
2498117,11174.0,862.0,10312,12036
2237987,38725.0,7739.0,46464,30986
3342971,10206.0,8204.0,18410,2002
3621811,996.0,50.0,1046,946
2982493,9868.5,8396.5,18265,1472
2852321,22329.0,10720.0,11609,33049
2543197,11041.0,8209.0,2832,19250
2166343,47191.5,29591.5,17600,76783
2850983,21250.5,10876.5,10374,32127
3728437,3013.5,3006.5,7,6020
2252351,59898.0,32053.0,91951,27845
2866813,12119.5,2926.5,15046,9193
2310683,36163.5,33029.5,3134,69193
2344729,5458.0,4075.0,9533,1383
2555153,13626.0,4161.0,9465,17787
2225813,27867.0,16642.0,44509,11225
3847043,5193.5,5110.5,10304,83
2926243,11670.0,2399.0,14069,9271
2431379,101702.5,97509.5,199212,4193
3032539,9636.0,6880.0,16516,2756
2128877,9856.5,6198.5,3658,16055
2148427,50814.0,9724.0,60538,41090
2856043,11671.5,7559.5,19231,4112
2832233,8501.5,1834.5,6667,10336
2794157,4049.5,144.5,3905,4194
2800067,6641.0,1992.0,4649,8633
2601283,10215.0,5804.0,4411,16019
2931857,13002.5,3109.5,16112,9893
2948237,6434.0,5463.0,11897,971
2398531,9602.5,1321.5,8281,10924
2385437,34874.5,8727.5,43602,26147
3064549,21938.0,19357.0,2581,41295
4003997,2656.5,48.5,2705,2608
2355589,57297.0,46119.0,11178,103416
3273637,2185.0,1802.0,383,3987
2277563,56528.0,46151.0,10377,102679
2937587,17219.5,14821.5,32041,2398
2233703,54588.0,7569.0,47019,62157
2445397,25384.5,10227.5,35612,15157
2363269,35761.0,32322.0,3439,68083
2490779,111755.0,36080.0,147835,75675
2896211,20091.0,3642.0,16449,23733
3362053,3510.0,1191.0,4701,2319
2423207,36632.0,34787.0,71419,1845
2875189,4862.0,3413.0,8275,1449
2646547,50604.5,32174.5,18430,82779
3445439,6932.0,533.0,7465,6399
2265227,30213.5,2193.5,28020,32407
3511259,3883.0,3427.0,7310,456
3250447,6308.5,2608.5,3700,8917
2703691,28319.0,11259.0,39578,17060
2396279,14796.5,8371.5,6425,23168
2944607,23198.5,13966.5,37165,9232
2153003,37881.5,22896.5,60778,14985
3442973,4433.5,2302.5,2131,6736
2192389,16622.0,551.0,16071,17173
2915239,37826.0,23560.0,61386,14266
2336077,9261.5,2835.5,12097,6426
2587489,11446.5,1719.5,13166,9727
2662019,30553.0,21263.0,51816,9290
2453791,43406.0,41650.0,85056,1756
2923979,20455.0,20039.0,416,40494
2664283,19854.0,14379.0,5475,34233
3638197,2878.0,2707.0,5585,171
2539333,49303.0,20923.0,70226,28380
2590109,34228.5,20184.5,54413,14044
3772333,5708.5,1664.5,4044,7373
2427707,15192.0,579.0,15771,14613
2340749,2334.5,633.5,1701,2968
2534533,11093.5,11024.5,22118,69
2758513,16547.5,6797.5,23345,9750
2348803,30214.5,28451.5,58666,1763
2320441,41025.5,14227.5,26798,55253
2182357,23549.5,13979.5,37529,9570
2126099,15064.5,2611.5,17676,12453
2713661,10681.5,8900.5,19582,1781
3522229,6225.0,1076.0,7301,5149
2885657,14907.5,11111.5,3796,26019
2905663,4812.0,1419.0,6231,3393
2849921,8789.5,852.5,9642,7937
2917741,15930.0,13040.0,2890,28970
2315431,50150.5,36024.5,14126,86175
2832607,15726.5,10008.5,5718,25735
2724343,22871.0,8530.0,14341,31401
2354929,3699.0,3631.0,7330,68
2612803,18946.0,15656.0,3290,34602
3448349,5092.0,752.0,4340,5844
3513197,2241.0,861.0,3102,1380
2216131,64107.5,37717.5,101825,26390
2109557,41902.0,22313.0,64215,19589
2244877,56628.0,48540.0,8088,105168
2114617,46267.0,35272.0,81539,10995
2255177,51381.0,45517.0,96898,5864
2471591,62478.5,58090.5,120569,4388
2110447,75393.5,60614.5,14779,136008
2652673,75034.5,41532.5,33502,116567
2426881,23741.0,8063.0,15678,31804
2648783,14566.0,82.0,14484,14648
3418531,11435.0,6451.0,4984,17886
2495329,59935.0,27437.0,32498,87372
2422417,41191.5,19658.5,21533,60850
2495369,21749.0,6881.0,28630,14868
3571979,2360.0,2355.0,5,4715
2126977,36796.0,19533.0,56329,17263
2392633,84556.0,69230.0,15326,153786
2518169,5806.0,4336.0,10142,1470
3607403,1269.5,914.5,355,2184
2218247,48680.5,29317.5,77998,19363
2641853,6629.5,2096.5,4533,8726
2269753,6771.0,3812.0,10583,2959
2794853,35821.0,27063.0,8758,62884
2656781,16328.0,15350.0,978,31678
2861717,6961.0,1170.0,5791,8131
3379421,5843.0,1164.0,4679,7007
2908949,10946.5,4679.5,6267,15626
2890543,17267.5,12388.5,4879,29656
2849599,4845.0,22.0,4823,4867
2585789,33719.0,13790.0,19929,47509
2757331,26281.5,100.5,26382,26181
3733573,1103.5,449.5,1553,654
2305229,46092.5,34050.5,80143,12042
2666813,22340.5,8297.5,30638,14043
2225719,43880.5,25965.5,17915,69846
2537807,12706.0,12622.0,84,25328
2514223,20519.5,11267.5,31787,9252
3160093,30661.0,10183.0,20478,40844
3135149,8982.0,1580.0,10562,7402
2212019,28019.5,15252.5,43272,12767
2692397,16810.5,6550.5,10260,23361
2691349,16635.5,1302.5,15333,17938
3332227,3540.5,769.5,4310,2771
2582263,22202.5,7363.5,14839,29566
2776229,14279.0,4545.0,9734,18824
2338187,38814.0,28900.0,67714,9914
3142921,7121.0,950.0,8071,6171
2485981,11488.5,368.5,11120,11857
2253961,73170.0,65074.0,138244,8096
2618471,11633.0,8572.0,20205,3061
3808433,447.0,112.0,559,335
3560093,5004.5,2305.5,2699,7310
3576211,4762.0,3314.0,8076,1448
2297513,40186.0,33700.0,6486,73886
3420979,1742.5,1442.5,300,3185
3014017,9653.0,8753.0,900,18406
3535661,1622.5,569.5,2192,1053
3202781,8646.5,5297.5,13944,3349
2844631,47327.5,39302.5,8025,86630
3759631,3728.5,3158.5,570,6887
3526883,2645.0,1929.0,4574,716
2249473,33741.0,28942.0,62683,4799
3213107,8193.5,5827.5,14021,2366
3132293,28638.0,4135.0,24503,32773
2630603,3184.0,1066.0,4250,2118
3788143,3272.5,2813.5,459,6086
3968039,2611.5,1314.5,3926,1297
2144651,90243.5,61986.5,152230,28257
2507831,13206.5,3343.5,9863,16550
3467561,10739.0,3957.0,6782,14696
2891179,18253.0,14587.0,3666,32840
3798779,1704.5,1492.5,212,3197
2340131,18384.0,4082.0,14302,22466
2642027,794.5,368.5,1163,426
2121517,61858.0,32245.0,94103,29613
3226709,17130.0,6405.0,10725,23535
2770951,30291.0,11984.0,42275,18307
3027601,15488.0,3060.0,18548,12428
2364059,57261.0,37925.0,95186,19336
2765533,9807.5,9451.5,356,19259
3237137,5755.5,4329.5,10085,1426
2640481,10988.5,2689.5,13678,8299
2542153,21796.5,4056.5,17740,25853
2288791,37237.5,24796.5,12441,62034
2921887,4425.0,680.0,5105,3745
3728399,1250.0,13.0,1263,1237
2909857,20947.5,3949.5,24897,16998
3725399,1290.5,146.5,1437,1144
2601971,28968.0,25837.0,3131,54805
2278579,58910.0,23519.0,35391,82429
3593657,12197.5,114.5,12083,12312
2459453,16339.0,1419.0,14920,17758
2121799,11039.5,8159.5,19199,2880
2494853,5023.0,456.0,5479,4567
2470609,35391.5,18863.5,54255,16528
3469813,7000.5,3011.5,3989,10012
2180099,61772.0,30765.0,31007,92537
2639057,5390.0,2298.0,3092,7688
2691569,18921.0,11203.0,30124,7718
3979769,1407.5,1199.5,208,2607
2379463,50546.5,48743.5,99290,1803
2510461,17541.5,2063.5,19605,15478
3330841,8649.5,2759.5,11409,5890
2408467,75960.0,48255.0,27705,124215
2289293,42683.0,563.0,42120,43246
2353789,117467.0,101451.0,16016,218918
2227837,18592.0,10019.0,8573,28611
2201861,7399.5,7123.5,14523,276
3031649,8925.5,1331.5,7594,10257
2909917,5218.5,5193.5,25,10412
2326777,21777.5,15510.5,37288,6267
3814969,975.0,806.0,1781,169
3237791,8266.5,4154.5,12421,4112
2226443,8331.0,4754.0,3577,13085
2163697,12510.5,206.5,12717,12304
3161251,19055.0,17007.0,36062,2048
2763389,7414.5,6031.5,13446,1383
2672717,9068.0,8886.0,17954,182
2579879,3567.0,1117.0,2450,4684
3311417,10175.0,7228.0,17403,2947
2414891,12947.0,2297.0,10650,15244
2703509,15678.5,10517.5,5161,26196
2232721,104062.0,70986.0,175048,33076
2229013,45588.0,18271.0,63859,27317
2274581,31033.5,22356.5,8677,53390
3649183,7288.0,5395.0,1893,12683
2359361,18791.5,10478.5,29270,8313
3321011,10237.0,7878.0,2359,18115
3115367,27637.0,21751.0,5886,49388
2678713,15692.5,3196.5,18889,12496
2196203,12406.5,9882.5,2524,22289
2456599,15576.0,15456.0,31032,120
2217031,40367.5,25482.5,14885,65850
2760227,12623.0,10332.0,22955,2291
3102973,4230.0,232.0,4462,3998
2784931,15290.0,10127.0,25417,5163
2483389,55968.0,41221.0,14747,97189
2146013,4551.0,1160.0,3391,5711
2720099,14796.5,522.5,14274,15319
2163961,185347.5,51197.5,236545,134150
2616403,8500.5,655.5,9156,7845
2793803,5803.5,2653.5,3150,8457
2408443,19005.5,1592.5,17413,20598
2237351,71834.5,37740.5,109575,34094
2773913,11962.0,8184.0,20146,3778
2191853,26476.5,17007.5,9469,43484
2366977,35255.0,9328.0,25927,44583
2217979,47700.5,37454.5,10246,85155
2453239,33163.0,4092.0,37255,29071
2126323,60492.0,23015.0,83507,37477
2352407,41270.0,28662.0,12608,69932
2943959,12549.0,4110.0,16659,8439
2265827,5722.5,5058.5,10781,664
2320333,36295.0,21499.0,14796,57794
2346583,15353.0,7382.0,7971,22735
2403197,11450.0,7185.0,4265,18635
2917039,26885.5,4130.5,22755,31016
3161839,18730.0,2189.0,20919,16541
2160539,12313.0,6135.0,18448,6178
3058217,4348.5,629.5,4978,3719
2322539,18748.5,11093.5,7655,29842
2563201,25682.5,20825.5,4857,46508
2477443,13846.0,2991.0,10855,16837
3275423,10278.5,10111.5,20390,167
3662171,8275.5,7927.5,348,16203
2247799,50349.0,30574.0,80923,19775
2244797,129692.0,6913.0,136605,122779
2965283,71283.5,40588.5,30695,111872
3515609,11925.5,11442.5,23368,483
2273237,52491.5,4644.5,57136,47847
2361907,28971.0,21666.0,50637,7305
3192127,3486.5,1521.5,1965,5008
2458397,31366.5,19842.5,51209,11524
2161039,71866.0,43228.0,28638,115094
2458453,23873.0,22597.0,46470,1276
2457589,23252.0,16094.0,7158,39346
3475067,3412.0,3278.0,134,6690
2721311,31987.0,1438.0,30549,33425
2723953,9973.5,9158.5,815,19132
2098147,48184.0,39052.0,87236,9132
2303201,141097.0,105365.0,35732,246462
3082643,6892.5,4055.5,2837,10948
2424473,18202.5,9274.5,8928,27477
2286421,25168.5,5011.5,30180,20157
2106443,87475.5,76620.5,10855,164096
2180909,8673.0,924.0,7749,9597
3221149,7935.5,287.5,7648,8223
2665829,9322.5,2302.5,11625,7020
3072649,7137.5,4687.5,2450,11825
2595317,18385.0,14292.0,4093,32677
3771283,3918.0,2330.0,1588,6248
3029903,26937.0,16867.0,10070,43804
2161961,47332.0,8857.0,38475,56189
2761469,8612.0,535.0,8077,9147
3113503,23418.0,3089.0,26507,20329
2365661,41761.0,20011.0,61772,21750
2184613,31415.5,5802.5,25613,37218
2220173,39888.5,34294.5,74183,5594
3041609,12858.5,2640.5,15499,10218
2217697,19510.0,13101.0,6409,32611
2331491,7365.5,1418.5,8784,5947
3264673,30433.5,3800.5,26633,34234
2152963,72561.5,7236.5,65325,79798
2103379,25541.0,20227.0,5314,45768
2296043,4180.0,3280.0,7460,900
2928803,32469.0,6319.0,26150,38788
3300079,9952.0,7686.0,2266,17638
2863933,2767.0,2098.0,669,4865
2238343,33395.5,15326.5,18069,48722
2366839,19346.0,9280.0,28626,10066
3301829,10598.5,6563.5,17162,4035
2620517,31797.5,6586.5,25211,38384
3502703,2343.5,1762.5,4106,581
2149759,51543.5,41086.5,10457,92630
2429179,85261.5,16291.5,68970,101553
3077863,8961.0,5260.0,14221,3701
3509119,6368.5,5119.5,1249,11488
2352607,10861.5,50.5,10912,10811
2269013,9981.5,286.5,9695,10268
2550931,27309.5,20698.5,6611,48008
2141207,85110.5,39367.5,45743,124478
3533587,2031.0,2000.0,31,4031
3235511,11189.0,1463.0,9726,12652
3339001,7095.0,3276.0,10371,3819
2665279,57856.5,22147.5,80004,35709
3358739,19706.0,11627.0,8079,31333
2170463,63647.0,37233.0,100880,26414
3189787,10931.5,5270.5,5661,16202
2434921,26187.5,9131.5,35319,17056
3189023,8898.0,3600.0,12498,5298
2464771,26120.0,24009.0,50129,2111
2352461,21722.5,2527.5,19195,24250
2220091,7476.0,4653.0,2823,12129
2342693,22382.0,16177.0,6205,38559
2154679,29447.0,1793.0,27654,31240
2570731,37801.0,32080.0,69881,5721
3923461,796.0,287.0,509,1083
2238007,4494.5,3860.5,8355,634
2256679,30124.0,28894.0,1230,59018
2228327,24572.5,12825.5,11747,37398
2346647,15489.0,15479.0,30968,10
2565547,28992.0,9917.0,19075,38909
3460183,8093.0,1590.0,6503,9683
2450507,10111.0,4877.0,5234,14988
3154813,8166.0,6435.0,14601,1731
2883203,24271.5,4442.5,28714,19829
3027239,29108.5,24522.5,4586,53631
2370439,47799.0,28213.0,19586,76012
3865489,2442.0,822.0,1620,3264
3036113,3196.0,43.0,3239,3153
3586601,10110.5,5673.5,15784,4437
3772247,5581.0,1238.0,4343,6819
3158117,3910.0,1603.0,5513,2307
3229801,11194.5,5668.5,5526,16863
2545747,23901.0,18839.0,42740,5062
2429281,7170.0,5754.0,12924,1416
3066101,16538.0,3732.0,20270,12806
2246611,35504.5,23843.5,11661,59348
2954647,2709.0,2598.0,111,5307
3011423,6429.5,6116.5,313,12546
2463379,40024.0,38489.0,78513,1535
2328121,17446.5,7612.5,25059,9834
3106009,14451.5,12605.5,1846,27057
2212013,56214.0,33932.0,90146,22282
2692867,24174.5,13536.5,37711,10638
3205633,12257.5,10431.5,22689,1826
2393057,30284.0,26478.0,3806,56762
2225633,33128.0,26738.0,6390,59866
2567189,26257.5,4605.5,30863,21652
2359691,68571.5,53869.5,122441,14702
2890133,6088.0,2400.0,3688,8488
2601169,53322.5,21264.5,74587,32058
3496819,6609.5,3244.5,3365,9854
3898861,2690.5,2638.5,5329,52
2445563,60230.5,19738.5,40492,79969
2845081,3441.5,1082.5,4524,2359
2281999,79559.5,62390.5,17169,141950
3304283,10699.0,10240.0,20939,459
2663399,20204.5,3203.5,23408,17001
3101093,3213.5,3107.5,6321,106
2242243,18994.5,15272.5,3722,34267
2756617,19400.0,15678.0,35078,3722
2889659,5428.5,1587.5,3841,7016
2603147,6724.5,4753.5,1971,11478
2400493,48704.5,35005.5,13699,83710
2142671,74974.5,64707.5,10267,139682
2437447,11838.0,8467.0,20305,3371
2507399,31496.5,27091.5,58588,4405
2417167,6776.5,2751.5,9528,4025
2149129,10454.5,10223.5,231,20678
2522627,92597.5,73619.5,166217,18978
2338909,3939.5,3796.5,7736,143
3753637,2787.0,2153.0,4940,634
3159899,10542.5,3713.5,14256,6829
2536607,16230.0,8485.0,7745,24715
3600199,2948.5,617.5,2331,3566
2504989,18008.0,2542.0,20550,15466
2373793,42373.5,14.5,42388,42359
2808137,7903.5,6768.5,1135,14672
2664457,23725.5,8051.5,15674,31777
2642399,5876.0,1011.0,6887,4865
2116769,51556.0,27810.0,79366,23746
2655811,8299.5,7298.5,1001,15598
2163379,17271.5,8514.5,25786,8757
2128759,38682.0,20761.0,59443,17921
2386541,85868.0,85400.0,468,171268
2614673,7265.5,3324.5,3941,10590
2141383,46251.0,29148.0,17103,75399
3709729,6671.5,1283.5,5388,7955
3130073,10430.0,4778.0,15208,5652
2399123,57273.0,26293.0,30980,83566
2759399,8851.0,368.0,9219,8483
3132401,12225.5,6536.5,18762,5689
3181147,20742.0,163.0,20905,20579
2415107,32391.5,32318.5,73,64710
3900607,1429.5,176.5,1253,1606
2849191,28668.0,9600.0,19068,38268
3054083,56854.0,6208.0,50646,63062
2400701,10200.5,9267.5,19468,933
2234203,115556.5,88328.5,203885,27228
3056279,10532.0,8496.0,19028,2036
2589061,6711.0,6035.0,676,12746
2868391,12959.5,10145.5,23105,2814
2370491,12499.5,3122.5,9377,15622
2728147,2935.0,728.0,3663,2207
2191817,53939.0,21943.0,75882,31996
2831897,5042.0,235.0,5277,4807
2188177,27977.0,1399.0,26578,29376
2184737,41440.5,13707.5,55148,27733
2169053,30093.5,18799.5,11294,48893
3195719,22667.5,11546.5,34214,11121
2982263,6722.5,5429.5,12152,1293
2196743,33456.5,20746.5,54203,12710
3541169,4407.0,3474.0,7881,933
2544701,24145.0,11161.0,35306,12984
2371357,205054.5,27345.5,177709,232400
2788613,3367.0,401.0,2966,3768
3229013,26650.0,23587.0,3063,50237
3221161,12628.0,779.0,13407,11849
2294069,12216.0,10993.0,23209,1223
2160371,41216.0,17772.0,58988,23444
2995471,8552.5,8101.5,16654,451
2890361,14784.0,1272.0,16056,13512
2931431,11524.0,5224.0,16748,6300
2235061,30736.5,27857.5,58594,2879
3920351,1059.5,30.5,1090,1029
2942417,7185.0,6635.0,13820,550
2959423,13284.5,10082.5,23367,3202
2507651,53627.0,32028.0,85655,21599
2847451,7734.0,6150.0,1584,13884
2904691,8923.0,674.0,9597,8249
2127781,61649.5,450.5,61199,62100
2224109,69518.5,9687.5,59831,79206
3269551,19204.5,1281.5,20486,17923
2779589,13942.0,3261.0,10681,17203
3018619,12683.0,9173.0,3510,21856
2801881,33526.0,16958.0,50484,16568
3685439,1658.5,1229.5,429,2888
3624487,3635.5,178.5,3814,3457
2336879,12486.5,7888.5,20375,4598
2810519,7432.0,3210.0,10642,4222
3101341,11024.0,6826.0,4198,17850
2179739,7907.0,5639.0,13546,2268
2133077,43256.0,39253.0,82509,4003
2402551,16381.5,11033.5,5348,27415
2710493,5282.5,368.5,4914,5651
2736389,16502.0,1644.0,14858,18146
2212649,58956.5,12481.5,71438,46475
2347417,19801.5,8322.5,11479,28124
3178969,14287.0,3444.0,10843,17731
2365219,60169.0,24640.0,35529,84809
2899297,18819.5,11675.5,30495,7144
2129591,23819.5,14464.5,38284,9355
2501633,37489.5,3540.5,41030,33949
2942483,2633.5,2060.5,573,4694
3378623,4867.5,1152.5,6020,3715
2218457,78531.5,8223.5,86755,70308
3386401,1064.0,214.0,1278,850
2203987,13703.0,8463.0,5240,22166
2237243,41668.0,12962.0,54630,28706
2309597,15679.0,10299.0,5380,25978
3242611,4383.0,563.0,4946,3820
3243743,29638.5,12068.5,41707,17570
2427283,63139.5,32847.5,30292,95987
2501203,50799.5,28982.5,79782,21817
2631619,13347.5,9399.5,3948,22747
2113387,109442.5,42513.5,66929,151956
2940529,8907.0,2748.0,11655,6159
2840501,19892.0,17195.0,37087,2697
3269317,4125.0,612.0,3513,4737
3549167,11679.0,9933.0,21612,1746
2935631,3362.5,1941.5,1421,5304
2172647,37999.5,14542.5,52542,23457
4064087,470.5,9.5,480,461
2776273,14576.5,4042.5,10534,18619
2600431,20810.5,12553.5,8257,33364
2209651,94579.0,12597.0,107176,81982
2453863,12325.0,8087.0,20412,4238
3348181,13006.0,3019.0,16025,9987
2962667,13761.0,4328.0,18089,9433
2842067,25319.0,10952.0,36271,14367
2985023,16863.5,9259.5,26123,7604
2169911,83247.0,12976.0,70271,96223
3736387,4172.0,814.0,4986,3358
2118521,56497.0,43279.0,99776,13218
3416597,4224.0,3021.0,7245,1203
2182721,61892.0,34920.0,26972,96812
2648203,19712.5,16033.5,3679,35746
3002423,1194.5,596.5,598,1791
3015569,1542.5,836.5,706,2379
2713091,6042.0,2596.0,3446,8638
3180253,5399.0,924.0,6323,4475
2575541,18583.0,2221.0,16362,20804
2247071,50792.0,1825.0,48967,52617
3583049,2691.0,2341.0,5032,350
2550049,30241.0,14795.0,45036,15446
2799541,71129.5,18739.5,52390,89869
2434667,36525.5,257.5,36783,36268
2569849,7788.0,4091.0,3697,11879
2174239,26890.0,9373.0,36263,17517
3006697,20376.5,14848.5,5528,35225
3168299,1294.0,1014.0,280,2308
2779957,8262.5,3795.5,4467,12058
2599699,7712.0,2929.0,4783,10641
2481751,29100.0,8633.0,37733,20467
2552309,27465.5,2993.5,30459,24472
3260603,16527.5,1721.5,14806,18249
3081521,23231.0,20842.0,44073,2389
2299877,36875.5,19724.5,56600,17151
3411623,6506.5,3484.5,3022,9991
2773559,15559.5,1515.5,17075,14044
2890039,29780.5,26686.5,3094,56467
2744047,24906.5,13018.5,37925,11888
3806813,3516.5,563.5,2953,4080
3716417,504.5,316.5,821,188
2109637,62821.5,62591.5,125413,230
2159777,22943.0,21843.0,44786,1100
2997347,10668.0,7712.0,18380,2956
2900549,55158.0,3389.0,51769,58547
3447163,9679.0,6813.0,16492,2866
2781263,11491.0,7613.0,19104,3878
2450389,14142.0,1028.0,13114,15170
2100361,44624.0,21634.0,22990,66258
2451161,33784.0,25771.0,59555,8013
2100949,22676.5,9265.5,13411,31942
3452027,17365.5,5905.5,23271,11460
2981521,1009.5,190.5,1200,819
3549431,2849.0,2658.0,191,5507
2190319,46769.5,17723.5,29046,64493
2112091,26657.0,1356.0,25301,28013
2595221,4943.0,1825.0,3118,6768
2182393,40048.0,19007.0,21041,59055
2383079,16281.0,13614.0,2667,29895
2705753,10701.0,3465.0,7236,14166
2380219,62834.5,16493.5,79328,46341
2866639,14001.0,9713.0,4288,23714
4088459,537.0,141.0,678,396
2989067,1712.5,1043.5,2756,669
2194957,28849.0,23607.0,52456,5242
3384307,20830.5,20025.5,40856,805
3058291,7208.0,3156.0,4052,10364
3736489,8483.0,6069.0,14552,2414
2154583,17152.0,16073.0,1079,33225
2584297,13282.5,12275.5,1007,25558
2611933,33382.0,25152.0,8230,58534
3001679,6723.0,1224.0,7947,5499
2944951,22588.0,1759.0,20829,24347
2547907,20928.5,3891.5,24820,17037
2193497,55694.0,15192.0,40502,70886
2428967,12536.5,874.5,13411,11662
3113629,12049.0,7654.0,19703,4395
2641181,14851.0,11830.0,3021,26681
2360627,18043.5,11872.5,6171,29916
2167631,39939.0,39547.0,392,79486
2250173,55025.0,24844.0,30181,79869
2921551,5344.5,2028.5,7373,3316
3144991,8782.0,5428.0,14210,3354
3620509,803.0,68.0,871,735
2099189,13547.0,8859.0,22406,4688
3629881,6979.5,5066.5,12046,1913
3840871,1997.5,942.5,2940,1055
2721601,23124.5,3520.5,26645,19604
3384079,9794.0,4294.0,5500,14088
2233097,40666.0,37290.0,3376,77956
3229217,2956.0,316.0,2640,3272
3138053,6025.5,3014.5,9040,3011
3129179,3889.0,337.0,3552,4226
2285183,62049.0,28435.0,90484,33614
3027551,3345.0,1877.0,1468,5222
2210237,42686.5,30269.5,72956,12417
3330989,8106.0,8099.0,7,16205
2147063,90860.0,65467.0,25393,156327
2830589,14448.0,4398.0,18846,10050
3948169,2540.0,860.0,1680,3400
3599803,3059.0,2576.0,5635,483
3203791,2859.0,812.0,3671,2047
2387669,54264.0,47360.0,101624,6904
2669819,25051.0,15799.0,40850,9252
2524597,14874.0,14207.0,29081,667
2135873,33208.0,24243.0,57451,8965
2581903,10621.5,8404.5,19026,2217
2119219,43271.0,16636.0,26635,59907
2585663,4195.0,1935.0,2260,6130
3220729,9298.5,3112.5,12411,6186
3136117,34582.0,7785.0,42367,26797
2374003,12507.0,4325.0,8182,16832
2750837,12328.5,11768.5,560,24097
2631737,22228.5,16772.5,5456,39001
3402089,11184.5,10047.5,1137,21232
3200851,5585.5,3688.5,1897,9274
2848457,12482.5,2882.5,15365,9600
2682083,14179.0,1881.0,12298,16060
2563391,13440.5,3789.5,9651,17230
2230909,90046.0,16665.0,73381,106711
2114921,16007.5,12105.5,3902,28113
3446831,19708.0,14417.0,34125,5291
2746357,10419.5,5729.5,4690,16149
3979541,144.0,43.0,187,101
2838193,36570.0,96.0,36474,36666
3849323,4042.0,2901.0,6943,1141
3236179,20101.0,17724.0,37825,2377
2138099,52894.0,15970.0,36924,68864
3029317,24115.5,19177.5,4938,43293
2928593,17602.5,2456.5,20059,15146
3552223,15693.0,3483.0,19176,12210
2968729,4030.0,3682.0,7712,348
2301769,49157.5,12619.5,36538,61777
2970449,5483.5,3150.5,2333,8634
2771441,31179.0,21280.0,52459,9899
2299993,23697.5,23498.5,47196,199
2408183,37497.5,13141.5,50639,24356
3954521,711.5,454.5,1166,257
2874923,4659.0,1957.0,2702,6616
2111143,58459.0,19497.0,77956,38962
2724133,18371.0,16473.0,1898,34844
2372917,45044.0,28887.0,73931,16157
2956361,1545.5,1403.5,2949,142
2682419,15067.5,5025.5,20093,10042
2256797,64011.0,62929.0,1082,126940
2685091,12093.0,2142.0,14235,9951
3991979,556.0,461.0,95,1017
2439053,73649.5,12410.5,86060,61239
2330113,38130.0,34990.0,73120,3140
3203269,15804.0,1744.0,17548,14060
2802197,13983.0,11407.0,2576,25390
2282663,22902.5,9575.5,32478,13327
2154437,46896.0,27126.0,74022,19770
2148413,38377.0,2906.0,41283,35471
3361871,10789.0,6009.0,4780,16798
2520877,4947.5,3070.5,1877,8018
2831119,22447.5,13215.5,9232,35663
2773643,12854.0,3084.0,15938,9770
2576009,14664.5,1021.5,15686,13643
3330533,1341.5,52.5,1289,1394
2769989,28642.5,8451.5,37094,20191
2714821,3358.0,638.0,3996,2720
3357773,2055.5,23.5,2079,2032
2645963,24783.0,14729.0,39512,10054
3192421,2716.0,603.0,3319,2113
3146177,11491.5,5640.5,17132,5851
2775079,46732.0,37480.0,9252,84212
2525891,24756.5,15349.5,9407,40106
2348933,34280.5,5745.5,28535,40026
2852131,39165.0,12316.0,51481,26849
3335429,12884.0,10937.0,1947,23821
2545273,25053.5,5163.5,30217,19890
2938519,3352.0,3028.0,324,6380
3026311,5202.5,4960.5,242,10163
2862287,6011.5,2840.5,8852,3171
2386829,64590.5,48290.5,16300,112881
2484407,37757.0,27834.0,9923,65591
2416031,85305.5,76953.5,162259,8352
2463959,54575.0,28605.0,83180,25970
2488873,46360.0,15410.0,30950,61770
3626303,6233.0,1661.0,4572,7894
2366563,18281.0,4343.0,13938,22624
2634809,10164.0,2911.0,7253,13075
2827309,19512.5,18125.5,37638,1387
2816159,12822.5,1778.5,14601,11044
2202593,18027.0,17119.0,908,35146
3026533,15954.0,267.0,16221,15687
2596879,44064.0,23997.0,20067,68061
3590701,2454.0,1195.0,3649,1259
2151491,97923.5,82853.5,15070,180777
2592137,24358.5,16592.5,40951,7766
2239799,77335.0,19143.0,58192,96478
2164343,37074.5,14853.5,22221,51928
2652509,14908.5,12727.5,2181,27636
3301453,7385.0,1222.0,8607,6163
2369501,4438.0,4011.0,427,8449
2739101,15932.5,3830.5,19763,12102
2521663,9253.0,4999.0,14252,4254
2481803,30453.5,20723.5,9730,51177
2390293,19787.5,6774.5,26562,13013
2406869,28031.5,16798.5,44830,11233
3158669,26238.0,20701.0,46939,5537
2811971,12697.0,2778.0,9919,15475
2878517,21698.5,17246.5,4452,38945
3464267,9588.0,7049.0,16637,2539
2657981,26793.5,17959.5,44753,8834
2493181,46247.5,38545.5,7702,84793
2595163,12285.0,1615.0,10670,13900
2190011,67463.0,43661.0,111124,23802
2196769,29575.5,6670.5,22905,36246
3697807,4940.0,2656.0,7596,2284
2700157,39617.5,21863.5,61481,17754
2958589,17427.5,16450.5,33878,977
2322533,52349.0,6000.0,46349,58349
3028777,15783.0,2498.0,18281,13285
2315713,27338.5,11761.5,39100,15577
2248079,8279.5,3396.5,4883,11676
3674633,5132.5,1117.5,6250,4015
2325359,15668.0,3709.0,19377,11959
3952063,894.5,737.5,157,1632
3358363,6942.0,4351.0,11293,2591
2392079,28086.0,13613.0,14473,41699
2481161,10429.5,4651.5,15081,5778
2151173,36215.0,29895.0,66110,6320
3565493,1661.0,699.0,962,2360
2390393,66616.5,6615.5,60001,73232
2242631,1637.0,1310.0,2947,327
2152097,5854.0,4712.0,1142,10566
2819591,10883.0,10711.0,21594,172
2163659,13245.0,12390.0,25635,855
2351777,41383.5,21691.5,19692,63075
3211567,10858.0,8089.0,18947,2769
2667943,43041.0,16513.0,26528,59554
2139793,51401.0,23706.0,75107,27695
2528671,25329.0,18419.0,43748,6910
2203349,46610.5,21487.5,25123,68098
2312551,8592.5,6378.5,2214,14971
2318269,25267.0,23109.0,48376,2158
2602091,12518.5,1013.5,11505,13532
2156911,40345.0,12988.0,53333,27357
2520647,26960.0,5721.0,21239,32681
2182837,16681.0,1618.0,18299,15063
2513963,17702.5,7204.5,24907,10498
2465341,10157.5,5616.5,15774,4541
3309029,22021.5,8155.5,30177,13866
2191307,36130.0,32526.0,3604,68656
3728903,4110.5,496.5,4607,3614
2189497,20911.0,10632.0,31543,10279
2460769,28365.5,10757.5,17608,39123
2532821,25245.5,8309.5,16936,33555
2276341,10114.0,6858.0,3256,16972
2826713,7706.5,1631.5,6075,9338
2347973,71638.5,38703.5,110342,32935
2120737,25716.5,13416.5,39133,12300
2566763,30174.5,10297.5,40472,19877
3252881,7738.0,4284.0,12022,3454
2607233,6773.5,1679.5,8453,5094
2498537,22257.0,9756.0,32013,12501
2728879,8404.5,2153.5,6251,10558
3435097,1702.5,974.5,2677,728
3202751,2216.0,297.0,2513,1919
2195293,41820.5,25670.5,67491,16150
3541561,10470.5,656.5,9814,11127
3280769,7832.5,4889.5,2943,12722
2846509,28865.5,14305.5,43171,14560
2202247,21739.0,8173.0,13566,29912
2283329,138931.5,98395.5,40536,237327
2667893,20818.5,3586.5,24405,17232
2486503,549.0,424.0,973,125
4007923,2981.5,1082.5,4064,1899
2472881,58512.5,33323.5,91836,25189
2968051,4604.5,3469.5,8074,1135
3716743,1384.5,910.5,2295,474
3038491,36412.0,30732.0,67144,5680
2587919,13215.5,10747.5,23963,2468
3616567,3805.0,2678.0,6483,1127
3143333,2450.5,1019.5,3470,1431
2657849,41929.5,32776.5,9153,74706
2369011,43291.5,42899.5,86191,392
2592643,11612.5,9418.5,21031,2194
2187947,43707.5,11650.5,32057,55358
2192479,13695.5,13266.5,429,26962
2247701,56282.0,11371.0,44911,67653
2116241,29047.5,18644.5,10403,47692
3572213,9851.0,2145.0,11996,7706
2109281,18234.0,6794.0,25028,11440
2157179,199823.0,160528.0,360351,39295
2105153,111375.5,92070.5,19305,203446
3154919,17460.0,16743.0,34203,717
2102063,17342.0,1429.0,18771,15913
2824831,5631.0,3400.0,2231,9031
3433939,3216.5,305.5,3522,2911
4068289,1581.5,761.5,2343,820
3032387,4663.0,38.0,4701,4625
3297929,1437.0,1242.0,195,2679
2387057,17911.0,9076.0,26987,8835
2338001,13283.5,3978.5,9305,17262
2344613,19470.0,11160.0,30630,8310
2155757,17308.5,3581.5,20890,13727
2650121,23542.5,9341.5,32884,14201
2198279,39145.5,30599.5,8546,69745
2160523,85350.0,38461.0,123811,46889
2477003,25153.5,2356.5,22797,27510
3233759,8476.5,1914.5,10391,6562
3566557,2022.5,144.5,2167,1878
2606333,9491.0,2963.0,12454,6528
3150881,14431.0,383.0,14048,14814
2234291,30802.0,11120.0,19682,41922
3590989,4434.0,1674.0,2760,6108
2357447,44567.5,4679.5,39888,49247
2336203,18968.5,11031.5,7937,30000
3538097,464.0,95.0,559,369
2413387,61199.5,49127.5,12072,110327
2181847,162699.0,61646.0,101053,224345
3697829,5711.5,268.5,5443,5980
2760619,35770.0,34773.0,70543,997
2518837,21677.5,7766.5,13911,29444
3391079,36809.5,25982.5,62792,10827
2380687,10801.5,5273.5,16075,5528
2519521,28551.0,26085.0,2466,54636
2773427,14777.5,11802.5,26580,2975
2882317,36845.0,31372.0,5473,68217
3773807,2251.5,875.5,3127,1376
3327113,11981.5,3047.5,15029,8934
2674019,13834.5,13420.5,414,27255
2400913,18354.5,9858.5,8496,28213
2517413,30486.5,3785.5,34272,26701
2847781,25079.0,14966.0,40045,10113
3831281,3049.0,797.0,3846,2252
2660843,13057.5,10067.5,23125,2990
2206801,41837.5,9541.5,32296,51379
2913899,3879.0,3165.0,714,7044
3812093,925.0,187.0,1112,738
2456771,25790.5,380.5,25410,26171
3132713,8044.0,5722.0,2322,13766
3806401,7855.5,3532.5,11388,4323
2393593,17792.0,15923.0,33715,1869
2882431,2980.5,881.5,2099,3862
2338499,55161.0,6873.0,48288,62034
4019881,2007.0,1466.0,3473,541
2843441,12745.5,4811.5,7934,17557
2496751,13645.0,13533.0,27178,112
2704267,50325.0,2764.0,53089,47561
2827501,18996.0,4101.0,23097,14895
3281659,6992.5,1162.5,8155,5830
2495237,33164.0,26965.0,60129,6199
2598853,23593.5,8614.5,32208,14979
2291977,67874.0,14272.0,82146,53602
2212751,23992.0,17750.0,6242,41742
2291537,67937.5,15871.5,83809,52066
2850269,2954.5,2733.5,5688,221
2400977,47295.5,31706.5,79002,15589
2904547,6887.5,5354.5,1533,12242
2216129,82970.0,25704.0,108674,57266
3016733,8539.5,2818.5,5721,11358
2797051,38357.5,28886.5,67244,9471
3501151,2451.5,1138.5,1313,3590
3170989,6271.0,239.0,6032,6510
2921143,13962.0,13865.0,97,27827
2214347,9135.5,7590.5,16726,1545
2636681,12336.5,4455.5,7881,16792
2730809,8994.0,7591.0,16585,1403
2251883,12340.0,3551.0,15891,8789
2733383,22391.0,20124.0,42515,2267
2612693,16674.5,15988.5,32663,686
2255809,28272.5,13762.5,42035,14510
2169001,100054.0,64143.0,164197,35911
2484821,4150.0,3024.0,7174,1126
2426317,22480.0,7056.0,15424,29536
2166391,40191.5,26691.5,13500,66883
2684417,21539.5,1341.5,22881,20198
2506247,6556.5,6324.5,12881,232
2787979,23057.0,16347.0,6710,39404
2335609,80145.0,70935.0,151080,9210
3047371,10597.0,785.0,9812,11382
2247001,1205.0,241.0,964,1446
2659369,6349.5,5770.5,12120,579
3808279,601.5,23.5,578,625
3460931,8132.5,6314.5,14447,1818
2309459,5037.0,1614.0,3423,6651
2426663,24012.5,6103.5,17909,30116
2796947,3482.5,93.5,3389,3576
2406641,12582.0,5115.0,7467,17697
2142089,127383.0,105313.0,22070,232696
2344423,27869.5,19494.5,47364,8375
2360777,7548.0,2515.0,10063,5033
2907473,10338.0,6872.0,3466,17210
2541887,44928.0,23283.0,21645,68211
3301141,14779.5,6895.5,21675,7884
2213639,40517.5,38642.5,79160,1875
2963659,26196.5,14491.5,11705,40688
2891149,25625.5,1517.5,24108,27143
2345821,17761.5,6201.5,11560,23963
2635441,10920.5,4804.5,15725,6116
3146713,22486.5,19714.5,2772,42201
3103561,5733.0,2201.0,3532,7934
3055061,34346.0,16450.0,50796,17896
3209411,6499.5,3657.5,10157,2842
2127547,11581.5,7317.5,4264,18899
2163517,37475.5,8902.5,46378,28573
3523277,2168.5,1516.5,3685,652
3227179,3444.0,2156.0,5600,1288
2797633,25411.5,8166.5,33578,17245
2211299,8699.0,3906.0,12605,4793
2291129,95843.5,43353.5,52490,139197
3127661,2461.5,1485.5,976,3947
3395533,5524.5,2569.5,8094,2955
2608709,15331.0,3746.0,11585,19077
2232137,16849.0,8553.0,25402,8296
2106053,53979.5,15722.5,69702,38257
3388549,2672.5,1301.5,1371,3974
3486437,13952.0,12266.0,26218,1686
2526731,27424.0,17399.0,10025,44823
2765647,26646.0,10429.0,37075,16217
2195483,172074.5,14352.5,157722,186427
2372813,4085.0,6.0,4079,4091
2637367,10515.5,6702.5,3813,17218
2353493,6766.0,4455.0,11221,2311
2735539,16107.5,10714.5,5393,26822
2807429,23205.5,5878.5,29084,17327
2528051,17529.0,11520.0,29049,6009
3691483,1041.0,906.0,135,1947
2449669,65490.0,6260.0,59230,71750
2918599,10446.5,1997.5,12444,8449
2134793,31242.5,18515.5,49758,12727
3857129,506.5,99.5,407,606
2916187,11737.5,1945.5,13683,9792
2313341,37770.5,8837.5,28933,46608
2653061,16312.0,457.0,15855,16769
2270869,51201.5,45056.5,6145,96258
2151833,67140.0,7597.0,74737,59543
3410879,23816.0,14493.0,9323,38309
3206737,3686.0,2439.0,6125,1247
2827081,10056.0,3684.0,13740,6372
2306533,26648.0,5885.0,32533,20763
2448337,16023.5,6069.5,9954,22093
4075961,1865.0,1220.0,3085,645
2384491,20612.0,14258.0,6354,34870
2173397,34739.0,4039.0,38778,30700
2574133,5889.5,4898.5,10788,991
2238139,85820.5,9607.5,95428,76213
3455737,2949.0,789.0,3738,2160
3616763,5817.5,5590.5,227,11408
3457313,7520.0,4165.0,3355,11685
4092493,856.0,249.0,607,1105
2591371,22841.0,15325.0,38166,7516
3237517,7623.0,3764.0,3859,11387
2667991,17815.0,3059.0,20874,14756
2148931,25911.5,15208.5,10703,41120
2631751,8503.0,7251.0,15754,1252
2673817,8803.5,4405.5,4398,13209
2482159,8217.5,5948.5,14166,2269
2982619,16648.0,6357.0,23005,10291
3100973,7540.5,1123.5,6417,8664
2789741,21781.5,2571.5,19210,24353
2732153,17750.5,13991.5,31742,3759
2423587,8575.5,138.5,8437,8714
2174087,12460.0,5977.0,6483,18437
2227957,25338.5,4010.5,29349,21328
3262333,2247.5,1744.5,3992,503
3178829,13879.5,3984.5,17864,9895
2469547,15989.0,15741.0,31730,248
3686231,4076.5,766.5,3310,4843
2712727,28559.0,22293.0,6266,50852
3074191,20372.5,10567.5,9805,30940
3589393,440.5,341.5,782,99
2346871,41779.0,14687.0,27092,56466
2189849,7989.0,6194.0,1795,14183
2120501,7731.0,6820.0,911,14551
2540611,18925.0,3252.0,15673,22177
3477731,5924.5,839.5,5085,6764
2777659,3256.0,1307.0,4563,1949
3257701,18362.5,8038.5,10324,26401
3702709,5130.0,1974.0,3156,7104
2805883,29677.5,13806.5,43484,15871
2736971,18944.5,7970.5,26915,10974
2431907,60531.0,57342.0,117873,3189
2166863,24270.5,3504.5,27775,20766
2129453,33438.0,30982.0,64420,2456
2610217,15323.5,3812.5,11511,19136
2216573,2196.0,1659.0,3855,537
2187041,32728.0,29662.0,62390,3066
2750183,19203.0,5499.0,13704,24702
3179053,8068.5,2204.5,10273,5864
2715463,15845.0,311.0,15534,16156
2232103,90436.0,29123.0,119559,61313
3228301,5951.5,3468.5,2483,9420
2409587,13135.5,72.5,13063,13208
2202259,93205.5,40507.5,52698,133713
2850017,8139.0,5671.0,2468,13810
3482863,1229.0,926.0,303,2155
3642517,1878.0,342.0,1536,2220
2466193,14832.0,2013.0,12819,16845
3065819,2058.0,930.0,2988,1128
2099719,92455.5,3648.5,96104,88807
2711711,7493.5,2056.5,9550,5437
2234731,10784.0,813.0,11597,9971
2213429,38400.0,26957.0,65357,11443
3511867,8651.0,4958.0,3693,13609
3622301,9078.5,3077.5,12156,6001
2541373,26364.5,9559.5,35924,16805
2241979,15538.0,3978.0,11560,19516
2860987,4808.5,2692.5,7501,2116
2470487,14360.0,8886.0,5474,23246
2246917,38497.0,26895.0,65392,11602
2449397,10123.5,8280.5,1843,18404
2803261,8825.5,6079.5,2746,14905
2462323,26914.5,20738.5,6176,47653
2713303,34327.0,29524.0,4803,63851
2276801,17576.5,1841.5,15735,19418
2410757,14736.5,5232.5,19969,9504
3603497,4236.5,1071.5,3165,5308
2318143,21776.0,14853.0,36629,6923
3508093,1590.0,82.0,1672,1508
3123083,14303.5,9796.5,24100,4507
2990479,8704.0,2934.0,11638,5770
3305161,962.0,667.0,1629,295
2785919,15335.0,11948.0,27283,3387
3717097,2245.5,1557.5,3803,688
2101919,22008.5,4783.5,17225,26792
2278567,28763.5,18796.5,9967,47560
2820247,46981.5,12220.5,34761,59202
2118559,35592.5,1664.5,33928,37257
2966941,50133.0,44515.0,94648,5618
2206319,49921.0,31057.0,80978,18864
2712751,15809.5,6971.5,22781,8838
4133053,377.5,181.5,559,196
2471789,38084.5,1907.5,36177,39992
2399251,21125.0,11081.0,32206,10044
2349989,22010.5,18914.5,40925,3096
2334971,29289.5,22125.5,7164,51415
2757571,18802.5,1706.5,17096,20509
2105723,38178.0,31028.0,7150,69206
2695417,12955.0,5533.0,18488,7422
2321951,2886.0,2427.0,5313,459
2759863,14965.0,14663.0,302,29628
2979211,15818.5,8651.5,7167,24470
2651543,19428.5,14139.5,33568,5289
2869661,17290.5,5106.5,12184,22397
2325373,44508.0,24281.0,68789,20227
2729899,23777.5,20006.5,43784,3771
2885969,18138.5,12744.5,5394,30883
2278223,36738.0,19112.0,17626,55850
3364967,4003.0,1691.0,5694,2312
2356111,53914.0,3142.0,57056,50772
2415461,7824.5,7230.5,15055,594
2659499,9398.0,1916.0,11314,7482
2264989,38760.0,32043.0,70803,6717
2477921,15417.0,12562.0,2855,27979
3185269,8517.0,3119.0,11636,5398
3636649,3522.0,2347.0,5869,1175
2408209,9709.5,5906.5,3803,15616
3162737,6953.5,933.5,7887,6020
2301253,15069.5,1013.5,14056,16083
3876637,1734.0,794.0,940,2528
2278789,38926.5,285.5,39212,38641
2098847,67732.0,11895.0,55837,79627
2247943,35571.0,19195.0,16376,54766
3765739,1676.5,1580.5,3257,96
2175883,39537.5,31231.5,70769,8306
2122271,16662.5,3738.5,12924,20401
2267747,19780.0,12784.0,6996,32564
2595427,10998.0,9433.0,1565,20431
3212393,9560.5,3289.5,6271,12850
2159869,29782.5,7325.5,22457,37108
2149657,17300.5,1479.5,15821,18780
2789051,18208.5,1907.5,20116,16301
3728761,3357.5,1710.5,5068,1647
3026407,7012.0,6783.0,229,13795
3003289,37033.5,21525.5,15508,58559
2213797,59666.5,54786.5,114453,4880
2358613,24754.5,671.5,25426,24083
2479601,14678.0,7389.0,22067,7289
3324337,1646.5,342.5,1989,1304
2434427,26647.5,12910.5,13737,39558
3464261,10633.0,2442.0,13075,8191
2538551,41893.0,32075.0,73968,9818
2329451,50221.0,22033.0,28188,72254
2894207,19231.0,6417.0,25648,12814
2695247,23127.5,19090.5,42218,4037
2767307,3775.0,2172.0,5947,1603
2681633,85389.5,82415.5,167805,2974
2164181,6791.5,2668.5,4123,9460
3376951,2518.5,2484.5,5003,34
2398397,10624.5,2851.5,7773,13476
3694003,6450.5,387.5,6063,6838
2202691,40486.5,24686.5,65173,15800
2578421,24159.5,10421.5,13738,34581
3010439,26239.0,4367.0,30606,21872
3104419,22308.0,13096.0,9212,35404
2844577,28414.0,2928.0,31342,25486
2618857,7897.0,6983.0,14880,914
3150673,1446.0,1374.0,72,2820
2258099,28934.5,26489.5,2445,55424
2294441,35419.0,22866.0,58285,12553
2410909,65833.0,27160.0,38673,92993
2654887,81331.0,66673.0,148004,14658
2124539,82017.5,28161.5,110179,53856
3497041,2385.0,1430.0,3815,955
2143607,7642.0,3476.0,11118,4166
2605903,28801.0,11470.0,40271,17331
2891983,5384.0,5145.0,10529,239
2339437,46327.5,9994.5,36333,56322
2174707,4511.5,3974.5,8486,537
4076297,526.5,7.5,519,534
2600699,3805.0,138.0,3943,3667
2252167,37822.5,12761.5,25061,50584
3005069,16684.0,11361.0,5323,28045
2159089,43848.0,26418.0,70266,17430
2101147,26495.0,13945.0,12550,40440
2636741,54150.5,18894.5,35256,73045
2391821,11627.5,6919.5,4708,18547
2898473,8029.0,363.0,8392,7666
2243299,143577.0,78355.0,65222,221932
4084117,1515.5,537.5,2053,978
2254171,16675.0,7449.0,24124,9226
2307787,44214.0,40794.0,3420,85008
3145421,12770.5,459.5,13230,12311
2974457,4024.5,1557.5,2467,5582
2441977,23257.0,10090.0,33347,13167
2133497,37405.5,20896.5,16509,58302
3613657,2186.0,1814.0,372,4000
2538391,81514.5,38459.5,43055,119974
3974011,220.5,140.5,80,361
2732731,9761.5,8599.5,1162,18361
2995877,18207.0,7277.0,10930,25484
2768761,34294.5,19897.5,54192,14397
2404321,10602.0,2032.0,12634,8570
3271621,15376.0,4817.0,20193,10559
2714137,11919.0,2990.0,8929,14909
2817071,18858.5,7701.5,26560,11157
2766641,4810.0,3986.0,824,8796
2358079,14951.5,10096.5,4855,25048
2514307,3890.0,396.0,4286,3494
2665987,5436.5,4947.5,10384,489
3024289,8522.0,7361.0,15883,1161
3198791,27890.0,26489.0,1401,54379
2291357,56523.5,18358.5,74882,38165
2988269,29148.0,9508.0,38656,19640
2149019,38238.0,38047.0,76285,191
2612189,14669.0,5394.0,9275,20063
2302541,34072.5,9631.5,43704,24441
2744627,25796.0,24107.0,49903,1689
2209919,32764.5,28173.5,4591,60938
3168379,5650.0,2072.0,3578,7722
2268689,36756.0,4726.0,41482,32030
3072109,14002.0,10062.0,24064,3940
2699699,6921.0,5060.0,1861,11981
2602807,23958.5,12591.5,36550,11367
2276083,11416.5,9398.5,20815,2018
2612359,37211.5,31373.5,68585,5838
2960311,13469.5,1847.5,11622,15317
2224393,31434.5,25187.5,6247,56622
2941189,19725.5,8375.5,11350,28101
3785909,1112.5,1069.5,43,2182
3399247,4031.5,1488.5,2543,5520
2982313,9521.5,7257.5,2264,16779
2913731,16431.0,2785.0,19216,13646
3219833,152.0,130.0,282,22
2578663,26414.5,10548.5,15866,36963
2459251,42103.5,27223.5,69327,14880
2383889,13952.0,10497.0,3455,24449
3077471,28533.0,16215.0,12318,44748
3370271,8007.0,5697.0,13704,2310
3625823,7287.0,4401.0,2886,11688
2729773,97578.5,66291.5,163870,31287
2639363,83792.5,31504.5,52288,115297
2223251,69752.5,66597.5,3155,136350
2129737,5571.0,4440.0,10011,1131
2150153,99457.0,8057.0,107514,91400
2456297,86357.5,32658.5,119016,53699
2722697,14690.0,4940.0,9750,19630
3046457,11047.0,10352.0,21399,695
2101271,22906.5,17505.5,40412,5401
3016339,14004.0,12433.0,1571,26437
3569011,14021.5,13541.5,27563,480
3121709,839.5,147.5,692,987
2901637,24665.0,2656.0,27321,22009
2418751,47751.0,17246.0,64997,30505
2899411,13722.0,3887.0,17609,9835
2210981,12227.5,7685.5,19913,4542
2529811,11481.0,3734.0,7747,15215
2214763,16325.5,13743.5,30069,2582
3718541,1356.0,903.0,2259,453
2253577,9193.5,4831.5,4362,14025
2276173,14476.0,5623.0,20099,8853
3276907,4158.0,3960.0,198,8118
2455853,30964.0,26670.0,4294,57634
2458123,12874.0,8189.0,21063,4685
2752807,23067.0,10704.0,33771,12363
2449331,14765.0,5320.0,20085,9445
2812991,32444.0,26197.0,6247,58641
2455099,22711.5,21229.5,43941,1482
3132043,23298.0,15535.0,7763,38833
2359733,8646.5,2429.5,11076,6217
2741881,8928.5,1675.5,7253,10604
2371723,51295.0,25150.0,26145,76445
2286253,18690.0,14132.0,4558,32822
2755321,31342.5,6754.5,24588,38097
2601769,38026.0,5086.0,43112,32940
3550769,1379.0,603.0,1982,776
3273499,18235.0,2497.0,20732,15738
2485141,16070.5,74.5,16145,15996
3674519,570.5,436.5,1007,134
2655647,6139.5,928.5,5211,7068
2133737,73610.0,14842.0,88452,58768
2327947,15323.0,4485.0,19808,10838
2137363,15678.5,4467.5,11211,20146
2586553,63093.0,55174.0,7919,118267
3294433,14232.0,6622.0,20854,7610
3267857,10715.5,4714.5,6001,15430
2493433,35598.0,14877.0,20721,50475
2288501,27768.0,6072.0,21696,33840
2784497,12990.0,692.0,12298,13682
2558123,17008.5,13290.5,30299,3718
2387893,29022.5,27285.5,56308,1737
2676517,9704.0,8219.0,17923,1485
2487181,23393.5,3370.5,20023,26764
2273839,20062.5,10755.5,30818,9307
2353733,40816.0,16520.0,57336,24296
3300589,43066.5,28089.5,71156,14977
2556751,7175.5,5288.5,1887,12464
2705701,12733.0,2098.0,10635,14831
2536867,20622.5,3505.5,24128,17117
2125897,122011.0,96825.0,218836,25186
2435659,29959.5,39.5,29999,29920
2191661,20681.0,16733.0,3948,37414
2813773,12357.5,10690.5,23048,1667
2461523,40790.0,27904.0,68694,12886
2125183,40855.5,10264.5,30591,51120
2844977,14309.5,2661.5,16971,11648
2414831,55248.0,24333.0,79581,30915
2189423,69082.5,45158.5,114241,23924
3216391,5878.0,4034.0,9912,1844
3350257,8578.0,50.0,8628,8528
2859293,14795.5,12780.5,27576,2015
2306021,10476.0,8473.0,18949,2003
2477711,49527.5,3867.5,45660,53395
2961793,10841.0,4119.0,14960,6722
2603539,26874.0,5450.0,32324,21424
2207903,20044.0,9929.0,10115,29973
3861029,2818.5,1977.5,841,4796
2250991,68046.5,22359.5,90406,45687
2808233,10370.0,6536.0,3834,16906
2099501,57867.5,53016.5,110884,4851
2557627,41216.0,27147.0,68363,14069
2197291,51133.0,26653.0,77786,24480
2480609,36439.0,14485.0,50924,21954
2479759,38533.5,35508.5,74042,3025
3483211,6638.5,4997.5,1641,11636
2679997,34038.5,9457.5,43496,24581
3178481,5934.0,3795.0,9729,2139
3471257,7417.0,21.0,7396,7438
3297631,2821.0,2492.0,5313,329
2131891,52372.5,22023.5,30349,74396
3738331,515.0,24.0,491,539
2410913,37750.5,33670.5,4080,71421
2244379,65363.5,16683.5,82047,48680
2282209,28659.0,4581.0,33240,24078
2680309,3992.0,297.0,4289,3695
2827589,45128.0,35937.0,81065,9191
2130677,52140.5,14689.5,37451,66830
2249761,151641.5,104229.5,255871,47412
3732263,4081.5,1223.5,5305,2858
2101069,12570.5,10351.5,2219,22922
2667017,16950.5,15386.5,1564,32337
2492771,14699.0,10942.0,3757,25641
3800099,3990.0,3480.0,7470,510
2223409,47013.5,39209.5,86223,7804
2984507,6703.0,5677.0,12380,1026
2652589,8838.5,5841.5,2997,14680
2144071,38338.5,129.5,38468,38209
2735897,71471.5,35262.5,106734,36209
2454379,42107.5,17904.5,60012,24203
2377649,34034.5,858.5,34893,33176
2303683,87584.0,6953.0,94537,80631
2482859,17724.5,16821.5,34546,903
2549957,59646.0,25715.0,85361,33931
3230653,5192.5,3663.5,1529,8856
2552243,16329.0,989.0,15340,17318
2424397,46703.0,46336.0,93039,367
2924549,13821.5,1114.5,14936,12707
3363991,15679.5,2032.5,17712,13647
3250187,10636.0,4541.0,15177,6095
2134037,78785.0,15229.0,94014,63556
3914137,986.5,623.5,363,1610
2393359,32614.0,32184.0,64798,430
2402237,38781.5,12964.5,51746,25817
2669129,18856.0,2275.0,16581,21131
2355071,64881.0,38854.0,26027,103735
3536473,1559.5,1019.5,540,2579
2399401,20460.5,9152.5,11308,29613
2226967,14801.0,11473.0,26274,3328
3027847,24248.0,16950.0,41198,7298
3374227,11536.0,5597.0,17133,5939
2152979,49689.0,48469.0,1220,98158
2126777,10872.5,4635.5,6237,15508
2386147,5599.0,2232.0,3367,7831
2249503,13645.0,2466.0,11179,16111
3123259,5132.5,525.5,4607,5658
3511147,4729.5,48.5,4681,4778
2984251,19439.0,14707.0,4732,34146
2772307,9969.5,9408.5,561,19378
2304889,54275.5,4001.5,50274,58277
2203841,37130.0,32961.0,4169,70091
3834317,4560.0,679.0,5239,3881
2547343,14107.5,8366.5,5741,22474
2312207,22618.5,21324.5,43943,1294
2363419,34807.5,10292.5,45100,24515
2813389,22135.5,5544.5,27680,16591
2821673,42708.0,1888.0,44596,40820
2669473,3264.5,1858.5,5123,1406
2282977,25983.5,7112.5,18871,33096
3010081,41289.5,377.5,40912,41667
2975549,3812.0,2156.0,5968,1656
2489243,18681.0,7484.0,26165,11197
2266393,8679.5,946.5,7733,9626
2462573,7764.0,7363.0,15127,401
2259617,23986.5,5313.5,29300,18673
3321473,7879.0,3856.0,4023,11735
2659703,12362.0,3526.0,15888,8836
2505299,27716.0,17074.0,44790,10642
3540431,9018.5,2115.5,6903,11134
3139159,13164.0,7298.0,20462,5866
2309479,6940.0,5185.0,12125,1755
2954309,24248.0,16926.0,7322,41174
2418497,14849.5,6364.5,21214,8485
2653087,43152.5,23442.5,66595,19710
2527853,63755.5,3091.5,60664,66847
2472923,12519.0,9254.0,21773,3265
2166889,26821.0,4344.0,31165,22477
2156827,14032.0,12451.0,26483,1581
2569453,52886.0,4805.0,57691,48081
2893829,9670.0,8749.0,921,18419
2526191,24146.5,15411.5,8735,39558
3365353,19780.5,14968.5,4812,34749
2108921,19732.0,18367.0,38099,1365
2732927,7409.5,3536.5,3873,10946
2541283,19434.5,14294.5,5140,33729
3729599,5833.0,5799.0,34,11632
2138911,59045.0,5597.0,53448,64642
2692483,28060.0,11412.0,16648,39472
2904721,8056.5,7505.5,551,15562
2193361,52537.0,45332.0,7205,97869
2634113,29329.5,18057.5,47387,11272
2173459,7011.0,3728.0,3283,10739
2858281,11642.5,4305.5,7337,15948
3397087,12293.5,11530.5,763,23824
2742923,23658.0,15113.0,8545,38771
3434941,5632.5,3105.5,2527,8738
2319799,30998.5,22254.5,53253,8744
2907787,7873.0,25.0,7848,7898
2266687,108177.5,4143.5,104034,112321
2245069,54606.5,14987.5,69594,39619
2125931,109505.0,13576.0,123081,95929
2345771,22867.5,15607.5,38475,7260
2812889,24537.0,9629.0,14908,34166
2571493,27870.5,16397.5,11473,44268
2130511,33382.0,10092.0,43474,23290
2765569,44084.5,37865.5,81950,6219
2476207,32410.5,28995.5,61406,3415
2755537,8651.5,2856.5,5795,11508
2312647,46202.5,13613.5,59816,32589
2364539,7238.5,2612.5,4626,9851
2283299,41699.0,9920.0,31779,51619
2118539,27527.5,3575.5,31103,23952
2694773,8460.0,5415.0,13875,3045
2558981,11522.0,1955.0,9567,13477
2922013,11420.5,5428.5,16849,5992
2397739,47078.5,10731.5,36347,57810
4080319,539.5,530.5,1070,9
2942773,11037.0,10152.0,885,21189
2294471,44956.0,10694.0,55650,34262
2533589,32877.0,3324.0,29553,36201
2132687,52649.0,31920.0,20729,84569
2592533,19778.5,17836.5,1942,37615
3317453,5700.5,2722.5,8423,2978
2937797,5391.0,1603.0,3788,6994
3332333,2862.0,270.0,2592,3132
2766143,75136.0,21991.0,97127,53145
2143697,53906.0,14364.0,39542,68270
3194287,6386.5,6202.5,184,12589
2115833,54656.5,45134.5,99791,9522
2136581,83559.0,44896.0,38663,128455
2446681,21398.5,20503.5,41902,895
2174779,53916.0,21753.0,75669,32163
2255873,51387.5,12858.5,64246,38529
2383627,9906.0,8096.0,18002,1810
2235781,76864.5,12272.5,64592,89137
2128537,14551.0,11464.0,3087,26015
2106287,47042.0,7647.0,39395,54689
2312339,81409.0,28363.0,109772,53046
4015391,425.5,42.5,468,383
2771029,24719.5,1446.5,23273,26166
2612837,7253.0,6005.0,13258,1248
2110583,18890.5,17851.5,1039,36742
2685047,9526.5,4458.5,13985,5068
2283341,28998.0,11109.0,40107,17889
2748437,12352.0,4580.0,16932,7772
2746141,8547.0,429.0,8976,8118
3281947,10132.0,6736.0,16868,3396
2466859,10421.0,5495.0,15916,4926
2118563,90037.0,30846.0,59191,120883
3773953,2760.0,1933.0,827,4693
2500991,77525.0,44839.0,122364,32686
2526833,15789.5,12336.5,28126,3453
2704879,18119.5,1896.5,20016,16223
2331617,36093.0,16002.0,52095,20091
3208741,6906.0,3768.0,3138,10674
2765501,10992.5,3747.5,7245,14740
3009007,6307.0,406.0,5901,6713
3326693,8125.0,7355.0,770,15480
3185549,14757.0,11556.0,26313,3201
2778709,7326.0,2761.0,4565,10087
2267411,1481.5,52.5,1429,1534
3083807,16168.5,8169.5,24338,7999
2303699,23709.0,18927.0,42636,4782
3106399,4274.5,1318.5,5593,2956
2703179,40223.5,25944.5,14279,66168
2741911,22260.5,178.5,22082,22439
2730473,51355.0,50920.0,435,102275
2399899,8566.5,6987.5,15554,1579
2705347,4714.5,3803.5,911,8518
2514833,13427.5,8373.5,5054,21801
3025751,20758.5,7952.5,28711,12806
2375959,43767.5,29875.5,73643,13892
2519617,67711.0,8239.0,59472,75950
2554889,8743.0,4490.0,13233,4253
2569837,1147.0,953.0,2100,194
3173239,5269.5,4401.5,9671,868
2377643,41831.0,22463.0,19368,64294
3284951,2606.5,2139.5,467,4746
2975107,65160.5,18112.5,83273,47048
2193923,16988.0,4074.0,21062,12914
2102059,44755.0,29142.0,15613,73897
2518741,37455.0,6528.0,43983,30927
3636613,3104.0,885.0,2219,3989
2369573,10299.0,3897.0,6402,14196
2688893,12953.0,7870.0,20823,5083
3102287,19911.5,10119.5,30031,9792
2864567,3111.0,640.0,3751,2471
2338793,64832.0,36422.0,28410,101254
2468923,5333.5,1497.5,6831,3836
3239879,653.5,436.5,1090,217
2110309,130957.5,97386.5,33571,228344
2971823,16817.5,1914.5,18732,14903
3049049,18804.5,8431.5,27236,10373
2211457,23637.5,2501.5,26139,21136
2229049,26449.0,682.0,27131,25767
2151067,9107.5,3678.5,5429,12786
2419297,57540.0,8564.0,66104,48976
3579439,2601.0,983.0,1618,3584
2210543,120094.0,115856.0,235950,4238
3269089,1251.0,1246.0,2497,5
2512247,15333.5,7614.5,7719,22948
2788897,6157.0,1142.0,7299,5015
2918771,8368.5,1179.5,7189,9548
2551993,8276.5,3582.5,11859,4694
2913499,5607.0,1190.0,4417,6797
3403091,7622.5,6028.5,1594,13651
2628151,29673.5,12627.5,17046,42301
2262707,50782.0,8866.0,41916,59648
2835709,474.5,423.5,51,898
2440601,48505.0,31564.0,16941,80069
2452157,49124.5,27100.5,76225,22024
3352561,12987.5,11150.5,1837,24138
2828393,26958.5,16388.5,43347,10570
2821783,10353.0,3930.0,6423,14283
2675767,5193.0,483.0,4710,5676
3294607,4547.0,2131.0,6678,2416
2971781,52057.0,42072.0,9985,94129
2789959,40964.5,958.5,40006,41923
2717917,23754.5,22291.5,1463,46046
2289797,43721.0,34785.0,78506,8936
2875979,23803.0,3179.0,26982,20624
2306461,65029.5,31748.5,96778,33281
2528611,18250.0,3997.0,14253,22247
2580113,19356.5,18725.5,631,38082
3076889,4522.0,1794.0,2728,6316
3388739,6106.0,4070.0,2036,10176
2181383,79414.0,22363.0,57051,101777
2417449,13355.0,12521.0,834,25876
2167051,7559.0,3200.0,4359,10759
2140507,4424.0,2617.0,1807,7041
2272139,24100.0,21415.0,45515,2685
2913623,8380.0,3376.0,5004,11756
2272181,11133.5,4919.5,6214,16053
2898179,20279.0,2849.0,17430,23128
2349169,8809.0,2979.0,5830,11788
2321489,50800.0,22445.0,28355,73245
2829371,1035.0,359.0,1394,676
2696809,19963.0,10595.0,30558,9368
2872951,9706.0,7146.0,16852,2560
3389483,14415.0,11787.0,2628,26202
3488759,1099.5,291.5,808,1391
2934049,10001.5,142.5,10144,9859
2293943,159492.5,58136.5,217629,101356
2316647,59356.0,10135.0,69491,49221
2587261,47413.0,9256.0,38157,56669
2333803,38043.0,331.0,38374,37712
2696579,17388.0,3359.0,20747,14029
3431387,12567.5,319.5,12248,12887
2258881,10501.5,6664.5,3837,17166
3207959,14367.0,13373.0,27740,994
3894827,676.5,554.5,122,1231
3075991,4967.5,4051.5,916,9019
2710801,56493.0,52599.0,109092,3894
3094081,40489.5,38040.5,2449,78530
2407453,37238.0,9950.0,27288,47188
3829003,195.0,134.0,329,61
2960519,9832.0,261.0,9571,10093
2116001,108880.0,61723.0,47157,170603
3440831,4862.0,4636.0,9498,226
3784409,1211.0,540.0,671,1751
3301183,8098.0,5380.0,13478,2718
2968327,7218.0,3935.0,3283,11153
3219991,6026.5,2893.5,8920,3133
2209873,10657.0,5063.0,15720,5594
3036071,1564.5,1461.5,3026,103
2519599,28383.0,9695.0,38078,18688
2410477,13756.5,10812.5,24569,2944
2775973,17832.0,12450.0,5382,30282
3158411,6638.5,3660.5,10299,2978
2405537,14350.5,3302.5,11048,17653
2642711,46773.0,32632.0,14141,79405
2847997,27339.0,16962.0,44301,10377
2420153,56134.5,44584.5,11550,100719
2195689,37973.0,8555.0,29418,46528
2854931,21129.0,3920.0,25049,17209
2426687,29673.5,23406.5,6267,53080
2699941,40549.5,2276.5,38273,42826
2851339,24311.5,11003.5,35315,13308
3429953,7576.5,5955.5,1621,13532
3224387,4940.5,2695.5,7636,2245
2815243,14536.0,12518.0,27054,2018
2366041,21638.5,1128.5,20510,22767
2454017,60113.0,7699.0,52414,67812
2149747,36782.0,17353.0,54135,19429
3622249,5582.5,3037.5,2545,8620
2836219,22211.0,22208.0,44419,3
2198771,14251.0,6489.0,20740,7762
2482817,51111.0,29380.0,21731,80491
2141479,43289.5,38580.5,81870,4709
2156197,27200.0,4938.0,32138,22262
3039511,13641.0,12501.0,1140,26142
2365039,52132.0,11872.0,40260,64004
2138131,50378.0,49040.0,1338,99418
3055939,4286.0,4061.0,8347,225
2532749,39288.5,25513.5,64802,13775
3193109,3760.0,999.0,4759,2761
4031623,1008.5,654.5,354,1663
2182277,33512.0,15234.0,48746,18278
2534447,18459.5,1092.5,19552,17367
2103779,18149.5,451.5,17698,18601
2916889,42400.5,4434.5,37966,46835
2219479,31309.0,18327.0,49636,12982
2470343,10287.0,9810.0,20097,477
3937309,3087.0,65.0,3152,3022
2331473,62078.5,52075.5,10003,114154
2236783,9142.5,696.5,8446,9839
2692097,10764.0,4748.0,6016,15512
3403541,13340.5,5848.5,7492,19189
2432107,12114.5,2249.5,9865,14364
2154463,15071.5,5163.5,20235,9908
2140451,11040.0,3024.0,14064,8016
2404307,40184.0,35562.0,75746,4622
2119459,15447.0,6117.0,9330,21564
3066593,4204.5,1315.5,2889,5520
2415043,11715.5,521.5,12237,11194
2130773,13012.0,8443.0,21455,4569
2398829,6737.5,3713.5,3024,10451
2218369,22360.0,6268.0,16092,28628
3221989,19825.0,19140.0,38965,685
2345503,40224.5,24611.5,64836,15613
2911331,17021.0,12601.0,29622,4420
2894249,43113.5,17835.5,25278,60949
2492837,30220.5,9586.5,39807,20634
2623297,44717.5,39549.5,5168,84267
3049093,6383.5,1467.5,7851,4916
2988541,16821.5,8266.5,8555,25088
2583953,29444.5,21701.5,7743,51146
2303479,19221.0,4768.0,14453,23989
2524021,8223.5,6975.5,1248,15199
2574679,31730.0,10331.0,21399,42061
2154701,7386.5,1436.5,5950,8823
2315221,170348.5,2220.5,172569,168128
2646751,10116.5,2594.5,7522,12711
3393209,4515.5,2267.5,6783,2248
2789537,30487.5,21268.5,9219,51756
2124803,72081.0,53752.0,18329,125833
2502499,56986.0,46878.0,10108,103864
2796953,8846.5,7731.5,1115,16578
2617843,24580.5,10665.5,35246,13915
2475763,6067.0,3182.0,2885,9249
2610151,8507.5,3206.5,5301,11714
2133011,47043.0,33833.0,80876,13210
3774647,1230.0,458.0,772,1688
3428291,5354.5,101.5,5253,5456
2263123,29787.5,9642.5,39430,20145
3916441,451.0,35.0,416,486
2999743,37641.5,22981.5,60623,14660
3478633,18809.5,11647.5,7162,30457
3652787,10026.0,4484.0,5542,14510
3214579,3820.0,3114.0,6934,706
2527739,32483.5,27452.5,59936,5031
2592893,1613.5,1534.5,79,3148
2957959,28523.5,17338.5,11185,45862
2281171,16270.5,3738.5,12532,20009
2891843,6148.0,4268.0,10416,1880
2441797,7820.0,1440.0,9260,6380
2479949,27386.0,5782.0,33168,21604
2278919,89649.5,62262.5,151912,27387
2880781,18212.0,14091.0,32303,4121
3204001,6784.5,209.5,6994,6575
2770343,9588.5,5526.5,4062,15115
2313191,64004.5,43971.5,107976,20033
2699863,9107.0,230.0,9337,8877
3440449,3278.5,2715.5,5994,563
3184211,9361.0,7833.0,17194,1528
3012959,2828.0,1063.0,1765,3891
2827991,24999.0,10567.0,14432,35566
2994217,7592.0,5583.0,13175,2009
2213041,68735.5,61566.5,130302,7169
2679769,4573.5,3939.5,634,8513
2895829,15088.0,13508.0,28596,1580
2944393,19057.0,232.0,19289,18825
2480561,2115.5,483.5,2599,1632
3776111,4132.5,1618.5,5751,2514
2256391,50156.0,250.0,49906,50406
2584823,10865.5,6304.5,4561,17170
2555039,19840.5,345.5,19495,20186
3126971,4074.5,472.5,3602,4547
2163901,48470.5,19068.5,67539,29402
2187127,26144.0,25893.0,251,52037
2761103,4644.0,776.0,5420,3868
2565217,9654.5,4790.5,14445,4864
2794073,18233.5,878.5,19112,17355
2911109,30120.0,12482.0,42602,17638
2749781,22961.0,2259.0,25220,20702
2506703,32885.5,3424.5,36310,29461
2954669,10581.0,8069.0,18650,2512
3043501,13584.5,2675.5,10909,16260
2619151,21821.0,19838.0,41659,1983
2103677,131978.5,121248.5,10730,253227
3182227,8845.5,4859.5,3986,13705
2114573,81476.0,8785.0,72691,90261
2255563,8682.5,5992.5,14675,2690
2886469,3291.0,3051.0,6342,240
3500741,5375.5,1166.5,4209,6542
3114799,15203.0,12395.0,2808,27598
2464277,11575.0,7607.0,3968,19182
2316269,19872.0,6376.0,13496,26248
2990357,14735.0,2056.0,16791,12679
2812721,3969.0,677.0,3292,4646
3340063,2669.0,1398.0,4067,1271
2395559,16312.0,11824.0,4488,28136
2623823,2109.5,610.5,1499,2720
2302127,13524.5,3807.5,17332,9717
2797787,4726.0,429.0,5155,4297
2540107,55410.5,12115.5,67526,43295
2822489,45135.0,39002.0,6133,84137
3616643,1886.0,452.0,2338,1434
2735111,20130.0,5254.0,25384,14876
2226827,35258.5,12429.5,22829,47688
2577053,13537.0,11550.0,1987,25087
3099583,14127.5,11245.5,2882,25373
3980021,414.5,165.5,580,249
2538841,14583.5,1111.5,13472,15695
2459929,67083.5,38526.5,105610,28557
2376901,41937.0,16913.0,25024,58850
3090629,2109.0,997.0,1112,3106
2592091,23432.0,83.0,23349,23515
3819721,8030.5,4296.5,12327,3734
2320727,59190.0,5112.0,64302,54078
2222581,25036.5,18859.5,6177,43896
2995063,18577.0,1337.0,17240,19914
3903847,3311.0,2544.0,5855,767
2557019,13994.0,8669.0,5325,22663
3153263,8574.5,1560.5,10135,7014
2177261,25925.5,1279.5,24646,27205
3057217,20488.5,128.5,20617,20360
3037949,9268.5,2108.5,11377,7160
2902463,5348.5,3445.5,8794,1903
2623031,3586.5,1628.5,5215,1958
2522243,56298.5,52499.5,3799,108798
2112181,16461.5,9002.5,25464,7459
2672771,1964.5,202.5,2167,1762
2580001,74506.0,5233.0,79739,69273
2294543,28144.5,4564.5,32709,23580
4003217,894.5,370.5,524,1265
2495029,13891.5,8070.5,21962,5821
2214119,21137.5,13449.5,34587,7688
2169623,61651.5,3019.5,58632,64671
2905039,2823.0,2381.0,5204,442
2902283,7988.0,5562.0,13550,2426
2543987,50786.0,21545.0,72331,29241
3392003,9239.5,5705.5,3534,14945
2143919,16571.5,9557.5,26129,7014
2624117,27159.0,11803.0,15356,38962
2966021,15218.0,1523.0,13695,16741
3176309,12666.5,373.5,13040,12293
3170749,23003.5,19397.5,42401,3606
2509187,27607.0,20692.0,48299,6915
3284167,4739.0,2441.0,2298,7180
2491427,70432.5,54397.5,16035,124830
2437063,14240.5,12241.5,1999,26482
3211907,12530.5,9863.5,22394,2667
3571811,1436.0,108.0,1328,1544
2144101,17456.5,8399.5,25856,9057
2204947,36091.5,20737.5,56829,15354
3146347,1734.0,935.0,799,2669
2527649,16269.5,13980.5,2289,30250
3002357,1978.0,702.0,1276,2680
3197083,7705.5,1428.5,6277,9134
2168461,16799.5,11914.5,28714,4885
2876501,30637.5,26077.5,56715,4560
2810923,14119.0,7730.0,6389,21849
3184843,1281.5,1213.5,68,2495
2449189,13590.0,11264.0,24854,2326
2615323,18972.0,4545.0,23517,14427
2570929,7456.0,5016.0,2440,12472
3232849,11990.0,2643.0,9347,14633
2562101,45775.5,38301.5,84077,7474
2842369,14715.0,12747.0,27462,1968
2108971,14229.5,12918.5,1311,27148
2317247,20138.5,1788.5,21927,18350
2875687,19966.0,12631.0,7335,32597
2388709,10267.5,5207.5,15475,5060
2395801,13361.5,977.5,14339,12384
2148299,32658.5,28541.5,61200,4117
2716937,61958.5,41926.5,103885,20032
2805197,32035.5,17654.5,14381,49690
3732133,3168.0,1555.0,1613,4723
3021149,12249.5,2640.5,14890,9609
3464443,1240.0,889.0,2129,351
3579223,617.0,51.0,566,668
3241319,3189.5,296.5,3486,2893
3487399,3450.0,2999.0,451,6449
2902061,11049.0,8028.0,3021,19077
2434829,58970.0,13207.0,72177,45763
2869177,24870.5,17343.5,42214,7527
2644693,9645.0,9456.0,189,19101
2774999,16577.5,2139.5,14438,18717
3386107,5326.0,5210.0,10536,116
2797609,9864.0,5553.0,4311,15417
2194873,77516.5,24086.5,101603,53430
2376497,29194.5,16123.5,13071,45318
2364031,76574.0,6925.0,69649,83499
2991181,12983.0,6291.0,6692,19274
2371933,5748.5,3555.5,9304,2193
2192681,34124.0,33969.0,155,68093
2542261,20042.5,4260.5,15782,24303
3516241,16319.0,3803.0,20122,12516
2628091,8266.0,7695.0,15961,571
2567101,36718.5,2164.5,38883,34554
3019759,15042.0,3667.0,11375,18709
2785561,28917.5,7249.5,36167,21668
3872663,4365.5,3161.5,7527,1204
2676559,5722.0,5319.0,403,11041
2587307,34963.0,17780.0,52743,17183
2777191,42054.5,31636.5,73691,10418
2417563,15551.5,10102.5,25654,5449
3236381,516.5,135.5,652,381
2749039,28532.0,20687.0,49219,7845
3354271,1697.0,225.0,1922,1472
2750681,9361.0,6852.0,16213,2509
2434301,30228.5,5637.5,35866,24591
2415911,9943.5,4195.5,14139,5748
3053983,5540.5,195.5,5345,5736
2979461,11841.0,1946.0,13787,9895
3053107,21794.0,12979.0,34773,8815
2234413,10386.5,2250.5,12637,8136
2184907,16043.0,6793.0,22836,9250
2461937,29188.0,10588.0,39776,18600
2730187,19514.0,14679.0,4835,34193
2292721,65716.0,45898.0,111614,19818
2184383,6917.0,4922.0,11839,1995
2262107,12167.5,9285.5,2882,21453
2107871,22872.5,13315.5,36188,9557
2503793,16796.5,4107.5,12689,20904
2432527,70457.0,58196.0,12261,128653
2273657,89008.0,75632.0,164640,13376
3292007,3091.0,3006.0,85,6097
3220927,5627.0,4405.0,10032,1222
2789639,16729.0,4535.0,21264,12194
2957467,11510.0,11253.0,22763,257
2276851,110737.0,55625.0,55112,166362
2420317,23110.0,9417.0,13693,32527
2605067,25995.0,1657.0,27652,24338
3357953,4582.0,2718.0,1864,7300
2705293,9475.0,631.0,10106,8844
2128541,21188.5,10600.5,10588,31789
3399479,20005.5,12935.5,32941,7070
3612901,9569.5,3912.5,13482,5657
2422603,17041.5,12951.5,29993,4090
2217841,171799.5,170827.5,342627,972
2148061,17244.5,3058.5,20303,14186
3112553,33323.0,9075.0,24248,42398
2174509,6625.5,757.5,5868,7383
2245081,26614.0,8581.0,35195,18033
3764777,53.5,4.5,49,58
2425013,33611.0,22618.0,10993,56229
2116421,191978.0,56709.0,135269,248687
2647511,13469.0,4811.0,18280,8658
2721739,80829.5,32466.5,113296,48363
3240379,2088.5,1326.5,3415,762
2656817,27255.0,12844.0,14411,40099
2646229,23300.5,6353.5,16947,29654
2459309,27891.5,5476.5,33368,22415
2876407,7147.0,3872.0,11019,3275
3476461,25927.5,22951.5,48879,2976
2204897,76790.5,50267.5,26523,127058
2167817,13459.0,12253.0,25712,1206
2941259,24672.5,2963.5,27636,21709
2436149,15119.0,14556.0,563,29675
2110039,41034.0,16404.0,57438,24630
3281099,8759.0,6891.0,1868,15650
3742471,848.5,823.5,25,1672
2246857,6165.5,5405.5,760,11571
2568047,24140.0,20800.0,44940,3340
2925319,27078.0,20711.0,47789,6367
2605079,15347.5,13694.5,1653,29042
3062713,5507.5,4604.5,10112,903
2188567,20758.5,19342.5,40101,1416
3261649,15925.0,3420.0,19345,12505
2403943,10286.0,5020.0,5266,15306
2809193,4528.5,429.5,4958,4099
2182541,19361.0,5415.0,13946,24776
2944939,7800.5,2469.5,10270,5331
2425481,4560.5,3006.5,7567,1554
2178727,23087.5,4322.5,18765,27410
3200521,7320.0,4283.0,11603,3037
2505313,10108.5,408.5,10517,9700
2968153,23726.5,17214.5,40941,6512
3800651,1069.0,232.0,837,1301
3530899,10018.5,4991.5,15010,5027
3162571,9059.0,1684.0,10743,7375
3044477,649.5,223.5,426,873
3190793,12333.0,77.0,12410,12256
2386387,54553.0,2937.0,57490,51616
2110219,10089.5,939.5,9150,11029
2429639,37631.0,8608.0,46239,29023
2596511,42064.0,37488.0,79552,4576
2354903,42149.0,33458.0,75607,8691
3152951,3939.5,3863.5,7803,76
2290891,7771.0,4331.0,3440,12102
2124103,12109.0,3117.0,8992,15226
2277193,30086.0,18439.0,48525,11647
2767057,12477.0,4548.0,17025,7929
2815381,6882.5,3139.5,3743,10022
2665393,4937.0,2797.0,7734,2140
3351661,5797.0,453.0,5344,6250
2316409,21361.5,3218.5,18143,24580
3047687,1574.0,906.0,668,2480
2273717,34160.0,24908.0,9252,59068
2264981,66281.0,18403.0,47878,84684
2297167,66403.5,30799.5,35604,97203
2422031,22194.0,8143.0,14051,30337
2527073,6234.5,680.5,6915,5554
3187771,12171.5,11123.5,23295,1048
2402947,44946.5,34187.5,79134,10759
2326231,50881.5,38252.5,89134,12629
2779199,3336.5,1187.5,2149,4524
2411719,14538.0,11237.0,25775,3301
3179089,17097.0,7843.0,9254,24940
2866769,14334.0,12725.0,1609,27059
2469503,31031.5,17866.5,13165,48898
3460801,8327.0,119.0,8208,8446
3051283,2161.5,1048.5,1113,3210
2174363,17082.5,14218.5,2864,31301
2793403,16757.0,15277.0,1480,32034
2336941,17890.0,13966.0,31856,3924
2666711,31111.0,18749.0,49860,12362
2999279,6737.0,3692.0,3045,10429
2490403,32947.5,3845.5,29102,36793
2111833,45575.0,4423.0,41152,49998
2132093,11314.0,9013.0,2301,20327
3381857,6403.0,4659.0,11062,1744
3284053,9846.5,4604.5,5242,14451
3820261,1685.5,870.5,2556,815
2780377,10542.5,2320.5,8222,12863
2598107,10414.5,6630.5,3784,17045
2557319,33272.0,1534.0,31738,34806
3182449,2858.5,2842.5,16,5701
2750747,16403.5,3128.5,13275,19532
2625923,107451.0,96638.0,204089,10813
2841953,6629.5,5498.5,1131,12128
2139041,72952.5,67587.5,5365,140540
3617707,2073.5,1534.5,3608,539
2146229,37635.0,34709.0,2926,72344
2862823,4643.5,2846.5,7490,1797
2439343,25685.5,24899.5,50585,786
2495959,39938.0,19878.0,20060,59816
4051973,651.5,586.5,1238,65
2144693,33804.5,29086.5,62891,4718
2294107,15024.0,9306.0,24330,5718
3979961,1400.0,263.0,1137,1663
3239993,510.0,490.0,20,1000
2134651,76000.0,50050.0,126050,25950
2586613,15015.5,12832.5,2183,27848
3362339,7557.5,2744.5,10302,4813
2299013,64790.5,46409.5,111200,18381
2835907,16833.0,7554.0,9279,24387
2500073,23830.5,7683.5,16147,31514
2287169,25607.0,22332.0,3275,47939
2955619,6587.5,1021.5,7609,5566
2549321,16876.0,13338.0,30214,3538
3174277,9112.0,6415.0,15527,2697
2547047,38806.5,20550.5,59357,18256
2346319,25614.0,25432.0,182,51046
2102491,33106.0,17870.0,50976,15236
2520701,18506.0,3873.0,14633,22379
2581981,8736.0,4050.0,12786,4686
2476457,13388.5,5483.5,7905,18872
2735407,2728.0,1599.0,1129,4327
2557103,31253.5,1005.5,32259,30248
3537349,7789.5,828.5,8618,6961
3399013,4514.0,480.0,4034,4994
2643787,3759.5,2939.5,6699,820
2321581,16816.5,7839.5,24656,8977
3358127,3299.0,445.0,3744,2854
2324489,37694.0,1119.0,38813,36575
2396351,32337.5,29291.5,3046,61629
2647241,13339.5,9858.5,23198,3481
3122699,6161.0,2094.0,8255,4067
2439763,12323.5,3251.5,9072,15575
2978513,11226.0,5805.0,5421,17031
2395321,36706.5,18619.5,55326,18087
2258941,91520.0,43303.0,134823,48217
2887111,14705.5,7759.5,6946,22465
3195113,7101.5,1698.5,5403,8800
2689741,7081.5,6234.5,847,13316
3083677,3665.5,910.5,2755,4576
2313049,116561.5,103374.5,219936,13187
2148593,21333.0,15832.0,37165,5501
3125743,11807.0,3911.0,7896,15718
2880517,19409.5,6453.5,12956,25863
2298287,53538.5,40894.5,12644,94433
2944649,14769.5,8297.5,6472,23067
2726651,16672.0,12518.0,29190,4154
2455867,10340.5,7566.5,17907,2774
2616857,24133.0,11569.0,35702,12564
2211119,6154.0,4709.0,10863,1445
2145733,27142.5,24903.5,52046,2239
2121949,78903.0,11722.0,90625,67181
3061879,3518.5,2966.5,6485,552
3373273,6235.0,1649.0,4586,7884
2661601,8193.5,3070.5,11264,5123
2354269,24551.0,11351.0,35902,13200
3476777,6770.0,2139.0,4631,8909
3627089,196.0,149.0,345,47
2332727,63061.0,14175.0,48886,77236
3223433,7192.5,3370.5,3822,10563
2488859,38360.0,1544.0,39904,36816
2975369,25771.5,18774.5,44546,6997
3280301,2188.5,1391.5,3580,797
3667493,4359.0,1336.0,5695,3023
3225113,3912.5,2591.5,6504,1321
3271897,17543.0,4479.0,13064,22022
3495461,7897.5,3651.5,4246,11549
2355341,103780.5,60903.5,42877,164684
2951437,14949.5,6823.5,8126,21773
2120149,39769.0,34410.0,74179,5359
2467897,4359.0,301.0,4660,4058
2887267,17052.0,12036.0,29088,5016
3198757,2249.0,1971.0,278,4220
3209743,5195.5,1104.5,6300,4091
3418477,1185.0,271.0,1456,914
2693029,53470.0,43768.0,97238,9702
3174683,22642.0,2580.0,20062,25222
3066023,12189.5,11541.5,648,23731
2513939,30185.0,10865.0,19320,41050
3640531,5504.5,1412.5,4092,6917
2662433,58738.0,49853.0,108591,8885
2698511,39999.0,7335.0,47334,32664
3517859,5913.5,3514.5,9428,2399
3488467,6264.0,586.0,5678,6850
3623549,2852.0,1439.0,4291,1413
3578587,3907.0,1650.0,5557,2257
2133629,38545.0,17279.0,55824,21266
2185957,24630.0,5412.0,30042,19218
2969539,1544.0,1159.0,385,2703
2825233,9869.5,3205.5,6664,13075
3560651,5512.5,1129.5,6642,4383
2798633,4585.0,737.0,3848,5322
2950433,24064.5,10963.5,35028,13101
2436193,116726.0,14485.0,131211,102241
2284739,29825.5,17036.5,46862,12789
2831987,39241.0,23977.0,63218,15264
2702111,4724.5,4380.5,9105,344
2288131,88509.0,39840.0,48669,128349
2288233,91399.5,49670.5,41729,141070
2286743,58930.5,9445.5,68376,49485
2462903,28363.0,116.0,28247,28479
2327971,6687.5,354.5,6333,7042
2651263,21375.0,9670.0,31045,11705
2946721,9740.0,2319.0,12059,7421
2139559,26704.5,12806.5,39511,13898
2246243,35867.5,1412.5,34455,37280
2914727,10946.5,8472.5,2474,19419
2864501,8467.0,6516.0,14983,1951
2454659,39297.0,22527.0,61824,16770
2681711,33739.0,11230.0,44969,22509
3000827,9094.5,103.5,8991,9198
2219099,146379.5,10013.5,156393,136366
3218393,17205.5,1494.5,15711,18700
3564179,5295.0,2156.0,3139,7451
2493241,3133.5,1944.5,5078,1189
2597789,60664.0,10304.0,70968,50360
2320027,9633.0,196.0,9829,9437
2847151,42209.5,39277.5,2932,81487
3560573,4811.5,3630.5,1181,8442
3239471,7485.0,2406.0,9891,5079
2543881,108518.5,39328.5,69190,147847
2290307,52027.5,999.5,53027,51028
3720139,7124.0,5266.0,12390,1858
2782177,15730.0,8413.0,24143,7317
2519233,12295.0,2367.0,14662,9928
3261347,9070.0,789.0,8281,9859
2099117,56502.0,26765.0,29737,83267
4051493,1126.5,458.5,668,1585
2256587,16268.0,5543.0,10725,21811
2805239,36719.5,5488.5,42208,31231
3192797,12893.5,1249.5,11644,14143
2175973,44757.5,22215.5,66973,22542
2131313,86790.5,50854.5,137645,35936
2273441,16253.0,12192.0,28445,4061
3888373,8526.5,5163.5,13690,3363
2821037,7544.0,7354.0,14898,190
2933057,4246.0,1172.0,5418,3074
2202107,6469.5,2116.5,8586,4353
2204971,22545.5,16806.5,39352,5739
2961571,9138.0,907.0,8231,10045
3453869,8100.0,152.0,8252,7948
3123031,3207.0,257.0,3464,2950
3173123,10335.5,2610.5,12946,7725
2879473,33119.0,26291.0,6828,59410
2575987,78457.0,48708.0,29749,127165
2299459,50062.0,37670.0,12392,87732
2498777,33297.5,1662.5,31635,34960
2242087,32740.0,2614.0,30126,35354
3057401,10504.0,8819.0,19323,1685
2618171,9684.0,9453.0,19137,231
2666113,25716.0,20589.0,46305,5127
3785827,1338.0,1010.0,328,2348
3279863,1255.0,634.0,1889,621
2105353,20921.5,1547.5,22469,19374
2764273,53506.5,4599.5,58106,48907
2332133,9492.5,3253.5,6239,12746
2203459,46681.0,10063.0,56744,36618
3922057,2083.5,390.5,1693,2474
3184781,5503.0,773.0,6276,4730
3607717,6269.5,921.5,7191,5348
3670831,1518.5,89.5,1608,1429
2682721,2491.5,1491.5,3983,1000
3950623,1326.0,119.0,1445,1207
2288269,19827.0,3378.0,23205,16449
2267779,59216.0,3192.0,56024,62408
2583263,12462.5,5407.5,17870,7055
2610073,27325.5,8696.5,18629,36022
2559559,75923.0,41985.0,117908,33938
2825437,10991.0,4950.0,15941,6041
3242443,14057.0,2474.0,16531,11583
2206181,14469.0,5244.0,9225,19713
3116023,9941.5,7107.5,2834,17049
2859839,9490.5,7178.5,2312,16669
2109299,71832.5,62600.5,9232,134433
2787313,22811.5,18065.5,4746,40877
3605177,3656.0,463.0,4119,3193
2107463,33656.5,9675.5,23981,43332
2494417,14382.5,5101.5,19484,9281
3035339,12079.0,4762.0,7317,16841
2284813,13733.5,12693.5,26427,1040
2996261,3362.5,1395.5,1967,4758
2693419,35983.0,21386.0,57369,14597
2303443,55694.5,10076.5,65771,45618
3004879,13088.5,3929.5,17018,9159
3255809,6917.0,2315.0,9232,4602
2178287,21508.0,14907.0,6601,36415
3042617,28793.0,24992.0,53785,3801
2252609,49318.0,28442.0,20876,77760
2507101,5528.0,2375.0,3153,7903
2557831,39868.0,32627.0,72495,7241
2130883,12567.0,7921.0,20488,4646
2632193,33503.0,13761.0,47264,19742
3888343,3490.5,2807.5,6298,683
2222887,53008.5,23873.5,29135,76882
3463321,935.5,932.5,1868,3
3093757,7846.0,1282.0,6564,9128
2442953,15540.5,8213.5,7327,23754
2385001,45596.0,44780.0,816,90376
2524849,35219.0,31580.0,3639,66799
2267449,53319.0,42729.0,96048,10590
2393887,12069.5,1825.5,13895,10244
2779963,6466.0,5164.0,11630,1302
2677979,30860.0,22099.0,52959,8761
2981599,15555.5,12095.5,3460,27651
2638547,22205.5,17297.5,39503,4908
2421127,14085.0,1934.0,16019,12151
3111937,7699.5,4340.5,12040,3359
3366373,3118.0,751.0,2367,3869
2354881,13543.0,7857.0,21400,5686
3511597,1686.5,1607.5,79,3294
2605921,61025.5,53659.5,114685,7366
2819183,13828.0,11553.0,2275,25381
2998673,7404.5,4079.5,11484,3325
2171791,20026.5,6789.5,26816,13237
2147557,50451.5,12043.5,38408,62495
3414781,15823.0,10565.0,26388,5258
2544341,6293.5,1864.5,8158,4429
3072973,14723.5,12237.5,2486,26961
2216507,75124.0,48842.0,123966,26282
2902247,25630.5,20576.5,5054,46207
3218977,13558.0,7361.0,6197,20919
2903591,27378.0,10577.0,16801,37955
3039401,7330.0,3378.0,3952,10708
2807579,11322.0,10621.0,701,21943
2678509,9232.0,4040.0,13272,5192
2686613,23720.0,1261.0,24981,22459
2796601,2156.0,1876.0,4032,280
3087001,25467.5,15285.5,40753,10182
3907853,540.5,331.5,209,872
3447271,16652.0,13356.0,3296,30008
2964607,26273.0,21320.0,4953,47593
2469749,52585.5,24952.5,27633,77538
2536493,40605.5,9371.5,49977,31234
2109539,85129.0,65744.0,19385,150873
2239243,25992.0,679.0,25313,26671
2306069,16728.5,6452.5,10276,23181
3141737,1849.0,165.0,2014,1684
2669917,54227.0,30197.0,84424,24030
3130151,1163.0,962.0,201,2125
2325329,7816.5,5698.5,13515,2118
2249347,44264.0,43097.0,87361,1167
3553331,3688.5,2152.5,1536,5841
3513217,1702.5,1102.5,2805,600
2479517,14770.5,6813.5,7957,21584
2733677,25690.5,1081.5,26772,24609
3283223,1951.5,1222.5,729,3174
3013547,11568.0,9344.0,2224,20912
2365679,43724.5,15493.5,28231,59218
2616311,28795.0,28453.0,342,57248
2158657,20617.0,19189.0,1428,39806
2519227,2650.0,234.0,2884,2416
2315351,8278.0,3387.0,11665,4891
2512793,48040.0,30647.0,17393,78687
2805743,11194.5,4094.5,15289,7100
2523817,18751.0,2509.0,21260,16242
2539057,8688.5,7259.5,15948,1429
2328461,66826.5,55744.5,122571,11082
3020711,20891.0,20355.0,41246,536
2450969,55748.0,4455.0,60203,51293
2338487,26791.5,13297.5,13494,40089
2162729,55986.0,45479.0,101465,10507
3011381,2324.5,1285.5,3610,1039
4007779,1561.0,501.0,1060,2062
2562569,14810.0,7568.0,22378,7242
2346889,110983.0,7068.0,118051,103915
2357053,7038.5,6448.5,13487,590
3129299,7231.0,6942.0,14173,289
2689441,38361.0,30425.0,68786,7936
3289009,4998.5,4996.5,9995,2
2126981,5295.0,1584.0,6879,3711
2327543,45477.5,11416.5,56894,34061
2951633,3491.5,2622.5,869,6114
2701469,21271.0,88.0,21359,21183
2684009,22824.5,19134.5,41959,3690
2194711,118012.0,74866.0,43146,192878
2580709,13910.0,11050.0,2860,24960
2334193,66919.5,13054.5,53865,79974
3337913,15593.5,14040.5,1553,29634
2379967,23987.5,6069.5,30057,17918
2133671,58608.5,32232.5,26376,90841
2729851,33348.5,16730.5,50079,16618
3164417,18637.0,4786.0,13851,23423
2165699,33274.5,3972.5,29302,37247
2732707,16390.0,10191.0,26581,6199
2822111,13136.0,3520.0,9616,16656
2270419,65526.5,41656.5,23870,107183
2162099,23772.5,1398.5,22374,25171
2466307,24725.0,2135.0,22590,26860
2568593,11620.5,5292.5,16913,6328
2452447,26935.0,21570.0,5365,48505
2875283,1976.0,1719.0,3695,257
4040051,115.0,39.0,154,76
2566379,7912.0,7627.0,15539,285
2462347,23851.5,23298.5,553,47150
3233143,3270.5,1114.5,4385,2156
2247599,14068.0,4775.0,9293,18843
2469683,27230.0,5737.0,21493,32967
2130257,120484.5,26427.5,94057,146912
2232011,46224.5,13953.5,32271,60178
3167603,15506.0,12894.0,28400,2612
2322709,10619.0,9088.0,1531,19707
2351621,15515.0,14614.0,30129,901
3733409,1995.5,881.5,2877,1114
3444277,7338.0,3540.0,10878,3798
2188727,39986.5,12702.5,52689,27284
3409817,8086.5,3442.5,11529,4644
3858521,5923.5,3835.5,2088,9759
2100271,64883.5,45622.5,19261,110506
2448997,67514.0,33369.0,100883,34145
3834977,3379.5,502.5,3882,2877
3312329,12564.0,366.0,12930,12198
2744353,6186.5,5890.5,12077,296
2220019,21206.5,7345.5,13861,28552
2454313,2440.0,1528.0,912,3968
3107087,19229.0,17373.0,1856,36602
2736109,13192.5,5363.5,18556,7829
2115989,58878.5,22946.5,81825,35932
2649509,62479.5,41418.5,21061,103898
2274869,23391.0,11358.0,34749,12033
2720587,21418.5,5747.5,27166,15671
3740129,2032.0,764.0,2796,1268
2119553,22261.0,8446.0,30707,13815
2867563,8440.0,375.0,8065,8815
2261939,57239.0,8600.0,65839,48639
2861003,17261.0,12777.0,30038,4484
2531029,20513.0,19965.0,40478,548
2098487,59053.0,28175.0,30878,87228
2438743,16838.0,4279.0,21117,12559
2720639,4581.0,2541.0,7122,2040
2561011,39105.5,17349.5,56455,21756
3485653,7156.0,6500.0,13656,656
2592937,28689.0,13155.0,15534,41844
3125599,7362.5,3221.5,4141,10584
2313463,59624.5,9879.5,69504,49745
3984007,1064.0,551.0,1615,513
3794579,1138.5,1050.5,88,2189
2688047,23034.0,4482.0,27516,18552
2170759,12451.0,12251.0,24702,200
2223257,51548.5,32398.5,83947,19150
2831611,5507.5,3302.5,8810,2205
2816591,32161.0,16163.0,15998,48324
2333077,75332.5,45312.5,120645,30020
2683039,16961.0,2585.0,14376,19546
2183933,39801.5,18369.5,21432,58171
2876749,25170.5,14650.5,39821,10520
3505687,20514.0,9618.0,30132,10896
3114649,19778.5,8430.5,11348,28209
2355643,91560.0,40695.0,50865,132255
2234767,18850.0,7616.0,26466,11234
2340829,9407.5,5079.5,14487,4328
2425789,6947.5,279.5,6668,7227
3896147,2743.5,128.5,2615,2872
2550707,8901.5,6499.5,2402,15401
2574629,7196.0,3236.0,10432,3960
3292273,9665.0,9099.0,18764,566
2329741,24373.5,1760.5,22613,26134
3458137,9694.0,7469.0,2225,17163
2113561,3232.5,769.5,2463,4002
2672741,23928.5,2717.5,21211,26646
2547109,12029.0,5047.0,17076,6982
2714689,12050.0,1353.0,10697,13403
4047919,611.5,601.5,10,1213
2514839,25458.0,24989.0,469,50447
2663981,13550.5,6092.5,19643,7458
3493097,8425.5,4420.5,12846,4005
2981717,16094.5,11283.5,27378,4811
2413067,36907.0,24477.0,12430,61384
3332453,25417.5,6474.5,18943,31892
2365157,6063.5,3710.5,9774,2353
2549509,28400.5,26866.5,1534,55267
3819047,884.0,178.0,706,1062
2398813,60005.0,50469.0,9536,110474
2468827,26360.0,2414.0,28774,23946
2910571,2654.5,282.5,2937,2372
3002267,12550.5,7544.5,20095,5006
2204581,28139.5,18210.5,9929,46350
2130517,3078.5,1718.5,1360,4797
3490339,4401.0,1991.0,6392,2410
2273321,48394.0,20988.0,27406,69382
2550851,8545.0,5499.0,14044,3046
2582449,34756.0,11464.0,23292,46220
2967577,7557.0,5018.0,12575,2539
2872241,44959.5,42765.5,87725,2194
2799683,10951.5,1851.5,9100,12803
2332619,11591.5,1268.5,10323,12860
2223077,23362.0,1967.0,25329,21395
3344917,4488.0,2103.0,6591,2385
2363897,57909.0,22445.0,35464,80354
2977987,5010.0,4846.0,9856,164
2621083,6304.5,4119.5,10424,2185
2318683,10763.5,9926.5,837,20690
2577121,58550.5,26021.5,84572,32529
2632753,3570.0,664.0,4234,2906
4019989,2110.5,34.5,2076,2145
2521859,20464.0,16354.0,4110,36818
3066313,11054.5,10403.5,21458,651
2516093,22294.5,7800.5,30095,14494
2173021,25309.5,8356.5,16953,33666
2622457,9342.0,8848.0,18190,494
2879809,13679.5,10155.5,23835,3524
2386073,38571.5,729.5,37842,39301
2645623,8451.5,86.5,8538,8365
3102689,13089.5,12550.5,539,25640
2652931,37096.5,27932.5,65029,9164
2314331,29220.5,25351.5,3869,54572
2768653,36249.5,4127.5,32122,40377
2304173,30682.0,12436.0,18246,43118
3512723,6270.0,4358.0,10628,1912
3031993,3229.5,1829.5,5059,1400
2865281,16646.5,12699.5,3947,29346
3380921,9918.5,437.5,9481,10356
2321849,28840.0,25365.0,3475,54205
2461757,35189.0,19252.0,54441,15937
2606029,46697.0,12444.0,34253,59141
3132611,5811.0,4548.0,10359,1263
3434993,1538.0,258.0,1280,1796
2762257,11546.5,5098.5,16645,6448
2601397,37855.0,12209.0,25646,50064
3533261,3805.0,3545.0,260,7350
2587577,7240.5,877.5,8118,6363
3369671,19029.5,16456.5,35486,2573
3426883,5670.5,3482.5,2188,9153
2782799,15280.0,11961.0,3319,27241
2321729,46642.0,16123.0,62765,30519
3436837,5233.5,83.5,5317,5150
3065021,19960.5,7604.5,27565,12356
2491817,52181.5,8785.5,43396,60967
2393249,44345.0,32019.0,76364,12326
2975827,2825.0,1858.0,967,4683
2442829,68206.5,2164.5,66042,70371
2311877,5802.0,1539.0,4263,7341
2213173,95968.5,38045.5,57923,134014
2944367,20825.0,12578.0,8247,33403
2350553,81999.0,36177.0,118176,45822
2782223,19712.5,11200.5,8512,30913
2272637,66659.0,32317.0,34342,98976
2597891,45859.0,194.0,45665,46053
2925757,2085.0,133.0,1952,2218
2812981,11533.0,8586.0,20119,2947
2111173,26932.0,1246.0,25686,28178
3160639,9374.5,2742.5,12117,6632
2843443,15065.0,5838.0,9227,20903
3446539,8887.0,7541.0,1346,16428
3181319,42729.5,9440.5,33289,52170
3454271,12411.5,3178.5,15590,9233
2746489,6652.5,1135.5,5517,7788
2108903,39187.5,9765.5,48953,29422
2361613,8717.5,3723.5,12441,4994
3022559,12875.5,7729.5,5146,20605
3917999,1726.5,1673.5,53,3400
3131581,17148.0,4176.0,21324,12972
2869697,11832.0,7191.0,4641,19023
2946497,19646.0,12908.0,32554,6738
2131153,45788.5,2485.5,43303,48274
2866979,11417.5,9909.5,1508,21327
3596779,2117.5,2000.5,4118,117
2141561,6084.0,2353.0,3731,8437
2437651,28379.5,26594.5,54974,1785
2105401,21969.0,1095.0,20874,23064
3252317,7446.0,7208.0,14654,238
2652739,15815.0,3930.0,11885,19745
2789749,11340.5,1010.5,12351,10330
2273641,25026.5,640.5,25667,24386
2764009,10096.5,953.5,9143,11050
2305057,61334.0,31798.0,93132,29536
2926061,40761.5,10209.5,50971,30552
2240411,69166.5,50093.5,119260,19073
2182003,55740.0,13348.0,69088,42392
4043797,784.0,681.0,103,1465
2630659,1727.0,256.0,1471,1983
2138053,29436.5,23918.5,5518,53355
