0.000000000000000000e+00,3.000000000000000000e+00
1.695777513990164595e-04,3.000000000000000000e+00
3.391555027980329190e-04,4.000000000000000000e+00
5.087332541970494056e-04,5.000000000000000000e+00
6.783110055960658380e-04,6.000000000000000000e+00
8.478887569950822704e-04,8.000000000000000000e+00
1.017466508394098811e-03,1.300000000000000000e+01
1.187044259793115135e-03,1.500000000000000000e+01
1.356622011192131676e-03,1.600000000000000000e+01
1.526199762591148217e-03,1.900000000000000000e+01
1.695777513990164541e-03,2.500000000000000000e+01
1.865355265389181082e-03,2.800000000000000000e+01
2.034933016788197623e-03,3.100000000000000000e+01
2.204510768187214163e-03,3.300000000000000000e+01
2.374088519586230270e-03,3.600000000000000000e+01
2.543666270985246811e-03,3.600000000000000000e+01
2.713244022384263352e-03,3.700000000000000000e+01
2.882821773783279893e-03,3.800000000000000000e+01
3.052399525182296434e-03,3.800000000000000000e+01
3.221977276581312541e-03,3.900000000000000000e+01
3.391555027980329082e-03,4.100000000000000000e+01
3.561132779379345623e-03,4.100000000000000000e+01
3.730710530778362163e-03,4.900000000000000000e+01
3.900288282177378704e-03,5.400000000000000000e+01
4.069866033576395245e-03,5.800000000000000000e+01
4.239443784975411786e-03,5.800000000000000000e+01
4.409021536374428327e-03,6.000000000000000000e+01
4.578599287773444000e-03,6.100000000000000000e+01
4.748177039172460541e-03,6.100000000000000000e+01
4.917754790571477082e-03,6.200000000000000000e+01
5.087332541970493623e-03,6.400000000000000000e+01
5.256910293369510163e-03,6.800000000000000000e+01
5.426488044768526704e-03,6.900000000000000000e+01
5.596065796167543245e-03,7.100000000000000000e+01
5.765643547566559786e-03,7.300000000000000000e+01
5.935221298965576327e-03,7.500000000000000000e+01
6.104799050364592868e-03,7.800000000000000000e+01
6.274376801763609408e-03,7.900000000000000000e+01
6.443954553162625082e-03,8.300000000000000000e+01
6.613532304561641623e-03,8.400000000000000000e+01
6.783110055960658163e-03,8.800000000000000000e+01
6.952687807359674704e-03,9.000000000000000000e+01
7.122265558758691245e-03,9.000000000000000000e+01
7.291843310157707786e-03,9.100000000000000000e+01
7.461421061556724327e-03,9.300000000000000000e+01
7.630998812955740868e-03,9.300000000000000000e+01
7.800576564354757408e-03,9.800000000000000000e+01
7.970154315753773949e-03,1.000000000000000000e+02
8.139732067152790490e-03,1.010000000000000000e+02
8.309309818551807031e-03,1.020000000000000000e+02
8.478887569950823572e-03,1.020000000000000000e+02
8.648465321349840113e-03,1.020000000000000000e+02
8.818043072748856653e-03,1.030000000000000000e+02
8.987620824147873194e-03,1.060000000000000000e+02
9.157198575546888000e-03,1.070000000000000000e+02
9.326776326945904541e-03,1.100000000000000000e+02
9.496354078344921082e-03,1.110000000000000000e+02
9.665931829743937623e-03,1.130000000000000000e+02
9.835509581142954164e-03,1.130000000000000000e+02
1.000508733254197070e-02,1.150000000000000000e+02
1.017466508394098725e-02,1.150000000000000000e+02
1.034424283534000379e-02,1.180000000000000000e+02
1.051382058673902033e-02,1.180000000000000000e+02
1.068339833813803687e-02,1.200000000000000000e+02
1.085297608953705341e-02,1.200000000000000000e+02
1.102255384093606995e-02,1.230000000000000000e+02
1.119213159233508649e-02,1.290000000000000000e+02
1.136170934373410303e-02,1.290000000000000000e+02
1.153128709513311957e-02,1.300000000000000000e+02
1.170086484653213611e-02,1.340000000000000000e+02
1.187044259793115265e-02,1.350000000000000000e+02
1.204002034933016919e-02,1.380000000000000000e+02
1.220959810072918574e-02,1.390000000000000000e+02
1.237917585212820228e-02,1.390000000000000000e+02
1.254875360352721882e-02,1.390000000000000000e+02
1.271833135492623362e-02,1.400000000000000000e+02
1.288790910632525016e-02,1.400000000000000000e+02
1.305748685772426670e-02,1.400000000000000000e+02
1.322706460912328325e-02,1.430000000000000000e+02
1.339664236052229979e-02,1.430000000000000000e+02
1.356622011192131633e-02,1.430000000000000000e+02
1.373579786332033287e-02,1.430000000000000000e+02
1.390537561471934941e-02,1.440000000000000000e+02
1.407495336611836595e-02,1.440000000000000000e+02
1.424453111751738249e-02,1.440000000000000000e+02
1.441410886891639903e-02,1.450000000000000000e+02
1.458368662031541557e-02,1.470000000000000000e+02
1.475326437171443211e-02,1.520000000000000000e+02
1.492284212311344865e-02,1.520000000000000000e+02
1.509241987451246519e-02,1.520000000000000000e+02
1.526199762591148174e-02,1.530000000000000000e+02
1.543157537731049828e-02,1.530000000000000000e+02
1.560115312870951482e-02,1.550000000000000000e+02
1.577073088010853136e-02,1.550000000000000000e+02
1.594030863150754790e-02,1.550000000000000000e+02
1.610988638290656444e-02,1.600000000000000000e+02
1.627946413430558098e-02,1.620000000000000000e+02
1.644904188570459752e-02,1.620000000000000000e+02
1.661861963710361406e-02,1.630000000000000000e+02
1.678819738850263060e-02,1.630000000000000000e+02
1.695777513990164714e-02,1.640000000000000000e+02
1.712735289130066368e-02,1.640000000000000000e+02
1.729693064269968023e-02,1.660000000000000000e+02
1.746650839409869677e-02,1.660000000000000000e+02
1.763608614549771331e-02,1.660000000000000000e+02
1.780566389689672985e-02,1.680000000000000000e+02
1.797524164829574639e-02,1.690000000000000000e+02
1.814481939969475946e-02,1.700000000000000000e+02
1.831439715109377600e-02,1.730000000000000000e+02
1.848397490249279254e-02,1.740000000000000000e+02
1.865355265389180908e-02,1.760000000000000000e+02
1.882313040529082562e-02,1.760000000000000000e+02
1.899270815668984216e-02,1.770000000000000000e+02
1.916228590808885870e-02,1.790000000000000000e+02
1.933186365948787525e-02,1.810000000000000000e+02
1.950144141088689179e-02,1.810000000000000000e+02
1.967101916228590833e-02,1.830000000000000000e+02
1.984059691368492487e-02,1.840000000000000000e+02
2.001017466508394141e-02,1.860000000000000000e+02
2.017975241648295795e-02,1.870000000000000000e+02
2.034933016788197449e-02,1.880000000000000000e+02
2.051890791928099103e-02,1.900000000000000000e+02
2.068848567068000757e-02,1.910000000000000000e+02
2.085806342207902411e-02,1.930000000000000000e+02
2.102764117347804065e-02,1.930000000000000000e+02
2.119721892487705719e-02,1.950000000000000000e+02
2.136679667627607374e-02,1.970000000000000000e+02
2.153637442767509028e-02,1.980000000000000000e+02
2.170595217907410682e-02,1.990000000000000000e+02
2.187552993047312336e-02,2.000000000000000000e+02
2.204510768187213990e-02,2.050000000000000000e+02
2.221468543327115644e-02,2.060000000000000000e+02
2.238426318467017298e-02,2.060000000000000000e+02
2.255384093606918952e-02,2.060000000000000000e+02
2.272341868746820606e-02,2.070000000000000000e+02
2.289299643886722260e-02,2.080000000000000000e+02
2.306257419026623914e-02,2.080000000000000000e+02
2.323215194166525568e-02,2.100000000000000000e+02
2.340172969306427223e-02,2.100000000000000000e+02
2.357130744446328877e-02,2.120000000000000000e+02
2.374088519586230531e-02,2.120000000000000000e+02
2.391046294726132185e-02,2.120000000000000000e+02
2.408004069866033839e-02,2.120000000000000000e+02
2.424961845005935493e-02,2.140000000000000000e+02
2.441919620145837147e-02,2.150000000000000000e+02
2.458877395285738801e-02,2.160000000000000000e+02
2.475835170425640455e-02,2.170000000000000000e+02
2.492792945565542109e-02,2.180000000000000000e+02
2.509750720705443763e-02,2.190000000000000000e+02
2.526708495845345417e-02,2.210000000000000000e+02
2.543666270985246725e-02,2.220000000000000000e+02
2.560624046125148379e-02,2.220000000000000000e+02
2.577581821265050033e-02,2.240000000000000000e+02
2.594539596404951687e-02,2.240000000000000000e+02
2.611497371544853341e-02,2.240000000000000000e+02
2.628455146684754995e-02,2.250000000000000000e+02
2.645412921824656649e-02,2.260000000000000000e+02
2.662370696964558303e-02,2.270000000000000000e+02
2.679328472104459957e-02,2.280000000000000000e+02
2.696286247244361611e-02,2.300000000000000000e+02
2.713244022384263265e-02,2.310000000000000000e+02
2.730201797524164919e-02,2.330000000000000000e+02
2.747159572664066574e-02,2.330000000000000000e+02
2.764117347803968228e-02,2.340000000000000000e+02
2.781075122943869882e-02,2.350000000000000000e+02
2.798032898083771536e-02,2.360000000000000000e+02
2.814990673223673190e-02,2.360000000000000000e+02
2.831948448363574844e-02,2.360000000000000000e+02
2.848906223503476498e-02,2.410000000000000000e+02
2.865863998643378152e-02,2.430000000000000000e+02
2.882821773783279806e-02,2.440000000000000000e+02
2.899779548923181460e-02,2.450000000000000000e+02
2.916737324063083114e-02,2.450000000000000000e+02
2.933695099202984768e-02,2.480000000000000000e+02
2.950652874342886423e-02,2.490000000000000000e+02
2.967610649482788077e-02,2.500000000000000000e+02
2.984568424622689731e-02,2.520000000000000000e+02
3.001526199762591385e-02,2.550000000000000000e+02
3.018483974902493039e-02,2.550000000000000000e+02
3.035441750042394693e-02,2.550000000000000000e+02
3.052399525182296347e-02,2.560000000000000000e+02
3.069357300322198001e-02,2.580000000000000000e+02
3.086315075462099655e-02,2.600000000000000000e+02
3.103272850602001309e-02,2.630000000000000000e+02
3.120230625741902963e-02,2.640000000000000000e+02
3.137188400881804617e-02,2.660000000000000000e+02
3.154146176021706272e-02,2.670000000000000000e+02
3.171103951161607926e-02,2.690000000000000000e+02
3.188061726301509580e-02,2.690000000000000000e+02
3.205019501441411234e-02,2.710000000000000000e+02
3.221977276581312888e-02,2.730000000000000000e+02
3.238935051721214542e-02,2.740000000000000000e+02
3.255892826861116196e-02,2.760000000000000000e+02
3.272850602001017850e-02,2.790000000000000000e+02
3.289808377140919504e-02,2.790000000000000000e+02
3.306766152280821158e-02,2.830000000000000000e+02
3.323723927420722812e-02,2.860000000000000000e+02
3.340681702560624466e-02,2.870000000000000000e+02
3.357639477700526121e-02,2.870000000000000000e+02
3.374597252840427775e-02,2.880000000000000000e+02
3.391555027980329429e-02,2.890000000000000000e+02
3.408512803120231083e-02,2.900000000000000000e+02
3.425470578260132737e-02,2.900000000000000000e+02
3.442428353400034391e-02,2.920000000000000000e+02
3.459386128539936045e-02,2.930000000000000000e+02
3.476343903679837699e-02,2.950000000000000000e+02
3.493301678819739353e-02,2.980000000000000000e+02
3.510259453959641007e-02,2.980000000000000000e+02
3.527217229099542661e-02,2.990000000000000000e+02
3.544175004239444315e-02,3.030000000000000000e+02
3.561132779379345970e-02,3.030000000000000000e+02
3.578090554519247624e-02,3.060000000000000000e+02
3.595048329659149278e-02,3.070000000000000000e+02
3.612006104799050932e-02,3.080000000000000000e+02
3.628963879938951892e-02,3.080000000000000000e+02
3.645921655078853546e-02,3.090000000000000000e+02
3.662879430218755200e-02,3.090000000000000000e+02
3.679837205358656854e-02,3.160000000000000000e+02
3.696794980498558508e-02,3.170000000000000000e+02
3.713752755638460162e-02,3.210000000000000000e+02
3.730710530778361816e-02,3.220000000000000000e+02
3.747668305918263471e-02,3.220000000000000000e+02
3.764626081058165125e-02,3.220000000000000000e+02
3.781583856198066779e-02,3.230000000000000000e+02
3.798541631337968433e-02,3.230000000000000000e+02
3.815499406477870087e-02,3.250000000000000000e+02
3.832457181617771741e-02,3.260000000000000000e+02
3.849414956757673395e-02,3.280000000000000000e+02
3.866372731897575049e-02,3.280000000000000000e+02
3.883330507037476703e-02,3.280000000000000000e+02
3.900288282177378357e-02,3.280000000000000000e+02
3.917246057317280011e-02,3.290000000000000000e+02
3.934203832457181665e-02,3.310000000000000000e+02
3.951161607597083320e-02,3.310000000000000000e+02
3.968119382736984974e-02,3.320000000000000000e+02
3.985077157876886628e-02,3.330000000000000000e+02
4.002034933016788282e-02,3.340000000000000000e+02
4.018992708156689936e-02,3.360000000000000000e+02
4.035950483296591590e-02,3.380000000000000000e+02
4.052908258436493244e-02,3.400000000000000000e+02
4.069866033576394898e-02,3.430000000000000000e+02
4.086823808716296552e-02,3.440000000000000000e+02
4.103781583856198206e-02,3.450000000000000000e+02
4.120739358996099860e-02,3.450000000000000000e+02
4.137697134136001514e-02,3.500000000000000000e+02
4.154654909275903168e-02,3.550000000000000000e+02
4.171612684415804823e-02,3.550000000000000000e+02
4.188570459555706477e-02,3.560000000000000000e+02
4.205528234695608131e-02,3.570000000000000000e+02
4.222486009835509785e-02,3.570000000000000000e+02
4.239443784975411439e-02,3.610000000000000000e+02
4.256401560115313093e-02,3.650000000000000000e+02
4.273359335255214747e-02,3.660000000000000000e+02
4.290317110395116401e-02,3.690000000000000000e+02
4.307274885535018055e-02,3.690000000000000000e+02
4.324232660674919709e-02,3.700000000000000000e+02
4.341190435814821363e-02,3.710000000000000000e+02
4.358148210954723017e-02,3.720000000000000000e+02
4.375105986094624672e-02,3.740000000000000000e+02
4.392063761234526326e-02,3.740000000000000000e+02
4.409021536374427980e-02,3.750000000000000000e+02
4.425979311514329634e-02,3.760000000000000000e+02
4.442937086654231288e-02,3.770000000000000000e+02
4.459894861794132942e-02,3.780000000000000000e+02
4.476852636934034596e-02,3.780000000000000000e+02
4.493810412073936250e-02,3.790000000000000000e+02
4.510768187213837904e-02,3.820000000000000000e+02
4.527725962353739558e-02,3.820000000000000000e+02
4.544683737493641212e-02,3.820000000000000000e+02
4.561641512633542866e-02,3.830000000000000000e+02
4.578599287773444521e-02,3.840000000000000000e+02
4.595557062913346175e-02,3.840000000000000000e+02
4.612514838053247829e-02,3.880000000000000000e+02
4.629472613193149483e-02,3.900000000000000000e+02
4.646430388333051137e-02,3.900000000000000000e+02
4.663388163472952791e-02,3.920000000000000000e+02
4.680345938612854445e-02,3.970000000000000000e+02
4.697303713752756099e-02,3.990000000000000000e+02
4.714261488892657753e-02,3.990000000000000000e+02
4.731219264032559407e-02,4.020000000000000000e+02
4.748177039172461061e-02,4.040000000000000000e+02
4.765134814312362715e-02,4.050000000000000000e+02
4.782092589452264370e-02,4.070000000000000000e+02
4.799050364592166024e-02,4.080000000000000000e+02
4.816008139732067678e-02,4.080000000000000000e+02
4.832965914871969332e-02,4.090000000000000000e+02
4.849923690011870986e-02,4.120000000000000000e+02
4.866881465151772640e-02,4.120000000000000000e+02
4.883839240291674294e-02,4.140000000000000000e+02
4.900797015431575948e-02,4.150000000000000000e+02
4.917754790571477602e-02,4.150000000000000000e+02
4.934712565711379256e-02,4.170000000000000000e+02
4.951670340851280910e-02,4.170000000000000000e+02
4.968628115991182564e-02,4.200000000000000000e+02
4.985585891131084219e-02,4.220000000000000000e+02
5.002543666270985873e-02,4.240000000000000000e+02
5.019501441410887527e-02,4.260000000000000000e+02
5.036459216550789181e-02,4.270000000000000000e+02
5.053416991690690835e-02,4.280000000000000000e+02
5.070374766830591795e-02,4.280000000000000000e+02
5.087332541970493449e-02,4.290000000000000000e+02
5.104290317110395103e-02,4.300000000000000000e+02
5.121248092250296757e-02,4.300000000000000000e+02
5.138205867390198411e-02,4.330000000000000000e+02
5.155163642530100065e-02,4.360000000000000000e+02
5.172121417670001720e-02,4.380000000000000000e+02
5.189079192809903374e-02,4.400000000000000000e+02
5.206036967949805028e-02,4.400000000000000000e+02
5.222994743089706682e-02,4.420000000000000000e+02
5.239952518229608336e-02,4.450000000000000000e+02
5.256910293369509990e-02,4.470000000000000000e+02
5.273868068509411644e-02,4.480000000000000000e+02
5.290825843649313298e-02,4.480000000000000000e+02
5.307783618789214952e-02,4.490000000000000000e+02
5.324741393929116606e-02,4.500000000000000000e+02
5.341699169069018260e-02,4.510000000000000000e+02
5.358656944208919914e-02,4.540000000000000000e+02
5.375614719348821569e-02,4.550000000000000000e+02
5.392572494488723223e-02,4.560000000000000000e+02
5.409530269628624877e-02,4.580000000000000000e+02
5.426488044768526531e-02,4.580000000000000000e+02
5.443445819908428185e-02,4.590000000000000000e+02
5.460403595048329839e-02,4.600000000000000000e+02
5.477361370188231493e-02,4.610000000000000000e+02
5.494319145328133147e-02,4.630000000000000000e+02
5.511276920468034801e-02,4.630000000000000000e+02
5.528234695607936455e-02,4.660000000000000000e+02
5.545192470747838109e-02,4.660000000000000000e+02
5.562150245887739763e-02,4.680000000000000000e+02
5.579108021027641418e-02,4.690000000000000000e+02
5.596065796167543072e-02,4.690000000000000000e+02
5.613023571307444726e-02,4.700000000000000000e+02
5.629981346447346380e-02,4.700000000000000000e+02
5.646939121587248034e-02,4.770000000000000000e+02
5.663896896727149688e-02,4.780000000000000000e+02
5.680854671867051342e-02,4.790000000000000000e+02
5.697812447006952996e-02,4.800000000000000000e+02
5.714770222146854650e-02,4.800000000000000000e+02
5.731727997286756304e-02,4.830000000000000000e+02
5.748685772426657958e-02,4.840000000000000000e+02
5.765643547566559612e-02,4.850000000000000000e+02
5.782601322706461267e-02,4.880000000000000000e+02
5.799559097846362921e-02,4.890000000000000000e+02
5.816516872986264575e-02,4.890000000000000000e+02
5.833474648126166229e-02,4.910000000000000000e+02
5.850432423266067883e-02,4.930000000000000000e+02
5.867390198405969537e-02,4.940000000000000000e+02
5.884347973545871191e-02,4.970000000000000000e+02
5.901305748685772845e-02,4.990000000000000000e+02
5.918263523825674499e-02,5.000000000000000000e+02
5.935221298965576153e-02,5.030000000000000000e+02
5.952179074105477807e-02,5.040000000000000000e+02
5.969136849245379461e-02,5.050000000000000000e+02
5.986094624385281115e-02,5.050000000000000000e+02
6.003052399525182770e-02,5.080000000000000000e+02
6.020010174665084424e-02,5.120000000000000000e+02
6.036967949804986078e-02,5.130000000000000000e+02
6.053925724944887732e-02,5.140000000000000000e+02
6.070883500084789386e-02,5.150000000000000000e+02
6.087841275224691040e-02,5.190000000000000000e+02
6.104799050364592694e-02,5.210000000000000000e+02
6.121756825504494348e-02,5.210000000000000000e+02
6.138714600644396002e-02,5.210000000000000000e+02
6.155672375784297656e-02,5.220000000000000000e+02
6.172630150924199310e-02,5.230000000000000000e+02
6.189587926064100964e-02,5.240000000000000000e+02
6.206545701204002619e-02,5.250000000000000000e+02
6.223503476343904273e-02,5.280000000000000000e+02
6.240461251483805927e-02,5.290000000000000000e+02
6.257419026623707581e-02,5.290000000000000000e+02
6.274376801763609235e-02,5.310000000000000000e+02
6.291334576903510889e-02,5.350000000000000000e+02
6.308292352043412543e-02,5.380000000000000000e+02
6.325250127183314197e-02,5.400000000000000000e+02
6.342207902323215851e-02,5.410000000000000000e+02
6.359165677463117505e-02,5.450000000000000000e+02
6.376123452603019159e-02,5.470000000000000000e+02
6.393081227742920813e-02,5.470000000000000000e+02
6.410039002882822468e-02,5.470000000000000000e+02
6.426996778022724122e-02,5.490000000000000000e+02
6.443954553162625776e-02,5.520000000000000000e+02
6.460912328302527430e-02,5.520000000000000000e+02
6.477870103442429084e-02,5.520000000000000000e+02
6.494827878582330738e-02,5.520000000000000000e+02
6.511785653722232392e-02,5.530000000000000000e+02
6.528743428862134046e-02,5.550000000000000000e+02
6.545701204002035700e-02,5.550000000000000000e+02
6.562658979141937354e-02,5.570000000000000000e+02
6.579616754281839008e-02,5.570000000000000000e+02
6.596574529421740662e-02,5.580000000000000000e+02
6.613532304561642317e-02,5.600000000000000000e+02
6.630490079701543971e-02,5.650000000000000000e+02
6.647447854841445625e-02,5.660000000000000000e+02
6.664405629981347279e-02,5.660000000000000000e+02
6.681363405121248933e-02,5.690000000000000000e+02
6.698321180261150587e-02,5.710000000000000000e+02
6.715278955401052241e-02,5.710000000000000000e+02
6.732236730540953895e-02,5.730000000000000000e+02
6.749194505680855549e-02,5.740000000000000000e+02
6.766152280820757203e-02,5.750000000000000000e+02
6.783110055960658857e-02,5.760000000000000000e+02
6.800067831100560511e-02,5.800000000000000000e+02
6.817025606240462166e-02,5.820000000000000000e+02
6.833983381380363820e-02,5.820000000000000000e+02
6.850941156520265474e-02,5.830000000000000000e+02
6.867898931660167128e-02,5.840000000000000000e+02
6.884856706800068782e-02,5.840000000000000000e+02
6.901814481939970436e-02,5.850000000000000000e+02
6.918772257079872090e-02,5.850000000000000000e+02
6.935730032219773744e-02,5.860000000000000000e+02
6.952687807359675398e-02,5.860000000000000000e+02
6.969645582499577052e-02,5.870000000000000000e+02
6.986603357639478706e-02,5.880000000000000000e+02
7.003561132779380360e-02,5.880000000000000000e+02
7.020518907919282015e-02,5.880000000000000000e+02
7.037476683059183669e-02,5.880000000000000000e+02
7.054434458199085323e-02,5.900000000000000000e+02
7.071392233338986977e-02,5.910000000000000000e+02
7.088350008478888631e-02,5.960000000000000000e+02
7.105307783618790285e-02,6.020000000000000000e+02
7.122265558758691939e-02,6.020000000000000000e+02
7.139223333898593593e-02,6.040000000000000000e+02
7.156181109038495247e-02,6.040000000000000000e+02
7.173138884178396901e-02,6.040000000000000000e+02
7.190096659318298555e-02,6.050000000000000000e+02
7.207054434458200209e-02,6.060000000000000000e+02
7.224012209598101864e-02,6.090000000000000000e+02
7.240969984738002130e-02,6.090000000000000000e+02
7.257927759877903784e-02,6.100000000000000000e+02
7.274885535017805438e-02,6.120000000000000000e+02
7.291843310157707092e-02,6.140000000000000000e+02
7.308801085297608746e-02,6.140000000000000000e+02
7.325758860437510400e-02,6.210000000000000000e+02
7.342716635577412054e-02,6.210000000000000000e+02
7.359674410717313708e-02,6.210000000000000000e+02
7.376632185857215362e-02,6.230000000000000000e+02
7.393589960997117017e-02,6.260000000000000000e+02
7.410547736137018671e-02,6.270000000000000000e+02
7.427505511276920325e-02,6.270000000000000000e+02
7.444463286416821979e-02,6.290000000000000000e+02
7.461421061556723633e-02,6.290000000000000000e+02
7.478378836696625287e-02,6.350000000000000000e+02
7.495336611836526941e-02,6.390000000000000000e+02
7.512294386976428595e-02,6.410000000000000000e+02
7.529252162116330249e-02,6.440000000000000000e+02
7.546209937256231903e-02,6.470000000000000000e+02
7.563167712396133557e-02,6.540000000000000000e+02
7.580125487536035211e-02,6.540000000000000000e+02
7.597083262675936866e-02,6.540000000000000000e+02
7.614041037815838520e-02,6.560000000000000000e+02
7.630998812955740174e-02,6.570000000000000000e+02
7.647956588095641828e-02,6.600000000000000000e+02
7.664914363235543482e-02,6.610000000000000000e+02
7.681872138375445136e-02,6.610000000000000000e+02
7.698829913515346790e-02,6.620000000000000000e+02
7.715787688655248444e-02,6.640000000000000000e+02
7.732745463795150098e-02,6.640000000000000000e+02
7.749703238935051752e-02,6.650000000000000000e+02
7.766661014074953406e-02,6.670000000000000000e+02
7.783618789214855060e-02,6.670000000000000000e+02
7.800576564354756715e-02,6.690000000000000000e+02
7.817534339494658369e-02,6.700000000000000000e+02
7.834492114634560023e-02,6.700000000000000000e+02
7.851449889774461677e-02,6.700000000000000000e+02
7.868407664914363331e-02,6.730000000000000000e+02
7.885365440054264985e-02,6.740000000000000000e+02
7.902323215194166639e-02,6.760000000000000000e+02
7.919280990334068293e-02,6.760000000000000000e+02
7.936238765473969947e-02,6.790000000000000000e+02
7.953196540613871601e-02,6.810000000000000000e+02
7.970154315753773255e-02,6.820000000000000000e+02
7.987112090893674909e-02,6.830000000000000000e+02
8.004069866033576564e-02,6.840000000000000000e+02
8.021027641173478218e-02,6.840000000000000000e+02
8.037985416313379872e-02,6.850000000000000000e+02
8.054943191453281526e-02,6.860000000000000000e+02
8.071900966593183180e-02,6.880000000000000000e+02
8.088858741733084834e-02,6.880000000000000000e+02
8.105816516872986488e-02,6.930000000000000000e+02
8.122774292012888142e-02,6.950000000000000000e+02
8.139732067152789796e-02,6.960000000000000000e+02
8.156689842292691450e-02,6.980000000000000000e+02
8.173647617432593104e-02,7.000000000000000000e+02
8.190605392572494758e-02,7.000000000000000000e+02
8.207563167712396413e-02,7.050000000000000000e+02
8.224520942852298067e-02,7.080000000000000000e+02
8.241478717992199721e-02,7.080000000000000000e+02
8.258436493132101375e-02,7.100000000000000000e+02
8.275394268272003029e-02,7.100000000000000000e+02
8.292352043411904683e-02,7.100000000000000000e+02
8.309309818551806337e-02,7.130000000000000000e+02
8.326267593691707991e-02,7.140000000000000000e+02
8.343225368831609645e-02,7.270000000000000000e+02
8.360183143971511299e-02,7.300000000000000000e+02
8.377140919111412953e-02,7.310000000000000000e+02
8.394098694251314607e-02,7.320000000000000000e+02
8.411056469391216261e-02,7.320000000000000000e+02
8.428014244531117916e-02,7.320000000000000000e+02
8.444972019671019570e-02,7.360000000000000000e+02
8.461929794810921224e-02,7.360000000000000000e+02
8.478887569950822878e-02,7.380000000000000000e+02
8.495845345090724532e-02,7.390000000000000000e+02
8.512803120230626186e-02,7.400000000000000000e+02
8.529760895370527840e-02,7.420000000000000000e+02
8.546718670510429494e-02,7.420000000000000000e+02
8.563676445650331148e-02,7.420000000000000000e+02
8.580634220790232802e-02,7.430000000000000000e+02
8.597591995930134456e-02,7.450000000000000000e+02
8.614549771070036110e-02,7.460000000000000000e+02
8.631507546209937765e-02,7.470000000000000000e+02
8.648465321349839419e-02,7.500000000000000000e+02
8.665423096489741073e-02,7.520000000000000000e+02
8.682380871629642727e-02,7.540000000000000000e+02
8.699338646769544381e-02,7.570000000000000000e+02
8.716296421909446035e-02,7.590000000000000000e+02
8.733254197049347689e-02,7.610000000000000000e+02
8.750211972189249343e-02,7.610000000000000000e+02
8.767169747329150997e-02,7.620000000000000000e+02
8.784127522469052651e-02,7.630000000000000000e+02
8.801085297608954305e-02,7.630000000000000000e+02
8.818043072748855959e-02,7.680000000000000000e+02
8.835000847888757614e-02,7.680000000000000000e+02
8.851958623028659268e-02,7.710000000000000000e+02
8.868916398168560922e-02,7.750000000000000000e+02
8.885874173308462576e-02,7.780000000000000000e+02
8.902831948448364230e-02,7.830000000000000000e+02
8.919789723588265884e-02,7.840000000000000000e+02
8.936747498728167538e-02,7.840000000000000000e+02
8.953705273868069192e-02,7.850000000000000000e+02
8.970663049007970846e-02,7.850000000000000000e+02
8.987620824147872500e-02,7.880000000000000000e+02
9.004578599287774154e-02,7.880000000000000000e+02
9.021536374427675808e-02,7.910000000000000000e+02
9.038494149567577463e-02,7.920000000000000000e+02
9.055451924707479117e-02,7.980000000000000000e+02
9.072409699847380771e-02,7.990000000000000000e+02
9.089367474987282425e-02,8.000000000000000000e+02
9.106325250127184079e-02,8.030000000000000000e+02
9.123283025267085733e-02,8.030000000000000000e+02
9.140240800406987387e-02,8.070000000000000000e+02
9.157198575546889041e-02,8.100000000000000000e+02
9.174156350686790695e-02,8.110000000000000000e+02
9.191114125826692349e-02,8.120000000000000000e+02
9.208071900966594003e-02,8.140000000000000000e+02
9.225029676106495657e-02,8.180000000000000000e+02
9.241987451246397312e-02,8.190000000000000000e+02
9.258945226386298966e-02,8.230000000000000000e+02
9.275903001526200620e-02,8.230000000000000000e+02
9.292860776666102274e-02,8.240000000000000000e+02
9.309818551806003928e-02,8.250000000000000000e+02
9.326776326945905582e-02,8.270000000000000000e+02
9.343734102085807236e-02,8.270000000000000000e+02
9.360691877225708890e-02,8.380000000000000000e+02
9.377649652365610544e-02,8.380000000000000000e+02
9.394607427505512198e-02,8.400000000000000000e+02
9.411565202645413852e-02,8.440000000000000000e+02
9.428522977785315506e-02,8.470000000000000000e+02
9.445480752925217161e-02,8.500000000000000000e+02
9.462438528065118815e-02,8.500000000000000000e+02
9.479396303205020469e-02,8.520000000000000000e+02
9.496354078344922123e-02,8.550000000000000000e+02
9.513311853484823777e-02,8.570000000000000000e+02
9.530269628624725431e-02,8.570000000000000000e+02
9.547227403764627085e-02,8.590000000000000000e+02
9.564185178904528739e-02,8.600000000000000000e+02
9.581142954044430393e-02,8.600000000000000000e+02
9.598100729184332047e-02,8.610000000000000000e+02
9.615058504324233701e-02,8.620000000000000000e+02
9.632016279464135355e-02,8.620000000000000000e+02
9.648974054604037009e-02,8.640000000000000000e+02
9.665931829743938664e-02,8.640000000000000000e+02
9.682889604883840318e-02,8.640000000000000000e+02
9.699847380023741972e-02,8.650000000000000000e+02
9.716805155163643626e-02,8.650000000000000000e+02
9.733762930303545280e-02,8.660000000000000000e+02
9.750720705443446934e-02,8.670000000000000000e+02
9.767678480583348588e-02,8.680000000000000000e+02
9.784636255723250242e-02,8.700000000000000000e+02
9.801594030863151896e-02,8.700000000000000000e+02
9.818551806003053550e-02,8.710000000000000000e+02
9.835509581142955204e-02,8.720000000000000000e+02
9.852467356282856858e-02,8.730000000000000000e+02
9.869425131422758513e-02,8.730000000000000000e+02
9.886382906562660167e-02,8.740000000000000000e+02
9.903340681702561821e-02,8.740000000000000000e+02
9.920298456842463475e-02,8.760000000000000000e+02
9.937256231982365129e-02,8.770000000000000000e+02
9.954214007122266783e-02,8.790000000000000000e+02
9.971171782262168437e-02,8.800000000000000000e+02
9.988129557402070091e-02,8.800000000000000000e+02
1.000508733254197175e-01,8.810000000000000000e+02
1.002204510768187340e-01,8.830000000000000000e+02
1.003900288282177505e-01,8.840000000000000000e+02
1.005596065796167671e-01,8.840000000000000000e+02
1.007291843310157836e-01,8.850000000000000000e+02
1.008987620824148002e-01,8.850000000000000000e+02
1.010683398338138167e-01,8.850000000000000000e+02
1.012379175852128332e-01,8.870000000000000000e+02
1.014074953366118359e-01,8.870000000000000000e+02
1.015770730880108524e-01,8.880000000000000000e+02
1.017466508394098690e-01,8.910000000000000000e+02
1.019162285908088855e-01,8.920000000000000000e+02
1.020858063422079021e-01,8.930000000000000000e+02
1.022553840936069186e-01,8.940000000000000000e+02
1.024249618450059351e-01,8.960000000000000000e+02
1.025945395964049517e-01,8.960000000000000000e+02
1.027641173478039682e-01,8.970000000000000000e+02
1.029336950992029848e-01,9.010000000000000000e+02
1.031032728506020013e-01,9.020000000000000000e+02
1.032728506020010179e-01,9.030000000000000000e+02
1.034424283534000344e-01,9.050000000000000000e+02
1.036120061047990509e-01,9.080000000000000000e+02
1.037815838561980675e-01,9.090000000000000000e+02
1.039511616075970840e-01,9.100000000000000000e+02
1.041207393589961006e-01,9.100000000000000000e+02
1.042903171103951171e-01,9.160000000000000000e+02
1.044598948617941336e-01,9.200000000000000000e+02
1.046294726131931502e-01,9.250000000000000000e+02
1.047990503645921667e-01,9.270000000000000000e+02
1.049686281159911833e-01,9.290000000000000000e+02
1.051382058673901998e-01,9.290000000000000000e+02
1.053077836187892163e-01,9.300000000000000000e+02
1.054773613701882329e-01,9.310000000000000000e+02
1.056469391215872494e-01,9.320000000000000000e+02
1.058165168729862660e-01,9.390000000000000000e+02
1.059860946243852825e-01,9.450000000000000000e+02
1.061556723757842990e-01,9.480000000000000000e+02
1.063252501271833156e-01,9.490000000000000000e+02
1.064948278785823321e-01,9.490000000000000000e+02
1.066644056299813487e-01,9.500000000000000000e+02
1.068339833813803652e-01,9.500000000000000000e+02
1.070035611327793817e-01,9.500000000000000000e+02
1.071731388841783983e-01,9.510000000000000000e+02
1.073427166355774148e-01,9.510000000000000000e+02
1.075122943869764314e-01,9.520000000000000000e+02
1.076818721383754479e-01,9.530000000000000000e+02
1.078514498897744645e-01,9.550000000000000000e+02
1.080210276411734810e-01,9.560000000000000000e+02
1.081906053925724975e-01,9.570000000000000000e+02
1.083601831439715141e-01,9.590000000000000000e+02
1.085297608953705306e-01,9.590000000000000000e+02
1.086993386467695472e-01,9.620000000000000000e+02
1.088689163981685637e-01,9.630000000000000000e+02
1.090384941495675802e-01,9.630000000000000000e+02
1.092080719009665968e-01,9.650000000000000000e+02
1.093776496523656133e-01,9.680000000000000000e+02
1.095472274037646299e-01,9.700000000000000000e+02
1.097168051551636464e-01,9.710000000000000000e+02
1.098863829065626629e-01,9.730000000000000000e+02
1.100559606579616795e-01,9.740000000000000000e+02
1.102255384093606960e-01,9.750000000000000000e+02
1.103951161607597126e-01,9.760000000000000000e+02
1.105646939121587291e-01,9.780000000000000000e+02
1.107342716635577456e-01,9.780000000000000000e+02
1.109038494149567622e-01,9.790000000000000000e+02
1.110734271663557787e-01,9.860000000000000000e+02
1.112430049177547953e-01,9.870000000000000000e+02
1.114125826691538118e-01,9.880000000000000000e+02
1.115821604205528284e-01,9.880000000000000000e+02
1.117517381719518449e-01,9.880000000000000000e+02
1.119213159233508614e-01,9.890000000000000000e+02
1.120908936747498780e-01,9.910000000000000000e+02
1.122604714261488945e-01,9.940000000000000000e+02
1.124300491775479111e-01,9.940000000000000000e+02
1.125996269289469276e-01,9.950000000000000000e+02
1.127692046803459441e-01,9.970000000000000000e+02
1.129387824317449607e-01,9.970000000000000000e+02
1.131083601831439772e-01,9.980000000000000000e+02
1.132779379345429938e-01,1.000000000000000000e+03
1.134475156859420103e-01,1.001000000000000000e+03
1.136170934373410268e-01,1.002000000000000000e+03
1.137866711887400434e-01,1.003000000000000000e+03
1.139562489401390599e-01,1.005000000000000000e+03
1.141258266915380765e-01,1.005000000000000000e+03
1.142954044429370930e-01,1.006000000000000000e+03
1.144649821943361095e-01,1.008000000000000000e+03
1.146345599457351261e-01,1.009000000000000000e+03
1.148041376971341426e-01,1.011000000000000000e+03
1.149737154485331592e-01,1.013000000000000000e+03
1.151432931999321757e-01,1.013000000000000000e+03
1.153128709513311922e-01,1.014000000000000000e+03
1.154824487027302088e-01,1.015000000000000000e+03
1.156520264541292253e-01,1.016000000000000000e+03
1.158216042055282419e-01,1.022000000000000000e+03
1.159911819569272584e-01,1.022000000000000000e+03
1.161607597083262750e-01,1.022000000000000000e+03
1.163303374597252915e-01,1.023000000000000000e+03
1.164999152111243080e-01,1.023000000000000000e+03
1.166694929625233246e-01,1.026000000000000000e+03
1.168390707139223411e-01,1.029000000000000000e+03
1.170086484653213577e-01,1.030000000000000000e+03
1.171782262167203742e-01,1.037000000000000000e+03
1.173478039681193907e-01,1.037000000000000000e+03
1.175173817195184073e-01,1.037000000000000000e+03
1.176869594709174238e-01,1.038000000000000000e+03
1.178565372223164404e-01,1.039000000000000000e+03
1.180261149737154569e-01,1.042000000000000000e+03
1.181956927251144734e-01,1.042000000000000000e+03
1.183652704765134900e-01,1.043000000000000000e+03
1.185348482279125065e-01,1.047000000000000000e+03
1.187044259793115231e-01,1.049000000000000000e+03
1.188740037307105396e-01,1.052000000000000000e+03
1.190435814821095561e-01,1.053000000000000000e+03
1.192131592335085727e-01,1.053000000000000000e+03
1.193827369849075892e-01,1.055000000000000000e+03
1.195523147363066058e-01,1.057000000000000000e+03
1.197218924877056223e-01,1.063000000000000000e+03
1.198914702391046389e-01,1.063000000000000000e+03
1.200610479905036554e-01,1.068000000000000000e+03
1.202306257419026719e-01,1.071000000000000000e+03
1.204002034933016885e-01,1.071000000000000000e+03
1.205697812447007050e-01,1.074000000000000000e+03
1.207393589960997216e-01,1.075000000000000000e+03
1.209089367474987381e-01,1.077000000000000000e+03
1.210785144988977546e-01,1.077000000000000000e+03
1.212480922502967712e-01,1.078000000000000000e+03
1.214176700016957877e-01,1.079000000000000000e+03
1.215872477530948043e-01,1.079000000000000000e+03
1.217568255044938208e-01,1.080000000000000000e+03
1.219264032558928373e-01,1.081000000000000000e+03
1.220959810072918539e-01,1.081000000000000000e+03
1.222655587586908704e-01,1.081000000000000000e+03
1.224351365100898870e-01,1.083000000000000000e+03
1.226047142614889035e-01,1.083000000000000000e+03
1.227742920128879200e-01,1.083000000000000000e+03
1.229438697642869366e-01,1.085000000000000000e+03
1.231134475156859531e-01,1.085000000000000000e+03
1.232830252670849697e-01,1.086000000000000000e+03
1.234526030184839862e-01,1.086000000000000000e+03
1.236221807698830027e-01,1.088000000000000000e+03
1.237917585212820193e-01,1.090000000000000000e+03
1.239613362726810358e-01,1.094000000000000000e+03
1.241309140240800524e-01,1.095000000000000000e+03
1.243004917754790689e-01,1.098000000000000000e+03
1.244700695268780855e-01,1.100000000000000000e+03
1.246396472782771020e-01,1.103000000000000000e+03
1.248092250296761185e-01,1.106000000000000000e+03
1.249788027810751351e-01,1.107000000000000000e+03
1.251483805324741516e-01,1.107000000000000000e+03
1.253179582838731543e-01,1.110000000000000000e+03
1.254875360352721847e-01,1.115000000000000000e+03
1.256571137866711874e-01,1.117000000000000000e+03
1.258266915380702178e-01,1.119000000000000000e+03
1.259962692894692204e-01,1.122000000000000000e+03
1.261658470408682509e-01,1.122000000000000000e+03
1.263354247922672535e-01,1.127000000000000000e+03
1.265050025436662839e-01,1.128000000000000000e+03
1.266745802950652866e-01,1.128000000000000000e+03
1.268441580464643170e-01,1.128000000000000000e+03
1.270137357978633197e-01,1.129000000000000000e+03
1.271833135492623501e-01,1.130000000000000000e+03
1.273528913006613528e-01,1.130000000000000000e+03
1.275224690520603832e-01,1.133000000000000000e+03
1.276920468034593859e-01,1.136000000000000000e+03
1.278616245548584163e-01,1.136000000000000000e+03
1.280312023062574189e-01,1.138000000000000000e+03
1.282007800576564494e-01,1.139000000000000000e+03
1.283703578090554520e-01,1.140000000000000000e+03
1.285399355604544824e-01,1.144000000000000000e+03
1.287095133118534851e-01,1.145000000000000000e+03
1.288790910632525155e-01,1.145000000000000000e+03
1.290486688146515182e-01,1.145000000000000000e+03
1.292182465660505486e-01,1.146000000000000000e+03
1.293878243174495513e-01,1.146000000000000000e+03
1.295574020688485817e-01,1.147000000000000000e+03
1.297269798202475843e-01,1.150000000000000000e+03
1.298965575716466148e-01,1.151000000000000000e+03
1.300661353230456174e-01,1.152000000000000000e+03
1.302357130744446478e-01,1.153000000000000000e+03
1.304052908258436505e-01,1.154000000000000000e+03
1.305748685772426809e-01,1.154000000000000000e+03
1.307444463286416836e-01,1.155000000000000000e+03
1.309140240800407140e-01,1.161000000000000000e+03
1.310836018314397167e-01,1.162000000000000000e+03
1.312531795828387471e-01,1.163000000000000000e+03
1.314227573342377497e-01,1.164000000000000000e+03
1.315923350856367802e-01,1.166000000000000000e+03
1.317619128370357828e-01,1.175000000000000000e+03
1.319314905884348132e-01,1.177000000000000000e+03
1.321010683398338159e-01,1.178000000000000000e+03
1.322706460912328463e-01,1.179000000000000000e+03
1.324402238426318490e-01,1.179000000000000000e+03
1.326098015940308794e-01,1.180000000000000000e+03
1.327793793454298821e-01,1.184000000000000000e+03
1.329489570968289125e-01,1.186000000000000000e+03
1.331185348482279152e-01,1.187000000000000000e+03
1.332881125996269456e-01,1.190000000000000000e+03
1.334576903510259482e-01,1.191000000000000000e+03
1.336272681024249787e-01,1.191000000000000000e+03
1.337968458538239813e-01,1.195000000000000000e+03
1.339664236052230117e-01,1.195000000000000000e+03
1.341360013566220144e-01,1.197000000000000000e+03
1.343055791080210448e-01,1.198000000000000000e+03
1.344751568594200475e-01,1.199000000000000000e+03
1.346447346108190779e-01,1.200000000000000000e+03
1.348143123622180806e-01,1.200000000000000000e+03
1.349838901136171110e-01,1.202000000000000000e+03
1.351534678650161136e-01,1.204000000000000000e+03
1.353230456164151441e-01,1.215000000000000000e+03
1.354926233678141467e-01,1.216000000000000000e+03
1.356622011192131771e-01,1.217000000000000000e+03
1.358317788706121798e-01,1.219000000000000000e+03
1.360013566220112102e-01,1.219000000000000000e+03
1.361709343734102129e-01,1.221000000000000000e+03
1.363405121248092433e-01,1.222000000000000000e+03
1.365100898762082460e-01,1.225000000000000000e+03
1.366796676276072764e-01,1.225000000000000000e+03
1.368492453790062791e-01,1.226000000000000000e+03
1.370188231304053095e-01,1.227000000000000000e+03
1.371884008818043121e-01,1.233000000000000000e+03
1.373579786332033426e-01,1.233000000000000000e+03
1.375275563846023452e-01,1.234000000000000000e+03
1.376971341360013756e-01,1.247000000000000000e+03
1.378667118874003783e-01,1.248000000000000000e+03
1.380362896387994087e-01,1.248000000000000000e+03
1.382058673901984114e-01,1.251000000000000000e+03
1.383754451415974418e-01,1.253000000000000000e+03
1.385450228929964445e-01,1.255000000000000000e+03
1.387146006443954749e-01,1.260000000000000000e+03
1.388841783957944775e-01,1.262000000000000000e+03
1.390537561471935080e-01,1.262000000000000000e+03
1.392233338985925106e-01,1.264000000000000000e+03
1.393929116499915410e-01,1.265000000000000000e+03
1.395624894013905437e-01,1.265000000000000000e+03
1.397320671527895741e-01,1.266000000000000000e+03
1.399016449041885768e-01,1.267000000000000000e+03
1.400712226555876072e-01,1.269000000000000000e+03
1.402408004069866099e-01,1.272000000000000000e+03
1.404103781583856403e-01,1.273000000000000000e+03
1.405799559097846430e-01,1.276000000000000000e+03
1.407495336611836734e-01,1.278000000000000000e+03
1.409191114125826760e-01,1.280000000000000000e+03
1.410886891639817065e-01,1.282000000000000000e+03
1.412582669153807091e-01,1.282000000000000000e+03
1.414278446667797395e-01,1.283000000000000000e+03
1.415974224181787422e-01,1.283000000000000000e+03
1.417670001695777726e-01,1.286000000000000000e+03
1.419365779209767753e-01,1.288000000000000000e+03
1.421061556723758057e-01,1.289000000000000000e+03
1.422757334237748084e-01,1.289000000000000000e+03
1.424453111751738388e-01,1.289000000000000000e+03
1.426148889265728414e-01,1.294000000000000000e+03
1.427844666779718719e-01,1.295000000000000000e+03
1.429540444293708745e-01,1.303000000000000000e+03
1.431236221807699049e-01,1.306000000000000000e+03
1.432931999321689076e-01,1.310000000000000000e+03
1.434627776835679380e-01,1.312000000000000000e+03
1.436323554349669407e-01,1.313000000000000000e+03
1.438019331863659711e-01,1.320000000000000000e+03
1.439715109377649738e-01,1.320000000000000000e+03
1.441410886891640042e-01,1.321000000000000000e+03
1.443106664405630069e-01,1.322000000000000000e+03
1.444802441919620373e-01,1.324000000000000000e+03
1.446498219433610399e-01,1.325000000000000000e+03
1.448193996947600426e-01,1.328000000000000000e+03
1.449889774461590730e-01,1.331000000000000000e+03
1.451585551975580757e-01,1.332000000000000000e+03
1.453281329489571061e-01,1.336000000000000000e+03
1.454977107003561088e-01,1.339000000000000000e+03
1.456672884517551392e-01,1.339000000000000000e+03
1.458368662031541418e-01,1.340000000000000000e+03
1.460064439545531723e-01,1.346000000000000000e+03
1.461760217059521749e-01,1.346000000000000000e+03
1.463455994573512053e-01,1.347000000000000000e+03
1.465151772087502080e-01,1.348000000000000000e+03
1.466847549601492384e-01,1.350000000000000000e+03
1.468543327115482411e-01,1.354000000000000000e+03
1.470239104629472715e-01,1.357000000000000000e+03
1.471934882143462742e-01,1.359000000000000000e+03
1.473630659657453046e-01,1.359000000000000000e+03
1.475326437171443072e-01,1.363000000000000000e+03
1.477022214685433377e-01,1.366000000000000000e+03
1.478717992199423403e-01,1.367000000000000000e+03
1.480413769713413707e-01,1.370000000000000000e+03
1.482109547227403734e-01,1.371000000000000000e+03
1.483805324741394038e-01,1.375000000000000000e+03
1.485501102255384065e-01,1.377000000000000000e+03
1.487196879769374369e-01,1.379000000000000000e+03
1.488892657283364396e-01,1.379000000000000000e+03
1.490588434797354700e-01,1.381000000000000000e+03
1.492284212311344727e-01,1.385000000000000000e+03
1.493979989825335031e-01,1.387000000000000000e+03
1.495675767339325057e-01,1.388000000000000000e+03
1.497371544853315362e-01,1.390000000000000000e+03
1.499067322367305388e-01,1.390000000000000000e+03
1.500763099881295692e-01,1.391000000000000000e+03
1.502458877395285719e-01,1.391000000000000000e+03
1.504154654909276023e-01,1.395000000000000000e+03
1.505850432423266050e-01,1.395000000000000000e+03
1.507546209937256354e-01,1.395000000000000000e+03
1.509241987451246381e-01,1.397000000000000000e+03
1.510937764965236685e-01,1.399000000000000000e+03
1.512633542479226711e-01,1.400000000000000000e+03
1.514329319993217016e-01,1.401000000000000000e+03
1.516025097507207042e-01,1.404000000000000000e+03
1.517720875021197346e-01,1.405000000000000000e+03
1.519416652535187373e-01,1.408000000000000000e+03
1.521112430049177677e-01,1.410000000000000000e+03
1.522808207563167704e-01,1.410000000000000000e+03
1.524503985077158008e-01,1.411000000000000000e+03
1.526199762591148035e-01,1.411000000000000000e+03
1.527895540105138339e-01,1.412000000000000000e+03
1.529591317619128366e-01,1.414000000000000000e+03
1.531287095133118670e-01,1.418000000000000000e+03
1.532982872647108696e-01,1.423000000000000000e+03
1.534678650161099001e-01,1.425000000000000000e+03
1.536374427675089027e-01,1.426000000000000000e+03
1.538070205189079331e-01,1.432000000000000000e+03
1.539765982703069358e-01,1.436000000000000000e+03
1.541461760217059662e-01,1.439000000000000000e+03
1.543157537731049689e-01,1.447000000000000000e+03
1.544853315245039993e-01,1.452000000000000000e+03
1.546549092759030020e-01,1.453000000000000000e+03
1.548244870273020324e-01,1.457000000000000000e+03
1.549940647787010350e-01,1.457000000000000000e+03
1.551636425301000655e-01,1.460000000000000000e+03
1.553332202814990681e-01,1.461000000000000000e+03
1.555027980328980985e-01,1.463000000000000000e+03
1.556723757842971012e-01,1.464000000000000000e+03
1.558419535356961316e-01,1.472000000000000000e+03
1.560115312870951343e-01,1.472000000000000000e+03
1.561811090384941647e-01,1.472000000000000000e+03
1.563506867898931674e-01,1.475000000000000000e+03
1.565202645412921978e-01,1.478000000000000000e+03
1.566898422926912005e-01,1.478000000000000000e+03
1.568594200440902309e-01,1.480000000000000000e+03
1.570289977954892335e-01,1.483000000000000000e+03
1.571985755468882640e-01,1.484000000000000000e+03
1.573681532982872666e-01,1.486000000000000000e+03
1.575377310496862970e-01,1.487000000000000000e+03
1.577073088010852997e-01,1.488000000000000000e+03
1.578768865524843301e-01,1.489000000000000000e+03
1.580464643038833328e-01,1.490000000000000000e+03
1.582160420552823632e-01,1.495000000000000000e+03
1.583856198066813659e-01,1.495000000000000000e+03
1.585551975580803963e-01,1.496000000000000000e+03
1.587247753094793989e-01,1.502000000000000000e+03
1.588943530608784294e-01,1.508000000000000000e+03
1.590639308122774320e-01,1.510000000000000000e+03
1.592335085636764624e-01,1.514000000000000000e+03
1.594030863150754651e-01,1.516000000000000000e+03
1.595726640664744955e-01,1.519000000000000000e+03
1.597422418178734982e-01,1.519000000000000000e+03
1.599118195692725286e-01,1.520000000000000000e+03
1.600813973206715313e-01,1.520000000000000000e+03
1.602509750720705617e-01,1.521000000000000000e+03
1.604205528234695644e-01,1.522000000000000000e+03
1.605901305748685948e-01,1.525000000000000000e+03
1.607597083262675974e-01,1.526000000000000000e+03
1.609292860776666279e-01,1.527000000000000000e+03
1.610988638290656305e-01,1.527000000000000000e+03
1.612684415804646609e-01,1.527000000000000000e+03
1.614380193318636636e-01,1.527000000000000000e+03
1.616075970832626940e-01,1.528000000000000000e+03
1.617771748346616967e-01,1.529000000000000000e+03
1.619467525860607271e-01,1.530000000000000000e+03
1.621163303374597298e-01,1.533000000000000000e+03
1.622859080888587602e-01,1.535000000000000000e+03
1.624554858402577628e-01,1.535000000000000000e+03
1.626250635916567933e-01,1.538000000000000000e+03
1.627946413430557959e-01,1.547000000000000000e+03
1.629642190944548263e-01,1.547000000000000000e+03
1.631337968458538290e-01,1.549000000000000000e+03
1.633033745972528594e-01,1.555000000000000000e+03
1.634729523486518621e-01,1.559000000000000000e+03
1.636425301000508925e-01,1.559000000000000000e+03
1.638121078514498952e-01,1.559000000000000000e+03
1.639816856028489256e-01,1.560000000000000000e+03
1.641512633542479283e-01,1.571000000000000000e+03
1.643208411056469587e-01,1.575000000000000000e+03
1.644904188570459613e-01,1.576000000000000000e+03
1.646599966084449918e-01,1.578000000000000000e+03
1.648295743598439944e-01,1.581000000000000000e+03
1.649991521112430248e-01,1.583000000000000000e+03
1.651687298626420275e-01,1.586000000000000000e+03
1.653383076140410579e-01,1.587000000000000000e+03
1.655078853654400606e-01,1.588000000000000000e+03
1.656774631168390910e-01,1.590000000000000000e+03
1.658470408682380937e-01,1.595000000000000000e+03
1.660166186196371241e-01,1.596000000000000000e+03
1.661861963710361267e-01,1.596000000000000000e+03
1.663557741224351572e-01,1.599000000000000000e+03
1.665253518738341598e-01,1.599000000000000000e+03
1.666949296252331902e-01,1.602000000000000000e+03
1.668645073766321929e-01,1.603000000000000000e+03
1.670340851280312233e-01,1.604000000000000000e+03
1.672036628794302260e-01,1.607000000000000000e+03
1.673732406308292564e-01,1.608000000000000000e+03
1.675428183822282591e-01,1.610000000000000000e+03
1.677123961336272895e-01,1.612000000000000000e+03
1.678819738850262921e-01,1.617000000000000000e+03
1.680515516364253226e-01,1.618000000000000000e+03
1.682211293878243252e-01,1.620000000000000000e+03
1.683907071392233556e-01,1.620000000000000000e+03
1.685602848906223583e-01,1.623000000000000000e+03
1.687298626420213887e-01,1.632000000000000000e+03
1.688994403934203914e-01,1.634000000000000000e+03
1.690690181448194218e-01,1.635000000000000000e+03
1.692385958962184245e-01,1.636000000000000000e+03
1.694081736476174549e-01,1.637000000000000000e+03
1.695777513990164576e-01,1.637000000000000000e+03
1.697473291504154880e-01,1.644000000000000000e+03
1.699169069018144906e-01,1.645000000000000000e+03
1.700864846532135211e-01,1.647000000000000000e+03
1.702560624046125237e-01,1.651000000000000000e+03
1.704256401560115541e-01,1.652000000000000000e+03
1.705952179074105568e-01,1.656000000000000000e+03
1.707647956588095872e-01,1.657000000000000000e+03
1.709343734102085899e-01,1.659000000000000000e+03
1.711039511616076203e-01,1.659000000000000000e+03
1.712735289130066230e-01,1.659000000000000000e+03
1.714431066644056534e-01,1.661000000000000000e+03
1.716126844158046560e-01,1.661000000000000000e+03
1.717822621672036865e-01,1.666000000000000000e+03
1.719518399186026891e-01,1.667000000000000000e+03
1.721214176700017195e-01,1.675000000000000000e+03
1.722909954214007222e-01,1.676000000000000000e+03
1.724605731727997526e-01,1.678000000000000000e+03
1.726301509241987553e-01,1.681000000000000000e+03
1.727997286755977857e-01,1.682000000000000000e+03
1.729693064269967884e-01,1.686000000000000000e+03
1.731388841783958188e-01,1.688000000000000000e+03
1.733084619297948215e-01,1.689000000000000000e+03
1.734780396811938519e-01,1.691000000000000000e+03
1.736476174325928545e-01,1.692000000000000000e+03
1.738171951839918572e-01,1.695000000000000000e+03
1.739867729353908876e-01,1.696000000000000000e+03
1.741563506867898903e-01,1.698000000000000000e+03
1.743259284381889207e-01,1.702000000000000000e+03
1.744955061895879234e-01,1.703000000000000000e+03
1.746650839409869538e-01,1.706000000000000000e+03
1.748346616923859564e-01,1.716000000000000000e+03
1.750042394437849869e-01,1.717000000000000000e+03
1.751738171951839895e-01,1.717000000000000000e+03
1.753433949465830199e-01,1.718000000000000000e+03
1.755129726979820226e-01,1.718000000000000000e+03
1.756825504493810530e-01,1.721000000000000000e+03
1.758521282007800557e-01,1.722000000000000000e+03
1.760217059521790861e-01,1.725000000000000000e+03
1.761912837035780888e-01,1.726000000000000000e+03
1.763608614549771192e-01,1.731000000000000000e+03
1.765304392063761219e-01,1.732000000000000000e+03
1.767000169577751523e-01,1.733000000000000000e+03
1.768695947091741549e-01,1.737000000000000000e+03
1.770391724605731854e-01,1.746000000000000000e+03
1.772087502119721880e-01,1.748000000000000000e+03
1.773783279633712184e-01,1.750000000000000000e+03
1.775479057147702211e-01,1.751000000000000000e+03
1.777174834661692515e-01,1.756000000000000000e+03
1.778870612175682542e-01,1.757000000000000000e+03
1.780566389689672846e-01,1.759000000000000000e+03
1.782262167203662873e-01,1.764000000000000000e+03
1.783957944717653177e-01,1.772000000000000000e+03
1.785653722231643203e-01,1.775000000000000000e+03
1.787349499745633508e-01,1.780000000000000000e+03
1.789045277259623534e-01,1.783000000000000000e+03
1.790741054773613838e-01,1.784000000000000000e+03
1.792436832287603865e-01,1.793000000000000000e+03
1.794132609801594169e-01,1.795000000000000000e+03
1.795828387315584196e-01,1.798000000000000000e+03
1.797524164829574500e-01,1.798000000000000000e+03
1.799219942343564527e-01,1.800000000000000000e+03
1.800915719857554831e-01,1.800000000000000000e+03
1.802611497371544858e-01,1.805000000000000000e+03
1.804307274885535162e-01,1.807000000000000000e+03
1.806003052399525188e-01,1.813000000000000000e+03
1.807698829913515493e-01,1.815000000000000000e+03
1.809394607427505519e-01,1.815000000000000000e+03
1.811090384941495823e-01,1.818000000000000000e+03
1.812786162455485850e-01,1.822000000000000000e+03
1.814481939969476154e-01,1.825000000000000000e+03
1.816177717483466181e-01,1.826000000000000000e+03
1.817873494997456485e-01,1.826000000000000000e+03
1.819569272511446512e-01,1.831000000000000000e+03
1.821265050025436816e-01,1.832000000000000000e+03
1.822960827539426842e-01,1.834000000000000000e+03
1.824656605053417147e-01,1.834000000000000000e+03
1.826352382567407173e-01,1.837000000000000000e+03
1.828048160081397477e-01,1.838000000000000000e+03
1.829743937595387504e-01,1.839000000000000000e+03
1.831439715109377808e-01,1.846000000000000000e+03
1.833135492623367835e-01,1.847000000000000000e+03
1.834831270137358139e-01,1.849000000000000000e+03
1.836527047651348166e-01,1.850000000000000000e+03
1.838222825165338470e-01,1.850000000000000000e+03
1.839918602679328496e-01,1.851000000000000000e+03
1.841614380193318801e-01,1.853000000000000000e+03
1.843310157707308827e-01,1.855000000000000000e+03
1.845005935221299131e-01,1.856000000000000000e+03
1.846701712735289158e-01,1.856000000000000000e+03
1.848397490249279462e-01,1.857000000000000000e+03
1.850093267763269489e-01,1.858000000000000000e+03
1.851789045277259793e-01,1.859000000000000000e+03
1.853484822791249820e-01,1.860000000000000000e+03
1.855180600305240124e-01,1.860000000000000000e+03
1.856876377819230151e-01,1.862000000000000000e+03
1.858572155333220455e-01,1.866000000000000000e+03
1.860267932847210481e-01,1.868000000000000000e+03
1.861963710361200786e-01,1.869000000000000000e+03
1.863659487875190812e-01,1.870000000000000000e+03
1.865355265389181116e-01,1.876000000000000000e+03
1.867051042903171143e-01,1.877000000000000000e+03
1.868746820417161447e-01,1.880000000000000000e+03
1.870442597931151474e-01,1.888000000000000000e+03
1.872138375445141778e-01,1.896000000000000000e+03
1.873834152959131805e-01,1.898000000000000000e+03
1.875529930473122109e-01,1.900000000000000000e+03
1.877225707987112135e-01,1.902000000000000000e+03
1.878921485501102440e-01,1.902000000000000000e+03
1.880617263015092466e-01,1.906000000000000000e+03
1.882313040529082770e-01,1.911000000000000000e+03
1.884008818043072797e-01,1.913000000000000000e+03
1.885704595557063101e-01,1.915000000000000000e+03
1.887400373071053128e-01,1.916000000000000000e+03
1.889096150585043432e-01,1.921000000000000000e+03
1.890791928099033459e-01,1.923000000000000000e+03
1.892487705613023763e-01,1.925000000000000000e+03
1.894183483127013790e-01,1.926000000000000000e+03
1.895879260641004094e-01,1.929000000000000000e+03
1.897575038154994120e-01,1.931000000000000000e+03
1.899270815668984425e-01,1.933000000000000000e+03
1.900966593182974451e-01,1.935000000000000000e+03
1.902662370696964755e-01,1.935000000000000000e+03
1.904358148210954782e-01,1.936000000000000000e+03
1.906053925724945086e-01,1.936000000000000000e+03
1.907749703238935113e-01,1.940000000000000000e+03
1.909445480752925417e-01,1.940000000000000000e+03
1.911141258266915444e-01,1.946000000000000000e+03
1.912837035780905748e-01,1.948000000000000000e+03
1.914532813294895774e-01,1.949000000000000000e+03
1.916228590808886079e-01,1.952000000000000000e+03
1.917924368322876105e-01,1.953000000000000000e+03
1.919620145836866409e-01,1.953000000000000000e+03
1.921315923350856436e-01,1.961000000000000000e+03
1.923011700864846740e-01,1.961000000000000000e+03
1.924707478378836767e-01,1.962000000000000000e+03
1.926403255892827071e-01,1.964000000000000000e+03
1.928099033406817098e-01,1.965000000000000000e+03
1.929794810920807402e-01,1.967000000000000000e+03
1.931490588434797429e-01,1.968000000000000000e+03
1.933186365948787733e-01,1.971000000000000000e+03
1.934882143462777759e-01,1.975000000000000000e+03
1.936577920976768064e-01,1.975000000000000000e+03
1.938273698490758090e-01,1.977000000000000000e+03
1.939969476004748394e-01,1.978000000000000000e+03
1.941665253518738421e-01,1.981000000000000000e+03
1.943361031032728725e-01,1.981000000000000000e+03
1.945056808546718752e-01,1.985000000000000000e+03
1.946752586060709056e-01,1.985000000000000000e+03
1.948448363574699083e-01,1.987000000000000000e+03
1.950144141088689387e-01,1.989000000000000000e+03
1.951839918602679413e-01,1.991000000000000000e+03
1.953535696116669718e-01,1.991000000000000000e+03
1.955231473630659744e-01,1.995000000000000000e+03
1.956927251144650048e-01,1.995000000000000000e+03
1.958623028658640075e-01,1.998000000000000000e+03
1.960318806172630379e-01,2.000000000000000000e+03
1.962014583686620406e-01,2.004000000000000000e+03
1.963710361200610710e-01,2.006000000000000000e+03
1.965406138714600737e-01,2.008000000000000000e+03
1.967101916228591041e-01,2.016000000000000000e+03
1.968797693742581068e-01,2.016000000000000000e+03
1.970493471256571372e-01,2.016000000000000000e+03
1.972189248770561398e-01,2.020000000000000000e+03
1.973885026284551703e-01,2.022000000000000000e+03
1.975580803798541729e-01,2.022000000000000000e+03
1.977276581312532033e-01,2.027000000000000000e+03
1.978972358826522060e-01,2.034000000000000000e+03
1.980668136340512364e-01,2.034000000000000000e+03
1.982363913854502391e-01,2.037000000000000000e+03
1.984059691368492695e-01,2.038000000000000000e+03
1.985755468882482722e-01,2.041000000000000000e+03
1.987451246396473026e-01,2.044000000000000000e+03
1.989147023910463052e-01,2.045000000000000000e+03
1.990842801424453357e-01,2.046000000000000000e+03
1.992538578938443383e-01,2.046000000000000000e+03
1.994234356452433687e-01,2.048000000000000000e+03
1.995930133966423714e-01,2.049000000000000000e+03
1.997625911480414018e-01,2.052000000000000000e+03
1.999321688994404045e-01,2.054000000000000000e+03
2.001017466508394349e-01,2.061000000000000000e+03
2.002713244022384376e-01,2.061000000000000000e+03
2.004409021536374680e-01,2.062000000000000000e+03
2.006104799050364706e-01,2.063000000000000000e+03
2.007800576564355011e-01,2.063000000000000000e+03
2.009496354078345037e-01,2.063000000000000000e+03
2.011192131592335341e-01,2.068000000000000000e+03
2.012887909106325368e-01,2.070000000000000000e+03
2.014583686620315672e-01,2.070000000000000000e+03
2.016279464134305699e-01,2.071000000000000000e+03
2.017975241648296003e-01,2.075000000000000000e+03
2.019671019162286030e-01,2.082000000000000000e+03
2.021366796676276334e-01,2.083000000000000000e+03
2.023062574190266361e-01,2.083000000000000000e+03
2.024758351704256665e-01,2.083000000000000000e+03
2.026454129218246691e-01,2.087000000000000000e+03
2.028149906732236718e-01,2.095000000000000000e+03
2.029845684246227022e-01,2.095000000000000000e+03
2.031541461760217049e-01,2.097000000000000000e+03
2.033237239274207353e-01,2.098000000000000000e+03
2.034933016788197380e-01,2.102000000000000000e+03
2.036628794302187684e-01,2.105000000000000000e+03
2.038324571816177710e-01,2.108000000000000000e+03
2.040020349330168015e-01,2.109000000000000000e+03
2.041716126844158041e-01,2.110000000000000000e+03
2.043411904358148345e-01,2.110000000000000000e+03
2.045107681872138372e-01,2.118000000000000000e+03
2.046803459386128676e-01,2.119000000000000000e+03
2.048499236900118703e-01,2.121000000000000000e+03
2.050195014414109007e-01,2.121000000000000000e+03
2.051890791928099034e-01,2.127000000000000000e+03
2.053586569442089338e-01,2.127000000000000000e+03
2.055282346956079365e-01,2.131000000000000000e+03
2.056978124470069669e-01,2.132000000000000000e+03
2.058673901984059695e-01,2.135000000000000000e+03
2.060369679498050000e-01,2.135000000000000000e+03
2.062065457012040026e-01,2.137000000000000000e+03
2.063761234526030330e-01,2.145000000000000000e+03
2.065457012040020357e-01,2.146000000000000000e+03
2.067152789554010661e-01,2.148000000000000000e+03
2.068848567068000688e-01,2.149000000000000000e+03
2.070544344581990992e-01,2.154000000000000000e+03
2.072240122095981019e-01,2.155000000000000000e+03
2.073935899609971323e-01,2.157000000000000000e+03
2.075631677123961349e-01,2.161000000000000000e+03
2.077327454637951654e-01,2.165000000000000000e+03
2.079023232151941680e-01,2.165000000000000000e+03
2.080719009665931984e-01,2.166000000000000000e+03
2.082414787179922011e-01,2.168000000000000000e+03
2.084110564693912315e-01,2.171000000000000000e+03
2.085806342207902342e-01,2.180000000000000000e+03
2.087502119721892646e-01,2.180000000000000000e+03
2.089197897235882673e-01,2.181000000000000000e+03
2.090893674749872977e-01,2.182000000000000000e+03
2.092589452263863004e-01,2.186000000000000000e+03
2.094285229777853308e-01,2.190000000000000000e+03
2.095981007291843334e-01,2.192000000000000000e+03
2.097676784805833639e-01,2.197000000000000000e+03
2.099372562319823665e-01,2.202000000000000000e+03
2.101068339833813969e-01,2.203000000000000000e+03
2.102764117347803996e-01,2.205000000000000000e+03
2.104459894861794300e-01,2.207000000000000000e+03
2.106155672375784327e-01,2.207000000000000000e+03
2.107851449889774631e-01,2.209000000000000000e+03
2.109547227403764658e-01,2.209000000000000000e+03
2.111243004917754962e-01,2.210000000000000000e+03
2.112938782431744988e-01,2.210000000000000000e+03
2.114634559945735293e-01,2.213000000000000000e+03
2.116330337459725319e-01,2.217000000000000000e+03
2.118026114973715623e-01,2.218000000000000000e+03
2.119721892487705650e-01,2.218000000000000000e+03
2.121417670001695954e-01,2.218000000000000000e+03
2.123113447515685981e-01,2.219000000000000000e+03
2.124809225029676285e-01,2.220000000000000000e+03
2.126505002543666312e-01,2.225000000000000000e+03
2.128200780057656616e-01,2.226000000000000000e+03
2.129896557571646643e-01,2.226000000000000000e+03
2.131592335085636947e-01,2.234000000000000000e+03
2.133288112599626973e-01,2.234000000000000000e+03
2.134983890113617278e-01,2.237000000000000000e+03
2.136679667627607304e-01,2.239000000000000000e+03
2.138375445141597608e-01,2.239000000000000000e+03
2.140071222655587635e-01,2.243000000000000000e+03
2.141767000169577939e-01,2.244000000000000000e+03
2.143462777683567966e-01,2.255000000000000000e+03
2.145158555197558270e-01,2.256000000000000000e+03
2.146854332711548297e-01,2.257000000000000000e+03
2.148550110225538601e-01,2.259000000000000000e+03
2.150245887739528627e-01,2.260000000000000000e+03
2.151941665253518932e-01,2.260000000000000000e+03
2.153637442767508958e-01,2.263000000000000000e+03
2.155333220281499262e-01,2.264000000000000000e+03
2.157028997795489289e-01,2.270000000000000000e+03
2.158724775309479593e-01,2.275000000000000000e+03
2.160420552823469620e-01,2.277000000000000000e+03
2.162116330337459924e-01,2.279000000000000000e+03
2.163812107851449951e-01,2.284000000000000000e+03
2.165507885365440255e-01,2.285000000000000000e+03
2.167203662879430281e-01,2.286000000000000000e+03
2.168899440393420586e-01,2.287000000000000000e+03
2.170595217907410612e-01,2.288000000000000000e+03
2.172290995421400916e-01,2.289000000000000000e+03
2.173986772935390943e-01,2.291000000000000000e+03
2.175682550449381247e-01,2.294000000000000000e+03
2.177378327963371274e-01,2.298000000000000000e+03
2.179074105477361578e-01,2.300000000000000000e+03
2.180769882991351605e-01,2.301000000000000000e+03
2.182465660505341909e-01,2.301000000000000000e+03
2.184161438019331936e-01,2.303000000000000000e+03
2.185857215533322240e-01,2.305000000000000000e+03
2.187552993047312266e-01,2.306000000000000000e+03
2.189248770561302571e-01,2.306000000000000000e+03
2.190944548075292597e-01,2.307000000000000000e+03
2.192640325589282901e-01,2.307000000000000000e+03
2.194336103103272928e-01,2.308000000000000000e+03
2.196031880617263232e-01,2.311000000000000000e+03
2.197727658131253259e-01,2.313000000000000000e+03
2.199423435645243563e-01,2.315000000000000000e+03
2.201119213159233590e-01,2.319000000000000000e+03
2.202814990673223894e-01,2.321000000000000000e+03
2.204510768187213920e-01,2.322000000000000000e+03
2.206206545701204225e-01,2.329000000000000000e+03
2.207902323215194251e-01,2.332000000000000000e+03
2.209598100729184555e-01,2.336000000000000000e+03
2.211293878243174582e-01,2.338000000000000000e+03
2.212989655757164886e-01,2.338000000000000000e+03
2.214685433271154913e-01,2.340000000000000000e+03
2.216381210785145217e-01,2.340000000000000000e+03
2.218076988299135244e-01,2.344000000000000000e+03
2.219772765813125548e-01,2.347000000000000000e+03
2.221468543327115575e-01,2.352000000000000000e+03
2.223164320841105879e-01,2.353000000000000000e+03
2.224860098355095905e-01,2.358000000000000000e+03
2.226555875869086210e-01,2.359000000000000000e+03
2.228251653383076236e-01,2.359000000000000000e+03
2.229947430897066540e-01,2.360000000000000000e+03
2.231643208411056567e-01,2.360000000000000000e+03
2.233338985925046871e-01,2.361000000000000000e+03
2.235034763439036898e-01,2.362000000000000000e+03
2.236730540953027202e-01,2.363000000000000000e+03
2.238426318467017229e-01,2.365000000000000000e+03
2.240122095981007533e-01,2.368000000000000000e+03
2.241817873494997559e-01,2.370000000000000000e+03
2.243513651008987864e-01,2.375000000000000000e+03
2.245209428522977890e-01,2.377000000000000000e+03
2.246905206036968194e-01,2.378000000000000000e+03
2.248600983550958221e-01,2.387000000000000000e+03
2.250296761064948525e-01,2.388000000000000000e+03
2.251992538578938552e-01,2.388000000000000000e+03
2.253688316092928856e-01,2.392000000000000000e+03
2.255384093606918883e-01,2.393000000000000000e+03
2.257079871120909187e-01,2.395000000000000000e+03
2.258775648634899214e-01,2.395000000000000000e+03
2.260471426148889518e-01,2.396000000000000000e+03
2.262167203662879544e-01,2.398000000000000000e+03
2.263862981176869849e-01,2.399000000000000000e+03
2.265558758690859875e-01,2.400000000000000000e+03
2.267254536204850179e-01,2.404000000000000000e+03
2.268950313718840206e-01,2.404000000000000000e+03
2.270646091232830510e-01,2.406000000000000000e+03
2.272341868746820537e-01,2.409000000000000000e+03
2.274037646260810841e-01,2.412000000000000000e+03
2.275733423774800868e-01,2.415000000000000000e+03
2.277429201288791172e-01,2.417000000000000000e+03
2.279124978802781198e-01,2.418000000000000000e+03
2.280820756316771503e-01,2.418000000000000000e+03
2.282516533830761529e-01,2.420000000000000000e+03
2.284212311344751833e-01,2.424000000000000000e+03
2.285908088858741860e-01,2.425000000000000000e+03
2.287603866372732164e-01,2.428000000000000000e+03
2.289299643886722191e-01,2.428000000000000000e+03
2.290995421400712495e-01,2.429000000000000000e+03
2.292691198914702522e-01,2.432000000000000000e+03
2.294386976428692826e-01,2.439000000000000000e+03
2.296082753942682853e-01,2.440000000000000000e+03
2.297778531456673157e-01,2.441000000000000000e+03
2.299474308970663183e-01,2.446000000000000000e+03
2.301170086484653488e-01,2.446000000000000000e+03
2.302865863998643514e-01,2.451000000000000000e+03
2.304561641512633818e-01,2.460000000000000000e+03
2.306257419026623845e-01,2.460000000000000000e+03
2.307953196540614149e-01,2.463000000000000000e+03
2.309648974054604176e-01,2.466000000000000000e+03
2.311344751568594480e-01,2.467000000000000000e+03
2.313040529082584507e-01,2.467000000000000000e+03
2.314736306596574811e-01,2.470000000000000000e+03
2.316432084110564837e-01,2.473000000000000000e+03
2.318127861624554864e-01,2.475000000000000000e+03
2.319823639138545168e-01,2.476000000000000000e+03
2.321519416652535195e-01,2.478000000000000000e+03
2.323215194166525499e-01,2.481000000000000000e+03
2.324910971680515526e-01,2.481000000000000000e+03
2.326606749194505830e-01,2.484000000000000000e+03
2.328302526708495857e-01,2.484000000000000000e+03
2.329998304222486161e-01,2.485000000000000000e+03
2.331694081736476187e-01,2.486000000000000000e+03
2.333389859250466492e-01,2.490000000000000000e+03
2.335085636764456518e-01,2.491000000000000000e+03
2.336781414278446822e-01,2.491000000000000000e+03
2.338477191792436849e-01,2.496000000000000000e+03
2.340172969306427153e-01,2.496000000000000000e+03
2.341868746820417180e-01,2.498000000000000000e+03
2.343564524334407484e-01,2.499000000000000000e+03
2.345260301848397511e-01,2.500000000000000000e+03
2.346956079362387815e-01,2.502000000000000000e+03
2.348651856876377841e-01,2.504000000000000000e+03
2.350347634390368146e-01,2.504000000000000000e+03
2.352043411904358172e-01,2.505000000000000000e+03
2.353739189418348476e-01,2.506000000000000000e+03
2.355434966932338503e-01,2.509000000000000000e+03
2.357130744446328807e-01,2.510000000000000000e+03
2.358826521960318834e-01,2.513000000000000000e+03
2.360522299474309138e-01,2.514000000000000000e+03
2.362218076988299165e-01,2.515000000000000000e+03
2.363913854502289469e-01,2.520000000000000000e+03
2.365609632016279495e-01,2.522000000000000000e+03
2.367305409530269800e-01,2.523000000000000000e+03
2.369001187044259826e-01,2.529000000000000000e+03
2.370696964558250130e-01,2.530000000000000000e+03
2.372392742072240157e-01,2.532000000000000000e+03
2.374088519586230461e-01,2.535000000000000000e+03
2.375784297100220488e-01,2.537000000000000000e+03
2.377480074614210792e-01,2.537000000000000000e+03
2.379175852128200819e-01,2.538000000000000000e+03
2.380871629642191123e-01,2.540000000000000000e+03
2.382567407156181150e-01,2.541000000000000000e+03
2.384263184670171454e-01,2.542000000000000000e+03
2.385958962184161480e-01,2.545000000000000000e+03
2.387654739698151785e-01,2.545000000000000000e+03
2.389350517212141811e-01,2.547000000000000000e+03
2.391046294726132115e-01,2.547000000000000000e+03
2.392742072240122142e-01,2.548000000000000000e+03
2.394437849754112446e-01,2.550000000000000000e+03
2.396133627268102473e-01,2.555000000000000000e+03
2.397829404782092777e-01,2.560000000000000000e+03
2.399525182296082804e-01,2.562000000000000000e+03
2.401220959810073108e-01,2.565000000000000000e+03
2.402916737324063134e-01,2.566000000000000000e+03
2.404612514838053439e-01,2.575000000000000000e+03
2.406308292352043465e-01,2.581000000000000000e+03
2.408004069866033769e-01,2.585000000000000000e+03
2.409699847380023796e-01,2.586000000000000000e+03
2.411395624894014100e-01,2.590000000000000000e+03
2.413091402408004127e-01,2.597000000000000000e+03
2.414787179921994431e-01,2.597000000000000000e+03
2.416482957435984458e-01,2.598000000000000000e+03
2.418178734949974762e-01,2.599000000000000000e+03
2.419874512463964789e-01,2.604000000000000000e+03
2.421570289977955093e-01,2.605000000000000000e+03
2.423266067491945119e-01,2.605000000000000000e+03
2.424961845005935424e-01,2.609000000000000000e+03
2.426657622519925450e-01,2.611000000000000000e+03
2.428353400033915754e-01,2.611000000000000000e+03
2.430049177547905781e-01,2.619000000000000000e+03
2.431744955061896085e-01,2.624000000000000000e+03
2.433440732575886112e-01,2.625000000000000000e+03
2.435136510089876416e-01,2.628000000000000000e+03
2.436832287603866443e-01,2.632000000000000000e+03
2.438528065117856747e-01,2.635000000000000000e+03
2.440223842631846773e-01,2.638000000000000000e+03
2.441919620145837078e-01,2.639000000000000000e+03
2.443615397659827104e-01,2.639000000000000000e+03
2.445311175173817408e-01,2.643000000000000000e+03
2.447006952687807435e-01,2.644000000000000000e+03
2.448702730201797739e-01,2.646000000000000000e+03
2.450398507715787766e-01,2.653000000000000000e+03
2.452094285229778070e-01,2.656000000000000000e+03
2.453790062743768097e-01,2.659000000000000000e+03
2.455485840257758401e-01,2.663000000000000000e+03
2.457181617771748428e-01,2.670000000000000000e+03
2.458877395285738732e-01,2.671000000000000000e+03
2.460573172799728758e-01,2.674000000000000000e+03
2.462268950313719063e-01,2.677000000000000000e+03
2.463964727827709089e-01,2.677000000000000000e+03
2.465660505341699393e-01,2.677000000000000000e+03
2.467356282855689420e-01,2.679000000000000000e+03
2.469052060369679724e-01,2.680000000000000000e+03
2.470747837883669751e-01,2.681000000000000000e+03
2.472443615397660055e-01,2.684000000000000000e+03
2.474139392911650082e-01,2.689000000000000000e+03
2.475835170425640386e-01,2.693000000000000000e+03
2.477530947939630412e-01,2.693000000000000000e+03
2.479226725453620717e-01,2.697000000000000000e+03
2.480922502967610743e-01,2.702000000000000000e+03
2.482618280481601047e-01,2.702000000000000000e+03
2.484314057995591074e-01,2.702000000000000000e+03
2.486009835509581378e-01,2.703000000000000000e+03
2.487705613023571405e-01,2.706000000000000000e+03
2.489401390537561709e-01,2.708000000000000000e+03
2.491097168051551736e-01,2.714000000000000000e+03
2.492792945565542040e-01,2.719000000000000000e+03
2.494488723079532067e-01,2.722000000000000000e+03
2.496184500593522371e-01,2.727000000000000000e+03
2.497880278107512397e-01,2.727000000000000000e+03
2.499576055621502702e-01,2.732000000000000000e+03
2.501271833135492728e-01,2.732000000000000000e+03
2.502967610649483032e-01,2.734000000000000000e+03
2.504663388163473337e-01,2.736000000000000000e+03
2.506359165677463086e-01,2.742000000000000000e+03
2.508054943191453390e-01,2.747000000000000000e+03
2.509750720705443694e-01,2.752000000000000000e+03
2.511446498219433998e-01,2.755000000000000000e+03
2.513142275733423747e-01,2.756000000000000000e+03
2.514838053247414051e-01,2.757000000000000000e+03
2.516533830761404356e-01,2.758000000000000000e+03
2.518229608275394660e-01,2.759000000000000000e+03
2.519925385789384409e-01,2.760000000000000000e+03
2.521621163303374713e-01,2.762000000000000000e+03
2.523316940817365017e-01,2.762000000000000000e+03
2.525012718331355321e-01,2.766000000000000000e+03
2.526708495845345070e-01,2.775000000000000000e+03
2.528404273359335375e-01,2.785000000000000000e+03
2.530100050873325679e-01,2.788000000000000000e+03
2.531795828387315983e-01,2.789000000000000000e+03
2.533491605901305732e-01,2.790000000000000000e+03
2.535187383415296036e-01,2.793000000000000000e+03
2.536883160929286340e-01,2.794000000000000000e+03
2.538578938443276645e-01,2.794000000000000000e+03
2.540274715957266394e-01,2.798000000000000000e+03
2.541970493471256698e-01,2.799000000000000000e+03
2.543666270985247002e-01,2.801000000000000000e+03
2.545362048499237306e-01,2.802000000000000000e+03
2.547057826013227055e-01,2.804000000000000000e+03
2.548753603527217360e-01,2.804000000000000000e+03
2.550449381041207664e-01,2.806000000000000000e+03
2.552145158555197968e-01,2.806000000000000000e+03
2.553840936069187717e-01,2.809000000000000000e+03
2.555536713583178021e-01,2.812000000000000000e+03
2.557232491097168325e-01,2.813000000000000000e+03
2.558928268611158630e-01,2.817000000000000000e+03
2.560624046125148379e-01,2.822000000000000000e+03
2.562319823639138683e-01,2.824000000000000000e+03
2.564015601153128987e-01,2.827000000000000000e+03
2.565711378667119291e-01,2.828000000000000000e+03
2.567407156181109040e-01,2.829000000000000000e+03
2.569102933695099344e-01,2.829000000000000000e+03
2.570798711209089649e-01,2.830000000000000000e+03
2.572494488723079953e-01,2.831000000000000000e+03
2.574190266237069702e-01,2.833000000000000000e+03
2.575886043751060006e-01,2.836000000000000000e+03
2.577581821265050310e-01,2.839000000000000000e+03
2.579277598779040614e-01,2.845000000000000000e+03
2.580973376293030364e-01,2.849000000000000000e+03
2.582669153807020668e-01,2.851000000000000000e+03
2.584364931321010972e-01,2.855000000000000000e+03
2.586060708835001276e-01,2.855000000000000000e+03
2.587756486348991025e-01,2.860000000000000000e+03
2.589452263862981329e-01,2.860000000000000000e+03
2.591148041376971634e-01,2.861000000000000000e+03
2.592843818890961938e-01,2.863000000000000000e+03
2.594539596404951687e-01,2.867000000000000000e+03
2.596235373918941991e-01,2.869000000000000000e+03
2.597931151432932295e-01,2.870000000000000000e+03
2.599626928946922599e-01,2.872000000000000000e+03
2.601322706460912348e-01,2.873000000000000000e+03
2.603018483974902653e-01,2.876000000000000000e+03
2.604714261488892957e-01,2.878000000000000000e+03
2.606410039002882706e-01,2.878000000000000000e+03
2.608105816516873010e-01,2.879000000000000000e+03
2.609801594030863314e-01,2.880000000000000000e+03
2.611497371544853618e-01,2.881000000000000000e+03
2.613193149058843368e-01,2.884000000000000000e+03
2.614888926572833672e-01,2.884000000000000000e+03
2.616584704086823976e-01,2.896000000000000000e+03
2.618280481600814280e-01,2.903000000000000000e+03
2.619976259114804029e-01,2.908000000000000000e+03
2.621672036628794333e-01,2.920000000000000000e+03
2.623367814142784638e-01,2.923000000000000000e+03
2.625063591656774942e-01,2.923000000000000000e+03
2.626759369170764691e-01,2.923000000000000000e+03
2.628455146684754995e-01,2.925000000000000000e+03
2.630150924198745299e-01,2.928000000000000000e+03
2.631846701712735603e-01,2.930000000000000000e+03
2.633542479226725352e-01,2.934000000000000000e+03
2.635238256740715657e-01,2.934000000000000000e+03
2.636934034254705961e-01,2.938000000000000000e+03
2.638629811768696265e-01,2.941000000000000000e+03
2.640325589282686014e-01,2.942000000000000000e+03
2.642021366796676318e-01,2.946000000000000000e+03
2.643717144310666622e-01,2.951000000000000000e+03
2.645412921824656927e-01,2.954000000000000000e+03
2.647108699338646676e-01,2.967000000000000000e+03
2.648804476852636980e-01,2.967000000000000000e+03
2.650500254366627284e-01,2.968000000000000000e+03
2.652196031880617588e-01,2.968000000000000000e+03
2.653891809394607337e-01,2.971000000000000000e+03
2.655587586908597642e-01,2.973000000000000000e+03
2.657283364422587946e-01,2.974000000000000000e+03
2.658979141936578250e-01,2.975000000000000000e+03
2.660674919450567999e-01,2.985000000000000000e+03
2.662370696964558303e-01,2.985000000000000000e+03
2.664066474478548607e-01,2.988000000000000000e+03
2.665762251992538912e-01,2.993000000000000000e+03
2.667458029506528661e-01,2.994000000000000000e+03
2.669153807020518965e-01,2.998000000000000000e+03
2.670849584534509269e-01,3.000000000000000000e+03
2.672545362048499573e-01,3.000000000000000000e+03
2.674241139562489322e-01,3.003000000000000000e+03
2.675936917076479626e-01,3.004000000000000000e+03
2.677632694590469931e-01,3.004000000000000000e+03
2.679328472104460235e-01,3.004000000000000000e+03
2.681024249618449984e-01,3.004000000000000000e+03
2.682720027132440288e-01,3.012000000000000000e+03
2.684415804646430592e-01,3.012000000000000000e+03
2.686111582160420896e-01,3.016000000000000000e+03
2.687807359674410645e-01,3.017000000000000000e+03
2.689503137188400950e-01,3.021000000000000000e+03
2.691198914702391254e-01,3.022000000000000000e+03
2.692894692216381558e-01,3.022000000000000000e+03
2.694590469730371307e-01,3.025000000000000000e+03
2.696286247244361611e-01,3.026000000000000000e+03
2.697982024758351915e-01,3.027000000000000000e+03
2.699677802272342220e-01,3.034000000000000000e+03
2.701373579786331969e-01,3.039000000000000000e+03
2.703069357300322273e-01,3.039000000000000000e+03
2.704765134814312577e-01,3.044000000000000000e+03
2.706460912328302881e-01,3.047000000000000000e+03
2.708156689842292630e-01,3.054000000000000000e+03
2.709852467356282935e-01,3.060000000000000000e+03
2.711548244870273239e-01,3.063000000000000000e+03
2.713244022384263543e-01,3.069000000000000000e+03
2.714939799898253292e-01,3.069000000000000000e+03
2.716635577412243596e-01,3.073000000000000000e+03
2.718331354926233900e-01,3.075000000000000000e+03
2.720027132440224205e-01,3.077000000000000000e+03
2.721722909954213954e-01,3.077000000000000000e+03
2.723418687468204258e-01,3.078000000000000000e+03
2.725114464982194562e-01,3.079000000000000000e+03
2.726810242496184866e-01,3.086000000000000000e+03
2.728506020010174615e-01,3.091000000000000000e+03
2.730201797524164919e-01,3.091000000000000000e+03
2.731897575038155224e-01,3.095000000000000000e+03
2.733593352552145528e-01,3.096000000000000000e+03
2.735289130066135277e-01,3.100000000000000000e+03
2.736984907580125581e-01,3.104000000000000000e+03
2.738680685094115885e-01,3.105000000000000000e+03
2.740376462608106189e-01,3.106000000000000000e+03
2.742072240122095939e-01,3.112000000000000000e+03
2.743768017636086243e-01,3.117000000000000000e+03
2.745463795150076547e-01,3.132000000000000000e+03
2.747159572664066851e-01,3.133000000000000000e+03
2.748855350178056600e-01,3.138000000000000000e+03
2.750551127692046904e-01,3.140000000000000000e+03
2.752246905206037209e-01,3.140000000000000000e+03
2.753942682720027513e-01,3.141000000000000000e+03
2.755638460234017262e-01,3.141000000000000000e+03
2.757334237748007566e-01,3.145000000000000000e+03
2.759030015261997870e-01,3.148000000000000000e+03
2.760725792775988174e-01,3.150000000000000000e+03
2.762421570289977923e-01,3.152000000000000000e+03
2.764117347803968228e-01,3.155000000000000000e+03
2.765813125317958532e-01,3.160000000000000000e+03
2.767508902831948836e-01,3.164000000000000000e+03
2.769204680345938585e-01,3.169000000000000000e+03
2.770900457859928889e-01,3.169000000000000000e+03
2.772596235373919193e-01,3.172000000000000000e+03
2.774292012887909498e-01,3.172000000000000000e+03
2.775987790401899247e-01,3.175000000000000000e+03
2.777683567915889551e-01,3.176000000000000000e+03
2.779379345429879855e-01,3.177000000000000000e+03
2.781075122943870159e-01,3.188000000000000000e+03
2.782770900457859908e-01,3.188000000000000000e+03
2.784466677971850213e-01,3.188000000000000000e+03
2.786162455485840517e-01,3.189000000000000000e+03
2.787858232999830821e-01,3.189000000000000000e+03
2.789554010513820570e-01,3.189000000000000000e+03
2.791249788027810874e-01,3.189000000000000000e+03
2.792945565541801178e-01,3.191000000000000000e+03
2.794641343055791483e-01,3.192000000000000000e+03
2.796337120569781232e-01,3.192000000000000000e+03
2.798032898083771536e-01,3.193000000000000000e+03
2.799728675597761840e-01,3.194000000000000000e+03
2.801424453111752144e-01,3.197000000000000000e+03
2.803120230625741893e-01,3.198000000000000000e+03
2.804816008139732197e-01,3.199000000000000000e+03
2.806511785653722502e-01,3.201000000000000000e+03
2.808207563167712806e-01,3.202000000000000000e+03
2.809903340681702555e-01,3.206000000000000000e+03
2.811599118195692859e-01,3.208000000000000000e+03
2.813294895709683163e-01,3.221000000000000000e+03
2.814990673223673467e-01,3.222000000000000000e+03
2.816686450737663217e-01,3.222000000000000000e+03
2.818382228251653521e-01,3.224000000000000000e+03
2.820078005765643825e-01,3.227000000000000000e+03
2.821773783279634129e-01,3.234000000000000000e+03
2.823469560793623878e-01,3.238000000000000000e+03
2.825165338307614182e-01,3.240000000000000000e+03
2.826861115821604487e-01,3.243000000000000000e+03
2.828556893335594791e-01,3.247000000000000000e+03
2.830252670849584540e-01,3.251000000000000000e+03
2.831948448363574844e-01,3.253000000000000000e+03
2.833644225877565148e-01,3.257000000000000000e+03
2.835340003391555452e-01,3.260000000000000000e+03
2.837035780905545201e-01,3.260000000000000000e+03
2.838731558419535506e-01,3.266000000000000000e+03
2.840427335933525810e-01,3.268000000000000000e+03
2.842123113447516114e-01,3.273000000000000000e+03
2.843818890961505863e-01,3.274000000000000000e+03
2.845514668475496167e-01,3.275000000000000000e+03
2.847210445989486471e-01,3.276000000000000000e+03
2.848906223503476776e-01,3.279000000000000000e+03
2.850602001017466525e-01,3.279000000000000000e+03
2.852297778531456829e-01,3.280000000000000000e+03
2.853993556045447133e-01,3.280000000000000000e+03
2.855689333559437437e-01,3.284000000000000000e+03
2.857385111073427186e-01,3.285000000000000000e+03
2.859080888587417490e-01,3.289000000000000000e+03
2.860776666101407795e-01,3.290000000000000000e+03
2.862472443615398099e-01,3.293000000000000000e+03
2.864168221129387848e-01,3.298000000000000000e+03
2.865863998643378152e-01,3.299000000000000000e+03
2.867559776157368456e-01,3.300000000000000000e+03
2.869255553671358761e-01,3.307000000000000000e+03
2.870951331185348510e-01,3.311000000000000000e+03
2.872647108699338814e-01,3.313000000000000000e+03
2.874342886213329118e-01,3.315000000000000000e+03
2.876038663727319422e-01,3.317000000000000000e+03
2.877734441241309171e-01,3.318000000000000000e+03
2.879430218755299475e-01,3.319000000000000000e+03
2.881125996269289780e-01,3.320000000000000000e+03
2.882821773783280084e-01,3.322000000000000000e+03
2.884517551297269833e-01,3.324000000000000000e+03
2.886213328811260137e-01,3.324000000000000000e+03
2.887909106325250441e-01,3.325000000000000000e+03
2.889604883839240745e-01,3.329000000000000000e+03
2.891300661353230494e-01,3.333000000000000000e+03
2.892996438867220799e-01,3.344000000000000000e+03
2.894692216381211103e-01,3.349000000000000000e+03
2.896387993895200852e-01,3.350000000000000000e+03
2.898083771409191156e-01,3.351000000000000000e+03
2.899779548923181460e-01,3.353000000000000000e+03
2.901475326437171764e-01,3.353000000000000000e+03
2.903171103951161514e-01,3.357000000000000000e+03
2.904866881465151818e-01,3.367000000000000000e+03
2.906562658979142122e-01,3.370000000000000000e+03
2.908258436493132426e-01,3.374000000000000000e+03
2.909954214007122175e-01,3.374000000000000000e+03
2.911649991521112479e-01,3.376000000000000000e+03
2.913345769035102784e-01,3.384000000000000000e+03
2.915041546549093088e-01,3.388000000000000000e+03
2.916737324063082837e-01,3.388000000000000000e+03
2.918433101577073141e-01,3.390000000000000000e+03
2.920128879091063445e-01,3.392000000000000000e+03
2.921824656605053749e-01,3.394000000000000000e+03
2.923520434119043498e-01,3.408000000000000000e+03
2.925216211633033803e-01,3.415000000000000000e+03
2.926911989147024107e-01,3.419000000000000000e+03
2.928607766661014411e-01,3.421000000000000000e+03
2.930303544175004160e-01,3.423000000000000000e+03
2.931999321688994464e-01,3.423000000000000000e+03
2.933695099202984768e-01,3.427000000000000000e+03
2.935390876716975073e-01,3.427000000000000000e+03
2.937086654230964822e-01,3.428000000000000000e+03
2.938782431744955126e-01,3.430000000000000000e+03
2.940478209258945430e-01,3.432000000000000000e+03
2.942173986772935734e-01,3.433000000000000000e+03
2.943869764286925483e-01,3.434000000000000000e+03
2.945565541800915788e-01,3.434000000000000000e+03
2.947261319314906092e-01,3.435000000000000000e+03
2.948957096828896396e-01,3.435000000000000000e+03
2.950652874342886145e-01,3.435000000000000000e+03
2.952348651856876449e-01,3.436000000000000000e+03
2.954044429370866753e-01,3.451000000000000000e+03
2.955740206884857058e-01,3.452000000000000000e+03
2.957435984398846807e-01,3.453000000000000000e+03
2.959131761912837111e-01,3.458000000000000000e+03
2.960827539426827415e-01,3.459000000000000000e+03
2.962523316940817719e-01,3.459000000000000000e+03
2.964219094454807468e-01,3.460000000000000000e+03
2.965914871968797772e-01,3.462000000000000000e+03
2.967610649482788077e-01,3.467000000000000000e+03
2.969306426996778381e-01,3.470000000000000000e+03
2.971002204510768130e-01,3.471000000000000000e+03
2.972697982024758434e-01,3.471000000000000000e+03
2.974393759538748738e-01,3.472000000000000000e+03
2.976089537052739042e-01,3.479000000000000000e+03
2.977785314566728792e-01,3.482000000000000000e+03
2.979481092080719096e-01,3.484000000000000000e+03
2.981176869594709400e-01,3.485000000000000000e+03
2.982872647108699704e-01,3.494000000000000000e+03
2.984568424622689453e-01,3.499000000000000000e+03
2.986264202136679757e-01,3.508000000000000000e+03
2.987959979650670062e-01,3.509000000000000000e+03
2.989655757164660366e-01,3.510000000000000000e+03
2.991351534678650115e-01,3.511000000000000000e+03
2.993047312192640419e-01,3.514000000000000000e+03
2.994743089706630723e-01,3.517000000000000000e+03
2.996438867220621027e-01,3.522000000000000000e+03
2.998134644734610776e-01,3.523000000000000000e+03
2.999830422248601081e-01,3.524000000000000000e+03
3.001526199762591385e-01,3.524000000000000000e+03
3.003221977276581689e-01,3.525000000000000000e+03
3.004917754790571438e-01,3.528000000000000000e+03
3.006613532304561742e-01,3.535000000000000000e+03
3.008309309818552046e-01,3.538000000000000000e+03
3.010005087332542351e-01,3.547000000000000000e+03
3.011700864846532100e-01,3.547000000000000000e+03
3.013396642360522404e-01,3.548000000000000000e+03
3.015092419874512708e-01,3.551000000000000000e+03
3.016788197388503012e-01,3.554000000000000000e+03
3.018483974902492761e-01,3.558000000000000000e+03
3.020179752416483066e-01,3.559000000000000000e+03
3.021875529930473370e-01,3.560000000000000000e+03
3.023571307444463674e-01,3.560000000000000000e+03
3.025267084958453423e-01,3.568000000000000000e+03
3.026962862472443727e-01,3.570000000000000000e+03
3.028658639986434031e-01,3.575000000000000000e+03
3.030354417500424336e-01,3.575000000000000000e+03
3.032050195014414085e-01,3.580000000000000000e+03
3.033745972528404389e-01,3.580000000000000000e+03
3.035441750042394693e-01,3.580000000000000000e+03
3.037137527556384997e-01,3.583000000000000000e+03
3.038833305070374746e-01,3.586000000000000000e+03
3.040529082584365050e-01,3.590000000000000000e+03
3.042224860098355355e-01,3.593000000000000000e+03
3.043920637612345659e-01,3.595000000000000000e+03
3.045616415126335408e-01,3.601000000000000000e+03
3.047312192640325712e-01,3.606000000000000000e+03
3.049007970154316016e-01,3.612000000000000000e+03
3.050703747668306320e-01,3.614000000000000000e+03
3.052399525182296069e-01,3.614000000000000000e+03
3.054095302696286374e-01,3.615000000000000000e+03
3.055791080210276678e-01,3.616000000000000000e+03
3.057486857724266982e-01,3.620000000000000000e+03
3.059182635238256731e-01,3.625000000000000000e+03
3.060878412752247035e-01,3.628000000000000000e+03
3.062574190266237339e-01,3.632000000000000000e+03
3.064269967780227644e-01,3.641000000000000000e+03
3.065965745294217393e-01,3.642000000000000000e+03
3.067661522808207697e-01,3.648000000000000000e+03
3.069357300322198001e-01,3.650000000000000000e+03
3.071053077836188305e-01,3.650000000000000000e+03
3.072748855350178054e-01,3.652000000000000000e+03
3.074444632864168359e-01,3.657000000000000000e+03
3.076140410378158663e-01,3.657000000000000000e+03
3.077836187892148967e-01,3.658000000000000000e+03
3.079531965406138716e-01,3.661000000000000000e+03
3.081227742920129020e-01,3.664000000000000000e+03
3.082923520434119324e-01,3.666000000000000000e+03
3.084619297948109629e-01,3.670000000000000000e+03
3.086315075462099378e-01,3.674000000000000000e+03
3.088010852976089682e-01,3.678000000000000000e+03
3.089706630490079986e-01,3.679000000000000000e+03
3.091402408004070290e-01,3.681000000000000000e+03
3.093098185518060039e-01,3.686000000000000000e+03
3.094793963032050343e-01,3.689000000000000000e+03
3.096489740546040648e-01,3.698000000000000000e+03
3.098185518060030952e-01,3.707000000000000000e+03
3.099881295574020701e-01,3.711000000000000000e+03
3.101577073088011005e-01,3.713000000000000000e+03
3.103272850602001309e-01,3.715000000000000000e+03
3.104968628115991613e-01,3.717000000000000000e+03
3.106664405629981363e-01,3.719000000000000000e+03
3.108360183143971667e-01,3.720000000000000000e+03
3.110055960657961971e-01,3.720000000000000000e+03
3.111751738171952275e-01,3.722000000000000000e+03
3.113447515685942024e-01,3.725000000000000000e+03
3.115143293199932328e-01,3.729000000000000000e+03
3.116839070713922633e-01,3.729000000000000000e+03
3.118534848227912937e-01,3.741000000000000000e+03
3.120230625741902686e-01,3.743000000000000000e+03
3.121926403255892990e-01,3.746000000000000000e+03
3.123622180769883294e-01,3.746000000000000000e+03
3.125317958283873598e-01,3.747000000000000000e+03
3.127013735797863347e-01,3.748000000000000000e+03
3.128709513311853652e-01,3.748000000000000000e+03
3.130405290825843956e-01,3.754000000000000000e+03
3.132101068339834260e-01,3.754000000000000000e+03
3.133796845853824009e-01,3.759000000000000000e+03
3.135492623367814313e-01,3.764000000000000000e+03
3.137188400881804617e-01,3.766000000000000000e+03
3.138884178395794922e-01,3.766000000000000000e+03
3.140579955909784671e-01,3.777000000000000000e+03
3.142275733423774975e-01,3.786000000000000000e+03
3.143971510937765279e-01,3.786000000000000000e+03
3.145667288451755583e-01,3.787000000000000000e+03
3.147363065965745332e-01,3.790000000000000000e+03
3.149058843479735637e-01,3.790000000000000000e+03
3.150754620993725941e-01,3.791000000000000000e+03
3.152450398507716245e-01,3.793000000000000000e+03
3.154146176021705994e-01,3.802000000000000000e+03
3.155841953535696298e-01,3.802000000000000000e+03
3.157537731049686602e-01,3.810000000000000000e+03
3.159233508563676907e-01,3.812000000000000000e+03
3.160929286077666656e-01,3.816000000000000000e+03
3.162625063591656960e-01,3.821000000000000000e+03
3.164320841105647264e-01,3.822000000000000000e+03
3.166016618619637568e-01,3.824000000000000000e+03
3.167712396133627317e-01,3.826000000000000000e+03
3.169408173647617621e-01,3.827000000000000000e+03
3.171103951161607926e-01,3.834000000000000000e+03
3.172799728675598230e-01,3.835000000000000000e+03
3.174495506189587979e-01,3.840000000000000000e+03
3.176191283703578283e-01,3.841000000000000000e+03
3.177887061217568587e-01,3.842000000000000000e+03
3.179582838731558891e-01,3.844000000000000000e+03
3.181278616245548641e-01,3.845000000000000000e+03
3.182974393759538945e-01,3.854000000000000000e+03
3.184670171273529249e-01,3.854000000000000000e+03
3.186365948787518998e-01,3.854000000000000000e+03
3.188061726301509302e-01,3.859000000000000000e+03
3.189757503815499606e-01,3.868000000000000000e+03
3.191453281329489911e-01,3.869000000000000000e+03
3.193149058843479660e-01,3.877000000000000000e+03
3.194844836357469964e-01,3.881000000000000000e+03
3.196540613871460268e-01,3.882000000000000000e+03
3.198236391385450572e-01,3.882000000000000000e+03
3.199932168899440321e-01,3.886000000000000000e+03
3.201627946413430625e-01,3.902000000000000000e+03
3.203323723927420930e-01,3.903000000000000000e+03
3.205019501441411234e-01,3.912000000000000000e+03
3.206715278955400983e-01,3.915000000000000000e+03
3.208411056469391287e-01,3.917000000000000000e+03
3.210106833983381591e-01,3.923000000000000000e+03
3.211802611497371895e-01,3.933000000000000000e+03
3.213498389011361644e-01,3.934000000000000000e+03
3.215194166525351949e-01,3.935000000000000000e+03
3.216889944039342253e-01,3.937000000000000000e+03
3.218585721553332557e-01,3.937000000000000000e+03
3.220281499067322306e-01,3.944000000000000000e+03
3.221977276581312610e-01,3.945000000000000000e+03
3.223673054095302914e-01,3.947000000000000000e+03
3.225368831609293219e-01,3.949000000000000000e+03
3.227064609123282968e-01,3.949000000000000000e+03
3.228760386637273272e-01,3.959000000000000000e+03
3.230456164151263576e-01,3.959000000000000000e+03
3.232151941665253880e-01,3.959000000000000000e+03
3.233847719179243629e-01,3.960000000000000000e+03
3.235543496693233934e-01,3.964000000000000000e+03
3.237239274207224238e-01,3.965000000000000000e+03
3.238935051721214542e-01,3.966000000000000000e+03
3.240630829235204291e-01,3.972000000000000000e+03
3.242326606749194595e-01,3.975000000000000000e+03
3.244022384263184899e-01,3.977000000000000000e+03
3.245718161777175204e-01,3.979000000000000000e+03
3.247413939291164953e-01,3.989000000000000000e+03
3.249109716805155257e-01,3.992000000000000000e+03
3.250805494319145561e-01,3.993000000000000000e+03
3.252501271833135865e-01,3.996000000000000000e+03
3.254197049347125614e-01,3.997000000000000000e+03
3.255892826861115918e-01,4.002000000000000000e+03
3.257588604375106223e-01,4.002000000000000000e+03
3.259284381889096527e-01,4.022000000000000000e+03
3.260980159403086276e-01,4.025000000000000000e+03
3.262675936917076580e-01,4.028000000000000000e+03
3.264371714431066884e-01,4.029000000000000000e+03
3.266067491945057188e-01,4.030000000000000000e+03
3.267763269459046938e-01,4.035000000000000000e+03
3.269459046973037242e-01,4.035000000000000000e+03
3.271154824487027546e-01,4.039000000000000000e+03
3.272850602001017850e-01,4.043000000000000000e+03
3.274546379515007599e-01,4.045000000000000000e+03
3.276242157028997903e-01,4.046000000000000000e+03
3.277937934542988208e-01,4.050000000000000000e+03
3.279633712056978512e-01,4.051000000000000000e+03
3.281329489570968261e-01,4.057000000000000000e+03
3.283025267084958565e-01,4.063000000000000000e+03
3.284721044598948869e-01,4.066000000000000000e+03
3.286416822112939173e-01,4.069000000000000000e+03
3.288112599626928922e-01,4.072000000000000000e+03
3.289808377140919227e-01,4.075000000000000000e+03
3.291504154654909531e-01,4.084000000000000000e+03
3.293199932168899835e-01,4.095000000000000000e+03
3.294895709682889584e-01,4.098000000000000000e+03
3.296591487196879888e-01,4.099000000000000000e+03
3.298287264710870192e-01,4.099000000000000000e+03
3.299983042224860497e-01,4.102000000000000000e+03
3.301678819738850246e-01,4.103000000000000000e+03
3.303374597252840550e-01,4.106000000000000000e+03
3.305070374766830854e-01,4.108000000000000000e+03
3.306766152280821158e-01,4.112000000000000000e+03
3.308461929794810907e-01,4.113000000000000000e+03
3.310157707308801212e-01,4.114000000000000000e+03
3.311853484822791516e-01,4.116000000000000000e+03
3.313549262336781820e-01,4.128000000000000000e+03
3.315245039850771569e-01,4.129000000000000000e+03
3.316940817364761873e-01,4.131000000000000000e+03
3.318636594878752177e-01,4.136000000000000000e+03
3.320332372392742482e-01,4.138000000000000000e+03
3.322028149906732231e-01,4.141000000000000000e+03
3.323723927420722535e-01,4.141000000000000000e+03
3.325419704934712839e-01,4.142000000000000000e+03
3.327115482448703143e-01,4.144000000000000000e+03
3.328811259962692892e-01,4.145000000000000000e+03
3.330507037476683196e-01,4.148000000000000000e+03
3.332202814990673501e-01,4.149000000000000000e+03
3.333898592504663805e-01,4.149000000000000000e+03
3.335594370018653554e-01,4.150000000000000000e+03
3.337290147532643858e-01,4.155000000000000000e+03
3.338985925046634162e-01,4.162000000000000000e+03
3.340681702560624466e-01,4.164000000000000000e+03
3.342377480074614216e-01,4.176000000000000000e+03
3.344073257588604520e-01,4.191000000000000000e+03
3.345769035102594824e-01,4.191000000000000000e+03
3.347464812616585128e-01,4.194000000000000000e+03
3.349160590130574877e-01,4.194000000000000000e+03
3.350856367644565181e-01,4.197000000000000000e+03
3.352552145158555486e-01,4.200000000000000000e+03
3.354247922672545790e-01,4.207000000000000000e+03
3.355943700186535539e-01,4.207000000000000000e+03
3.357639477700525843e-01,4.209000000000000000e+03
3.359335255214516147e-01,4.212000000000000000e+03
3.361031032728506451e-01,4.216000000000000000e+03
3.362726810242496200e-01,4.217000000000000000e+03
3.364422587756486505e-01,4.219000000000000000e+03
3.366118365270476809e-01,4.220000000000000000e+03
3.367814142784467113e-01,4.220000000000000000e+03
3.369509920298456862e-01,4.220000000000000000e+03
3.371205697812447166e-01,4.221000000000000000e+03
3.372901475326437470e-01,4.230000000000000000e+03
3.374597252840427775e-01,4.231000000000000000e+03
3.376293030354417524e-01,4.233000000000000000e+03
3.377988807868407828e-01,4.237000000000000000e+03
3.379684585382398132e-01,4.238000000000000000e+03
3.381380362896388436e-01,4.240000000000000000e+03
3.383076140410378185e-01,4.241000000000000000e+03
3.384771917924368489e-01,4.246000000000000000e+03
3.386467695438358794e-01,4.252000000000000000e+03
3.388163472952349098e-01,4.255000000000000000e+03
3.389859250466338847e-01,4.257000000000000000e+03
3.391555027980329151e-01,4.264000000000000000e+03
3.393250805494319455e-01,4.265000000000000000e+03
3.394946583008309759e-01,4.265000000000000000e+03
3.396642360522299509e-01,4.266000000000000000e+03
3.398338138036289813e-01,4.266000000000000000e+03
3.400033915550280117e-01,4.268000000000000000e+03
3.401729693064270421e-01,4.269000000000000000e+03
3.403425470578260170e-01,4.291000000000000000e+03
3.405121248092250474e-01,4.303000000000000000e+03
3.406817025606240779e-01,4.303000000000000000e+03
3.408512803120231083e-01,4.303000000000000000e+03
3.410208580634220832e-01,4.321000000000000000e+03
3.411904358148211136e-01,4.321000000000000000e+03
3.413600135662201440e-01,4.326000000000000000e+03
3.415295913176191744e-01,4.334000000000000000e+03
3.416991690690181493e-01,4.335000000000000000e+03
3.418687468204171798e-01,4.337000000000000000e+03
3.420383245718162102e-01,4.340000000000000000e+03
3.422079023232152406e-01,4.340000000000000000e+03
3.423774800746142155e-01,4.349000000000000000e+03
3.425470578260132459e-01,4.349000000000000000e+03
3.427166355774122763e-01,4.352000000000000000e+03
3.428862133288113068e-01,4.355000000000000000e+03
3.430557910802102817e-01,4.360000000000000000e+03
3.432253688316093121e-01,4.364000000000000000e+03
3.433949465830083425e-01,4.368000000000000000e+03
3.435645243344073729e-01,4.369000000000000000e+03
3.437341020858063478e-01,4.371000000000000000e+03
3.439036798372053783e-01,4.372000000000000000e+03
3.440732575886044087e-01,4.375000000000000000e+03
3.442428353400034391e-01,4.378000000000000000e+03
3.444124130914024140e-01,4.386000000000000000e+03
3.445819908428014444e-01,4.389000000000000000e+03
3.447515685942004748e-01,4.395000000000000000e+03
3.449211463455995053e-01,4.395000000000000000e+03
3.450907240969984802e-01,4.397000000000000000e+03
3.452603018483975106e-01,4.400000000000000000e+03
3.454298795997965410e-01,4.405000000000000000e+03
3.455994573511955714e-01,4.410000000000000000e+03
3.457690351025945463e-01,4.412000000000000000e+03
3.459386128539935767e-01,4.417000000000000000e+03
3.461081906053926072e-01,4.419000000000000000e+03
3.462777683567916376e-01,4.420000000000000000e+03
3.464473461081906125e-01,4.423000000000000000e+03
3.466169238595896429e-01,4.428000000000000000e+03
3.467865016109886733e-01,4.430000000000000000e+03
3.469560793623877037e-01,4.432000000000000000e+03
3.471256571137866787e-01,4.434000000000000000e+03
3.472952348651857091e-01,4.437000000000000000e+03
3.474648126165847395e-01,4.441000000000000000e+03
3.476343903679837144e-01,4.441000000000000000e+03
3.478039681193827448e-01,4.443000000000000000e+03
3.479735458707817752e-01,4.445000000000000000e+03
3.481431236221808057e-01,4.447000000000000000e+03
3.483127013735797806e-01,4.454000000000000000e+03
3.484822791249788110e-01,4.464000000000000000e+03
3.486518568763778414e-01,4.465000000000000000e+03
3.488214346277768718e-01,4.465000000000000000e+03
3.489910123791758467e-01,4.466000000000000000e+03
3.491605901305748771e-01,4.468000000000000000e+03
3.493301678819739076e-01,4.473000000000000000e+03
3.494997456333729380e-01,4.475000000000000000e+03
3.496693233847719129e-01,4.477000000000000000e+03
3.498389011361709433e-01,4.481000000000000000e+03
3.500084788875699737e-01,4.483000000000000000e+03
3.501780566389690041e-01,4.485000000000000000e+03
3.503476343903679791e-01,4.485000000000000000e+03
3.505172121417670095e-01,4.489000000000000000e+03
3.506867898931660399e-01,4.490000000000000000e+03
3.508563676445650703e-01,4.496000000000000000e+03
3.510259453959640452e-01,4.504000000000000000e+03
3.511955231473630756e-01,4.506000000000000000e+03
3.513651008987621061e-01,4.513000000000000000e+03
3.515346786501611365e-01,4.513000000000000000e+03
3.517042564015601114e-01,4.534000000000000000e+03
3.518738341529591418e-01,4.539000000000000000e+03
3.520434119043581722e-01,4.540000000000000000e+03
3.522129896557572026e-01,4.541000000000000000e+03
3.523825674071561775e-01,4.541000000000000000e+03
3.525521451585552080e-01,4.545000000000000000e+03
3.527217229099542384e-01,4.546000000000000000e+03
3.528913006613532688e-01,4.546000000000000000e+03
3.530608784127522437e-01,4.548000000000000000e+03
3.532304561641512741e-01,4.551000000000000000e+03
3.534000339155503045e-01,4.551000000000000000e+03
3.535696116669493350e-01,4.554000000000000000e+03
3.537391894183483099e-01,4.556000000000000000e+03
3.539087671697473403e-01,4.558000000000000000e+03
3.540783449211463707e-01,4.559000000000000000e+03
3.542479226725454011e-01,4.567000000000000000e+03
3.544175004239443760e-01,4.569000000000000000e+03
3.545870781753434064e-01,4.570000000000000000e+03
3.547566559267424369e-01,4.584000000000000000e+03
3.549262336781414673e-01,4.584000000000000000e+03
3.550958114295404422e-01,4.587000000000000000e+03
3.552653891809394726e-01,4.604000000000000000e+03
3.554349669323385030e-01,4.606000000000000000e+03
3.556045446837375335e-01,4.607000000000000000e+03
3.557741224351365084e-01,4.608000000000000000e+03
3.559437001865355388e-01,4.612000000000000000e+03
3.561132779379345692e-01,4.614000000000000000e+03
3.562828556893335996e-01,4.615000000000000000e+03
3.564524334407325745e-01,4.615000000000000000e+03
3.566220111921316049e-01,4.616000000000000000e+03
3.567915889435306354e-01,4.618000000000000000e+03
3.569611666949296658e-01,4.619000000000000000e+03
3.571307444463286407e-01,4.625000000000000000e+03
3.573003221977276711e-01,4.627000000000000000e+03
3.574698999491267015e-01,4.628000000000000000e+03
3.576394777005257319e-01,4.635000000000000000e+03
3.578090554519247068e-01,4.635000000000000000e+03
3.579786332033237373e-01,4.640000000000000000e+03
3.581482109547227677e-01,4.651000000000000000e+03
3.583177887061217981e-01,4.653000000000000000e+03
3.584873664575207730e-01,4.655000000000000000e+03
3.586569442089198034e-01,4.657000000000000000e+03
3.588265219603188338e-01,4.659000000000000000e+03
3.589960997117178643e-01,4.664000000000000000e+03
3.591656774631168392e-01,4.664000000000000000e+03
3.593352552145158696e-01,4.666000000000000000e+03
3.595048329659149000e-01,4.667000000000000000e+03
3.596744107173139304e-01,4.669000000000000000e+03
3.598439884687129053e-01,4.672000000000000000e+03
3.600135662201119358e-01,4.674000000000000000e+03
3.601831439715109662e-01,4.679000000000000000e+03
3.603527217229099966e-01,4.679000000000000000e+03
3.605222994743089715e-01,4.681000000000000000e+03
3.606918772257080019e-01,4.685000000000000000e+03
3.608614549771070323e-01,4.685000000000000000e+03
3.610310327285060628e-01,4.685000000000000000e+03
3.612006104799050377e-01,4.686000000000000000e+03
3.613701882313040681e-01,4.696000000000000000e+03
3.615397659827030985e-01,4.699000000000000000e+03
3.617093437341021289e-01,4.701000000000000000e+03
3.618789214855011038e-01,4.704000000000000000e+03
3.620484992369001342e-01,4.706000000000000000e+03
3.622180769882991647e-01,4.707000000000000000e+03
3.623876547396981951e-01,4.708000000000000000e+03
3.625572324910971700e-01,4.710000000000000000e+03
3.627268102424962004e-01,4.713000000000000000e+03
3.628963879938952308e-01,4.716000000000000000e+03
3.630659657452942612e-01,4.717000000000000000e+03
3.632355434966932362e-01,4.726000000000000000e+03
3.634051212480922666e-01,4.728000000000000000e+03
3.635746989994912970e-01,4.745000000000000000e+03
3.637442767508903274e-01,4.749000000000000000e+03
3.639138545022893023e-01,4.758000000000000000e+03
3.640834322536883327e-01,4.761000000000000000e+03
3.642530100050873632e-01,4.761000000000000000e+03
3.644225877564863936e-01,4.771000000000000000e+03
3.645921655078853685e-01,4.775000000000000000e+03
3.647617432592843989e-01,4.776000000000000000e+03
3.649313210106834293e-01,4.777000000000000000e+03
3.651008987620824597e-01,4.785000000000000000e+03
3.652704765134814346e-01,4.785000000000000000e+03
3.654400542648804651e-01,4.789000000000000000e+03
3.656096320162794955e-01,4.793000000000000000e+03
3.657792097676785259e-01,4.795000000000000000e+03
3.659487875190775008e-01,4.797000000000000000e+03
3.661183652704765312e-01,4.798000000000000000e+03
3.662879430218755616e-01,4.810000000000000000e+03
3.664575207732745921e-01,4.814000000000000000e+03
3.666270985246735670e-01,4.815000000000000000e+03
3.667966762760725974e-01,4.827000000000000000e+03
3.669662540274716278e-01,4.828000000000000000e+03
3.671358317788706582e-01,4.836000000000000000e+03
3.673054095302696331e-01,4.837000000000000000e+03
3.674749872816686636e-01,4.838000000000000000e+03
3.676445650330676940e-01,4.840000000000000000e+03
3.678141427844667244e-01,4.843000000000000000e+03
3.679837205358656993e-01,4.845000000000000000e+03
3.681532982872647297e-01,4.848000000000000000e+03
3.683228760386637601e-01,4.851000000000000000e+03
3.684924537900627906e-01,4.852000000000000000e+03
3.686620315414617655e-01,4.863000000000000000e+03
3.688316092928607959e-01,4.866000000000000000e+03
3.690011870442598263e-01,4.866000000000000000e+03
3.691707647956588567e-01,4.873000000000000000e+03
3.693403425470578316e-01,4.874000000000000000e+03
3.695099202984568620e-01,4.874000000000000000e+03
3.696794980498558925e-01,4.879000000000000000e+03
3.698490758012549229e-01,4.880000000000000000e+03
3.700186535526538978e-01,4.881000000000000000e+03
3.701882313040529282e-01,4.883000000000000000e+03
3.703578090554519586e-01,4.891000000000000000e+03
3.705273868068509890e-01,4.891000000000000000e+03
3.706969645582499640e-01,4.905000000000000000e+03
3.708665423096489944e-01,4.918000000000000000e+03
3.710361200610480248e-01,4.924000000000000000e+03
3.712056978124470552e-01,4.926000000000000000e+03
3.713752755638460301e-01,4.928000000000000000e+03
3.715448533152450605e-01,4.928000000000000000e+03
3.717144310666440910e-01,4.931000000000000000e+03
3.718840088180431214e-01,4.934000000000000000e+03
3.720535865694420963e-01,4.935000000000000000e+03
3.722231643208411267e-01,4.937000000000000000e+03
3.723927420722401571e-01,4.941000000000000000e+03
3.725623198236391875e-01,4.944000000000000000e+03
3.727318975750381624e-01,4.949000000000000000e+03
3.729014753264371929e-01,4.951000000000000000e+03
3.730710530778362233e-01,4.959000000000000000e+03
3.732406308292352537e-01,4.960000000000000000e+03
3.734102085806342286e-01,4.963000000000000000e+03
3.735797863320332590e-01,4.970000000000000000e+03
3.737493640834322894e-01,4.978000000000000000e+03
3.739189418348313199e-01,4.978000000000000000e+03
3.740885195862302948e-01,4.982000000000000000e+03
3.742580973376293252e-01,4.986000000000000000e+03
3.744276750890283556e-01,4.987000000000000000e+03
3.745972528404273860e-01,4.993000000000000000e+03
3.747668305918263609e-01,4.994000000000000000e+03
3.749364083432253913e-01,4.997000000000000000e+03
3.751059860946244218e-01,5.000000000000000000e+03
3.752755638460234522e-01,5.000000000000000000e+03
3.754451415974224271e-01,5.001000000000000000e+03
3.756147193488214575e-01,5.007000000000000000e+03
3.757842971002204879e-01,5.023000000000000000e+03
3.759538748516195183e-01,5.028000000000000000e+03
3.761234526030184933e-01,5.029000000000000000e+03
3.762930303544175237e-01,5.034000000000000000e+03
3.764626081058165541e-01,5.036000000000000000e+03
3.766321858572155290e-01,5.048000000000000000e+03
3.768017636086145594e-01,5.049000000000000000e+03
3.769713413600135898e-01,5.050000000000000000e+03
3.771409191114126203e-01,5.058000000000000000e+03
3.773104968628115952e-01,5.066000000000000000e+03
3.774800746142106256e-01,5.070000000000000000e+03
3.776496523656096560e-01,5.071000000000000000e+03
3.778192301170086864e-01,5.072000000000000000e+03
3.779888078684076613e-01,5.075000000000000000e+03
3.781583856198066917e-01,5.077000000000000000e+03
3.783279633712057222e-01,5.083000000000000000e+03
3.784975411226047526e-01,5.084000000000000000e+03
3.786671188740037275e-01,5.084000000000000000e+03
3.788366966254027579e-01,5.090000000000000000e+03
3.790062743768017883e-01,5.093000000000000000e+03
3.791758521282008187e-01,5.098000000000000000e+03
3.793454298795997937e-01,5.105000000000000000e+03
3.795150076309988241e-01,5.109000000000000000e+03
3.796845853823978545e-01,5.112000000000000000e+03
3.798541631337968849e-01,5.114000000000000000e+03
3.800237408851958598e-01,5.115000000000000000e+03
3.801933186365948902e-01,5.117000000000000000e+03
3.803628963879939207e-01,5.125000000000000000e+03
3.805324741393929511e-01,5.126000000000000000e+03
3.807020518907919260e-01,5.130000000000000000e+03
3.808716296421909564e-01,5.131000000000000000e+03
3.810412073935899868e-01,5.132000000000000000e+03
3.812107851449890172e-01,5.133000000000000000e+03
3.813803628963879921e-01,5.133000000000000000e+03
3.815499406477870226e-01,5.133000000000000000e+03
3.817195183991860530e-01,5.137000000000000000e+03
3.818890961505850834e-01,5.137000000000000000e+03
3.820586739019840583e-01,5.138000000000000000e+03
3.822282516533830887e-01,5.139000000000000000e+03
3.823978294047821191e-01,5.141000000000000000e+03
3.825674071561811496e-01,5.142000000000000000e+03
3.827369849075801245e-01,5.142000000000000000e+03
3.829065626589791549e-01,5.142000000000000000e+03
3.830761404103781853e-01,5.144000000000000000e+03
3.832457181617772157e-01,5.148000000000000000e+03
3.834152959131761906e-01,5.152000000000000000e+03
3.835848736645752211e-01,5.154000000000000000e+03
3.837544514159742515e-01,5.158000000000000000e+03
3.839240291673732819e-01,5.160000000000000000e+03
3.840936069187722568e-01,5.168000000000000000e+03
3.842631846701712872e-01,5.168000000000000000e+03
3.844327624215703176e-01,5.168000000000000000e+03
3.846023401729693481e-01,5.168000000000000000e+03
3.847719179243683230e-01,5.176000000000000000e+03
3.849414956757673534e-01,5.176000000000000000e+03
3.851110734271663838e-01,5.181000000000000000e+03
3.852806511785654142e-01,5.199000000000000000e+03
3.854502289299643891e-01,5.220000000000000000e+03
3.856198066813634195e-01,5.221000000000000000e+03
3.857893844327624500e-01,5.224000000000000000e+03
3.859589621841614804e-01,5.224000000000000000e+03
3.861285399355604553e-01,5.225000000000000000e+03
3.862981176869594857e-01,5.227000000000000000e+03
3.864676954383585161e-01,5.232000000000000000e+03
3.866372731897575465e-01,5.233000000000000000e+03
3.868068509411565215e-01,5.241000000000000000e+03
3.869764286925555519e-01,5.242000000000000000e+03
3.871460064439545823e-01,5.245000000000000000e+03
3.873155841953536127e-01,5.246000000000000000e+03
3.874851619467525876e-01,5.249000000000000000e+03
3.876547396981516180e-01,5.255000000000000000e+03
3.878243174495506485e-01,5.258000000000000000e+03
3.879938952009496789e-01,5.259000000000000000e+03
3.881634729523486538e-01,5.262000000000000000e+03
3.883330507037476842e-01,5.266000000000000000e+03
3.885026284551467146e-01,5.267000000000000000e+03
3.886722062065457450e-01,5.284000000000000000e+03
3.888417839579447199e-01,5.289000000000000000e+03
3.890113617093437504e-01,5.290000000000000000e+03
3.891809394607427808e-01,5.291000000000000000e+03
3.893505172121418112e-01,5.296000000000000000e+03
3.895200949635407861e-01,5.296000000000000000e+03
3.896896727149398165e-01,5.305000000000000000e+03
3.898592504663388469e-01,5.315000000000000000e+03
3.900288282177378774e-01,5.322000000000000000e+03
3.901984059691368523e-01,5.324000000000000000e+03
3.903679837205358827e-01,5.330000000000000000e+03
3.905375614719349131e-01,5.339000000000000000e+03
3.907071392233339435e-01,5.340000000000000000e+03
3.908767169747329184e-01,5.342000000000000000e+03
3.910462947261319488e-01,5.343000000000000000e+03
3.912158724775309793e-01,5.344000000000000000e+03
3.913854502289300097e-01,5.345000000000000000e+03
3.915550279803289846e-01,5.350000000000000000e+03
3.917246057317280150e-01,5.351000000000000000e+03
3.918941834831270454e-01,5.351000000000000000e+03
3.920637612345260758e-01,5.354000000000000000e+03
3.922333389859250508e-01,5.357000000000000000e+03
3.924029167373240812e-01,5.358000000000000000e+03
3.925724944887231116e-01,5.358000000000000000e+03
3.927420722401221420e-01,5.359000000000000000e+03
3.929116499915211169e-01,5.366000000000000000e+03
3.930812277429201473e-01,5.368000000000000000e+03
3.932508054943191778e-01,5.378000000000000000e+03
3.934203832457182082e-01,5.386000000000000000e+03
3.935899609971171831e-01,5.390000000000000000e+03
3.937595387485162135e-01,5.394000000000000000e+03
3.939291164999152439e-01,5.396000000000000000e+03
3.940986942513142743e-01,5.397000000000000000e+03
3.942682720027132492e-01,5.398000000000000000e+03
3.944378497541122797e-01,5.406000000000000000e+03
3.946074275055113101e-01,5.410000000000000000e+03
3.947770052569103405e-01,5.412000000000000000e+03
3.949465830083093154e-01,5.412000000000000000e+03
3.951161607597083458e-01,5.423000000000000000e+03
3.952857385111073762e-01,5.423000000000000000e+03
3.954553162625064067e-01,5.425000000000000000e+03
3.956248940139053816e-01,5.437000000000000000e+03
3.957944717653044120e-01,5.437000000000000000e+03
3.959640495167034424e-01,5.438000000000000000e+03
3.961336272681024728e-01,5.440000000000000000e+03
3.963032050195014477e-01,5.444000000000000000e+03
3.964727827709004782e-01,5.446000000000000000e+03
3.966423605222995086e-01,5.456000000000000000e+03
3.968119382736985390e-01,5.458000000000000000e+03
3.969815160250975139e-01,5.459000000000000000e+03
3.971510937764965443e-01,5.464000000000000000e+03
3.973206715278955747e-01,5.469000000000000000e+03
3.974902492792946052e-01,5.469000000000000000e+03
3.976598270306935801e-01,5.474000000000000000e+03
3.978294047820926105e-01,5.497000000000000000e+03
3.979989825334916409e-01,5.503000000000000000e+03
3.981685602848906713e-01,5.505000000000000000e+03
3.983381380362896462e-01,5.506000000000000000e+03
3.985077157876886766e-01,5.508000000000000000e+03
3.986772935390877071e-01,5.511000000000000000e+03
3.988468712904867375e-01,5.514000000000000000e+03
3.990164490418857124e-01,5.520000000000000000e+03
3.991860267932847428e-01,5.522000000000000000e+03
3.993556045446837732e-01,5.527000000000000000e+03
3.995251822960828036e-01,5.533000000000000000e+03
3.996947600474817786e-01,5.534000000000000000e+03
3.998643377988808090e-01,5.537000000000000000e+03
4.000339155502798394e-01,5.538000000000000000e+03
4.002034933016788698e-01,5.548000000000000000e+03
4.003730710530778447e-01,5.551000000000000000e+03
4.005426488044768751e-01,5.555000000000000000e+03
4.007122265558759056e-01,5.559000000000000000e+03
4.008818043072749360e-01,5.559000000000000000e+03
4.010513820586739109e-01,5.560000000000000000e+03
4.012209598100729413e-01,5.562000000000000000e+03
4.013905375614719717e-01,5.563000000000000000e+03
4.015601153128710021e-01,5.564000000000000000e+03
4.017296930642699770e-01,5.566000000000000000e+03
4.018992708156690075e-01,5.574000000000000000e+03
4.020688485670680379e-01,5.580000000000000000e+03
4.022384263184670683e-01,5.590000000000000000e+03
4.024080040698660432e-01,5.595000000000000000e+03
4.025775818212650736e-01,5.596000000000000000e+03
4.027471595726641040e-01,5.603000000000000000e+03
4.029167373240631345e-01,5.605000000000000000e+03
4.030863150754621094e-01,5.613000000000000000e+03
4.032558928268611398e-01,5.615000000000000000e+03
4.034254705782601702e-01,5.617000000000000000e+03
4.035950483296592006e-01,5.618000000000000000e+03
4.037646260810581755e-01,5.619000000000000000e+03
4.039342038324572060e-01,5.619000000000000000e+03
4.041037815838562364e-01,5.625000000000000000e+03
4.042733593352552668e-01,5.628000000000000000e+03
4.044429370866542417e-01,5.649000000000000000e+03
4.046125148380532721e-01,5.650000000000000000e+03
4.047820925894523025e-01,5.651000000000000000e+03
4.049516703408513330e-01,5.651000000000000000e+03
4.051212480922503079e-01,5.653000000000000000e+03
4.052908258436493383e-01,5.657000000000000000e+03
4.054604035950483687e-01,5.658000000000000000e+03
4.056299813464473436e-01,5.660000000000000000e+03
4.057995590978463740e-01,5.673000000000000000e+03
4.059691368492454044e-01,5.680000000000000000e+03
4.061387146006444349e-01,5.687000000000000000e+03
4.063082923520434098e-01,5.698000000000000000e+03
4.064778701034424402e-01,5.706000000000000000e+03
4.066474478548414706e-01,5.710000000000000000e+03
4.068170256062405010e-01,5.710000000000000000e+03
4.069866033576394759e-01,5.713000000000000000e+03
4.071561811090385063e-01,5.715000000000000000e+03
4.073257588604375368e-01,5.718000000000000000e+03
4.074953366118365672e-01,5.722000000000000000e+03
4.076649143632355421e-01,5.727000000000000000e+03
4.078344921146345725e-01,5.731000000000000000e+03
4.080040698660336029e-01,5.734000000000000000e+03
4.081736476174326333e-01,5.741000000000000000e+03
4.083432253688316083e-01,5.742000000000000000e+03
4.085128031202306387e-01,5.743000000000000000e+03
4.086823808716296691e-01,5.755000000000000000e+03
4.088519586230286995e-01,5.761000000000000000e+03
4.090215363744276744e-01,5.776000000000000000e+03
4.091911141258267048e-01,5.781000000000000000e+03
4.093606918772257353e-01,5.781000000000000000e+03
4.095302696286247657e-01,5.781000000000000000e+03
4.096998473800237406e-01,5.783000000000000000e+03
4.098694251314227710e-01,5.787000000000000000e+03
4.100390028828218014e-01,5.789000000000000000e+03
4.102085806342208318e-01,5.804000000000000000e+03
4.103781583856198067e-01,5.817000000000000000e+03
4.105477361370188372e-01,5.818000000000000000e+03
4.107173138884178676e-01,5.825000000000000000e+03
4.108868916398168980e-01,5.837000000000000000e+03
4.110564693912158729e-01,5.840000000000000000e+03
4.112260471426149033e-01,5.843000000000000000e+03
4.113956248940139337e-01,5.850000000000000000e+03
4.115652026454129642e-01,5.852000000000000000e+03
4.117347803968119391e-01,5.857000000000000000e+03
4.119043581482109695e-01,5.858000000000000000e+03
4.120739358996099999e-01,5.868000000000000000e+03
4.122435136510090303e-01,5.872000000000000000e+03
4.124130914024080052e-01,5.873000000000000000e+03
4.125826691538070357e-01,5.874000000000000000e+03
4.127522469052060661e-01,5.874000000000000000e+03
4.129218246566050965e-01,5.875000000000000000e+03
4.130914024080040714e-01,5.880000000000000000e+03
4.132609801594031018e-01,5.883000000000000000e+03
4.134305579108021322e-01,5.883000000000000000e+03
4.136001356622011627e-01,5.884000000000000000e+03
4.137697134136001376e-01,5.890000000000000000e+03
4.139392911649991680e-01,5.891000000000000000e+03
4.141088689163981984e-01,5.894000000000000000e+03
4.142784466677972288e-01,5.896000000000000000e+03
4.144480244191962037e-01,5.899000000000000000e+03
4.146176021705952341e-01,5.904000000000000000e+03
4.147871799219942646e-01,5.906000000000000000e+03
4.149567576733932950e-01,5.921000000000000000e+03
4.151263354247922699e-01,5.922000000000000000e+03
4.152959131761913003e-01,5.924000000000000000e+03
4.154654909275903307e-01,5.939000000000000000e+03
4.156350686789893611e-01,5.941000000000000000e+03
4.158046464303883361e-01,5.944000000000000000e+03
4.159742241817873665e-01,5.944000000000000000e+03
4.161438019331863969e-01,5.948000000000000000e+03
4.163133796845854273e-01,5.951000000000000000e+03
4.164829574359844022e-01,5.956000000000000000e+03
4.166525351873834326e-01,5.959000000000000000e+03
4.168221129387824631e-01,5.964000000000000000e+03
4.169916906901814935e-01,5.971000000000000000e+03
4.171612684415804684e-01,5.975000000000000000e+03
4.173308461929794988e-01,5.978000000000000000e+03
4.175004239443785292e-01,5.983000000000000000e+03
4.176700016957775596e-01,5.990000000000000000e+03
4.178395794471765345e-01,5.992000000000000000e+03
4.180091571985755650e-01,5.994000000000000000e+03
4.181787349499745954e-01,5.999000000000000000e+03
4.183483127013736258e-01,6.000000000000000000e+03
4.185178904527726007e-01,6.008000000000000000e+03
4.186874682041716311e-01,6.016000000000000000e+03
4.188570459555706615e-01,6.017000000000000000e+03
4.190266237069696920e-01,6.018000000000000000e+03
4.191962014583686669e-01,6.028000000000000000e+03
4.193657792097676973e-01,6.032000000000000000e+03
4.195353569611667277e-01,6.035000000000000000e+03
4.197049347125657581e-01,6.036000000000000000e+03
4.198745124639647330e-01,6.038000000000000000e+03
4.200440902153637635e-01,6.039000000000000000e+03
4.202136679667627939e-01,6.043000000000000000e+03
4.203832457181618243e-01,6.056000000000000000e+03
4.205528234695607992e-01,6.060000000000000000e+03
4.207224012209598296e-01,6.080000000000000000e+03
4.208919789723588600e-01,6.082000000000000000e+03
4.210615567237578905e-01,6.084000000000000000e+03
4.212311344751568654e-01,6.086000000000000000e+03
4.214007122265558958e-01,6.088000000000000000e+03
4.215702899779549262e-01,6.090000000000000000e+03
4.217398677293539566e-01,6.090000000000000000e+03
4.219094454807529315e-01,6.091000000000000000e+03
4.220790232321519619e-01,6.093000000000000000e+03
4.222486009835509924e-01,6.095000000000000000e+03
4.224181787349500228e-01,6.099000000000000000e+03
4.225877564863489977e-01,6.100000000000000000e+03
4.227573342377480281e-01,6.104000000000000000e+03
4.229269119891470585e-01,6.113000000000000000e+03
4.230964897405460889e-01,6.114000000000000000e+03
4.232660674919450638e-01,6.115000000000000000e+03
4.234356452433440943e-01,6.120000000000000000e+03
4.236052229947431247e-01,6.122000000000000000e+03
4.237748007461421551e-01,6.128000000000000000e+03
4.239443784975411300e-01,6.130000000000000000e+03
4.241139562489401604e-01,6.133000000000000000e+03
4.242835340003391909e-01,6.137000000000000000e+03
4.244531117517382213e-01,6.140000000000000000e+03
4.246226895031371962e-01,6.142000000000000000e+03
4.247922672545362266e-01,6.144000000000000000e+03
4.249618450059352570e-01,6.147000000000000000e+03
4.251314227573342874e-01,6.153000000000000000e+03
4.253010005087332623e-01,6.160000000000000000e+03
4.254705782601322928e-01,6.162000000000000000e+03
4.256401560115313232e-01,6.164000000000000000e+03
4.258097337629303536e-01,6.164000000000000000e+03
4.259793115143293285e-01,6.165000000000000000e+03
4.261488892657283589e-01,6.170000000000000000e+03
4.263184670171273893e-01,6.181000000000000000e+03
4.264880447685264198e-01,6.181000000000000000e+03
4.266576225199253947e-01,6.183000000000000000e+03
4.268272002713244251e-01,6.190000000000000000e+03
4.269967780227234555e-01,6.191000000000000000e+03
4.271663557741224859e-01,6.195000000000000000e+03
4.273359335255214608e-01,6.199000000000000000e+03
4.275055112769204912e-01,6.203000000000000000e+03
4.276750890283195217e-01,6.205000000000000000e+03
4.278446667797185521e-01,6.206000000000000000e+03
4.280142445311175270e-01,6.211000000000000000e+03
4.281838222825165574e-01,6.213000000000000000e+03
4.283534000339155878e-01,6.214000000000000000e+03
4.285229777853146182e-01,6.217000000000000000e+03
4.286925555367135932e-01,6.221000000000000000e+03
4.288621332881126236e-01,6.223000000000000000e+03
4.290317110395116540e-01,6.249000000000000000e+03
4.292012887909106844e-01,6.252000000000000000e+03
4.293708665423096593e-01,6.255000000000000000e+03
4.295404442937086897e-01,6.258000000000000000e+03
4.297100220451077202e-01,6.258000000000000000e+03
4.298795997965067506e-01,6.263000000000000000e+03
4.300491775479057255e-01,6.272000000000000000e+03
4.302187552993047559e-01,6.281000000000000000e+03
4.303883330507037863e-01,6.290000000000000000e+03
4.305579108021028167e-01,6.298000000000000000e+03
4.307274885535017916e-01,6.306000000000000000e+03
4.308970663049008221e-01,6.307000000000000000e+03
4.310666440562998525e-01,6.311000000000000000e+03
4.312362218076988829e-01,6.316000000000000000e+03
4.314057995590978578e-01,6.318000000000000000e+03
4.315753773104968882e-01,6.321000000000000000e+03
4.317449550618959186e-01,6.328000000000000000e+03
4.319145328132949491e-01,6.332000000000000000e+03
4.320841105646939240e-01,6.339000000000000000e+03
4.322536883160929544e-01,6.339000000000000000e+03
4.324232660674919848e-01,6.363000000000000000e+03
4.325928438188910152e-01,6.375000000000000000e+03
4.327624215702899901e-01,6.386000000000000000e+03
4.329319993216890206e-01,6.387000000000000000e+03
4.331015770730880510e-01,6.397000000000000000e+03
4.332711548244870814e-01,6.400000000000000000e+03
4.334407325758860563e-01,6.409000000000000000e+03
4.336103103272850867e-01,6.410000000000000000e+03
4.337798880786841171e-01,6.420000000000000000e+03
4.339494658300831476e-01,6.425000000000000000e+03
4.341190435814821225e-01,6.429000000000000000e+03
4.342886213328811529e-01,6.432000000000000000e+03
4.344581990842801833e-01,6.434000000000000000e+03
4.346277768356791582e-01,6.442000000000000000e+03
4.347973545870781886e-01,6.458000000000000000e+03
4.349669323384772190e-01,6.458000000000000000e+03
4.351365100898762495e-01,6.461000000000000000e+03
4.353060878412752244e-01,6.491000000000000000e+03
4.354756655926742548e-01,6.503000000000000000e+03
4.356452433440732852e-01,6.504000000000000000e+03
4.358148210954723156e-01,6.506000000000000000e+03
4.359843988468712905e-01,6.508000000000000000e+03
4.361539765982703210e-01,6.512000000000000000e+03
4.363235543496693514e-01,6.534000000000000000e+03
4.364931321010683818e-01,6.534000000000000000e+03
4.366627098524673567e-01,6.535000000000000000e+03
4.368322876038663871e-01,6.540000000000000000e+03
4.370018653552654175e-01,6.550000000000000000e+03
4.371714431066644480e-01,6.553000000000000000e+03
4.373410208580634229e-01,6.555000000000000000e+03
4.375105986094624533e-01,6.557000000000000000e+03
4.376801763608614837e-01,6.561000000000000000e+03
4.378497541122605141e-01,6.562000000000000000e+03
4.380193318636594890e-01,6.565000000000000000e+03
4.381889096150585194e-01,6.567000000000000000e+03
4.383584873664575499e-01,6.588000000000000000e+03
4.385280651178565803e-01,6.589000000000000000e+03
4.386976428692555552e-01,6.600000000000000000e+03
4.388672206206545856e-01,6.603000000000000000e+03
4.390367983720536160e-01,6.604000000000000000e+03
4.392063761234526464e-01,6.616000000000000000e+03
4.393759538748516214e-01,6.627000000000000000e+03
4.395455316262506518e-01,6.630000000000000000e+03
4.397151093776496822e-01,6.631000000000000000e+03
4.398846871290487126e-01,6.636000000000000000e+03
4.400542648804476875e-01,6.637000000000000000e+03
4.402238426318467179e-01,6.639000000000000000e+03
4.403934203832457484e-01,6.644000000000000000e+03
4.405629981346447788e-01,6.650000000000000000e+03
4.407325758860437537e-01,6.654000000000000000e+03
4.409021536374427841e-01,6.660000000000000000e+03
4.410717313888418145e-01,6.668000000000000000e+03
4.412413091402408449e-01,6.677000000000000000e+03
4.414108868916398198e-01,6.678000000000000000e+03
4.415804646430388503e-01,6.679000000000000000e+03
4.417500423944378807e-01,6.688000000000000000e+03
4.419196201458369111e-01,6.692000000000000000e+03
4.420891978972358860e-01,6.693000000000000000e+03
4.422587756486349164e-01,6.694000000000000000e+03
4.424283534000339468e-01,6.695000000000000000e+03
4.425979311514329773e-01,6.696000000000000000e+03
4.427675089028319522e-01,6.710000000000000000e+03
4.429370866542309826e-01,6.710000000000000000e+03
4.431066644056300130e-01,6.714000000000000000e+03
4.432762421570290434e-01,6.728000000000000000e+03
4.434458199084280183e-01,6.728000000000000000e+03
4.436153976598270487e-01,6.729000000000000000e+03
4.437849754112260792e-01,6.739000000000000000e+03
4.439545531626251096e-01,6.740000000000000000e+03
4.441241309140240845e-01,6.744000000000000000e+03
4.442937086654231149e-01,6.750000000000000000e+03
4.444632864168221453e-01,6.752000000000000000e+03
4.446328641682211757e-01,6.760000000000000000e+03
4.448024419196201507e-01,6.760000000000000000e+03
4.449720196710191811e-01,6.764000000000000000e+03
4.451415974224182115e-01,6.773000000000000000e+03
4.453111751738172419e-01,6.780000000000000000e+03
4.454807529252162168e-01,6.793000000000000000e+03
4.456503306766152472e-01,6.796000000000000000e+03
4.458199084280142777e-01,6.797000000000000000e+03
4.459894861794133081e-01,6.799000000000000000e+03
4.461590639308122830e-01,6.804000000000000000e+03
4.463286416822113134e-01,6.807000000000000000e+03
4.464982194336103438e-01,6.819000000000000000e+03
4.466677971850093742e-01,6.824000000000000000e+03
4.468373749364083491e-01,6.828000000000000000e+03
4.470069526878073796e-01,6.833000000000000000e+03
4.471765304392064100e-01,6.838000000000000000e+03
4.473461081906054404e-01,6.845000000000000000e+03
4.475156859420044153e-01,6.846000000000000000e+03
4.476852636934034457e-01,6.850000000000000000e+03
4.478548414448024761e-01,6.854000000000000000e+03
4.480244191962015066e-01,6.857000000000000000e+03
4.481939969476004815e-01,6.865000000000000000e+03
4.483635746989995119e-01,6.871000000000000000e+03
4.485331524503985423e-01,6.875000000000000000e+03
4.487027302017975727e-01,6.876000000000000000e+03
4.488723079531965476e-01,6.877000000000000000e+03
4.490418857045955781e-01,6.878000000000000000e+03
4.492114634559946085e-01,6.879000000000000000e+03
4.493810412073936389e-01,6.884000000000000000e+03
4.495506189587926138e-01,6.889000000000000000e+03
4.497201967101916442e-01,6.901000000000000000e+03
4.498897744615906746e-01,6.915000000000000000e+03
4.500593522129897051e-01,6.921000000000000000e+03
4.502289299643886800e-01,6.923000000000000000e+03
4.503985077157877104e-01,6.931000000000000000e+03
4.505680854671867408e-01,6.934000000000000000e+03
4.507376632185857712e-01,6.939000000000000000e+03
4.509072409699847461e-01,6.940000000000000000e+03
4.510768187213837765e-01,6.945000000000000000e+03
4.512463964727828070e-01,6.948000000000000000e+03
4.514159742241818374e-01,6.956000000000000000e+03
4.515855519755808123e-01,6.961000000000000000e+03
4.517551297269798427e-01,6.961000000000000000e+03
4.519247074783788731e-01,6.966000000000000000e+03
4.520942852297779035e-01,6.974000000000000000e+03
4.522638629811768785e-01,6.975000000000000000e+03
4.524334407325759089e-01,7.000000000000000000e+03
4.526030184839749393e-01,7.004000000000000000e+03
4.527725962353739697e-01,7.019000000000000000e+03
4.529421739867729446e-01,7.019000000000000000e+03
4.531117517381719750e-01,7.019000000000000000e+03
4.532813294895710055e-01,7.019000000000000000e+03
4.534509072409700359e-01,7.022000000000000000e+03
4.536204849923690108e-01,7.026000000000000000e+03
4.537900627437680412e-01,7.027000000000000000e+03
4.539596404951670716e-01,7.028000000000000000e+03
4.541292182465661020e-01,7.029000000000000000e+03
4.542987959979650769e-01,7.036000000000000000e+03
4.544683737493641074e-01,7.040000000000000000e+03
4.546379515007631378e-01,7.048000000000000000e+03
4.548075292521621682e-01,7.054000000000000000e+03
4.549771070035611431e-01,7.060000000000000000e+03
4.551466847549601735e-01,7.069000000000000000e+03
4.553162625063592039e-01,7.069000000000000000e+03
4.554858402577582344e-01,7.074000000000000000e+03
4.556554180091572093e-01,7.082000000000000000e+03
4.558249957605562397e-01,7.089000000000000000e+03
4.559945735119552701e-01,7.090000000000000000e+03
4.561641512633543005e-01,7.104000000000000000e+03
4.563337290147532754e-01,7.105000000000000000e+03
4.565033067661523059e-01,7.107000000000000000e+03
4.566728845175513363e-01,7.107000000000000000e+03
4.568424622689503667e-01,7.109000000000000000e+03
4.570120400203493416e-01,7.110000000000000000e+03
4.571816177717483720e-01,7.114000000000000000e+03
4.573511955231474024e-01,7.115000000000000000e+03
4.575207732745464329e-01,7.120000000000000000e+03
4.576903510259454078e-01,7.120000000000000000e+03
4.578599287773444382e-01,7.128000000000000000e+03
4.580295065287434686e-01,7.136000000000000000e+03
4.581990842801424990e-01,7.142000000000000000e+03
4.583686620315414739e-01,7.147000000000000000e+03
4.585382397829405043e-01,7.156000000000000000e+03
4.587078175343395348e-01,7.156000000000000000e+03
4.588773952857385652e-01,7.158000000000000000e+03
4.590469730371375401e-01,7.166000000000000000e+03
4.592165507885365705e-01,7.172000000000000000e+03
4.593861285399356009e-01,7.173000000000000000e+03
4.595557062913346313e-01,7.175000000000000000e+03
4.597252840427336062e-01,7.183000000000000000e+03
4.598948617941326367e-01,7.199000000000000000e+03
4.600644395455316671e-01,7.202000000000000000e+03
4.602340172969306975e-01,7.207000000000000000e+03
4.604035950483296724e-01,7.207000000000000000e+03
4.605731727997287028e-01,7.207000000000000000e+03
4.607427505511277332e-01,7.208000000000000000e+03
4.609123283025267637e-01,7.210000000000000000e+03
4.610819060539257386e-01,7.216000000000000000e+03
4.612514838053247690e-01,7.223000000000000000e+03
4.614210615567237994e-01,7.229000000000000000e+03
4.615906393081228298e-01,7.230000000000000000e+03
4.617602170595218047e-01,7.235000000000000000e+03
4.619297948109208352e-01,7.237000000000000000e+03
4.620993725623198656e-01,7.238000000000000000e+03
4.622689503137188960e-01,7.242000000000000000e+03
4.624385280651178709e-01,7.253000000000000000e+03
4.626081058165169013e-01,7.254000000000000000e+03
4.627776835679159317e-01,7.258000000000000000e+03
4.629472613193149622e-01,7.258000000000000000e+03
4.631168390707139371e-01,7.268000000000000000e+03
4.632864168221129675e-01,7.275000000000000000e+03
4.634559945735119979e-01,7.279000000000000000e+03
4.636255723249109728e-01,7.297000000000000000e+03
4.637951500763100032e-01,7.305000000000000000e+03
4.639647278277090336e-01,7.307000000000000000e+03
4.641343055791080641e-01,7.316000000000000000e+03
4.643038833305070390e-01,7.318000000000000000e+03
4.644734610819060694e-01,7.325000000000000000e+03
4.646430388333050998e-01,7.336000000000000000e+03
4.648126165847041302e-01,7.339000000000000000e+03
4.649821943361031051e-01,7.352000000000000000e+03
4.651517720875021356e-01,7.357000000000000000e+03
4.653213498389011660e-01,7.369000000000000000e+03
4.654909275903001964e-01,7.378000000000000000e+03
4.656605053416991713e-01,7.381000000000000000e+03
4.658300830930982017e-01,7.387000000000000000e+03
4.659996608444972321e-01,7.395000000000000000e+03
4.661692385958962626e-01,7.410000000000000000e+03
4.663388163472952375e-01,7.425000000000000000e+03
4.665083940986942679e-01,7.426000000000000000e+03
4.666779718500932983e-01,7.431000000000000000e+03
4.668475496014923287e-01,7.433000000000000000e+03
4.670171273528913036e-01,7.437000000000000000e+03
4.671867051042903340e-01,7.438000000000000000e+03
4.673562828556893645e-01,7.443000000000000000e+03
4.675258606070883949e-01,7.443000000000000000e+03
4.676954383584873698e-01,7.445000000000000000e+03
4.678650161098864002e-01,7.447000000000000000e+03
4.680345938612854306e-01,7.453000000000000000e+03
4.682041716126844610e-01,7.454000000000000000e+03
4.683737493640834360e-01,7.455000000000000000e+03
4.685433271154824664e-01,7.457000000000000000e+03
4.687129048668814968e-01,7.470000000000000000e+03
4.688824826182805272e-01,7.472000000000000000e+03
4.690520603696795021e-01,7.472000000000000000e+03
4.692216381210785325e-01,7.473000000000000000e+03
4.693912158724775630e-01,7.473000000000000000e+03
4.695607936238765934e-01,7.474000000000000000e+03
4.697303713752755683e-01,7.474000000000000000e+03
4.698999491266745987e-01,7.484000000000000000e+03
4.700695268780736291e-01,7.488000000000000000e+03
4.702391046294726595e-01,7.514000000000000000e+03
4.704086823808716344e-01,7.523000000000000000e+03
4.705782601322706649e-01,7.529000000000000000e+03
4.707478378836696953e-01,7.530000000000000000e+03
4.709174156350687257e-01,7.531000000000000000e+03
4.710869933864677006e-01,7.532000000000000000e+03
4.712565711378667310e-01,7.538000000000000000e+03
4.714261488892657614e-01,7.541000000000000000e+03
4.715957266406647919e-01,7.554000000000000000e+03
4.717653043920637668e-01,7.558000000000000000e+03
4.719348821434627972e-01,7.560000000000000000e+03
4.721044598948618276e-01,7.569000000000000000e+03
4.722740376462608580e-01,7.569000000000000000e+03
4.724436153976598329e-01,7.570000000000000000e+03
4.726131931490588634e-01,7.571000000000000000e+03
4.727827709004578938e-01,7.576000000000000000e+03
4.729523486518569242e-01,7.576000000000000000e+03
4.731219264032558991e-01,7.587000000000000000e+03
4.732915041546549295e-01,7.591000000000000000e+03
4.734610819060539599e-01,7.593000000000000000e+03
4.736306596574529904e-01,7.597000000000000000e+03
4.738002374088519653e-01,7.600000000000000000e+03
4.739698151602509957e-01,7.601000000000000000e+03
4.741393929116500261e-01,7.618000000000000000e+03
4.743089706630490565e-01,7.622000000000000000e+03
4.744785484144480314e-01,7.623000000000000000e+03
4.746481261658470618e-01,7.627000000000000000e+03
4.748177039172460923e-01,7.635000000000000000e+03
4.749872816686451227e-01,7.641000000000000000e+03
4.751568594200440976e-01,7.651000000000000000e+03
4.753264371714431280e-01,7.661000000000000000e+03
4.754960149228421584e-01,7.662000000000000000e+03
4.756655926742411888e-01,7.662000000000000000e+03
4.758351704256401637e-01,7.671000000000000000e+03
4.760047481770391942e-01,7.673000000000000000e+03
4.761743259284382246e-01,7.686000000000000000e+03
4.763439036798372550e-01,7.688000000000000000e+03
4.765134814312362299e-01,7.690000000000000000e+03
4.766830591826352603e-01,7.695000000000000000e+03
4.768526369340342907e-01,7.695000000000000000e+03
4.770222146854333212e-01,7.708000000000000000e+03
4.771917924368322961e-01,7.710000000000000000e+03
4.773613701882313265e-01,7.711000000000000000e+03
4.775309479396303569e-01,7.726000000000000000e+03
4.777005256910293873e-01,7.727000000000000000e+03
4.778701034424283622e-01,7.733000000000000000e+03
4.780396811938273927e-01,7.734000000000000000e+03
4.782092589452264231e-01,7.737000000000000000e+03
4.783788366966254535e-01,7.739000000000000000e+03
4.785484144480244284e-01,7.748000000000000000e+03
4.787179921994234588e-01,7.758000000000000000e+03
4.788875699508224892e-01,7.763000000000000000e+03
4.790571477022215197e-01,7.765000000000000000e+03
4.792267254536204946e-01,7.767000000000000000e+03
4.793963032050195250e-01,7.773000000000000000e+03
4.795658809564185554e-01,7.786000000000000000e+03
4.797354587078175858e-01,7.789000000000000000e+03
4.799050364592165607e-01,7.796000000000000000e+03
4.800746142106155911e-01,7.798000000000000000e+03
4.802441919620146216e-01,7.821000000000000000e+03
4.804137697134136520e-01,7.832000000000000000e+03
4.805833474648126269e-01,7.833000000000000000e+03
4.807529252162116573e-01,7.857000000000000000e+03
4.809225029676106877e-01,7.864000000000000000e+03
4.810920807190097181e-01,7.873000000000000000e+03
4.812616584704086931e-01,7.876000000000000000e+03
4.814312362218077235e-01,7.881000000000000000e+03
4.816008139732067539e-01,7.886000000000000000e+03
4.817703917246057843e-01,7.899000000000000000e+03
4.819399694760047592e-01,7.902000000000000000e+03
4.821095472274037896e-01,7.905000000000000000e+03
4.822791249788028201e-01,7.909000000000000000e+03
4.824487027302018505e-01,7.911000000000000000e+03
4.826182804816008254e-01,7.912000000000000000e+03
4.827878582329998558e-01,7.933000000000000000e+03
4.829574359843988862e-01,7.942000000000000000e+03
4.831270137357979166e-01,7.946000000000000000e+03
4.832965914871968915e-01,7.946000000000000000e+03
4.834661692385959220e-01,7.947000000000000000e+03
4.836357469899949524e-01,7.949000000000000000e+03
4.838053247413939828e-01,7.951000000000000000e+03
4.839749024927929577e-01,7.951000000000000000e+03
4.841444802441919881e-01,7.955000000000000000e+03
4.843140579955910185e-01,7.956000000000000000e+03
4.844836357469900490e-01,7.957000000000000000e+03
4.846532134983890239e-01,7.961000000000000000e+03
4.848227912497880543e-01,7.962000000000000000e+03
4.849923690011870847e-01,7.964000000000000000e+03
4.851619467525861151e-01,7.976000000000000000e+03
4.853315245039850900e-01,7.977000000000000000e+03
4.855011022553841205e-01,7.981000000000000000e+03
4.856706800067831509e-01,7.981000000000000000e+03
4.858402577581821813e-01,7.983000000000000000e+03
4.860098355095811562e-01,7.993000000000000000e+03
4.861794132609801866e-01,7.997000000000000000e+03
4.863489910123792170e-01,8.002000000000000000e+03
4.865185687637782475e-01,8.012000000000000000e+03
4.866881465151772224e-01,8.016000000000000000e+03
4.868577242665762528e-01,8.016000000000000000e+03
4.870273020179752832e-01,8.028000000000000000e+03
4.871968797693743136e-01,8.040000000000000000e+03
4.873664575207732885e-01,8.050000000000000000e+03
4.875360352721723189e-01,8.054000000000000000e+03
4.877056130235713494e-01,8.058000000000000000e+03
4.878751907749703798e-01,8.061000000000000000e+03
4.880447685263693547e-01,8.077000000000000000e+03
4.882143462777683851e-01,8.088000000000000000e+03
4.883839240291674155e-01,8.088000000000000000e+03
4.885535017805664459e-01,8.090000000000000000e+03
4.887230795319654209e-01,8.092000000000000000e+03
4.888926572833644513e-01,8.092000000000000000e+03
4.890622350347634817e-01,8.093000000000000000e+03
4.892318127861625121e-01,8.094000000000000000e+03
4.894013905375614870e-01,8.104000000000000000e+03
4.895709682889605174e-01,8.106000000000000000e+03
4.897405460403595479e-01,8.112000000000000000e+03
4.899101237917585783e-01,8.113000000000000000e+03
4.900797015431575532e-01,8.114000000000000000e+03
4.902492792945565836e-01,8.124000000000000000e+03
4.904188570459556140e-01,8.145000000000000000e+03
4.905884347973546444e-01,8.152000000000000000e+03
4.907580125487536193e-01,8.162000000000000000e+03
4.909275903001526498e-01,8.164000000000000000e+03
4.910971680515516802e-01,8.167000000000000000e+03
4.912667458029507106e-01,8.167000000000000000e+03
4.914363235543496855e-01,8.173000000000000000e+03
4.916059013057487159e-01,8.173000000000000000e+03
4.917754790571477463e-01,8.191000000000000000e+03
4.919450568085467768e-01,8.192000000000000000e+03
4.921146345599457517e-01,8.201000000000000000e+03
4.922842123113447821e-01,8.206000000000000000e+03
4.924537900627438125e-01,8.214000000000000000e+03
4.926233678141427874e-01,8.214000000000000000e+03
4.927929455655418178e-01,8.218000000000000000e+03
4.929625233169408483e-01,8.218000000000000000e+03
4.931321010683398787e-01,8.218000000000000000e+03
4.933016788197388536e-01,8.218000000000000000e+03
4.934712565711378840e-01,8.226000000000000000e+03
4.936408343225369144e-01,8.249000000000000000e+03
4.938104120739359448e-01,8.283000000000000000e+03
4.939799898253349197e-01,8.283000000000000000e+03
4.941495675767339502e-01,8.287000000000000000e+03
4.943191453281329806e-01,8.287000000000000000e+03
4.944887230795320110e-01,8.299000000000000000e+03
4.946583008309309859e-01,8.303000000000000000e+03
4.948278785823300163e-01,8.312000000000000000e+03
4.949974563337290467e-01,8.314000000000000000e+03
4.951670340851280772e-01,8.321000000000000000e+03
4.953366118365270521e-01,8.322000000000000000e+03
4.955061895879260825e-01,8.329000000000000000e+03
4.956757673393251129e-01,8.341000000000000000e+03
4.958453450907241433e-01,8.344000000000000000e+03
4.960149228421231182e-01,8.344000000000000000e+03
4.961845005935221486e-01,8.347000000000000000e+03
4.963540783449211791e-01,8.350000000000000000e+03
4.965236560963202095e-01,8.351000000000000000e+03
4.966932338477191844e-01,8.352000000000000000e+03
4.968628115991182148e-01,8.355000000000000000e+03
4.970323893505172452e-01,8.360000000000000000e+03
4.972019671019162756e-01,8.369000000000000000e+03
4.973715448533152506e-01,8.371000000000000000e+03
4.975411226047142810e-01,8.373000000000000000e+03
4.977107003561133114e-01,8.376000000000000000e+03
4.978802781075123418e-01,8.390000000000000000e+03
4.980498558589113167e-01,8.402000000000000000e+03
4.982194336103103471e-01,8.411000000000000000e+03
4.983890113617093776e-01,8.433000000000000000e+03
4.985585891131084080e-01,8.435000000000000000e+03
4.987281668645073829e-01,8.441000000000000000e+03
4.988977446159064133e-01,8.441000000000000000e+03
4.990673223673054437e-01,8.442000000000000000e+03
4.992369001187044741e-01,8.446000000000000000e+03
4.994064778701034490e-01,8.448000000000000000e+03
4.995760556215024795e-01,8.457000000000000000e+03
4.997456333729015099e-01,8.460000000000000000e+03
4.999152111243005403e-01,8.479000000000000000e+03
5.000847888756995152e-01,8.481000000000000000e+03
5.002543666270985456e-01,8.482000000000000000e+03
5.004239443784975760e-01,8.482000000000000000e+03
5.005935221298966065e-01,8.487000000000000000e+03
5.007630998812956369e-01,8.496000000000000000e+03
5.009326776326946673e-01,8.497000000000000000e+03
5.011022553840935867e-01,8.498000000000000000e+03
5.012718331354926171e-01,8.502000000000000000e+03
5.014414108868916475e-01,8.510000000000000000e+03
5.016109886382906780e-01,8.514000000000000000e+03
5.017805663896897084e-01,8.514000000000000000e+03
5.019501441410887388e-01,8.514000000000000000e+03
5.021197218924877692e-01,8.519000000000000000e+03
5.022892996438867996e-01,8.521000000000000000e+03
5.024588773952857190e-01,8.522000000000000000e+03
5.026284551466847494e-01,8.527000000000000000e+03
5.027980328980837799e-01,8.544000000000000000e+03
5.029676106494828103e-01,8.550000000000000000e+03
5.031371884008818407e-01,8.556000000000000000e+03
5.033067661522808711e-01,8.561000000000000000e+03
5.034763439036799015e-01,8.566000000000000000e+03
5.036459216550789320e-01,8.586000000000000000e+03
5.038154994064778514e-01,8.593000000000000000e+03
5.039850771578768818e-01,8.593000000000000000e+03
5.041546549092759122e-01,8.595000000000000000e+03
5.043242326606749426e-01,8.595000000000000000e+03
5.044938104120739730e-01,8.604000000000000000e+03
5.046633881634730034e-01,8.619000000000000000e+03
5.048329659148720339e-01,8.621000000000000000e+03
5.050025436662710643e-01,8.622000000000000000e+03
5.051721214176699837e-01,8.629000000000000000e+03
5.053416991690690141e-01,8.629000000000000000e+03
5.055112769204680445e-01,8.640000000000000000e+03
5.056808546718670749e-01,8.650000000000000000e+03
5.058504324232661054e-01,8.680000000000000000e+03
5.060200101746651358e-01,8.688000000000000000e+03
5.061895879260641662e-01,8.690000000000000000e+03
5.063591656774631966e-01,8.693000000000000000e+03
5.065287434288621160e-01,8.698000000000000000e+03
5.066983211802611464e-01,8.703000000000000000e+03
5.068678989316601768e-01,8.705000000000000000e+03
5.070374766830592073e-01,8.711000000000000000e+03
5.072070544344582377e-01,8.712000000000000000e+03
5.073766321858572681e-01,8.721000000000000000e+03
5.075462099372562985e-01,8.722000000000000000e+03
5.077157876886553289e-01,8.728000000000000000e+03
5.078853654400542483e-01,8.731000000000000000e+03
5.080549431914532788e-01,8.733000000000000000e+03
5.082245209428523092e-01,8.737000000000000000e+03
5.083940986942513396e-01,8.746000000000000000e+03
5.085636764456503700e-01,8.751000000000000000e+03
5.087332541970494004e-01,8.755000000000000000e+03
5.089028319484484308e-01,8.756000000000000000e+03
5.090724096998474613e-01,8.758000000000000000e+03
5.092419874512463807e-01,8.762000000000000000e+03
5.094115652026454111e-01,8.762000000000000000e+03
5.095811429540444415e-01,8.763000000000000000e+03
5.097507207054434719e-01,8.765000000000000000e+03
5.099202984568425023e-01,8.766000000000000000e+03
5.100898762082415328e-01,8.767000000000000000e+03
5.102594539596405632e-01,8.769000000000000000e+03
5.104290317110395936e-01,8.772000000000000000e+03
5.105986094624385130e-01,8.775000000000000000e+03
5.107681872138375434e-01,8.777000000000000000e+03
5.109377649652365738e-01,8.783000000000000000e+03
5.111073427166356042e-01,8.784000000000000000e+03
5.112769204680346347e-01,8.801000000000000000e+03
5.114464982194336651e-01,8.809000000000000000e+03
5.116160759708326955e-01,8.813000000000000000e+03
5.117856537222317259e-01,8.825000000000000000e+03
5.119552314736306453e-01,8.828000000000000000e+03
5.121248092250296757e-01,8.834000000000000000e+03
5.122943869764287061e-01,8.836000000000000000e+03
5.124639647278277366e-01,8.837000000000000000e+03
5.126335424792267670e-01,8.838000000000000000e+03
5.128031202306257974e-01,8.838000000000000000e+03
5.129726979820248278e-01,8.840000000000000000e+03
5.131422757334238582e-01,8.846000000000000000e+03
5.133118534848227776e-01,8.853000000000000000e+03
5.134814312362218081e-01,8.864000000000000000e+03
5.136510089876208385e-01,8.865000000000000000e+03
5.138205867390198689e-01,8.872000000000000000e+03
5.139901644904188993e-01,8.886000000000000000e+03
5.141597422418179297e-01,8.887000000000000000e+03
5.143293199932169601e-01,8.897000000000000000e+03
5.144988977446159906e-01,8.903000000000000000e+03
5.146684754960149100e-01,8.906000000000000000e+03
5.148380532474139404e-01,8.909000000000000000e+03
5.150076309988129708e-01,8.919000000000000000e+03
5.151772087502120012e-01,8.921000000000000000e+03
5.153467865016110316e-01,8.923000000000000000e+03
5.155163642530100621e-01,8.929000000000000000e+03
5.156859420044090925e-01,8.936000000000000000e+03
5.158555197558081229e-01,8.938000000000000000e+03
5.160250975072070423e-01,8.938000000000000000e+03
5.161946752586060727e-01,8.939000000000000000e+03
5.163642530100051031e-01,8.953000000000000000e+03
5.165338307614041335e-01,8.953000000000000000e+03
5.167034085128031640e-01,8.958000000000000000e+03
5.168729862642021944e-01,8.961000000000000000e+03
5.170425640156012248e-01,8.969000000000000000e+03
5.172121417670002552e-01,8.970000000000000000e+03
5.173817195183991746e-01,8.980000000000000000e+03
5.175512972697982050e-01,8.991000000000000000e+03
5.177208750211972355e-01,8.991000000000000000e+03
5.178904527725962659e-01,9.008000000000000000e+03
5.180600305239952963e-01,9.014000000000000000e+03
5.182296082753943267e-01,9.015000000000000000e+03
5.183991860267933571e-01,9.020000000000000000e+03
5.185687637781923875e-01,9.025000000000000000e+03
5.187383415295913069e-01,9.029000000000000000e+03
5.189079192809903374e-01,9.041000000000000000e+03
5.190774970323893678e-01,9.044000000000000000e+03
5.192470747837883982e-01,9.050000000000000000e+03
5.194166525351874286e-01,9.051000000000000000e+03
5.195862302865864590e-01,9.063000000000000000e+03
5.197558080379854895e-01,9.069000000000000000e+03
5.199253857893845199e-01,9.070000000000000000e+03
5.200949635407834393e-01,9.080000000000000000e+03
5.202645412921824697e-01,9.080000000000000000e+03
5.204341190435815001e-01,9.086000000000000000e+03
5.206036967949805305e-01,9.091000000000000000e+03
5.207732745463795609e-01,9.099000000000000000e+03
5.209428522977785914e-01,9.100000000000000000e+03
5.211124300491776218e-01,9.101000000000000000e+03
5.212820078005765412e-01,9.104000000000000000e+03
5.214515855519755716e-01,9.104000000000000000e+03
5.216211633033746020e-01,9.108000000000000000e+03
5.217907410547736324e-01,9.110000000000000000e+03
5.219603188061726629e-01,9.117000000000000000e+03
5.221298965575716933e-01,9.128000000000000000e+03
5.222994743089707237e-01,9.134000000000000000e+03
5.224690520603697541e-01,9.135000000000000000e+03
5.226386298117686735e-01,9.141000000000000000e+03
5.228082075631677039e-01,9.144000000000000000e+03
5.229777853145667343e-01,9.149000000000000000e+03
5.231473630659657648e-01,9.156000000000000000e+03
5.233169408173647952e-01,9.157000000000000000e+03
5.234865185687638256e-01,9.159000000000000000e+03
5.236560963201628560e-01,9.183000000000000000e+03
5.238256740715618864e-01,9.190000000000000000e+03
5.239952518229608058e-01,9.200000000000000000e+03
5.241648295743598363e-01,9.206000000000000000e+03
5.243344073257588667e-01,9.218000000000000000e+03
5.245039850771578971e-01,9.227000000000000000e+03
5.246735628285569275e-01,9.237000000000000000e+03
5.248431405799559579e-01,9.254000000000000000e+03
5.250127183313549883e-01,9.266000000000000000e+03
5.251822960827540188e-01,9.271000000000000000e+03
5.253518738341529382e-01,9.281000000000000000e+03
5.255214515855519686e-01,9.286000000000000000e+03
5.256910293369509990e-01,9.287000000000000000e+03
5.258606070883500294e-01,9.289000000000000000e+03
5.260301848397490598e-01,9.290000000000000000e+03
5.261997625911480903e-01,9.296000000000000000e+03
5.263693403425471207e-01,9.297000000000000000e+03
5.265389180939461511e-01,9.311000000000000000e+03
5.267084958453450705e-01,9.319000000000000000e+03
5.268780735967441009e-01,9.322000000000000000e+03
5.270476513481431313e-01,9.328000000000000000e+03
5.272172290995421617e-01,9.339000000000000000e+03
5.273868068509411922e-01,9.341000000000000000e+03
5.275563846023402226e-01,9.351000000000000000e+03
5.277259623537392530e-01,9.356000000000000000e+03
5.278955401051382834e-01,9.357000000000000000e+03
5.280651178565372028e-01,9.360000000000000000e+03
5.282346956079362332e-01,9.363000000000000000e+03
5.284042733593352636e-01,9.368000000000000000e+03
5.285738511107342941e-01,9.368000000000000000e+03
5.287434288621333245e-01,9.369000000000000000e+03
5.289130066135323549e-01,9.379000000000000000e+03
5.290825843649313853e-01,9.386000000000000000e+03
5.292521621163304157e-01,9.393000000000000000e+03
5.294217398677293351e-01,9.403000000000000000e+03
5.295913176191283656e-01,9.405000000000000000e+03
5.297608953705273960e-01,9.407000000000000000e+03
5.299304731219264264e-01,9.411000000000000000e+03
5.301000508733254568e-01,9.416000000000000000e+03
5.302696286247244872e-01,9.416000000000000000e+03
5.304392063761235177e-01,9.421000000000000000e+03
5.306087841275225481e-01,9.423000000000000000e+03
5.307783618789214675e-01,9.424000000000000000e+03
5.309479396303204979e-01,9.431000000000000000e+03
5.311175173817195283e-01,9.432000000000000000e+03
5.312870951331185587e-01,9.445000000000000000e+03
5.314566728845175891e-01,9.445000000000000000e+03
5.316262506359166196e-01,9.449000000000000000e+03
5.317958283873156500e-01,9.454000000000000000e+03
5.319654061387146804e-01,9.470000000000000000e+03
5.321349838901135998e-01,9.478000000000000000e+03
5.323045616415126302e-01,9.486000000000000000e+03
5.324741393929116606e-01,9.490000000000000000e+03
5.326437171443106910e-01,9.502000000000000000e+03
5.328132948957097215e-01,9.505000000000000000e+03
5.329828726471087519e-01,9.506000000000000000e+03
5.331524503985077823e-01,9.516000000000000000e+03
5.333220281499068127e-01,9.533000000000000000e+03
5.334916059013057321e-01,9.552000000000000000e+03
5.336611836527047625e-01,9.552000000000000000e+03
5.338307614041037930e-01,9.558000000000000000e+03
5.340003391555028234e-01,9.559000000000000000e+03
5.341699169069018538e-01,9.560000000000000000e+03
5.343394946583008842e-01,9.564000000000000000e+03
5.345090724096999146e-01,9.566000000000000000e+03
5.346786501610989450e-01,9.566000000000000000e+03
5.348482279124978644e-01,9.573000000000000000e+03
5.350178056638968949e-01,9.576000000000000000e+03
5.351873834152959253e-01,9.579000000000000000e+03
5.353569611666949557e-01,9.582000000000000000e+03
5.355265389180939861e-01,9.593000000000000000e+03
5.356961166694930165e-01,9.596000000000000000e+03
5.358656944208920470e-01,9.597000000000000000e+03
5.360352721722910774e-01,9.611000000000000000e+03
5.362048499236899968e-01,9.614000000000000000e+03
5.363744276750890272e-01,9.615000000000000000e+03
5.365440054264880576e-01,9.625000000000000000e+03
5.367135831778870880e-01,9.630000000000000000e+03
5.368831609292861184e-01,9.642000000000000000e+03
5.370527386806851489e-01,9.656000000000000000e+03
5.372223164320841793e-01,9.656000000000000000e+03
5.373918941834832097e-01,9.660000000000000000e+03
5.375614719348821291e-01,9.666000000000000000e+03
5.377310496862811595e-01,9.673000000000000000e+03
5.379006274376801899e-01,9.679000000000000000e+03
5.380702051890792204e-01,9.688000000000000000e+03
5.382397829404782508e-01,9.699000000000000000e+03
5.384093606918772812e-01,9.704000000000000000e+03
5.385789384432763116e-01,9.706000000000000000e+03
5.387485161946753420e-01,9.710000000000000000e+03
5.389180939460742614e-01,9.711000000000000000e+03
5.390876716974732918e-01,9.733000000000000000e+03
5.392572494488723223e-01,9.736000000000000000e+03
5.394268272002713527e-01,9.740000000000000000e+03
5.395964049516703831e-01,9.747000000000000000e+03
5.397659827030694135e-01,9.761000000000000000e+03
5.399355604544684439e-01,9.764000000000000000e+03
5.401051382058674744e-01,9.779000000000000000e+03
5.402747159572663938e-01,9.782000000000000000e+03
5.404442937086654242e-01,9.793000000000000000e+03
5.406138714600644546e-01,9.801000000000000000e+03
5.407834492114634850e-01,9.802000000000000000e+03
5.409530269628625154e-01,9.807000000000000000e+03
5.411226047142615458e-01,9.827000000000000000e+03
5.412921824656605763e-01,9.828000000000000000e+03
5.414617602170596067e-01,9.840000000000000000e+03
5.416313379684585261e-01,9.849000000000000000e+03
5.418009157198575565e-01,9.849000000000000000e+03
5.419704934712565869e-01,9.849000000000000000e+03
5.421400712226556173e-01,9.857000000000000000e+03
5.423096489740546478e-01,9.859000000000000000e+03
5.424792267254536782e-01,9.868000000000000000e+03
5.426488044768527086e-01,9.871000000000000000e+03
5.428183822282517390e-01,9.871000000000000000e+03
5.429879599796506584e-01,9.875000000000000000e+03
5.431575377310496888e-01,9.880000000000000000e+03
5.433271154824487192e-01,9.889000000000000000e+03
5.434966932338477497e-01,9.891000000000000000e+03
5.436662709852467801e-01,9.899000000000000000e+03
5.438358487366458105e-01,9.904000000000000000e+03
5.440054264880448409e-01,9.907000000000000000e+03
5.441750042394438713e-01,9.917000000000000000e+03
5.443445819908427907e-01,9.922000000000000000e+03
5.445141597422418211e-01,9.922000000000000000e+03
5.446837374936408516e-01,9.930000000000000000e+03
5.448533152450398820e-01,9.932000000000000000e+03
5.450228929964389124e-01,9.950000000000000000e+03
5.451924707478379428e-01,9.957000000000000000e+03
5.453620484992369732e-01,9.960000000000000000e+03
5.455316262506360037e-01,9.961000000000000000e+03
5.457012040020349231e-01,9.967000000000000000e+03
5.458707817534339535e-01,9.979000000000000000e+03
5.460403595048329839e-01,9.982000000000000000e+03
5.462099372562320143e-01,9.989000000000000000e+03
5.463795150076310447e-01,9.991000000000000000e+03
5.465490927590300752e-01,9.998000000000000000e+03
5.467186705104291056e-01,1.001300000000000000e+04
5.468882482618281360e-01,1.001700000000000000e+04
5.470578260132270554e-01,1.001900000000000000e+04
5.472274037646260858e-01,1.002700000000000000e+04
5.473969815160251162e-01,1.003400000000000000e+04
5.475665592674241466e-01,1.003900000000000000e+04
5.477361370188231771e-01,1.004700000000000000e+04
5.479057147702222075e-01,1.004900000000000000e+04
5.480752925216212379e-01,1.005200000000000000e+04
5.482448702730202683e-01,1.008100000000000000e+04
5.484144480244191877e-01,1.008700000000000000e+04
5.485840257758182181e-01,1.008700000000000000e+04
5.487536035272172485e-01,1.009500000000000000e+04
5.489231812786162790e-01,1.009600000000000000e+04
5.490927590300153094e-01,1.010000000000000000e+04
5.492623367814143398e-01,1.010300000000000000e+04
5.494319145328133702e-01,1.012300000000000000e+04
5.496014922842124006e-01,1.012600000000000000e+04
5.497710700356113200e-01,1.013400000000000000e+04
5.499406477870103505e-01,1.013700000000000000e+04
5.501102255384093809e-01,1.014600000000000000e+04
5.502798032898084113e-01,1.015200000000000000e+04
5.504493810412074417e-01,1.016400000000000000e+04
5.506189587926064721e-01,1.016500000000000000e+04
5.507885365440055025e-01,1.016800000000000000e+04
5.509581142954044219e-01,1.017700000000000000e+04
5.511276920468034524e-01,1.017900000000000000e+04
5.512972697982024828e-01,1.018300000000000000e+04
5.514668475496015132e-01,1.018300000000000000e+04
5.516364253010005436e-01,1.019100000000000000e+04
5.518060030523995740e-01,1.019400000000000000e+04
5.519755808037986045e-01,1.019900000000000000e+04
5.521451585551976349e-01,1.022100000000000000e+04
5.523147363065965543e-01,1.022400000000000000e+04
5.524843140579955847e-01,1.023400000000000000e+04
5.526538918093946151e-01,1.023800000000000000e+04
5.528234695607936455e-01,1.023900000000000000e+04
5.529930473121926759e-01,1.025800000000000000e+04
5.531626250635917064e-01,1.025900000000000000e+04
5.533322028149907368e-01,1.026200000000000000e+04
5.535017805663897672e-01,1.026400000000000000e+04
5.536713583177886866e-01,1.027700000000000000e+04
5.538409360691877170e-01,1.030200000000000000e+04
5.540105138205867474e-01,1.031400000000000000e+04
5.541800915719857779e-01,1.031500000000000000e+04
5.543496693233848083e-01,1.031600000000000000e+04
5.545192470747838387e-01,1.032600000000000000e+04
5.546888248261828691e-01,1.033100000000000000e+04
5.548584025775818995e-01,1.033200000000000000e+04
5.550279803289808189e-01,1.033300000000000000e+04
5.551975580803798493e-01,1.033800000000000000e+04
5.553671358317788798e-01,1.033900000000000000e+04
5.555367135831779102e-01,1.034200000000000000e+04
5.557062913345769406e-01,1.034300000000000000e+04
5.558758690859759710e-01,1.034700000000000000e+04
5.560454468373750014e-01,1.034700000000000000e+04
5.562150245887740319e-01,1.035400000000000000e+04
5.563846023401729513e-01,1.035500000000000000e+04
5.565541800915719817e-01,1.035900000000000000e+04
5.567237578429710121e-01,1.036100000000000000e+04
5.568933355943700425e-01,1.037000000000000000e+04
5.570629133457690729e-01,1.037700000000000000e+04
5.572324910971681033e-01,1.038400000000000000e+04
5.574020688485671338e-01,1.039100000000000000e+04
5.575716465999661642e-01,1.039400000000000000e+04
5.577412243513650836e-01,1.039600000000000000e+04
5.579108021027641140e-01,1.039800000000000000e+04
5.580803798541631444e-01,1.040000000000000000e+04
5.582499576055621748e-01,1.040200000000000000e+04
5.584195353569612053e-01,1.040200000000000000e+04
5.585891131083602357e-01,1.041300000000000000e+04
5.587586908597592661e-01,1.042200000000000000e+04
5.589282686111582965e-01,1.043800000000000000e+04
5.590978463625572159e-01,1.044100000000000000e+04
5.592674241139562463e-01,1.044600000000000000e+04
5.594370018653552767e-01,1.045000000000000000e+04
5.596065796167543072e-01,1.047900000000000000e+04
5.597761573681533376e-01,1.047900000000000000e+04
5.599457351195523680e-01,1.048000000000000000e+04
5.601153128709513984e-01,1.051600000000000000e+04
5.602848906223504288e-01,1.051800000000000000e+04
5.604544683737493482e-01,1.052300000000000000e+04
5.606240461251483786e-01,1.052600000000000000e+04
5.607936238765474091e-01,1.053200000000000000e+04
5.609632016279464395e-01,1.054100000000000000e+04
5.611327793793454699e-01,1.055600000000000000e+04
5.613023571307445003e-01,1.056100000000000000e+04
5.614719348821435307e-01,1.056300000000000000e+04
5.616415126335425612e-01,1.056400000000000000e+04
5.618110903849414806e-01,1.057500000000000000e+04
5.619806681363405110e-01,1.057500000000000000e+04
5.621502458877395414e-01,1.057500000000000000e+04
5.623198236391385718e-01,1.057600000000000000e+04
5.624894013905376022e-01,1.058600000000000000e+04
5.626589791419366327e-01,1.060700000000000000e+04
5.628285568933356631e-01,1.061100000000000000e+04
5.629981346447346935e-01,1.061400000000000000e+04
5.631677123961336129e-01,1.063100000000000000e+04
5.633372901475326433e-01,1.063100000000000000e+04
5.635068678989316737e-01,1.063600000000000000e+04
5.636764456503307041e-01,1.064700000000000000e+04
5.638460234017297346e-01,1.065800000000000000e+04
5.640156011531287650e-01,1.066400000000000000e+04
5.641851789045277954e-01,1.067400000000000000e+04
5.643547566559268258e-01,1.068600000000000000e+04
5.645243344073257452e-01,1.069400000000000000e+04
5.646939121587247756e-01,1.070400000000000000e+04
5.648634899101238060e-01,1.071100000000000000e+04
5.650330676615228365e-01,1.071400000000000000e+04
5.652026454129218669e-01,1.072400000000000000e+04
5.653722231643208973e-01,1.072400000000000000e+04
5.655418009157199277e-01,1.072600000000000000e+04
5.657113786671189581e-01,1.073500000000000000e+04
5.658809564185178775e-01,1.073700000000000000e+04
5.660505341699169080e-01,1.074600000000000000e+04
5.662201119213159384e-01,1.076500000000000000e+04
5.663896896727149688e-01,1.077500000000000000e+04
5.665592674241139992e-01,1.077900000000000000e+04
5.667288451755130296e-01,1.078400000000000000e+04
5.668984229269120600e-01,1.078600000000000000e+04
5.670680006783110905e-01,1.079300000000000000e+04
5.672375784297100099e-01,1.079800000000000000e+04
5.674071561811090403e-01,1.081100000000000000e+04
5.675767339325080707e-01,1.081500000000000000e+04
5.677463116839071011e-01,1.081700000000000000e+04
5.679158894353061315e-01,1.082300000000000000e+04
5.680854671867051620e-01,1.082600000000000000e+04
5.682550449381041924e-01,1.082600000000000000e+04
5.684246226895032228e-01,1.083100000000000000e+04
5.685942004409021422e-01,1.083600000000000000e+04
5.687637781923011726e-01,1.083900000000000000e+04
5.689333559437002030e-01,1.084300000000000000e+04
5.691029336950992334e-01,1.084900000000000000e+04
5.692725114464982639e-01,1.086200000000000000e+04
5.694420891978972943e-01,1.086600000000000000e+04
5.696116669492963247e-01,1.089200000000000000e+04
5.697812447006953551e-01,1.090200000000000000e+04
5.699508224520942745e-01,1.090900000000000000e+04
5.701204002034933049e-01,1.092300000000000000e+04
5.702899779548923354e-01,1.092600000000000000e+04
5.704595557062913658e-01,1.092700000000000000e+04
5.706291334576903962e-01,1.093000000000000000e+04
5.707987112090894266e-01,1.093600000000000000e+04
5.709682889604884570e-01,1.098400000000000000e+04
5.711378667118874874e-01,1.099000000000000000e+04
5.713074444632864068e-01,1.099600000000000000e+04
5.714770222146854373e-01,1.100400000000000000e+04
5.716465999660844677e-01,1.103500000000000000e+04
5.718161777174834981e-01,1.105400000000000000e+04
5.719857554688825285e-01,1.105800000000000000e+04
5.721553332202815589e-01,1.107200000000000000e+04
5.723249109716805894e-01,1.108000000000000000e+04
5.724944887230796198e-01,1.108800000000000000e+04
5.726640664744785392e-01,1.108900000000000000e+04
5.728336442258775696e-01,1.109600000000000000e+04
5.730032219772766000e-01,1.112600000000000000e+04
5.731727997286756304e-01,1.114100000000000000e+04
5.733423774800746608e-01,1.114500000000000000e+04
5.735119552314736913e-01,1.115400000000000000e+04
5.736815329828727217e-01,1.116700000000000000e+04
5.738511107342717521e-01,1.116700000000000000e+04
5.740206884856706715e-01,1.116800000000000000e+04
5.741902662370697019e-01,1.117200000000000000e+04
5.743598439884687323e-01,1.117700000000000000e+04
5.745294217398677628e-01,1.117800000000000000e+04
5.746989994912667932e-01,1.118500000000000000e+04
5.748685772426658236e-01,1.119500000000000000e+04
5.750381549940648540e-01,1.120200000000000000e+04
5.752077327454638844e-01,1.120700000000000000e+04
5.753773104968628038e-01,1.120800000000000000e+04
5.755468882482618342e-01,1.121100000000000000e+04
5.757164659996608647e-01,1.121800000000000000e+04
5.758860437510598951e-01,1.122000000000000000e+04
5.760556215024589255e-01,1.122500000000000000e+04
5.762251992538579559e-01,1.123400000000000000e+04
5.763947770052569863e-01,1.126100000000000000e+04
5.765643547566560168e-01,1.126300000000000000e+04
5.767339325080549362e-01,1.126800000000000000e+04
5.769035102594539666e-01,1.128300000000000000e+04
5.770730880108529970e-01,1.128600000000000000e+04
5.772426657622520274e-01,1.128700000000000000e+04
5.774122435136510578e-01,1.129300000000000000e+04
5.775818212650500882e-01,1.129900000000000000e+04
5.777513990164491187e-01,1.130700000000000000e+04
5.779209767678481491e-01,1.131200000000000000e+04
5.780905545192470685e-01,1.131200000000000000e+04
5.782601322706460989e-01,1.131300000000000000e+04
5.784297100220451293e-01,1.132900000000000000e+04
5.785992877734441597e-01,1.134800000000000000e+04
5.787688655248431902e-01,1.135200000000000000e+04
5.789384432762422206e-01,1.135500000000000000e+04
5.791080210276412510e-01,1.136100000000000000e+04
5.792775987790401704e-01,1.137000000000000000e+04
5.794471765304392008e-01,1.137200000000000000e+04
5.796167542818382312e-01,1.137900000000000000e+04
5.797863320332372616e-01,1.139600000000000000e+04
5.799559097846362921e-01,1.140400000000000000e+04
5.801254875360353225e-01,1.142800000000000000e+04
5.802950652874343529e-01,1.142800000000000000e+04
5.804646430388333833e-01,1.143100000000000000e+04
5.806342207902323027e-01,1.143200000000000000e+04
5.808037985416313331e-01,1.143300000000000000e+04
5.809733762930303635e-01,1.144000000000000000e+04
5.811429540444293940e-01,1.145800000000000000e+04
5.813125317958284244e-01,1.146300000000000000e+04
5.814821095472274548e-01,1.150100000000000000e+04
5.816516872986264852e-01,1.150500000000000000e+04
5.818212650500255156e-01,1.150600000000000000e+04
5.819908428014244350e-01,1.151200000000000000e+04
5.821604205528234655e-01,1.151800000000000000e+04
5.823299983042224959e-01,1.152400000000000000e+04
5.824995760556215263e-01,1.152500000000000000e+04
5.826691538070205567e-01,1.152600000000000000e+04
5.828387315584195871e-01,1.154100000000000000e+04
5.830083093098186175e-01,1.154700000000000000e+04
5.831778870612176480e-01,1.156300000000000000e+04
5.833474648126165674e-01,1.156300000000000000e+04
5.835170425640155978e-01,1.157200000000000000e+04
5.836866203154146282e-01,1.157700000000000000e+04
5.838561980668136586e-01,1.159600000000000000e+04
5.840257758182126890e-01,1.159800000000000000e+04
5.841953535696117195e-01,1.160100000000000000e+04
5.843649313210107499e-01,1.160400000000000000e+04
5.845345090724097803e-01,1.162200000000000000e+04
5.847040868238086997e-01,1.162500000000000000e+04
5.848736645752077301e-01,1.162700000000000000e+04
5.850432423266067605e-01,1.164400000000000000e+04
5.852128200780057909e-01,1.164500000000000000e+04
5.853823978294048214e-01,1.165000000000000000e+04
5.855519755808038518e-01,1.165100000000000000e+04
5.857215533322028822e-01,1.165500000000000000e+04
5.858911310836019126e-01,1.166200000000000000e+04
5.860607088350008320e-01,1.167200000000000000e+04
5.862302865863998624e-01,1.167200000000000000e+04
5.863998643377988929e-01,1.167200000000000000e+04
5.865694420891979233e-01,1.170200000000000000e+04
5.867390198405969537e-01,1.170900000000000000e+04
5.869085975919959841e-01,1.171000000000000000e+04
5.870781753433950145e-01,1.171400000000000000e+04
5.872477530947940449e-01,1.171900000000000000e+04
5.874173308461929643e-01,1.172500000000000000e+04
5.875869085975919948e-01,1.173100000000000000e+04
5.877564863489910252e-01,1.173400000000000000e+04
5.879260641003900556e-01,1.174500000000000000e+04
5.880956418517890860e-01,1.175900000000000000e+04
5.882652196031881164e-01,1.177500000000000000e+04
5.884347973545871469e-01,1.178000000000000000e+04
5.886043751059861773e-01,1.178200000000000000e+04
5.887739528573850967e-01,1.178200000000000000e+04
5.889435306087841271e-01,1.179700000000000000e+04
5.891131083601831575e-01,1.182200000000000000e+04
5.892826861115821879e-01,1.183700000000000000e+04
5.894522638629812183e-01,1.185400000000000000e+04
5.896218416143802488e-01,1.185800000000000000e+04
5.897914193657792792e-01,1.186700000000000000e+04
5.899609971171783096e-01,1.187300000000000000e+04
5.901305748685772290e-01,1.188300000000000000e+04
5.903001526199762594e-01,1.189200000000000000e+04
5.904697303713752898e-01,1.189500000000000000e+04
5.906393081227743203e-01,1.190900000000000000e+04
5.908088858741733507e-01,1.191300000000000000e+04
5.909784636255723811e-01,1.192300000000000000e+04
5.911480413769714115e-01,1.192300000000000000e+04
5.913176191283704419e-01,1.193200000000000000e+04
5.914871968797693613e-01,1.193900000000000000e+04
5.916567746311683917e-01,1.194000000000000000e+04
5.918263523825674222e-01,1.194200000000000000e+04
5.919959301339664526e-01,1.195000000000000000e+04
5.921655078853654830e-01,1.196700000000000000e+04
5.923350856367645134e-01,1.197000000000000000e+04
5.925046633881635438e-01,1.197100000000000000e+04
5.926742411395625743e-01,1.197100000000000000e+04
5.928438188909614937e-01,1.197600000000000000e+04
5.930133966423605241e-01,1.197700000000000000e+04
5.931829743937595545e-01,1.198900000000000000e+04
5.933525521451585849e-01,1.201200000000000000e+04
5.935221298965576153e-01,1.201800000000000000e+04
5.936917076479566457e-01,1.202000000000000000e+04
5.938612853993556762e-01,1.202600000000000000e+04
5.940308631507547066e-01,1.203000000000000000e+04
5.942004409021536260e-01,1.203300000000000000e+04
5.943700186535526564e-01,1.203900000000000000e+04
5.945395964049516868e-01,1.204000000000000000e+04
5.947091741563507172e-01,1.204300000000000000e+04
5.948787519077497477e-01,1.205100000000000000e+04
5.950483296591487781e-01,1.206300000000000000e+04
5.952179074105478085e-01,1.209500000000000000e+04
5.953874851619468389e-01,1.212300000000000000e+04
5.955570629133457583e-01,1.213500000000000000e+04
5.957266406647447887e-01,1.217000000000000000e+04
5.958962184161438191e-01,1.218900000000000000e+04
5.960657961675428496e-01,1.219000000000000000e+04
5.962353739189418800e-01,1.219400000000000000e+04
5.964049516703409104e-01,1.219600000000000000e+04
5.965745294217399408e-01,1.220100000000000000e+04
5.967441071731389712e-01,1.220500000000000000e+04
5.969136849245378906e-01,1.220600000000000000e+04
5.970832626759369210e-01,1.221300000000000000e+04
5.972528404273359515e-01,1.221700000000000000e+04
5.974224181787349819e-01,1.222600000000000000e+04
5.975919959301340123e-01,1.224300000000000000e+04
5.977615736815330427e-01,1.226000000000000000e+04
5.979311514329320731e-01,1.226700000000000000e+04
5.981007291843311036e-01,1.229100000000000000e+04
5.982703069357300230e-01,1.229800000000000000e+04
5.984398846871290534e-01,1.229900000000000000e+04
5.986094624385280838e-01,1.231000000000000000e+04
5.987790401899271142e-01,1.231400000000000000e+04
5.989486179413261446e-01,1.232300000000000000e+04
5.991181956927251750e-01,1.232400000000000000e+04
5.992877734441242055e-01,1.232400000000000000e+04
5.994573511955232359e-01,1.232900000000000000e+04
5.996269289469221553e-01,1.233800000000000000e+04
5.997965066983211857e-01,1.234000000000000000e+04
5.999660844497202161e-01,1.235200000000000000e+04
6.001356622011192465e-01,1.235300000000000000e+04
6.003052399525182770e-01,1.237800000000000000e+04
6.004748177039173074e-01,1.237900000000000000e+04
6.006443954553163378e-01,1.238200000000000000e+04
6.008139732067153682e-01,1.241700000000000000e+04
6.009835509581142876e-01,1.242200000000000000e+04
6.011531287095133180e-01,1.242500000000000000e+04
6.013227064609123484e-01,1.243600000000000000e+04
6.014922842123113789e-01,1.244300000000000000e+04
6.016618619637104093e-01,1.244700000000000000e+04
6.018314397151094397e-01,1.246100000000000000e+04
6.020010174665084701e-01,1.248600000000000000e+04
6.021705952179075005e-01,1.248700000000000000e+04
6.023401729693064199e-01,1.249500000000000000e+04
6.025097507207054504e-01,1.250500000000000000e+04
6.026793284721044808e-01,1.251000000000000000e+04
6.028489062235035112e-01,1.252300000000000000e+04
6.030184839749025416e-01,1.254600000000000000e+04
6.031880617263015720e-01,1.255200000000000000e+04
6.033576394777006024e-01,1.256200000000000000e+04
6.035272172290996329e-01,1.258300000000000000e+04
6.036967949804985523e-01,1.261800000000000000e+04
6.038663727318975827e-01,1.262600000000000000e+04
6.040359504832966131e-01,1.262600000000000000e+04
6.042055282346956435e-01,1.263200000000000000e+04
6.043751059860946739e-01,1.263700000000000000e+04
6.045446837374937044e-01,1.264500000000000000e+04
6.047142614888927348e-01,1.265000000000000000e+04
6.048838392402917652e-01,1.265200000000000000e+04
6.050534169916906846e-01,1.266700000000000000e+04
6.052229947430897150e-01,1.267300000000000000e+04
6.053925724944887454e-01,1.267400000000000000e+04
6.055621502458877758e-01,1.267700000000000000e+04
6.057317279972868063e-01,1.269300000000000000e+04
6.059013057486858367e-01,1.271600000000000000e+04
6.060708835000848671e-01,1.272400000000000000e+04
6.062404612514838975e-01,1.273600000000000000e+04
6.064100390028828169e-01,1.274200000000000000e+04
6.065796167542818473e-01,1.277600000000000000e+04
6.067491945056808778e-01,1.277900000000000000e+04
6.069187722570799082e-01,1.278400000000000000e+04
6.070883500084789386e-01,1.279000000000000000e+04
6.072579277598779690e-01,1.279800000000000000e+04
6.074275055112769994e-01,1.281400000000000000e+04
6.075970832626760298e-01,1.284900000000000000e+04
6.077666610140749492e-01,1.285100000000000000e+04
6.079362387654739797e-01,1.287200000000000000e+04
6.081058165168730101e-01,1.287800000000000000e+04
6.082753942682720405e-01,1.288400000000000000e+04
6.084449720196710709e-01,1.288600000000000000e+04
6.086145497710701013e-01,1.292200000000000000e+04
6.087841275224691318e-01,1.292300000000000000e+04
6.089537052738680512e-01,1.293400000000000000e+04
6.091232830252670816e-01,1.293500000000000000e+04
6.092928607766661120e-01,1.293700000000000000e+04
6.094624385280651424e-01,1.294000000000000000e+04
6.096320162794641728e-01,1.295200000000000000e+04
6.098015940308632032e-01,1.295600000000000000e+04
6.099711717822622337e-01,1.296900000000000000e+04
6.101407495336612641e-01,1.298400000000000000e+04
6.103103272850601835e-01,1.299000000000000000e+04
6.104799050364592139e-01,1.300300000000000000e+04
6.106494827878582443e-01,1.301200000000000000e+04
6.108190605392572747e-01,1.302000000000000000e+04
6.109886382906563052e-01,1.302100000000000000e+04
6.111582160420553356e-01,1.302400000000000000e+04
6.113277937934543660e-01,1.303000000000000000e+04
6.114973715448533964e-01,1.303300000000000000e+04
6.116669492962523158e-01,1.304600000000000000e+04
6.118365270476513462e-01,1.305600000000000000e+04
6.120061047990503766e-01,1.308200000000000000e+04
6.121756825504494071e-01,1.308500000000000000e+04
6.123452603018484375e-01,1.309300000000000000e+04
6.125148380532474679e-01,1.309500000000000000e+04
6.126844158046464983e-01,1.309500000000000000e+04
6.128539935560455287e-01,1.309700000000000000e+04
6.130235713074444481e-01,1.311600000000000000e+04
6.131931490588434785e-01,1.314200000000000000e+04
6.133627268102425090e-01,1.314400000000000000e+04
6.135323045616415394e-01,1.314600000000000000e+04
6.137018823130405698e-01,1.315100000000000000e+04
6.138714600644396002e-01,1.317500000000000000e+04
6.140410378158386306e-01,1.317800000000000000e+04
6.142106155672376611e-01,1.319500000000000000e+04
6.143801933186365805e-01,1.322900000000000000e+04
6.145497710700356109e-01,1.327500000000000000e+04
6.147193488214346413e-01,1.328400000000000000e+04
6.148889265728336717e-01,1.329100000000000000e+04
6.150585043242327021e-01,1.330300000000000000e+04
6.152280820756317326e-01,1.330800000000000000e+04
6.153976598270307630e-01,1.330800000000000000e+04
6.155672375784297934e-01,1.331900000000000000e+04
6.157368153298287128e-01,1.332400000000000000e+04
6.159063930812277432e-01,1.332500000000000000e+04
6.160759708326267736e-01,1.334200000000000000e+04
6.162455485840258040e-01,1.334400000000000000e+04
6.164151263354248345e-01,1.337200000000000000e+04
6.165847040868238649e-01,1.337300000000000000e+04
6.167542818382228953e-01,1.338700000000000000e+04
6.169238595896219257e-01,1.339900000000000000e+04
6.170934373410208451e-01,1.340200000000000000e+04
6.172630150924198755e-01,1.340200000000000000e+04
6.174325928438189059e-01,1.341400000000000000e+04
6.176021705952179364e-01,1.341500000000000000e+04
6.177717483466169668e-01,1.341800000000000000e+04
6.179413260980159972e-01,1.343400000000000000e+04
6.181109038494150276e-01,1.344500000000000000e+04
6.182804816008140580e-01,1.344800000000000000e+04
6.184500593522129774e-01,1.346100000000000000e+04
6.186196371036120079e-01,1.347300000000000000e+04
6.187892148550110383e-01,1.347400000000000000e+04
6.189587926064100687e-01,1.348700000000000000e+04
6.191283703578090991e-01,1.349100000000000000e+04
6.192979481092081295e-01,1.349500000000000000e+04
6.194675258606071599e-01,1.350000000000000000e+04
6.196371036120061904e-01,1.350800000000000000e+04
6.198066813634051098e-01,1.352800000000000000e+04
6.199762591148041402e-01,1.354200000000000000e+04
6.201458368662031706e-01,1.355000000000000000e+04
6.203154146176022010e-01,1.356600000000000000e+04
6.204849923690012314e-01,1.357600000000000000e+04
6.206545701204002619e-01,1.357700000000000000e+04
6.208241478717992923e-01,1.359500000000000000e+04
6.209937256231983227e-01,1.359800000000000000e+04
6.211633033745972421e-01,1.360800000000000000e+04
6.213328811259962725e-01,1.362500000000000000e+04
6.215024588773953029e-01,1.362700000000000000e+04
6.216720366287943333e-01,1.363100000000000000e+04
6.218416143801933638e-01,1.364100000000000000e+04
6.220111921315923942e-01,1.365600000000000000e+04
6.221807698829914246e-01,1.365900000000000000e+04
6.223503476343904550e-01,1.366000000000000000e+04
6.225199253857893744e-01,1.367300000000000000e+04
6.226895031371884048e-01,1.367400000000000000e+04
6.228590808885874353e-01,1.368400000000000000e+04
6.230286586399864657e-01,1.369000000000000000e+04
6.231982363913854961e-01,1.369600000000000000e+04
6.233678141427845265e-01,1.369900000000000000e+04
6.235373918941835569e-01,1.370500000000000000e+04
6.237069696455825873e-01,1.371000000000000000e+04
6.238765473969815067e-01,1.372300000000000000e+04
6.240461251483805372e-01,1.374100000000000000e+04
6.242157028997795676e-01,1.374700000000000000e+04
6.243852806511785980e-01,1.375500000000000000e+04
6.245548584025776284e-01,1.375900000000000000e+04
6.247244361539766588e-01,1.376100000000000000e+04
6.248940139053756893e-01,1.376800000000000000e+04
6.250635916567747197e-01,1.380800000000000000e+04
6.252331694081736391e-01,1.380900000000000000e+04
6.254027471595726695e-01,1.383500000000000000e+04
6.255723249109716999e-01,1.384800000000000000e+04
6.257419026623707303e-01,1.385700000000000000e+04
6.259114804137697607e-01,1.388300000000000000e+04
6.260810581651687912e-01,1.389300000000000000e+04
6.262506359165678216e-01,1.391200000000000000e+04
6.264202136679668520e-01,1.393400000000000000e+04
6.265897914193657714e-01,1.393500000000000000e+04
6.267593691707648018e-01,1.393600000000000000e+04
6.269289469221638322e-01,1.394900000000000000e+04
6.270985246735628627e-01,1.395500000000000000e+04
6.272681024249618931e-01,1.396100000000000000e+04
6.274376801763609235e-01,1.397300000000000000e+04
6.276072579277599539e-01,1.401100000000000000e+04
6.277768356791589843e-01,1.401200000000000000e+04
6.279464134305579037e-01,1.402300000000000000e+04
6.281159911819569341e-01,1.403300000000000000e+04
6.282855689333559646e-01,1.405000000000000000e+04
6.284551466847549950e-01,1.405600000000000000e+04
6.286247244361540254e-01,1.406700000000000000e+04
6.287943021875530558e-01,1.406900000000000000e+04
6.289638799389520862e-01,1.407400000000000000e+04
6.291334576903511167e-01,1.408700000000000000e+04
6.293030354417500360e-01,1.410800000000000000e+04
6.294726131931490665e-01,1.410900000000000000e+04
6.296421909445480969e-01,1.411300000000000000e+04
6.298117686959471273e-01,1.412600000000000000e+04
6.299813464473461577e-01,1.413500000000000000e+04
6.301509241987451881e-01,1.413500000000000000e+04
6.303205019501442186e-01,1.413800000000000000e+04
6.304900797015432490e-01,1.414300000000000000e+04
6.306596574529421684e-01,1.415200000000000000e+04
6.308292352043411988e-01,1.416600000000000000e+04
6.309988129557402292e-01,1.417600000000000000e+04
6.311683907071392596e-01,1.420400000000000000e+04
6.313379684585382901e-01,1.421200000000000000e+04
6.315075462099373205e-01,1.421300000000000000e+04
6.316771239613363509e-01,1.421500000000000000e+04
6.318467017127353813e-01,1.422700000000000000e+04
6.320162794641343007e-01,1.423700000000000000e+04
6.321858572155333311e-01,1.424200000000000000e+04
6.323554349669323615e-01,1.424200000000000000e+04
6.325250127183313920e-01,1.426000000000000000e+04
6.326945904697304224e-01,1.426000000000000000e+04
6.328641682211294528e-01,1.427400000000000000e+04
6.330337459725284832e-01,1.429200000000000000e+04
6.332033237239275136e-01,1.430300000000000000e+04
6.333729014753264330e-01,1.430800000000000000e+04
6.335424792267254634e-01,1.431500000000000000e+04
6.337120569781244939e-01,1.432000000000000000e+04
6.338816347295235243e-01,1.433000000000000000e+04
6.340512124809225547e-01,1.434500000000000000e+04
6.342207902323215851e-01,1.436600000000000000e+04
6.343903679837206155e-01,1.437900000000000000e+04
6.345599457351196460e-01,1.438100000000000000e+04
6.347295234865185654e-01,1.438800000000000000e+04
6.348991012379175958e-01,1.438900000000000000e+04
6.350686789893166262e-01,1.439000000000000000e+04
6.352382567407156566e-01,1.440800000000000000e+04
6.354078344921146870e-01,1.440900000000000000e+04
6.355774122435137174e-01,1.444400000000000000e+04
6.357469899949127479e-01,1.444700000000000000e+04
6.359165677463117783e-01,1.444800000000000000e+04
6.360861454977106977e-01,1.445500000000000000e+04
6.362557232491097281e-01,1.445700000000000000e+04
6.364253010005087585e-01,1.446000000000000000e+04
6.365948787519077889e-01,1.447700000000000000e+04
6.367644565033068194e-01,1.450400000000000000e+04
6.369340342547058498e-01,1.451000000000000000e+04
6.371036120061048802e-01,1.452300000000000000e+04
6.372731897575037996e-01,1.454900000000000000e+04
6.374427675089028300e-01,1.455000000000000000e+04
6.376123452603018604e-01,1.456000000000000000e+04
6.377819230117008908e-01,1.456100000000000000e+04
6.379515007630999213e-01,1.456200000000000000e+04
6.381210785144989517e-01,1.458600000000000000e+04
6.382906562658979821e-01,1.460300000000000000e+04
6.384602340172970125e-01,1.460500000000000000e+04
6.386298117686959319e-01,1.461500000000000000e+04
6.387993895200949623e-01,1.462700000000000000e+04
6.389689672714939928e-01,1.464700000000000000e+04
6.391385450228930232e-01,1.466700000000000000e+04
6.393081227742920536e-01,1.468100000000000000e+04
6.394777005256910840e-01,1.470200000000000000e+04
6.396472782770901144e-01,1.470200000000000000e+04
6.398168560284891448e-01,1.470500000000000000e+04
6.399864337798880642e-01,1.471700000000000000e+04
6.401560115312870947e-01,1.472000000000000000e+04
6.403255892826861251e-01,1.472400000000000000e+04
6.404951670340851555e-01,1.472600000000000000e+04
6.406647447854841859e-01,1.473800000000000000e+04
6.408343225368832163e-01,1.473900000000000000e+04
6.410039002882822468e-01,1.474200000000000000e+04
6.411734780396812772e-01,1.475000000000000000e+04
6.413430557910801966e-01,1.476400000000000000e+04
6.415126335424792270e-01,1.477200000000000000e+04
6.416822112938782574e-01,1.477900000000000000e+04
6.418517890452772878e-01,1.479500000000000000e+04
6.420213667966763182e-01,1.483100000000000000e+04
6.421909445480753487e-01,1.483200000000000000e+04
6.423605222994743791e-01,1.484500000000000000e+04
6.425301000508734095e-01,1.485600000000000000e+04
6.426996778022723289e-01,1.486400000000000000e+04
6.428692555536713593e-01,1.487600000000000000e+04
6.430388333050703897e-01,1.489600000000000000e+04
6.432084110564694202e-01,1.490500000000000000e+04
6.433779888078684506e-01,1.490500000000000000e+04
6.435475665592674810e-01,1.490900000000000000e+04
6.437171443106665114e-01,1.491100000000000000e+04
6.438867220620655418e-01,1.491300000000000000e+04
6.440562998134644612e-01,1.493500000000000000e+04
6.442258775648634916e-01,1.493500000000000000e+04
6.443954553162625221e-01,1.494100000000000000e+04
6.445650330676615525e-01,1.495600000000000000e+04
6.447346108190605829e-01,1.496200000000000000e+04
6.449041885704596133e-01,1.496400000000000000e+04
6.450737663218586437e-01,1.498800000000000000e+04
6.452433440732576742e-01,1.499100000000000000e+04
6.454129218246565936e-01,1.499600000000000000e+04
6.455824995760556240e-01,1.500000000000000000e+04
6.457520773274546544e-01,1.500600000000000000e+04
6.459216550788536848e-01,1.503300000000000000e+04
6.460912328302527152e-01,1.504000000000000000e+04
6.462608105816517456e-01,1.505000000000000000e+04
6.464303883330507761e-01,1.506300000000000000e+04
6.465999660844498065e-01,1.507100000000000000e+04
6.467695438358487259e-01,1.508600000000000000e+04
6.469391215872477563e-01,1.509700000000000000e+04
6.471086993386467867e-01,1.510500000000000000e+04
6.472782770900458171e-01,1.511400000000000000e+04
6.474478548414448476e-01,1.512100000000000000e+04
6.476174325928438780e-01,1.512800000000000000e+04
6.477870103442429084e-01,1.513000000000000000e+04
6.479565880956419388e-01,1.513000000000000000e+04
6.481261658470408582e-01,1.513800000000000000e+04
6.482957435984398886e-01,1.514200000000000000e+04
6.484653213498389190e-01,1.514900000000000000e+04
6.486348991012379495e-01,1.515500000000000000e+04
6.488044768526369799e-01,1.516000000000000000e+04
6.489740546040360103e-01,1.516000000000000000e+04
6.491436323554350407e-01,1.516700000000000000e+04
6.493132101068340711e-01,1.517500000000000000e+04
6.494827878582329905e-01,1.518100000000000000e+04
6.496523656096320209e-01,1.520000000000000000e+04
6.498219433610310514e-01,1.521200000000000000e+04
6.499915211124300818e-01,1.521500000000000000e+04
6.501610988638291122e-01,1.523600000000000000e+04
6.503306766152281426e-01,1.524200000000000000e+04
6.505002543666271730e-01,1.524200000000000000e+04
6.506698321180262035e-01,1.524600000000000000e+04
6.508394098694251229e-01,1.526100000000000000e+04
6.510089876208241533e-01,1.526400000000000000e+04
6.511785653722231837e-01,1.526600000000000000e+04
6.513481431236222141e-01,1.527000000000000000e+04
6.515177208750212445e-01,1.527100000000000000e+04
6.516872986264202749e-01,1.528300000000000000e+04
6.518568763778193054e-01,1.532000000000000000e+04
6.520264541292183358e-01,1.533200000000000000e+04
6.521960318806172552e-01,1.533900000000000000e+04
6.523656096320162856e-01,1.535000000000000000e+04
6.525351873834153160e-01,1.535100000000000000e+04
6.527047651348143464e-01,1.535400000000000000e+04
6.528743428862133769e-01,1.535600000000000000e+04
6.530439206376124073e-01,1.536200000000000000e+04
6.532134983890114377e-01,1.537500000000000000e+04
6.533830761404104681e-01,1.537600000000000000e+04
6.535526538918093875e-01,1.538600000000000000e+04
6.537222316432084179e-01,1.539200000000000000e+04
6.538918093946074483e-01,1.539600000000000000e+04
6.540613871460064788e-01,1.541600000000000000e+04
6.542309648974055092e-01,1.541700000000000000e+04
6.544005426488045396e-01,1.542200000000000000e+04
6.545701204002035700e-01,1.543200000000000000e+04
6.547396981516026004e-01,1.544500000000000000e+04
6.549092759030015198e-01,1.545900000000000000e+04
6.550788536544005503e-01,1.546000000000000000e+04
6.552484314057995807e-01,1.546500000000000000e+04
6.554180091571986111e-01,1.547600000000000000e+04
6.555875869085976415e-01,1.547900000000000000e+04
6.557571646599966719e-01,1.550300000000000000e+04
6.559267424113957023e-01,1.550700000000000000e+04
6.560963201627947328e-01,1.551600000000000000e+04
6.562658979141936522e-01,1.552300000000000000e+04
6.564354756655926826e-01,1.552700000000000000e+04
6.566050534169917130e-01,1.555400000000000000e+04
6.567746311683907434e-01,1.555400000000000000e+04
6.569442089197897738e-01,1.555500000000000000e+04
6.571137866711888043e-01,1.556000000000000000e+04
6.572833644225878347e-01,1.556600000000000000e+04
6.574529421739868651e-01,1.556800000000000000e+04
6.576225199253857845e-01,1.559700000000000000e+04
6.577920976767848149e-01,1.560800000000000000e+04
6.579616754281838453e-01,1.561000000000000000e+04
6.581312531795828757e-01,1.561700000000000000e+04
6.583008309309819062e-01,1.563000000000000000e+04
6.584704086823809366e-01,1.566400000000000000e+04
6.586399864337799670e-01,1.567100000000000000e+04
6.588095641851789974e-01,1.569400000000000000e+04
6.589791419365779168e-01,1.569600000000000000e+04
6.591487196879769472e-01,1.570600000000000000e+04
6.593182974393759777e-01,1.572800000000000000e+04
6.594878751907750081e-01,1.573400000000000000e+04
6.596574529421740385e-01,1.573700000000000000e+04
6.598270306935730689e-01,1.574000000000000000e+04
6.599966084449720993e-01,1.574000000000000000e+04
6.601661861963711297e-01,1.575600000000000000e+04
6.603357639477700491e-01,1.575800000000000000e+04
6.605053416991690796e-01,1.576600000000000000e+04
6.606749194505681100e-01,1.579100000000000000e+04
6.608444972019671404e-01,1.579800000000000000e+04
6.610140749533661708e-01,1.579900000000000000e+04
6.611836527047652012e-01,1.580500000000000000e+04
6.613532304561642317e-01,1.581400000000000000e+04
6.615228082075632621e-01,1.582000000000000000e+04
6.616923859589621815e-01,1.582200000000000000e+04
6.618619637103612119e-01,1.584500000000000000e+04
6.620315414617602423e-01,1.585700000000000000e+04
6.622011192131592727e-01,1.585900000000000000e+04
6.623706969645583031e-01,1.586700000000000000e+04
6.625402747159573336e-01,1.587800000000000000e+04
6.627098524673563640e-01,1.588300000000000000e+04
6.628794302187553944e-01,1.588400000000000000e+04
6.630490079701543138e-01,1.590400000000000000e+04
6.632185857215533442e-01,1.590700000000000000e+04
6.633881634729523746e-01,1.591200000000000000e+04
6.635577412243514051e-01,1.592400000000000000e+04
6.637273189757504355e-01,1.592600000000000000e+04
6.638968967271494659e-01,1.593000000000000000e+04
6.640664744785484963e-01,1.593800000000000000e+04
6.642360522299475267e-01,1.593900000000000000e+04
6.644056299813464461e-01,1.594000000000000000e+04
6.645752077327454765e-01,1.595200000000000000e+04
6.647447854841445070e-01,1.595600000000000000e+04
6.649143632355435374e-01,1.595600000000000000e+04
6.650839409869425678e-01,1.595800000000000000e+04
6.652535187383415982e-01,1.596000000000000000e+04
6.654230964897406286e-01,1.600800000000000000e+04
6.655926742411396591e-01,1.602200000000000000e+04
6.657622519925385784e-01,1.602300000000000000e+04
6.659318297439376089e-01,1.603700000000000000e+04
6.661014074953366393e-01,1.605500000000000000e+04
6.662709852467356697e-01,1.607800000000000000e+04
6.664405629981347001e-01,1.608600000000000000e+04
6.666101407495337305e-01,1.608600000000000000e+04
6.667797185009327610e-01,1.609000000000000000e+04
6.669492962523316804e-01,1.609100000000000000e+04
6.671188740037307108e-01,1.609400000000000000e+04
6.672884517551297412e-01,1.610900000000000000e+04
6.674580295065287716e-01,1.612300000000000000e+04
6.676276072579278020e-01,1.614100000000000000e+04
6.677971850093268324e-01,1.617600000000000000e+04
6.679667627607258629e-01,1.617900000000000000e+04
6.681363405121248933e-01,1.618600000000000000e+04
6.683059182635238127e-01,1.620300000000000000e+04
6.684754960149228431e-01,1.621300000000000000e+04
6.686450737663218735e-01,1.622400000000000000e+04
6.688146515177209039e-01,1.623300000000000000e+04
6.689842292691199344e-01,1.623600000000000000e+04
6.691538070205189648e-01,1.626700000000000000e+04
6.693233847719179952e-01,1.627200000000000000e+04
6.694929625233170256e-01,1.628300000000000000e+04
6.696625402747159450e-01,1.628900000000000000e+04
6.698321180261149754e-01,1.630400000000000000e+04
6.700016957775140058e-01,1.630600000000000000e+04
6.701712735289130363e-01,1.630900000000000000e+04
6.703408512803120667e-01,1.631300000000000000e+04
6.705104290317110971e-01,1.636100000000000000e+04
6.706800067831101275e-01,1.637600000000000000e+04
6.708495845345091579e-01,1.638100000000000000e+04
6.710191622859080773e-01,1.639300000000000000e+04
6.711887400373071078e-01,1.639400000000000000e+04
6.713583177887061382e-01,1.639600000000000000e+04
6.715278955401051686e-01,1.640300000000000000e+04
6.716974732915041990e-01,1.640500000000000000e+04
6.718670510429032294e-01,1.641100000000000000e+04
6.720366287943022598e-01,1.641600000000000000e+04
6.722062065457012903e-01,1.642400000000000000e+04
6.723757842971002097e-01,1.646700000000000000e+04
6.725453620484992401e-01,1.647900000000000000e+04
6.727149397998982705e-01,1.648300000000000000e+04
6.728845175512973009e-01,1.648900000000000000e+04
6.730540953026963313e-01,1.649000000000000000e+04
6.732236730540953618e-01,1.650400000000000000e+04
6.733932508054943922e-01,1.653600000000000000e+04
6.735628285568934226e-01,1.654300000000000000e+04
6.737324063082923420e-01,1.655300000000000000e+04
6.739019840596913724e-01,1.655700000000000000e+04
6.740715618110904028e-01,1.656700000000000000e+04
6.742411395624894332e-01,1.657300000000000000e+04
6.744107173138884637e-01,1.657300000000000000e+04
6.745802950652874941e-01,1.658400000000000000e+04
6.747498728166865245e-01,1.659200000000000000e+04
6.749194505680855549e-01,1.662600000000000000e+04
6.750890283194844743e-01,1.663800000000000000e+04
6.752586060708835047e-01,1.663800000000000000e+04
6.754281838222825352e-01,1.665700000000000000e+04
6.755977615736815656e-01,1.667600000000000000e+04
6.757673393250805960e-01,1.669200000000000000e+04
6.759369170764796264e-01,1.670200000000000000e+04
6.761064948278786568e-01,1.670700000000000000e+04
6.762760725792776872e-01,1.671300000000000000e+04
6.764456503306766066e-01,1.672500000000000000e+04
6.766152280820756371e-01,1.673000000000000000e+04
6.767848058334746675e-01,1.673200000000000000e+04
6.769543835848736979e-01,1.673600000000000000e+04
6.771239613362727283e-01,1.675400000000000000e+04
6.772935390876717587e-01,1.675900000000000000e+04
6.774631168390707892e-01,1.676500000000000000e+04
6.776326945904698196e-01,1.678100000000000000e+04
6.778022723418687390e-01,1.678700000000000000e+04
6.779718500932677694e-01,1.679200000000000000e+04
6.781414278446667998e-01,1.681100000000000000e+04
6.783110055960658302e-01,1.681700000000000000e+04
6.784805833474648606e-01,1.682200000000000000e+04
6.786501610988638911e-01,1.683500000000000000e+04
6.788197388502629215e-01,1.684200000000000000e+04
6.789893166016619519e-01,1.684300000000000000e+04
6.791588943530608713e-01,1.686600000000000000e+04
6.793284721044599017e-01,1.687100000000000000e+04
6.794980498558589321e-01,1.689500000000000000e+04
6.796676276072579626e-01,1.690200000000000000e+04
6.798372053586569930e-01,1.690400000000000000e+04
6.800067831100560234e-01,1.690800000000000000e+04
6.801763608614550538e-01,1.691100000000000000e+04
6.803459386128540842e-01,1.691100000000000000e+04
6.805155163642530036e-01,1.692600000000000000e+04
6.806850941156520340e-01,1.692600000000000000e+04
6.808546718670510645e-01,1.693500000000000000e+04
6.810242496184500949e-01,1.695100000000000000e+04
6.811938273698491253e-01,1.695600000000000000e+04
6.813634051212481557e-01,1.696600000000000000e+04
6.815329828726471861e-01,1.697200000000000000e+04
6.817025606240462166e-01,1.697500000000000000e+04
6.818721383754451359e-01,1.698600000000000000e+04
6.820417161268441664e-01,1.699100000000000000e+04
6.822112938782431968e-01,1.700200000000000000e+04
6.823808716296422272e-01,1.702000000000000000e+04
6.825504493810412576e-01,1.702200000000000000e+04
6.827200271324402880e-01,1.702300000000000000e+04
6.828896048838393185e-01,1.702700000000000000e+04
6.830591826352383489e-01,1.703100000000000000e+04
6.832287603866372683e-01,1.708200000000000000e+04
6.833983381380362987e-01,1.710500000000000000e+04
6.835679158894353291e-01,1.710500000000000000e+04
6.837374936408343595e-01,1.713000000000000000e+04
6.839070713922333900e-01,1.714900000000000000e+04
6.840766491436324204e-01,1.718700000000000000e+04
6.842462268950314508e-01,1.720400000000000000e+04
6.844158046464304812e-01,1.721500000000000000e+04
6.845853823978294006e-01,1.722700000000000000e+04
6.847549601492284310e-01,1.723400000000000000e+04
6.849245379006274614e-01,1.725800000000000000e+04
6.850941156520264919e-01,1.727000000000000000e+04
6.852636934034255223e-01,1.727100000000000000e+04
6.854332711548245527e-01,1.731500000000000000e+04
6.856028489062235831e-01,1.731600000000000000e+04
6.857724266576226135e-01,1.732100000000000000e+04
6.859420044090215329e-01,1.732700000000000000e+04
6.861115821604205633e-01,1.732900000000000000e+04
6.862811599118195938e-01,1.735700000000000000e+04
6.864507376632186242e-01,1.736800000000000000e+04
6.866203154146176546e-01,1.738900000000000000e+04
6.867898931660166850e-01,1.739300000000000000e+04
6.869594709174157154e-01,1.739600000000000000e+04
6.871290486688147459e-01,1.740300000000000000e+04
6.872986264202136653e-01,1.740800000000000000e+04
6.874682041716126957e-01,1.742200000000000000e+04
6.876377819230117261e-01,1.743800000000000000e+04
6.878073596744107565e-01,1.743900000000000000e+04
6.879769374258097869e-01,1.745400000000000000e+04
6.881465151772088173e-01,1.746100000000000000e+04
6.883160929286078478e-01,1.746100000000000000e+04
6.884856706800068782e-01,1.746300000000000000e+04
6.886552484314057976e-01,1.746600000000000000e+04
6.888248261828048280e-01,1.747100000000000000e+04
6.889944039342038584e-01,1.748800000000000000e+04
6.891639816856028888e-01,1.750800000000000000e+04
6.893335594370019193e-01,1.751000000000000000e+04
6.895031371884009497e-01,1.756100000000000000e+04
6.896727149397999801e-01,1.760500000000000000e+04
6.898422926911990105e-01,1.763400000000000000e+04
6.900118704425979299e-01,1.763600000000000000e+04
6.901814481939969603e-01,1.764500000000000000e+04
6.903510259453959907e-01,1.764900000000000000e+04
6.905206036967950212e-01,1.765200000000000000e+04
6.906901814481940516e-01,1.767700000000000000e+04
6.908597591995930820e-01,1.769100000000000000e+04
6.910293369509921124e-01,1.769400000000000000e+04
6.911989147023911428e-01,1.769500000000000000e+04
6.913684924537900622e-01,1.770500000000000000e+04
6.915380702051890927e-01,1.775300000000000000e+04
6.917076479565881231e-01,1.775400000000000000e+04
6.918772257079871535e-01,1.775400000000000000e+04
6.920468034593861839e-01,1.777300000000000000e+04
6.922163812107852143e-01,1.778700000000000000e+04
6.923859589621842447e-01,1.779000000000000000e+04
6.925555367135832752e-01,1.780000000000000000e+04
6.927251144649821946e-01,1.781900000000000000e+04
6.928946922163812250e-01,1.783100000000000000e+04
6.930642699677802554e-01,1.784600000000000000e+04
6.932338477191792858e-01,1.784800000000000000e+04
6.934034254705783162e-01,1.786800000000000000e+04
6.935730032219773467e-01,1.790600000000000000e+04
6.937425809733763771e-01,1.790700000000000000e+04
6.939121587247754075e-01,1.791800000000000000e+04
6.940817364761743269e-01,1.792000000000000000e+04
6.942513142275733573e-01,1.792300000000000000e+04
6.944208919789723877e-01,1.792400000000000000e+04
6.945904697303714181e-01,1.793300000000000000e+04
6.947600474817704486e-01,1.793900000000000000e+04
6.949296252331694790e-01,1.794700000000000000e+04
6.950992029845685094e-01,1.795400000000000000e+04
6.952687807359674288e-01,1.795500000000000000e+04
6.954383584873664592e-01,1.796400000000000000e+04
6.956079362387654896e-01,1.797500000000000000e+04
6.957775139901645201e-01,1.798100000000000000e+04
6.959470917415635505e-01,1.798200000000000000e+04
6.961166694929625809e-01,1.799400000000000000e+04
6.962862472443616113e-01,1.800800000000000000e+04
6.964558249957606417e-01,1.804800000000000000e+04
6.966254027471595611e-01,1.804900000000000000e+04
6.967949804985585915e-01,1.805000000000000000e+04
6.969645582499576220e-01,1.805300000000000000e+04
6.971341360013566524e-01,1.806300000000000000e+04
6.973037137527556828e-01,1.808500000000000000e+04
6.974732915041547132e-01,1.809000000000000000e+04
6.976428692555537436e-01,1.809900000000000000e+04
6.978124470069527741e-01,1.810700000000000000e+04
6.979820247583516934e-01,1.810800000000000000e+04
6.981516025097507239e-01,1.812200000000000000e+04
6.983211802611497543e-01,1.816300000000000000e+04
6.984907580125487847e-01,1.816500000000000000e+04
6.986603357639478151e-01,1.819100000000000000e+04
6.988299135153468455e-01,1.819800000000000000e+04
6.989994912667458760e-01,1.820000000000000000e+04
6.991690690181449064e-01,1.821700000000000000e+04
6.993386467695438258e-01,1.826300000000000000e+04
6.995082245209428562e-01,1.826800000000000000e+04
6.996778022723418866e-01,1.828800000000000000e+04
6.998473800237409170e-01,1.831700000000000000e+04
7.000169577751399475e-01,1.832200000000000000e+04
7.001865355265389779e-01,1.834300000000000000e+04
7.003561132779380083e-01,1.834700000000000000e+04
7.005256910293370387e-01,1.836700000000000000e+04
7.006952687807359581e-01,1.837900000000000000e+04
7.008648465321349885e-01,1.838000000000000000e+04
7.010344242835340189e-01,1.841800000000000000e+04
7.012040020349330494e-01,1.842100000000000000e+04
7.013735797863320798e-01,1.842200000000000000e+04
7.015431575377311102e-01,1.844300000000000000e+04
7.017127352891301406e-01,1.845200000000000000e+04
7.018823130405291710e-01,1.849500000000000000e+04
7.020518907919280904e-01,1.851400000000000000e+04
7.022214685433271208e-01,1.853400000000000000e+04
7.023910462947261513e-01,1.854100000000000000e+04
7.025606240461251817e-01,1.854600000000000000e+04
7.027302017975242121e-01,1.855500000000000000e+04
7.028997795489232425e-01,1.858000000000000000e+04
7.030693573003222729e-01,1.858600000000000000e+04
7.032389350517213034e-01,1.859500000000000000e+04
7.034085128031202228e-01,1.859500000000000000e+04
7.035780905545192532e-01,1.861100000000000000e+04
7.037476683059182836e-01,1.862300000000000000e+04
7.039172460573173140e-01,1.862500000000000000e+04
7.040868238087163444e-01,1.864600000000000000e+04
7.042564015601153748e-01,1.864800000000000000e+04
7.044259793115144053e-01,1.869900000000000000e+04
7.045955570629134357e-01,1.873700000000000000e+04
7.047651348143123551e-01,1.873800000000000000e+04
7.049347125657113855e-01,1.874100000000000000e+04
7.051042903171104159e-01,1.874900000000000000e+04
7.052738680685094463e-01,1.876400000000000000e+04
7.054434458199084768e-01,1.877000000000000000e+04
7.056130235713075072e-01,1.877000000000000000e+04
7.057826013227065376e-01,1.877100000000000000e+04
7.059521790741055680e-01,1.878400000000000000e+04
7.061217568255044874e-01,1.885600000000000000e+04
7.062913345769035178e-01,1.888100000000000000e+04
7.064609123283025482e-01,1.888300000000000000e+04
7.066304900797015787e-01,1.890600000000000000e+04
7.068000678311006091e-01,1.891400000000000000e+04
7.069696455824996395e-01,1.892300000000000000e+04
7.071392233338986699e-01,1.894200000000000000e+04
7.073088010852977003e-01,1.894800000000000000e+04
7.074783788366966197e-01,1.895200000000000000e+04
7.076479565880956502e-01,1.898000000000000000e+04
7.078175343394946806e-01,1.901100000000000000e+04
7.079871120908937110e-01,1.901500000000000000e+04
7.081566898422927414e-01,1.901900000000000000e+04
7.083262675936917718e-01,1.903000000000000000e+04
7.084958453450908022e-01,1.903200000000000000e+04
7.086654230964898327e-01,1.904300000000000000e+04
7.088350008478887521e-01,1.906700000000000000e+04
7.090045785992877825e-01,1.907500000000000000e+04
7.091741563506868129e-01,1.908200000000000000e+04
7.093437341020858433e-01,1.910600000000000000e+04
7.095133118534848737e-01,1.911500000000000000e+04
7.096828896048839042e-01,1.913500000000000000e+04
7.098524673562829346e-01,1.919200000000000000e+04
7.100220451076819650e-01,1.920900000000000000e+04
7.101916228590808844e-01,1.921400000000000000e+04
7.103612006104799148e-01,1.922400000000000000e+04
7.105307783618789452e-01,1.926100000000000000e+04
7.107003561132779756e-01,1.931800000000000000e+04
7.108699338646770061e-01,1.932500000000000000e+04
7.110395116160760365e-01,1.933700000000000000e+04
7.112090893674750669e-01,1.934600000000000000e+04
7.113786671188740973e-01,1.937700000000000000e+04
7.115482448702730167e-01,1.938600000000000000e+04
7.117178226216720471e-01,1.939200000000000000e+04
7.118874003730710776e-01,1.941400000000000000e+04
7.120569781244701080e-01,1.943600000000000000e+04
7.122265558758691384e-01,1.946700000000000000e+04
7.123961336272681688e-01,1.947400000000000000e+04
7.125657113786671992e-01,1.948900000000000000e+04
7.127352891300662296e-01,1.951200000000000000e+04
7.129048668814651490e-01,1.951600000000000000e+04
7.130744446328641795e-01,1.953700000000000000e+04
7.132440223842632099e-01,1.953900000000000000e+04
7.134136001356622403e-01,1.955100000000000000e+04
7.135831778870612707e-01,1.956800000000000000e+04
7.137527556384603011e-01,1.958900000000000000e+04
7.139223333898593316e-01,1.959400000000000000e+04
7.140919111412583620e-01,1.960600000000000000e+04
7.142614888926572814e-01,1.961800000000000000e+04
7.144310666440563118e-01,1.965700000000000000e+04
7.146006443954553422e-01,1.970700000000000000e+04
7.147702221468543726e-01,1.971300000000000000e+04
7.149397998982534030e-01,1.974600000000000000e+04
7.151093776496524335e-01,1.975900000000000000e+04
7.152789554010514639e-01,1.976200000000000000e+04
7.154485331524504943e-01,1.976700000000000000e+04
7.156181109038494137e-01,1.982300000000000000e+04
7.157876886552484441e-01,1.982500000000000000e+04
7.159572664066474745e-01,1.983100000000000000e+04
7.161268441580465050e-01,1.986400000000000000e+04
7.162964219094455354e-01,1.986400000000000000e+04
7.164659996608445658e-01,1.988300000000000000e+04
7.166355774122435962e-01,1.989100000000000000e+04
7.168051551636426266e-01,1.989800000000000000e+04
7.169747329150415460e-01,1.991400000000000000e+04
7.171443106664405764e-01,1.991400000000000000e+04
7.173138884178396069e-01,1.991500000000000000e+04
7.174834661692386373e-01,1.996000000000000000e+04
7.176530439206376677e-01,1.996800000000000000e+04
7.178226216720366981e-01,1.998700000000000000e+04
7.179921994234357285e-01,1.999600000000000000e+04
7.181617771748347590e-01,2.002700000000000000e+04
7.183313549262336783e-01,2.003100000000000000e+04
7.185009326776327088e-01,2.009500000000000000e+04
7.186705104290317392e-01,2.010100000000000000e+04
7.188400881804307696e-01,2.011100000000000000e+04
7.190096659318298000e-01,2.014400000000000000e+04
7.191792436832288304e-01,2.015300000000000000e+04
7.193488214346278609e-01,2.016600000000000000e+04
7.195183991860268913e-01,2.017300000000000000e+04
7.196879769374258107e-01,2.019500000000000000e+04
7.198575546888248411e-01,2.020900000000000000e+04
7.200271324402238715e-01,2.024900000000000000e+04
7.201967101916229019e-01,2.027500000000000000e+04
7.203662879430219323e-01,2.027500000000000000e+04
7.205358656944209628e-01,2.028900000000000000e+04
7.207054434458199932e-01,2.029600000000000000e+04
7.208750211972190236e-01,2.030100000000000000e+04
7.210445989486179430e-01,2.030300000000000000e+04
7.212141767000169734e-01,2.030500000000000000e+04
7.213837544514160038e-01,2.030700000000000000e+04
7.215533322028150343e-01,2.030900000000000000e+04
7.217229099542140647e-01,2.034500000000000000e+04
7.218924877056130951e-01,2.035900000000000000e+04
7.220620654570121255e-01,2.039500000000000000e+04
7.222316432084111559e-01,2.041300000000000000e+04
7.224012209598100753e-01,2.041600000000000000e+04
7.225707987112091057e-01,2.042400000000000000e+04
7.227403764626081362e-01,2.042600000000000000e+04
7.229099542140071666e-01,2.045300000000000000e+04
7.230795319654061970e-01,2.045300000000000000e+04
7.232491097168052274e-01,2.047700000000000000e+04
7.234186874682042578e-01,2.050500000000000000e+04
7.235882652196031772e-01,2.051900000000000000e+04
7.237578429710022077e-01,2.055600000000000000e+04
7.239274207224012381e-01,2.056100000000000000e+04
7.240969984738002685e-01,2.056800000000000000e+04
7.242665762251992989e-01,2.057700000000000000e+04
7.244361539765983293e-01,2.057800000000000000e+04
7.246057317279973597e-01,2.059000000000000000e+04
7.247753094793963902e-01,2.066400000000000000e+04
7.249448872307953096e-01,2.068800000000000000e+04
7.251144649821943400e-01,2.069600000000000000e+04
7.252840427335933704e-01,2.069800000000000000e+04
7.254536204849924008e-01,2.070300000000000000e+04
7.256231982363914312e-01,2.072000000000000000e+04
7.257927759877904617e-01,2.072400000000000000e+04
7.259623537391894921e-01,2.072700000000000000e+04
7.261319314905885225e-01,2.072700000000000000e+04
7.263015092419874419e-01,2.076000000000000000e+04
7.264710869933864723e-01,2.081100000000000000e+04
7.266406647447855027e-01,2.081500000000000000e+04
7.268102424961845331e-01,2.081700000000000000e+04
7.269798202475835636e-01,2.081800000000000000e+04
7.271493979989825940e-01,2.082000000000000000e+04
7.273189757503816244e-01,2.084300000000000000e+04
7.274885535017806548e-01,2.084700000000000000e+04
7.276581312531795742e-01,2.085100000000000000e+04
7.278277090045786046e-01,2.085400000000000000e+04
7.279972867559776351e-01,2.086200000000000000e+04
7.281668645073766655e-01,2.086800000000000000e+04
7.283364422587756959e-01,2.087000000000000000e+04
7.285060200101747263e-01,2.087900000000000000e+04
7.286755977615737567e-01,2.088100000000000000e+04
7.288451755129727871e-01,2.088400000000000000e+04
7.290147532643717065e-01,2.089100000000000000e+04
7.291843310157707370e-01,2.091000000000000000e+04
7.293539087671697674e-01,2.092900000000000000e+04
7.295234865185687978e-01,2.095600000000000000e+04
7.296930642699678282e-01,2.096600000000000000e+04
7.298626420213668586e-01,2.097100000000000000e+04
7.300322197727658891e-01,2.098600000000000000e+04
7.302017975241649195e-01,2.098600000000000000e+04
7.303713752755638389e-01,2.098900000000000000e+04
7.305409530269628693e-01,2.099200000000000000e+04
7.307105307783618997e-01,2.099700000000000000e+04
7.308801085297609301e-01,2.100100000000000000e+04
7.310496862811599605e-01,2.103500000000000000e+04
7.312192640325589910e-01,2.104400000000000000e+04
7.313888417839580214e-01,2.104800000000000000e+04
7.315584195353570518e-01,2.105300000000000000e+04
7.317279972867559712e-01,2.105800000000000000e+04
7.318975750381550016e-01,2.108500000000000000e+04
7.320671527895540320e-01,2.109500000000000000e+04
7.322367305409530625e-01,2.109600000000000000e+04
7.324063082923520929e-01,2.109900000000000000e+04
7.325758860437511233e-01,2.112000000000000000e+04
7.327454637951501537e-01,2.115500000000000000e+04
7.329150415465491841e-01,2.115700000000000000e+04
7.330846192979481035e-01,2.116500000000000000e+04
7.332541970493471339e-01,2.121600000000000000e+04
7.334237748007461644e-01,2.125700000000000000e+04
7.335933525521451948e-01,2.127600000000000000e+04
7.337629303035442252e-01,2.128600000000000000e+04
7.339325080549432556e-01,2.128900000000000000e+04
7.341020858063422860e-01,2.131600000000000000e+04
7.342716635577413165e-01,2.132900000000000000e+04
7.344412413091402358e-01,2.133500000000000000e+04
7.346108190605392663e-01,2.134400000000000000e+04
7.347803968119382967e-01,2.134900000000000000e+04
7.349499745633373271e-01,2.138200000000000000e+04
7.351195523147363575e-01,2.141600000000000000e+04
7.352891300661353879e-01,2.145400000000000000e+04
7.354587078175344184e-01,2.145500000000000000e+04
7.356282855689334488e-01,2.146700000000000000e+04
7.357978633203323682e-01,2.147200000000000000e+04
7.359674410717313986e-01,2.148900000000000000e+04
7.361370188231304290e-01,2.150200000000000000e+04
7.363065965745294594e-01,2.151000000000000000e+04
7.364761743259284898e-01,2.151900000000000000e+04
7.366457520773275203e-01,2.152500000000000000e+04
7.368153298287265507e-01,2.153400000000000000e+04
7.369849075801255811e-01,2.155400000000000000e+04
7.371544853315245005e-01,2.156800000000000000e+04
7.373240630829235309e-01,2.156900000000000000e+04
7.374936408343225613e-01,2.157600000000000000e+04
7.376632185857215918e-01,2.158100000000000000e+04
7.378327963371206222e-01,2.164500000000000000e+04
7.380023740885196526e-01,2.165000000000000000e+04
7.381719518399186830e-01,2.165300000000000000e+04
7.383415295913177134e-01,2.167200000000000000e+04
7.385111073427166328e-01,2.171100000000000000e+04
7.386806850941156632e-01,2.175200000000000000e+04
7.388502628455146937e-01,2.175600000000000000e+04
7.390198405969137241e-01,2.178800000000000000e+04
7.391894183483127545e-01,2.179800000000000000e+04
7.393589960997117849e-01,2.179900000000000000e+04
7.395285738511108153e-01,2.182400000000000000e+04
7.396981516025098458e-01,2.183500000000000000e+04
7.398677293539087652e-01,2.188500000000000000e+04
7.400373071053077956e-01,2.191600000000000000e+04
7.402068848567068260e-01,2.191700000000000000e+04
7.403764626081058564e-01,2.192600000000000000e+04
7.405460403595048868e-01,2.193400000000000000e+04
7.407156181109039172e-01,2.195800000000000000e+04
7.408851958623029477e-01,2.198400000000000000e+04
7.410547736137019781e-01,2.199900000000000000e+04
7.412243513651008975e-01,2.202100000000000000e+04
7.413939291164999279e-01,2.202200000000000000e+04
7.415635068678989583e-01,2.203100000000000000e+04
7.417330846192979887e-01,2.203100000000000000e+04
7.419026623706970192e-01,2.205700000000000000e+04
7.420722401220960496e-01,2.205700000000000000e+04
7.422418178734950800e-01,2.207800000000000000e+04
7.424113956248941104e-01,2.207800000000000000e+04
7.425809733762930298e-01,2.208300000000000000e+04
7.427505511276920602e-01,2.209100000000000000e+04
7.429201288790910906e-01,2.209200000000000000e+04
7.430897066304901211e-01,2.212700000000000000e+04
7.432592843818891515e-01,2.213200000000000000e+04
7.434288621332881819e-01,2.214800000000000000e+04
7.435984398846872123e-01,2.217700000000000000e+04
7.437680176360862427e-01,2.224300000000000000e+04
7.439375953874851621e-01,2.225200000000000000e+04
7.441071731388841926e-01,2.231700000000000000e+04
7.442767508902832230e-01,2.232000000000000000e+04
7.444463286416822534e-01,2.232200000000000000e+04
7.446159063930812838e-01,2.233000000000000000e+04
7.447854841444803142e-01,2.233500000000000000e+04
7.449550618958793446e-01,2.235800000000000000e+04
7.451246396472783751e-01,2.236700000000000000e+04
7.452942173986772945e-01,2.240100000000000000e+04
7.454637951500763249e-01,2.242900000000000000e+04
7.456333729014753553e-01,2.244200000000000000e+04
7.458029506528743857e-01,2.244400000000000000e+04
7.459725284042734161e-01,2.244500000000000000e+04
7.461421061556724466e-01,2.246600000000000000e+04
7.463116839070714770e-01,2.249800000000000000e+04
7.464812616584705074e-01,2.250100000000000000e+04
7.466508394098694268e-01,2.255400000000000000e+04
7.468204171612684572e-01,2.255700000000000000e+04
7.469899949126674876e-01,2.256200000000000000e+04
7.471595726640665180e-01,2.260500000000000000e+04
7.473291504154655485e-01,2.265500000000000000e+04
7.474987281668645789e-01,2.270100000000000000e+04
7.476683059182636093e-01,2.272700000000000000e+04
7.478378836696626397e-01,2.278900000000000000e+04
7.480074614210615591e-01,2.280400000000000000e+04
7.481770391724605895e-01,2.283000000000000000e+04
7.483466169238596200e-01,2.283500000000000000e+04
7.485161946752586504e-01,2.284500000000000000e+04
7.486857724266576808e-01,2.289700000000000000e+04
7.488553501780567112e-01,2.289800000000000000e+04
7.490249279294557416e-01,2.290400000000000000e+04
7.491945056808547720e-01,2.290600000000000000e+04
7.493640834322536914e-01,2.292300000000000000e+04
7.495336611836527219e-01,2.292700000000000000e+04
7.497032389350517523e-01,2.298700000000000000e+04
7.498728166864507827e-01,2.299700000000000000e+04
7.500423944378498131e-01,2.300100000000000000e+04
7.502119721892488435e-01,2.300300000000000000e+04
7.503815499406478740e-01,2.301400000000000000e+04
7.505511276920469044e-01,2.303800000000000000e+04
7.507207054434458238e-01,2.304300000000000000e+04
7.508902831948448542e-01,2.307600000000000000e+04
7.510598609462438846e-01,2.308800000000000000e+04
7.512294386976429150e-01,2.310000000000000000e+04
7.513990164490419454e-01,2.313700000000000000e+04
7.515685942004409759e-01,2.316000000000000000e+04
7.517381719518400063e-01,2.317300000000000000e+04
7.519077497032390367e-01,2.319400000000000000e+04
7.520773274546379561e-01,2.321200000000000000e+04
7.522469052060369865e-01,2.321700000000000000e+04
7.524164829574360169e-01,2.322300000000000000e+04
7.525860607088350474e-01,2.323200000000000000e+04
7.527556384602340778e-01,2.328900000000000000e+04
7.529252162116331082e-01,2.331700000000000000e+04
7.530947939630321386e-01,2.332400000000000000e+04
7.532643717144310580e-01,2.333200000000000000e+04
7.534339494658300884e-01,2.333500000000000000e+04
7.536035272172291188e-01,2.337100000000000000e+04
7.537731049686281493e-01,2.345100000000000000e+04
7.539426827200271797e-01,2.351400000000000000e+04
7.541122604714262101e-01,2.351900000000000000e+04
7.542818382228252405e-01,2.351900000000000000e+04
7.544514159742242709e-01,2.352000000000000000e+04
7.546209937256231903e-01,2.354000000000000000e+04
7.547905714770222207e-01,2.354100000000000000e+04
7.549601492284212512e-01,2.354700000000000000e+04
7.551297269798202816e-01,2.355100000000000000e+04
7.552993047312193120e-01,2.357400000000000000e+04
7.554688824826183424e-01,2.359000000000000000e+04
7.556384602340173728e-01,2.360500000000000000e+04
7.558080379854164033e-01,2.360800000000000000e+04
7.559776157368153227e-01,2.361600000000000000e+04
7.561471934882143531e-01,2.362200000000000000e+04
7.563167712396133835e-01,2.363200000000000000e+04
7.564863489910124139e-01,2.363800000000000000e+04
7.566559267424114443e-01,2.363900000000000000e+04
7.568255044938104747e-01,2.363900000000000000e+04
7.569950822452095052e-01,2.365700000000000000e+04
7.571646599966085356e-01,2.366000000000000000e+04
7.573342377480074550e-01,2.366500000000000000e+04
7.575038154994064854e-01,2.369400000000000000e+04
7.576733932508055158e-01,2.369700000000000000e+04
7.578429710022045462e-01,2.371000000000000000e+04
7.580125487536035767e-01,2.372200000000000000e+04
7.581821265050026071e-01,2.374300000000000000e+04
7.583517042564016375e-01,2.376800000000000000e+04
7.585212820078006679e-01,2.379300000000000000e+04
7.586908597591995873e-01,2.381100000000000000e+04
7.588604375105986177e-01,2.389900000000000000e+04
7.590300152619976481e-01,2.391100000000000000e+04
7.591995930133966786e-01,2.393300000000000000e+04
7.593691707647957090e-01,2.393900000000000000e+04
7.595387485161947394e-01,2.396000000000000000e+04
7.597083262675937698e-01,2.396500000000000000e+04
7.598779040189928002e-01,2.396700000000000000e+04
7.600474817703917196e-01,2.397900000000000000e+04
7.602170595217907501e-01,2.400200000000000000e+04
7.603866372731897805e-01,2.403200000000000000e+04
7.605562150245888109e-01,2.407400000000000000e+04
7.607257927759878413e-01,2.408100000000000000e+04
7.608953705273868717e-01,2.408800000000000000e+04
7.610649482787859021e-01,2.413700000000000000e+04
7.612345260301849326e-01,2.414300000000000000e+04
7.614041037815838520e-01,2.415700000000000000e+04
7.615736815329828824e-01,2.416200000000000000e+04
7.617432592843819128e-01,2.420300000000000000e+04
7.619128370357809432e-01,2.420600000000000000e+04
7.620824147871799736e-01,2.425000000000000000e+04
7.622519925385790041e-01,2.425200000000000000e+04
7.624215702899780345e-01,2.427500000000000000e+04
7.625911480413770649e-01,2.434100000000000000e+04
7.627607257927759843e-01,2.434400000000000000e+04
7.629303035441750147e-01,2.438200000000000000e+04
7.630998812955740451e-01,2.438400000000000000e+04
7.632694590469730755e-01,2.441200000000000000e+04
7.634390367983721060e-01,2.443600000000000000e+04
7.636086145497711364e-01,2.445200000000000000e+04
7.637781923011701668e-01,2.446500000000000000e+04
7.639477700525691972e-01,2.446700000000000000e+04
7.641173478039681166e-01,2.451300000000000000e+04
7.642869255553671470e-01,2.452300000000000000e+04
7.644565033067661775e-01,2.456300000000000000e+04
7.646260810581652079e-01,2.456500000000000000e+04
7.647956588095642383e-01,2.459600000000000000e+04
7.649652365609632687e-01,2.464600000000000000e+04
7.651348143123622991e-01,2.465100000000000000e+04
7.653043920637613295e-01,2.466700000000000000e+04
7.654739698151602489e-01,2.471800000000000000e+04
7.656435475665592794e-01,2.473300000000000000e+04
7.658131253179583098e-01,2.477000000000000000e+04
7.659827030693573402e-01,2.481900000000000000e+04
7.661522808207563706e-01,2.485000000000000000e+04
7.663218585721554010e-01,2.493200000000000000e+04
7.664914363235544315e-01,2.493600000000000000e+04
7.666610140749534619e-01,2.493600000000000000e+04
7.668305918263523813e-01,2.494400000000000000e+04
7.670001695777514117e-01,2.495800000000000000e+04
7.671697473291504421e-01,2.496600000000000000e+04
7.673393250805494725e-01,2.497800000000000000e+04
7.675089028319485029e-01,2.499100000000000000e+04
7.676784805833475334e-01,2.499700000000000000e+04
7.678480583347465638e-01,2.500700000000000000e+04
7.680176360861455942e-01,2.502400000000000000e+04
7.681872138375445136e-01,2.505600000000000000e+04
7.683567915889435440e-01,2.506700000000000000e+04
7.685263693403425744e-01,2.506800000000000000e+04
7.686959470917416049e-01,2.509700000000000000e+04
7.688655248431406353e-01,2.511900000000000000e+04
7.690351025945396657e-01,2.512600000000000000e+04
7.692046803459386961e-01,2.516100000000000000e+04
7.693742580973377265e-01,2.519000000000000000e+04
7.695438358487366459e-01,2.519200000000000000e+04
7.697134136001356763e-01,2.521000000000000000e+04
7.698829913515347068e-01,2.521300000000000000e+04
7.700525691029337372e-01,2.521800000000000000e+04
7.702221468543327676e-01,2.523700000000000000e+04
7.703917246057317980e-01,2.523700000000000000e+04
7.705613023571308284e-01,2.527300000000000000e+04
7.707308801085298589e-01,2.529200000000000000e+04
7.709004578599287782e-01,2.531300000000000000e+04
7.710700356113278087e-01,2.532200000000000000e+04
7.712396133627268391e-01,2.532300000000000000e+04
7.714091911141258695e-01,2.540500000000000000e+04
7.715787688655248999e-01,2.540500000000000000e+04
7.717483466169239303e-01,2.541500000000000000e+04
7.719179243683229608e-01,2.542200000000000000e+04
7.720875021197219912e-01,2.545000000000000000e+04
7.722570798711209106e-01,2.545400000000000000e+04
7.724266576225199410e-01,2.553100000000000000e+04
7.725962353739189714e-01,2.553700000000000000e+04
7.727658131253180018e-01,2.557700000000000000e+04
7.729353908767170322e-01,2.560300000000000000e+04
7.731049686281160627e-01,2.561400000000000000e+04
7.732745463795150931e-01,2.562000000000000000e+04
7.734441241309141235e-01,2.566900000000000000e+04
7.736137018823130429e-01,2.571700000000000000e+04
7.737832796337120733e-01,2.572700000000000000e+04
7.739528573851111037e-01,2.573100000000000000e+04
7.741224351365101342e-01,2.575800000000000000e+04
7.742920128879091646e-01,2.576600000000000000e+04
7.744615906393081950e-01,2.577500000000000000e+04
7.746311683907072254e-01,2.578900000000000000e+04
7.748007461421062558e-01,2.580800000000000000e+04
7.749703238935051752e-01,2.581900000000000000e+04
7.751399016449042056e-01,2.586600000000000000e+04
7.753094793963032361e-01,2.588400000000000000e+04
7.754790571477022665e-01,2.590300000000000000e+04
7.756486348991012969e-01,2.592000000000000000e+04
7.758182126505003273e-01,2.593300000000000000e+04
7.759877904018993577e-01,2.594700000000000000e+04
7.761573681532983882e-01,2.595200000000000000e+04
7.763269459046973076e-01,2.601300000000000000e+04
7.764965236560963380e-01,2.601700000000000000e+04
7.766661014074953684e-01,2.602000000000000000e+04
7.768356791588943988e-01,2.604500000000000000e+04
7.770052569102934292e-01,2.606800000000000000e+04
7.771748346616924596e-01,2.609200000000000000e+04
7.773444124130914901e-01,2.611700000000000000e+04
7.775139901644905205e-01,2.611900000000000000e+04
7.776835679158894399e-01,2.615100000000000000e+04
7.778531456672884703e-01,2.620300000000000000e+04
7.780227234186875007e-01,2.623900000000000000e+04
7.781923011700865311e-01,2.624600000000000000e+04
7.783618789214855616e-01,2.630900000000000000e+04
7.785314566728845920e-01,2.631000000000000000e+04
7.787010344242836224e-01,2.633500000000000000e+04
7.788706121756826528e-01,2.637500000000000000e+04
7.790401899270815722e-01,2.638900000000000000e+04
7.792097676784806026e-01,2.640900000000000000e+04
7.793793454298796330e-01,2.645700000000000000e+04
7.795489231812786635e-01,2.646300000000000000e+04
7.797185009326776939e-01,2.647800000000000000e+04
7.798880786840767243e-01,2.652900000000000000e+04
7.800576564354757547e-01,2.653000000000000000e+04
7.802272341868747851e-01,2.653700000000000000e+04
7.803968119382737045e-01,2.654500000000000000e+04
7.805663896896727350e-01,2.654800000000000000e+04
7.807359674410717654e-01,2.654900000000000000e+04
7.809055451924707958e-01,2.655100000000000000e+04
7.810751229438698262e-01,2.655700000000000000e+04
7.812447006952688566e-01,2.657900000000000000e+04
7.814142784466678870e-01,2.659200000000000000e+04
7.815838561980668064e-01,2.661600000000000000e+04
7.817534339494658369e-01,2.671000000000000000e+04
7.819230117008648673e-01,2.672000000000000000e+04
7.820925894522638977e-01,2.677100000000000000e+04
7.822621672036629281e-01,2.679300000000000000e+04
7.824317449550619585e-01,2.680900000000000000e+04
7.826013227064609890e-01,2.683600000000000000e+04
7.827709004578600194e-01,2.687200000000000000e+04
7.829404782092589388e-01,2.688200000000000000e+04
7.831100559606579692e-01,2.688800000000000000e+04
7.832796337120569996e-01,2.691800000000000000e+04
7.834492114634560300e-01,2.694100000000000000e+04
7.836187892148550604e-01,2.694300000000000000e+04
7.837883669662540909e-01,2.696900000000000000e+04
7.839579447176531213e-01,2.698800000000000000e+04
7.841275224690521517e-01,2.701200000000000000e+04
7.842971002204510711e-01,2.702500000000000000e+04
7.844666779718501015e-01,2.706000000000000000e+04
7.846362557232491319e-01,2.706200000000000000e+04
7.848058334746481624e-01,2.710200000000000000e+04
7.849754112260471928e-01,2.713400000000000000e+04
7.851449889774462232e-01,2.714900000000000000e+04
7.853145667288452536e-01,2.715300000000000000e+04
7.854841444802442840e-01,2.715400000000000000e+04
7.856537222316432034e-01,2.716100000000000000e+04
7.858232999830422338e-01,2.719100000000000000e+04
7.859928777344412643e-01,2.720200000000000000e+04
7.861624554858402947e-01,2.722700000000000000e+04
7.863320332372393251e-01,2.724200000000000000e+04
7.865016109886383555e-01,2.725400000000000000e+04
7.866711887400373859e-01,2.730900000000000000e+04
7.868407664914364164e-01,2.731500000000000000e+04
7.870103442428353357e-01,2.741300000000000000e+04
7.871799219942343662e-01,2.742100000000000000e+04
7.873494997456333966e-01,2.745800000000000000e+04
7.875190774970324270e-01,2.746100000000000000e+04
7.876886552484314574e-01,2.747300000000000000e+04
7.878582329998304878e-01,2.751400000000000000e+04
7.880278107512295183e-01,2.754900000000000000e+04
7.881973885026285487e-01,2.759800000000000000e+04
7.883669662540274681e-01,2.760400000000000000e+04
7.885365440054264985e-01,2.760900000000000000e+04
7.887061217568255289e-01,2.761100000000000000e+04
7.888756995082245593e-01,2.761700000000000000e+04
7.890452772596235897e-01,2.762000000000000000e+04
7.892148550110226202e-01,2.762300000000000000e+04
7.893844327624216506e-01,2.766400000000000000e+04
7.895540105138206810e-01,2.766500000000000000e+04
7.897235882652196004e-01,2.769200000000000000e+04
7.898931660166186308e-01,2.769700000000000000e+04
7.900627437680176612e-01,2.774500000000000000e+04
7.902323215194166917e-01,2.775100000000000000e+04
7.904018992708157221e-01,2.781200000000000000e+04
7.905714770222147525e-01,2.783800000000000000e+04
7.907410547736137829e-01,2.784000000000000000e+04
7.909106325250128133e-01,2.785000000000000000e+04
7.910802102764117327e-01,2.789600000000000000e+04
7.912497880278107631e-01,2.790900000000000000e+04
7.914193657792097936e-01,2.790900000000000000e+04
7.915889435306088240e-01,2.791000000000000000e+04
7.917585212820078544e-01,2.791700000000000000e+04
7.919280990334068848e-01,2.798300000000000000e+04
7.920976767848059152e-01,2.799000000000000000e+04
7.922672545362049457e-01,2.800900000000000000e+04
7.924368322876038651e-01,2.803000000000000000e+04
7.926064100390028955e-01,2.806400000000000000e+04
7.927759877904019259e-01,2.812500000000000000e+04
7.929455655418009563e-01,2.815700000000000000e+04
7.931151432931999867e-01,2.816900000000000000e+04
7.932847210445990171e-01,2.821900000000000000e+04
7.934542987959980476e-01,2.822100000000000000e+04
7.936238765473970780e-01,2.825000000000000000e+04
7.937934542987959974e-01,2.826300000000000000e+04
7.939630320501950278e-01,2.826500000000000000e+04
7.941326098015940582e-01,2.827400000000000000e+04
7.943021875529930886e-01,2.829900000000000000e+04
7.944717653043921191e-01,2.833600000000000000e+04
7.946413430557911495e-01,2.835100000000000000e+04
7.948109208071901799e-01,2.836200000000000000e+04
7.949804985585892103e-01,2.839100000000000000e+04
7.951500763099881297e-01,2.842500000000000000e+04
7.953196540613871601e-01,2.843200000000000000e+04
7.954892318127861905e-01,2.843900000000000000e+04
7.956588095641852210e-01,2.847100000000000000e+04
7.958283873155842514e-01,2.849400000000000000e+04
7.959979650669832818e-01,2.850800000000000000e+04
7.961675428183823122e-01,2.852500000000000000e+04
7.963371205697813426e-01,2.858000000000000000e+04
7.965066983211802620e-01,2.859700000000000000e+04
7.966762760725792925e-01,2.860100000000000000e+04
7.968458538239783229e-01,2.860800000000000000e+04
7.970154315753773533e-01,2.860900000000000000e+04
7.971850093267763837e-01,2.864500000000000000e+04
7.973545870781754141e-01,2.864700000000000000e+04
7.975241648295744445e-01,2.866600000000000000e+04
7.976937425809734750e-01,2.867400000000000000e+04
7.978633203323723944e-01,2.868900000000000000e+04
7.980328980837714248e-01,2.872000000000000000e+04
7.982024758351704552e-01,2.873800000000000000e+04
7.983720535865694856e-01,2.874000000000000000e+04
7.985416313379685160e-01,2.874700000000000000e+04
7.987112090893675465e-01,2.875400000000000000e+04
7.988807868407665769e-01,2.876800000000000000e+04
7.990503645921656073e-01,2.879400000000000000e+04
7.992199423435645267e-01,2.885400000000000000e+04
7.993895200949635571e-01,2.886400000000000000e+04
7.995590978463625875e-01,2.898100000000000000e+04
7.997286755977616179e-01,2.898800000000000000e+04
7.998982533491606484e-01,2.898900000000000000e+04
8.000678311005596788e-01,2.901500000000000000e+04
8.002374088519587092e-01,2.905300000000000000e+04
8.004069866033577396e-01,2.908800000000000000e+04
8.005765643547566590e-01,2.909800000000000000e+04
8.007461421061556894e-01,2.910600000000000000e+04
8.009157198575547199e-01,2.911900000000000000e+04
8.010852976089537503e-01,2.915500000000000000e+04
8.012548753603527807e-01,2.920000000000000000e+04
8.014244531117518111e-01,2.927600000000000000e+04
8.015940308631508415e-01,2.929900000000000000e+04
8.017636086145498719e-01,2.937900000000000000e+04
8.019331863659487913e-01,2.939300000000000000e+04
8.021027641173478218e-01,2.940900000000000000e+04
8.022723418687468522e-01,2.944800000000000000e+04
8.024419196201458826e-01,2.945600000000000000e+04
8.026114973715449130e-01,2.949200000000000000e+04
8.027810751229439434e-01,2.955000000000000000e+04
8.029506528743429739e-01,2.958800000000000000e+04
8.031202306257420043e-01,2.961300000000000000e+04
8.032898083771409237e-01,2.961600000000000000e+04
8.034593861285399541e-01,2.966100000000000000e+04
8.036289638799389845e-01,2.966500000000000000e+04
8.037985416313380149e-01,2.978600000000000000e+04
8.039681193827370453e-01,2.981100000000000000e+04
8.041376971341360758e-01,2.981900000000000000e+04
8.043072748855351062e-01,2.982000000000000000e+04
8.044768526369341366e-01,2.988600000000000000e+04
8.046464303883330560e-01,2.991700000000000000e+04
8.048160081397320864e-01,2.994400000000000000e+04
8.049855858911311168e-01,2.996900000000000000e+04
8.051551636425301472e-01,2.999200000000000000e+04
8.053247413939291777e-01,3.000500000000000000e+04
8.054943191453282081e-01,3.008100000000000000e+04
8.056638968967272385e-01,3.009000000000000000e+04
8.058334746481262689e-01,3.009400000000000000e+04
8.060030523995251883e-01,3.010000000000000000e+04
8.061726301509242187e-01,3.015300000000000000e+04
8.063422079023232492e-01,3.015600000000000000e+04
8.065117856537222796e-01,3.028100000000000000e+04
8.066813634051213100e-01,3.031900000000000000e+04
8.068509411565203404e-01,3.034800000000000000e+04
8.070205189079193708e-01,3.035700000000000000e+04
8.071900966593184013e-01,3.037800000000000000e+04
8.073596744107173206e-01,3.039300000000000000e+04
8.075292521621163511e-01,3.041800000000000000e+04
8.076988299135153815e-01,3.045200000000000000e+04
8.078684076649144119e-01,3.046200000000000000e+04
8.080379854163134423e-01,3.048800000000000000e+04
8.082075631677124727e-01,3.049800000000000000e+04
8.083771409191115032e-01,3.050800000000000000e+04
8.085467186705105336e-01,3.052100000000000000e+04
8.087162964219094530e-01,3.054900000000000000e+04
8.088858741733084834e-01,3.056700000000000000e+04
8.090554519247075138e-01,3.059400000000000000e+04
8.092250296761065442e-01,3.061800000000000000e+04
8.093946074275055746e-01,3.062100000000000000e+04
8.095641851789046051e-01,3.063200000000000000e+04
8.097337629303036355e-01,3.063700000000000000e+04
8.099033406817026659e-01,3.066900000000000000e+04
8.100729184331015853e-01,3.067600000000000000e+04
8.102424961845006157e-01,3.069700000000000000e+04
8.104120739358996461e-01,3.070600000000000000e+04
8.105816516872986766e-01,3.070700000000000000e+04
8.107512294386977070e-01,3.077800000000000000e+04
8.109208071900967374e-01,3.082400000000000000e+04
8.110903849414957678e-01,3.083300000000000000e+04
8.112599626928946872e-01,3.087100000000000000e+04
8.114295404442937176e-01,3.090400000000000000e+04
8.115991181956927480e-01,3.093600000000000000e+04
8.117686959470917785e-01,3.096200000000000000e+04
8.119382736984908089e-01,3.096500000000000000e+04
8.121078514498898393e-01,3.098300000000000000e+04
8.122774292012888697e-01,3.099100000000000000e+04
8.124470069526879001e-01,3.103300000000000000e+04
8.126165847040868195e-01,3.105900000000000000e+04
8.127861624554858500e-01,3.111000000000000000e+04
8.129557402068848804e-01,3.114300000000000000e+04
8.131253179582839108e-01,3.115200000000000000e+04
8.132948957096829412e-01,3.115900000000000000e+04
8.134644734610819716e-01,3.118500000000000000e+04
8.136340512124810020e-01,3.118500000000000000e+04
8.138036289638800325e-01,3.120000000000000000e+04
8.139732067152789519e-01,3.125600000000000000e+04
8.141427844666779823e-01,3.128300000000000000e+04
8.143123622180770127e-01,3.129400000000000000e+04
8.144819399694760431e-01,3.129500000000000000e+04
8.146515177208750735e-01,3.129700000000000000e+04
8.148210954722741040e-01,3.131000000000000000e+04
8.149906732236731344e-01,3.131600000000000000e+04
8.151602509750721648e-01,3.135000000000000000e+04
8.153298287264710842e-01,3.136000000000000000e+04
8.154994064778701146e-01,3.136500000000000000e+04
8.156689842292691450e-01,3.139600000000000000e+04
8.158385619806681754e-01,3.140200000000000000e+04
8.160081397320672059e-01,3.142800000000000000e+04
8.161777174834662363e-01,3.143200000000000000e+04
8.163472952348652667e-01,3.144700000000000000e+04
8.165168729862642971e-01,3.146300000000000000e+04
8.166864507376632165e-01,3.147100000000000000e+04
8.168560284890622469e-01,3.155400000000000000e+04
8.170256062404612774e-01,3.164400000000000000e+04
8.171951839918603078e-01,3.168400000000000000e+04
8.173647617432593382e-01,3.171200000000000000e+04
8.175343394946583686e-01,3.174100000000000000e+04
8.177039172460573990e-01,3.175600000000000000e+04
8.178734949974564294e-01,3.180100000000000000e+04
8.180430727488553488e-01,3.183500000000000000e+04
8.182126505002543793e-01,3.186400000000000000e+04
8.183822282516534097e-01,3.189400000000000000e+04
8.185518060030524401e-01,3.194100000000000000e+04
8.187213837544514705e-01,3.198400000000000000e+04
8.188909615058505009e-01,3.206700000000000000e+04
8.190605392572495314e-01,3.211600000000000000e+04
8.192301170086485618e-01,3.227500000000000000e+04
8.193996947600474812e-01,3.228000000000000000e+04
8.195692725114465116e-01,3.230000000000000000e+04
8.197388502628455420e-01,3.232700000000000000e+04
8.199084280142445724e-01,3.233000000000000000e+04
8.200780057656436028e-01,3.234100000000000000e+04
8.202475835170426333e-01,3.234100000000000000e+04
8.204171612684416637e-01,3.238000000000000000e+04
8.205867390198406941e-01,3.239400000000000000e+04
8.207563167712396135e-01,3.240200000000000000e+04
8.209258945226386439e-01,3.241500000000000000e+04
8.210954722740376743e-01,3.243200000000000000e+04
8.212650500254367048e-01,3.246100000000000000e+04
8.214346277768357352e-01,3.252900000000000000e+04
8.216042055282347656e-01,3.253700000000000000e+04
8.217737832796337960e-01,3.258900000000000000e+04
8.219433610310328264e-01,3.262300000000000000e+04
8.221129387824317458e-01,3.263200000000000000e+04
8.222825165338307762e-01,3.269100000000000000e+04
8.224520942852298067e-01,3.269100000000000000e+04
8.226216720366288371e-01,3.280800000000000000e+04
8.227912497880278675e-01,3.285300000000000000e+04
8.229608275394268979e-01,3.287600000000000000e+04
8.231304052908259283e-01,3.287700000000000000e+04
8.232999830422249588e-01,3.288400000000000000e+04
8.234695607936238781e-01,3.288800000000000000e+04
8.236391385450229086e-01,3.290900000000000000e+04
8.238087162964219390e-01,3.292600000000000000e+04
8.239782940478209694e-01,3.293500000000000000e+04
8.241478717992199998e-01,3.299200000000000000e+04
8.243174495506190302e-01,3.299800000000000000e+04
8.244870273020180607e-01,3.305700000000000000e+04
8.246566050534170911e-01,3.306300000000000000e+04
8.248261828048160105e-01,3.306900000000000000e+04
8.249957605562150409e-01,3.307300000000000000e+04
8.251653383076140713e-01,3.318900000000000000e+04
8.253349160590131017e-01,3.325100000000000000e+04
8.255044938104121321e-01,3.327700000000000000e+04
8.256740715618111626e-01,3.331200000000000000e+04
8.258436493132101930e-01,3.337700000000000000e+04
8.260132270646092234e-01,3.338400000000000000e+04
8.261828048160081428e-01,3.343200000000000000e+04
8.263523825674071732e-01,3.344300000000000000e+04
8.265219603188062036e-01,3.344500000000000000e+04
8.266915380702052341e-01,3.347700000000000000e+04
8.268611158216042645e-01,3.353400000000000000e+04
8.270306935730032949e-01,3.355300000000000000e+04
8.272002713244023253e-01,3.358400000000000000e+04
8.273698490758013557e-01,3.363300000000000000e+04
8.275394268272002751e-01,3.365900000000000000e+04
8.277090045785993055e-01,3.366400000000000000e+04
8.278785823299983360e-01,3.368300000000000000e+04
8.280481600813973664e-01,3.375600000000000000e+04
8.282177378327963968e-01,3.377400000000000000e+04
8.283873155841954272e-01,3.380600000000000000e+04
8.285568933355944576e-01,3.380700000000000000e+04
8.287264710869934881e-01,3.386400000000000000e+04
8.288960488383924075e-01,3.394000000000000000e+04
8.290656265897914379e-01,3.397600000000000000e+04
8.292352043411904683e-01,3.404700000000000000e+04
8.294047820925894987e-01,3.405200000000000000e+04
8.295743598439885291e-01,3.407400000000000000e+04
8.297439375953875595e-01,3.408600000000000000e+04
8.299135153467865900e-01,3.412000000000000000e+04
8.300830930981856204e-01,3.412600000000000000e+04
8.302526708495845398e-01,3.418900000000000000e+04
8.304222486009835702e-01,3.419800000000000000e+04
8.305918263523826006e-01,3.423900000000000000e+04
8.307614041037816310e-01,3.426000000000000000e+04
8.309309818551806615e-01,3.426600000000000000e+04
8.311005596065796919e-01,3.428400000000000000e+04
8.312701373579787223e-01,3.432000000000000000e+04
8.314397151093777527e-01,3.433400000000000000e+04
8.316092928607766721e-01,3.434100000000000000e+04
8.317788706121757025e-01,3.434700000000000000e+04
8.319484483635747329e-01,3.435300000000000000e+04
8.321180261149737634e-01,3.435500000000000000e+04
8.322876038663727938e-01,3.438700000000000000e+04
8.324571816177718242e-01,3.441100000000000000e+04
8.326267593691708546e-01,3.443900000000000000e+04
8.327963371205698850e-01,3.447800000000000000e+04
8.329659148719688044e-01,3.449700000000000000e+04
8.331354926233678349e-01,3.451800000000000000e+04
8.333050703747668653e-01,3.452500000000000000e+04
8.334746481261658957e-01,3.454600000000000000e+04
8.336442258775649261e-01,3.454900000000000000e+04
8.338138036289639565e-01,3.456800000000000000e+04
8.339833813803629869e-01,3.459600000000000000e+04
8.341529591317620174e-01,3.462000000000000000e+04
8.343225368831609368e-01,3.462400000000000000e+04
8.344921146345599672e-01,3.469700000000000000e+04
8.346616923859589976e-01,3.471100000000000000e+04
8.348312701373580280e-01,3.472200000000000000e+04
8.350008478887570584e-01,3.473400000000000000e+04
8.351704256401560889e-01,3.473600000000000000e+04
8.353400033915551193e-01,3.483000000000000000e+04
8.355095811429541497e-01,3.490500000000000000e+04
8.356791588943530691e-01,3.497900000000000000e+04
8.358487366457520995e-01,3.498400000000000000e+04
8.360183143971511299e-01,3.503700000000000000e+04
8.361878921485501603e-01,3.506600000000000000e+04
8.363574698999491908e-01,3.508400000000000000e+04
8.365270476513482212e-01,3.511000000000000000e+04
8.366966254027472516e-01,3.511200000000000000e+04
8.368662031541462820e-01,3.517600000000000000e+04
8.370357809055452014e-01,3.519800000000000000e+04
8.372053586569442318e-01,3.522700000000000000e+04
8.373749364083432623e-01,3.525300000000000000e+04
8.375445141597422927e-01,3.531500000000000000e+04
8.377140919111413231e-01,3.533500000000000000e+04
8.378836696625403535e-01,3.547200000000000000e+04
8.380532474139393839e-01,3.552000000000000000e+04
8.382228251653384143e-01,3.554700000000000000e+04
8.383924029167373337e-01,3.563300000000000000e+04
8.385619806681363642e-01,3.566900000000000000e+04
8.387315584195353946e-01,3.568000000000000000e+04
8.389011361709344250e-01,3.578800000000000000e+04
8.390707139223334554e-01,3.578900000000000000e+04
8.392402916737324858e-01,3.582300000000000000e+04
8.394098694251315163e-01,3.584200000000000000e+04
8.395794471765304356e-01,3.593400000000000000e+04
8.397490249279294661e-01,3.597100000000000000e+04
8.399186026793284965e-01,3.598200000000000000e+04
8.400881804307275269e-01,3.602500000000000000e+04
8.402577581821265573e-01,3.602800000000000000e+04
8.404273359335255877e-01,3.603700000000000000e+04
8.405969136849246182e-01,3.609800000000000000e+04
8.407664914363236486e-01,3.616800000000000000e+04
8.409360691877225680e-01,3.620600000000000000e+04
8.411056469391215984e-01,3.622400000000000000e+04
8.412752246905206288e-01,3.626000000000000000e+04
8.414448024419196592e-01,3.627800000000000000e+04
8.416143801933186896e-01,3.630600000000000000e+04
8.417839579447177201e-01,3.638700000000000000e+04
8.419535356961167505e-01,3.640600000000000000e+04
8.421231134475157809e-01,3.641200000000000000e+04
8.422926911989147003e-01,3.643800000000000000e+04
8.424622689503137307e-01,3.665000000000000000e+04
8.426318467017127611e-01,3.665800000000000000e+04
8.428014244531117916e-01,3.669300000000000000e+04
8.429710022045108220e-01,3.672200000000000000e+04
8.431405799559098524e-01,3.672300000000000000e+04
8.433101577073088828e-01,3.673200000000000000e+04
8.434797354587079132e-01,3.681700000000000000e+04
8.436493132101068326e-01,3.687000000000000000e+04
8.438188909615058630e-01,3.692100000000000000e+04
8.439884687129048935e-01,3.692100000000000000e+04
8.441580464643039239e-01,3.696200000000000000e+04
8.443276242157029543e-01,3.698300000000000000e+04
8.444972019671019847e-01,3.712700000000000000e+04
8.446667797185010151e-01,3.717200000000000000e+04
8.448363574699000456e-01,3.723900000000000000e+04
8.450059352212989650e-01,3.724200000000000000e+04
8.451755129726979954e-01,3.733300000000000000e+04
8.453450907240970258e-01,3.739400000000000000e+04
8.455146684754960562e-01,3.746300000000000000e+04
8.456842462268950866e-01,3.751100000000000000e+04
8.458538239782941170e-01,3.754700000000000000e+04
8.460234017296931475e-01,3.755200000000000000e+04
8.461929794810921779e-01,3.757200000000000000e+04
8.463625572324910973e-01,3.758800000000000000e+04
8.465321349838901277e-01,3.760100000000000000e+04
8.467017127352891581e-01,3.762700000000000000e+04
8.468712904866881885e-01,3.765600000000000000e+04
8.470408682380872190e-01,3.770500000000000000e+04
8.472104459894862494e-01,3.770700000000000000e+04
8.473800237408852798e-01,3.775600000000000000e+04
8.475496014922843102e-01,3.776300000000000000e+04
8.477191792436832296e-01,3.778500000000000000e+04
8.478887569950822600e-01,3.780700000000000000e+04
8.480583347464812904e-01,3.787500000000000000e+04
8.482279124978803209e-01,3.787500000000000000e+04
8.483974902492793513e-01,3.788300000000000000e+04
8.485670680006783817e-01,3.790700000000000000e+04
8.487366457520774121e-01,3.792600000000000000e+04
8.489062235034764425e-01,3.793800000000000000e+04
8.490758012548753619e-01,3.800100000000000000e+04
8.492453790062743924e-01,3.803500000000000000e+04
8.494149567576734228e-01,3.803600000000000000e+04
8.495845345090724532e-01,3.810000000000000000e+04
8.497541122604714836e-01,3.812400000000000000e+04
8.499236900118705140e-01,3.817100000000000000e+04
8.500932677632695444e-01,3.823200000000000000e+04
8.502628455146685749e-01,3.828200000000000000e+04
8.504324232660674943e-01,3.834300000000000000e+04
8.506020010174665247e-01,3.835800000000000000e+04
8.507715787688655551e-01,3.839100000000000000e+04
8.509411565202645855e-01,3.839700000000000000e+04
8.511107342716636159e-01,3.842400000000000000e+04
8.512803120230626464e-01,3.845600000000000000e+04
8.514498897744616768e-01,3.846900000000000000e+04
8.516194675258607072e-01,3.849400000000000000e+04
8.517890452772596266e-01,3.856600000000000000e+04
8.519586230286586570e-01,3.862200000000000000e+04
8.521282007800576874e-01,3.863400000000000000e+04
8.522977785314567178e-01,3.865200000000000000e+04
8.524673562828557483e-01,3.867600000000000000e+04
8.526369340342547787e-01,3.870600000000000000e+04
8.528065117856538091e-01,3.871800000000000000e+04
8.529760895370528395e-01,3.881300000000000000e+04
8.531456672884517589e-01,3.888700000000000000e+04
8.533152450398507893e-01,3.889200000000000000e+04
8.534848227912498198e-01,3.895700000000000000e+04
8.536544005426488502e-01,3.896200000000000000e+04
8.538239782940478806e-01,3.901200000000000000e+04
8.539935560454469110e-01,3.911100000000000000e+04
8.541631337968459414e-01,3.912300000000000000e+04
8.543327115482449718e-01,3.913900000000000000e+04
8.545022892996438912e-01,3.917400000000000000e+04
8.546718670510429217e-01,3.922400000000000000e+04
8.548414448024419521e-01,3.932500000000000000e+04
8.550110225538409825e-01,3.932900000000000000e+04
8.551806003052400129e-01,3.937500000000000000e+04
8.553501780566390433e-01,3.939700000000000000e+04
8.555197558080380738e-01,3.940100000000000000e+04
8.556893335594371042e-01,3.941400000000000000e+04
8.558589113108360236e-01,3.942900000000000000e+04
8.560284890622350540e-01,3.945500000000000000e+04
8.561980668136340844e-01,3.950200000000000000e+04
8.563676445650331148e-01,3.952700000000000000e+04
8.565372223164321452e-01,3.954400000000000000e+04
8.567068000678311757e-01,3.961300000000000000e+04
8.568763778192302061e-01,3.962600000000000000e+04
8.570459555706292365e-01,3.962700000000000000e+04
8.572155333220281559e-01,3.965700000000000000e+04
8.573851110734271863e-01,3.966600000000000000e+04
8.575546888248262167e-01,3.967000000000000000e+04
8.577242665762252471e-01,3.972000000000000000e+04
8.578938443276242776e-01,3.978000000000000000e+04
8.580634220790233080e-01,3.986700000000000000e+04
8.582329998304223384e-01,4.005100000000000000e+04
8.584025775818213688e-01,4.008100000000000000e+04
8.585721553332202882e-01,4.012800000000000000e+04
8.587417330846193186e-01,4.013300000000000000e+04
8.589113108360183491e-01,4.013400000000000000e+04
8.590808885874173795e-01,4.015200000000000000e+04
8.592504663388164099e-01,4.015400000000000000e+04
8.594200440902154403e-01,4.027700000000000000e+04
8.595896218416144707e-01,4.028300000000000000e+04
8.597591995930135012e-01,4.030400000000000000e+04
8.599287773444124205e-01,4.044300000000000000e+04
8.600983550958114510e-01,4.044400000000000000e+04
8.602679328472104814e-01,4.044900000000000000e+04
8.604375105986095118e-01,4.046500000000000000e+04
8.606070883500085422e-01,4.048900000000000000e+04
8.607766661014075726e-01,4.049800000000000000e+04
8.609462438528066031e-01,4.052000000000000000e+04
8.611158216042056335e-01,4.060000000000000000e+04
8.612853993556045529e-01,4.061400000000000000e+04
8.614549771070035833e-01,4.061900000000000000e+04
8.616245548584026137e-01,4.063000000000000000e+04
8.617941326098016441e-01,4.064700000000000000e+04
8.619637103612006745e-01,4.069900000000000000e+04
8.621332881125997050e-01,4.071100000000000000e+04
8.623028658639987354e-01,4.076100000000000000e+04
8.624724436153977658e-01,4.082900000000000000e+04
8.626420213667966852e-01,4.089500000000000000e+04
8.628115991181957156e-01,4.094600000000000000e+04
8.629811768695947460e-01,4.101100000000000000e+04
8.631507546209937765e-01,4.104600000000000000e+04
8.633203323723928069e-01,4.105100000000000000e+04
8.634899101237918373e-01,4.106900000000000000e+04
8.636594878751908677e-01,4.133700000000000000e+04
8.638290656265898981e-01,4.138600000000000000e+04
8.639986433779888175e-01,4.143900000000000000e+04
8.641682211293878479e-01,4.151100000000000000e+04
8.643377988807868784e-01,4.154500000000000000e+04
8.645073766321859088e-01,4.168200000000000000e+04
8.646769543835849392e-01,4.171900000000000000e+04
8.648465321349839696e-01,4.191000000000000000e+04
8.650161098863830000e-01,4.196300000000000000e+04
8.651856876377820305e-01,4.197800000000000000e+04
8.653552653891809499e-01,4.206700000000000000e+04
8.655248431405799803e-01,4.211500000000000000e+04
8.656944208919790107e-01,4.218100000000000000e+04
8.658639986433780411e-01,4.218400000000000000e+04
8.660335763947770715e-01,4.218400000000000000e+04
8.662031541461761019e-01,4.229700000000000000e+04
8.663727318975751324e-01,4.235300000000000000e+04
8.665423096489741628e-01,4.236000000000000000e+04
8.667118874003730822e-01,4.238500000000000000e+04
8.668814651517721126e-01,4.239900000000000000e+04
8.670510429031711430e-01,4.242000000000000000e+04
8.672206206545701734e-01,4.243100000000000000e+04
8.673901984059692039e-01,4.253200000000000000e+04
8.675597761573682343e-01,4.269900000000000000e+04
8.677293539087672647e-01,4.273700000000000000e+04
8.678989316601662951e-01,4.275700000000000000e+04
8.680685094115652145e-01,4.278200000000000000e+04
8.682380871629642449e-01,4.286300000000000000e+04
8.684076649143632753e-01,4.298400000000000000e+04
8.685772426657623058e-01,4.298600000000000000e+04
8.687468204171613362e-01,4.298800000000000000e+04
8.689163981685603666e-01,4.311300000000000000e+04
8.690859759199593970e-01,4.314100000000000000e+04
8.692555536713583164e-01,4.314900000000000000e+04
8.694251314227573468e-01,4.324200000000000000e+04
8.695947091741563773e-01,4.324500000000000000e+04
8.697642869255554077e-01,4.328100000000000000e+04
8.699338646769544381e-01,4.329200000000000000e+04
8.701034424283534685e-01,4.334300000000000000e+04
8.702730201797524989e-01,4.341300000000000000e+04
8.704425979311515293e-01,4.343000000000000000e+04
8.706121756825504487e-01,4.346900000000000000e+04
8.707817534339494792e-01,4.349900000000000000e+04
8.709513311853485096e-01,4.351900000000000000e+04
8.711209089367475400e-01,4.353000000000000000e+04
8.712904866881465704e-01,4.354700000000000000e+04
8.714600644395456008e-01,4.356200000000000000e+04
8.716296421909446313e-01,4.364500000000000000e+04
8.717992199423436617e-01,4.364700000000000000e+04
8.719687976937425811e-01,4.365000000000000000e+04
8.721383754451416115e-01,4.365400000000000000e+04
8.723079531965406419e-01,4.371400000000000000e+04
8.724775309479396723e-01,4.388100000000000000e+04
8.726471086993387027e-01,4.392600000000000000e+04
8.728166864507377332e-01,4.394900000000000000e+04
8.729862642021367636e-01,4.400700000000000000e+04
8.731558419535357940e-01,4.405600000000000000e+04
8.733254197049347134e-01,4.407200000000000000e+04
8.734949974563337438e-01,4.407500000000000000e+04
8.736645752077327742e-01,4.419500000000000000e+04
8.738341529591318046e-01,4.419700000000000000e+04
8.740037307105308351e-01,4.420300000000000000e+04
8.741733084619298655e-01,4.425400000000000000e+04
8.743428862133288959e-01,4.440700000000000000e+04
8.745124639647279263e-01,4.444000000000000000e+04
8.746820417161268457e-01,4.448400000000000000e+04
8.748516194675258761e-01,4.448900000000000000e+04
8.750211972189249066e-01,4.459900000000000000e+04
8.751907749703239370e-01,4.463300000000000000e+04
8.753603527217229674e-01,4.469300000000000000e+04
8.755299304731219978e-01,4.469500000000000000e+04
8.756995082245210282e-01,4.471500000000000000e+04
8.758690859759200587e-01,4.474300000000000000e+04
8.760386637273189780e-01,4.481500000000000000e+04
8.762082414787180085e-01,4.500900000000000000e+04
8.763778192301170389e-01,4.505200000000000000e+04
8.765473969815160693e-01,4.508200000000000000e+04
8.767169747329150997e-01,4.513800000000000000e+04
8.768865524843141301e-01,4.515900000000000000e+04
8.770561302357131606e-01,4.516000000000000000e+04
8.772257079871121910e-01,4.521200000000000000e+04
8.773952857385111104e-01,4.521300000000000000e+04
8.775648634899101408e-01,4.522700000000000000e+04
8.777344412413091712e-01,4.527600000000000000e+04
8.779040189927082016e-01,4.530900000000000000e+04
8.780735967441072320e-01,4.532300000000000000e+04
8.782431744955062625e-01,4.534400000000000000e+04
8.784127522469052929e-01,4.538100000000000000e+04
8.785823299983043233e-01,4.538600000000000000e+04
8.787519077497032427e-01,4.554200000000000000e+04
8.789214855011022731e-01,4.558000000000000000e+04
8.790910632525013035e-01,4.561600000000000000e+04
8.792606410039003340e-01,4.561900000000000000e+04
8.794302187552993644e-01,4.569100000000000000e+04
8.795997965066983948e-01,4.575700000000000000e+04
8.797693742580974252e-01,4.584100000000000000e+04
8.799389520094964556e-01,4.586700000000000000e+04
8.801085297608953750e-01,4.592100000000000000e+04
8.802781075122944054e-01,4.592900000000000000e+04
8.804476852636934359e-01,4.609500000000000000e+04
8.806172630150924663e-01,4.614400000000000000e+04
8.807868407664914967e-01,4.620800000000000000e+04
8.809564185178905271e-01,4.625500000000000000e+04
8.811259962692895575e-01,4.631300000000000000e+04
8.812955740206885880e-01,4.636400000000000000e+04
8.814651517720875074e-01,4.646200000000000000e+04
8.816347295234865378e-01,4.653200000000000000e+04
8.818043072748855682e-01,4.655800000000000000e+04
8.819738850262845986e-01,4.658500000000000000e+04
8.821434627776836290e-01,4.659900000000000000e+04
8.823130405290826594e-01,4.660700000000000000e+04
8.824826182804816899e-01,4.670500000000000000e+04
8.826521960318807203e-01,4.670600000000000000e+04
8.828217737832796397e-01,4.676900000000000000e+04
8.829913515346786701e-01,4.681100000000000000e+04
8.831609292860777005e-01,4.691000000000000000e+04
8.833305070374767309e-01,4.709800000000000000e+04
8.835000847888757614e-01,4.713200000000000000e+04
8.836696625402747918e-01,4.719700000000000000e+04
8.838392402916738222e-01,4.724800000000000000e+04
8.840088180430728526e-01,4.733300000000000000e+04
8.841783957944717720e-01,4.735400000000000000e+04
8.843479735458708024e-01,4.737300000000000000e+04
8.845175512972698328e-01,4.737800000000000000e+04
8.846871290486688633e-01,4.746400000000000000e+04
8.848567068000678937e-01,4.749500000000000000e+04
8.850262845514669241e-01,4.756400000000000000e+04
8.851958623028659545e-01,4.756900000000000000e+04
8.853654400542649849e-01,4.759100000000000000e+04
8.855350178056639043e-01,4.762900000000000000e+04
8.857045955570629348e-01,4.768100000000000000e+04
8.858741733084619652e-01,4.772200000000000000e+04
8.860437510598609956e-01,4.776100000000000000e+04
8.862133288112600260e-01,4.788900000000000000e+04
8.863829065626590564e-01,4.790800000000000000e+04
8.865524843140580868e-01,4.791400000000000000e+04
8.867220620654571173e-01,4.795500000000000000e+04
8.868916398168560367e-01,4.806500000000000000e+04
8.870612175682550671e-01,4.812600000000000000e+04
8.872307953196540975e-01,4.818100000000000000e+04
8.874003730710531279e-01,4.827200000000000000e+04
8.875699508224521583e-01,4.853400000000000000e+04
8.877395285738511888e-01,4.853500000000000000e+04
8.879091063252502192e-01,4.856200000000000000e+04
8.880786840766492496e-01,4.856700000000000000e+04
8.882482618280481690e-01,4.859400000000000000e+04
8.884178395794471994e-01,4.863500000000000000e+04
8.885874173308462298e-01,4.869800000000000000e+04
8.887569950822452602e-01,4.871700000000000000e+04
8.889265728336442907e-01,4.876300000000000000e+04
8.890961505850433211e-01,4.879300000000000000e+04
8.892657283364423515e-01,4.879300000000000000e+04
8.894353060878413819e-01,4.881000000000000000e+04
8.896048838392403013e-01,4.881400000000000000e+04
8.897744615906393317e-01,4.884000000000000000e+04
8.899440393420383622e-01,4.898400000000000000e+04
8.901136170934373926e-01,4.902500000000000000e+04
8.902831948448364230e-01,4.910300000000000000e+04
8.904527725962354534e-01,4.911700000000000000e+04
8.906223503476344838e-01,4.918400000000000000e+04
8.907919280990335142e-01,4.918800000000000000e+04
8.909615058504324336e-01,4.925700000000000000e+04
8.911310836018314641e-01,4.937000000000000000e+04
8.913006613532304945e-01,4.941100000000000000e+04
8.914702391046295249e-01,4.943000000000000000e+04
8.916398168560285553e-01,4.947200000000000000e+04
8.918093946074275857e-01,4.954500000000000000e+04
8.919789723588266162e-01,4.957900000000000000e+04
8.921485501102256466e-01,4.958500000000000000e+04
8.923181278616245660e-01,4.960000000000000000e+04
8.924877056130235964e-01,4.996300000000000000e+04
8.926572833644226268e-01,4.999600000000000000e+04
8.928268611158216572e-01,5.006800000000000000e+04
8.929964388672206876e-01,5.011500000000000000e+04
8.931660166186197181e-01,5.012900000000000000e+04
8.933355943700187485e-01,5.014600000000000000e+04
8.935051721214177789e-01,5.015300000000000000e+04
8.936747498728166983e-01,5.015800000000000000e+04
8.938443276242157287e-01,5.020500000000000000e+04
8.940139053756147591e-01,5.036700000000000000e+04
8.941834831270137895e-01,5.037400000000000000e+04
8.943530608784128200e-01,5.043400000000000000e+04
8.945226386298118504e-01,5.043800000000000000e+04
8.946922163812108808e-01,5.053400000000000000e+04
8.948617941326099112e-01,5.061100000000000000e+04
8.950313718840088306e-01,5.065300000000000000e+04
8.952009496354078610e-01,5.065800000000000000e+04
8.953705273868068915e-01,5.079400000000000000e+04
8.955401051382059219e-01,5.079500000000000000e+04
8.957096828896049523e-01,5.092100000000000000e+04
8.958792606410039827e-01,5.093300000000000000e+04
8.960488383924030131e-01,5.101400000000000000e+04
8.962184161438020435e-01,5.103000000000000000e+04
8.963879938952009629e-01,5.103000000000000000e+04
8.965575716465999934e-01,5.108500000000000000e+04
8.967271493979990238e-01,5.109000000000000000e+04
8.968967271493980542e-01,5.116500000000000000e+04
8.970663049007970846e-01,5.123100000000000000e+04
8.972358826521961150e-01,5.129000000000000000e+04
8.974054604035951455e-01,5.131900000000000000e+04
8.975750381549940649e-01,5.135400000000000000e+04
8.977446159063930953e-01,5.135500000000000000e+04
8.979141936577921257e-01,5.136800000000000000e+04
8.980837714091911561e-01,5.142100000000000000e+04
8.982533491605901865e-01,5.163100000000000000e+04
8.984229269119892169e-01,5.163700000000000000e+04
8.985925046633882474e-01,5.169200000000000000e+04
8.987620824147872778e-01,5.181800000000000000e+04
8.989316601661861972e-01,5.189800000000000000e+04
8.991012379175852276e-01,5.210500000000000000e+04
8.992708156689842580e-01,5.219100000000000000e+04
8.994403934203832884e-01,5.226600000000000000e+04
8.996099711717823189e-01,5.229000000000000000e+04
8.997795489231813493e-01,5.234800000000000000e+04
8.999491266745803797e-01,5.240700000000000000e+04
9.001187044259794101e-01,5.256200000000000000e+04
9.002882821773783295e-01,5.257800000000000000e+04
9.004578599287773599e-01,5.258300000000000000e+04
9.006274376801763903e-01,5.262100000000000000e+04
9.007970154315754208e-01,5.270700000000000000e+04
9.009665931829744512e-01,5.272400000000000000e+04
9.011361709343734816e-01,5.275700000000000000e+04
9.013057486857725120e-01,5.279500000000000000e+04
9.014753264371715424e-01,5.281300000000000000e+04
9.016449041885704618e-01,5.291700000000000000e+04
9.018144819399694923e-01,5.294100000000000000e+04
9.019840596913685227e-01,5.301100000000000000e+04
9.021536374427675531e-01,5.305500000000000000e+04
9.023232151941665835e-01,5.307800000000000000e+04
9.024927929455656139e-01,5.311200000000000000e+04
9.026623706969646443e-01,5.312000000000000000e+04
9.028319484483636748e-01,5.321100000000000000e+04
9.030015261997625942e-01,5.321200000000000000e+04
9.031711039511616246e-01,5.334100000000000000e+04
9.033406817025606550e-01,5.339200000000000000e+04
9.035102594539596854e-01,5.344300000000000000e+04
9.036798372053587158e-01,5.356000000000000000e+04
9.038494149567577463e-01,5.359800000000000000e+04
9.040189927081567767e-01,5.360200000000000000e+04
9.041885704595558071e-01,5.367500000000000000e+04
9.043581482109547265e-01,5.372100000000000000e+04
9.045277259623537569e-01,5.400700000000000000e+04
9.046973037137527873e-01,5.409700000000000000e+04
9.048668814651518177e-01,5.412200000000000000e+04
9.050364592165508482e-01,5.419400000000000000e+04
9.052060369679498786e-01,5.433300000000000000e+04
9.053756147193489090e-01,5.435100000000000000e+04
9.055451924707479394e-01,5.442000000000000000e+04
9.057147702221468588e-01,5.446000000000000000e+04
9.058843479735458892e-01,5.450300000000000000e+04
9.060539257249449197e-01,5.454500000000000000e+04
9.062235034763439501e-01,5.455800000000000000e+04
9.063930812277429805e-01,5.462700000000000000e+04
9.065626589791420109e-01,5.462900000000000000e+04
9.067322367305410413e-01,5.464300000000000000e+04
9.069018144819400717e-01,5.465000000000000000e+04
9.070713922333389911e-01,5.468500000000000000e+04
9.072409699847380216e-01,5.469100000000000000e+04
9.074105477361370520e-01,5.470500000000000000e+04
9.075801254875360824e-01,5.475900000000000000e+04
9.077497032389351128e-01,5.487500000000000000e+04
9.079192809903341432e-01,5.488400000000000000e+04
9.080888587417331737e-01,5.490200000000000000e+04
9.082584364931322041e-01,5.496400000000000000e+04
9.084280142445311235e-01,5.496800000000000000e+04
9.085975919959301539e-01,5.496800000000000000e+04
9.087671697473291843e-01,5.506400000000000000e+04
9.089367474987282147e-01,5.519000000000000000e+04
9.091063252501272451e-01,5.519800000000000000e+04
9.092759030015262756e-01,5.520300000000000000e+04
9.094454807529253060e-01,5.526300000000000000e+04
9.096150585043243364e-01,5.541400000000000000e+04
9.097846362557232558e-01,5.555200000000000000e+04
9.099542140071222862e-01,5.570200000000000000e+04
9.101237917585213166e-01,5.580600000000000000e+04
9.102933695099203470e-01,5.588000000000000000e+04
9.104629472613193775e-01,5.588300000000000000e+04
9.106325250127184079e-01,5.593700000000000000e+04
9.108021027641174383e-01,5.596700000000000000e+04
9.109716805155164687e-01,5.630600000000000000e+04
9.111412582669153881e-01,5.637800000000000000e+04
9.113108360183144185e-01,5.642100000000000000e+04
9.114804137697134490e-01,5.645000000000000000e+04
9.116499915211124794e-01,5.657300000000000000e+04
9.118195692725115098e-01,5.660600000000000000e+04
9.119891470239105402e-01,5.660800000000000000e+04
9.121587247753095706e-01,5.664200000000000000e+04
9.123283025267086011e-01,5.672000000000000000e+04
9.124978802781075204e-01,5.676100000000000000e+04
9.126674580295065509e-01,5.685200000000000000e+04
9.128370357809055813e-01,5.703100000000000000e+04
9.130066135323046117e-01,5.705000000000000000e+04
9.131761912837036421e-01,5.712900000000000000e+04
9.133457690351026725e-01,5.721000000000000000e+04
9.135153467865017030e-01,5.735400000000000000e+04
9.136849245379007334e-01,5.741300000000000000e+04
9.138545022892996528e-01,5.762100000000000000e+04
9.140240800406986832e-01,5.762700000000000000e+04
9.141936577920977136e-01,5.770600000000000000e+04
9.143632355434967440e-01,5.790400000000000000e+04
9.145328132948957744e-01,5.796100000000000000e+04
9.147023910462948049e-01,5.796700000000000000e+04
9.148719687976938353e-01,5.797200000000000000e+04
9.150415465490928657e-01,5.799600000000000000e+04
9.152111243004917851e-01,5.802700000000000000e+04
9.153807020518908155e-01,5.821800000000000000e+04
9.155502798032898459e-01,5.829500000000000000e+04
9.157198575546888764e-01,5.846100000000000000e+04
9.158894353060879068e-01,5.872100000000000000e+04
9.160590130574869372e-01,5.876100000000000000e+04
9.162285908088859676e-01,5.887000000000000000e+04
9.163981685602849980e-01,5.887100000000000000e+04
9.165677463116839174e-01,5.887600000000000000e+04
9.167373240630829478e-01,5.892800000000000000e+04
9.169069018144819783e-01,5.892900000000000000e+04
9.170764795658810087e-01,5.895100000000000000e+04
9.172460573172800391e-01,5.896200000000000000e+04
9.174156350686790695e-01,5.911200000000000000e+04
9.175852128200780999e-01,5.918100000000000000e+04
9.177547905714771304e-01,5.939300000000000000e+04
9.179243683228760498e-01,5.943000000000000000e+04
9.180939460742750802e-01,5.977600000000000000e+04
9.182635238256741106e-01,5.995200000000000000e+04
9.184331015770731410e-01,6.017500000000000000e+04
9.186026793284721714e-01,6.027600000000000000e+04
9.187722570798712018e-01,6.042900000000000000e+04
9.189418348312702323e-01,6.043600000000000000e+04
9.191114125826692627e-01,6.046400000000000000e+04
9.192809903340681821e-01,6.061500000000000000e+04
9.194505680854672125e-01,6.070000000000000000e+04
9.196201458368662429e-01,6.070600000000000000e+04
9.197897235882652733e-01,6.087700000000000000e+04
9.199593013396643038e-01,6.090700000000000000e+04
9.201288790910633342e-01,6.095900000000000000e+04
9.202984568424623646e-01,6.129700000000000000e+04
9.204680345938613950e-01,6.134200000000000000e+04
9.206376123452603144e-01,6.136900000000000000e+04
9.208071900966593448e-01,6.150100000000000000e+04
9.209767678480583752e-01,6.153100000000000000e+04
9.211463455994574057e-01,6.187000000000000000e+04
9.213159233508564361e-01,6.206000000000000000e+04
9.214855011022554665e-01,6.216900000000000000e+04
9.216550788536544969e-01,6.219400000000000000e+04
9.218246566050535273e-01,6.223700000000000000e+04
9.219942343564524467e-01,6.224300000000000000e+04
9.221638121078514772e-01,6.228000000000000000e+04
9.223333898592505076e-01,6.249300000000000000e+04
9.225029676106495380e-01,6.249700000000000000e+04
9.226725453620485684e-01,6.253400000000000000e+04
9.228421231134475988e-01,6.254500000000000000e+04
9.230117008648466292e-01,6.254700000000000000e+04
9.231812786162456597e-01,6.271800000000000000e+04
9.233508563676445791e-01,6.274400000000000000e+04
9.235204341190436095e-01,6.278000000000000000e+04
9.236900118704426399e-01,6.279100000000000000e+04
9.238595896218416703e-01,6.285700000000000000e+04
9.240291673732407007e-01,6.289900000000000000e+04
9.241987451246397312e-01,6.307000000000000000e+04
9.243683228760387616e-01,6.308000000000000000e+04
9.245379006274377920e-01,6.310200000000000000e+04
9.247074783788367114e-01,6.323000000000000000e+04
9.248770561302357418e-01,6.326500000000000000e+04
9.250466338816347722e-01,6.328300000000000000e+04
9.252162116330338026e-01,6.345100000000000000e+04
9.253857893844328331e-01,6.351700000000000000e+04
9.255553671358318635e-01,6.353100000000000000e+04
9.257249448872308939e-01,6.372000000000000000e+04
9.258945226386299243e-01,6.380300000000000000e+04
9.260641003900288437e-01,6.380800000000000000e+04
9.262336781414278741e-01,6.386700000000000000e+04
9.264032558928269045e-01,6.395600000000000000e+04
9.265728336442259350e-01,6.404800000000000000e+04
9.267424113956249654e-01,6.409700000000000000e+04
9.269119891470239958e-01,6.418100000000000000e+04
9.270815668984230262e-01,6.420200000000000000e+04
9.272511446498219456e-01,6.446400000000000000e+04
9.274207224012209760e-01,6.448800000000000000e+04
9.275903001526200065e-01,6.466300000000000000e+04
9.277598779040190369e-01,6.476300000000000000e+04
9.279294556554180673e-01,6.481900000000000000e+04
9.280990334068170977e-01,6.482100000000000000e+04
9.282686111582161281e-01,6.483900000000000000e+04
9.284381889096151586e-01,6.504000000000000000e+04
9.286077666610140779e-01,6.511000000000000000e+04
9.287773444124131084e-01,6.523900000000000000e+04
9.289469221638121388e-01,6.527000000000000000e+04
9.291164999152111692e-01,6.530200000000000000e+04
9.292860776666101996e-01,6.550000000000000000e+04
9.294556554180092300e-01,6.559500000000000000e+04
9.296252331694082605e-01,6.593000000000000000e+04
9.297948109208072909e-01,6.598400000000000000e+04
9.299643886722062103e-01,6.599800000000000000e+04
9.301339664236052407e-01,6.600300000000000000e+04
9.303035441750042711e-01,6.607300000000000000e+04
9.304731219264033015e-01,6.609100000000000000e+04
9.306426996778023319e-01,6.619500000000000000e+04
9.308122774292013624e-01,6.627100000000000000e+04
9.309818551806003928e-01,6.651600000000000000e+04
9.311514329319994232e-01,6.653000000000000000e+04
9.313210106833983426e-01,6.682900000000000000e+04
9.314905884347973730e-01,6.701600000000000000e+04
9.316601661861964034e-01,6.707800000000000000e+04
9.318297439375954339e-01,6.710600000000000000e+04
9.319993216889944643e-01,6.712300000000000000e+04
9.321688994403934947e-01,6.713100000000000000e+04
9.323384771917925251e-01,6.714900000000000000e+04
9.325080549431915555e-01,6.717300000000000000e+04
9.326776326945904749e-01,6.720000000000000000e+04
9.328472104459895053e-01,6.725900000000000000e+04
9.330167881973885358e-01,6.732800000000000000e+04
9.331863659487875662e-01,6.736700000000000000e+04
9.333559437001865966e-01,6.741800000000000000e+04
9.335255214515856270e-01,6.751500000000000000e+04
9.336950992029846574e-01,6.751700000000000000e+04
9.338646769543836879e-01,6.755000000000000000e+04
9.340342547057826073e-01,6.758000000000000000e+04
9.342038324571816377e-01,6.777000000000000000e+04
9.343734102085806681e-01,6.784900000000000000e+04
9.345429879599796985e-01,6.786700000000000000e+04
9.347125657113787289e-01,6.799000000000000000e+04
9.348821434627777593e-01,6.808800000000000000e+04
9.350517212141767898e-01,6.833100000000000000e+04
9.352212989655758202e-01,6.835900000000000000e+04
9.353908767169747396e-01,6.836400000000000000e+04
9.355604544683737700e-01,6.850800000000000000e+04
9.357300322197728004e-01,6.852000000000000000e+04
9.358996099711718308e-01,6.852100000000000000e+04
9.360691877225708613e-01,6.872100000000000000e+04
9.362387654739698917e-01,6.873500000000000000e+04
9.364083432253689221e-01,6.881500000000000000e+04
9.365779209767679525e-01,6.884600000000000000e+04
9.367474987281668719e-01,6.892400000000000000e+04
9.369170764795659023e-01,6.895300000000000000e+04
9.370866542309649327e-01,6.926900000000000000e+04
9.372562319823639632e-01,6.928100000000000000e+04
9.374258097337629936e-01,6.938300000000000000e+04
9.375953874851620240e-01,6.946200000000000000e+04
9.377649652365610544e-01,6.947000000000000000e+04
9.379345429879600848e-01,6.961400000000000000e+04
9.381041207393590042e-01,6.971700000000000000e+04
9.382736984907580347e-01,6.972100000000000000e+04
9.384432762421570651e-01,6.973000000000000000e+04
9.386128539935560955e-01,6.980300000000000000e+04
9.387824317449551259e-01,6.987200000000000000e+04
9.389520094963541563e-01,6.988900000000000000e+04
9.391215872477531867e-01,6.992600000000000000e+04
9.392911649991522172e-01,6.995400000000000000e+04
9.394607427505511366e-01,7.001400000000000000e+04
9.396303205019501670e-01,7.014300000000000000e+04
9.397998982533491974e-01,7.014500000000000000e+04
9.399694760047482278e-01,7.017300000000000000e+04
9.401390537561472582e-01,7.021200000000000000e+04
9.403086315075462887e-01,7.051000000000000000e+04
9.404782092589453191e-01,7.053400000000000000e+04
9.406477870103443495e-01,7.053500000000000000e+04
9.408173647617432689e-01,7.066200000000000000e+04
9.409869425131422993e-01,7.069000000000000000e+04
9.411565202645413297e-01,7.074100000000000000e+04
9.413260980159403601e-01,7.111300000000000000e+04
9.414956757673393906e-01,7.122000000000000000e+04
9.416652535187384210e-01,7.129400000000000000e+04
9.418348312701374514e-01,7.138500000000000000e+04
9.420044090215364818e-01,7.139300000000000000e+04
9.421739867729354012e-01,7.139400000000000000e+04
9.423435645243344316e-01,7.140500000000000000e+04
9.425131422757334620e-01,7.140500000000000000e+04
9.426827200271324925e-01,7.146500000000000000e+04
9.428522977785315229e-01,7.153200000000000000e+04
9.430218755299305533e-01,7.167300000000000000e+04
9.431914532813295837e-01,7.174900000000000000e+04
9.433610310327286141e-01,7.176900000000000000e+04
9.435306087841275335e-01,7.204800000000000000e+04
9.437001865355265640e-01,7.223100000000000000e+04
9.438697642869255944e-01,7.225000000000000000e+04
9.440393420383246248e-01,7.233800000000000000e+04
9.442089197897236552e-01,7.259300000000000000e+04
9.443784975411226856e-01,7.260200000000000000e+04
9.445480752925217161e-01,7.272100000000000000e+04
9.447176530439207465e-01,7.301300000000000000e+04
9.448872307953196659e-01,7.306400000000000000e+04
9.450568085467186963e-01,7.327000000000000000e+04
9.452263862981177267e-01,7.331100000000000000e+04
9.453959640495167571e-01,7.367700000000000000e+04
9.455655418009157875e-01,7.388400000000000000e+04
9.457351195523148180e-01,7.408600000000000000e+04
9.459046973037138484e-01,7.425000000000000000e+04
9.460742750551128788e-01,7.430900000000000000e+04
9.462438528065117982e-01,7.462700000000000000e+04
9.464134305579108286e-01,7.469300000000000000e+04
9.465830083093098590e-01,7.488400000000000000e+04
9.467525860607088894e-01,7.513900000000000000e+04
9.469221638121079199e-01,7.532800000000000000e+04
9.470917415635069503e-01,7.534000000000000000e+04
9.472613193149059807e-01,7.537000000000000000e+04
9.474308970663050111e-01,7.561800000000000000e+04
9.476004748177039305e-01,7.589000000000000000e+04
9.477700525691029609e-01,7.593400000000000000e+04
9.479396303205019914e-01,7.599300000000000000e+04
9.481092080719010218e-01,7.606700000000000000e+04
9.482787858233000522e-01,7.627700000000000000e+04
9.484483635746990826e-01,7.628400000000000000e+04
9.486179413260981130e-01,7.664500000000000000e+04
9.487875190774971434e-01,7.673900000000000000e+04
9.489570968288960628e-01,7.708500000000000000e+04
9.491266745802950933e-01,7.712500000000000000e+04
9.492962523316941237e-01,7.737200000000000000e+04
9.494658300830931541e-01,7.763000000000000000e+04
9.496354078344921845e-01,7.765000000000000000e+04
9.498049855858912149e-01,7.787800000000000000e+04
9.499745633372902454e-01,7.814000000000000000e+04
9.501441410886892758e-01,7.816000000000000000e+04
9.503137188400881952e-01,7.843900000000000000e+04
9.504832965914872256e-01,7.849100000000000000e+04
9.506528743428862560e-01,7.878800000000000000e+04
9.508224520942852864e-01,7.900700000000000000e+04
9.509920298456843168e-01,7.919700000000000000e+04
9.511616075970833473e-01,7.937000000000000000e+04
9.513311853484823777e-01,7.937400000000000000e+04
9.515007630998814081e-01,7.953800000000000000e+04
9.516703408512803275e-01,7.956800000000000000e+04
9.518399186026793579e-01,7.962200000000000000e+04
9.520094963540783883e-01,7.980100000000000000e+04
9.521790741054774188e-01,7.983600000000000000e+04
9.523486518568764492e-01,7.990600000000000000e+04
9.525182296082754796e-01,8.026700000000000000e+04
9.526878073596745100e-01,8.041000000000000000e+04
9.528573851110735404e-01,8.071500000000000000e+04
9.530269628624724598e-01,8.096500000000000000e+04
9.531965406138714902e-01,8.176100000000000000e+04
9.533661183652705207e-01,8.197100000000000000e+04
9.535356961166695511e-01,8.210600000000000000e+04
9.537052738680685815e-01,8.241800000000000000e+04
9.538748516194676119e-01,8.274600000000000000e+04
9.540444293708666423e-01,8.297000000000000000e+04
9.542140071222656728e-01,8.306300000000000000e+04
9.543835848736645922e-01,8.324400000000000000e+04
9.545531626250636226e-01,8.337300000000000000e+04
9.547227403764626530e-01,8.342700000000000000e+04
9.548923181278616834e-01,8.346400000000000000e+04
9.550618958792607138e-01,8.353400000000000000e+04
9.552314736306597442e-01,8.381400000000000000e+04
9.554010513820587747e-01,8.403600000000000000e+04
9.555706291334576941e-01,8.489900000000000000e+04
9.557402068848567245e-01,8.537900000000000000e+04
9.559097846362557549e-01,8.539000000000000000e+04
9.560793623876547853e-01,8.540100000000000000e+04
9.562489401390538157e-01,8.577100000000000000e+04
9.564185178904528462e-01,8.584000000000000000e+04
9.565880956418518766e-01,8.595300000000000000e+04
9.567576733932509070e-01,8.614400000000000000e+04
9.569272511446498264e-01,8.662700000000000000e+04
9.570968288960488568e-01,8.720200000000000000e+04
9.572664066474478872e-01,8.729600000000000000e+04
9.574359843988469176e-01,8.737800000000000000e+04
9.576055621502459481e-01,8.741600000000000000e+04
9.577751399016449785e-01,8.754100000000000000e+04
9.579447176530440089e-01,8.768600000000000000e+04
9.581142954044430393e-01,8.826500000000000000e+04
9.582838731558419587e-01,8.830800000000000000e+04
9.584534509072409891e-01,8.835200000000000000e+04
9.586230286586400196e-01,8.839500000000000000e+04
9.587926064100390500e-01,8.844900000000000000e+04
9.589621841614380804e-01,8.866000000000000000e+04
9.591317619128371108e-01,8.885400000000000000e+04
9.593013396642361412e-01,8.890400000000000000e+04
9.594709174156351716e-01,8.895100000000000000e+04
9.596404951670340910e-01,8.903600000000000000e+04
9.598100729184331215e-01,8.920800000000000000e+04
9.599796506698321519e-01,8.948000000000000000e+04
9.601492284212311823e-01,8.948900000000000000e+04
9.603188061726302127e-01,8.984900000000000000e+04
9.604883839240292431e-01,8.988400000000000000e+04
9.606579616754282736e-01,9.009500000000000000e+04
9.608275394268273040e-01,9.031700000000000000e+04
9.609971171782262234e-01,9.111800000000000000e+04
9.611666949296252538e-01,9.122300000000000000e+04
9.613362726810242842e-01,9.141600000000000000e+04
9.615058504324233146e-01,9.149300000000000000e+04
9.616754281838223450e-01,9.163600000000000000e+04
9.618450059352213755e-01,9.178400000000000000e+04
9.620145836866204059e-01,9.232000000000000000e+04
9.621841614380194363e-01,9.245600000000000000e+04
9.623537391894183557e-01,9.248800000000000000e+04
9.625233169408173861e-01,9.313200000000000000e+04
9.626928946922164165e-01,9.332600000000000000e+04
9.628624724436154469e-01,9.339100000000000000e+04
9.630320501950144774e-01,9.387700000000000000e+04
9.632016279464135078e-01,9.394400000000000000e+04
9.633712056978125382e-01,9.417700000000000000e+04
9.635407834492115686e-01,9.441700000000000000e+04
9.637103612006104880e-01,9.458000000000000000e+04
9.638799389520095184e-01,9.458100000000000000e+04
9.640495167034085489e-01,9.459700000000000000e+04
9.642190944548075793e-01,9.467800000000000000e+04
9.643886722062066097e-01,9.477200000000000000e+04
9.645582499576056401e-01,9.511700000000000000e+04
9.647278277090046705e-01,9.522700000000000000e+04
9.648974054604037009e-01,9.551000000000000000e+04
9.650669832118026203e-01,9.560200000000000000e+04
9.652365609632016508e-01,9.566300000000000000e+04
9.654061387146006812e-01,9.589400000000000000e+04
9.655757164659997116e-01,9.606900000000000000e+04
9.657452942173987420e-01,9.630600000000000000e+04
9.659148719687977724e-01,9.635600000000000000e+04
9.660844497201968029e-01,9.648800000000000000e+04
9.662540274715958333e-01,9.666000000000000000e+04
9.664236052229947527e-01,9.687400000000000000e+04
9.665931829743937831e-01,9.755800000000000000e+04
9.667627607257928135e-01,9.759600000000000000e+04
9.669323384771918439e-01,9.770900000000000000e+04
9.671019162285908743e-01,9.845900000000000000e+04
9.672714939799899048e-01,9.904300000000000000e+04
9.674410717313889352e-01,9.917400000000000000e+04
9.676106494827879656e-01,9.924200000000000000e+04
9.677802272341868850e-01,9.947600000000000000e+04
9.679498049855859154e-01,1.007330000000000000e+05
9.681193827369849458e-01,1.009230000000000000e+05
9.682889604883839763e-01,1.010340000000000000e+05
9.684585382397830067e-01,1.012070000000000000e+05
9.686281159911820371e-01,1.019240000000000000e+05
9.687976937425810675e-01,1.019260000000000000e+05
9.689672714939800979e-01,1.021000000000000000e+05
9.691368492453790173e-01,1.023080000000000000e+05
9.693064269967780477e-01,1.025250000000000000e+05
9.694760047481770782e-01,1.033040000000000000e+05
9.696455824995761086e-01,1.035400000000000000e+05
9.698151602509751390e-01,1.035890000000000000e+05
9.699847380023741694e-01,1.037540000000000000e+05
9.701543157537731998e-01,1.039080000000000000e+05
9.703238935051722303e-01,1.039790000000000000e+05
9.704934712565711497e-01,1.039990000000000000e+05
9.706630490079701801e-01,1.043250000000000000e+05
9.708326267593692105e-01,1.046020000000000000e+05
9.710022045107682409e-01,1.054700000000000000e+05
9.711717822621672713e-01,1.060480000000000000e+05
9.713413600135663017e-01,1.063730000000000000e+05
9.715109377649653322e-01,1.064770000000000000e+05
9.716805155163643626e-01,1.065340000000000000e+05
9.718500932677632820e-01,1.070540000000000000e+05
9.720196710191623124e-01,1.074220000000000000e+05
9.721892487705613428e-01,1.076750000000000000e+05
9.723588265219603732e-01,1.081300000000000000e+05
9.725284042733594037e-01,1.086290000000000000e+05
9.726979820247584341e-01,1.089880000000000000e+05
9.728675597761574645e-01,1.090390000000000000e+05
9.730371375275564949e-01,1.100990000000000000e+05
9.732067152789554143e-01,1.102100000000000000e+05
9.733762930303544447e-01,1.115800000000000000e+05
9.735458707817534751e-01,1.117440000000000000e+05
9.737154485331525056e-01,1.118930000000000000e+05
9.738850262845515360e-01,1.120730000000000000e+05
9.740546040359505664e-01,1.123490000000000000e+05
9.742241817873495968e-01,1.128590000000000000e+05
9.743937595387486272e-01,1.130080000000000000e+05
9.745633372901475466e-01,1.133670000000000000e+05
9.747329150415465771e-01,1.138460000000000000e+05
9.749024927929456075e-01,1.142580000000000000e+05
9.750720705443446379e-01,1.142610000000000000e+05
9.752416482957436683e-01,1.144550000000000000e+05
9.754112260471426987e-01,1.150050000000000000e+05
9.755808037985417291e-01,1.152160000000000000e+05
9.757503815499407596e-01,1.157370000000000000e+05
9.759199593013396790e-01,1.157970000000000000e+05
9.760895370527387094e-01,1.158950000000000000e+05
9.762591148041377398e-01,1.164280000000000000e+05
9.764286925555367702e-01,1.168470000000000000e+05
9.765982703069358006e-01,1.169880000000000000e+05
9.767678480583348311e-01,1.175650000000000000e+05
9.769374258097338615e-01,1.177160000000000000e+05
9.771070035611328919e-01,1.184340000000000000e+05
9.772765813125318113e-01,1.197710000000000000e+05
9.774461590639308417e-01,1.198790000000000000e+05
9.776157368153298721e-01,1.203470000000000000e+05
9.777853145667289025e-01,1.205570000000000000e+05
9.779548923181279330e-01,1.206620000000000000e+05
9.781244700695269634e-01,1.210300000000000000e+05
9.782940478209259938e-01,1.213470000000000000e+05
9.784636255723250242e-01,1.214000000000000000e+05
9.786332033237239436e-01,1.223830000000000000e+05
9.788027810751229740e-01,1.232410000000000000e+05
9.789723588265220044e-01,1.233810000000000000e+05
9.791419365779210349e-01,1.241170000000000000e+05
9.793115143293200653e-01,1.245190000000000000e+05
9.794810920807190957e-01,1.254510000000000000e+05
9.796506698321181261e-01,1.257200000000000000e+05
9.798202475835171565e-01,1.264790000000000000e+05
9.799898253349160759e-01,1.266690000000000000e+05
9.801594030863151064e-01,1.272540000000000000e+05
9.803289808377141368e-01,1.286640000000000000e+05
9.804985585891131672e-01,1.296080000000000000e+05
9.806681363405121976e-01,1.301300000000000000e+05
9.808377140919112280e-01,1.304220000000000000e+05
9.810072918433102585e-01,1.306610000000000000e+05
9.811768695947092889e-01,1.306820000000000000e+05
9.813464473461082083e-01,1.316210000000000000e+05
9.815160250975072387e-01,1.331540000000000000e+05
9.816856028489062691e-01,1.340890000000000000e+05
9.818551806003052995e-01,1.344050000000000000e+05
9.820247583517043299e-01,1.348760000000000000e+05
9.821943361031033604e-01,1.349540000000000000e+05
9.823639138545023908e-01,1.350630000000000000e+05
9.825334916059014212e-01,1.351330000000000000e+05
9.827030693573003406e-01,1.352490000000000000e+05
9.828726471086993710e-01,1.355690000000000000e+05
9.830422248600984014e-01,1.356130000000000000e+05
9.832118026114974318e-01,1.371120000000000000e+05
9.833813803628964623e-01,1.396660000000000000e+05
9.835509581142954927e-01,1.419760000000000000e+05
9.837205358656945231e-01,1.431950000000000000e+05
9.838901136170935535e-01,1.436100000000000000e+05
9.840596913684924729e-01,1.437800000000000000e+05
9.842292691198915033e-01,1.441780000000000000e+05
9.843988468712905338e-01,1.444230000000000000e+05
9.845684246226895642e-01,1.455820000000000000e+05
9.847380023740885946e-01,1.457770000000000000e+05
9.849075801254876250e-01,1.460690000000000000e+05
9.850771578768866554e-01,1.462120000000000000e+05
9.852467356282855748e-01,1.468160000000000000e+05
9.854163133796846052e-01,1.470490000000000000e+05
9.855858911310836357e-01,1.481070000000000000e+05
9.857554688824826661e-01,1.497280000000000000e+05
9.859250466338816965e-01,1.498740000000000000e+05
9.860946243852807269e-01,1.504400000000000000e+05
9.862642021366797573e-01,1.512180000000000000e+05
9.864337798880787878e-01,1.512600000000000000e+05
9.866033576394777072e-01,1.517280000000000000e+05
9.867729353908767376e-01,1.520440000000000000e+05
9.869425131422757680e-01,1.526050000000000000e+05
9.871120908936747984e-01,1.527250000000000000e+05
9.872816686450738288e-01,1.531170000000000000e+05
9.874512463964728592e-01,1.558140000000000000e+05
9.876208241478718897e-01,1.598100000000000000e+05
9.877904018992709201e-01,1.602790000000000000e+05
9.879599796506698395e-01,1.604860000000000000e+05
9.881295574020688699e-01,1.621330000000000000e+05
9.882991351534679003e-01,1.633610000000000000e+05
9.884687129048669307e-01,1.637580000000000000e+05
9.886382906562659612e-01,1.656450000000000000e+05
9.888078684076649916e-01,1.657130000000000000e+05
9.889774461590640220e-01,1.667150000000000000e+05
9.891470239104630524e-01,1.670930000000000000e+05
9.893166016618619718e-01,1.672830000000000000e+05
9.894861794132610022e-01,1.678860000000000000e+05
9.896557571646600326e-01,1.679870000000000000e+05
9.898253349160590631e-01,1.695200000000000000e+05
9.899949126674580935e-01,1.725980000000000000e+05
9.901644904188571239e-01,1.756870000000000000e+05
9.903340681702561543e-01,1.772010000000000000e+05
9.905036459216551847e-01,1.775060000000000000e+05
9.906732236730541041e-01,1.777940000000000000e+05
9.908428014244531346e-01,1.786240000000000000e+05
9.910123791758521650e-01,1.799700000000000000e+05
9.911819569272511954e-01,1.806540000000000000e+05
9.913515346786502258e-01,1.828490000000000000e+05
9.915211124300492562e-01,1.829330000000000000e+05
9.916906901814482866e-01,1.833860000000000000e+05
9.918602679328473171e-01,1.858810000000000000e+05
9.920298456842462365e-01,1.866790000000000000e+05
9.921994234356452669e-01,1.869970000000000000e+05
9.923690011870442973e-01,1.910820000000000000e+05
9.925385789384433277e-01,1.934710000000000000e+05
9.927081566898423581e-01,1.965590000000000000e+05
9.928777344412413886e-01,1.967000000000000000e+05
9.930473121926404190e-01,1.999150000000000000e+05
9.932168899440394494e-01,2.011590000000000000e+05
9.933864676954383688e-01,2.031840000000000000e+05
9.935560454468373992e-01,2.042140000000000000e+05
9.937256231982364296e-01,2.063970000000000000e+05
9.938952009496354600e-01,2.068430000000000000e+05
9.940647787010344905e-01,2.068850000000000000e+05
9.942343564524335209e-01,2.092270000000000000e+05
9.944039342038325513e-01,2.099790000000000000e+05
9.945735119552315817e-01,2.146680000000000000e+05
9.947430897066305011e-01,2.222140000000000000e+05
9.949126674580295315e-01,2.253320000000000000e+05
9.950822452094285619e-01,2.286630000000000000e+05
9.952518229608275924e-01,2.336330000000000000e+05
9.954214007122266228e-01,2.403130000000000000e+05
9.955909784636256532e-01,2.435330000000000000e+05
9.957605562150246836e-01,2.513180000000000000e+05
9.959301339664237140e-01,2.522190000000000000e+05
9.960997117178226334e-01,2.705770000000000000e+05
9.962692894692216639e-01,2.710520000000000000e+05
9.964388672206206943e-01,2.728520000000000000e+05
9.966084449720197247e-01,2.839160000000000000e+05
9.967780227234187551e-01,2.886000000000000000e+05
9.969476004748177855e-01,2.930170000000000000e+05
9.971171782262168160e-01,2.960700000000000000e+05
9.972867559776158464e-01,3.187840000000000000e+05
9.974563337290147658e-01,3.376970000000000000e+05
9.976259114804137962e-01,3.478130000000000000e+05
9.977954892318128266e-01,3.515150000000000000e+05
9.979650669832118570e-01,3.529600000000000000e+05
9.981346447346108874e-01,3.563180000000000000e+05
9.983042224860099179e-01,3.912830000000000000e+05
9.984738002374089483e-01,4.460700000000000000e+05
9.986433779888079787e-01,4.614170000000000000e+05
9.988129557402068981e-01,4.774430000000000000e+05
9.989825334916059285e-01,4.948150000000000000e+05
9.991521112430049589e-01,5.097480000000000000e+05
9.993216889944039893e-01,5.277110000000000000e+05
9.994912667458030198e-01,6.461300000000000000e+05
9.996608444972020502e-01,8.296180000000000000e+05
9.998304222486010806e-01,8.297760000000000000e+05
1.000000000000000000e+00,9.542930000000000000e+05
