0.000000000000000000e+00,1.000000000000000000e+00
2.041232904674423457e-04,1.000000000000000000e+00
4.082465809348846913e-04,1.000000000000000000e+00
6.123698714023270099e-04,1.000000000000000000e+00
8.164931618697693827e-04,1.000000000000000000e+00
1.020616452337211755e-03,1.000000000000000000e+00
1.224739742804654020e-03,1.000000000000000000e+00
1.428863033272096501e-03,1.000000000000000000e+00
1.632986323739538765e-03,1.000000000000000000e+00
1.837109614206981030e-03,1.000000000000000000e+00
2.041232904674423511e-03,1.000000000000000000e+00
2.245356195141865775e-03,1.000000000000000000e+00
2.449479485609308040e-03,1.000000000000000000e+00
2.653602776076750304e-03,1.000000000000000000e+00
2.857726066544193002e-03,1.000000000000000000e+00
3.061849357011635266e-03,1.000000000000000000e+00
3.265972647479077531e-03,1.000000000000000000e+00
3.470095937946519795e-03,1.000000000000000000e+00
3.674219228413962059e-03,1.000000000000000000e+00
3.878342518881404757e-03,1.000000000000000000e+00
4.082465809348847022e-03,1.000000000000000000e+00
4.286589099816289286e-03,1.000000000000000000e+00
4.490712390283731550e-03,1.000000000000000000e+00
4.694835680751173815e-03,1.000000000000000000e+00
4.898958971218616079e-03,1.000000000000000000e+00
5.103082261686058343e-03,1.000000000000000000e+00
5.307205552153500608e-03,1.000000000000000000e+00
5.511328842620943740e-03,1.000000000000000000e+00
5.715452133088386004e-03,1.000000000000000000e+00
5.919575423555828268e-03,1.000000000000000000e+00
6.123698714023270533e-03,1.000000000000000000e+00
6.327822004490712797e-03,1.000000000000000000e+00
6.531945294958155061e-03,1.000000000000000000e+00
6.736068585425597326e-03,1.000000000000000000e+00
6.940191875893039590e-03,1.000000000000000000e+00
7.144315166360481854e-03,1.000000000000000000e+00
7.348438456827924119e-03,1.000000000000000000e+00
7.552561747295366383e-03,1.000000000000000000e+00
7.756685037762809515e-03,1.000000000000000000e+00
7.960808328230251779e-03,1.000000000000000000e+00
8.164931618697694043e-03,1.000000000000000000e+00
8.369054909165136308e-03,1.000000000000000000e+00
8.573178199632578572e-03,1.000000000000000000e+00
8.777301490100020837e-03,1.000000000000000000e+00
8.981424780567463101e-03,1.000000000000000000e+00
9.185548071034905365e-03,1.000000000000000000e+00
9.389671361502347630e-03,1.000000000000000000e+00
9.593794651969789894e-03,1.000000000000000000e+00
9.797917942437232158e-03,1.000000000000000000e+00
1.000204123290467442e-02,1.000000000000000000e+00
1.020616452337211669e-02,1.000000000000000000e+00
1.041028781383955895e-02,1.000000000000000000e+00
1.061441110430700122e-02,1.000000000000000000e+00
1.081853439477444348e-02,1.000000000000000000e+00
1.102265768524188748e-02,1.000000000000000000e+00
1.122678097570932974e-02,1.000000000000000000e+00
1.143090426617677201e-02,1.000000000000000000e+00
1.163502755664421427e-02,1.000000000000000000e+00
1.183915084711165654e-02,1.000000000000000000e+00
1.204327413757909880e-02,1.000000000000000000e+00
1.224739742804654107e-02,1.000000000000000000e+00
1.245152071851398333e-02,1.000000000000000000e+00
1.265564400898142559e-02,1.000000000000000000e+00
1.285976729944886786e-02,1.000000000000000000e+00
1.306389058991631012e-02,1.000000000000000000e+00
1.326801388038375239e-02,1.000000000000000000e+00
1.347213717085119465e-02,1.000000000000000000e+00
1.367626046131863692e-02,1.000000000000000000e+00
1.388038375178607918e-02,1.000000000000000000e+00
1.408450704225352144e-02,1.000000000000000000e+00
1.428863033272096371e-02,1.000000000000000000e+00
1.449275362318840597e-02,1.000000000000000000e+00
1.469687691365584824e-02,1.000000000000000000e+00
1.490100020412329050e-02,1.000000000000000000e+00
1.510512349459073277e-02,1.000000000000000000e+00
1.530924678505817677e-02,1.000000000000000000e+00
1.551337007552561903e-02,1.000000000000000000e+00
1.571749336599306129e-02,1.000000000000000000e+00
1.592161665646050356e-02,1.000000000000000000e+00
1.612573994692794582e-02,1.000000000000000000e+00
1.632986323739538809e-02,1.000000000000000000e+00
1.653398652786283035e-02,1.000000000000000000e+00
1.673810981833027262e-02,1.000000000000000000e+00
1.694223310879771488e-02,1.000000000000000000e+00
1.714635639926515714e-02,1.000000000000000000e+00
1.735047968973259941e-02,1.000000000000000000e+00
1.755460298020004167e-02,1.000000000000000000e+00
1.775872627066748394e-02,1.000000000000000000e+00
1.796284956113492620e-02,1.000000000000000000e+00
1.816697285160236847e-02,1.000000000000000000e+00
1.837109614206981073e-02,1.000000000000000000e+00
1.857521943253725299e-02,1.000000000000000000e+00
1.877934272300469526e-02,1.000000000000000000e+00
1.898346601347213752e-02,1.000000000000000000e+00
1.918758930393957979e-02,1.000000000000000000e+00
1.939171259440702205e-02,1.000000000000000000e+00
1.959583588487446432e-02,1.000000000000000000e+00
1.979995917534190658e-02,1.000000000000000000e+00
2.000408246580934885e-02,1.000000000000000000e+00
2.020820575627679111e-02,1.000000000000000000e+00
2.041232904674423337e-02,1.000000000000000000e+00
2.061645233721167564e-02,1.000000000000000000e+00
2.082057562767911790e-02,1.000000000000000000e+00
2.102469891814656017e-02,1.000000000000000000e+00
2.122882220861400243e-02,1.000000000000000000e+00
2.143294549908144470e-02,1.000000000000000000e+00
2.163706878954888696e-02,1.000000000000000000e+00
2.184119208001633269e-02,1.000000000000000000e+00
2.204531537048377496e-02,1.000000000000000000e+00
2.224943866095121722e-02,1.000000000000000000e+00
2.245356195141865949e-02,1.000000000000000000e+00
2.265768524188610175e-02,1.000000000000000000e+00
2.286180853235354402e-02,1.000000000000000000e+00
2.306593182282098628e-02,1.000000000000000000e+00
2.327005511328842854e-02,1.000000000000000000e+00
2.347417840375587081e-02,1.000000000000000000e+00
2.367830169422331307e-02,1.000000000000000000e+00
2.388242498469075534e-02,1.000000000000000000e+00
2.408654827515819760e-02,1.000000000000000000e+00
2.429067156562563987e-02,1.000000000000000000e+00
2.449479485609308213e-02,1.000000000000000000e+00
2.469891814656052439e-02,1.000000000000000000e+00
2.490304143702796666e-02,1.000000000000000000e+00
2.510716472749540892e-02,1.000000000000000000e+00
2.531128801796285119e-02,1.000000000000000000e+00
2.551541130843029345e-02,1.000000000000000000e+00
2.571953459889773572e-02,1.000000000000000000e+00
2.592365788936517798e-02,1.000000000000000000e+00
2.612778117983262025e-02,1.000000000000000000e+00
2.633190447030006251e-02,1.000000000000000000e+00
2.653602776076750477e-02,1.000000000000000000e+00
2.674015105123494704e-02,1.000000000000000000e+00
2.694427434170238930e-02,1.000000000000000000e+00
2.714839763216983157e-02,1.000000000000000000e+00
2.735252092263727383e-02,1.000000000000000000e+00
2.755664421310471610e-02,1.000000000000000000e+00
2.776076750357215836e-02,1.000000000000000000e+00
2.796489079403960062e-02,1.000000000000000000e+00
2.816901408450704289e-02,1.000000000000000000e+00
2.837313737497448515e-02,1.000000000000000000e+00
2.857726066544192742e-02,1.000000000000000000e+00
2.878138395590936968e-02,1.000000000000000000e+00
2.898550724637681195e-02,1.000000000000000000e+00
2.918963053684425421e-02,1.000000000000000000e+00
2.939375382731169647e-02,1.000000000000000000e+00
2.959787711777913874e-02,1.000000000000000000e+00
2.980200040824658100e-02,1.000000000000000000e+00
3.000612369871402327e-02,1.000000000000000000e+00
3.021024698918146553e-02,1.000000000000000000e+00
3.041437027964890780e-02,1.000000000000000000e+00
3.061849357011635353e-02,1.000000000000000000e+00
3.082261686058379579e-02,1.000000000000000000e+00
3.102674015105123806e-02,1.000000000000000000e+00
3.123086344151868032e-02,1.000000000000000000e+00
3.143498673198612259e-02,1.000000000000000000e+00
3.163911002245356485e-02,1.000000000000000000e+00
3.184323331292100712e-02,1.000000000000000000e+00
3.204735660338844938e-02,1.000000000000000000e+00
3.225147989385589165e-02,1.000000000000000000e+00
3.245560318432333391e-02,1.000000000000000000e+00
3.265972647479077617e-02,1.000000000000000000e+00
3.286384976525821844e-02,1.000000000000000000e+00
3.306797305572566070e-02,1.000000000000000000e+00
3.327209634619310297e-02,1.000000000000000000e+00
3.347621963666054523e-02,1.000000000000000000e+00
3.368034292712798750e-02,1.000000000000000000e+00
3.388446621759542976e-02,1.000000000000000000e+00
3.408858950806287202e-02,1.000000000000000000e+00
3.429271279853031429e-02,1.000000000000000000e+00
3.449683608899775655e-02,1.000000000000000000e+00
3.470095937946519882e-02,1.000000000000000000e+00
3.490508266993264108e-02,1.000000000000000000e+00
3.510920596040008335e-02,1.000000000000000000e+00
3.531332925086752561e-02,1.000000000000000000e+00
3.551745254133496787e-02,1.000000000000000000e+00
3.572157583180241014e-02,1.000000000000000000e+00
3.592569912226985240e-02,1.000000000000000000e+00
3.612982241273729467e-02,1.000000000000000000e+00
3.633394570320473693e-02,1.000000000000000000e+00
3.653806899367217920e-02,1.000000000000000000e+00
3.674219228413962146e-02,1.000000000000000000e+00
3.694631557460706373e-02,1.000000000000000000e+00
3.715043886507450599e-02,1.000000000000000000e+00
3.735456215554194825e-02,1.000000000000000000e+00
3.755868544600939052e-02,1.000000000000000000e+00
3.776280873647683278e-02,1.000000000000000000e+00
3.796693202694427505e-02,1.000000000000000000e+00
3.817105531741171731e-02,1.000000000000000000e+00
3.837517860787915958e-02,1.000000000000000000e+00
3.857930189834660184e-02,1.000000000000000000e+00
3.878342518881404410e-02,1.000000000000000000e+00
3.898754847928148637e-02,1.000000000000000000e+00
3.919167176974892863e-02,1.000000000000000000e+00
3.939579506021637090e-02,1.000000000000000000e+00
3.959991835068381316e-02,1.000000000000000000e+00
3.980404164115125543e-02,1.000000000000000000e+00
4.000816493161869769e-02,1.000000000000000000e+00
4.021228822208613995e-02,1.000000000000000000e+00
4.041641151255358222e-02,1.000000000000000000e+00
4.062053480302102448e-02,1.000000000000000000e+00
4.082465809348846675e-02,1.000000000000000000e+00
4.102878138395590901e-02,1.000000000000000000e+00
4.123290467442335128e-02,1.000000000000000000e+00
4.143702796489079354e-02,1.000000000000000000e+00
4.164115125535823581e-02,1.000000000000000000e+00
4.184527454582567807e-02,1.000000000000000000e+00
4.204939783629312033e-02,1.000000000000000000e+00
4.225352112676056260e-02,1.000000000000000000e+00
4.245764441722800486e-02,1.000000000000000000e+00
4.266176770769544713e-02,1.000000000000000000e+00
4.286589099816288939e-02,1.000000000000000000e+00
4.307001428863033166e-02,1.000000000000000000e+00
4.327413757909777392e-02,1.000000000000000000e+00
4.347826086956521618e-02,1.000000000000000000e+00
4.368238416003266539e-02,1.000000000000000000e+00
4.388650745050010765e-02,1.000000000000000000e+00
4.409063074096754992e-02,1.000000000000000000e+00
4.429475403143499218e-02,1.000000000000000000e+00
4.449887732190243445e-02,1.000000000000000000e+00
4.470300061236987671e-02,1.000000000000000000e+00
4.490712390283731897e-02,1.000000000000000000e+00
4.511124719330476124e-02,1.000000000000000000e+00
4.531537048377220350e-02,1.000000000000000000e+00
4.551949377423964577e-02,1.000000000000000000e+00
4.572361706470708803e-02,1.000000000000000000e+00
4.592774035517453030e-02,1.000000000000000000e+00
4.613186364564197256e-02,1.000000000000000000e+00
4.633598693610941482e-02,1.000000000000000000e+00
4.654011022657685709e-02,1.000000000000000000e+00
4.674423351704429935e-02,1.000000000000000000e+00
4.694835680751174162e-02,1.000000000000000000e+00
4.715248009797918388e-02,1.000000000000000000e+00
4.735660338844662615e-02,1.000000000000000000e+00
4.756072667891406841e-02,1.000000000000000000e+00
4.776484996938151067e-02,1.000000000000000000e+00
4.796897325984895294e-02,1.000000000000000000e+00
4.817309655031639520e-02,1.000000000000000000e+00
4.837721984078383747e-02,1.000000000000000000e+00
4.858134313125127973e-02,1.000000000000000000e+00
4.878546642171872200e-02,1.000000000000000000e+00
4.898958971218616426e-02,1.000000000000000000e+00
4.919371300265360653e-02,1.000000000000000000e+00
4.939783629312104879e-02,1.000000000000000000e+00
4.960195958358849105e-02,1.000000000000000000e+00
4.980608287405593332e-02,1.000000000000000000e+00
5.001020616452337558e-02,1.000000000000000000e+00
5.021432945499081785e-02,1.000000000000000000e+00
5.041845274545826011e-02,1.000000000000000000e+00
5.062257603592570238e-02,1.000000000000000000e+00
5.082669932639314464e-02,1.000000000000000000e+00
5.103082261686058690e-02,1.000000000000000000e+00
5.123494590732802917e-02,1.000000000000000000e+00
5.143906919779547143e-02,1.000000000000000000e+00
5.164319248826291370e-02,1.000000000000000000e+00
5.184731577873035596e-02,1.000000000000000000e+00
5.205143906919779823e-02,1.000000000000000000e+00
5.225556235966524049e-02,1.000000000000000000e+00
5.245968565013268275e-02,1.000000000000000000e+00
5.266380894060012502e-02,1.000000000000000000e+00
5.286793223106756728e-02,1.000000000000000000e+00
5.307205552153500955e-02,1.000000000000000000e+00
5.327617881200245181e-02,1.000000000000000000e+00
5.348030210246989408e-02,1.000000000000000000e+00
5.368442539293733634e-02,1.000000000000000000e+00
5.388854868340477861e-02,1.000000000000000000e+00
5.409267197387222087e-02,1.000000000000000000e+00
5.429679526433966313e-02,1.000000000000000000e+00
5.450091855480710540e-02,1.000000000000000000e+00
5.470504184527454766e-02,1.000000000000000000e+00
5.490916513574198993e-02,1.000000000000000000e+00
5.511328842620943219e-02,1.000000000000000000e+00
5.531741171667687446e-02,1.000000000000000000e+00
5.552153500714431672e-02,1.000000000000000000e+00
5.572565829761175898e-02,1.000000000000000000e+00
5.592978158807920125e-02,1.000000000000000000e+00
5.613390487854664351e-02,1.000000000000000000e+00
5.633802816901408578e-02,1.000000000000000000e+00
5.654215145948152804e-02,1.000000000000000000e+00
5.674627474994897031e-02,1.000000000000000000e+00
5.695039804041641257e-02,1.000000000000000000e+00
5.715452133088385483e-02,1.000000000000000000e+00
5.735864462135129710e-02,1.000000000000000000e+00
5.756276791181873936e-02,1.000000000000000000e+00
5.776689120228618163e-02,1.000000000000000000e+00
5.797101449275362389e-02,1.000000000000000000e+00
5.817513778322106616e-02,1.000000000000000000e+00
5.837926107368850842e-02,1.000000000000000000e+00
5.858338436415595069e-02,1.000000000000000000e+00
5.878750765462339295e-02,1.000000000000000000e+00
5.899163094509083521e-02,1.000000000000000000e+00
5.919575423555827748e-02,1.000000000000000000e+00
5.939987752602571974e-02,1.000000000000000000e+00
5.960400081649316201e-02,1.000000000000000000e+00
5.980812410696060427e-02,1.000000000000000000e+00
6.001224739742804654e-02,1.000000000000000000e+00
6.021637068789548880e-02,1.000000000000000000e+00
6.042049397836293106e-02,1.000000000000000000e+00
6.062461726883037333e-02,1.000000000000000000e+00
6.082874055929781559e-02,1.000000000000000000e+00
6.103286384976526480e-02,1.000000000000000000e+00
6.123698714023270706e-02,1.000000000000000000e+00
6.144111043070014933e-02,2.000000000000000000e+00
6.164523372116759159e-02,2.000000000000000000e+00
6.184935701163503385e-02,2.000000000000000000e+00
6.205348030210247612e-02,2.000000000000000000e+00
6.225760359256991838e-02,2.000000000000000000e+00
6.246172688303736065e-02,2.000000000000000000e+00
6.266585017350480291e-02,2.000000000000000000e+00
6.286997346397224518e-02,2.000000000000000000e+00
6.307409675443968744e-02,2.000000000000000000e+00
6.327822004490712970e-02,2.000000000000000000e+00
6.348234333537457197e-02,2.000000000000000000e+00
6.368646662584201423e-02,2.000000000000000000e+00
6.389058991630945650e-02,2.000000000000000000e+00
6.409471320677689876e-02,2.000000000000000000e+00
6.429883649724434103e-02,2.000000000000000000e+00
6.450295978771178329e-02,2.000000000000000000e+00
6.470708307817922555e-02,2.000000000000000000e+00
6.491120636864666782e-02,2.000000000000000000e+00
6.511532965911411008e-02,2.000000000000000000e+00
6.531945294958155235e-02,2.000000000000000000e+00
6.552357624004899461e-02,2.000000000000000000e+00
6.572769953051643688e-02,2.000000000000000000e+00
6.593182282098387914e-02,2.000000000000000000e+00
6.613594611145132141e-02,2.000000000000000000e+00
6.634006940191876367e-02,2.000000000000000000e+00
6.654419269238620593e-02,2.000000000000000000e+00
6.674831598285364820e-02,2.000000000000000000e+00
6.695243927332109046e-02,2.000000000000000000e+00
6.715656256378853273e-02,2.000000000000000000e+00
6.736068585425597499e-02,2.000000000000000000e+00
6.756480914472341726e-02,2.000000000000000000e+00
6.776893243519085952e-02,2.000000000000000000e+00
6.797305572565830178e-02,2.000000000000000000e+00
6.817717901612574405e-02,2.000000000000000000e+00
6.838130230659318631e-02,2.000000000000000000e+00
6.858542559706062858e-02,2.000000000000000000e+00
6.878954888752807084e-02,2.000000000000000000e+00
6.899367217799551311e-02,2.000000000000000000e+00
6.919779546846295537e-02,2.000000000000000000e+00
6.940191875893039763e-02,2.000000000000000000e+00
6.960604204939783990e-02,2.000000000000000000e+00
6.981016533986528216e-02,2.000000000000000000e+00
7.001428863033272443e-02,2.000000000000000000e+00
7.021841192080016669e-02,2.000000000000000000e+00
7.042253521126760896e-02,2.000000000000000000e+00
7.062665850173505122e-02,2.000000000000000000e+00
7.083078179220249349e-02,2.000000000000000000e+00
7.103490508266993575e-02,2.000000000000000000e+00
7.123902837313737801e-02,2.000000000000000000e+00
7.144315166360482028e-02,2.000000000000000000e+00
7.164727495407226254e-02,2.000000000000000000e+00
7.185139824453970481e-02,2.000000000000000000e+00
7.205552153500714707e-02,2.000000000000000000e+00
7.225964482547458934e-02,2.000000000000000000e+00
7.246376811594203160e-02,2.000000000000000000e+00
7.266789140640947386e-02,2.000000000000000000e+00
7.287201469687691613e-02,2.000000000000000000e+00
7.307613798734435839e-02,2.000000000000000000e+00
7.328026127781180066e-02,2.000000000000000000e+00
7.348438456827924292e-02,2.000000000000000000e+00
7.368850785874668519e-02,2.000000000000000000e+00
7.389263114921412745e-02,2.000000000000000000e+00
7.409675443968156971e-02,2.000000000000000000e+00
7.430087773014901198e-02,2.000000000000000000e+00
7.450500102061645424e-02,2.000000000000000000e+00
7.470912431108389651e-02,2.000000000000000000e+00
7.491324760155133877e-02,2.000000000000000000e+00
7.511737089201878104e-02,2.000000000000000000e+00
7.532149418248622330e-02,2.000000000000000000e+00
7.552561747295366557e-02,2.000000000000000000e+00
7.572974076342110783e-02,2.000000000000000000e+00
7.593386405388855009e-02,2.000000000000000000e+00
7.613798734435599236e-02,2.000000000000000000e+00
7.634211063482343462e-02,2.000000000000000000e+00
7.654623392529087689e-02,2.000000000000000000e+00
7.675035721575831915e-02,2.000000000000000000e+00
7.695448050622576142e-02,2.000000000000000000e+00
7.715860379669320368e-02,2.000000000000000000e+00
7.736272708716064594e-02,2.000000000000000000e+00
7.756685037762808821e-02,2.000000000000000000e+00
7.777097366809553047e-02,2.000000000000000000e+00
7.797509695856297274e-02,2.000000000000000000e+00
7.817922024903041500e-02,2.000000000000000000e+00
7.838334353949785727e-02,2.000000000000000000e+00
7.858746682996529953e-02,2.000000000000000000e+00
7.879159012043274180e-02,2.000000000000000000e+00
7.899571341090018406e-02,2.000000000000000000e+00
7.919983670136762632e-02,2.000000000000000000e+00
7.940395999183506859e-02,2.000000000000000000e+00
7.960808328230251085e-02,2.000000000000000000e+00
7.981220657276995312e-02,2.000000000000000000e+00
8.001632986323739538e-02,2.000000000000000000e+00
8.022045315370483765e-02,2.000000000000000000e+00
8.042457644417227991e-02,2.000000000000000000e+00
8.062869973463972217e-02,2.000000000000000000e+00
8.083282302510716444e-02,2.000000000000000000e+00
8.103694631557460670e-02,2.000000000000000000e+00
8.124106960604204897e-02,2.000000000000000000e+00
8.144519289650949123e-02,2.000000000000000000e+00
8.164931618697693350e-02,3.000000000000000000e+00
8.185343947744437576e-02,4.000000000000000000e+00
8.205756276791181802e-02,5.000000000000000000e+00
8.226168605837926029e-02,9.000000000000000000e+00
8.246580934884670255e-02,1.200000000000000000e+01
8.266993263931414482e-02,1.300000000000000000e+01
8.287405592978158708e-02,1.300000000000000000e+01
8.307817922024902935e-02,1.300000000000000000e+01
8.328230251071647161e-02,1.400000000000000000e+01
8.348642580118391388e-02,1.600000000000000000e+01
8.369054909165135614e-02,1.600000000000000000e+01
8.389467238211879840e-02,1.600000000000000000e+01
8.409879567258624067e-02,1.600000000000000000e+01
8.430291896305368293e-02,1.600000000000000000e+01
8.450704225352112520e-02,1.600000000000000000e+01
8.471116554398856746e-02,1.600000000000000000e+01
8.491528883445600973e-02,1.600000000000000000e+01
8.511941212492345199e-02,1.600000000000000000e+01
8.532353541539089425e-02,1.600000000000000000e+01
8.552765870585833652e-02,1.700000000000000000e+01
8.573178199632577878e-02,1.700000000000000000e+01
8.593590528679322105e-02,1.700000000000000000e+01
8.614002857726066331e-02,1.800000000000000000e+01
8.634415186772810558e-02,1.800000000000000000e+01
8.654827515819554784e-02,1.800000000000000000e+01
8.675239844866299010e-02,1.800000000000000000e+01
8.695652173913043237e-02,1.800000000000000000e+01
8.716064502959788851e-02,1.800000000000000000e+01
8.736476832006533078e-02,1.900000000000000000e+01
8.756889161053277304e-02,1.900000000000000000e+01
8.777301490100021530e-02,1.900000000000000000e+01
8.797713819146765757e-02,1.900000000000000000e+01
8.818126148193509983e-02,1.900000000000000000e+01
8.838538477240254210e-02,1.900000000000000000e+01
8.858950806286998436e-02,1.900000000000000000e+01
8.879363135333742663e-02,2.000000000000000000e+01
8.899775464380486889e-02,2.000000000000000000e+01
8.920187793427231115e-02,2.000000000000000000e+01
8.940600122473975342e-02,2.000000000000000000e+01
8.961012451520719568e-02,2.100000000000000000e+01
8.981424780567463795e-02,2.100000000000000000e+01
9.001837109614208021e-02,2.100000000000000000e+01
9.022249438660952248e-02,2.200000000000000000e+01
9.042661767707696474e-02,2.200000000000000000e+01
9.063074096754440701e-02,2.200000000000000000e+01
9.083486425801184927e-02,2.200000000000000000e+01
9.103898754847929153e-02,2.200000000000000000e+01
9.124311083894673380e-02,2.200000000000000000e+01
9.144723412941417606e-02,2.200000000000000000e+01
9.165135741988161833e-02,2.300000000000000000e+01
9.185548071034906059e-02,2.300000000000000000e+01
9.205960400081650286e-02,2.300000000000000000e+01
9.226372729128394512e-02,2.300000000000000000e+01
9.246785058175138738e-02,2.300000000000000000e+01
9.267197387221882965e-02,2.300000000000000000e+01
9.287609716268627191e-02,2.300000000000000000e+01
9.308022045315371418e-02,2.300000000000000000e+01
9.328434374362115644e-02,2.300000000000000000e+01
9.348846703408859871e-02,2.300000000000000000e+01
9.369259032455604097e-02,2.400000000000000000e+01
9.389671361502348323e-02,2.400000000000000000e+01
9.410083690549092550e-02,2.400000000000000000e+01
9.430496019595836776e-02,2.400000000000000000e+01
9.450908348642581003e-02,2.400000000000000000e+01
9.471320677689325229e-02,2.400000000000000000e+01
9.491733006736069456e-02,2.400000000000000000e+01
9.512145335782813682e-02,2.400000000000000000e+01
9.532557664829557909e-02,2.400000000000000000e+01
9.552969993876302135e-02,2.400000000000000000e+01
9.573382322923046361e-02,2.400000000000000000e+01
9.593794651969790588e-02,2.400000000000000000e+01
9.614206981016534814e-02,2.400000000000000000e+01
9.634619310063279041e-02,2.400000000000000000e+01
9.655031639110023267e-02,2.400000000000000000e+01
9.675443968156767494e-02,2.400000000000000000e+01
9.695856297203511720e-02,2.500000000000000000e+01
9.716268626250255946e-02,2.500000000000000000e+01
9.736680955297000173e-02,2.500000000000000000e+01
9.757093284343744399e-02,2.500000000000000000e+01
9.777505613390488626e-02,2.500000000000000000e+01
9.797917942437232852e-02,2.500000000000000000e+01
9.818330271483977079e-02,2.500000000000000000e+01
9.838742600530721305e-02,2.500000000000000000e+01
9.859154929577465531e-02,2.500000000000000000e+01
9.879567258624209758e-02,2.500000000000000000e+01
9.899979587670953984e-02,2.600000000000000000e+01
9.920391916717698211e-02,2.600000000000000000e+01
9.940804245764442437e-02,2.600000000000000000e+01
9.961216574811186664e-02,2.600000000000000000e+01
9.981628903857930890e-02,2.600000000000000000e+01
1.000204123290467512e-01,2.600000000000000000e+01
1.002245356195141934e-01,2.700000000000000000e+01
1.004286589099816357e-01,2.700000000000000000e+01
1.006327822004490780e-01,2.700000000000000000e+01
1.008369054909165202e-01,2.700000000000000000e+01
1.010410287813839625e-01,2.800000000000000000e+01
1.012451520718514048e-01,2.800000000000000000e+01
1.014492753623188470e-01,2.800000000000000000e+01
1.016533986527862893e-01,2.800000000000000000e+01
1.018575219432537315e-01,2.800000000000000000e+01
1.020616452337211738e-01,2.900000000000000000e+01
1.022657685241886161e-01,2.900000000000000000e+01
1.024698918146560583e-01,2.900000000000000000e+01
1.026740151051235006e-01,2.900000000000000000e+01
1.028781383955909429e-01,3.000000000000000000e+01
1.030822616860583851e-01,3.000000000000000000e+01
1.032863849765258274e-01,3.000000000000000000e+01
1.034905082669932697e-01,3.000000000000000000e+01
1.036946315574607119e-01,3.000000000000000000e+01
1.038987548479281542e-01,3.200000000000000000e+01
1.041028781383955965e-01,3.200000000000000000e+01
1.043070014288630387e-01,3.200000000000000000e+01
1.045111247193304810e-01,3.300000000000000000e+01
1.047152480097979232e-01,3.300000000000000000e+01
1.049193713002653655e-01,3.300000000000000000e+01
1.051234945907328078e-01,3.300000000000000000e+01
1.053276178812002500e-01,3.500000000000000000e+01
1.055317411716676923e-01,3.500000000000000000e+01
1.057358644621351346e-01,3.500000000000000000e+01
1.059399877526025768e-01,3.600000000000000000e+01
1.061441110430700191e-01,3.700000000000000000e+01
1.063482343335374614e-01,3.800000000000000000e+01
1.065523576240049036e-01,3.800000000000000000e+01
1.067564809144723459e-01,3.900000000000000000e+01
1.069606042049397882e-01,3.900000000000000000e+01
1.071647274954072304e-01,3.900000000000000000e+01
1.073688507858746727e-01,4.000000000000000000e+01
1.075729740763421149e-01,4.000000000000000000e+01
1.077770973668095572e-01,4.000000000000000000e+01
1.079812206572769995e-01,4.000000000000000000e+01
1.081853439477444417e-01,4.100000000000000000e+01
1.083894672382118840e-01,4.100000000000000000e+01
1.085935905286793263e-01,4.100000000000000000e+01
1.087977138191467685e-01,4.200000000000000000e+01
1.090018371096142108e-01,4.200000000000000000e+01
1.092059604000816531e-01,4.200000000000000000e+01
1.094100836905490953e-01,4.300000000000000000e+01
1.096142069810165376e-01,4.400000000000000000e+01
1.098183302714839799e-01,4.400000000000000000e+01
1.100224535619514221e-01,4.500000000000000000e+01
1.102265768524188644e-01,4.500000000000000000e+01
1.104307001428863066e-01,4.500000000000000000e+01
1.106348234333537489e-01,4.500000000000000000e+01
1.108389467238211912e-01,4.500000000000000000e+01
1.110430700142886334e-01,4.500000000000000000e+01
1.112471933047560757e-01,4.500000000000000000e+01
1.114513165952235180e-01,4.500000000000000000e+01
1.116554398856909602e-01,4.600000000000000000e+01
1.118595631761584025e-01,4.600000000000000000e+01
1.120636864666258448e-01,4.600000000000000000e+01
1.122678097570932870e-01,4.600000000000000000e+01
1.124719330475607293e-01,4.600000000000000000e+01
1.126760563380281716e-01,4.700000000000000000e+01
1.128801796284956138e-01,4.700000000000000000e+01
1.130843029189630561e-01,4.700000000000000000e+01
1.132884262094304983e-01,4.700000000000000000e+01
1.134925494998979406e-01,4.700000000000000000e+01
1.136966727903653829e-01,4.700000000000000000e+01
1.139007960808328251e-01,4.700000000000000000e+01
1.141049193713002674e-01,4.700000000000000000e+01
1.143090426617677097e-01,4.700000000000000000e+01
1.145131659522351519e-01,4.700000000000000000e+01
1.147172892427025942e-01,4.700000000000000000e+01
1.149214125331700365e-01,4.700000000000000000e+01
1.151255358236374787e-01,4.800000000000000000e+01
1.153296591141049210e-01,4.800000000000000000e+01
1.155337824045723633e-01,4.800000000000000000e+01
1.157379056950398055e-01,4.800000000000000000e+01
1.159420289855072478e-01,4.800000000000000000e+01
1.161461522759746900e-01,4.800000000000000000e+01
1.163502755664421323e-01,4.900000000000000000e+01
1.165543988569095746e-01,4.900000000000000000e+01
1.167585221473770168e-01,4.900000000000000000e+01
1.169626454378444591e-01,4.900000000000000000e+01
1.171667687283119014e-01,4.900000000000000000e+01
1.173708920187793436e-01,5.000000000000000000e+01
1.175750153092467859e-01,5.100000000000000000e+01
1.177791385997142282e-01,5.100000000000000000e+01
1.179832618901816704e-01,5.100000000000000000e+01
1.181873851806491127e-01,5.100000000000000000e+01
1.183915084711165550e-01,5.100000000000000000e+01
1.185956317615839972e-01,5.100000000000000000e+01
1.187997550520514395e-01,5.100000000000000000e+01
1.190038783425188817e-01,5.100000000000000000e+01
1.192080016329863240e-01,5.200000000000000000e+01
1.194121249234537663e-01,5.200000000000000000e+01
1.196162482139212085e-01,5.200000000000000000e+01
1.198203715043886508e-01,5.200000000000000000e+01
1.200244947948560931e-01,5.200000000000000000e+01
1.202286180853235353e-01,5.200000000000000000e+01
1.204327413757909776e-01,5.200000000000000000e+01
1.206368646662584199e-01,5.200000000000000000e+01
1.208409879567258621e-01,5.300000000000000000e+01
1.210451112471933044e-01,5.300000000000000000e+01
1.212492345376607467e-01,5.300000000000000000e+01
1.214533578281281889e-01,5.300000000000000000e+01
1.216574811185956312e-01,5.300000000000000000e+01
1.218616044090630735e-01,5.300000000000000000e+01
1.220657276995305296e-01,5.300000000000000000e+01
1.222698509899979719e-01,5.300000000000000000e+01
1.224739742804654141e-01,5.400000000000000000e+01
1.226780975709328564e-01,5.400000000000000000e+01
1.228822208614002987e-01,5.400000000000000000e+01
1.230863441518677409e-01,5.400000000000000000e+01
1.232904674423351832e-01,5.400000000000000000e+01
1.234945907328026254e-01,5.400000000000000000e+01
1.236987140232700677e-01,5.400000000000000000e+01
1.239028373137375100e-01,5.400000000000000000e+01
1.241069606042049522e-01,5.400000000000000000e+01
1.243110838946723945e-01,5.500000000000000000e+01
1.245152071851398368e-01,5.500000000000000000e+01
1.247193304756072790e-01,5.500000000000000000e+01
1.249234537660747213e-01,5.500000000000000000e+01
1.251275770565421497e-01,5.500000000000000000e+01
1.253317003470096058e-01,5.500000000000000000e+01
1.255358236374770342e-01,5.500000000000000000e+01
1.257399469279444904e-01,5.500000000000000000e+01
1.259440702184119187e-01,5.500000000000000000e+01
1.261481935088793749e-01,5.500000000000000000e+01
1.263523167993468033e-01,5.600000000000000000e+01
1.265564400898142594e-01,5.600000000000000000e+01
1.267605633802816878e-01,5.600000000000000000e+01
1.269646866707491439e-01,5.600000000000000000e+01
1.271688099612165723e-01,5.600000000000000000e+01
1.273729332516840285e-01,5.600000000000000000e+01
1.275770565421514569e-01,5.600000000000000000e+01
1.277811798326189130e-01,5.700000000000000000e+01
1.279853031230863414e-01,5.700000000000000000e+01
1.281894264135537975e-01,5.700000000000000000e+01
1.283935497040212259e-01,5.700000000000000000e+01
1.285976729944886821e-01,5.700000000000000000e+01
1.288017962849561104e-01,5.700000000000000000e+01
1.290059195754235666e-01,5.800000000000000000e+01
1.292100428658909950e-01,5.800000000000000000e+01
1.294141661563584511e-01,5.800000000000000000e+01
1.296182894468258795e-01,5.800000000000000000e+01
1.298224127372933356e-01,5.800000000000000000e+01
1.300265360277607640e-01,5.900000000000000000e+01
1.302306593182282202e-01,5.900000000000000000e+01
1.304347826086956486e-01,5.900000000000000000e+01
1.306389058991631047e-01,5.900000000000000000e+01
1.308430291896305331e-01,5.900000000000000000e+01
1.310471524800979892e-01,5.900000000000000000e+01
1.312512757705654176e-01,5.900000000000000000e+01
1.314553990610328738e-01,5.900000000000000000e+01
1.316595223515003021e-01,6.000000000000000000e+01
1.318636456419677583e-01,6.000000000000000000e+01
1.320677689324351867e-01,6.000000000000000000e+01
1.322718922229026428e-01,6.000000000000000000e+01
1.324760155133700712e-01,6.000000000000000000e+01
1.326801388038375273e-01,6.100000000000000000e+01
1.328842620943049557e-01,6.100000000000000000e+01
1.330883853847724119e-01,6.100000000000000000e+01
1.332925086752398403e-01,6.100000000000000000e+01
1.334966319657072964e-01,6.100000000000000000e+01
1.337007552561747248e-01,6.100000000000000000e+01
1.339048785466421809e-01,6.100000000000000000e+01
1.341090018371096093e-01,6.100000000000000000e+01
1.343131251275770655e-01,6.100000000000000000e+01
1.345172484180444938e-01,6.200000000000000000e+01
1.347213717085119500e-01,6.200000000000000000e+01
1.349254949989793784e-01,6.200000000000000000e+01
1.351296182894468345e-01,6.200000000000000000e+01
1.353337415799142629e-01,6.200000000000000000e+01
1.355378648703817190e-01,6.200000000000000000e+01
1.357419881608491474e-01,6.200000000000000000e+01
1.359461114513166036e-01,6.200000000000000000e+01
1.361502347417840320e-01,6.200000000000000000e+01
1.363543580322514881e-01,6.300000000000000000e+01
1.365584813227189165e-01,6.300000000000000000e+01
1.367626046131863726e-01,6.300000000000000000e+01
1.369667279036538010e-01,6.300000000000000000e+01
1.371708511941212572e-01,6.300000000000000000e+01
1.373749744845886855e-01,6.300000000000000000e+01
1.375790977750561417e-01,6.300000000000000000e+01
1.377832210655235701e-01,6.300000000000000000e+01
1.379873443559910262e-01,6.300000000000000000e+01
1.381914676464584546e-01,6.300000000000000000e+01
1.383955909369259107e-01,6.300000000000000000e+01
1.385997142273933391e-01,6.300000000000000000e+01
1.388038375178607953e-01,6.400000000000000000e+01
1.390079608083282237e-01,6.400000000000000000e+01
1.392120840987956798e-01,6.400000000000000000e+01
1.394162073892631359e-01,6.400000000000000000e+01
1.396203306797305643e-01,6.400000000000000000e+01
1.398244539701980205e-01,6.400000000000000000e+01
1.400285772606654489e-01,6.400000000000000000e+01
1.402327005511329050e-01,6.400000000000000000e+01
1.404368238416003334e-01,6.400000000000000000e+01
1.406409471320677895e-01,6.400000000000000000e+01
1.408450704225352179e-01,6.500000000000000000e+01
1.410491937130026741e-01,6.500000000000000000e+01
1.412533170034701024e-01,6.500000000000000000e+01
1.414574402939375586e-01,6.500000000000000000e+01
1.416615635844049870e-01,6.500000000000000000e+01
1.418656868748724431e-01,6.500000000000000000e+01
1.420698101653398715e-01,6.500000000000000000e+01
1.422739334558073276e-01,6.500000000000000000e+01
1.424780567462747560e-01,6.500000000000000000e+01
1.426821800367422122e-01,6.600000000000000000e+01
1.428863033272096406e-01,6.600000000000000000e+01
1.430904266176770967e-01,6.600000000000000000e+01
1.432945499081445251e-01,6.600000000000000000e+01
1.434986731986119812e-01,6.600000000000000000e+01
1.437027964890794096e-01,6.600000000000000000e+01
1.439069197795468658e-01,6.600000000000000000e+01
1.441110430700142941e-01,6.700000000000000000e+01
1.443151663604817503e-01,6.700000000000000000e+01
1.445192896509491787e-01,6.700000000000000000e+01
1.447234129414166348e-01,6.700000000000000000e+01
1.449275362318840632e-01,6.700000000000000000e+01
1.451316595223515193e-01,6.700000000000000000e+01
1.453357828128189477e-01,6.700000000000000000e+01
1.455399061032864039e-01,6.700000000000000000e+01
1.457440293937538323e-01,6.700000000000000000e+01
1.459481526842212884e-01,6.700000000000000000e+01
1.461522759746887168e-01,6.700000000000000000e+01
1.463563992651561729e-01,6.800000000000000000e+01
1.465605225556236013e-01,6.800000000000000000e+01
1.467646458460910575e-01,6.800000000000000000e+01
1.469687691365584858e-01,6.800000000000000000e+01
1.471728924270259420e-01,6.800000000000000000e+01
1.473770157174933704e-01,6.800000000000000000e+01
1.475811390079608265e-01,6.800000000000000000e+01
1.477852622984282549e-01,6.900000000000000000e+01
1.479893855888957110e-01,6.900000000000000000e+01
1.481935088793631394e-01,6.900000000000000000e+01
1.483976321698305956e-01,6.900000000000000000e+01
1.486017554602980240e-01,6.900000000000000000e+01
1.488058787507654801e-01,6.900000000000000000e+01
1.490100020412329085e-01,6.900000000000000000e+01
1.492141253317003646e-01,6.900000000000000000e+01
1.494182486221677930e-01,6.900000000000000000e+01
1.496223719126352492e-01,7.000000000000000000e+01
1.498264952031026775e-01,7.000000000000000000e+01
1.500306184935701337e-01,7.000000000000000000e+01
1.502347417840375621e-01,7.000000000000000000e+01
1.504388650745050182e-01,7.000000000000000000e+01
1.506429883649724466e-01,7.000000000000000000e+01
1.508471116554399027e-01,7.000000000000000000e+01
1.510512349459073311e-01,7.000000000000000000e+01
1.512553582363747873e-01,7.000000000000000000e+01
1.514594815268422157e-01,7.000000000000000000e+01
1.516636048173096718e-01,7.000000000000000000e+01
1.518677281077771002e-01,7.000000000000000000e+01
1.520718513982445563e-01,7.000000000000000000e+01
1.522759746887119847e-01,7.000000000000000000e+01
1.524800979791794409e-01,7.000000000000000000e+01
1.526842212696468692e-01,7.000000000000000000e+01
1.528883445601143254e-01,7.100000000000000000e+01
1.530924678505817538e-01,7.100000000000000000e+01
1.532965911410492099e-01,7.100000000000000000e+01
1.535007144315166383e-01,7.100000000000000000e+01
1.537048377219840944e-01,7.100000000000000000e+01
1.539089610124515228e-01,7.100000000000000000e+01
1.541130843029189790e-01,7.100000000000000000e+01
1.543172075933864074e-01,7.100000000000000000e+01
1.545213308838538635e-01,7.100000000000000000e+01
1.547254541743212919e-01,7.100000000000000000e+01
1.549295774647887480e-01,7.100000000000000000e+01
1.551337007552561764e-01,7.100000000000000000e+01
1.553378240457236326e-01,7.100000000000000000e+01
1.555419473361910609e-01,7.100000000000000000e+01
1.557460706266585171e-01,7.100000000000000000e+01
1.559501939171259455e-01,7.100000000000000000e+01
1.561543172075934016e-01,7.100000000000000000e+01
1.563584404980608300e-01,7.100000000000000000e+01
1.565625637885282861e-01,7.100000000000000000e+01
1.567666870789957145e-01,7.100000000000000000e+01
1.569708103694631707e-01,7.200000000000000000e+01
1.571749336599305991e-01,7.200000000000000000e+01
1.573790569503980552e-01,7.200000000000000000e+01
1.575831802408654836e-01,7.200000000000000000e+01
1.577873035313329397e-01,7.200000000000000000e+01
1.579914268218003681e-01,7.200000000000000000e+01
1.581955501122678243e-01,7.200000000000000000e+01
1.583996734027352526e-01,7.200000000000000000e+01
1.586037966932027088e-01,7.200000000000000000e+01
1.588079199836701372e-01,7.200000000000000000e+01
1.590120432741375933e-01,7.200000000000000000e+01
1.592161665646050217e-01,7.200000000000000000e+01
1.594202898550724778e-01,7.200000000000000000e+01
1.596244131455399062e-01,7.200000000000000000e+01
1.598285364360073624e-01,7.200000000000000000e+01
1.600326597264747908e-01,7.200000000000000000e+01
1.602367830169422469e-01,7.200000000000000000e+01
1.604409063074096753e-01,7.300000000000000000e+01
1.606450295978771314e-01,7.300000000000000000e+01
1.608491528883445598e-01,7.300000000000000000e+01
1.610532761788120160e-01,7.300000000000000000e+01
1.612573994692794443e-01,7.300000000000000000e+01
1.614615227597469005e-01,7.300000000000000000e+01
1.616656460502143289e-01,7.300000000000000000e+01
1.618697693406817850e-01,7.300000000000000000e+01
1.620738926311492134e-01,7.300000000000000000e+01
1.622780159216166695e-01,7.300000000000000000e+01
1.624821392120840979e-01,7.300000000000000000e+01
1.626862625025515541e-01,7.300000000000000000e+01
1.628903857930189825e-01,7.300000000000000000e+01
1.630945090834864386e-01,7.300000000000000000e+01
1.632986323739538670e-01,7.300000000000000000e+01
1.635027556644213231e-01,7.300000000000000000e+01
1.637068789548887515e-01,7.300000000000000000e+01
1.639110022453562077e-01,7.300000000000000000e+01
1.641151255358236360e-01,7.300000000000000000e+01
1.643192488262910922e-01,7.300000000000000000e+01
1.645233721167585206e-01,7.300000000000000000e+01
1.647274954072259767e-01,7.300000000000000000e+01
1.649316186976934051e-01,7.300000000000000000e+01
1.651357419881608612e-01,7.300000000000000000e+01
1.653398652786282896e-01,7.300000000000000000e+01
1.655439885690957458e-01,7.300000000000000000e+01
1.657481118595631742e-01,7.300000000000000000e+01
1.659522351500306303e-01,7.300000000000000000e+01
1.661563584404980587e-01,7.300000000000000000e+01
1.663604817309655148e-01,7.300000000000000000e+01
1.665646050214329432e-01,7.300000000000000000e+01
1.667687283119003994e-01,7.300000000000000000e+01
1.669728516023678278e-01,7.300000000000000000e+01
1.671769748928352839e-01,7.400000000000000000e+01
1.673810981833027123e-01,7.400000000000000000e+01
1.675852214737701684e-01,7.400000000000000000e+01
1.677893447642375968e-01,7.400000000000000000e+01
1.679934680547050529e-01,7.400000000000000000e+01
1.681975913451724813e-01,7.400000000000000000e+01
1.684017146356399375e-01,7.400000000000000000e+01
1.686058379261073659e-01,7.400000000000000000e+01
1.688099612165748220e-01,7.400000000000000000e+01
1.690140845070422504e-01,7.400000000000000000e+01
1.692182077975097065e-01,7.400000000000000000e+01
1.694223310879771349e-01,7.400000000000000000e+01
1.696264543784445911e-01,7.400000000000000000e+01
1.698305776689120195e-01,7.400000000000000000e+01
1.700347009593794756e-01,7.400000000000000000e+01
1.702388242498469040e-01,7.400000000000000000e+01
1.704429475403143601e-01,7.400000000000000000e+01
1.706470708307817885e-01,7.400000000000000000e+01
1.708511941212492447e-01,7.400000000000000000e+01
1.710553174117166730e-01,7.400000000000000000e+01
1.712594407021841292e-01,7.400000000000000000e+01
1.714635639926515576e-01,7.400000000000000000e+01
1.716676872831190137e-01,7.400000000000000000e+01
1.718718105735864421e-01,7.400000000000000000e+01
1.720759338640538982e-01,7.400000000000000000e+01
1.722800571545213266e-01,7.400000000000000000e+01
1.724841804449887828e-01,7.400000000000000000e+01
1.726883037354562112e-01,7.500000000000000000e+01
1.728924270259236673e-01,7.500000000000000000e+01
1.730965503163910957e-01,7.500000000000000000e+01
1.733006736068585518e-01,7.500000000000000000e+01
1.735047968973259802e-01,7.500000000000000000e+01
1.737089201877934364e-01,7.500000000000000000e+01
1.739130434782608647e-01,7.500000000000000000e+01
1.741171667687283209e-01,7.500000000000000000e+01
1.743212900591957770e-01,7.500000000000000000e+01
1.745254133496632054e-01,7.500000000000000000e+01
1.747295366401306616e-01,7.500000000000000000e+01
1.749336599305980899e-01,7.500000000000000000e+01
1.751377832210655461e-01,7.500000000000000000e+01
1.753419065115329745e-01,7.500000000000000000e+01
1.755460298020004306e-01,7.500000000000000000e+01
1.757501530924678590e-01,7.500000000000000000e+01
1.759542763829353151e-01,7.500000000000000000e+01
1.761583996734027435e-01,7.500000000000000000e+01
1.763625229638701997e-01,7.500000000000000000e+01
1.765666462543376281e-01,7.500000000000000000e+01
1.767707695448050842e-01,7.500000000000000000e+01
1.769748928352725126e-01,7.500000000000000000e+01
1.771790161257399687e-01,7.500000000000000000e+01
1.773831394162073971e-01,7.500000000000000000e+01
1.775872627066748533e-01,7.500000000000000000e+01
1.777913859971422816e-01,7.500000000000000000e+01
1.779955092876097378e-01,7.500000000000000000e+01
1.781996325780771662e-01,7.500000000000000000e+01
1.784037558685446223e-01,7.500000000000000000e+01
1.786078791590120507e-01,7.500000000000000000e+01
1.788120024494795068e-01,7.500000000000000000e+01
1.790161257399469352e-01,7.500000000000000000e+01
1.792202490304143914e-01,7.500000000000000000e+01
1.794243723208818198e-01,7.500000000000000000e+01
1.796284956113492759e-01,7.500000000000000000e+01
1.798326189018167043e-01,7.600000000000000000e+01
1.800367421922841604e-01,7.600000000000000000e+01
1.802408654827515888e-01,7.600000000000000000e+01
1.804449887732190450e-01,7.600000000000000000e+01
1.806491120636864733e-01,7.600000000000000000e+01
1.808532353541539295e-01,7.600000000000000000e+01
1.810573586446213579e-01,7.600000000000000000e+01
1.812614819350888140e-01,7.600000000000000000e+01
1.814656052255562424e-01,7.600000000000000000e+01
1.816697285160236985e-01,7.600000000000000000e+01
1.818738518064911269e-01,7.600000000000000000e+01
1.820779750969585831e-01,7.600000000000000000e+01
1.822820983874260115e-01,7.600000000000000000e+01
1.824862216778934676e-01,7.600000000000000000e+01
1.826903449683608960e-01,7.600000000000000000e+01
1.828944682588283521e-01,7.600000000000000000e+01
1.830985915492957805e-01,7.600000000000000000e+01
1.833027148397632367e-01,7.600000000000000000e+01
1.835068381302306650e-01,7.600000000000000000e+01
1.837109614206981212e-01,7.700000000000000000e+01
1.839150847111655496e-01,7.700000000000000000e+01
1.841192080016330057e-01,7.700000000000000000e+01
1.843233312921004341e-01,7.700000000000000000e+01
1.845274545825678902e-01,7.700000000000000000e+01
1.847315778730353186e-01,7.700000000000000000e+01
1.849357011635027748e-01,7.700000000000000000e+01
1.851398244539702032e-01,7.700000000000000000e+01
1.853439477444376593e-01,7.700000000000000000e+01
1.855480710349050877e-01,7.700000000000000000e+01
1.857521943253725438e-01,7.700000000000000000e+01
1.859563176158399722e-01,7.700000000000000000e+01
1.861604409063074284e-01,7.700000000000000000e+01
1.863645641967748567e-01,7.700000000000000000e+01
1.865686874872423129e-01,7.700000000000000000e+01
1.867728107777097413e-01,7.700000000000000000e+01
1.869769340681771974e-01,7.700000000000000000e+01
1.871810573586446258e-01,7.700000000000000000e+01
1.873851806491120819e-01,7.700000000000000000e+01
1.875893039395795103e-01,7.700000000000000000e+01
1.877934272300469665e-01,7.700000000000000000e+01
1.879975505205143949e-01,7.700000000000000000e+01
1.882016738109818510e-01,7.800000000000000000e+01
1.884057971014492794e-01,7.800000000000000000e+01
1.886099203919167355e-01,7.800000000000000000e+01
1.888140436823841639e-01,7.800000000000000000e+01
1.890181669728516201e-01,7.800000000000000000e+01
1.892222902633190484e-01,7.800000000000000000e+01
1.894264135537865046e-01,7.800000000000000000e+01
1.896305368442539330e-01,7.800000000000000000e+01
1.898346601347213891e-01,7.800000000000000000e+01
1.900387834251888175e-01,7.800000000000000000e+01
1.902429067156562736e-01,7.800000000000000000e+01
1.904470300061237020e-01,7.800000000000000000e+01
1.906511532965911582e-01,7.800000000000000000e+01
1.908552765870585866e-01,7.800000000000000000e+01
1.910593998775260427e-01,7.800000000000000000e+01
1.912635231679934711e-01,7.800000000000000000e+01
1.914676464584609272e-01,7.800000000000000000e+01
1.916717697489283556e-01,7.800000000000000000e+01
1.918758930393958118e-01,7.800000000000000000e+01
1.920800163298632401e-01,7.800000000000000000e+01
1.922841396203306963e-01,7.800000000000000000e+01
1.924882629107981247e-01,7.800000000000000000e+01
1.926923862012655808e-01,7.800000000000000000e+01
1.928965094917330092e-01,7.800000000000000000e+01
1.931006327822004653e-01,7.800000000000000000e+01
1.933047560726678937e-01,7.800000000000000000e+01
1.935088793631353499e-01,7.900000000000000000e+01
1.937130026536027783e-01,7.900000000000000000e+01
1.939171259440702344e-01,7.900000000000000000e+01
1.941212492345376628e-01,7.900000000000000000e+01
1.943253725250051189e-01,7.900000000000000000e+01
1.945294958154725473e-01,7.900000000000000000e+01
1.947336191059400035e-01,7.900000000000000000e+01
1.949377423964074318e-01,7.900000000000000000e+01
1.951418656868748880e-01,7.900000000000000000e+01
1.953459889773423164e-01,7.900000000000000000e+01
1.955501122678097725e-01,7.900000000000000000e+01
1.957542355582772009e-01,7.900000000000000000e+01
1.959583588487446570e-01,7.900000000000000000e+01
1.961624821392120854e-01,7.900000000000000000e+01
1.963666054296795416e-01,7.900000000000000000e+01
1.965707287201469700e-01,7.900000000000000000e+01
1.967748520106144261e-01,7.900000000000000000e+01
1.969789753010818545e-01,8.000000000000000000e+01
1.971830985915493106e-01,8.000000000000000000e+01
1.973872218820167390e-01,8.000000000000000000e+01
1.975913451724841952e-01,8.000000000000000000e+01
1.977954684629516235e-01,8.000000000000000000e+01
1.979995917534190797e-01,8.000000000000000000e+01
1.982037150438865081e-01,8.000000000000000000e+01
1.984078383343539642e-01,8.000000000000000000e+01
1.986119616248213926e-01,8.000000000000000000e+01
1.988160849152888487e-01,8.000000000000000000e+01
1.990202082057562771e-01,8.000000000000000000e+01
1.992243314962237333e-01,8.000000000000000000e+01
1.994284547866911617e-01,8.000000000000000000e+01
1.996325780771586178e-01,8.000000000000000000e+01
1.998367013676260462e-01,8.000000000000000000e+01
2.000408246580935023e-01,8.000000000000000000e+01
2.002449479485609307e-01,8.000000000000000000e+01
2.004490712390283869e-01,8.000000000000000000e+01
2.006531945294958152e-01,8.000000000000000000e+01
2.008573178199632714e-01,8.000000000000000000e+01
2.010614411104306998e-01,8.000000000000000000e+01
2.012655644008981559e-01,8.000000000000000000e+01
2.014696876913655843e-01,8.000000000000000000e+01
2.016738109818330404e-01,8.000000000000000000e+01
2.018779342723004688e-01,8.100000000000000000e+01
2.020820575627679250e-01,8.100000000000000000e+01
2.022861808532353534e-01,8.100000000000000000e+01
2.024903041437028095e-01,8.100000000000000000e+01
2.026944274341702379e-01,8.100000000000000000e+01
2.028985507246376940e-01,8.100000000000000000e+01
2.031026740151051224e-01,8.100000000000000000e+01
2.033067973055725786e-01,8.100000000000000000e+01
2.035109205960400069e-01,8.100000000000000000e+01
2.037150438865074631e-01,8.100000000000000000e+01
2.039191671769748915e-01,8.100000000000000000e+01
2.041232904674423476e-01,8.100000000000000000e+01
2.043274137579097760e-01,8.100000000000000000e+01
2.045315370483772321e-01,8.100000000000000000e+01
2.047356603388446605e-01,8.100000000000000000e+01
2.049397836293121167e-01,8.100000000000000000e+01
2.051439069197795451e-01,8.100000000000000000e+01
2.053480302102470012e-01,8.100000000000000000e+01
2.055521535007144296e-01,8.100000000000000000e+01
2.057562767911818857e-01,8.200000000000000000e+01
2.059604000816493141e-01,8.200000000000000000e+01
2.061645233721167703e-01,8.200000000000000000e+01
2.063686466625841986e-01,8.200000000000000000e+01
2.065727699530516548e-01,8.200000000000000000e+01
2.067768932435190832e-01,8.200000000000000000e+01
2.069810165339865393e-01,8.200000000000000000e+01
2.071851398244539677e-01,8.200000000000000000e+01
2.073892631149214238e-01,8.200000000000000000e+01
2.075933864053888522e-01,8.200000000000000000e+01
2.077975096958563084e-01,8.200000000000000000e+01
2.080016329863237368e-01,8.200000000000000000e+01
2.082057562767911929e-01,8.200000000000000000e+01
2.084098795672586213e-01,8.200000000000000000e+01
2.086140028577260774e-01,8.200000000000000000e+01
2.088181261481935058e-01,8.200000000000000000e+01
2.090222494386609620e-01,8.200000000000000000e+01
2.092263727291284181e-01,8.200000000000000000e+01
2.094304960195958465e-01,8.200000000000000000e+01
2.096346193100633026e-01,8.200000000000000000e+01
2.098387426005307310e-01,8.200000000000000000e+01
2.100428658909981872e-01,8.300000000000000000e+01
2.102469891814656155e-01,8.300000000000000000e+01
2.104511124719330717e-01,8.300000000000000000e+01
2.106552357624005001e-01,8.300000000000000000e+01
2.108593590528679562e-01,8.300000000000000000e+01
2.110634823433353846e-01,8.300000000000000000e+01
2.112676056338028407e-01,8.300000000000000000e+01
2.114717289242702691e-01,8.300000000000000000e+01
2.116758522147377253e-01,8.300000000000000000e+01
2.118799755052051537e-01,8.300000000000000000e+01
2.120840987956726098e-01,8.300000000000000000e+01
2.122882220861400382e-01,8.300000000000000000e+01
2.124923453766074943e-01,8.300000000000000000e+01
2.126964686670749227e-01,8.300000000000000000e+01
2.129005919575423789e-01,8.400000000000000000e+01
2.131047152480098072e-01,8.400000000000000000e+01
2.133088385384772634e-01,8.400000000000000000e+01
2.135129618289446918e-01,8.400000000000000000e+01
2.137170851194121479e-01,8.400000000000000000e+01
2.139212084098795763e-01,8.400000000000000000e+01
2.141253317003470324e-01,8.400000000000000000e+01
2.143294549908144608e-01,8.400000000000000000e+01
2.145335782812819170e-01,8.400000000000000000e+01
2.147377015717493454e-01,8.400000000000000000e+01
2.149418248622168015e-01,8.400000000000000000e+01
2.151459481526842299e-01,8.400000000000000000e+01
2.153500714431516860e-01,8.400000000000000000e+01
2.155541947336191144e-01,8.400000000000000000e+01
2.157583180240865706e-01,8.500000000000000000e+01
2.159624413145539990e-01,8.500000000000000000e+01
2.161665646050214551e-01,8.500000000000000000e+01
2.163706878954888835e-01,8.500000000000000000e+01
2.165748111859563396e-01,8.500000000000000000e+01
2.167789344764237680e-01,8.500000000000000000e+01
2.169830577668912241e-01,8.500000000000000000e+01
2.171871810573586525e-01,8.500000000000000000e+01
2.173913043478261087e-01,8.500000000000000000e+01
2.175954276382935371e-01,8.500000000000000000e+01
2.177995509287609932e-01,8.500000000000000000e+01
2.180036742192284216e-01,8.600000000000000000e+01
2.182077975096958777e-01,8.600000000000000000e+01
2.184119208001633061e-01,8.600000000000000000e+01
2.186160440906307623e-01,8.600000000000000000e+01
2.188201673810981907e-01,8.600000000000000000e+01
2.190242906715656468e-01,8.600000000000000000e+01
2.192284139620330752e-01,8.600000000000000000e+01
2.194325372525005313e-01,8.600000000000000000e+01
2.196366605429679597e-01,8.600000000000000000e+01
2.198407838334354159e-01,8.600000000000000000e+01
2.200449071239028442e-01,8.700000000000000000e+01
2.202490304143703004e-01,8.700000000000000000e+01
2.204531537048377288e-01,8.700000000000000000e+01
2.206572769953051849e-01,8.700000000000000000e+01
2.208614002857726133e-01,8.700000000000000000e+01
2.210655235762400694e-01,8.700000000000000000e+01
2.212696468667074978e-01,8.700000000000000000e+01
2.214737701571749540e-01,8.700000000000000000e+01
2.216778934476423824e-01,8.700000000000000000e+01
2.218820167381098385e-01,8.700000000000000000e+01
2.220861400285772669e-01,8.700000000000000000e+01
2.222902633190447230e-01,8.700000000000000000e+01
2.224943866095121514e-01,8.700000000000000000e+01
2.226985098999796076e-01,8.700000000000000000e+01
2.229026331904470359e-01,8.700000000000000000e+01
2.231067564809144921e-01,8.700000000000000000e+01
2.233108797713819205e-01,8.800000000000000000e+01
2.235150030618493766e-01,8.800000000000000000e+01
2.237191263523168050e-01,8.800000000000000000e+01
2.239232496427842611e-01,8.800000000000000000e+01
2.241273729332516895e-01,8.800000000000000000e+01
2.243314962237191457e-01,8.800000000000000000e+01
2.245356195141865741e-01,8.800000000000000000e+01
2.247397428046540302e-01,8.800000000000000000e+01
2.249438660951214586e-01,8.800000000000000000e+01
2.251479893855889147e-01,8.800000000000000000e+01
2.253521126760563431e-01,8.800000000000000000e+01
2.255562359665237993e-01,8.800000000000000000e+01
2.257603592569912276e-01,8.800000000000000000e+01
2.259644825474586838e-01,8.800000000000000000e+01
2.261686058379261122e-01,8.800000000000000000e+01
2.263727291283935683e-01,8.800000000000000000e+01
2.265768524188609967e-01,8.800000000000000000e+01
2.267809757093284528e-01,8.800000000000000000e+01
2.269850989997958812e-01,8.800000000000000000e+01
2.271892222902633374e-01,8.900000000000000000e+01
2.273933455807307658e-01,8.900000000000000000e+01
2.275974688711982219e-01,8.900000000000000000e+01
2.278015921616656503e-01,8.900000000000000000e+01
2.280057154521331064e-01,8.900000000000000000e+01
2.282098387426005348e-01,8.900000000000000000e+01
2.284139620330679910e-01,8.900000000000000000e+01
2.286180853235354193e-01,8.900000000000000000e+01
2.288222086140028755e-01,8.900000000000000000e+01
2.290263319044703039e-01,8.900000000000000000e+01
2.292304551949377600e-01,8.900000000000000000e+01
2.294345784854051884e-01,8.900000000000000000e+01
2.296387017758726445e-01,8.900000000000000000e+01
2.298428250663400729e-01,8.900000000000000000e+01
2.300469483568075291e-01,8.900000000000000000e+01
2.302510716472749575e-01,8.900000000000000000e+01
2.304551949377424136e-01,8.900000000000000000e+01
2.306593182282098420e-01,8.900000000000000000e+01
2.308634415186772981e-01,8.900000000000000000e+01
2.310675648091447265e-01,8.900000000000000000e+01
2.312716880996121827e-01,8.900000000000000000e+01
2.314758113900796110e-01,9.000000000000000000e+01
2.316799346805470672e-01,9.000000000000000000e+01
2.318840579710144956e-01,9.000000000000000000e+01
2.320881812614819517e-01,9.000000000000000000e+01
2.322923045519493801e-01,9.000000000000000000e+01
2.324964278424168362e-01,9.000000000000000000e+01
2.327005511328842646e-01,9.000000000000000000e+01
2.329046744233517208e-01,9.000000000000000000e+01
2.331087977138191492e-01,9.000000000000000000e+01
2.333129210042866053e-01,9.000000000000000000e+01
2.335170442947540337e-01,9.000000000000000000e+01
2.337211675852214898e-01,9.000000000000000000e+01
2.339252908756889182e-01,9.000000000000000000e+01
2.341294141661563744e-01,9.000000000000000000e+01
2.343335374566238027e-01,9.000000000000000000e+01
2.345376607470912589e-01,9.000000000000000000e+01
2.347417840375586873e-01,9.000000000000000000e+01
2.349459073280261434e-01,9.000000000000000000e+01
2.351500306184935718e-01,9.000000000000000000e+01
2.353541539089610279e-01,9.000000000000000000e+01
2.355582771994284563e-01,9.000000000000000000e+01
2.357624004898959125e-01,9.000000000000000000e+01
2.359665237803633409e-01,9.000000000000000000e+01
2.361706470708307970e-01,9.100000000000000000e+01
2.363747703612982254e-01,9.100000000000000000e+01
2.365788936517656815e-01,9.100000000000000000e+01
2.367830169422331099e-01,9.100000000000000000e+01
2.369871402327005661e-01,9.100000000000000000e+01
2.371912635231679944e-01,9.100000000000000000e+01
2.373953868136354506e-01,9.100000000000000000e+01
2.375995101041028790e-01,9.100000000000000000e+01
2.378036333945703351e-01,9.100000000000000000e+01
2.380077566850377635e-01,9.100000000000000000e+01
2.382118799755052196e-01,9.100000000000000000e+01
2.384160032659726480e-01,9.100000000000000000e+01
2.386201265564401042e-01,9.100000000000000000e+01
2.388242498469075326e-01,9.100000000000000000e+01
2.390283731373749887e-01,9.100000000000000000e+01
2.392324964278424171e-01,9.200000000000000000e+01
2.394366197183098732e-01,9.200000000000000000e+01
2.396407430087773016e-01,9.200000000000000000e+01
2.398448662992447578e-01,9.200000000000000000e+01
2.400489895897121861e-01,9.200000000000000000e+01
2.402531128801796423e-01,9.200000000000000000e+01
2.404572361706470707e-01,9.200000000000000000e+01
2.406613594611145268e-01,9.200000000000000000e+01
2.408654827515819552e-01,9.200000000000000000e+01
2.410696060420494113e-01,9.200000000000000000e+01
2.412737293325168397e-01,9.200000000000000000e+01
2.414778526229842959e-01,9.200000000000000000e+01
2.416819759134517243e-01,9.200000000000000000e+01
2.418860992039191804e-01,9.200000000000000000e+01
2.420902224943866088e-01,9.200000000000000000e+01
2.422943457848540649e-01,9.200000000000000000e+01
2.424984690753214933e-01,9.200000000000000000e+01
2.427025923657889495e-01,9.200000000000000000e+01
2.429067156562563778e-01,9.200000000000000000e+01
2.431108389467238340e-01,9.200000000000000000e+01
2.433149622371912624e-01,9.200000000000000000e+01
2.435190855276587185e-01,9.200000000000000000e+01
2.437232088181261469e-01,9.200000000000000000e+01
2.439273321085936030e-01,9.200000000000000000e+01
2.441314553990610592e-01,9.200000000000000000e+01
2.443355786895284876e-01,9.200000000000000000e+01
2.445397019799959437e-01,9.300000000000000000e+01
2.447438252704633721e-01,9.300000000000000000e+01
2.449479485609308282e-01,9.300000000000000000e+01
2.451520718513982566e-01,9.300000000000000000e+01
2.453561951418657128e-01,9.300000000000000000e+01
2.455603184323331412e-01,9.300000000000000000e+01
2.457644417228005973e-01,9.300000000000000000e+01
2.459685650132680257e-01,9.300000000000000000e+01
2.461726883037354818e-01,9.300000000000000000e+01
2.463768115942029102e-01,9.300000000000000000e+01
2.465809348846703664e-01,9.300000000000000000e+01
2.467850581751377947e-01,9.300000000000000000e+01
2.469891814656052509e-01,9.300000000000000000e+01
2.471933047560726793e-01,9.400000000000000000e+01
2.473974280465401354e-01,9.400000000000000000e+01
2.476015513370075638e-01,9.400000000000000000e+01
2.478056746274750199e-01,9.400000000000000000e+01
2.480097979179424483e-01,9.400000000000000000e+01
2.482139212084099045e-01,9.400000000000000000e+01
2.484180444988773329e-01,9.400000000000000000e+01
2.486221677893447890e-01,9.400000000000000000e+01
2.488262910798122174e-01,9.400000000000000000e+01
2.490304143702796735e-01,9.400000000000000000e+01
2.492345376607471019e-01,9.400000000000000000e+01
2.494386609512145581e-01,9.400000000000000000e+01
2.496427842416819864e-01,9.400000000000000000e+01
2.498469075321494426e-01,9.400000000000000000e+01
2.500510308226168710e-01,9.400000000000000000e+01
2.502551541130842994e-01,9.400000000000000000e+01
2.504592774035517833e-01,9.400000000000000000e+01
2.506634006940192116e-01,9.400000000000000000e+01
2.508675239844866400e-01,9.400000000000000000e+01
2.510716472749540684e-01,9.400000000000000000e+01
2.512757705654215523e-01,9.400000000000000000e+01
2.514798938558889807e-01,9.500000000000000000e+01
2.516840171463564091e-01,9.500000000000000000e+01
2.518881404368238375e-01,9.500000000000000000e+01
2.520922637272913214e-01,9.500000000000000000e+01
2.522963870177587498e-01,9.500000000000000000e+01
2.525005103082261781e-01,9.500000000000000000e+01
2.527046335986936065e-01,9.500000000000000000e+01
2.529087568891610904e-01,9.500000000000000000e+01
2.531128801796285188e-01,9.500000000000000000e+01
2.533170034700959472e-01,9.500000000000000000e+01
2.535211267605633756e-01,9.500000000000000000e+01
2.537252500510308595e-01,9.500000000000000000e+01
2.539293733414982879e-01,9.500000000000000000e+01
2.541334966319657163e-01,9.500000000000000000e+01
2.543376199224331446e-01,9.500000000000000000e+01
2.545417432129006285e-01,9.500000000000000000e+01
2.547458665033680569e-01,9.500000000000000000e+01
2.549499897938354853e-01,9.500000000000000000e+01
2.551541130843029137e-01,9.500000000000000000e+01
2.553582363747703976e-01,9.500000000000000000e+01
2.555623596652378260e-01,9.500000000000000000e+01
2.557664829557052544e-01,9.500000000000000000e+01
2.559706062461726828e-01,9.500000000000000000e+01
2.561747295366401667e-01,9.500000000000000000e+01
2.563788528271075950e-01,9.500000000000000000e+01
2.565829761175750234e-01,9.500000000000000000e+01
2.567870994080424518e-01,9.500000000000000000e+01
2.569912226985099357e-01,9.500000000000000000e+01
2.571953459889773641e-01,9.500000000000000000e+01
2.573994692794447925e-01,9.500000000000000000e+01
2.576035925699122209e-01,9.600000000000000000e+01
2.578077158603797048e-01,9.600000000000000000e+01
2.580118391508471332e-01,9.600000000000000000e+01
2.582159624413145615e-01,9.600000000000000000e+01
2.584200857317819899e-01,9.600000000000000000e+01
2.586242090222494738e-01,9.600000000000000000e+01
2.588283323127169022e-01,9.600000000000000000e+01
2.590324556031843306e-01,9.600000000000000000e+01
2.592365788936517590e-01,9.600000000000000000e+01
2.594407021841192429e-01,9.600000000000000000e+01
2.596448254745866713e-01,9.600000000000000000e+01
2.598489487650540997e-01,9.600000000000000000e+01
2.600530720555215280e-01,9.600000000000000000e+01
2.602571953459890119e-01,9.700000000000000000e+01
2.604613186364564403e-01,9.700000000000000000e+01
2.606654419269238687e-01,9.700000000000000000e+01
2.608695652173912971e-01,9.700000000000000000e+01
2.610736885078587810e-01,9.700000000000000000e+01
2.612778117983262094e-01,9.700000000000000000e+01
2.614819350887936378e-01,9.700000000000000000e+01
2.616860583792610662e-01,9.700000000000000000e+01
2.618901816697285501e-01,9.700000000000000000e+01
2.620943049601959784e-01,9.700000000000000000e+01
2.622984282506634068e-01,9.700000000000000000e+01
2.625025515411308352e-01,9.700000000000000000e+01
2.627066748315983191e-01,9.700000000000000000e+01
2.629107981220657475e-01,9.700000000000000000e+01
2.631149214125331759e-01,9.700000000000000000e+01
2.633190447030006043e-01,9.700000000000000000e+01
2.635231679934680882e-01,9.700000000000000000e+01
2.637272912839355166e-01,9.700000000000000000e+01
2.639314145744029450e-01,9.700000000000000000e+01
2.641355378648703733e-01,9.700000000000000000e+01
2.643396611553378572e-01,9.700000000000000000e+01
2.645437844458052856e-01,9.700000000000000000e+01
2.647479077362727140e-01,9.700000000000000000e+01
2.649520310267401424e-01,9.700000000000000000e+01
2.651561543172076263e-01,9.800000000000000000e+01
2.653602776076750547e-01,9.800000000000000000e+01
2.655644008981424831e-01,9.800000000000000000e+01
2.657685241886099115e-01,9.800000000000000000e+01
2.659726474790773953e-01,9.800000000000000000e+01
2.661767707695448237e-01,9.800000000000000000e+01
2.663808940600122521e-01,9.800000000000000000e+01
2.665850173504796805e-01,9.800000000000000000e+01
2.667891406409471644e-01,9.800000000000000000e+01
2.669932639314145928e-01,9.800000000000000000e+01
2.671973872218820212e-01,9.800000000000000000e+01
2.674015105123494496e-01,9.800000000000000000e+01
2.676056338028169335e-01,9.900000000000000000e+01
2.678097570932843619e-01,9.900000000000000000e+01
2.680138803837517902e-01,9.900000000000000000e+01
2.682180036742192186e-01,9.900000000000000000e+01
2.684221269646867025e-01,9.900000000000000000e+01
2.686262502551541309e-01,9.900000000000000000e+01
2.688303735456215593e-01,9.900000000000000000e+01
2.690344968360889877e-01,9.900000000000000000e+01
2.692386201265564716e-01,9.900000000000000000e+01
2.694427434170239000e-01,1.000000000000000000e+02
2.696468667074913284e-01,1.000000000000000000e+02
2.698509899979587567e-01,1.000000000000000000e+02
2.700551132884262406e-01,1.000000000000000000e+02
2.702592365788936690e-01,1.000000000000000000e+02
2.704633598693610974e-01,1.000000000000000000e+02
2.706674831598285258e-01,1.000000000000000000e+02
2.708716064502960097e-01,1.000000000000000000e+02
2.710757297407634381e-01,1.000000000000000000e+02
2.712798530312308665e-01,1.000000000000000000e+02
2.714839763216982949e-01,1.010000000000000000e+02
2.716880996121657788e-01,1.010000000000000000e+02
2.718922229026332071e-01,1.010000000000000000e+02
2.720963461931006355e-01,1.010000000000000000e+02
2.723004694835680639e-01,1.010000000000000000e+02
2.725045927740355478e-01,1.010000000000000000e+02
2.727087160645029762e-01,1.010000000000000000e+02
2.729128393549704046e-01,1.010000000000000000e+02
2.731169626454378330e-01,1.010000000000000000e+02
2.733210859359053169e-01,1.010000000000000000e+02
2.735252092263727453e-01,1.010000000000000000e+02
2.737293325168401736e-01,1.010000000000000000e+02
2.739334558073076020e-01,1.010000000000000000e+02
2.741375790977750859e-01,1.020000000000000000e+02
2.743417023882425143e-01,1.020000000000000000e+02
2.745458256787099427e-01,1.020000000000000000e+02
2.747499489691773711e-01,1.020000000000000000e+02
2.749540722596448550e-01,1.020000000000000000e+02
2.751581955501122834e-01,1.020000000000000000e+02
2.753623188405797118e-01,1.020000000000000000e+02
2.755664421310471401e-01,1.020000000000000000e+02
2.757705654215146240e-01,1.030000000000000000e+02
2.759746887119820524e-01,1.030000000000000000e+02
2.761788120024494808e-01,1.030000000000000000e+02
2.763829352929169092e-01,1.030000000000000000e+02
2.765870585833843931e-01,1.030000000000000000e+02
2.767911818738518215e-01,1.030000000000000000e+02
2.769953051643192499e-01,1.030000000000000000e+02
2.771994284547866783e-01,1.030000000000000000e+02
2.774035517452541622e-01,1.030000000000000000e+02
2.776076750357215905e-01,1.030000000000000000e+02
2.778117983261890189e-01,1.030000000000000000e+02
2.780159216166564473e-01,1.030000000000000000e+02
2.782200449071239312e-01,1.030000000000000000e+02
2.784241681975913596e-01,1.030000000000000000e+02
2.786282914880587880e-01,1.040000000000000000e+02
2.788324147785262719e-01,1.040000000000000000e+02
2.790365380689937003e-01,1.040000000000000000e+02
2.792406613594611287e-01,1.040000000000000000e+02
2.794447846499285570e-01,1.040000000000000000e+02
2.796489079403960409e-01,1.040000000000000000e+02
2.798530312308634693e-01,1.040000000000000000e+02
2.800571545213308977e-01,1.040000000000000000e+02
2.802612778117983261e-01,1.040000000000000000e+02
2.804654011022658100e-01,1.040000000000000000e+02
2.806695243927332384e-01,1.040000000000000000e+02
2.808736476832006668e-01,1.040000000000000000e+02
2.810777709736680952e-01,1.040000000000000000e+02
2.812818942641355791e-01,1.040000000000000000e+02
2.814860175546030074e-01,1.040000000000000000e+02
2.816901408450704358e-01,1.040000000000000000e+02
2.818942641355378642e-01,1.040000000000000000e+02
2.820983874260053481e-01,1.040000000000000000e+02
2.823025107164727765e-01,1.040000000000000000e+02
2.825066340069402049e-01,1.040000000000000000e+02
2.827107572974076333e-01,1.050000000000000000e+02
2.829148805878751172e-01,1.050000000000000000e+02
2.831190038783425456e-01,1.050000000000000000e+02
2.833231271688099739e-01,1.050000000000000000e+02
2.835272504592774023e-01,1.050000000000000000e+02
2.837313737497448862e-01,1.050000000000000000e+02
2.839354970402123146e-01,1.050000000000000000e+02
2.841396203306797430e-01,1.050000000000000000e+02
2.843437436211471714e-01,1.050000000000000000e+02
2.845478669116146553e-01,1.060000000000000000e+02
2.847519902020820837e-01,1.060000000000000000e+02
2.849561134925495121e-01,1.060000000000000000e+02
2.851602367830169404e-01,1.060000000000000000e+02
2.853643600734844243e-01,1.060000000000000000e+02
2.855684833639518527e-01,1.060000000000000000e+02
2.857726066544192811e-01,1.060000000000000000e+02
2.859767299448867095e-01,1.060000000000000000e+02
2.861808532353541934e-01,1.060000000000000000e+02
2.863849765258216218e-01,1.060000000000000000e+02
2.865890998162890502e-01,1.060000000000000000e+02
2.867932231067564786e-01,1.070000000000000000e+02
2.869973463972239625e-01,1.070000000000000000e+02
2.872014696876913908e-01,1.070000000000000000e+02
2.874055929781588192e-01,1.070000000000000000e+02
2.876097162686262476e-01,1.070000000000000000e+02
2.878138395590937315e-01,1.070000000000000000e+02
2.880179628495611599e-01,1.070000000000000000e+02
2.882220861400285883e-01,1.070000000000000000e+02
2.884262094304960167e-01,1.070000000000000000e+02
2.886303327209635006e-01,1.070000000000000000e+02
2.888344560114309290e-01,1.070000000000000000e+02
2.890385793018983573e-01,1.080000000000000000e+02
2.892427025923657857e-01,1.080000000000000000e+02
2.894468258828332696e-01,1.080000000000000000e+02
2.896509491733006980e-01,1.080000000000000000e+02
2.898550724637681264e-01,1.080000000000000000e+02
2.900591957542355548e-01,1.080000000000000000e+02
2.902633190447030387e-01,1.080000000000000000e+02
2.904674423351704671e-01,1.090000000000000000e+02
2.906715656256378955e-01,1.090000000000000000e+02
2.908756889161053238e-01,1.090000000000000000e+02
2.910798122065728077e-01,1.090000000000000000e+02
2.912839354970402361e-01,1.090000000000000000e+02
2.914880587875076645e-01,1.090000000000000000e+02
2.916921820779750929e-01,1.090000000000000000e+02
2.918963053684425768e-01,1.090000000000000000e+02
2.921004286589100052e-01,1.090000000000000000e+02
2.923045519493774336e-01,1.090000000000000000e+02
2.925086752398448620e-01,1.090000000000000000e+02
2.927127985303123459e-01,1.100000000000000000e+02
2.929169218207797742e-01,1.100000000000000000e+02
2.931210451112472026e-01,1.100000000000000000e+02
2.933251684017146310e-01,1.100000000000000000e+02
2.935292916921821149e-01,1.100000000000000000e+02
2.937334149826495433e-01,1.100000000000000000e+02
2.939375382731169717e-01,1.100000000000000000e+02
2.941416615635844001e-01,1.100000000000000000e+02
2.943457848540518840e-01,1.110000000000000000e+02
2.945499081445193124e-01,1.110000000000000000e+02
2.947540314349867407e-01,1.110000000000000000e+02
2.949581547254541691e-01,1.110000000000000000e+02
2.951622780159216530e-01,1.110000000000000000e+02
2.953664013063890814e-01,1.110000000000000000e+02
2.955705245968565098e-01,1.110000000000000000e+02
2.957746478873239382e-01,1.110000000000000000e+02
2.959787711777914221e-01,1.110000000000000000e+02
2.961828944682588505e-01,1.110000000000000000e+02
2.963870177587262789e-01,1.120000000000000000e+02
2.965911410491937072e-01,1.120000000000000000e+02
2.967952643396611911e-01,1.120000000000000000e+02
2.969993876301286195e-01,1.120000000000000000e+02
2.972035109205960479e-01,1.120000000000000000e+02
2.974076342110634763e-01,1.120000000000000000e+02
2.976117575015309602e-01,1.120000000000000000e+02
2.978158807919983886e-01,1.120000000000000000e+02
2.980200040824658170e-01,1.120000000000000000e+02
2.982241273729332454e-01,1.120000000000000000e+02
2.984282506634007293e-01,1.120000000000000000e+02
2.986323739538681576e-01,1.120000000000000000e+02
2.988364972443355860e-01,1.120000000000000000e+02
2.990406205348030144e-01,1.130000000000000000e+02
2.992447438252704983e-01,1.130000000000000000e+02
2.994488671157379267e-01,1.130000000000000000e+02
2.996529904062053551e-01,1.130000000000000000e+02
2.998571136966727835e-01,1.130000000000000000e+02
3.000612369871402674e-01,1.130000000000000000e+02
3.002653602776076958e-01,1.130000000000000000e+02
3.004694835680751241e-01,1.130000000000000000e+02
3.006736068585425525e-01,1.130000000000000000e+02
3.008777301490100364e-01,1.130000000000000000e+02
3.010818534394774648e-01,1.130000000000000000e+02
3.012859767299448932e-01,1.140000000000000000e+02
3.014901000204123216e-01,1.140000000000000000e+02
3.016942233108798055e-01,1.140000000000000000e+02
3.018983466013472339e-01,1.140000000000000000e+02
3.021024698918146623e-01,1.140000000000000000e+02
3.023065931822820906e-01,1.140000000000000000e+02
3.025107164727495745e-01,1.140000000000000000e+02
3.027148397632170029e-01,1.140000000000000000e+02
3.029189630536844313e-01,1.150000000000000000e+02
3.031230863441518597e-01,1.150000000000000000e+02
3.033272096346193436e-01,1.150000000000000000e+02
3.035313329250867720e-01,1.150000000000000000e+02
3.037354562155542004e-01,1.150000000000000000e+02
3.039395795060216288e-01,1.160000000000000000e+02
3.041437027964891127e-01,1.160000000000000000e+02
3.043478260869565410e-01,1.160000000000000000e+02
3.045519493774239694e-01,1.160000000000000000e+02
3.047560726678913978e-01,1.160000000000000000e+02
3.049601959583588817e-01,1.160000000000000000e+02
3.051643192488263101e-01,1.170000000000000000e+02
3.053684425392937385e-01,1.170000000000000000e+02
3.055725658297611669e-01,1.170000000000000000e+02
3.057766891202286508e-01,1.170000000000000000e+02
3.059808124106960792e-01,1.170000000000000000e+02
3.061849357011635075e-01,1.180000000000000000e+02
3.063890589916309359e-01,1.180000000000000000e+02
3.065931822820984198e-01,1.180000000000000000e+02
3.067973055725658482e-01,1.180000000000000000e+02
3.070014288630332766e-01,1.180000000000000000e+02
3.072055521535007050e-01,1.180000000000000000e+02
3.074096754439681889e-01,1.180000000000000000e+02
3.076137987344356173e-01,1.180000000000000000e+02
3.078179220249030457e-01,1.180000000000000000e+02
3.080220453153704741e-01,1.180000000000000000e+02
3.082261686058379579e-01,1.190000000000000000e+02
3.084302918963053863e-01,1.190000000000000000e+02
3.086344151867728147e-01,1.190000000000000000e+02
3.088385384772402431e-01,1.190000000000000000e+02
3.090426617677077270e-01,1.190000000000000000e+02
3.092467850581751554e-01,1.190000000000000000e+02
3.094509083486425838e-01,1.190000000000000000e+02
3.096550316391100122e-01,1.190000000000000000e+02
3.098591549295774961e-01,1.190000000000000000e+02
3.100632782200449244e-01,1.190000000000000000e+02
3.102674015105123528e-01,1.190000000000000000e+02
3.104715248009797812e-01,1.200000000000000000e+02
3.106756480914472651e-01,1.200000000000000000e+02
3.108797713819146935e-01,1.200000000000000000e+02
3.110838946723821219e-01,1.200000000000000000e+02
3.112880179628495503e-01,1.200000000000000000e+02
3.114921412533170342e-01,1.200000000000000000e+02
3.116962645437844626e-01,1.200000000000000000e+02
3.119003878342518910e-01,1.200000000000000000e+02
3.121045111247193193e-01,1.210000000000000000e+02
3.123086344151868032e-01,1.210000000000000000e+02
3.125127577056542316e-01,1.210000000000000000e+02
3.127168809961216600e-01,1.210000000000000000e+02
3.129210042865890884e-01,1.210000000000000000e+02
3.131251275770565723e-01,1.220000000000000000e+02
3.133292508675240007e-01,1.220000000000000000e+02
3.135333741579914291e-01,1.220000000000000000e+02
3.137374974484589130e-01,1.220000000000000000e+02
3.139416207389263413e-01,1.220000000000000000e+02
3.141457440293937697e-01,1.220000000000000000e+02
3.143498673198611981e-01,1.220000000000000000e+02
3.145539906103286820e-01,1.220000000000000000e+02
3.147581139007961104e-01,1.220000000000000000e+02
3.149622371912635388e-01,1.230000000000000000e+02
3.151663604817309672e-01,1.230000000000000000e+02
3.153704837721984511e-01,1.230000000000000000e+02
3.155746070626658795e-01,1.230000000000000000e+02
3.157787303531333079e-01,1.230000000000000000e+02
3.159828536436007362e-01,1.230000000000000000e+02
3.161869769340682201e-01,1.230000000000000000e+02
3.163911002245356485e-01,1.230000000000000000e+02
3.165952235150030769e-01,1.230000000000000000e+02
3.167993468054705053e-01,1.230000000000000000e+02
3.170034700959379892e-01,1.230000000000000000e+02
3.172075933864054176e-01,1.240000000000000000e+02
3.174117166768728460e-01,1.240000000000000000e+02
3.176158399673402744e-01,1.240000000000000000e+02
3.178199632578077583e-01,1.240000000000000000e+02
3.180240865482751866e-01,1.240000000000000000e+02
3.182282098387426150e-01,1.240000000000000000e+02
3.184323331292100434e-01,1.250000000000000000e+02
3.186364564196775273e-01,1.250000000000000000e+02
3.188405797101449557e-01,1.250000000000000000e+02
3.190447030006123841e-01,1.250000000000000000e+02
3.192488262910798125e-01,1.250000000000000000e+02
3.194529495815472964e-01,1.250000000000000000e+02
3.196570728720147248e-01,1.250000000000000000e+02
3.198611961624821531e-01,1.250000000000000000e+02
3.200653194529495815e-01,1.250000000000000000e+02
3.202694427434170654e-01,1.250000000000000000e+02
3.204735660338844938e-01,1.250000000000000000e+02
3.206776893243519222e-01,1.250000000000000000e+02
3.208818126148193506e-01,1.260000000000000000e+02
3.210859359052868345e-01,1.260000000000000000e+02
3.212900591957542629e-01,1.260000000000000000e+02
3.214941824862216913e-01,1.260000000000000000e+02
3.216983057766891196e-01,1.260000000000000000e+02
3.219024290671566035e-01,1.260000000000000000e+02
3.221065523576240319e-01,1.260000000000000000e+02
3.223106756480914603e-01,1.260000000000000000e+02
3.225147989385588887e-01,1.260000000000000000e+02
3.227189222290263726e-01,1.270000000000000000e+02
3.229230455194938010e-01,1.270000000000000000e+02
3.231271688099612294e-01,1.270000000000000000e+02
3.233312921004286578e-01,1.270000000000000000e+02
3.235354153908961417e-01,1.270000000000000000e+02
3.237395386813635700e-01,1.270000000000000000e+02
3.239436619718309984e-01,1.270000000000000000e+02
3.241477852622984268e-01,1.270000000000000000e+02
3.243519085527659107e-01,1.270000000000000000e+02
3.245560318432333391e-01,1.270000000000000000e+02
3.247601551337007675e-01,1.270000000000000000e+02
3.249642784241681959e-01,1.270000000000000000e+02
3.251684017146356798e-01,1.280000000000000000e+02
3.253725250051031082e-01,1.280000000000000000e+02
3.255766482955705365e-01,1.280000000000000000e+02
3.257807715860379649e-01,1.280000000000000000e+02
3.259848948765054488e-01,1.280000000000000000e+02
3.261890181669728772e-01,1.280000000000000000e+02
3.263931414574403056e-01,1.280000000000000000e+02
3.265972647479077340e-01,1.280000000000000000e+02
3.268013880383752179e-01,1.280000000000000000e+02
3.270055113288426463e-01,1.280000000000000000e+02
3.272096346193100747e-01,1.280000000000000000e+02
3.274137579097775030e-01,1.280000000000000000e+02
3.276178812002449869e-01,1.290000000000000000e+02
3.278220044907124153e-01,1.290000000000000000e+02
3.280261277811798437e-01,1.290000000000000000e+02
3.282302510716472721e-01,1.290000000000000000e+02
3.284343743621147560e-01,1.290000000000000000e+02
3.286384976525821844e-01,1.290000000000000000e+02
3.288426209430496128e-01,1.290000000000000000e+02
3.290467442335170412e-01,1.290000000000000000e+02
3.292508675239845251e-01,1.290000000000000000e+02
3.294549908144519534e-01,1.290000000000000000e+02
3.296591141049193818e-01,1.290000000000000000e+02
3.298632373953868102e-01,1.290000000000000000e+02
3.300673606858542941e-01,1.300000000000000000e+02
3.302714839763217225e-01,1.300000000000000000e+02
3.304756072667891509e-01,1.300000000000000000e+02
3.306797305572565793e-01,1.300000000000000000e+02
3.308838538477240632e-01,1.300000000000000000e+02
3.310879771381914916e-01,1.300000000000000000e+02
3.312921004286589199e-01,1.300000000000000000e+02
3.314962237191263483e-01,1.300000000000000000e+02
3.317003470095938322e-01,1.300000000000000000e+02
3.319044703000612606e-01,1.310000000000000000e+02
3.321085935905286890e-01,1.310000000000000000e+02
3.323127168809961174e-01,1.310000000000000000e+02
3.325168401714636013e-01,1.310000000000000000e+02
3.327209634619310297e-01,1.310000000000000000e+02
3.329250867523984581e-01,1.310000000000000000e+02
3.331292100428658864e-01,1.310000000000000000e+02
3.333333333333333703e-01,1.310000000000000000e+02
3.335374566238007987e-01,1.320000000000000000e+02
3.337415799142682271e-01,1.320000000000000000e+02
3.339457032047356555e-01,1.320000000000000000e+02
3.341498264952031394e-01,1.320000000000000000e+02
3.343539497856705678e-01,1.320000000000000000e+02
3.345580730761379962e-01,1.320000000000000000e+02
3.347621963666054246e-01,1.320000000000000000e+02
3.349663196570729085e-01,1.320000000000000000e+02
3.351704429475403368e-01,1.320000000000000000e+02
3.353745662380077652e-01,1.320000000000000000e+02
3.355786895284751936e-01,1.320000000000000000e+02
3.357828128189426775e-01,1.320000000000000000e+02
3.359869361094101059e-01,1.320000000000000000e+02
3.361910593998775343e-01,1.330000000000000000e+02
3.363951826903449627e-01,1.330000000000000000e+02
3.365993059808124466e-01,1.330000000000000000e+02
3.368034292712798750e-01,1.330000000000000000e+02
3.370075525617473033e-01,1.330000000000000000e+02
3.372116758522147317e-01,1.330000000000000000e+02
3.374157991426822156e-01,1.330000000000000000e+02
3.376199224331496440e-01,1.330000000000000000e+02
3.378240457236170724e-01,1.330000000000000000e+02
3.380281690140845008e-01,1.330000000000000000e+02
3.382322923045519847e-01,1.340000000000000000e+02
3.384364155950194131e-01,1.340000000000000000e+02
3.386405388854868415e-01,1.340000000000000000e+02
3.388446621759542698e-01,1.340000000000000000e+02
3.390487854664217537e-01,1.340000000000000000e+02
3.392529087568891821e-01,1.340000000000000000e+02
3.394570320473566105e-01,1.340000000000000000e+02
3.396611553378240389e-01,1.340000000000000000e+02
3.398652786282915228e-01,1.340000000000000000e+02
3.400694019187589512e-01,1.340000000000000000e+02
3.402735252092263796e-01,1.350000000000000000e+02
3.404776484996938080e-01,1.350000000000000000e+02
3.406817717901612919e-01,1.350000000000000000e+02
3.408858950806287202e-01,1.350000000000000000e+02
3.410900183710961486e-01,1.350000000000000000e+02
3.412941416615635770e-01,1.350000000000000000e+02
3.414982649520310609e-01,1.360000000000000000e+02
3.417023882424984893e-01,1.360000000000000000e+02
3.419065115329659177e-01,1.360000000000000000e+02
3.421106348234333461e-01,1.360000000000000000e+02
3.423147581139008300e-01,1.360000000000000000e+02
3.425188814043682584e-01,1.360000000000000000e+02
3.427230046948356867e-01,1.360000000000000000e+02
3.429271279853031151e-01,1.360000000000000000e+02
3.431312512757705990e-01,1.360000000000000000e+02
3.433353745662380274e-01,1.360000000000000000e+02
3.435394978567054558e-01,1.360000000000000000e+02
3.437436211471728842e-01,1.360000000000000000e+02
3.439477444376403681e-01,1.360000000000000000e+02
3.441518677281077965e-01,1.360000000000000000e+02
3.443559910185752249e-01,1.360000000000000000e+02
3.445601143090426532e-01,1.370000000000000000e+02
3.447642375995101371e-01,1.370000000000000000e+02
3.449683608899775655e-01,1.370000000000000000e+02
3.451724841804449939e-01,1.370000000000000000e+02
3.453766074709124223e-01,1.370000000000000000e+02
3.455807307613799062e-01,1.370000000000000000e+02
3.457848540518473346e-01,1.370000000000000000e+02
3.459889773423147630e-01,1.370000000000000000e+02
3.461931006327821914e-01,1.370000000000000000e+02
3.463972239232496753e-01,1.380000000000000000e+02
3.466013472137171036e-01,1.380000000000000000e+02
3.468054705041845320e-01,1.380000000000000000e+02
3.470095937946519604e-01,1.380000000000000000e+02
3.472137170851194443e-01,1.390000000000000000e+02
3.474178403755868727e-01,1.390000000000000000e+02
3.476219636660543011e-01,1.390000000000000000e+02
3.478260869565217295e-01,1.390000000000000000e+02
3.480302102469892134e-01,1.390000000000000000e+02
3.482343335374566418e-01,1.390000000000000000e+02
3.484384568279240701e-01,1.390000000000000000e+02
3.486425801183915540e-01,1.390000000000000000e+02
3.488467034088589824e-01,1.390000000000000000e+02
3.490508266993264108e-01,1.390000000000000000e+02
3.492549499897938392e-01,1.390000000000000000e+02
3.494590732802613231e-01,1.400000000000000000e+02
3.496631965707287515e-01,1.400000000000000000e+02
3.498673198611961799e-01,1.400000000000000000e+02
3.500714431516636083e-01,1.400000000000000000e+02
3.502755664421310922e-01,1.400000000000000000e+02
3.504796897325985205e-01,1.400000000000000000e+02
3.506838130230659489e-01,1.400000000000000000e+02
3.508879363135333773e-01,1.400000000000000000e+02
3.510920596040008612e-01,1.410000000000000000e+02
3.512961828944682896e-01,1.410000000000000000e+02
3.515003061849357180e-01,1.410000000000000000e+02
3.517044294754031464e-01,1.410000000000000000e+02
3.519085527658706303e-01,1.410000000000000000e+02
3.521126760563380587e-01,1.410000000000000000e+02
3.523167993468054870e-01,1.410000000000000000e+02
3.525209226372729154e-01,1.410000000000000000e+02
3.527250459277403993e-01,1.410000000000000000e+02
3.529291692182078277e-01,1.410000000000000000e+02
3.531332925086752561e-01,1.410000000000000000e+02
3.533374157991426845e-01,1.410000000000000000e+02
3.535415390896101684e-01,1.410000000000000000e+02
3.537456623800775968e-01,1.420000000000000000e+02
3.539497856705450252e-01,1.420000000000000000e+02
3.541539089610124535e-01,1.420000000000000000e+02
3.543580322514799374e-01,1.420000000000000000e+02
3.545621555419473658e-01,1.420000000000000000e+02
3.547662788324147942e-01,1.420000000000000000e+02
3.549704021228822226e-01,1.420000000000000000e+02
3.551745254133497065e-01,1.420000000000000000e+02
3.553786487038171349e-01,1.420000000000000000e+02
3.555827719942845633e-01,1.420000000000000000e+02
3.557868952847519917e-01,1.420000000000000000e+02
3.559910185752194756e-01,1.430000000000000000e+02
3.561951418656869039e-01,1.430000000000000000e+02
3.563992651561543323e-01,1.430000000000000000e+02
3.566033884466217607e-01,1.430000000000000000e+02
3.568075117370892446e-01,1.430000000000000000e+02
3.570116350275566730e-01,1.430000000000000000e+02
3.572157583180241014e-01,1.440000000000000000e+02
3.574198816084915298e-01,1.440000000000000000e+02
3.576240048989590137e-01,1.440000000000000000e+02
3.578281281894264421e-01,1.440000000000000000e+02
3.580322514798938704e-01,1.440000000000000000e+02
3.582363747703612988e-01,1.440000000000000000e+02
3.584404980608287827e-01,1.440000000000000000e+02
3.586446213512962111e-01,1.440000000000000000e+02
3.588487446417636395e-01,1.440000000000000000e+02
3.590528679322310679e-01,1.440000000000000000e+02
3.592569912226985518e-01,1.450000000000000000e+02
3.594611145131659802e-01,1.450000000000000000e+02
3.596652378036334086e-01,1.450000000000000000e+02
3.598693610941008370e-01,1.450000000000000000e+02
3.600734843845683208e-01,1.450000000000000000e+02
3.602776076750357492e-01,1.450000000000000000e+02
3.604817309655031776e-01,1.450000000000000000e+02
3.606858542559706060e-01,1.460000000000000000e+02
3.608899775464380899e-01,1.460000000000000000e+02
3.610941008369055183e-01,1.460000000000000000e+02
3.612982241273729467e-01,1.460000000000000000e+02
3.615023474178403751e-01,1.460000000000000000e+02
3.617064707083078590e-01,1.460000000000000000e+02
3.619105939987752873e-01,1.460000000000000000e+02
3.621147172892427157e-01,1.460000000000000000e+02
3.623188405797101441e-01,1.460000000000000000e+02
3.625229638701776280e-01,1.460000000000000000e+02
3.627270871606450564e-01,1.460000000000000000e+02
3.629312104511124848e-01,1.460000000000000000e+02
3.631353337415799132e-01,1.470000000000000000e+02
3.633394570320473971e-01,1.470000000000000000e+02
3.635435803225148255e-01,1.470000000000000000e+02
3.637477036129822539e-01,1.470000000000000000e+02
3.639518269034496822e-01,1.470000000000000000e+02
3.641559501939171661e-01,1.470000000000000000e+02
3.643600734843845945e-01,1.470000000000000000e+02
3.645641967748520229e-01,1.470000000000000000e+02
3.647683200653194513e-01,1.480000000000000000e+02
3.649724433557869352e-01,1.480000000000000000e+02
3.651765666462543636e-01,1.480000000000000000e+02
3.653806899367217920e-01,1.480000000000000000e+02
3.655848132271892204e-01,1.480000000000000000e+02
3.657889365176567043e-01,1.480000000000000000e+02
3.659930598081241326e-01,1.480000000000000000e+02
3.661971830985915610e-01,1.480000000000000000e+02
3.664013063890589894e-01,1.480000000000000000e+02
3.666054296795264733e-01,1.490000000000000000e+02
3.668095529699939017e-01,1.490000000000000000e+02
3.670136762604613301e-01,1.490000000000000000e+02
3.672177995509287585e-01,1.490000000000000000e+02
3.674219228413962424e-01,1.490000000000000000e+02
3.676260461318636708e-01,1.490000000000000000e+02
3.678301694223310991e-01,1.490000000000000000e+02
3.680342927127985275e-01,1.500000000000000000e+02
3.682384160032660114e-01,1.500000000000000000e+02
3.684425392937334398e-01,1.500000000000000000e+02
3.686466625842008682e-01,1.500000000000000000e+02
3.688507858746682966e-01,1.500000000000000000e+02
3.690549091651357805e-01,1.500000000000000000e+02
3.692590324556032089e-01,1.500000000000000000e+02
3.694631557460706373e-01,1.500000000000000000e+02
3.696672790365380656e-01,1.500000000000000000e+02
3.698714023270055495e-01,1.500000000000000000e+02
3.700755256174729779e-01,1.500000000000000000e+02
3.702796489079404063e-01,1.510000000000000000e+02
3.704837721984078347e-01,1.510000000000000000e+02
3.706878954888753186e-01,1.510000000000000000e+02
3.708920187793427470e-01,1.510000000000000000e+02
3.710961420698101754e-01,1.510000000000000000e+02
3.713002653602776038e-01,1.510000000000000000e+02
3.715043886507450877e-01,1.510000000000000000e+02
3.717085119412125160e-01,1.510000000000000000e+02
3.719126352316799444e-01,1.510000000000000000e+02
3.721167585221473728e-01,1.510000000000000000e+02
3.723208818126148567e-01,1.510000000000000000e+02
3.725250051030822851e-01,1.510000000000000000e+02
3.727291283935497135e-01,1.510000000000000000e+02
3.729332516840171419e-01,1.520000000000000000e+02
3.731373749744846258e-01,1.520000000000000000e+02
3.733414982649520542e-01,1.520000000000000000e+02
3.735456215554194825e-01,1.520000000000000000e+02
3.737497448458869109e-01,1.520000000000000000e+02
3.739538681363543948e-01,1.520000000000000000e+02
3.741579914268218232e-01,1.520000000000000000e+02
3.743621147172892516e-01,1.520000000000000000e+02
3.745662380077566800e-01,1.530000000000000000e+02
3.747703612982241639e-01,1.530000000000000000e+02
3.749744845886915923e-01,1.530000000000000000e+02
3.751786078791590207e-01,1.530000000000000000e+02
3.753827311696264490e-01,1.530000000000000000e+02
3.755868544600939329e-01,1.530000000000000000e+02
3.757909777505613613e-01,1.530000000000000000e+02
3.759951010410287897e-01,1.530000000000000000e+02
3.761992243314962181e-01,1.540000000000000000e+02
3.764033476219637020e-01,1.540000000000000000e+02
3.766074709124311304e-01,1.540000000000000000e+02
3.768115942028985588e-01,1.540000000000000000e+02
3.770157174933659872e-01,1.540000000000000000e+02
3.772198407838334711e-01,1.540000000000000000e+02
3.774239640743008994e-01,1.540000000000000000e+02
3.776280873647683278e-01,1.540000000000000000e+02
3.778322106552357562e-01,1.540000000000000000e+02
3.780363339457032401e-01,1.540000000000000000e+02
3.782404572361706685e-01,1.540000000000000000e+02
3.784445805266380969e-01,1.550000000000000000e+02
3.786487038171055253e-01,1.550000000000000000e+02
3.788528271075730092e-01,1.550000000000000000e+02
3.790569503980404376e-01,1.550000000000000000e+02
3.792610736885078659e-01,1.550000000000000000e+02
3.794651969789752943e-01,1.560000000000000000e+02
3.796693202694427782e-01,1.560000000000000000e+02
3.798734435599102066e-01,1.560000000000000000e+02
3.800775668503776350e-01,1.560000000000000000e+02
3.802816901408450634e-01,1.560000000000000000e+02
3.804858134313125473e-01,1.560000000000000000e+02
3.806899367217799757e-01,1.560000000000000000e+02
3.808940600122474041e-01,1.560000000000000000e+02
3.810981833027148324e-01,1.560000000000000000e+02
3.813023065931823163e-01,1.560000000000000000e+02
3.815064298836497447e-01,1.560000000000000000e+02
3.817105531741171731e-01,1.570000000000000000e+02
3.819146764645846015e-01,1.570000000000000000e+02
3.821187997550520854e-01,1.570000000000000000e+02
3.823229230455195138e-01,1.570000000000000000e+02
3.825270463359869422e-01,1.570000000000000000e+02
3.827311696264543706e-01,1.570000000000000000e+02
3.829352929169218545e-01,1.570000000000000000e+02
3.831394162073892828e-01,1.570000000000000000e+02
3.833435394978567112e-01,1.570000000000000000e+02
3.835476627883241951e-01,1.570000000000000000e+02
3.837517860787916235e-01,1.580000000000000000e+02
3.839559093692590519e-01,1.580000000000000000e+02
3.841600326597264803e-01,1.580000000000000000e+02
3.843641559501939642e-01,1.580000000000000000e+02
3.845682792406613926e-01,1.580000000000000000e+02
3.847724025311288210e-01,1.580000000000000000e+02
3.849765258215962493e-01,1.580000000000000000e+02
3.851806491120637332e-01,1.580000000000000000e+02
3.853847724025311616e-01,1.580000000000000000e+02
3.855888956929985900e-01,1.580000000000000000e+02
3.857930189834660184e-01,1.580000000000000000e+02
3.859971422739335023e-01,1.580000000000000000e+02
3.862012655644009307e-01,1.580000000000000000e+02
3.864053888548683591e-01,1.580000000000000000e+02
3.866095121453357875e-01,1.580000000000000000e+02
3.868136354358032714e-01,1.590000000000000000e+02
3.870177587262706997e-01,1.590000000000000000e+02
3.872218820167381281e-01,1.590000000000000000e+02
3.874260053072055565e-01,1.590000000000000000e+02
3.876301285976730404e-01,1.590000000000000000e+02
3.878342518881404688e-01,1.590000000000000000e+02
3.880383751786078972e-01,1.590000000000000000e+02
3.882424984690753256e-01,1.590000000000000000e+02
3.884466217595428095e-01,1.590000000000000000e+02
3.886507450500102379e-01,1.590000000000000000e+02
3.888548683404776662e-01,1.600000000000000000e+02
3.890589916309450946e-01,1.600000000000000000e+02
3.892631149214125785e-01,1.600000000000000000e+02
3.894672382118800069e-01,1.600000000000000000e+02
3.896713615023474353e-01,1.600000000000000000e+02
3.898754847928148637e-01,1.600000000000000000e+02
3.900796080832823476e-01,1.600000000000000000e+02
3.902837313737497760e-01,1.600000000000000000e+02
3.904878546642172044e-01,1.610000000000000000e+02
3.906919779546846327e-01,1.610000000000000000e+02
3.908961012451521166e-01,1.610000000000000000e+02
3.911002245356195450e-01,1.610000000000000000e+02
3.913043478260869734e-01,1.610000000000000000e+02
3.915084711165544018e-01,1.610000000000000000e+02
3.917125944070218857e-01,1.610000000000000000e+02
3.919167176974893141e-01,1.620000000000000000e+02
3.921208409879567425e-01,1.620000000000000000e+02
3.923249642784241709e-01,1.620000000000000000e+02
3.925290875688916548e-01,1.620000000000000000e+02
3.927332108593590831e-01,1.620000000000000000e+02
3.929373341498265115e-01,1.620000000000000000e+02
3.931414574402939399e-01,1.620000000000000000e+02
3.933455807307614238e-01,1.620000000000000000e+02
3.935497040212288522e-01,1.620000000000000000e+02
3.937538273116962806e-01,1.620000000000000000e+02
3.939579506021637090e-01,1.620000000000000000e+02
3.941620738926311929e-01,1.620000000000000000e+02
3.943661971830986213e-01,1.630000000000000000e+02
3.945703204735660496e-01,1.630000000000000000e+02
3.947744437640334780e-01,1.630000000000000000e+02
3.949785670545009619e-01,1.630000000000000000e+02
3.951826903449683903e-01,1.630000000000000000e+02
3.953868136354358187e-01,1.630000000000000000e+02
3.955909369259032471e-01,1.630000000000000000e+02
3.957950602163707310e-01,1.630000000000000000e+02
3.959991835068381594e-01,1.630000000000000000e+02
3.962033067973055878e-01,1.630000000000000000e+02
3.964074300877730161e-01,1.630000000000000000e+02
3.966115533782405000e-01,1.630000000000000000e+02
3.968156766687079284e-01,1.630000000000000000e+02
3.970197999591753568e-01,1.640000000000000000e+02
3.972239232496427852e-01,1.640000000000000000e+02
3.974280465401102691e-01,1.640000000000000000e+02
3.976321698305776975e-01,1.640000000000000000e+02
3.978362931210451259e-01,1.640000000000000000e+02
3.980404164115125543e-01,1.640000000000000000e+02
3.982445397019800382e-01,1.640000000000000000e+02
3.984486629924474665e-01,1.640000000000000000e+02
3.986527862829148949e-01,1.640000000000000000e+02
3.988569095733823233e-01,1.640000000000000000e+02
3.990610328638498072e-01,1.640000000000000000e+02
3.992651561543172356e-01,1.650000000000000000e+02
3.994692794447846640e-01,1.650000000000000000e+02
3.996734027352520924e-01,1.650000000000000000e+02
3.998775260257195763e-01,1.650000000000000000e+02
4.000816493161870047e-01,1.650000000000000000e+02
4.002857726066544330e-01,1.650000000000000000e+02
4.004898958971218614e-01,1.650000000000000000e+02
4.006940191875893453e-01,1.660000000000000000e+02
4.008981424780567737e-01,1.660000000000000000e+02
4.011022657685242021e-01,1.660000000000000000e+02
4.013063890589916305e-01,1.660000000000000000e+02
4.015105123494591144e-01,1.660000000000000000e+02
4.017146356399265428e-01,1.660000000000000000e+02
4.019187589303939712e-01,1.660000000000000000e+02
4.021228822208613995e-01,1.660000000000000000e+02
4.023270055113288834e-01,1.660000000000000000e+02
4.025311288017963118e-01,1.660000000000000000e+02
4.027352520922637402e-01,1.660000000000000000e+02
4.029393753827311686e-01,1.670000000000000000e+02
4.031434986731986525e-01,1.670000000000000000e+02
4.033476219636660809e-01,1.670000000000000000e+02
4.035517452541335093e-01,1.670000000000000000e+02
4.037558685446009377e-01,1.680000000000000000e+02
4.039599918350684216e-01,1.680000000000000000e+02
4.041641151255358499e-01,1.680000000000000000e+02
4.043682384160032783e-01,1.680000000000000000e+02
4.045723617064707067e-01,1.680000000000000000e+02
4.047764849969381906e-01,1.680000000000000000e+02
4.049806082874056190e-01,1.680000000000000000e+02
4.051847315778730474e-01,1.680000000000000000e+02
4.053888548683404758e-01,1.680000000000000000e+02
4.055929781588079597e-01,1.680000000000000000e+02
4.057971014492753881e-01,1.680000000000000000e+02
4.060012247397428164e-01,1.680000000000000000e+02
4.062053480302102448e-01,1.680000000000000000e+02
4.064094713206777287e-01,1.690000000000000000e+02
4.066135946111451571e-01,1.690000000000000000e+02
4.068177179016125855e-01,1.690000000000000000e+02
4.070218411920800139e-01,1.690000000000000000e+02
4.072259644825474978e-01,1.690000000000000000e+02
4.074300877730149262e-01,1.690000000000000000e+02
4.076342110634823546e-01,1.690000000000000000e+02
4.078383343539497830e-01,1.690000000000000000e+02
4.080424576444172668e-01,1.690000000000000000e+02
4.082465809348846952e-01,1.690000000000000000e+02
4.084507042253521236e-01,1.700000000000000000e+02
4.086548275158195520e-01,1.700000000000000000e+02
4.088589508062870359e-01,1.700000000000000000e+02
4.090630740967544643e-01,1.700000000000000000e+02
4.092671973872218927e-01,1.700000000000000000e+02
4.094713206776893211e-01,1.700000000000000000e+02
4.096754439681568050e-01,1.700000000000000000e+02
4.098795672586242334e-01,1.700000000000000000e+02
4.100836905490916617e-01,1.700000000000000000e+02
4.102878138395590901e-01,1.700000000000000000e+02
4.104919371300265740e-01,1.700000000000000000e+02
4.106960604204940024e-01,1.710000000000000000e+02
4.109001837109614308e-01,1.710000000000000000e+02
4.111043070014288592e-01,1.710000000000000000e+02
4.113084302918963431e-01,1.710000000000000000e+02
4.115125535823637715e-01,1.710000000000000000e+02
4.117166768728311999e-01,1.710000000000000000e+02
4.119208001632986282e-01,1.710000000000000000e+02
4.121249234537661121e-01,1.710000000000000000e+02
4.123290467442335405e-01,1.710000000000000000e+02
4.125331700347009689e-01,1.710000000000000000e+02
4.127372933251683973e-01,1.710000000000000000e+02
4.129414166156358812e-01,1.710000000000000000e+02
4.131455399061033096e-01,1.710000000000000000e+02
4.133496631965707380e-01,1.720000000000000000e+02
4.135537864870381664e-01,1.720000000000000000e+02
4.137579097775056503e-01,1.720000000000000000e+02
4.139620330679730786e-01,1.720000000000000000e+02
4.141661563584405070e-01,1.720000000000000000e+02
4.143702796489079354e-01,1.720000000000000000e+02
4.145744029393754193e-01,1.720000000000000000e+02
4.147785262298428477e-01,1.720000000000000000e+02
4.149826495203102761e-01,1.720000000000000000e+02
4.151867728107777045e-01,1.720000000000000000e+02
4.153908961012451884e-01,1.730000000000000000e+02
4.155950193917126168e-01,1.730000000000000000e+02
4.157991426821800451e-01,1.730000000000000000e+02
4.160032659726474735e-01,1.730000000000000000e+02
4.162073892631149574e-01,1.730000000000000000e+02
4.164115125535823858e-01,1.730000000000000000e+02
4.166156358440498142e-01,1.730000000000000000e+02
4.168197591345172426e-01,1.730000000000000000e+02
4.170238824249847265e-01,1.730000000000000000e+02
4.172280057154521549e-01,1.730000000000000000e+02
4.174321290059195833e-01,1.730000000000000000e+02
4.176362522963870116e-01,1.730000000000000000e+02
4.178403755868544955e-01,1.730000000000000000e+02
4.180444988773219239e-01,1.730000000000000000e+02
4.182486221677893523e-01,1.730000000000000000e+02
4.184527454582568362e-01,1.730000000000000000e+02
4.186568687487242646e-01,1.730000000000000000e+02
4.188609920391916930e-01,1.740000000000000000e+02
4.190651153296591214e-01,1.740000000000000000e+02
4.192692386201266053e-01,1.740000000000000000e+02
4.194733619105940337e-01,1.740000000000000000e+02
4.196774852010614620e-01,1.740000000000000000e+02
4.198816084915288904e-01,1.740000000000000000e+02
4.200857317819963743e-01,1.750000000000000000e+02
4.202898550724638027e-01,1.750000000000000000e+02
4.204939783629312311e-01,1.750000000000000000e+02
4.206981016533986595e-01,1.750000000000000000e+02
4.209022249438661434e-01,1.750000000000000000e+02
4.211063482343335718e-01,1.750000000000000000e+02
4.213104715248010002e-01,1.750000000000000000e+02
4.215145948152684285e-01,1.750000000000000000e+02
4.217187181057359124e-01,1.760000000000000000e+02
4.219228413962033408e-01,1.760000000000000000e+02
4.221269646866707692e-01,1.760000000000000000e+02
4.223310879771381976e-01,1.760000000000000000e+02
4.225352112676056815e-01,1.760000000000000000e+02
4.227393345580731099e-01,1.760000000000000000e+02
4.229434578485405383e-01,1.760000000000000000e+02
4.231475811390079667e-01,1.760000000000000000e+02
4.233517044294754506e-01,1.760000000000000000e+02
4.235558277199428789e-01,1.760000000000000000e+02
4.237599510104103073e-01,1.770000000000000000e+02
4.239640743008777357e-01,1.770000000000000000e+02
4.241681975913452196e-01,1.770000000000000000e+02
4.243723208818126480e-01,1.770000000000000000e+02
4.245764441722800764e-01,1.770000000000000000e+02
4.247805674627475048e-01,1.770000000000000000e+02
4.249846907532149887e-01,1.770000000000000000e+02
4.251888140436824171e-01,1.770000000000000000e+02
4.253929373341498454e-01,1.770000000000000000e+02
4.255970606246172738e-01,1.770000000000000000e+02
4.258011839150847577e-01,1.770000000000000000e+02
4.260053072055521861e-01,1.780000000000000000e+02
4.262094304960196145e-01,1.780000000000000000e+02
4.264135537864870429e-01,1.780000000000000000e+02
4.266176770769545268e-01,1.780000000000000000e+02
4.268218003674219552e-01,1.780000000000000000e+02
4.270259236578893836e-01,1.780000000000000000e+02
4.272300469483568119e-01,1.780000000000000000e+02
4.274341702388242958e-01,1.780000000000000000e+02
4.276382935292917242e-01,1.790000000000000000e+02
4.278424168197591526e-01,1.790000000000000000e+02
4.280465401102265810e-01,1.790000000000000000e+02
4.282506634006940649e-01,1.790000000000000000e+02
4.284547866911614933e-01,1.790000000000000000e+02
4.286589099816289217e-01,1.800000000000000000e+02
4.288630332720963501e-01,1.800000000000000000e+02
4.290671565625638340e-01,1.800000000000000000e+02
4.292712798530312623e-01,1.800000000000000000e+02
4.294754031434986907e-01,1.800000000000000000e+02
4.296795264339661191e-01,1.800000000000000000e+02
4.298836497244336030e-01,1.800000000000000000e+02
4.300877730149010314e-01,1.810000000000000000e+02
4.302918963053684598e-01,1.810000000000000000e+02
4.304960195958358882e-01,1.810000000000000000e+02
4.307001428863033721e-01,1.810000000000000000e+02
4.309042661767708005e-01,1.810000000000000000e+02
4.311083894672382288e-01,1.810000000000000000e+02
4.313125127577056572e-01,1.810000000000000000e+02
4.315166360481731411e-01,1.810000000000000000e+02
4.317207593386405695e-01,1.810000000000000000e+02
4.319248826291079979e-01,1.820000000000000000e+02
4.321290059195754263e-01,1.820000000000000000e+02
4.323331292100429102e-01,1.820000000000000000e+02
4.325372525005103386e-01,1.820000000000000000e+02
4.327413757909777670e-01,1.820000000000000000e+02
4.329454990814451953e-01,1.820000000000000000e+02
4.331496223719126792e-01,1.830000000000000000e+02
4.333537456623801076e-01,1.830000000000000000e+02
4.335578689528475360e-01,1.830000000000000000e+02
4.337619922433149644e-01,1.830000000000000000e+02
4.339661155337824483e-01,1.830000000000000000e+02
4.341702388242498767e-01,1.830000000000000000e+02
4.343743621147173051e-01,1.830000000000000000e+02
4.345784854051847335e-01,1.830000000000000000e+02
4.347826086956522174e-01,1.830000000000000000e+02
4.349867319861196457e-01,1.830000000000000000e+02
4.351908552765870741e-01,1.840000000000000000e+02
4.353949785670545025e-01,1.840000000000000000e+02
4.355991018575219864e-01,1.840000000000000000e+02
4.358032251479894148e-01,1.840000000000000000e+02
4.360073484384568432e-01,1.840000000000000000e+02
4.362114717289242716e-01,1.850000000000000000e+02
4.364155950193917555e-01,1.850000000000000000e+02
4.366197183098591839e-01,1.850000000000000000e+02
4.368238416003266122e-01,1.850000000000000000e+02
4.370279648907940406e-01,1.850000000000000000e+02
4.372320881812615245e-01,1.850000000000000000e+02
4.374362114717289529e-01,1.850000000000000000e+02
4.376403347621963813e-01,1.850000000000000000e+02
4.378444580526638097e-01,1.850000000000000000e+02
4.380485813431312936e-01,1.860000000000000000e+02
4.382527046335987220e-01,1.860000000000000000e+02
4.384568279240661504e-01,1.860000000000000000e+02
4.386609512145335787e-01,1.860000000000000000e+02
4.388650745050010626e-01,1.860000000000000000e+02
4.390691977954684910e-01,1.860000000000000000e+02
4.392733210859359194e-01,1.860000000000000000e+02
4.394774443764033478e-01,1.860000000000000000e+02
4.396815676668708317e-01,1.870000000000000000e+02
4.398856909573382601e-01,1.870000000000000000e+02
4.400898142478056885e-01,1.870000000000000000e+02
4.402939375382731169e-01,1.870000000000000000e+02
4.404980608287406008e-01,1.870000000000000000e+02
4.407021841192080291e-01,1.870000000000000000e+02
4.409063074096754575e-01,1.870000000000000000e+02
4.411104307001428859e-01,1.870000000000000000e+02
4.413145539906103698e-01,1.870000000000000000e+02
4.415186772810777982e-01,1.870000000000000000e+02
4.417228005715452266e-01,1.880000000000000000e+02
4.419269238620126550e-01,1.880000000000000000e+02
4.421310471524801389e-01,1.880000000000000000e+02
4.423351704429475673e-01,1.890000000000000000e+02
4.425392937334149956e-01,1.890000000000000000e+02
4.427434170238824240e-01,1.890000000000000000e+02
4.429475403143499079e-01,1.890000000000000000e+02
4.431516636048173363e-01,1.890000000000000000e+02
4.433557868952847647e-01,1.890000000000000000e+02
4.435599101857521931e-01,1.890000000000000000e+02
4.437640334762196770e-01,1.890000000000000000e+02
4.439681567666871054e-01,1.890000000000000000e+02
4.441722800571545338e-01,1.900000000000000000e+02
4.443764033476219621e-01,1.900000000000000000e+02
4.445805266380894460e-01,1.900000000000000000e+02
4.447846499285568744e-01,1.900000000000000000e+02
4.449887732190243028e-01,1.900000000000000000e+02
4.451928965094917312e-01,1.900000000000000000e+02
4.453970197999592151e-01,1.900000000000000000e+02
4.456011430904266435e-01,1.900000000000000000e+02
4.458052663808940719e-01,1.900000000000000000e+02
4.460093896713615003e-01,1.900000000000000000e+02
4.462135129618289842e-01,1.900000000000000000e+02
4.464176362522964125e-01,1.900000000000000000e+02
4.466217595427638409e-01,1.900000000000000000e+02
4.468258828332312693e-01,1.900000000000000000e+02
4.470300061236987532e-01,1.900000000000000000e+02
4.472341294141661816e-01,1.900000000000000000e+02
4.474382527046336100e-01,1.900000000000000000e+02
4.476423759951010384e-01,1.900000000000000000e+02
4.478464992855685223e-01,1.910000000000000000e+02
4.480506225760359507e-01,1.910000000000000000e+02
4.482547458665033790e-01,1.910000000000000000e+02
4.484588691569708074e-01,1.910000000000000000e+02
4.486629924474382913e-01,1.910000000000000000e+02
4.488671157379057197e-01,1.910000000000000000e+02
4.490712390283731481e-01,1.920000000000000000e+02
4.492753623188405765e-01,1.920000000000000000e+02
4.494794856093080604e-01,1.920000000000000000e+02
4.496836088997754888e-01,1.920000000000000000e+02
4.498877321902429172e-01,1.920000000000000000e+02
4.500918554807103455e-01,1.920000000000000000e+02
4.502959787711778294e-01,1.920000000000000000e+02
4.505001020616452578e-01,1.930000000000000000e+02
4.507042253521126862e-01,1.930000000000000000e+02
4.509083486425801146e-01,1.930000000000000000e+02
4.511124719330475985e-01,1.930000000000000000e+02
4.513165952235150269e-01,1.940000000000000000e+02
4.515207185139824553e-01,1.940000000000000000e+02
4.517248418044498837e-01,1.940000000000000000e+02
4.519289650949173676e-01,1.940000000000000000e+02
4.521330883853847959e-01,1.940000000000000000e+02
4.523372116758522243e-01,1.940000000000000000e+02
4.525413349663196527e-01,1.940000000000000000e+02
4.527454582567871366e-01,1.940000000000000000e+02
4.529495815472545650e-01,1.940000000000000000e+02
4.531537048377219934e-01,1.950000000000000000e+02
4.533578281281894773e-01,1.950000000000000000e+02
4.535619514186569057e-01,1.950000000000000000e+02
4.537660747091243341e-01,1.950000000000000000e+02
4.539701979995917624e-01,1.950000000000000000e+02
4.541743212900592463e-01,1.950000000000000000e+02
4.543784445805266747e-01,1.960000000000000000e+02
4.545825678709941031e-01,1.960000000000000000e+02
4.547866911614615315e-01,1.960000000000000000e+02
4.549908144519290154e-01,1.960000000000000000e+02
4.551949377423964438e-01,1.960000000000000000e+02
4.553990610328638722e-01,1.960000000000000000e+02
4.556031843233313006e-01,1.960000000000000000e+02
4.558073076137987845e-01,1.960000000000000000e+02
4.560114309042662128e-01,1.970000000000000000e+02
4.562155541947336412e-01,1.970000000000000000e+02
4.564196774852010696e-01,1.970000000000000000e+02
4.566238007756685535e-01,1.970000000000000000e+02
4.568279240661359819e-01,1.970000000000000000e+02
4.570320473566034103e-01,1.970000000000000000e+02
4.572361706470708387e-01,1.970000000000000000e+02
4.574402939375383226e-01,1.980000000000000000e+02
4.576444172280057510e-01,1.980000000000000000e+02
4.578485405184731794e-01,1.980000000000000000e+02
4.580526638089406077e-01,1.980000000000000000e+02
4.582567870994080916e-01,1.980000000000000000e+02
4.584609103898755200e-01,1.980000000000000000e+02
4.586650336803429484e-01,1.980000000000000000e+02
4.588691569708103768e-01,1.980000000000000000e+02
4.590732802612778607e-01,1.980000000000000000e+02
4.592774035517452891e-01,1.980000000000000000e+02
4.594815268422127175e-01,1.980000000000000000e+02
4.596856501326801459e-01,1.980000000000000000e+02
4.598897734231476297e-01,1.980000000000000000e+02
4.600938967136150581e-01,1.990000000000000000e+02
4.602980200040824865e-01,1.990000000000000000e+02
4.605021432945499149e-01,1.990000000000000000e+02
4.607062665850173988e-01,1.990000000000000000e+02
4.609103898754848272e-01,1.990000000000000000e+02
4.611145131659522556e-01,1.990000000000000000e+02
4.613186364564196840e-01,1.990000000000000000e+02
4.615227597468871679e-01,1.990000000000000000e+02
4.617268830373545963e-01,1.990000000000000000e+02
4.619310063278220246e-01,2.000000000000000000e+02
4.621351296182894530e-01,2.000000000000000000e+02
4.623392529087569369e-01,2.000000000000000000e+02
4.625433761992243653e-01,2.000000000000000000e+02
4.627474994896917937e-01,2.000000000000000000e+02
4.629516227801592221e-01,2.000000000000000000e+02
4.631557460706267060e-01,2.000000000000000000e+02
4.633598693610941344e-01,2.000000000000000000e+02
4.635639926515615628e-01,2.000000000000000000e+02
4.637681159420289911e-01,2.010000000000000000e+02
4.639722392324964750e-01,2.010000000000000000e+02
4.641763625229639034e-01,2.010000000000000000e+02
4.643804858134313318e-01,2.010000000000000000e+02
4.645846091038987602e-01,2.010000000000000000e+02
4.647887323943662441e-01,2.010000000000000000e+02
4.649928556848336725e-01,2.010000000000000000e+02
4.651969789753011009e-01,2.010000000000000000e+02
4.654011022657685293e-01,2.020000000000000000e+02
4.656052255562360132e-01,2.020000000000000000e+02
4.658093488467034415e-01,2.020000000000000000e+02
4.660134721371708699e-01,2.020000000000000000e+02
4.662175954276382983e-01,2.020000000000000000e+02
4.664217187181057822e-01,2.020000000000000000e+02
4.666258420085732106e-01,2.020000000000000000e+02
4.668299652990406390e-01,2.020000000000000000e+02
4.670340885895080674e-01,2.020000000000000000e+02
4.672382118799755513e-01,2.030000000000000000e+02
4.674423351704429797e-01,2.030000000000000000e+02
4.676464584609104080e-01,2.030000000000000000e+02
4.678505817513778364e-01,2.030000000000000000e+02
4.680547050418453203e-01,2.030000000000000000e+02
4.682588283323127487e-01,2.030000000000000000e+02
4.684629516227801771e-01,2.030000000000000000e+02
4.686670749132476055e-01,2.030000000000000000e+02
4.688711982037150894e-01,2.030000000000000000e+02
4.690753214941825178e-01,2.030000000000000000e+02
4.692794447846499462e-01,2.040000000000000000e+02
4.694835680751173745e-01,2.040000000000000000e+02
4.696876913655848584e-01,2.040000000000000000e+02
4.698918146560522868e-01,2.040000000000000000e+02
4.700959379465197152e-01,2.040000000000000000e+02
4.703000612369871436e-01,2.050000000000000000e+02
4.705041845274546275e-01,2.050000000000000000e+02
4.707083078179220559e-01,2.050000000000000000e+02
4.709124311083894843e-01,2.050000000000000000e+02
4.711165543988569127e-01,2.050000000000000000e+02
4.713206776893243966e-01,2.050000000000000000e+02
4.715248009797918249e-01,2.050000000000000000e+02
4.717289242702592533e-01,2.050000000000000000e+02
4.719330475607266817e-01,2.060000000000000000e+02
4.721371708511941656e-01,2.060000000000000000e+02
4.723412941416615940e-01,2.060000000000000000e+02
4.725454174321290224e-01,2.060000000000000000e+02
4.727495407225964508e-01,2.060000000000000000e+02
4.729536640130639347e-01,2.060000000000000000e+02
4.731577873035313631e-01,2.060000000000000000e+02
4.733619105939987914e-01,2.060000000000000000e+02
4.735660338844662198e-01,2.070000000000000000e+02
4.737701571749337037e-01,2.070000000000000000e+02
4.739742804654011321e-01,2.070000000000000000e+02
4.741784037558685605e-01,2.070000000000000000e+02
4.743825270463359889e-01,2.070000000000000000e+02
4.745866503368034728e-01,2.070000000000000000e+02
4.747907736272709012e-01,2.080000000000000000e+02
4.749948969177383296e-01,2.080000000000000000e+02
4.751990202082057579e-01,2.080000000000000000e+02
4.754031434986732418e-01,2.080000000000000000e+02
4.756072667891406702e-01,2.080000000000000000e+02
4.758113900796080986e-01,2.080000000000000000e+02
4.760155133700755270e-01,2.080000000000000000e+02
4.762196366605430109e-01,2.080000000000000000e+02
4.764237599510104393e-01,2.080000000000000000e+02
4.766278832414778677e-01,2.080000000000000000e+02
4.768320065319452961e-01,2.090000000000000000e+02
4.770361298224127800e-01,2.090000000000000000e+02
4.772402531128802083e-01,2.090000000000000000e+02
4.774443764033476367e-01,2.090000000000000000e+02
4.776484996938150651e-01,2.100000000000000000e+02
4.778526229842825490e-01,2.100000000000000000e+02
4.780567462747499774e-01,2.100000000000000000e+02
4.782608695652174058e-01,2.100000000000000000e+02
4.784649928556848342e-01,2.100000000000000000e+02
4.786691161461523181e-01,2.100000000000000000e+02
4.788732394366197465e-01,2.100000000000000000e+02
4.790773627270871748e-01,2.110000000000000000e+02
4.792814860175546032e-01,2.110000000000000000e+02
4.794856093080220871e-01,2.110000000000000000e+02
4.796897325984895155e-01,2.110000000000000000e+02
4.798938558889569439e-01,2.110000000000000000e+02
4.800979791794243723e-01,2.110000000000000000e+02
4.803021024698918562e-01,2.110000000000000000e+02
4.805062257603592846e-01,2.110000000000000000e+02
4.807103490508267130e-01,2.110000000000000000e+02
4.809144723412941413e-01,2.110000000000000000e+02
4.811185956317616252e-01,2.110000000000000000e+02
4.813227189222290536e-01,2.120000000000000000e+02
4.815268422126964820e-01,2.120000000000000000e+02
4.817309655031639104e-01,2.120000000000000000e+02
4.819350887936313943e-01,2.120000000000000000e+02
4.821392120840988227e-01,2.120000000000000000e+02
4.823433353745662511e-01,2.130000000000000000e+02
4.825474586650336795e-01,2.130000000000000000e+02
4.827515819555011634e-01,2.130000000000000000e+02
4.829557052459685917e-01,2.130000000000000000e+02
4.831598285364360201e-01,2.130000000000000000e+02
4.833639518269034485e-01,2.130000000000000000e+02
4.835680751173709324e-01,2.130000000000000000e+02
4.837721984078383608e-01,2.130000000000000000e+02
4.839763216983057892e-01,2.130000000000000000e+02
4.841804449887732176e-01,2.140000000000000000e+02
4.843845682792407015e-01,2.140000000000000000e+02
4.845886915697081299e-01,2.140000000000000000e+02
4.847928148601755582e-01,2.140000000000000000e+02
4.849969381506429866e-01,2.140000000000000000e+02
4.852010614411104705e-01,2.140000000000000000e+02
4.854051847315778989e-01,2.140000000000000000e+02
4.856093080220453273e-01,2.140000000000000000e+02
4.858134313125127557e-01,2.150000000000000000e+02
4.860175546029802396e-01,2.150000000000000000e+02
4.862216778934476680e-01,2.150000000000000000e+02
4.864258011839150964e-01,2.150000000000000000e+02
4.866299244743825247e-01,2.150000000000000000e+02
4.868340477648500086e-01,2.150000000000000000e+02
4.870381710553174370e-01,2.150000000000000000e+02
4.872422943457848654e-01,2.160000000000000000e+02
4.874464176362522938e-01,2.160000000000000000e+02
4.876505409267197777e-01,2.160000000000000000e+02
4.878546642171872061e-01,2.160000000000000000e+02
4.880587875076546345e-01,2.160000000000000000e+02
4.882629107981221184e-01,2.160000000000000000e+02
4.884670340885895468e-01,2.160000000000000000e+02
4.886711573790569751e-01,2.170000000000000000e+02
4.888752806695244035e-01,2.170000000000000000e+02
4.890794039599918874e-01,2.170000000000000000e+02
4.892835272504593158e-01,2.170000000000000000e+02
4.894876505409267442e-01,2.170000000000000000e+02
4.896917738313941726e-01,2.170000000000000000e+02
4.898958971218616565e-01,2.170000000000000000e+02
4.901000204123290849e-01,2.170000000000000000e+02
4.903041437027965133e-01,2.180000000000000000e+02
4.905082669932639416e-01,2.180000000000000000e+02
4.907123902837314255e-01,2.180000000000000000e+02
4.909165135741988539e-01,2.180000000000000000e+02
4.911206368646662823e-01,2.180000000000000000e+02
4.913247601551337107e-01,2.180000000000000000e+02
4.915288834456011946e-01,2.190000000000000000e+02
4.917330067360686230e-01,2.190000000000000000e+02
4.919371300265360514e-01,2.190000000000000000e+02
4.921412533170034798e-01,2.190000000000000000e+02
4.923453766074709637e-01,2.190000000000000000e+02
4.925494998979383920e-01,2.200000000000000000e+02
4.927536231884058204e-01,2.200000000000000000e+02
4.929577464788732488e-01,2.200000000000000000e+02
4.931618697693407327e-01,2.200000000000000000e+02
4.933659930598081611e-01,2.200000000000000000e+02
4.935701163502755895e-01,2.210000000000000000e+02
4.937742396407430179e-01,2.210000000000000000e+02
4.939783629312105018e-01,2.210000000000000000e+02
4.941824862216779302e-01,2.210000000000000000e+02
4.943866095121453585e-01,2.210000000000000000e+02
4.945907328026127869e-01,2.220000000000000000e+02
4.947948560930802708e-01,2.220000000000000000e+02
4.949989793835476992e-01,2.220000000000000000e+02
4.952031026740151276e-01,2.230000000000000000e+02
4.954072259644825560e-01,2.230000000000000000e+02
4.956113492549500399e-01,2.230000000000000000e+02
4.958154725454174683e-01,2.230000000000000000e+02
4.960195958358848967e-01,2.230000000000000000e+02
4.962237191263523250e-01,2.230000000000000000e+02
4.964278424168198089e-01,2.240000000000000000e+02
4.966319657072872373e-01,2.240000000000000000e+02
4.968360889977546657e-01,2.240000000000000000e+02
4.970402122882220941e-01,2.240000000000000000e+02
4.972443355786895780e-01,2.240000000000000000e+02
4.974484588691570064e-01,2.240000000000000000e+02
4.976525821596244348e-01,2.250000000000000000e+02
4.978567054500918632e-01,2.250000000000000000e+02
4.980608287405593471e-01,2.250000000000000000e+02
4.982649520310267754e-01,2.250000000000000000e+02
4.984690753214942038e-01,2.250000000000000000e+02
4.986731986119616322e-01,2.250000000000000000e+02
4.988773219024291161e-01,2.250000000000000000e+02
4.990814451928965445e-01,2.250000000000000000e+02
4.992855684833639729e-01,2.250000000000000000e+02
4.994896917738314013e-01,2.250000000000000000e+02
4.996938150642988852e-01,2.250000000000000000e+02
4.998979383547663136e-01,2.260000000000000000e+02
5.001020616452337419e-01,2.260000000000000000e+02
5.003061849357012258e-01,2.260000000000000000e+02
5.005103082261685987e-01,2.260000000000000000e+02
5.007144315166360826e-01,2.260000000000000000e+02
5.009185548071035665e-01,2.270000000000000000e+02
5.011226780975709394e-01,2.270000000000000000e+02
5.013268013880384233e-01,2.270000000000000000e+02
5.015309246785057962e-01,2.270000000000000000e+02
5.017350479689732801e-01,2.270000000000000000e+02
5.019391712594407640e-01,2.270000000000000000e+02
5.021432945499081368e-01,2.280000000000000000e+02
5.023474178403756207e-01,2.280000000000000000e+02
5.025515411308431046e-01,2.280000000000000000e+02
5.027556644213104775e-01,2.280000000000000000e+02
5.029597877117779614e-01,2.280000000000000000e+02
5.031639110022453343e-01,2.280000000000000000e+02
5.033680342927128182e-01,2.280000000000000000e+02
5.035721575831803021e-01,2.280000000000000000e+02
5.037762808736476750e-01,2.280000000000000000e+02
5.039804041641151588e-01,2.280000000000000000e+02
5.041845274545826427e-01,2.280000000000000000e+02
5.043886507450500156e-01,2.290000000000000000e+02
5.045927740355174995e-01,2.290000000000000000e+02
5.047968973259848724e-01,2.290000000000000000e+02
5.050010206164523563e-01,2.290000000000000000e+02
5.052051439069198402e-01,2.290000000000000000e+02
5.054092671973872131e-01,2.290000000000000000e+02
5.056133904878546970e-01,2.290000000000000000e+02
5.058175137783221809e-01,2.290000000000000000e+02
5.060216370687895537e-01,2.290000000000000000e+02
5.062257603592570376e-01,2.290000000000000000e+02
5.064298836497244105e-01,2.290000000000000000e+02
5.066340069401918944e-01,2.290000000000000000e+02
5.068381302306593783e-01,2.300000000000000000e+02
5.070422535211267512e-01,2.300000000000000000e+02
5.072463768115942351e-01,2.300000000000000000e+02
5.074505001020617190e-01,2.300000000000000000e+02
5.076546233925290919e-01,2.310000000000000000e+02
5.078587466829965757e-01,2.310000000000000000e+02
5.080628699734639486e-01,2.310000000000000000e+02
5.082669932639314325e-01,2.310000000000000000e+02
5.084711165543989164e-01,2.310000000000000000e+02
5.086752398448662893e-01,2.320000000000000000e+02
5.088793631353337732e-01,2.320000000000000000e+02
5.090834864258012571e-01,2.320000000000000000e+02
5.092876097162686300e-01,2.320000000000000000e+02
5.094917330067361139e-01,2.320000000000000000e+02
5.096958562972034867e-01,2.320000000000000000e+02
5.098999795876709706e-01,2.320000000000000000e+02
5.101041028781384545e-01,2.320000000000000000e+02
5.103082261686058274e-01,2.330000000000000000e+02
5.105123494590733113e-01,2.330000000000000000e+02
5.107164727495407952e-01,2.330000000000000000e+02
5.109205960400081681e-01,2.330000000000000000e+02
5.111247193304756520e-01,2.330000000000000000e+02
5.113288426209430249e-01,2.330000000000000000e+02
5.115329659114105088e-01,2.340000000000000000e+02
5.117370892018779927e-01,2.340000000000000000e+02
5.119412124923453655e-01,2.340000000000000000e+02
5.121453357828128494e-01,2.340000000000000000e+02
5.123494590732803333e-01,2.340000000000000000e+02
5.125535823637477062e-01,2.340000000000000000e+02
5.127577056542151901e-01,2.340000000000000000e+02
5.129618289446825630e-01,2.340000000000000000e+02
5.131659522351500469e-01,2.350000000000000000e+02
5.133700755256175308e-01,2.350000000000000000e+02
5.135741988160849036e-01,2.350000000000000000e+02
5.137783221065523875e-01,2.350000000000000000e+02
5.139824453970198714e-01,2.350000000000000000e+02
5.141865686874872443e-01,2.350000000000000000e+02
5.143906919779547282e-01,2.360000000000000000e+02
5.145948152684221011e-01,2.360000000000000000e+02
5.147989385588895850e-01,2.360000000000000000e+02
5.150030618493570689e-01,2.360000000000000000e+02
5.152071851398244418e-01,2.360000000000000000e+02
5.154113084302919257e-01,2.370000000000000000e+02
5.156154317207594096e-01,2.370000000000000000e+02
5.158195550112267824e-01,2.380000000000000000e+02
5.160236783016942663e-01,2.380000000000000000e+02
5.162278015921616392e-01,2.390000000000000000e+02
5.164319248826291231e-01,2.390000000000000000e+02
5.166360481730966070e-01,2.390000000000000000e+02
5.168401714635639799e-01,2.390000000000000000e+02
5.170442947540314638e-01,2.390000000000000000e+02
5.172484180444989477e-01,2.390000000000000000e+02
5.174525413349663205e-01,2.390000000000000000e+02
5.176566646254338044e-01,2.390000000000000000e+02
5.178607879159011773e-01,2.390000000000000000e+02
5.180649112063686612e-01,2.400000000000000000e+02
5.182690344968361451e-01,2.400000000000000000e+02
5.184731577873035180e-01,2.400000000000000000e+02
5.186772810777710019e-01,2.400000000000000000e+02
5.188814043682384858e-01,2.400000000000000000e+02
5.190855276587058587e-01,2.400000000000000000e+02
5.192896509491733426e-01,2.400000000000000000e+02
5.194937742396407154e-01,2.400000000000000000e+02
5.196978975301081993e-01,2.400000000000000000e+02
5.199020208205756832e-01,2.410000000000000000e+02
5.201061441110430561e-01,2.410000000000000000e+02
5.203102674015105400e-01,2.410000000000000000e+02
5.205143906919780239e-01,2.410000000000000000e+02
5.207185139824453968e-01,2.410000000000000000e+02
5.209226372729128807e-01,2.410000000000000000e+02
5.211267605633802535e-01,2.420000000000000000e+02
5.213308838538477374e-01,2.420000000000000000e+02
5.215350071443152213e-01,2.420000000000000000e+02
5.217391304347825942e-01,2.420000000000000000e+02
5.219432537252500781e-01,2.420000000000000000e+02
5.221473770157175620e-01,2.430000000000000000e+02
5.223515003061849349e-01,2.430000000000000000e+02
5.225556235966524188e-01,2.430000000000000000e+02
5.227597468871199027e-01,2.430000000000000000e+02
5.229638701775872756e-01,2.430000000000000000e+02
5.231679934680547595e-01,2.430000000000000000e+02
5.233721167585221323e-01,2.430000000000000000e+02
5.235762400489896162e-01,2.430000000000000000e+02
5.237803633394571001e-01,2.430000000000000000e+02
5.239844866299244730e-01,2.430000000000000000e+02
5.241886099203919569e-01,2.440000000000000000e+02
5.243927332108594408e-01,2.440000000000000000e+02
5.245968565013268137e-01,2.440000000000000000e+02
5.248009797917942976e-01,2.440000000000000000e+02
5.250051030822616704e-01,2.450000000000000000e+02
5.252092263727291543e-01,2.450000000000000000e+02
5.254133496631966382e-01,2.450000000000000000e+02
5.256174729536640111e-01,2.450000000000000000e+02
5.258215962441314950e-01,2.450000000000000000e+02
5.260257195345989789e-01,2.450000000000000000e+02
5.262298428250663518e-01,2.460000000000000000e+02
5.264339661155338357e-01,2.460000000000000000e+02
5.266380894060012086e-01,2.460000000000000000e+02
5.268422126964686925e-01,2.460000000000000000e+02
5.270463359869361764e-01,2.470000000000000000e+02
5.272504592774035492e-01,2.470000000000000000e+02
5.274545825678710331e-01,2.470000000000000000e+02
5.276587058583385170e-01,2.470000000000000000e+02
5.278628291488058899e-01,2.470000000000000000e+02
5.280669524392733738e-01,2.470000000000000000e+02
5.282710757297407467e-01,2.470000000000000000e+02
5.284751990202082306e-01,2.470000000000000000e+02
5.286793223106757145e-01,2.470000000000000000e+02
5.288834456011430873e-01,2.480000000000000000e+02
5.290875688916105712e-01,2.480000000000000000e+02
5.292916921820780551e-01,2.480000000000000000e+02
5.294958154725454280e-01,2.490000000000000000e+02
5.296999387630129119e-01,2.490000000000000000e+02
5.299040620534802848e-01,2.490000000000000000e+02
5.301081853439477687e-01,2.490000000000000000e+02
5.303123086344152526e-01,2.490000000000000000e+02
5.305164319248826255e-01,2.490000000000000000e+02
5.307205552153501094e-01,2.490000000000000000e+02
5.309246785058175933e-01,2.490000000000000000e+02
5.311288017962849661e-01,2.490000000000000000e+02
5.313329250867524500e-01,2.500000000000000000e+02
5.315370483772198229e-01,2.500000000000000000e+02
5.317411716676873068e-01,2.500000000000000000e+02
5.319452949581547907e-01,2.500000000000000000e+02
5.321494182486221636e-01,2.500000000000000000e+02
5.323535415390896475e-01,2.500000000000000000e+02
5.325576648295571314e-01,2.500000000000000000e+02
5.327617881200245042e-01,2.500000000000000000e+02
5.329659114104919881e-01,2.510000000000000000e+02
5.331700347009593610e-01,2.510000000000000000e+02
5.333741579914268449e-01,2.510000000000000000e+02
5.335782812818943288e-01,2.520000000000000000e+02
5.337824045723617017e-01,2.520000000000000000e+02
5.339865278628291856e-01,2.520000000000000000e+02
5.341906511532966695e-01,2.520000000000000000e+02
5.343947744437640424e-01,2.520000000000000000e+02
5.345988977342315263e-01,2.520000000000000000e+02
5.348030210246988991e-01,2.520000000000000000e+02
5.350071443151663830e-01,2.520000000000000000e+02
5.352112676056338669e-01,2.520000000000000000e+02
5.354153908961012398e-01,2.520000000000000000e+02
5.356195141865687237e-01,2.520000000000000000e+02
5.358236374770362076e-01,2.530000000000000000e+02
5.360277607675035805e-01,2.530000000000000000e+02
5.362318840579710644e-01,2.530000000000000000e+02
5.364360073484384372e-01,2.530000000000000000e+02
5.366401306389059211e-01,2.540000000000000000e+02
5.368442539293734050e-01,2.540000000000000000e+02
5.370483772198407779e-01,2.540000000000000000e+02
5.372525005103082618e-01,2.540000000000000000e+02
5.374566238007757457e-01,2.540000000000000000e+02
5.376607470912431186e-01,2.540000000000000000e+02
5.378648703817106025e-01,2.540000000000000000e+02
5.380689936721779754e-01,2.540000000000000000e+02
5.382731169626454593e-01,2.550000000000000000e+02
5.384772402531129432e-01,2.550000000000000000e+02
5.386813635435803160e-01,2.550000000000000000e+02
5.388854868340477999e-01,2.550000000000000000e+02
5.390896101245152838e-01,2.550000000000000000e+02
5.392937334149826567e-01,2.550000000000000000e+02
5.394978567054501406e-01,2.560000000000000000e+02
5.397019799959175135e-01,2.560000000000000000e+02
5.399061032863849974e-01,2.560000000000000000e+02
5.401102265768524813e-01,2.560000000000000000e+02
5.403143498673198541e-01,2.560000000000000000e+02
5.405184731577873380e-01,2.570000000000000000e+02
5.407225964482548219e-01,2.570000000000000000e+02
5.409267197387221948e-01,2.570000000000000000e+02
5.411308430291896787e-01,2.580000000000000000e+02
5.413349663196570516e-01,2.580000000000000000e+02
5.415390896101245355e-01,2.580000000000000000e+02
5.417432129005920194e-01,2.580000000000000000e+02
5.419473361910593923e-01,2.590000000000000000e+02
5.421514594815268762e-01,2.590000000000000000e+02
5.423555827719943601e-01,2.590000000000000000e+02
5.425597060624617329e-01,2.590000000000000000e+02
5.427638293529292168e-01,2.590000000000000000e+02
5.429679526433965897e-01,2.590000000000000000e+02
5.431720759338640736e-01,2.600000000000000000e+02
5.433761992243315575e-01,2.600000000000000000e+02
5.435803225147989304e-01,2.600000000000000000e+02
5.437844458052664143e-01,2.600000000000000000e+02
5.439885690957338982e-01,2.600000000000000000e+02
5.441926923862012710e-01,2.600000000000000000e+02
5.443968156766687549e-01,2.600000000000000000e+02
5.446009389671361278e-01,2.610000000000000000e+02
5.448050622576036117e-01,2.610000000000000000e+02
5.450091855480710956e-01,2.610000000000000000e+02
5.452133088385384685e-01,2.610000000000000000e+02
5.454174321290059524e-01,2.620000000000000000e+02
5.456215554194734363e-01,2.620000000000000000e+02
5.458256787099408092e-01,2.620000000000000000e+02
5.460298020004082931e-01,2.620000000000000000e+02
5.462339252908756659e-01,2.620000000000000000e+02
5.464380485813431498e-01,2.620000000000000000e+02
5.466421718718106337e-01,2.620000000000000000e+02
5.468462951622780066e-01,2.620000000000000000e+02
5.470504184527454905e-01,2.630000000000000000e+02
5.472545417432129744e-01,2.630000000000000000e+02
5.474586650336803473e-01,2.630000000000000000e+02
5.476627883241478312e-01,2.630000000000000000e+02
5.478669116146152041e-01,2.630000000000000000e+02
5.480710349050826879e-01,2.640000000000000000e+02
5.482751581955501718e-01,2.640000000000000000e+02
5.484792814860175447e-01,2.640000000000000000e+02
5.486834047764850286e-01,2.640000000000000000e+02
5.488875280669525125e-01,2.640000000000000000e+02
5.490916513574198854e-01,2.640000000000000000e+02
5.492957746478873693e-01,2.640000000000000000e+02
5.494998979383547422e-01,2.640000000000000000e+02
5.497040212288222261e-01,2.650000000000000000e+02
5.499081445192897100e-01,2.650000000000000000e+02
5.501122678097570828e-01,2.650000000000000000e+02
5.503163911002245667e-01,2.650000000000000000e+02
5.505205143906920506e-01,2.650000000000000000e+02
5.507246376811594235e-01,2.650000000000000000e+02
5.509287609716269074e-01,2.660000000000000000e+02
5.511328842620942803e-01,2.660000000000000000e+02
5.513370075525617642e-01,2.660000000000000000e+02
5.515411308430292481e-01,2.670000000000000000e+02
5.517452541334966210e-01,2.670000000000000000e+02
5.519493774239641048e-01,2.670000000000000000e+02
5.521535007144315887e-01,2.670000000000000000e+02
5.523576240048989616e-01,2.670000000000000000e+02
5.525617472953664455e-01,2.670000000000000000e+02
5.527658705858338184e-01,2.670000000000000000e+02
5.529699938763013023e-01,2.680000000000000000e+02
5.531741171667687862e-01,2.680000000000000000e+02
5.533782404572361591e-01,2.680000000000000000e+02
5.535823637477036430e-01,2.680000000000000000e+02
5.537864870381711269e-01,2.680000000000000000e+02
5.539906103286384997e-01,2.680000000000000000e+02
5.541947336191059836e-01,2.680000000000000000e+02
5.543988569095733565e-01,2.680000000000000000e+02
5.546029802000408404e-01,2.680000000000000000e+02
5.548071034905083243e-01,2.690000000000000000e+02
5.550112267809756972e-01,2.690000000000000000e+02
5.552153500714431811e-01,2.690000000000000000e+02
5.554194733619106650e-01,2.690000000000000000e+02
5.556235966523780379e-01,2.690000000000000000e+02
5.558277199428455218e-01,2.690000000000000000e+02
5.560318432333128946e-01,2.690000000000000000e+02
5.562359665237803785e-01,2.700000000000000000e+02
5.564400898142478624e-01,2.700000000000000000e+02
5.566442131047152353e-01,2.700000000000000000e+02
5.568483363951827192e-01,2.700000000000000000e+02
5.570524596856502031e-01,2.700000000000000000e+02
5.572565829761175760e-01,2.710000000000000000e+02
5.574607062665850599e-01,2.710000000000000000e+02
5.576648295570525438e-01,2.710000000000000000e+02
5.578689528475199166e-01,2.720000000000000000e+02
5.580730761379874005e-01,2.720000000000000000e+02
5.582771994284547734e-01,2.720000000000000000e+02
5.584813227189222573e-01,2.720000000000000000e+02
5.586854460093897412e-01,2.720000000000000000e+02
5.588895692998571141e-01,2.720000000000000000e+02
5.590936925903245980e-01,2.720000000000000000e+02
5.592978158807920819e-01,2.720000000000000000e+02
5.595019391712594548e-01,2.720000000000000000e+02
5.597060624617269387e-01,2.730000000000000000e+02
5.599101857521943115e-01,2.730000000000000000e+02
5.601143090426617954e-01,2.730000000000000000e+02
5.603184323331292793e-01,2.730000000000000000e+02
5.605225556235966522e-01,2.730000000000000000e+02
5.607266789140641361e-01,2.740000000000000000e+02
5.609308022045316200e-01,2.740000000000000000e+02
5.611349254949989929e-01,2.740000000000000000e+02
5.613390487854664768e-01,2.740000000000000000e+02
5.615431720759338496e-01,2.740000000000000000e+02
5.617472953664013335e-01,2.740000000000000000e+02
5.619514186568688174e-01,2.740000000000000000e+02
5.621555419473361903e-01,2.740000000000000000e+02
5.623596652378036742e-01,2.750000000000000000e+02
5.625637885282711581e-01,2.750000000000000000e+02
5.627679118187385310e-01,2.750000000000000000e+02
5.629720351092060149e-01,2.750000000000000000e+02
5.631761583996733878e-01,2.750000000000000000e+02
5.633802816901408717e-01,2.750000000000000000e+02
5.635844049806083556e-01,2.760000000000000000e+02
5.637885282710757284e-01,2.760000000000000000e+02
5.639926515615432123e-01,2.760000000000000000e+02
5.641967748520106962e-01,2.760000000000000000e+02
5.644008981424780691e-01,2.760000000000000000e+02
5.646050214329455530e-01,2.760000000000000000e+02
5.648091447234129259e-01,2.760000000000000000e+02
5.650132680138804098e-01,2.770000000000000000e+02
5.652173913043478937e-01,2.770000000000000000e+02
5.654215145948152665e-01,2.770000000000000000e+02
5.656256378852827504e-01,2.770000000000000000e+02
5.658297611757502343e-01,2.780000000000000000e+02
5.660338844662176072e-01,2.780000000000000000e+02
5.662380077566850911e-01,2.780000000000000000e+02
5.664421310471524640e-01,2.780000000000000000e+02
5.666462543376199479e-01,2.780000000000000000e+02
5.668503776280874318e-01,2.790000000000000000e+02
5.670545009185548047e-01,2.790000000000000000e+02
5.672586242090222886e-01,2.790000000000000000e+02
5.674627474994897725e-01,2.790000000000000000e+02
5.676668707899571453e-01,2.790000000000000000e+02
5.678709940804246292e-01,2.790000000000000000e+02
5.680751173708920021e-01,2.790000000000000000e+02
5.682792406613594860e-01,2.800000000000000000e+02
5.684833639518269699e-01,2.800000000000000000e+02
5.686874872422943428e-01,2.800000000000000000e+02
5.688916105327618267e-01,2.800000000000000000e+02
5.690957338232293106e-01,2.800000000000000000e+02
5.692998571136966834e-01,2.810000000000000000e+02
5.695039804041641673e-01,2.810000000000000000e+02
5.697081036946315402e-01,2.810000000000000000e+02
5.699122269850990241e-01,2.810000000000000000e+02
5.701163502755665080e-01,2.810000000000000000e+02
5.703204735660338809e-01,2.810000000000000000e+02
5.705245968565013648e-01,2.820000000000000000e+02
5.707287201469688487e-01,2.820000000000000000e+02
5.709328434374362216e-01,2.820000000000000000e+02
5.711369667279037055e-01,2.820000000000000000e+02
5.713410900183710783e-01,2.820000000000000000e+02
5.715452133088385622e-01,2.830000000000000000e+02
5.717493365993060461e-01,2.830000000000000000e+02
5.719534598897734190e-01,2.830000000000000000e+02
5.721575831802409029e-01,2.830000000000000000e+02
5.723617064707083868e-01,2.840000000000000000e+02
5.725658297611757597e-01,2.840000000000000000e+02
5.727699530516432436e-01,2.840000000000000000e+02
5.729740763421106164e-01,2.840000000000000000e+02
5.731781996325781003e-01,2.840000000000000000e+02
5.733823229230455842e-01,2.840000000000000000e+02
5.735864462135129571e-01,2.840000000000000000e+02
5.737905695039804410e-01,2.850000000000000000e+02
5.739946927944479249e-01,2.850000000000000000e+02
5.741988160849152978e-01,2.850000000000000000e+02
5.744029393753827817e-01,2.850000000000000000e+02
5.746070626658501546e-01,2.860000000000000000e+02
5.748111859563176385e-01,2.860000000000000000e+02
5.750153092467851224e-01,2.870000000000000000e+02
5.752194325372524952e-01,2.870000000000000000e+02
5.754235558277199791e-01,2.870000000000000000e+02
5.756276791181874630e-01,2.870000000000000000e+02
5.758318024086548359e-01,2.870000000000000000e+02
5.760359256991223198e-01,2.880000000000000000e+02
5.762400489895896927e-01,2.880000000000000000e+02
5.764441722800571766e-01,2.880000000000000000e+02
5.766482955705246605e-01,2.890000000000000000e+02
5.768524188609920333e-01,2.890000000000000000e+02
5.770565421514595172e-01,2.890000000000000000e+02
5.772606654419270011e-01,2.890000000000000000e+02
5.774647887323943740e-01,2.900000000000000000e+02
5.776689120228618579e-01,2.900000000000000000e+02
5.778730353133292308e-01,2.900000000000000000e+02
5.780771586037967147e-01,2.900000000000000000e+02
5.782812818942641986e-01,2.900000000000000000e+02
5.784854051847315715e-01,2.910000000000000000e+02
5.786895284751990554e-01,2.910000000000000000e+02
5.788936517656665393e-01,2.910000000000000000e+02
5.790977750561339121e-01,2.910000000000000000e+02
5.793018983466013960e-01,2.910000000000000000e+02
5.795060216370687689e-01,2.910000000000000000e+02
5.797101449275362528e-01,2.910000000000000000e+02
5.799142682180037367e-01,2.920000000000000000e+02
5.801183915084711096e-01,2.920000000000000000e+02
5.803225147989385935e-01,2.920000000000000000e+02
5.805266380894060774e-01,2.920000000000000000e+02
5.807307613798734502e-01,2.920000000000000000e+02
5.809348846703409341e-01,2.920000000000000000e+02
5.811390079608083070e-01,2.920000000000000000e+02
5.813431312512757909e-01,2.920000000000000000e+02
5.815472545417432748e-01,2.920000000000000000e+02
5.817513778322106477e-01,2.930000000000000000e+02
5.819555011226781316e-01,2.930000000000000000e+02
5.821596244131456155e-01,2.930000000000000000e+02
5.823637477036129884e-01,2.930000000000000000e+02
5.825678709940804723e-01,2.930000000000000000e+02
5.827719942845478451e-01,2.940000000000000000e+02
5.829761175750153290e-01,2.940000000000000000e+02
5.831802408654828129e-01,2.940000000000000000e+02
5.833843641559501858e-01,2.940000000000000000e+02
5.835884874464176697e-01,2.940000000000000000e+02
5.837926107368851536e-01,2.950000000000000000e+02
5.839967340273525265e-01,2.950000000000000000e+02
5.842008573178200104e-01,2.950000000000000000e+02
5.844049806082873832e-01,2.950000000000000000e+02
5.846091038987548671e-01,2.950000000000000000e+02
5.848132271892223510e-01,2.950000000000000000e+02
5.850173504796897239e-01,2.950000000000000000e+02
5.852214737701572078e-01,2.950000000000000000e+02
5.854255970606246917e-01,2.960000000000000000e+02
5.856297203510920646e-01,2.960000000000000000e+02
5.858338436415595485e-01,2.960000000000000000e+02
5.860379669320269214e-01,2.960000000000000000e+02
5.862420902224944053e-01,2.960000000000000000e+02
5.864462135129618892e-01,2.960000000000000000e+02
5.866503368034292620e-01,2.960000000000000000e+02
5.868544600938967459e-01,2.960000000000000000e+02
5.870585833843642298e-01,2.970000000000000000e+02
5.872627066748316027e-01,2.970000000000000000e+02
5.874668299652990866e-01,2.970000000000000000e+02
5.876709532557664595e-01,2.970000000000000000e+02
5.878750765462339434e-01,2.970000000000000000e+02
5.880791998367014273e-01,2.970000000000000000e+02
5.882833231271688001e-01,2.970000000000000000e+02
5.884874464176362840e-01,2.980000000000000000e+02
5.886915697081037679e-01,2.980000000000000000e+02
5.888956929985711408e-01,2.980000000000000000e+02
5.890998162890386247e-01,2.980000000000000000e+02
5.893039395795059976e-01,2.980000000000000000e+02
5.895080628699734815e-01,2.980000000000000000e+02
5.897121861604409654e-01,2.990000000000000000e+02
5.899163094509083383e-01,2.990000000000000000e+02
5.901204327413758222e-01,2.990000000000000000e+02
5.903245560318433061e-01,3.000000000000000000e+02
5.905286793223106789e-01,3.000000000000000000e+02
5.907328026127781628e-01,3.000000000000000000e+02
5.909369259032455357e-01,3.000000000000000000e+02
5.911410491937130196e-01,3.000000000000000000e+02
5.913451724841805035e-01,3.000000000000000000e+02
5.915492957746478764e-01,3.000000000000000000e+02
5.917534190651153603e-01,3.000000000000000000e+02
5.919575423555828442e-01,3.000000000000000000e+02
5.921616656460502170e-01,3.010000000000000000e+02
5.923657889365177009e-01,3.010000000000000000e+02
5.925699122269851848e-01,3.010000000000000000e+02
5.927740355174525577e-01,3.010000000000000000e+02
5.929781588079200416e-01,3.020000000000000000e+02
5.931822820983874145e-01,3.020000000000000000e+02
5.933864053888548984e-01,3.020000000000000000e+02
5.935905286793223823e-01,3.020000000000000000e+02
5.937946519697897552e-01,3.020000000000000000e+02
5.939987752602572391e-01,3.020000000000000000e+02
5.942028985507247230e-01,3.030000000000000000e+02
5.944070218411920958e-01,3.030000000000000000e+02
5.946111451316595797e-01,3.030000000000000000e+02
5.948152684221269526e-01,3.030000000000000000e+02
5.950193917125944365e-01,3.030000000000000000e+02
5.952235150030619204e-01,3.030000000000000000e+02
5.954276382935292933e-01,3.040000000000000000e+02
5.956317615839967772e-01,3.040000000000000000e+02
5.958358848744642611e-01,3.040000000000000000e+02
5.960400081649316339e-01,3.040000000000000000e+02
5.962441314553991178e-01,3.050000000000000000e+02
5.964482547458664907e-01,3.050000000000000000e+02
5.966523780363339746e-01,3.050000000000000000e+02
5.968565013268014585e-01,3.050000000000000000e+02
5.970606246172688314e-01,3.060000000000000000e+02
5.972647479077363153e-01,3.060000000000000000e+02
5.974688711982037992e-01,3.060000000000000000e+02
5.976729944886711721e-01,3.060000000000000000e+02
5.978771177791386560e-01,3.060000000000000000e+02
5.980812410696060288e-01,3.070000000000000000e+02
5.982853643600735127e-01,3.070000000000000000e+02
5.984894876505409966e-01,3.070000000000000000e+02
5.986936109410083695e-01,3.070000000000000000e+02
5.988977342314758534e-01,3.070000000000000000e+02
5.991018575219433373e-01,3.080000000000000000e+02
5.993059808124107102e-01,3.080000000000000000e+02
5.995101041028781941e-01,3.080000000000000000e+02
5.997142273933455670e-01,3.080000000000000000e+02
5.999183506838130508e-01,3.080000000000000000e+02
6.001224739742805347e-01,3.080000000000000000e+02
6.003265972647479076e-01,3.080000000000000000e+02
6.005307205552153915e-01,3.080000000000000000e+02
6.007348438456828754e-01,3.080000000000000000e+02
6.009389671361502483e-01,3.090000000000000000e+02
6.011430904266177322e-01,3.090000000000000000e+02
6.013472137170851051e-01,3.090000000000000000e+02
6.015513370075525890e-01,3.090000000000000000e+02
6.017554602980200729e-01,3.100000000000000000e+02
6.019595835884874457e-01,3.100000000000000000e+02
6.021637068789549296e-01,3.100000000000000000e+02
6.023678301694224135e-01,3.100000000000000000e+02
6.025719534598897864e-01,3.100000000000000000e+02
6.027760767503572703e-01,3.100000000000000000e+02
6.029802000408246432e-01,3.100000000000000000e+02
6.031843233312921271e-01,3.110000000000000000e+02
6.033884466217596110e-01,3.110000000000000000e+02
6.035925699122269839e-01,3.110000000000000000e+02
6.037966932026944678e-01,3.120000000000000000e+02
6.040008164931619516e-01,3.120000000000000000e+02
6.042049397836293245e-01,3.120000000000000000e+02
6.044090630740968084e-01,3.120000000000000000e+02
6.046131863645641813e-01,3.120000000000000000e+02
6.048173096550316652e-01,3.120000000000000000e+02
6.050214329454991491e-01,3.120000000000000000e+02
6.052255562359665220e-01,3.120000000000000000e+02
6.054296795264340059e-01,3.130000000000000000e+02
6.056338028169014898e-01,3.130000000000000000e+02
6.058379261073688626e-01,3.130000000000000000e+02
6.060420493978363465e-01,3.130000000000000000e+02
6.062461726883037194e-01,3.130000000000000000e+02
6.064502959787712033e-01,3.130000000000000000e+02
6.066544192692386872e-01,3.130000000000000000e+02
6.068585425597060601e-01,3.130000000000000000e+02
6.070626658501735440e-01,3.130000000000000000e+02
6.072667891406410279e-01,3.140000000000000000e+02
6.074709124311084008e-01,3.140000000000000000e+02
6.076750357215758847e-01,3.140000000000000000e+02
6.078791590120432575e-01,3.140000000000000000e+02
6.080832823025107414e-01,3.140000000000000000e+02
6.082874055929782253e-01,3.140000000000000000e+02
6.084915288834455982e-01,3.140000000000000000e+02
6.086956521739130821e-01,3.150000000000000000e+02
6.088997754643805660e-01,3.150000000000000000e+02
6.091038987548479389e-01,3.150000000000000000e+02
6.093080220453154228e-01,3.160000000000000000e+02
6.095121453357827956e-01,3.160000000000000000e+02
6.097162686262502795e-01,3.160000000000000000e+02
6.099203919167177634e-01,3.180000000000000000e+02
6.101245152071851363e-01,3.180000000000000000e+02
6.103286384976526202e-01,3.180000000000000000e+02
6.105327617881201041e-01,3.180000000000000000e+02
6.107368850785874770e-01,3.180000000000000000e+02
6.109410083690549609e-01,3.180000000000000000e+02
6.111451316595223338e-01,3.180000000000000000e+02
6.113492549499898177e-01,3.190000000000000000e+02
6.115533782404573016e-01,3.190000000000000000e+02
6.117575015309246744e-01,3.200000000000000000e+02
6.119616248213921583e-01,3.200000000000000000e+02
6.121657481118596422e-01,3.200000000000000000e+02
6.123698714023270151e-01,3.200000000000000000e+02
6.125739946927944990e-01,3.210000000000000000e+02
6.127781179832618719e-01,3.210000000000000000e+02
6.129822412737293558e-01,3.210000000000000000e+02
6.131863645641968397e-01,3.210000000000000000e+02
6.133904878546642125e-01,3.210000000000000000e+02
6.135946111451316964e-01,3.210000000000000000e+02
6.137987344355991803e-01,3.220000000000000000e+02
6.140028577260665532e-01,3.220000000000000000e+02
6.142069810165340371e-01,3.220000000000000000e+02
6.144111043070014100e-01,3.220000000000000000e+02
6.146152275974688939e-01,3.220000000000000000e+02
6.148193508879363778e-01,3.230000000000000000e+02
6.150234741784037507e-01,3.230000000000000000e+02
6.152275974688712346e-01,3.240000000000000000e+02
6.154317207593387185e-01,3.240000000000000000e+02
6.156358440498060913e-01,3.240000000000000000e+02
6.158399673402735752e-01,3.250000000000000000e+02
6.160440906307409481e-01,3.250000000000000000e+02
6.162482139212084320e-01,3.260000000000000000e+02
6.164523372116759159e-01,3.260000000000000000e+02
6.166564605021432888e-01,3.260000000000000000e+02
6.168605837926107727e-01,3.260000000000000000e+02
6.170647070830782566e-01,3.260000000000000000e+02
6.172688303735456294e-01,3.260000000000000000e+02
6.174729536640131133e-01,3.270000000000000000e+02
6.176770769544804862e-01,3.270000000000000000e+02
6.178812002449479701e-01,3.270000000000000000e+02
6.180853235354154540e-01,3.270000000000000000e+02
6.182894468258828269e-01,3.270000000000000000e+02
6.184935701163503108e-01,3.270000000000000000e+02
6.186976934068177947e-01,3.270000000000000000e+02
6.189018166972851676e-01,3.280000000000000000e+02
6.191059399877526515e-01,3.280000000000000000e+02
6.193100632782200243e-01,3.280000000000000000e+02
6.195141865686875082e-01,3.280000000000000000e+02
6.197183098591549921e-01,3.280000000000000000e+02
6.199224331496223650e-01,3.290000000000000000e+02
6.201265564400898489e-01,3.290000000000000000e+02
6.203306797305573328e-01,3.290000000000000000e+02
6.205348030210247057e-01,3.290000000000000000e+02
6.207389263114921896e-01,3.300000000000000000e+02
6.209430496019595624e-01,3.300000000000000000e+02
6.211471728924270463e-01,3.310000000000000000e+02
6.213512961828945302e-01,3.310000000000000000e+02
6.215554194733619031e-01,3.310000000000000000e+02
6.217595427638293870e-01,3.310000000000000000e+02
6.219636660542968709e-01,3.310000000000000000e+02
6.221677893447642438e-01,3.310000000000000000e+02
6.223719126352317277e-01,3.310000000000000000e+02
6.225760359256991006e-01,3.320000000000000000e+02
6.227801592161665845e-01,3.320000000000000000e+02
6.229842825066340684e-01,3.320000000000000000e+02
6.231884057971014412e-01,3.320000000000000000e+02
6.233925290875689251e-01,3.320000000000000000e+02
6.235966523780364090e-01,3.330000000000000000e+02
6.238007756685037819e-01,3.330000000000000000e+02
6.240048989589712658e-01,3.340000000000000000e+02
6.242090222494386387e-01,3.340000000000000000e+02
6.244131455399061226e-01,3.340000000000000000e+02
6.246172688303736065e-01,3.340000000000000000e+02
6.248213921208409793e-01,3.340000000000000000e+02
6.250255154113084632e-01,3.350000000000000000e+02
6.252296387017759471e-01,3.350000000000000000e+02
6.254337619922433200e-01,3.350000000000000000e+02
6.256378852827108039e-01,3.360000000000000000e+02
6.258420085731781768e-01,3.360000000000000000e+02
6.260461318636456607e-01,3.360000000000000000e+02
6.262502551541131446e-01,3.360000000000000000e+02
6.264543784445805175e-01,3.360000000000000000e+02
6.266585017350480014e-01,3.360000000000000000e+02
6.268626250255154853e-01,3.370000000000000000e+02
6.270667483159828581e-01,3.380000000000000000e+02
6.272708716064503420e-01,3.380000000000000000e+02
6.274749948969178259e-01,3.380000000000000000e+02
6.276791181873851988e-01,3.380000000000000000e+02
6.278832414778526827e-01,3.380000000000000000e+02
6.280873647683200556e-01,3.380000000000000000e+02
6.282914880587875395e-01,3.390000000000000000e+02
6.284956113492550234e-01,3.390000000000000000e+02
6.286997346397223962e-01,3.390000000000000000e+02
6.289038579301898801e-01,3.390000000000000000e+02
6.291079812206573640e-01,3.390000000000000000e+02
6.293121045111247369e-01,3.390000000000000000e+02
6.295162278015922208e-01,3.400000000000000000e+02
6.297203510920595937e-01,3.400000000000000000e+02
6.299244743825270776e-01,3.400000000000000000e+02
6.301285976729945615e-01,3.400000000000000000e+02
6.303327209634619344e-01,3.410000000000000000e+02
6.305368442539294183e-01,3.410000000000000000e+02
6.307409675443969022e-01,3.410000000000000000e+02
6.309450908348642750e-01,3.410000000000000000e+02
6.311492141253317589e-01,3.410000000000000000e+02
6.313533374157991318e-01,3.410000000000000000e+02
6.315574607062666157e-01,3.410000000000000000e+02
6.317615839967340996e-01,3.420000000000000000e+02
6.319657072872014725e-01,3.420000000000000000e+02
6.321698305776689564e-01,3.420000000000000000e+02
6.323739538681364403e-01,3.430000000000000000e+02
6.325780771586038131e-01,3.430000000000000000e+02
6.327822004490712970e-01,3.430000000000000000e+02
6.329863237395386699e-01,3.440000000000000000e+02
6.331904470300061538e-01,3.450000000000000000e+02
6.333945703204736377e-01,3.450000000000000000e+02
6.335986936109410106e-01,3.450000000000000000e+02
6.338028169014084945e-01,3.450000000000000000e+02
6.340069401918759784e-01,3.460000000000000000e+02
6.342110634823433513e-01,3.470000000000000000e+02
6.344151867728108352e-01,3.470000000000000000e+02
6.346193100632782080e-01,3.470000000000000000e+02
6.348234333537456919e-01,3.480000000000000000e+02
6.350275566442131758e-01,3.480000000000000000e+02
6.352316799346805487e-01,3.480000000000000000e+02
6.354358032251480326e-01,3.480000000000000000e+02
6.356399265156155165e-01,3.480000000000000000e+02
6.358440498060828894e-01,3.480000000000000000e+02
6.360481730965503733e-01,3.490000000000000000e+02
6.362522963870177461e-01,3.490000000000000000e+02
6.364564196774852300e-01,3.490000000000000000e+02
6.366605429679527139e-01,3.490000000000000000e+02
6.368646662584200868e-01,3.490000000000000000e+02
6.370687895488875707e-01,3.490000000000000000e+02
6.372729128393550546e-01,3.490000000000000000e+02
6.374770361298224275e-01,3.500000000000000000e+02
6.376811594202899114e-01,3.500000000000000000e+02
6.378852827107572843e-01,3.500000000000000000e+02
6.380894060012247682e-01,3.500000000000000000e+02
6.382935292916922521e-01,3.510000000000000000e+02
6.384976525821596249e-01,3.510000000000000000e+02
6.387017758726271088e-01,3.510000000000000000e+02
6.389058991630945927e-01,3.530000000000000000e+02
6.391100224535619656e-01,3.540000000000000000e+02
6.393141457440294495e-01,3.540000000000000000e+02
6.395182690344968224e-01,3.540000000000000000e+02
6.397223923249643063e-01,3.540000000000000000e+02
6.399265156154317902e-01,3.540000000000000000e+02
6.401306389058991630e-01,3.540000000000000000e+02
6.403347621963666469e-01,3.550000000000000000e+02
6.405388854868341308e-01,3.550000000000000000e+02
6.407430087773015037e-01,3.550000000000000000e+02
6.409471320677689876e-01,3.550000000000000000e+02
6.411512553582363605e-01,3.550000000000000000e+02
6.413553786487038444e-01,3.550000000000000000e+02
6.415595019391713283e-01,3.550000000000000000e+02
6.417636252296387012e-01,3.560000000000000000e+02
6.419677485201061851e-01,3.560000000000000000e+02
6.421718718105736690e-01,3.560000000000000000e+02
6.423759951010410418e-01,3.560000000000000000e+02
6.425801183915085257e-01,3.560000000000000000e+02
6.427842416819758986e-01,3.570000000000000000e+02
6.429883649724433825e-01,3.570000000000000000e+02
6.431924882629108664e-01,3.570000000000000000e+02
6.433966115533782393e-01,3.570000000000000000e+02
6.436007348438457232e-01,3.570000000000000000e+02
6.438048581343132071e-01,3.570000000000000000e+02
6.440089814247805799e-01,3.570000000000000000e+02
6.442131047152480638e-01,3.570000000000000000e+02
6.444172280057154367e-01,3.570000000000000000e+02
6.446213512961829206e-01,3.570000000000000000e+02
6.448254745866504045e-01,3.580000000000000000e+02
6.450295978771177774e-01,3.580000000000000000e+02
6.452337211675852613e-01,3.580000000000000000e+02
6.454378444580527452e-01,3.590000000000000000e+02
6.456419677485201181e-01,3.590000000000000000e+02
6.458460910389876020e-01,3.600000000000000000e+02
6.460502143294549748e-01,3.600000000000000000e+02
6.462543376199224587e-01,3.600000000000000000e+02
6.464584609103899426e-01,3.600000000000000000e+02
6.466625842008573155e-01,3.610000000000000000e+02
6.468667074913247994e-01,3.610000000000000000e+02
6.470708307817922833e-01,3.610000000000000000e+02
6.472749540722596562e-01,3.620000000000000000e+02
6.474790773627271401e-01,3.620000000000000000e+02
6.476832006531945130e-01,3.620000000000000000e+02
6.478873239436619969e-01,3.630000000000000000e+02
6.480914472341294807e-01,3.630000000000000000e+02
6.482955705245968536e-01,3.640000000000000000e+02
6.484996938150643375e-01,3.640000000000000000e+02
6.487038171055318214e-01,3.640000000000000000e+02
6.489079403959991943e-01,3.640000000000000000e+02
6.491120636864666782e-01,3.650000000000000000e+02
6.493161869769340511e-01,3.650000000000000000e+02
6.495203102674015350e-01,3.650000000000000000e+02
6.497244335578690189e-01,3.660000000000000000e+02
6.499285568483363917e-01,3.660000000000000000e+02
6.501326801388038756e-01,3.660000000000000000e+02
6.503368034292713595e-01,3.660000000000000000e+02
6.505409267197387324e-01,3.660000000000000000e+02
6.507450500102062163e-01,3.660000000000000000e+02
6.509491733006735892e-01,3.660000000000000000e+02
6.511532965911410731e-01,3.670000000000000000e+02
6.513574198816085570e-01,3.670000000000000000e+02
6.515615431720759299e-01,3.670000000000000000e+02
6.517656664625434138e-01,3.670000000000000000e+02
6.519697897530108976e-01,3.680000000000000000e+02
6.521739130434782705e-01,3.680000000000000000e+02
6.523780363339457544e-01,3.680000000000000000e+02
6.525821596244131273e-01,3.680000000000000000e+02
6.527862829148806112e-01,3.680000000000000000e+02
6.529904062053480951e-01,3.680000000000000000e+02
6.531945294958154680e-01,3.680000000000000000e+02
6.533986527862829519e-01,3.680000000000000000e+02
6.536027760767504358e-01,3.690000000000000000e+02
6.538068993672178086e-01,3.690000000000000000e+02
6.540110226576852925e-01,3.690000000000000000e+02
6.542151459481526654e-01,3.690000000000000000e+02
6.544192692386201493e-01,3.700000000000000000e+02
6.546233925290876332e-01,3.710000000000000000e+02
6.548275158195550061e-01,3.710000000000000000e+02
6.550316391100224900e-01,3.710000000000000000e+02
6.552357624004899739e-01,3.720000000000000000e+02
6.554398856909573468e-01,3.720000000000000000e+02
6.556440089814248307e-01,3.720000000000000000e+02
6.558481322718922035e-01,3.720000000000000000e+02
6.560522555623596874e-01,3.720000000000000000e+02
6.562563788528271713e-01,3.720000000000000000e+02
6.564605021432945442e-01,3.720000000000000000e+02
6.566646254337620281e-01,3.720000000000000000e+02
6.568687487242295120e-01,3.730000000000000000e+02
6.570728720146968849e-01,3.730000000000000000e+02
6.572769953051643688e-01,3.750000000000000000e+02
6.574811185956317416e-01,3.750000000000000000e+02
6.576852418860992255e-01,3.750000000000000000e+02
6.578893651765667094e-01,3.750000000000000000e+02
6.580934884670340823e-01,3.760000000000000000e+02
6.582976117575015662e-01,3.760000000000000000e+02
6.585017350479690501e-01,3.760000000000000000e+02
6.587058583384364230e-01,3.770000000000000000e+02
6.589099816289039069e-01,3.770000000000000000e+02
6.591141049193712798e-01,3.770000000000000000e+02
6.593182282098387637e-01,3.780000000000000000e+02
6.595223515003062476e-01,3.780000000000000000e+02
6.597264747907736204e-01,3.780000000000000000e+02
6.599305980812411043e-01,3.780000000000000000e+02
6.601347213717085882e-01,3.790000000000000000e+02
6.603388446621759611e-01,3.790000000000000000e+02
6.605429679526434450e-01,3.790000000000000000e+02
6.607470912431108179e-01,3.800000000000000000e+02
6.609512145335783018e-01,3.800000000000000000e+02
6.611553378240457857e-01,3.800000000000000000e+02
6.613594611145131585e-01,3.800000000000000000e+02
6.615635844049806424e-01,3.800000000000000000e+02
6.617677076954481263e-01,3.810000000000000000e+02
6.619718309859154992e-01,3.810000000000000000e+02
6.621759542763829831e-01,3.810000000000000000e+02
6.623800775668504670e-01,3.810000000000000000e+02
6.625842008573178399e-01,3.810000000000000000e+02
6.627883241477853238e-01,3.810000000000000000e+02
6.629924474382526967e-01,3.810000000000000000e+02
6.631965707287201806e-01,3.820000000000000000e+02
6.634006940191876645e-01,3.830000000000000000e+02
6.636048173096550373e-01,3.830000000000000000e+02
6.638089406001225212e-01,3.830000000000000000e+02
6.640130638905900051e-01,3.830000000000000000e+02
6.642171871810573780e-01,3.840000000000000000e+02
6.644213104715248619e-01,3.840000000000000000e+02
6.646254337619922348e-01,3.840000000000000000e+02
6.648295570524597187e-01,3.850000000000000000e+02
6.650336803429272026e-01,3.850000000000000000e+02
6.652378036333945754e-01,3.860000000000000000e+02
6.654419269238620593e-01,3.860000000000000000e+02
6.656460502143295432e-01,3.860000000000000000e+02
6.658501735047969161e-01,3.860000000000000000e+02
6.660542967952644000e-01,3.860000000000000000e+02
6.662584200857317729e-01,3.860000000000000000e+02
6.664625433761992568e-01,3.870000000000000000e+02
6.666666666666667407e-01,3.870000000000000000e+02
6.668707899571341136e-01,3.870000000000000000e+02
6.670749132476015975e-01,3.880000000000000000e+02
6.672790365380690814e-01,3.880000000000000000e+02
6.674831598285364542e-01,3.880000000000000000e+02
6.676872831190039381e-01,3.880000000000000000e+02
6.678914064094713110e-01,3.890000000000000000e+02
6.680955296999387949e-01,3.890000000000000000e+02
6.682996529904062788e-01,3.890000000000000000e+02
6.685037762808736517e-01,3.910000000000000000e+02
6.687078995713411356e-01,3.910000000000000000e+02
6.689120228618086195e-01,3.930000000000000000e+02
6.691161461522759923e-01,3.930000000000000000e+02
6.693202694427434762e-01,3.930000000000000000e+02
6.695243927332108491e-01,3.930000000000000000e+02
6.697285160236783330e-01,3.930000000000000000e+02
6.699326393141458169e-01,3.930000000000000000e+02
6.701367626046131898e-01,3.940000000000000000e+02
6.703408858950806737e-01,3.940000000000000000e+02
6.705450091855481576e-01,3.940000000000000000e+02
6.707491324760155305e-01,3.940000000000000000e+02
6.709532557664830144e-01,3.940000000000000000e+02
6.711573790569503872e-01,3.940000000000000000e+02
6.713615023474178711e-01,3.940000000000000000e+02
6.715656256378853550e-01,3.940000000000000000e+02
6.717697489283527279e-01,3.950000000000000000e+02
6.719738722188202118e-01,3.950000000000000000e+02
6.721779955092876957e-01,3.950000000000000000e+02
6.723821187997550686e-01,3.960000000000000000e+02
6.725862420902225525e-01,3.970000000000000000e+02
6.727903653806899253e-01,3.970000000000000000e+02
6.729944886711574092e-01,3.970000000000000000e+02
6.731986119616248931e-01,3.970000000000000000e+02
6.734027352520922660e-01,3.970000000000000000e+02
6.736068585425597499e-01,3.980000000000000000e+02
6.738109818330272338e-01,3.980000000000000000e+02
6.740151051234946067e-01,3.980000000000000000e+02
6.742192284139620906e-01,3.980000000000000000e+02
6.744233517044294635e-01,3.980000000000000000e+02
6.746274749948969474e-01,3.990000000000000000e+02
6.748315982853644313e-01,3.990000000000000000e+02
6.750357215758318041e-01,3.990000000000000000e+02
6.752398448662992880e-01,3.990000000000000000e+02
6.754439681567667719e-01,3.990000000000000000e+02
6.756480914472341448e-01,3.990000000000000000e+02
6.758522147377016287e-01,3.990000000000000000e+02
6.760563380281690016e-01,3.990000000000000000e+02
6.762604613186364855e-01,4.000000000000000000e+02
6.764645846091039694e-01,4.000000000000000000e+02
6.766687078995713422e-01,4.000000000000000000e+02
6.768728311900388261e-01,4.000000000000000000e+02
6.770769544805063100e-01,4.000000000000000000e+02
6.772810777709736829e-01,4.010000000000000000e+02
6.774852010614411668e-01,4.010000000000000000e+02
6.776893243519085397e-01,4.010000000000000000e+02
6.778934476423760236e-01,4.010000000000000000e+02
6.780975709328435075e-01,4.010000000000000000e+02
6.783016942233108804e-01,4.020000000000000000e+02
6.785058175137783643e-01,4.020000000000000000e+02
6.787099408042458482e-01,4.020000000000000000e+02
6.789140640947132210e-01,4.020000000000000000e+02
6.791181873851807049e-01,4.030000000000000000e+02
6.793223106756480778e-01,4.030000000000000000e+02
6.795264339661155617e-01,4.030000000000000000e+02
6.797305572565830456e-01,4.040000000000000000e+02
6.799346805470504185e-01,4.040000000000000000e+02
6.801388038375179024e-01,4.040000000000000000e+02
6.803429271279853863e-01,4.050000000000000000e+02
6.805470504184527591e-01,4.050000000000000000e+02
6.807511737089202430e-01,4.050000000000000000e+02
6.809552969993876159e-01,4.060000000000000000e+02
6.811594202898550998e-01,4.070000000000000000e+02
6.813635435803225837e-01,4.070000000000000000e+02
6.815676668707899566e-01,4.070000000000000000e+02
6.817717901612574405e-01,4.070000000000000000e+02
6.819759134517249244e-01,4.080000000000000000e+02
6.821800367421922973e-01,4.080000000000000000e+02
6.823841600326597812e-01,4.090000000000000000e+02
6.825882833231271540e-01,4.090000000000000000e+02
6.827924066135946379e-01,4.090000000000000000e+02
6.829965299040621218e-01,4.090000000000000000e+02
6.832006531945294947e-01,4.090000000000000000e+02
6.834047764849969786e-01,4.090000000000000000e+02
6.836088997754644625e-01,4.100000000000000000e+02
6.838130230659318354e-01,4.100000000000000000e+02
6.840171463563993193e-01,4.100000000000000000e+02
6.842212696468666921e-01,4.100000000000000000e+02
6.844253929373341760e-01,4.110000000000000000e+02
6.846295162278016599e-01,4.110000000000000000e+02
6.848336395182690328e-01,4.110000000000000000e+02
6.850377628087365167e-01,4.110000000000000000e+02
6.852418860992040006e-01,4.110000000000000000e+02
6.854460093896713735e-01,4.110000000000000000e+02
6.856501326801388574e-01,4.110000000000000000e+02
6.858542559706062303e-01,4.120000000000000000e+02
6.860583792610737142e-01,4.120000000000000000e+02
6.862625025515411981e-01,4.120000000000000000e+02
6.864666258420085709e-01,4.120000000000000000e+02
6.866707491324760548e-01,4.120000000000000000e+02
6.868748724229435387e-01,4.120000000000000000e+02
6.870789957134109116e-01,4.120000000000000000e+02
6.872831190038783955e-01,4.130000000000000000e+02
6.874872422943457684e-01,4.130000000000000000e+02
6.876913655848132523e-01,4.140000000000000000e+02
6.878954888752807362e-01,4.140000000000000000e+02
6.880996121657481090e-01,4.140000000000000000e+02
6.883037354562155929e-01,4.140000000000000000e+02
6.885078587466830768e-01,4.150000000000000000e+02
6.887119820371504497e-01,4.150000000000000000e+02
6.889161053276179336e-01,4.150000000000000000e+02
6.891202286180853065e-01,4.160000000000000000e+02
6.893243519085527904e-01,4.160000000000000000e+02
6.895284751990202743e-01,4.170000000000000000e+02
6.897325984894876472e-01,4.170000000000000000e+02
6.899367217799551311e-01,4.170000000000000000e+02
6.901408450704226150e-01,4.170000000000000000e+02
6.903449683608899878e-01,4.180000000000000000e+02
6.905490916513574717e-01,4.190000000000000000e+02
6.907532149418248446e-01,4.190000000000000000e+02
6.909573382322923285e-01,4.190000000000000000e+02
6.911614615227598124e-01,4.200000000000000000e+02
6.913655848132271853e-01,4.200000000000000000e+02
6.915697081036946692e-01,4.200000000000000000e+02
6.917738313941621531e-01,4.200000000000000000e+02
6.919779546846295259e-01,4.200000000000000000e+02
6.921820779750970098e-01,4.210000000000000000e+02
6.923862012655643827e-01,4.210000000000000000e+02
6.925903245560318666e-01,4.220000000000000000e+02
6.927944478464993505e-01,4.220000000000000000e+02
6.929985711369667234e-01,4.220000000000000000e+02
6.932026944274342073e-01,4.230000000000000000e+02
6.934068177179016912e-01,4.230000000000000000e+02
6.936109410083690641e-01,4.230000000000000000e+02
6.938150642988365480e-01,4.240000000000000000e+02
6.940191875893039208e-01,4.240000000000000000e+02
6.942233108797714047e-01,4.240000000000000000e+02
6.944274341702388886e-01,4.240000000000000000e+02
6.946315574607062615e-01,4.250000000000000000e+02
6.948356807511737454e-01,4.250000000000000000e+02
6.950398040416412293e-01,4.260000000000000000e+02
6.952439273321086022e-01,4.260000000000000000e+02
6.954480506225760861e-01,4.260000000000000000e+02
6.956521739130434590e-01,4.260000000000000000e+02
6.958562972035109429e-01,4.260000000000000000e+02
6.960604204939784267e-01,4.260000000000000000e+02
6.962645437844457996e-01,4.260000000000000000e+02
6.964686670749132835e-01,4.260000000000000000e+02
6.966727903653807674e-01,4.270000000000000000e+02
6.968769136558481403e-01,4.270000000000000000e+02
6.970810369463156242e-01,4.270000000000000000e+02
6.972851602367831081e-01,4.280000000000000000e+02
6.974892835272504810e-01,4.280000000000000000e+02
6.976934068177179649e-01,4.290000000000000000e+02
6.978975301081853377e-01,4.290000000000000000e+02
6.981016533986528216e-01,4.290000000000000000e+02
6.983057766891203055e-01,4.300000000000000000e+02
6.985098999795876784e-01,4.300000000000000000e+02
6.987140232700551623e-01,4.310000000000000000e+02
6.989181465605226462e-01,4.320000000000000000e+02
6.991222698509900191e-01,4.320000000000000000e+02
6.993263931414575030e-01,4.320000000000000000e+02
6.995305164319248759e-01,4.320000000000000000e+02
6.997346397223923598e-01,4.330000000000000000e+02
6.999387630128598436e-01,4.330000000000000000e+02
7.001428863033272165e-01,4.340000000000000000e+02
7.003470095937947004e-01,4.340000000000000000e+02
7.005511328842621843e-01,4.340000000000000000e+02
7.007552561747295572e-01,4.350000000000000000e+02
7.009593794651970411e-01,4.350000000000000000e+02
7.011635027556644140e-01,4.350000000000000000e+02
7.013676260461318979e-01,4.360000000000000000e+02
7.015717493365993818e-01,4.360000000000000000e+02
7.017758726270667546e-01,4.360000000000000000e+02
7.019799959175342385e-01,4.370000000000000000e+02
7.021841192080017224e-01,4.380000000000000000e+02
7.023882424984690953e-01,4.380000000000000000e+02
7.025923657889365792e-01,4.390000000000000000e+02
7.027964890794039521e-01,4.390000000000000000e+02
7.030006123698714360e-01,4.400000000000000000e+02
7.032047356603389199e-01,4.400000000000000000e+02
7.034088589508062928e-01,4.400000000000000000e+02
7.036129822412737767e-01,4.400000000000000000e+02
7.038171055317412605e-01,4.410000000000000000e+02
7.040212288222086334e-01,4.410000000000000000e+02
7.042253521126761173e-01,4.410000000000000000e+02
7.044294754031434902e-01,4.420000000000000000e+02
7.046335986936109741e-01,4.420000000000000000e+02
7.048377219840784580e-01,4.420000000000000000e+02
7.050418452745458309e-01,4.420000000000000000e+02
7.052459685650133148e-01,4.420000000000000000e+02
7.054500918554807987e-01,4.430000000000000000e+02
7.056542151459481715e-01,4.430000000000000000e+02
7.058583384364156554e-01,4.430000000000000000e+02
7.060624617268830283e-01,4.430000000000000000e+02
7.062665850173505122e-01,4.440000000000000000e+02
7.064707083078179961e-01,4.440000000000000000e+02
7.066748315982853690e-01,4.440000000000000000e+02
7.068789548887528529e-01,4.440000000000000000e+02
7.070830781792203368e-01,4.440000000000000000e+02
7.072872014696877097e-01,4.450000000000000000e+02
7.074913247601551936e-01,4.450000000000000000e+02
7.076954480506225664e-01,4.450000000000000000e+02
7.078995713410900503e-01,4.460000000000000000e+02
7.081036946315575342e-01,4.460000000000000000e+02
7.083078179220249071e-01,4.460000000000000000e+02
7.085119412124923910e-01,4.460000000000000000e+02
7.087160645029598749e-01,4.470000000000000000e+02
7.089201877934272478e-01,4.480000000000000000e+02
7.091243110838947317e-01,4.500000000000000000e+02
7.093284343743621045e-01,4.500000000000000000e+02
7.095325576648295884e-01,4.500000000000000000e+02
7.097366809552970723e-01,4.510000000000000000e+02
7.099408042457644452e-01,4.510000000000000000e+02
7.101449275362319291e-01,4.510000000000000000e+02
7.103490508266994130e-01,4.510000000000000000e+02
7.105531741171667859e-01,4.520000000000000000e+02
7.107572974076342698e-01,4.520000000000000000e+02
7.109614206981016427e-01,4.530000000000000000e+02
7.111655439885691266e-01,4.530000000000000000e+02
7.113696672790366105e-01,4.540000000000000000e+02
7.115737905695039833e-01,4.540000000000000000e+02
7.117779138599714672e-01,4.540000000000000000e+02
7.119820371504389511e-01,4.550000000000000000e+02
7.121861604409063240e-01,4.550000000000000000e+02
7.123902837313738079e-01,4.550000000000000000e+02
7.125944070218411808e-01,4.550000000000000000e+02
7.127985303123086647e-01,4.560000000000000000e+02
7.130026536027761486e-01,4.560000000000000000e+02
7.132067768932435214e-01,4.570000000000000000e+02
7.134109001837110053e-01,4.570000000000000000e+02
7.136150234741784892e-01,4.570000000000000000e+02
7.138191467646458621e-01,4.570000000000000000e+02
7.140232700551133460e-01,4.570000000000000000e+02
7.142273933455807189e-01,4.580000000000000000e+02
7.144315166360482028e-01,4.580000000000000000e+02
7.146356399265156867e-01,4.580000000000000000e+02
7.148397632169830596e-01,4.580000000000000000e+02
7.150438865074505435e-01,4.580000000000000000e+02
7.152480097979180274e-01,4.580000000000000000e+02
7.154521330883854002e-01,4.580000000000000000e+02
7.156562563788528841e-01,4.580000000000000000e+02
7.158603796693202570e-01,4.590000000000000000e+02
7.160645029597877409e-01,4.590000000000000000e+02
7.162686262502552248e-01,4.600000000000000000e+02
7.164727495407225977e-01,4.600000000000000000e+02
7.166768728311900816e-01,4.600000000000000000e+02
7.168809961216575655e-01,4.600000000000000000e+02
7.170851194121249383e-01,4.610000000000000000e+02
7.172892427025924222e-01,4.610000000000000000e+02
7.174933659930597951e-01,4.610000000000000000e+02
7.176974892835272790e-01,4.610000000000000000e+02
7.179016125739947629e-01,4.610000000000000000e+02
7.181057358644621358e-01,4.620000000000000000e+02
7.183098591549296197e-01,4.620000000000000000e+02
7.185139824453971036e-01,4.620000000000000000e+02
7.187181057358644765e-01,4.620000000000000000e+02
7.189222290263319604e-01,4.630000000000000000e+02
7.191263523167993332e-01,4.630000000000000000e+02
7.193304756072668171e-01,4.630000000000000000e+02
7.195345988977343010e-01,4.630000000000000000e+02
7.197387221882016739e-01,4.630000000000000000e+02
7.199428454786691578e-01,4.630000000000000000e+02
7.201469687691366417e-01,4.630000000000000000e+02
7.203510920596040146e-01,4.630000000000000000e+02
7.205552153500714985e-01,4.630000000000000000e+02
7.207593386405388713e-01,4.640000000000000000e+02
7.209634619310063552e-01,4.650000000000000000e+02
7.211675852214738391e-01,4.650000000000000000e+02
7.213717085119412120e-01,4.650000000000000000e+02
7.215758318024086959e-01,4.650000000000000000e+02
7.217799550928761798e-01,4.650000000000000000e+02
7.219840783833435527e-01,4.660000000000000000e+02
7.221882016738110366e-01,4.660000000000000000e+02
7.223923249642784095e-01,4.660000000000000000e+02
7.225964482547458934e-01,4.660000000000000000e+02
7.228005715452133773e-01,4.670000000000000000e+02
7.230046948356807501e-01,4.670000000000000000e+02
7.232088181261482340e-01,4.680000000000000000e+02
7.234129414166157179e-01,4.690000000000000000e+02
7.236170647070830908e-01,4.690000000000000000e+02
7.238211879975505747e-01,4.690000000000000000e+02
7.240253112880179476e-01,4.690000000000000000e+02
7.242294345784854315e-01,4.700000000000000000e+02
7.244335578689529154e-01,4.700000000000000000e+02
7.246376811594202882e-01,4.700000000000000000e+02
7.248418044498877721e-01,4.700000000000000000e+02
7.250459277403552560e-01,4.700000000000000000e+02
7.252500510308226289e-01,4.710000000000000000e+02
7.254541743212901128e-01,4.710000000000000000e+02
7.256582976117574857e-01,4.710000000000000000e+02
7.258624209022249696e-01,4.710000000000000000e+02
7.260665441926924535e-01,4.710000000000000000e+02
7.262706674831598264e-01,4.710000000000000000e+02
7.264747907736273103e-01,4.710000000000000000e+02
7.266789140640947942e-01,4.710000000000000000e+02
7.268830373545621670e-01,4.710000000000000000e+02
7.270871606450296509e-01,4.720000000000000000e+02
7.272912839354970238e-01,4.720000000000000000e+02
7.274954072259645077e-01,4.720000000000000000e+02
7.276995305164319916e-01,4.720000000000000000e+02
7.279036538068993645e-01,4.720000000000000000e+02
7.281077770973668484e-01,4.720000000000000000e+02
7.283119003878343323e-01,4.720000000000000000e+02
7.285160236783017051e-01,4.730000000000000000e+02
7.287201469687691890e-01,4.730000000000000000e+02
7.289242702592365619e-01,4.730000000000000000e+02
7.291283935497040458e-01,4.740000000000000000e+02
7.293325168401715297e-01,4.740000000000000000e+02
7.295366401306389026e-01,4.740000000000000000e+02
7.297407634211063865e-01,4.750000000000000000e+02
7.299448867115738704e-01,4.750000000000000000e+02
7.301490100020412433e-01,4.760000000000000000e+02
7.303531332925087272e-01,4.770000000000000000e+02
7.305572565829761000e-01,4.770000000000000000e+02
7.307613798734435839e-01,4.770000000000000000e+02
7.309655031639110678e-01,4.770000000000000000e+02
7.311696264543784407e-01,4.770000000000000000e+02
7.313737497448459246e-01,4.780000000000000000e+02
7.315778730353134085e-01,4.780000000000000000e+02
7.317819963257807814e-01,4.780000000000000000e+02
7.319861196162482653e-01,4.780000000000000000e+02
7.321902429067157492e-01,4.780000000000000000e+02
7.323943661971831220e-01,4.790000000000000000e+02
7.325984894876506059e-01,4.790000000000000000e+02
7.328026127781179788e-01,4.790000000000000000e+02
7.330067360685854627e-01,4.800000000000000000e+02
7.332108593590529466e-01,4.800000000000000000e+02
7.334149826495203195e-01,4.810000000000000000e+02
7.336191059399878034e-01,4.810000000000000000e+02
7.338232292304552873e-01,4.820000000000000000e+02
7.340273525209226602e-01,4.820000000000000000e+02
7.342314758113901441e-01,4.830000000000000000e+02
7.344355991018575169e-01,4.830000000000000000e+02
7.346397223923250008e-01,4.840000000000000000e+02
7.348438456827924847e-01,4.840000000000000000e+02
7.350479689732598576e-01,4.840000000000000000e+02
7.352520922637273415e-01,4.840000000000000000e+02
7.354562155541948254e-01,4.850000000000000000e+02
7.356603388446621983e-01,4.860000000000000000e+02
7.358644621351296822e-01,4.870000000000000000e+02
7.360685854255970550e-01,4.870000000000000000e+02
7.362727087160645389e-01,4.870000000000000000e+02
7.364768320065320228e-01,4.880000000000000000e+02
7.366809552969993957e-01,4.880000000000000000e+02
7.368850785874668796e-01,4.880000000000000000e+02
7.370892018779343635e-01,4.880000000000000000e+02
7.372933251684017364e-01,4.880000000000000000e+02
7.374974484588692203e-01,4.890000000000000000e+02
7.377015717493365932e-01,4.900000000000000000e+02
7.379056950398040771e-01,4.900000000000000000e+02
7.381098183302715610e-01,4.900000000000000000e+02
7.383139416207389338e-01,4.910000000000000000e+02
7.385180649112064177e-01,4.910000000000000000e+02
7.387221882016739016e-01,4.910000000000000000e+02
7.389263114921412745e-01,4.910000000000000000e+02
7.391304347826087584e-01,4.910000000000000000e+02
7.393345580730761313e-01,4.920000000000000000e+02
7.395386813635436152e-01,4.920000000000000000e+02
7.397428046540110991e-01,4.920000000000000000e+02
7.399469279444784720e-01,4.930000000000000000e+02
7.401510512349459558e-01,4.940000000000000000e+02
7.403551745254134397e-01,4.940000000000000000e+02
7.405592978158808126e-01,4.940000000000000000e+02
7.407634211063482965e-01,4.940000000000000000e+02
7.409675443968156694e-01,4.950000000000000000e+02
7.411716676872831533e-01,4.950000000000000000e+02
7.413757909777506372e-01,4.950000000000000000e+02
7.415799142682180101e-01,4.960000000000000000e+02
7.417840375586854940e-01,4.970000000000000000e+02
7.419881608491529779e-01,4.970000000000000000e+02
7.421922841396203507e-01,4.970000000000000000e+02
7.423964074300878346e-01,4.970000000000000000e+02
7.426005307205552075e-01,4.980000000000000000e+02
7.428046540110226914e-01,4.980000000000000000e+02
7.430087773014901753e-01,4.980000000000000000e+02
7.432129005919575482e-01,4.990000000000000000e+02
7.434170238824250321e-01,5.000000000000000000e+02
7.436211471728925160e-01,5.000000000000000000e+02
7.438252704633598889e-01,5.010000000000000000e+02
7.440293937538273727e-01,5.010000000000000000e+02
7.442335170442947456e-01,5.010000000000000000e+02
7.444376403347622295e-01,5.020000000000000000e+02
7.446417636252297134e-01,5.020000000000000000e+02
7.448458869156970863e-01,5.030000000000000000e+02
7.450500102061645702e-01,5.030000000000000000e+02
7.452541334966320541e-01,5.030000000000000000e+02
7.454582567870994270e-01,5.030000000000000000e+02
7.456623800775669109e-01,5.030000000000000000e+02
7.458665033680342837e-01,5.030000000000000000e+02
7.460706266585017676e-01,5.040000000000000000e+02
7.462747499489692515e-01,5.040000000000000000e+02
7.464788732394366244e-01,5.050000000000000000e+02
7.466829965299041083e-01,5.060000000000000000e+02
7.468871198203715922e-01,5.060000000000000000e+02
7.470912431108389651e-01,5.060000000000000000e+02
7.472953664013064490e-01,5.060000000000000000e+02
7.474994896917738219e-01,5.070000000000000000e+02
7.477036129822413058e-01,5.070000000000000000e+02
7.479077362727087896e-01,5.070000000000000000e+02
7.481118595631761625e-01,5.070000000000000000e+02
7.483159828536436464e-01,5.080000000000000000e+02
7.485201061441111303e-01,5.080000000000000000e+02
7.487242294345785032e-01,5.080000000000000000e+02
7.489283527250459871e-01,5.080000000000000000e+02
7.491324760155133600e-01,5.080000000000000000e+02
7.493365993059808439e-01,5.090000000000000000e+02
7.495407225964483278e-01,5.100000000000000000e+02
7.497448458869157006e-01,5.110000000000000000e+02
7.499489691773831845e-01,5.110000000000000000e+02
7.501530924678506684e-01,5.110000000000000000e+02
7.503572157583180413e-01,5.120000000000000000e+02
7.505613390487855252e-01,5.120000000000000000e+02
7.507654623392528981e-01,5.120000000000000000e+02
7.509695856297203820e-01,5.120000000000000000e+02
7.511737089201878659e-01,5.130000000000000000e+02
7.513778322106552388e-01,5.130000000000000000e+02
7.515819555011227227e-01,5.140000000000000000e+02
7.517860787915902065e-01,5.140000000000000000e+02
7.519902020820575794e-01,5.140000000000000000e+02
7.521943253725250633e-01,5.150000000000000000e+02
7.523984486629924362e-01,5.160000000000000000e+02
7.526025719534599201e-01,5.160000000000000000e+02
7.528066952439274040e-01,5.160000000000000000e+02
7.530108185343947769e-01,5.160000000000000000e+02
7.532149418248622608e-01,5.160000000000000000e+02
7.534190651153297447e-01,5.170000000000000000e+02
7.536231884057971175e-01,5.170000000000000000e+02
7.538273116962646014e-01,5.170000000000000000e+02
7.540314349867319743e-01,5.170000000000000000e+02
7.542355582771994582e-01,5.170000000000000000e+02
7.544396815676669421e-01,5.180000000000000000e+02
7.546438048581343150e-01,5.180000000000000000e+02
7.548479281486017989e-01,5.180000000000000000e+02
7.550520514390692828e-01,5.180000000000000000e+02
7.552561747295366557e-01,5.180000000000000000e+02
7.554602980200041396e-01,5.180000000000000000e+02
7.556644213104715124e-01,5.190000000000000000e+02
7.558685446009389963e-01,5.200000000000000000e+02
7.560726678914064802e-01,5.210000000000000000e+02
7.562767911818738531e-01,5.210000000000000000e+02
7.564809144723413370e-01,5.230000000000000000e+02
7.566850377628088209e-01,5.230000000000000000e+02
7.568891610532761938e-01,5.240000000000000000e+02
7.570932843437436777e-01,5.250000000000000000e+02
7.572974076342110505e-01,5.250000000000000000e+02
7.575015309246785344e-01,5.250000000000000000e+02
7.577056542151460183e-01,5.250000000000000000e+02
7.579097775056133912e-01,5.260000000000000000e+02
7.581139007960808751e-01,5.260000000000000000e+02
7.583180240865483590e-01,5.290000000000000000e+02
7.585221473770157319e-01,5.300000000000000000e+02
7.587262706674832158e-01,5.300000000000000000e+02
7.589303939579505887e-01,5.300000000000000000e+02
7.591345172484180726e-01,5.310000000000000000e+02
7.593386405388855565e-01,5.310000000000000000e+02
7.595427638293529293e-01,5.320000000000000000e+02
7.597468871198204132e-01,5.320000000000000000e+02
7.599510104102878971e-01,5.330000000000000000e+02
7.601551337007552700e-01,5.330000000000000000e+02
7.603592569912227539e-01,5.340000000000000000e+02
7.605633802816901268e-01,5.340000000000000000e+02
7.607675035721576107e-01,5.350000000000000000e+02
7.609716268626250946e-01,5.350000000000000000e+02
7.611757501530924674e-01,5.350000000000000000e+02
7.613798734435599513e-01,5.360000000000000000e+02
7.615839967340274352e-01,5.360000000000000000e+02
7.617881200244948081e-01,5.370000000000000000e+02
7.619922433149622920e-01,5.370000000000000000e+02
7.621963666054296649e-01,5.370000000000000000e+02
7.624004898958971488e-01,5.370000000000000000e+02
7.626046131863646327e-01,5.380000000000000000e+02
7.628087364768320056e-01,5.390000000000000000e+02
7.630128597672994895e-01,5.390000000000000000e+02
7.632169830577669734e-01,5.400000000000000000e+02
7.634211063482343462e-01,5.400000000000000000e+02
7.636252296387018301e-01,5.400000000000000000e+02
7.638293529291692030e-01,5.400000000000000000e+02
7.640334762196366869e-01,5.400000000000000000e+02
7.642375995101041708e-01,5.410000000000000000e+02
7.644417228005715437e-01,5.410000000000000000e+02
7.646458460910390276e-01,5.410000000000000000e+02
7.648499693815065115e-01,5.410000000000000000e+02
7.650540926719738843e-01,5.420000000000000000e+02
7.652582159624413682e-01,5.430000000000000000e+02
7.654623392529087411e-01,5.430000000000000000e+02
7.656664625433762250e-01,5.430000000000000000e+02
7.658705858338437089e-01,5.430000000000000000e+02
7.660747091243110818e-01,5.430000000000000000e+02
7.662788324147785657e-01,5.440000000000000000e+02
7.664829557052460496e-01,5.440000000000000000e+02
7.666870789957134225e-01,5.440000000000000000e+02
7.668912022861809064e-01,5.460000000000000000e+02
7.670953255766483903e-01,5.470000000000000000e+02
7.672994488671157631e-01,5.470000000000000000e+02
7.675035721575832470e-01,5.470000000000000000e+02
7.677076954480506199e-01,5.470000000000000000e+02
7.679118187385181038e-01,5.490000000000000000e+02
7.681159420289855877e-01,5.490000000000000000e+02
7.683200653194529606e-01,5.490000000000000000e+02
7.685241886099204445e-01,5.500000000000000000e+02
7.687283119003879284e-01,5.500000000000000000e+02
7.689324351908553012e-01,5.500000000000000000e+02
7.691365584813227851e-01,5.500000000000000000e+02
7.693406817717901580e-01,5.500000000000000000e+02
7.695448050622576419e-01,5.500000000000000000e+02
7.697489283527251258e-01,5.510000000000000000e+02
7.699530516431924987e-01,5.510000000000000000e+02
7.701571749336599826e-01,5.510000000000000000e+02
7.703612982241274665e-01,5.510000000000000000e+02
7.705654215145948394e-01,5.520000000000000000e+02
7.707695448050623233e-01,5.520000000000000000e+02
7.709736680955296961e-01,5.520000000000000000e+02
7.711777913859971800e-01,5.530000000000000000e+02
7.713819146764646639e-01,5.530000000000000000e+02
7.715860379669320368e-01,5.540000000000000000e+02
7.717901612573995207e-01,5.540000000000000000e+02
7.719942845478670046e-01,5.540000000000000000e+02
7.721984078383343775e-01,5.540000000000000000e+02
7.724025311288018614e-01,5.550000000000000000e+02
7.726066544192692342e-01,5.560000000000000000e+02
7.728107777097367181e-01,5.560000000000000000e+02
7.730149010002042020e-01,5.570000000000000000e+02
7.732190242906715749e-01,5.570000000000000000e+02
7.734231475811390588e-01,5.570000000000000000e+02
7.736272708716065427e-01,5.570000000000000000e+02
7.738313941620739156e-01,5.580000000000000000e+02
7.740355174525413995e-01,5.590000000000000000e+02
7.742396407430087724e-01,5.600000000000000000e+02
7.744437640334762563e-01,5.600000000000000000e+02
7.746478873239437402e-01,5.610000000000000000e+02
7.748520106144111130e-01,5.610000000000000000e+02
7.750561339048785969e-01,5.610000000000000000e+02
7.752602571953460808e-01,5.610000000000000000e+02
7.754643804858134537e-01,5.620000000000000000e+02
7.756685037762809376e-01,5.620000000000000000e+02
7.758726270667483105e-01,5.630000000000000000e+02
7.760767503572157944e-01,5.630000000000000000e+02
7.762808736476832783e-01,5.630000000000000000e+02
7.764849969381506511e-01,5.630000000000000000e+02
7.766891202286181350e-01,5.630000000000000000e+02
7.768932435190856189e-01,5.640000000000000000e+02
7.770973668095529918e-01,5.640000000000000000e+02
7.773014901000204757e-01,5.640000000000000000e+02
7.775056133904878486e-01,5.650000000000000000e+02
7.777097366809553325e-01,5.650000000000000000e+02
7.779138599714228164e-01,5.660000000000000000e+02
7.781179832618901893e-01,5.670000000000000000e+02
7.783221065523576732e-01,5.670000000000000000e+02
7.785262298428251571e-01,5.680000000000000000e+02
7.787303531332925299e-01,5.680000000000000000e+02
7.789344764237600138e-01,5.680000000000000000e+02
7.791385997142273867e-01,5.680000000000000000e+02
7.793427230046948706e-01,5.690000000000000000e+02
7.795468462951623545e-01,5.700000000000000000e+02
7.797509695856297274e-01,5.700000000000000000e+02
7.799550928760972113e-01,5.700000000000000000e+02
7.801592161665646952e-01,5.700000000000000000e+02
7.803633394570320680e-01,5.700000000000000000e+02
7.805674627474995519e-01,5.710000000000000000e+02
7.807715860379669248e-01,5.710000000000000000e+02
7.809757093284344087e-01,5.710000000000000000e+02
7.811798326189018926e-01,5.720000000000000000e+02
7.813839559093692655e-01,5.730000000000000000e+02
7.815880791998367494e-01,5.730000000000000000e+02
7.817922024903042333e-01,5.730000000000000000e+02
7.819963257807716062e-01,5.740000000000000000e+02
7.822004490712390901e-01,5.740000000000000000e+02
7.824045723617064629e-01,5.740000000000000000e+02
7.826086956521739468e-01,5.740000000000000000e+02
7.828128189426414307e-01,5.740000000000000000e+02
7.830169422331088036e-01,5.750000000000000000e+02
7.832210655235762875e-01,5.750000000000000000e+02
7.834251888140437714e-01,5.750000000000000000e+02
7.836293121045111443e-01,5.750000000000000000e+02
7.838334353949786282e-01,5.750000000000000000e+02
7.840375586854460010e-01,5.750000000000000000e+02
7.842416819759134849e-01,5.750000000000000000e+02
7.844458052663809688e-01,5.760000000000000000e+02
7.846499285568483417e-01,5.760000000000000000e+02
7.848540518473158256e-01,5.760000000000000000e+02
7.850581751377833095e-01,5.760000000000000000e+02
7.852622984282506824e-01,5.760000000000000000e+02
7.854664217187181663e-01,5.770000000000000000e+02
7.856705450091855392e-01,5.770000000000000000e+02
7.858746682996530231e-01,5.780000000000000000e+02
7.860787915901205070e-01,5.780000000000000000e+02
7.862829148805878798e-01,5.780000000000000000e+02
7.864870381710553637e-01,5.780000000000000000e+02
7.866911614615228476e-01,5.780000000000000000e+02
7.868952847519902205e-01,5.790000000000000000e+02
7.870994080424577044e-01,5.790000000000000000e+02
7.873035313329250773e-01,5.800000000000000000e+02
7.875076546233925612e-01,5.800000000000000000e+02
7.877117779138600451e-01,5.800000000000000000e+02
7.879159012043274180e-01,5.810000000000000000e+02
7.881200244947949018e-01,5.810000000000000000e+02
7.883241477852623857e-01,5.810000000000000000e+02
7.885282710757297586e-01,5.820000000000000000e+02
7.887323943661972425e-01,5.820000000000000000e+02
7.889365176566646154e-01,5.820000000000000000e+02
7.891406409471320993e-01,5.820000000000000000e+02
7.893447642375995832e-01,5.820000000000000000e+02
7.895488875280669561e-01,5.830000000000000000e+02
7.897530108185344400e-01,5.840000000000000000e+02
7.899571341090019239e-01,5.840000000000000000e+02
7.901612573994692967e-01,5.840000000000000000e+02
7.903653806899367806e-01,5.850000000000000000e+02
7.905695039804041535e-01,5.850000000000000000e+02
7.907736272708716374e-01,5.860000000000000000e+02
7.909777505613391213e-01,5.870000000000000000e+02
7.911818738518064942e-01,5.900000000000000000e+02
7.913859971422739781e-01,5.900000000000000000e+02
7.915901204327414620e-01,5.900000000000000000e+02
7.917942437232088349e-01,5.910000000000000000e+02
7.919983670136763187e-01,5.920000000000000000e+02
7.922024903041436916e-01,5.920000000000000000e+02
7.924066135946111755e-01,5.930000000000000000e+02
7.926107368850786594e-01,5.930000000000000000e+02
7.928148601755460323e-01,5.940000000000000000e+02
7.930189834660135162e-01,5.940000000000000000e+02
7.932231067564810001e-01,5.940000000000000000e+02
7.934272300469483730e-01,5.960000000000000000e+02
7.936313533374158569e-01,5.960000000000000000e+02
7.938354766278832297e-01,5.960000000000000000e+02
7.940395999183507136e-01,5.970000000000000000e+02
7.942437232088181975e-01,5.970000000000000000e+02
7.944478464992855704e-01,5.990000000000000000e+02
7.946519697897530543e-01,5.990000000000000000e+02
7.948560930802205382e-01,5.990000000000000000e+02
7.950602163706879111e-01,6.000000000000000000e+02
7.952643396611553950e-01,6.000000000000000000e+02
7.954684629516227679e-01,6.010000000000000000e+02
7.956725862420902518e-01,6.020000000000000000e+02
7.958767095325577356e-01,6.020000000000000000e+02
7.960808328230251085e-01,6.030000000000000000e+02
7.962849561134925924e-01,6.030000000000000000e+02
7.964890794039600763e-01,6.030000000000000000e+02
7.966932026944274492e-01,6.040000000000000000e+02
7.968973259848949331e-01,6.060000000000000000e+02
7.971014492753623060e-01,6.070000000000000000e+02
7.973055725658297899e-01,6.070000000000000000e+02
7.975096958562972738e-01,6.070000000000000000e+02
7.977138191467646466e-01,6.080000000000000000e+02
7.979179424372321305e-01,6.080000000000000000e+02
7.981220657276996144e-01,6.090000000000000000e+02
7.983261890181669873e-01,6.090000000000000000e+02
7.985303123086344712e-01,6.100000000000000000e+02
7.987344355991018441e-01,6.100000000000000000e+02
7.989385588895693280e-01,6.110000000000000000e+02
7.991426821800368119e-01,6.110000000000000000e+02
7.993468054705041848e-01,6.110000000000000000e+02
7.995509287609716687e-01,6.110000000000000000e+02
7.997550520514391525e-01,6.120000000000000000e+02
7.999591753419065254e-01,6.120000000000000000e+02
8.001632986323740093e-01,6.120000000000000000e+02
8.003674219228413822e-01,6.120000000000000000e+02
8.005715452133088661e-01,6.130000000000000000e+02
8.007756685037763500e-01,6.130000000000000000e+02
8.009797917942437229e-01,6.160000000000000000e+02
8.011839150847112068e-01,6.170000000000000000e+02
8.013880383751786907e-01,6.170000000000000000e+02
8.015921616656460635e-01,6.180000000000000000e+02
8.017962849561135474e-01,6.180000000000000000e+02
8.020004082465810313e-01,6.190000000000000000e+02
8.022045315370484042e-01,6.190000000000000000e+02
8.024086548275158881e-01,6.200000000000000000e+02
8.026127781179832610e-01,6.200000000000000000e+02
8.028169014084507449e-01,6.210000000000000000e+02
8.030210246989182288e-01,6.210000000000000000e+02
8.032251479893856017e-01,6.210000000000000000e+02
8.034292712798530856e-01,6.220000000000000000e+02
8.036333945703205694e-01,6.220000000000000000e+02
8.038375178607879423e-01,6.230000000000000000e+02
8.040416411512554262e-01,6.260000000000000000e+02
8.042457644417227991e-01,6.260000000000000000e+02
8.044498877321902830e-01,6.260000000000000000e+02
8.046540110226577669e-01,6.270000000000000000e+02
8.048581343131251398e-01,6.290000000000000000e+02
8.050622576035926237e-01,6.300000000000000000e+02
8.052663808940601076e-01,6.300000000000000000e+02
8.054705041845274804e-01,6.310000000000000000e+02
8.056746274749949643e-01,6.310000000000000000e+02
8.058787507654623372e-01,6.310000000000000000e+02
8.060828740559298211e-01,6.310000000000000000e+02
8.062869973463973050e-01,6.320000000000000000e+02
8.064911206368646779e-01,6.340000000000000000e+02
8.066952439273321618e-01,6.350000000000000000e+02
8.068993672177996457e-01,6.350000000000000000e+02
8.071034905082670186e-01,6.360000000000000000e+02
8.073076137987345025e-01,6.380000000000000000e+02
8.075117370892018753e-01,6.380000000000000000e+02
8.077158603796693592e-01,6.390000000000000000e+02
8.079199836701368431e-01,6.390000000000000000e+02
8.081241069606042160e-01,6.390000000000000000e+02
8.083282302510716999e-01,6.400000000000000000e+02
8.085323535415391838e-01,6.400000000000000000e+02
8.087364768320065567e-01,6.410000000000000000e+02
8.089406001224740406e-01,6.410000000000000000e+02
8.091447234129414134e-01,6.420000000000000000e+02
8.093488467034088973e-01,6.430000000000000000e+02
8.095529699938763812e-01,6.430000000000000000e+02
8.097570932843437541e-01,6.430000000000000000e+02
8.099612165748112380e-01,6.430000000000000000e+02
8.101653398652787219e-01,6.430000000000000000e+02
8.103694631557460948e-01,6.450000000000000000e+02
8.105735864462135787e-01,6.450000000000000000e+02
8.107777097366809516e-01,6.450000000000000000e+02
8.109818330271484355e-01,6.450000000000000000e+02
8.111859563176159194e-01,6.460000000000000000e+02
8.113900796080832922e-01,6.470000000000000000e+02
8.115942028985507761e-01,6.480000000000000000e+02
8.117983261890182600e-01,6.490000000000000000e+02
8.120024494794856329e-01,6.500000000000000000e+02
8.122065727699531168e-01,6.500000000000000000e+02
8.124106960604204897e-01,6.500000000000000000e+02
8.126148193508879736e-01,6.510000000000000000e+02
8.128189426413554575e-01,6.520000000000000000e+02
8.130230659318228303e-01,6.520000000000000000e+02
8.132271892222903142e-01,6.520000000000000000e+02
8.134313125127577981e-01,6.520000000000000000e+02
8.136354358032251710e-01,6.520000000000000000e+02
8.138395590936926549e-01,6.530000000000000000e+02
8.140436823841600278e-01,6.540000000000000000e+02
8.142478056746275117e-01,6.540000000000000000e+02
8.144519289650949956e-01,6.550000000000000000e+02
8.146560522555623685e-01,6.550000000000000000e+02
8.148601755460298524e-01,6.550000000000000000e+02
8.150642988364973363e-01,6.560000000000000000e+02
8.152684221269647091e-01,6.570000000000000000e+02
8.154725454174321930e-01,6.570000000000000000e+02
8.156766687078995659e-01,6.580000000000000000e+02
8.158807919983670498e-01,6.580000000000000000e+02
8.160849152888345337e-01,6.580000000000000000e+02
8.162890385793019066e-01,6.580000000000000000e+02
8.164931618697693905e-01,6.580000000000000000e+02
8.166972851602368744e-01,6.600000000000000000e+02
8.169014084507042472e-01,6.610000000000000000e+02
8.171055317411717311e-01,6.610000000000000000e+02
8.173096550316391040e-01,6.610000000000000000e+02
8.175137783221065879e-01,6.630000000000000000e+02
8.177179016125740718e-01,6.640000000000000000e+02
8.179220249030414447e-01,6.640000000000000000e+02
8.181261481935089286e-01,6.650000000000000000e+02
8.183302714839764125e-01,6.660000000000000000e+02
8.185343947744437854e-01,6.680000000000000000e+02
8.187385180649112693e-01,6.690000000000000000e+02
8.189426413553786421e-01,6.700000000000000000e+02
8.191467646458461260e-01,6.700000000000000000e+02
8.193508879363136099e-01,6.710000000000000000e+02
8.195550112267809828e-01,6.720000000000000000e+02
8.197591345172484667e-01,6.730000000000000000e+02
8.199632578077159506e-01,6.740000000000000000e+02
8.201673810981833235e-01,6.750000000000000000e+02
8.203715043886508074e-01,6.750000000000000000e+02
8.205756276791181802e-01,6.760000000000000000e+02
8.207797509695856641e-01,6.760000000000000000e+02
8.209838742600531480e-01,6.770000000000000000e+02
8.211879975505205209e-01,6.770000000000000000e+02
8.213921208409880048e-01,6.780000000000000000e+02
8.215962441314554887e-01,6.780000000000000000e+02
8.218003674219228616e-01,6.800000000000000000e+02
8.220044907123903455e-01,6.800000000000000000e+02
8.222086140028577184e-01,6.800000000000000000e+02
8.224127372933252023e-01,6.820000000000000000e+02
8.226168605837926862e-01,6.820000000000000000e+02
8.228209838742600590e-01,6.830000000000000000e+02
8.230251071647275429e-01,6.830000000000000000e+02
8.232292304551950268e-01,6.830000000000000000e+02
8.234333537456623997e-01,6.830000000000000000e+02
8.236374770361298836e-01,6.850000000000000000e+02
8.238416003265972565e-01,6.850000000000000000e+02
8.240457236170647404e-01,6.850000000000000000e+02
8.242498469075322243e-01,6.850000000000000000e+02
8.244539701979995971e-01,6.860000000000000000e+02
8.246580934884670810e-01,6.880000000000000000e+02
8.248622167789345649e-01,6.880000000000000000e+02
8.250663400694019378e-01,6.890000000000000000e+02
8.252704633598694217e-01,6.890000000000000000e+02
8.254745866503367946e-01,6.910000000000000000e+02
8.256787099408042785e-01,6.920000000000000000e+02
8.258828332312717624e-01,6.920000000000000000e+02
8.260869565217391353e-01,6.930000000000000000e+02
8.262910798122066192e-01,6.930000000000000000e+02
8.264952031026741031e-01,6.940000000000000000e+02
8.266993263931414759e-01,6.940000000000000000e+02
8.269034496836089598e-01,6.940000000000000000e+02
8.271075729740763327e-01,6.940000000000000000e+02
8.273116962645438166e-01,6.940000000000000000e+02
8.275158195550113005e-01,6.940000000000000000e+02
8.277199428454786734e-01,6.950000000000000000e+02
8.279240661359461573e-01,6.950000000000000000e+02
8.281281894264136412e-01,6.960000000000000000e+02
8.283323127168810140e-01,6.960000000000000000e+02
8.285364360073484979e-01,6.960000000000000000e+02
8.287405592978158708e-01,6.960000000000000000e+02
8.289446825882833547e-01,6.980000000000000000e+02
8.291488058787508386e-01,6.990000000000000000e+02
8.293529291692182115e-01,6.990000000000000000e+02
8.295570524596856954e-01,7.020000000000000000e+02
8.297611757501531793e-01,7.030000000000000000e+02
8.299652990406205522e-01,7.040000000000000000e+02
8.301694223310880361e-01,7.040000000000000000e+02
8.303735456215554089e-01,7.050000000000000000e+02
8.305776689120228928e-01,7.050000000000000000e+02
8.307817922024903767e-01,7.060000000000000000e+02
8.309859154929577496e-01,7.060000000000000000e+02
8.311900387834252335e-01,7.070000000000000000e+02
8.313941620738927174e-01,7.070000000000000000e+02
8.315982853643600903e-01,7.070000000000000000e+02
8.318024086548275742e-01,7.090000000000000000e+02
8.320065319452949471e-01,7.090000000000000000e+02
8.322106552357624309e-01,7.100000000000000000e+02
8.324147785262299148e-01,7.100000000000000000e+02
8.326189018166972877e-01,7.100000000000000000e+02
8.328230251071647716e-01,7.110000000000000000e+02
8.330271483976322555e-01,7.120000000000000000e+02
8.332312716880996284e-01,7.120000000000000000e+02
8.334353949785671123e-01,7.140000000000000000e+02
8.336395182690344852e-01,7.160000000000000000e+02
8.338436415595019691e-01,7.160000000000000000e+02
8.340477648499694530e-01,7.160000000000000000e+02
8.342518881404368258e-01,7.170000000000000000e+02
8.344560114309043097e-01,7.170000000000000000e+02
8.346601347213717936e-01,7.170000000000000000e+02
8.348642580118391665e-01,7.180000000000000000e+02
8.350683813023066504e-01,7.190000000000000000e+02
8.352725045927740233e-01,7.200000000000000000e+02
8.354766278832415072e-01,7.200000000000000000e+02
8.356807511737089911e-01,7.260000000000000000e+02
8.358848744641763640e-01,7.270000000000000000e+02
8.360889977546438478e-01,7.280000000000000000e+02
8.362931210451113317e-01,7.290000000000000000e+02
8.364972443355787046e-01,7.290000000000000000e+02
8.367013676260461885e-01,7.300000000000000000e+02
8.369054909165136724e-01,7.310000000000000000e+02
8.371096142069810453e-01,7.340000000000000000e+02
8.373137374974485292e-01,7.340000000000000000e+02
8.375178607879159021e-01,7.350000000000000000e+02
8.377219840783833860e-01,7.350000000000000000e+02
8.379261073688508699e-01,7.360000000000000000e+02
8.381302306593182427e-01,7.360000000000000000e+02
8.383343539497857266e-01,7.360000000000000000e+02
8.385384772402532105e-01,7.370000000000000000e+02
8.387426005307205834e-01,7.380000000000000000e+02
8.389467238211880673e-01,7.400000000000000000e+02
8.391508471116554402e-01,7.400000000000000000e+02
8.393549704021229241e-01,7.410000000000000000e+02
8.395590936925904080e-01,7.430000000000000000e+02
8.397632169830577809e-01,7.440000000000000000e+02
8.399673402735252647e-01,7.450000000000000000e+02
8.401714635639927486e-01,7.470000000000000000e+02
8.403755868544601215e-01,7.470000000000000000e+02
8.405797101449276054e-01,7.480000000000000000e+02
8.407838334353949783e-01,7.490000000000000000e+02
8.409879567258624622e-01,7.490000000000000000e+02
8.411920800163299461e-01,7.490000000000000000e+02
8.413962033067973190e-01,7.500000000000000000e+02
8.416003265972648029e-01,7.500000000000000000e+02
8.418044498877322868e-01,7.510000000000000000e+02
8.420085731781996596e-01,7.520000000000000000e+02
8.422126964686671435e-01,7.520000000000000000e+02
8.424168197591345164e-01,7.530000000000000000e+02
8.426209430496020003e-01,7.530000000000000000e+02
8.428250663400694842e-01,7.540000000000000000e+02
8.430291896305368571e-01,7.550000000000000000e+02
8.432333129210043410e-01,7.560000000000000000e+02
8.434374362114718249e-01,7.570000000000000000e+02
8.436415595019391978e-01,7.580000000000000000e+02
8.438456827924066816e-01,7.590000000000000000e+02
8.440498060828740545e-01,7.590000000000000000e+02
8.442539293733415384e-01,7.600000000000000000e+02
8.444580526638090223e-01,7.610000000000000000e+02
8.446621759542763952e-01,7.620000000000000000e+02
8.448662992447438791e-01,7.620000000000000000e+02
8.450704225352113630e-01,7.640000000000000000e+02
8.452745458256787359e-01,7.650000000000000000e+02
8.454786691161462198e-01,7.660000000000000000e+02
8.456827924066135926e-01,7.660000000000000000e+02
8.458869156970810765e-01,7.660000000000000000e+02
8.460910389875485604e-01,7.670000000000000000e+02
8.462951622780159333e-01,7.680000000000000000e+02
8.464992855684834172e-01,7.690000000000000000e+02
8.467034088589509011e-01,7.700000000000000000e+02
8.469075321494182740e-01,7.710000000000000000e+02
8.471116554398857579e-01,7.710000000000000000e+02
8.473157787303531308e-01,7.720000000000000000e+02
8.475199020208206147e-01,7.720000000000000000e+02
8.477240253112880985e-01,7.730000000000000000e+02
8.479281486017554714e-01,7.730000000000000000e+02
8.481322718922229553e-01,7.740000000000000000e+02
8.483363951826904392e-01,7.740000000000000000e+02
8.485405184731578121e-01,7.740000000000000000e+02
8.487446417636252960e-01,7.740000000000000000e+02
8.489487650540926689e-01,7.750000000000000000e+02
8.491528883445601528e-01,7.760000000000000000e+02
8.493570116350276367e-01,7.760000000000000000e+02
8.495611349254950095e-01,7.760000000000000000e+02
8.497652582159624934e-01,7.770000000000000000e+02
8.499693815064299773e-01,7.770000000000000000e+02
8.501735047968973502e-01,7.770000000000000000e+02
8.503776280873648341e-01,7.780000000000000000e+02
8.505817513778322070e-01,7.790000000000000000e+02
8.507858746682996909e-01,7.800000000000000000e+02
8.509899979587671748e-01,7.810000000000000000e+02
8.511941212492345477e-01,7.820000000000000000e+02
8.513982445397020316e-01,7.830000000000000000e+02
8.516023678301695155e-01,7.830000000000000000e+02
8.518064911206368883e-01,7.830000000000000000e+02
8.520106144111043722e-01,7.850000000000000000e+02
8.522147377015717451e-01,7.860000000000000000e+02
8.524188609920392290e-01,7.870000000000000000e+02
8.526229842825067129e-01,7.890000000000000000e+02
8.528271075729740858e-01,7.900000000000000000e+02
8.530312308634415697e-01,7.900000000000000000e+02
8.532353541539090536e-01,7.910000000000000000e+02
8.534394774443764264e-01,7.910000000000000000e+02
8.536436007348439103e-01,7.910000000000000000e+02
8.538477240253112832e-01,7.930000000000000000e+02
8.540518473157787671e-01,7.930000000000000000e+02
8.542559706062462510e-01,7.930000000000000000e+02
8.544600938967136239e-01,7.930000000000000000e+02
8.546642171871811078e-01,7.940000000000000000e+02
8.548683404776485917e-01,7.940000000000000000e+02
8.550724637681159646e-01,7.940000000000000000e+02
8.552765870585834485e-01,7.940000000000000000e+02
8.554807103490508213e-01,7.960000000000000000e+02
8.556848336395183052e-01,7.990000000000000000e+02
8.558889569299857891e-01,7.990000000000000000e+02
8.560930802204531620e-01,7.990000000000000000e+02
8.562972035109206459e-01,8.010000000000000000e+02
8.565013268013881298e-01,8.020000000000000000e+02
8.567054500918555027e-01,8.020000000000000000e+02
8.569095733823229866e-01,8.020000000000000000e+02
8.571136966727903594e-01,8.040000000000000000e+02
8.573178199632578433e-01,8.050000000000000000e+02
8.575219432537253272e-01,8.050000000000000000e+02
8.577260665441927001e-01,8.060000000000000000e+02
8.579301898346601840e-01,8.060000000000000000e+02
8.581343131251276679e-01,8.070000000000000000e+02
8.583384364155950408e-01,8.080000000000000000e+02
8.585425597060625247e-01,8.090000000000000000e+02
8.587466829965298976e-01,8.090000000000000000e+02
8.589508062869973815e-01,8.090000000000000000e+02
8.591549295774648654e-01,8.110000000000000000e+02
8.593590528679322382e-01,8.110000000000000000e+02
8.595631761583997221e-01,8.120000000000000000e+02
8.597672994488672060e-01,8.140000000000000000e+02
8.599714227393345789e-01,8.140000000000000000e+02
8.601755460298020628e-01,8.140000000000000000e+02
8.603796693202694357e-01,8.160000000000000000e+02
8.605837926107369196e-01,8.160000000000000000e+02
8.607879159012044035e-01,8.160000000000000000e+02
8.609920391916717763e-01,8.180000000000000000e+02
8.611961624821392602e-01,8.180000000000000000e+02
8.614002857726067441e-01,8.210000000000000000e+02
8.616044090630741170e-01,8.220000000000000000e+02
8.618085323535416009e-01,8.220000000000000000e+02
8.620126556440089738e-01,8.230000000000000000e+02
8.622167789344764577e-01,8.230000000000000000e+02
8.624209022249439416e-01,8.240000000000000000e+02
8.626250255154113145e-01,8.240000000000000000e+02
8.628291488058787984e-01,8.250000000000000000e+02
8.630332720963462823e-01,8.260000000000000000e+02
8.632373953868136551e-01,8.260000000000000000e+02
8.634415186772811390e-01,8.270000000000000000e+02
8.636456419677485119e-01,8.290000000000000000e+02
8.638497652582159958e-01,8.290000000000000000e+02
8.640538885486834797e-01,8.290000000000000000e+02
8.642580118391508526e-01,8.290000000000000000e+02
8.644621351296183365e-01,8.320000000000000000e+02
8.646662584200858204e-01,8.320000000000000000e+02
8.648703817105531932e-01,8.330000000000000000e+02
8.650745050010206771e-01,8.340000000000000000e+02
8.652786282914880500e-01,8.350000000000000000e+02
8.654827515819555339e-01,8.350000000000000000e+02
8.656868748724230178e-01,8.360000000000000000e+02
8.658909981628903907e-01,8.360000000000000000e+02
8.660951214533578746e-01,8.370000000000000000e+02
8.662992447438253585e-01,8.380000000000000000e+02
8.665033680342927314e-01,8.400000000000000000e+02
8.667074913247602153e-01,8.420000000000000000e+02
8.669116146152275881e-01,8.420000000000000000e+02
8.671157379056950720e-01,8.430000000000000000e+02
8.673198611961625559e-01,8.440000000000000000e+02
8.675239844866299288e-01,8.460000000000000000e+02
8.677281077770974127e-01,8.460000000000000000e+02
8.679322310675648966e-01,8.490000000000000000e+02
8.681363543580322695e-01,8.500000000000000000e+02
8.683404776484997534e-01,8.510000000000000000e+02
8.685446009389671262e-01,8.510000000000000000e+02
8.687487242294346101e-01,8.520000000000000000e+02
8.689528475199020940e-01,8.530000000000000000e+02
8.691569708103694669e-01,8.530000000000000000e+02
8.693610941008369508e-01,8.540000000000000000e+02
8.695652173913044347e-01,8.550000000000000000e+02
8.697693406817718076e-01,8.550000000000000000e+02
8.699734639722392915e-01,8.550000000000000000e+02
8.701775872627066644e-01,8.560000000000000000e+02
8.703817105531741483e-01,8.600000000000000000e+02
8.705858338436416322e-01,8.610000000000000000e+02
8.707899571341090050e-01,8.620000000000000000e+02
8.709940804245764889e-01,8.630000000000000000e+02
8.711982037150439728e-01,8.640000000000000000e+02
8.714023270055113457e-01,8.650000000000000000e+02
8.716064502959788296e-01,8.660000000000000000e+02
8.718105735864463135e-01,8.670000000000000000e+02
8.720146968769136864e-01,8.680000000000000000e+02
8.722188201673811703e-01,8.690000000000000000e+02
8.724229434578485431e-01,8.700000000000000000e+02
8.726270667483160270e-01,8.700000000000000000e+02
8.728311900387835109e-01,8.700000000000000000e+02
8.730353133292508838e-01,8.710000000000000000e+02
8.732394366197183677e-01,8.710000000000000000e+02
8.734435599101858516e-01,8.730000000000000000e+02
8.736476832006532245e-01,8.750000000000000000e+02
8.738518064911207084e-01,8.760000000000000000e+02
8.740559297815880813e-01,8.760000000000000000e+02
8.742600530720555652e-01,8.770000000000000000e+02
8.744641763625230491e-01,8.770000000000000000e+02
8.746682996529904219e-01,8.780000000000000000e+02
8.748724229434579058e-01,8.790000000000000000e+02
8.750765462339253897e-01,8.800000000000000000e+02
8.752806695243927626e-01,8.800000000000000000e+02
8.754847928148602465e-01,8.820000000000000000e+02
8.756889161053276194e-01,8.840000000000000000e+02
8.758930393957951033e-01,8.850000000000000000e+02
8.760971626862625872e-01,8.860000000000000000e+02
8.763012859767299600e-01,8.860000000000000000e+02
8.765054092671974439e-01,8.860000000000000000e+02
8.767095325576649278e-01,8.860000000000000000e+02
8.769136558481323007e-01,8.870000000000000000e+02
8.771177791385997846e-01,8.880000000000000000e+02
8.773219024290671575e-01,8.880000000000000000e+02
8.775260257195346414e-01,8.920000000000000000e+02
8.777301490100021253e-01,8.920000000000000000e+02
8.779342723004694982e-01,8.930000000000000000e+02
8.781383955909369821e-01,8.950000000000000000e+02
8.783425188814044660e-01,8.980000000000000000e+02
8.785466421718718388e-01,8.980000000000000000e+02
8.787507654623393227e-01,8.980000000000000000e+02
8.789548887528066956e-01,9.010000000000000000e+02
8.791590120432741795e-01,9.010000000000000000e+02
8.793631353337416634e-01,9.020000000000000000e+02
8.795672586242090363e-01,9.020000000000000000e+02
8.797713819146765202e-01,9.030000000000000000e+02
8.799755052051440041e-01,9.040000000000000000e+02
8.801796284956113769e-01,9.060000000000000000e+02
8.803837517860788608e-01,9.070000000000000000e+02
8.805878750765462337e-01,9.070000000000000000e+02
8.807919983670137176e-01,9.100000000000000000e+02
8.809961216574812015e-01,9.100000000000000000e+02
8.812002449479485744e-01,9.100000000000000000e+02
8.814043682384160583e-01,9.110000000000000000e+02
8.816084915288835422e-01,9.110000000000000000e+02
8.818126148193509151e-01,9.120000000000000000e+02
8.820167381098183990e-01,9.130000000000000000e+02
8.822208614002857718e-01,9.130000000000000000e+02
8.824249846907532557e-01,9.140000000000000000e+02
8.826291079812207396e-01,9.160000000000000000e+02
8.828332312716881125e-01,9.170000000000000000e+02
8.830373545621555964e-01,9.170000000000000000e+02
8.832414778526230803e-01,9.180000000000000000e+02
8.834456011430904532e-01,9.180000000000000000e+02
8.836497244335579371e-01,9.180000000000000000e+02
8.838538477240253100e-01,9.180000000000000000e+02
8.840579710144927938e-01,9.190000000000000000e+02
8.842620943049602777e-01,9.200000000000000000e+02
8.844662175954276506e-01,9.250000000000000000e+02
8.846703408858951345e-01,9.250000000000000000e+02
8.848744641763626184e-01,9.250000000000000000e+02
8.850785874668299913e-01,9.260000000000000000e+02
8.852827107572974752e-01,9.270000000000000000e+02
8.854868340477648481e-01,9.270000000000000000e+02
8.856909573382323320e-01,9.270000000000000000e+02
8.858950806286998159e-01,9.280000000000000000e+02
8.860992039191671887e-01,9.330000000000000000e+02
8.863033272096346726e-01,9.360000000000000000e+02
8.865074505001021565e-01,9.370000000000000000e+02
8.867115737905695294e-01,9.370000000000000000e+02
8.869156970810370133e-01,9.380000000000000000e+02
8.871198203715043862e-01,9.390000000000000000e+02
8.873239436619718701e-01,9.400000000000000000e+02
8.875280669524393540e-01,9.410000000000000000e+02
8.877321902429067269e-01,9.420000000000000000e+02
8.879363135333742107e-01,9.430000000000000000e+02
8.881404368238416946e-01,9.430000000000000000e+02
8.883445601143090675e-01,9.450000000000000000e+02
8.885486834047765514e-01,9.460000000000000000e+02
8.887528066952439243e-01,9.480000000000000000e+02
8.889569299857114082e-01,9.490000000000000000e+02
8.891610532761788921e-01,9.510000000000000000e+02
8.893651765666462650e-01,9.530000000000000000e+02
8.895692998571137489e-01,9.540000000000000000e+02
8.897734231475812328e-01,9.550000000000000000e+02
8.899775464380486056e-01,9.600000000000000000e+02
8.901816697285160895e-01,9.610000000000000000e+02
8.903857930189834624e-01,9.610000000000000000e+02
8.905899163094509463e-01,9.620000000000000000e+02
8.907940395999184302e-01,9.630000000000000000e+02
8.909981628903858031e-01,9.630000000000000000e+02
8.912022861808532870e-01,9.630000000000000000e+02
8.914064094713207709e-01,9.640000000000000000e+02
8.916105327617881438e-01,9.660000000000000000e+02
8.918146560522556276e-01,9.660000000000000000e+02
8.920187793427230005e-01,9.670000000000000000e+02
8.922229026331904844e-01,9.680000000000000000e+02
8.924270259236579683e-01,9.690000000000000000e+02
8.926311492141253412e-01,9.700000000000000000e+02
8.928352725045928251e-01,9.710000000000000000e+02
8.930393957950603090e-01,9.720000000000000000e+02
8.932435190855276819e-01,9.730000000000000000e+02
8.934476423759951658e-01,9.740000000000000000e+02
8.936517656664625386e-01,9.740000000000000000e+02
8.938558889569300225e-01,9.750000000000000000e+02
8.940600122473975064e-01,9.760000000000000000e+02
8.942641355378648793e-01,9.760000000000000000e+02
8.944682588283323632e-01,9.760000000000000000e+02
8.946723821187998471e-01,9.780000000000000000e+02
8.948765054092672200e-01,9.780000000000000000e+02
8.950806286997347039e-01,9.780000000000000000e+02
8.952847519902020768e-01,9.790000000000000000e+02
8.954888752806695607e-01,9.810000000000000000e+02
8.956929985711370446e-01,9.820000000000000000e+02
8.958971218616044174e-01,9.850000000000000000e+02
8.961012451520719013e-01,9.860000000000000000e+02
8.963053684425393852e-01,9.880000000000000000e+02
8.965094917330067581e-01,9.890000000000000000e+02
8.967136150234742420e-01,9.910000000000000000e+02
8.969177383139416149e-01,9.940000000000000000e+02
8.971218616044090988e-01,9.940000000000000000e+02
8.973259848948765827e-01,9.960000000000000000e+02
8.975301081853439555e-01,9.980000000000000000e+02
8.977342314758114394e-01,9.990000000000000000e+02
8.979383547662789233e-01,1.001000000000000000e+03
8.981424780567462962e-01,1.001000000000000000e+03
8.983466013472137801e-01,1.002000000000000000e+03
8.985507246376811530e-01,1.003000000000000000e+03
8.987548479281486369e-01,1.004000000000000000e+03
8.989589712186161208e-01,1.004000000000000000e+03
8.991630945090834937e-01,1.005000000000000000e+03
8.993672177995509776e-01,1.006000000000000000e+03
8.995713410900184615e-01,1.007000000000000000e+03
8.997754643804858343e-01,1.007000000000000000e+03
8.999795876709533182e-01,1.009000000000000000e+03
9.001837109614206911e-01,1.011000000000000000e+03
9.003878342518881750e-01,1.012000000000000000e+03
9.005919575423556589e-01,1.012000000000000000e+03
9.007960808328230318e-01,1.012000000000000000e+03
9.010002041232905157e-01,1.013000000000000000e+03
9.012043274137579996e-01,1.015000000000000000e+03
9.014084507042253724e-01,1.016000000000000000e+03
9.016125739946928563e-01,1.016000000000000000e+03
9.018166972851602292e-01,1.018000000000000000e+03
9.020208205756277131e-01,1.020000000000000000e+03
9.022249438660951970e-01,1.022000000000000000e+03
9.024290671565625699e-01,1.023000000000000000e+03
9.026331904470300538e-01,1.023000000000000000e+03
9.028373137374975377e-01,1.024000000000000000e+03
9.030414370279649106e-01,1.025000000000000000e+03
9.032455603184323945e-01,1.027000000000000000e+03
9.034496836088997673e-01,1.027000000000000000e+03
9.036538068993672512e-01,1.028000000000000000e+03
9.038579301898347351e-01,1.033000000000000000e+03
9.040620534803021080e-01,1.034000000000000000e+03
9.042661767707695919e-01,1.034000000000000000e+03
9.044703000612370758e-01,1.034000000000000000e+03
9.046744233517044487e-01,1.035000000000000000e+03
9.048785466421719326e-01,1.038000000000000000e+03
9.050826699326393054e-01,1.039000000000000000e+03
9.052867932231067893e-01,1.042000000000000000e+03
9.054909165135742732e-01,1.042000000000000000e+03
9.056950398040416461e-01,1.043000000000000000e+03
9.058991630945091300e-01,1.044000000000000000e+03
9.061032863849766139e-01,1.044000000000000000e+03
9.063074096754439868e-01,1.046000000000000000e+03
9.065115329659114707e-01,1.047000000000000000e+03
9.067156562563789546e-01,1.050000000000000000e+03
9.069197795468463275e-01,1.050000000000000000e+03
9.071239028373138114e-01,1.050000000000000000e+03
9.073280261277811842e-01,1.051000000000000000e+03
9.075321494182486681e-01,1.054000000000000000e+03
9.077362727087161520e-01,1.055000000000000000e+03
9.079403959991835249e-01,1.058000000000000000e+03
9.081445192896510088e-01,1.060000000000000000e+03
9.083486425801184927e-01,1.060000000000000000e+03
9.085527658705858656e-01,1.061000000000000000e+03
9.087568891610533495e-01,1.063000000000000000e+03
9.089610124515207223e-01,1.063000000000000000e+03
9.091651357419882062e-01,1.065000000000000000e+03
9.093692590324556901e-01,1.066000000000000000e+03
9.095733823229230630e-01,1.066000000000000000e+03
9.097775056133905469e-01,1.068000000000000000e+03
9.099816289038580308e-01,1.068000000000000000e+03
9.101857521943254037e-01,1.069000000000000000e+03
9.103898754847928876e-01,1.070000000000000000e+03
9.105939987752602605e-01,1.070000000000000000e+03
9.107981220657277444e-01,1.071000000000000000e+03
9.110022453561952283e-01,1.073000000000000000e+03
9.112063686466626011e-01,1.073000000000000000e+03
9.114104919371300850e-01,1.073000000000000000e+03
9.116146152275975689e-01,1.076000000000000000e+03
9.118187385180649418e-01,1.077000000000000000e+03
9.120228618085324257e-01,1.079000000000000000e+03
9.122269850989997986e-01,1.079000000000000000e+03
9.124311083894672825e-01,1.081000000000000000e+03
9.126352316799347664e-01,1.082000000000000000e+03
9.128393549704021392e-01,1.083000000000000000e+03
9.130434782608696231e-01,1.087000000000000000e+03
9.132476015513371070e-01,1.088000000000000000e+03
9.134517248418044799e-01,1.089000000000000000e+03
9.136558481322719638e-01,1.089000000000000000e+03
9.138599714227393367e-01,1.091000000000000000e+03
9.140640947132068206e-01,1.091000000000000000e+03
9.142682180036743045e-01,1.092000000000000000e+03
9.144723412941416774e-01,1.094000000000000000e+03
9.146764645846091613e-01,1.100000000000000000e+03
9.148805878750766452e-01,1.100000000000000000e+03
9.150847111655440180e-01,1.106000000000000000e+03
9.152888344560115019e-01,1.112000000000000000e+03
9.154929577464788748e-01,1.114000000000000000e+03
9.156970810369463587e-01,1.115000000000000000e+03
9.159012043274138426e-01,1.116000000000000000e+03
9.161053276178812155e-01,1.117000000000000000e+03
9.163094509083486994e-01,1.118000000000000000e+03
9.165135741988161833e-01,1.120000000000000000e+03
9.167176974892835561e-01,1.121000000000000000e+03
9.169218207797510400e-01,1.127000000000000000e+03
9.171259440702184129e-01,1.129000000000000000e+03
9.173300673606858968e-01,1.131000000000000000e+03
9.175341906511533807e-01,1.132000000000000000e+03
9.177383139416207536e-01,1.132000000000000000e+03
9.179424372320882375e-01,1.134000000000000000e+03
9.181465605225557214e-01,1.134000000000000000e+03
9.183506838130230943e-01,1.134000000000000000e+03
9.185548071034905782e-01,1.137000000000000000e+03
9.187589303939579510e-01,1.139000000000000000e+03
9.189630536844254349e-01,1.140000000000000000e+03
9.191671769748929188e-01,1.143000000000000000e+03
9.193713002653602917e-01,1.148000000000000000e+03
9.195754235558277756e-01,1.150000000000000000e+03
9.197795468462952595e-01,1.150000000000000000e+03
9.199836701367626324e-01,1.153000000000000000e+03
9.201877934272301163e-01,1.155000000000000000e+03
9.203919167176974891e-01,1.156000000000000000e+03
9.205960400081649730e-01,1.159000000000000000e+03
9.208001632986324569e-01,1.160000000000000000e+03
9.210042865890998298e-01,1.161000000000000000e+03
9.212084098795673137e-01,1.161000000000000000e+03
9.214125331700347976e-01,1.164000000000000000e+03
9.216166564605021705e-01,1.165000000000000000e+03
9.218207797509696544e-01,1.166000000000000000e+03
9.220249030414370273e-01,1.170000000000000000e+03
9.222290263319045112e-01,1.172000000000000000e+03
9.224331496223719951e-01,1.174000000000000000e+03
9.226372729128393679e-01,1.176000000000000000e+03
9.228413962033068518e-01,1.177000000000000000e+03
9.230455194937743357e-01,1.177000000000000000e+03
9.232496427842417086e-01,1.178000000000000000e+03
9.234537660747091925e-01,1.186000000000000000e+03
9.236578893651765654e-01,1.188000000000000000e+03
9.238620126556440493e-01,1.191000000000000000e+03
9.240661359461115332e-01,1.193000000000000000e+03
9.242702592365789060e-01,1.195000000000000000e+03
9.244743825270463899e-01,1.195000000000000000e+03
9.246785058175138738e-01,1.196000000000000000e+03
9.248826291079812467e-01,1.200000000000000000e+03
9.250867523984487306e-01,1.205000000000000000e+03
9.252908756889161035e-01,1.206000000000000000e+03
9.254949989793835874e-01,1.206000000000000000e+03
9.256991222698510713e-01,1.209000000000000000e+03
9.259032455603184442e-01,1.210000000000000000e+03
9.261073688507859281e-01,1.213000000000000000e+03
9.263114921412534120e-01,1.215000000000000000e+03
9.265156154317207848e-01,1.215000000000000000e+03
9.267197387221882687e-01,1.216000000000000000e+03
9.269238620126556416e-01,1.216000000000000000e+03
9.271279853031231255e-01,1.217000000000000000e+03
9.273321085935906094e-01,1.218000000000000000e+03
9.275362318840579823e-01,1.219000000000000000e+03
9.277403551745254662e-01,1.222000000000000000e+03
9.279444784649929501e-01,1.223000000000000000e+03
9.281486017554603229e-01,1.225000000000000000e+03
9.283527250459278068e-01,1.226000000000000000e+03
9.285568483363951797e-01,1.226000000000000000e+03
9.287609716268626636e-01,1.229000000000000000e+03
9.289650949173301475e-01,1.230000000000000000e+03
9.291692182077975204e-01,1.233000000000000000e+03
9.293733414982650043e-01,1.237000000000000000e+03
9.295774647887324882e-01,1.239000000000000000e+03
9.297815880791998611e-01,1.241000000000000000e+03
9.299857113696673450e-01,1.242000000000000000e+03
9.301898346601347178e-01,1.246000000000000000e+03
9.303939579506022017e-01,1.246000000000000000e+03
9.305980812410696856e-01,1.247000000000000000e+03
9.308022045315370585e-01,1.256000000000000000e+03
9.310063278220045424e-01,1.262000000000000000e+03
9.312104511124720263e-01,1.262000000000000000e+03
9.314145744029393992e-01,1.270000000000000000e+03
9.316186976934068831e-01,1.273000000000000000e+03
9.318228209838742560e-01,1.275000000000000000e+03
9.320269442743417398e-01,1.278000000000000000e+03
9.322310675648092237e-01,1.280000000000000000e+03
9.324351908552765966e-01,1.282000000000000000e+03
9.326393141457440805e-01,1.284000000000000000e+03
9.328434374362115644e-01,1.284000000000000000e+03
9.330475607266789373e-01,1.299000000000000000e+03
9.332516840171464212e-01,1.299000000000000000e+03
9.334558073076137941e-01,1.300000000000000000e+03
9.336599305980812780e-01,1.301000000000000000e+03
9.338640538885487619e-01,1.302000000000000000e+03
9.340681771790161347e-01,1.302000000000000000e+03
9.342723004694836186e-01,1.303000000000000000e+03
9.344764237599511025e-01,1.305000000000000000e+03
9.346805470504184754e-01,1.312000000000000000e+03
9.348846703408859593e-01,1.317000000000000000e+03
9.350887936313533322e-01,1.317000000000000000e+03
9.352929169218208161e-01,1.317000000000000000e+03
9.354970402122883000e-01,1.321000000000000000e+03
9.357011635027556729e-01,1.325000000000000000e+03
9.359052867932231567e-01,1.327000000000000000e+03
9.361094100836906406e-01,1.330000000000000000e+03
9.363135333741580135e-01,1.334000000000000000e+03
9.365176566646254974e-01,1.335000000000000000e+03
9.367217799550928703e-01,1.336000000000000000e+03
9.369259032455603542e-01,1.336000000000000000e+03
9.371300265360278381e-01,1.336000000000000000e+03
9.373341498264952110e-01,1.338000000000000000e+03
9.375382731169626949e-01,1.351000000000000000e+03
9.377423964074301788e-01,1.352000000000000000e+03
9.379465196978975516e-01,1.357000000000000000e+03
9.381506429883650355e-01,1.359000000000000000e+03
9.383547662788324084e-01,1.359000000000000000e+03
9.385588895692998923e-01,1.360000000000000000e+03
9.387630128597673762e-01,1.364000000000000000e+03
9.389671361502347491e-01,1.365000000000000000e+03
9.391712594407022330e-01,1.366000000000000000e+03
9.393753827311697169e-01,1.367000000000000000e+03
9.395795060216370898e-01,1.370000000000000000e+03
9.397836293121045736e-01,1.370000000000000000e+03
9.399877526025719465e-01,1.371000000000000000e+03
9.401918758930394304e-01,1.372000000000000000e+03
9.403959991835069143e-01,1.374000000000000000e+03
9.406001224739742872e-01,1.374000000000000000e+03
9.408042457644417711e-01,1.379000000000000000e+03
9.410083690549092550e-01,1.380000000000000000e+03
9.412124923453766279e-01,1.387000000000000000e+03
9.414166156358441118e-01,1.389000000000000000e+03
9.416207389263115957e-01,1.396000000000000000e+03
9.418248622167789685e-01,1.398000000000000000e+03
9.420289855072464524e-01,1.399000000000000000e+03
9.422331087977138253e-01,1.403000000000000000e+03
9.424372320881813092e-01,1.408000000000000000e+03
9.426413553786487931e-01,1.410000000000000000e+03
9.428454786691161660e-01,1.411000000000000000e+03
9.430496019595836499e-01,1.412000000000000000e+03
9.432537252500511338e-01,1.412000000000000000e+03
9.434578485405185067e-01,1.423000000000000000e+03
9.436619718309859906e-01,1.427000000000000000e+03
9.438660951214533634e-01,1.432000000000000000e+03
9.440702184119208473e-01,1.435000000000000000e+03
9.442743417023883312e-01,1.436000000000000000e+03
9.444784649928557041e-01,1.437000000000000000e+03
9.446825882833231880e-01,1.438000000000000000e+03
9.448867115737906719e-01,1.464000000000000000e+03
9.450908348642580448e-01,1.465000000000000000e+03
9.452949581547255287e-01,1.468000000000000000e+03
9.454990814451929015e-01,1.471000000000000000e+03
9.457032047356603854e-01,1.472000000000000000e+03
9.459073280261278693e-01,1.473000000000000000e+03
9.461114513165952422e-01,1.473000000000000000e+03
9.463155746070627261e-01,1.476000000000000000e+03
9.465196978975302100e-01,1.480000000000000000e+03
9.467238211879975829e-01,1.485000000000000000e+03
9.469279444784650668e-01,1.486000000000000000e+03
9.471320677689324397e-01,1.490000000000000000e+03
9.473361910593999236e-01,1.502000000000000000e+03
9.475403143498674075e-01,1.502000000000000000e+03
9.477444376403347803e-01,1.505000000000000000e+03
9.479485609308022642e-01,1.507000000000000000e+03
9.481526842212697481e-01,1.509000000000000000e+03
9.483568075117371210e-01,1.512000000000000000e+03
9.485609308022046049e-01,1.512000000000000000e+03
9.487650540926719778e-01,1.513000000000000000e+03
9.489691773831394617e-01,1.514000000000000000e+03
9.491733006736069456e-01,1.515000000000000000e+03
9.493774239640743184e-01,1.526000000000000000e+03
9.495815472545418023e-01,1.529000000000000000e+03
9.497856705450092862e-01,1.531000000000000000e+03
9.499897938354766591e-01,1.532000000000000000e+03
9.501939171259441430e-01,1.536000000000000000e+03
9.503980404164115159e-01,1.537000000000000000e+03
9.506021637068789998e-01,1.537000000000000000e+03
9.508062869973464837e-01,1.544000000000000000e+03
9.510104102878138566e-01,1.544000000000000000e+03
9.512145335782813405e-01,1.544000000000000000e+03
9.514186568687488244e-01,1.549000000000000000e+03
9.516227801592161972e-01,1.557000000000000000e+03
9.518269034496836811e-01,1.559000000000000000e+03
9.520310267401510540e-01,1.563000000000000000e+03
9.522351500306185379e-01,1.578000000000000000e+03
9.524392733210860218e-01,1.586000000000000000e+03
9.526433966115533947e-01,1.588000000000000000e+03
9.528475199020208786e-01,1.591000000000000000e+03
9.530516431924883625e-01,1.594000000000000000e+03
9.532557664829557353e-01,1.598000000000000000e+03
9.534598897734232192e-01,1.601000000000000000e+03
9.536640130638905921e-01,1.601000000000000000e+03
9.538681363543580760e-01,1.602000000000000000e+03
9.540722596448255599e-01,1.606000000000000000e+03
9.542763829352929328e-01,1.612000000000000000e+03
9.544805062257604167e-01,1.615000000000000000e+03
9.546846295162279006e-01,1.617000000000000000e+03
9.548887528066952735e-01,1.618000000000000000e+03
9.550928760971627574e-01,1.623000000000000000e+03
9.552969993876301302e-01,1.630000000000000000e+03
9.555011226780976141e-01,1.632000000000000000e+03
9.557052459685650980e-01,1.634000000000000000e+03
9.559093692590324709e-01,1.636000000000000000e+03
9.561134925494999548e-01,1.650000000000000000e+03
9.563176158399674387e-01,1.676000000000000000e+03
9.565217391304348116e-01,1.679000000000000000e+03
9.567258624209022955e-01,1.687000000000000000e+03
9.569299857113696683e-01,1.691000000000000000e+03
9.571341090018371522e-01,1.704000000000000000e+03
9.573382322923046361e-01,1.706000000000000000e+03
9.575423555827720090e-01,1.713000000000000000e+03
9.577464788732394929e-01,1.716000000000000000e+03
9.579506021637069768e-01,1.717000000000000000e+03
9.581547254541743497e-01,1.721000000000000000e+03
9.583588487446418336e-01,1.722000000000000000e+03
9.585629720351092065e-01,1.725000000000000000e+03
9.587670953255766904e-01,1.734000000000000000e+03
9.589712186160441743e-01,1.736000000000000000e+03
9.591753419065115471e-01,1.744000000000000000e+03
9.593794651969790310e-01,1.751000000000000000e+03
9.595835884874465149e-01,1.755000000000000000e+03
9.597877117779138878e-01,1.765000000000000000e+03
9.599918350683813717e-01,1.771000000000000000e+03
9.601959583588487446e-01,1.775000000000000000e+03
9.604000816493162285e-01,1.780000000000000000e+03
9.606042049397837124e-01,1.795000000000000000e+03
9.608083282302510852e-01,1.797000000000000000e+03
9.610124515207185691e-01,1.798000000000000000e+03
9.612165748111860530e-01,1.809000000000000000e+03
9.614206981016534259e-01,1.816000000000000000e+03
9.616248213921209098e-01,1.820000000000000000e+03
9.618289446825882827e-01,1.829000000000000000e+03
9.620330679730557666e-01,1.835000000000000000e+03
9.622371912635232505e-01,1.837000000000000000e+03
9.624413145539906234e-01,1.837000000000000000e+03
9.626454378444581073e-01,1.842000000000000000e+03
9.628495611349255912e-01,1.842000000000000000e+03
9.630536844253929640e-01,1.845000000000000000e+03
9.632578077158604479e-01,1.855000000000000000e+03
9.634619310063278208e-01,1.866000000000000000e+03
9.636660542967953047e-01,1.868000000000000000e+03
9.638701775872627886e-01,1.869000000000000000e+03
9.640743008777301615e-01,1.870000000000000000e+03
9.642784241681976454e-01,1.871000000000000000e+03
9.644825474586651293e-01,1.874000000000000000e+03
9.646866707491325021e-01,1.878000000000000000e+03
9.648907940395999860e-01,1.902000000000000000e+03
9.650949173300673589e-01,1.903000000000000000e+03
9.652990406205348428e-01,1.912000000000000000e+03
9.655031639110023267e-01,1.918000000000000000e+03
9.657072872014696996e-01,1.925000000000000000e+03
9.659114104919371835e-01,1.934000000000000000e+03
9.661155337824046674e-01,1.937000000000000000e+03
9.663196570728720403e-01,1.939000000000000000e+03
9.665237803633395242e-01,1.942000000000000000e+03
9.667279036538068970e-01,1.956000000000000000e+03
9.669320269442743809e-01,1.999000000000000000e+03
9.671361502347418648e-01,2.011000000000000000e+03
9.673402735252092377e-01,2.023000000000000000e+03
9.675443968156767216e-01,2.034000000000000000e+03
9.677485201061442055e-01,2.037000000000000000e+03
9.679526433966115784e-01,2.043000000000000000e+03
9.681567666870790623e-01,2.048000000000000000e+03
9.683608899775464351e-01,2.051000000000000000e+03
9.685650132680139190e-01,2.064000000000000000e+03
9.687691365584814029e-01,2.070000000000000000e+03
9.689732598489487758e-01,2.081000000000000000e+03
9.691773831394162597e-01,2.090000000000000000e+03
9.693815064298837436e-01,2.097000000000000000e+03
9.695856297203511165e-01,2.105000000000000000e+03
9.697897530108186004e-01,2.119000000000000000e+03
9.699938763012859733e-01,2.131000000000000000e+03
9.701979995917534572e-01,2.134000000000000000e+03
9.704021228822209411e-01,2.139000000000000000e+03
9.706062461726883139e-01,2.139000000000000000e+03
9.708103694631557978e-01,2.149000000000000000e+03
9.710144927536232817e-01,2.149000000000000000e+03
9.712186160440906546e-01,2.151000000000000000e+03
9.714227393345581385e-01,2.151000000000000000e+03
9.716268626250255114e-01,2.156000000000000000e+03
9.718309859154929953e-01,2.158000000000000000e+03
9.720351092059604792e-01,2.159000000000000000e+03
9.722392324964278520e-01,2.166000000000000000e+03
9.724433557868953359e-01,2.167000000000000000e+03
9.726474790773628198e-01,2.175000000000000000e+03
9.728516023678301927e-01,2.182000000000000000e+03
9.730557256582976766e-01,2.199000000000000000e+03
9.732598489487650495e-01,2.234000000000000000e+03
9.734639722392325334e-01,2.238000000000000000e+03
9.736680955297000173e-01,2.243000000000000000e+03
9.738722188201673902e-01,2.256000000000000000e+03
9.740763421106348741e-01,2.261000000000000000e+03
9.742804654011023580e-01,2.262000000000000000e+03
9.744845886915697308e-01,2.270000000000000000e+03
9.746887119820372147e-01,2.304000000000000000e+03
9.748928352725045876e-01,2.308000000000000000e+03
9.750969585629720715e-01,2.310000000000000000e+03
9.753010818534395554e-01,2.311000000000000000e+03
9.755052051439069283e-01,2.314000000000000000e+03
9.757093284343744122e-01,2.318000000000000000e+03
9.759134517248418961e-01,2.333000000000000000e+03
9.761175750153092689e-01,2.338000000000000000e+03
9.763216983057767528e-01,2.371000000000000000e+03
9.765258215962442367e-01,2.392000000000000000e+03
9.767299448867116096e-01,2.395000000000000000e+03
9.769340681771790935e-01,2.406000000000000000e+03
9.771381914676464664e-01,2.408000000000000000e+03
9.773423147581139503e-01,2.413000000000000000e+03
9.775464380485814342e-01,2.421000000000000000e+03
9.777505613390488071e-01,2.468000000000000000e+03
9.779546846295162910e-01,2.487000000000000000e+03
9.781588079199837749e-01,2.493000000000000000e+03
9.783629312104511477e-01,2.499000000000000000e+03
9.785670545009186316e-01,2.500000000000000000e+03
9.787711777913860045e-01,2.503000000000000000e+03
9.789753010818534884e-01,2.523000000000000000e+03
9.791794243723209723e-01,2.529000000000000000e+03
9.793835476627883452e-01,2.541000000000000000e+03
9.795876709532558291e-01,2.558000000000000000e+03
9.797917942437233130e-01,2.572000000000000000e+03
9.799959175341906858e-01,2.583000000000000000e+03
9.802000408246581697e-01,2.586000000000000000e+03
9.804041641151255426e-01,2.598000000000000000e+03
9.806082874055930265e-01,2.637000000000000000e+03
9.808124106960605104e-01,2.646000000000000000e+03
9.810165339865278833e-01,2.656000000000000000e+03
9.812206572769953672e-01,2.728000000000000000e+03
9.814247805674628511e-01,2.738000000000000000e+03
9.816289038579302240e-01,2.751000000000000000e+03
9.818330271483977079e-01,2.766000000000000000e+03
9.820371504388650807e-01,2.793000000000000000e+03
9.822412737293325646e-01,2.824000000000000000e+03
9.824453970198000485e-01,2.826000000000000000e+03
9.826495203102674214e-01,2.832000000000000000e+03
9.828536436007349053e-01,2.931000000000000000e+03
9.830577668912023892e-01,2.945000000000000000e+03
9.832618901816697621e-01,2.969000000000000000e+03
9.834660134721372460e-01,2.973000000000000000e+03
9.836701367626046189e-01,2.990000000000000000e+03
9.838742600530721027e-01,3.003000000000000000e+03
9.840783833435395866e-01,3.049000000000000000e+03
9.842825066340069595e-01,3.054000000000000000e+03
9.844866299244744434e-01,3.060000000000000000e+03
9.846907532149419273e-01,3.064000000000000000e+03
9.848948765054093002e-01,3.096000000000000000e+03
9.850989997958767841e-01,3.159000000000000000e+03
9.853031230863441570e-01,3.168000000000000000e+03
9.855072463768116409e-01,3.189000000000000000e+03
9.857113696672791248e-01,3.299000000000000000e+03
9.859154929577464976e-01,3.328000000000000000e+03
9.861196162482139815e-01,3.344000000000000000e+03
9.863237395386814654e-01,3.356000000000000000e+03
9.865278628291488383e-01,3.384000000000000000e+03
9.867319861196163222e-01,3.390000000000000000e+03
9.869361094100836951e-01,3.444000000000000000e+03
9.871402327005511790e-01,3.554000000000000000e+03
9.873443559910186629e-01,3.612000000000000000e+03
9.875484792814860358e-01,3.729000000000000000e+03
9.877526025719535197e-01,3.750000000000000000e+03
9.879567258624210035e-01,3.793000000000000000e+03
9.881608491528883764e-01,3.818000000000000000e+03
9.883649724433558603e-01,3.857000000000000000e+03
9.885690957338232332e-01,4.164000000000000000e+03
9.887732190242907171e-01,4.245000000000000000e+03
9.889773423147582010e-01,4.253000000000000000e+03
9.891814656052255739e-01,4.259000000000000000e+03
9.893855888956930578e-01,4.276000000000000000e+03
9.895897121861605417e-01,4.396000000000000000e+03
9.897938354766279145e-01,4.419000000000000000e+03
9.899979587670953984e-01,4.525000000000000000e+03
9.902020820575627713e-01,4.669000000000000000e+03
9.904062053480302552e-01,5.014000000000000000e+03
9.906103286384977391e-01,5.048000000000000000e+03
9.908144519289651120e-01,5.070000000000000000e+03
9.910185752194325959e-01,5.215000000000000000e+03
9.912226985099000798e-01,5.353000000000000000e+03
9.914268218003674527e-01,5.386000000000000000e+03
9.916309450908349366e-01,6.189000000000000000e+03
9.918350683813023094e-01,6.242000000000000000e+03
9.920391916717697933e-01,6.368000000000000000e+03
9.922433149622372772e-01,6.383000000000000000e+03
9.924474382527046501e-01,6.393000000000000000e+03
9.926515615431721340e-01,6.434000000000000000e+03
9.928556848336396179e-01,6.438000000000000000e+03
9.930598081241069908e-01,6.573000000000000000e+03
9.932639314145744747e-01,6.696000000000000000e+03
9.934680547050418475e-01,6.738000000000000000e+03
9.936721779955093314e-01,6.819000000000000000e+03
9.938763012859768153e-01,6.951000000000000000e+03
9.940804245764441882e-01,7.070000000000000000e+03
9.942845478669116721e-01,7.162000000000000000e+03
9.944886711573791560e-01,7.473000000000000000e+03
9.946927944478465289e-01,7.902000000000000000e+03
9.948969177383140128e-01,8.513000000000000000e+03
9.951010410287813857e-01,8.648000000000000000e+03
9.953051643192488696e-01,8.685000000000000000e+03
9.955092876097163535e-01,8.881000000000000000e+03
9.957134109001837263e-01,8.883000000000000000e+03
9.959175341906512102e-01,8.994000000000000000e+03
9.961216574811186941e-01,9.567000000000000000e+03
9.963257807715860670e-01,9.919000000000000000e+03
9.965299040620535509e-01,1.063400000000000000e+04
9.967340273525209238e-01,1.067900000000000000e+04
9.969381506429884077e-01,1.078700000000000000e+04
9.971422739334558916e-01,1.144100000000000000e+04
9.973463972239232644e-01,1.145100000000000000e+04
9.975505205143907483e-01,1.178800000000000000e+04
9.977546438048582322e-01,1.350100000000000000e+04
9.979587670953256051e-01,1.468000000000000000e+04
9.981628903857930890e-01,1.470900000000000000e+04
9.983670136762604619e-01,1.496200000000000000e+04
9.985711369667279458e-01,1.571900000000000000e+04
9.987752602571954297e-01,1.623300000000000000e+04
9.989793835476628026e-01,1.681500000000000000e+04
9.991835068381302865e-01,1.845400000000000000e+04
9.993876301285977704e-01,1.891600000000000000e+04
9.995917534190651432e-01,1.951900000000000000e+04
9.997958767095326271e-01,2.159900000000000000e+04
1.000000000000000000e+00,2.955700000000000000e+04
