0.000000000000000000e+00,7.500000000000000000e+01
2.794076557697680943e-04,1.130000000000000000e+02
5.588153115395361886e-04,1.580000000000000000e+02
8.382229673093042829e-04,2.050000000000000000e+02
1.117630623079072377e-03,5.770000000000000000e+02
1.397038278848840472e-03,7.160000000000000000e+02
1.676445934618608566e-03,7.460000000000000000e+02
1.955853590388376660e-03,8.190000000000000000e+02
2.235261246158144754e-03,8.220000000000000000e+02
2.514668901927912849e-03,1.022000000000000000e+03
2.794076557697680943e-03,1.034000000000000000e+03
3.073484213467449037e-03,1.254000000000000000e+03
3.352891869237217132e-03,1.281000000000000000e+03
3.632299525006985226e-03,1.292000000000000000e+03
3.911707180776753320e-03,1.409000000000000000e+03
4.191114836546521415e-03,1.420000000000000000e+03
4.470522492316289509e-03,1.423000000000000000e+03
4.749930148086057603e-03,1.437000000000000000e+03
5.029337803855825698e-03,1.472000000000000000e+03
5.308745459625593792e-03,1.481000000000000000e+03
5.588153115395361886e-03,1.553000000000000000e+03
5.867560771165129981e-03,1.621000000000000000e+03
6.146968426934898075e-03,1.622000000000000000e+03
6.426376082704666169e-03,1.643000000000000000e+03
6.705783738474434263e-03,1.671000000000000000e+03
6.985191394244202358e-03,1.723000000000000000e+03
7.264599050013970452e-03,1.809000000000000000e+03
7.544006705783738546e-03,1.826000000000000000e+03
7.823414361553506641e-03,1.889000000000000000e+03
8.102822017323273868e-03,1.930000000000000000e+03
8.382229673093042829e-03,2.013000000000000000e+03
8.661637328862811791e-03,2.065000000000000000e+03
8.941044984632579018e-03,2.086000000000000000e+03
9.220452640402346245e-03,2.208000000000000000e+03
9.499860296172115207e-03,2.301000000000000000e+03
9.779267951941884168e-03,2.360000000000000000e+03
1.005867560771165140e-02,2.471000000000000000e+03
1.033808326348141862e-02,2.616000000000000000e+03
1.061749091925118758e-02,2.658000000000000000e+03
1.089689857502095655e-02,2.724000000000000000e+03
1.117630623079072377e-02,2.827000000000000000e+03
1.145571388656049100e-02,2.833000000000000000e+03
1.173512154233025996e-02,2.967000000000000000e+03
1.201452919810002892e-02,3.080000000000000000e+03
1.229393685386979615e-02,3.166000000000000000e+03
1.257334450963956338e-02,3.297000000000000000e+03
1.285275216540933234e-02,3.326000000000000000e+03
1.313215982117910130e-02,3.356000000000000000e+03
1.341156747694886853e-02,3.404000000000000000e+03
1.369097513271863575e-02,3.550000000000000000e+03
1.397038278848840472e-02,3.660000000000000000e+03
1.424979044425817368e-02,3.884000000000000000e+03
1.452919810002794090e-02,3.990000000000000000e+03
1.480860575579770813e-02,4.165000000000000000e+03
1.508801341156747709e-02,4.179000000000000000e+03
1.536742106733724605e-02,4.192000000000000000e+03
1.564682872310701328e-02,4.219000000000000000e+03
1.592623637887678051e-02,4.281000000000000000e+03
1.620564403464654774e-02,4.313000000000000000e+03
1.648505169041631843e-02,4.331000000000000000e+03
1.676445934618608566e-02,4.427000000000000000e+03
1.704386700195585289e-02,4.449000000000000000e+03
1.732327465772562358e-02,4.471000000000000000e+03
1.760268231349539081e-02,4.481000000000000000e+03
1.788208996926515804e-02,4.553000000000000000e+03
1.816149762503492526e-02,4.749000000000000000e+03
1.844090528080469249e-02,4.764000000000000000e+03
1.872031293657446319e-02,4.778000000000000000e+03
1.899972059234423041e-02,4.995000000000000000e+03
1.927912824811399764e-02,5.001000000000000000e+03
1.955853590388376834e-02,5.033000000000000000e+03
1.983794355965353556e-02,5.131000000000000000e+03
2.011735121542330279e-02,5.131000000000000000e+03
2.039675887119307002e-02,5.177000000000000000e+03
2.067616652696283724e-02,5.179000000000000000e+03
2.095557418273260794e-02,5.344000000000000000e+03
2.123498183850237517e-02,5.358000000000000000e+03
2.151438949427214239e-02,5.380000000000000000e+03
2.179379715004191309e-02,5.436000000000000000e+03
2.207320480581168032e-02,5.474000000000000000e+03
2.235261246158144754e-02,5.483000000000000000e+03
2.263202011735121477e-02,5.557000000000000000e+03
2.291142777312098200e-02,5.596000000000000000e+03
2.319083542889075270e-02,5.637000000000000000e+03
2.347024308466051992e-02,5.648000000000000000e+03
2.374965074043028715e-02,5.660000000000000000e+03
2.402905839620005785e-02,5.675000000000000000e+03
2.430846605196982507e-02,5.719000000000000000e+03
2.458787370773959230e-02,5.839000000000000000e+03
2.486728136350935953e-02,5.853000000000000000e+03
2.514668901927912675e-02,5.925000000000000000e+03
2.542609667504889745e-02,6.021000000000000000e+03
2.570550433081866468e-02,6.138000000000000000e+03
2.598491198658843190e-02,6.302000000000000000e+03
2.626431964235820260e-02,6.390000000000000000e+03
2.654372729812796983e-02,6.406000000000000000e+03
2.682313495389773705e-02,6.410000000000000000e+03
2.710254260966750428e-02,6.528000000000000000e+03
2.738195026543727151e-02,6.557000000000000000e+03
2.766135792120704220e-02,6.588000000000000000e+03
2.794076557697680943e-02,6.679000000000000000e+03
2.822017323274657666e-02,6.773000000000000000e+03
2.849958088851634735e-02,6.937000000000000000e+03
2.877898854428611458e-02,6.940000000000000000e+03
2.905839620005588181e-02,7.017000000000000000e+03
2.933780385582564904e-02,7.347000000000000000e+03
2.961721151159541626e-02,7.425000000000000000e+03
2.989661916736518696e-02,7.489000000000000000e+03
3.017602682313495419e-02,7.507000000000000000e+03
3.045543447890472141e-02,7.672000000000000000e+03
3.073484213467449211e-02,7.708000000000000000e+03
3.101424979044425934e-02,7.947000000000000000e+03
3.129365744621402656e-02,7.978000000000000000e+03
3.157306510198379379e-02,8.077000000000000000e+03
3.185247275775356102e-02,8.193000000000000000e+03
3.213188041352332824e-02,8.223000000000000000e+03
3.241128806929309547e-02,8.291000000000000000e+03
3.269069572506286964e-02,8.316000000000000000e+03
3.297010338083263686e-02,8.334000000000000000e+03
3.324951103660240409e-02,8.621000000000000000e+03
3.352891869237217132e-02,8.626000000000000000e+03
3.380832634814193854e-02,8.683000000000000000e+03
3.408773400391170577e-02,8.727000000000000000e+03
3.436714165968147300e-02,8.766000000000000000e+03
3.464654931545124716e-02,8.798000000000000000e+03
3.492595697122101439e-02,8.818000000000000000e+03
3.520536462699078162e-02,8.822000000000000000e+03
3.548477228276054884e-02,8.853000000000000000e+03
3.576417993853031607e-02,8.923000000000000000e+03
3.604358759430008330e-02,9.140000000000000000e+03
3.632299525006985053e-02,9.178000000000000000e+03
3.660240290583961775e-02,9.242000000000000000e+03
3.688181056160938498e-02,9.461000000000000000e+03
3.716121821737915915e-02,9.494000000000000000e+03
3.744062587314892637e-02,9.506000000000000000e+03
3.772003352891869360e-02,9.529000000000000000e+03
3.799944118468846083e-02,9.558000000000000000e+03
3.827884884045822805e-02,9.587000000000000000e+03
3.855825649622799528e-02,9.588000000000000000e+03
3.883766415199776251e-02,9.693000000000000000e+03
3.911707180776753667e-02,9.738000000000000000e+03
3.939647946353730390e-02,9.833000000000000000e+03
3.967588711930707113e-02,1.011300000000000000e+04
3.995529477507683835e-02,1.021100000000000000e+04
4.023470243084660558e-02,1.022700000000000000e+04
4.051411008661637281e-02,1.028000000000000000e+04
4.079351774238614003e-02,1.041100000000000000e+04
4.107292539815590726e-02,1.048100000000000000e+04
4.135233305392567449e-02,1.049400000000000000e+04
4.163174070969544865e-02,1.050200000000000000e+04
4.191114836546521588e-02,1.057400000000000000e+04
4.219055602123498311e-02,1.066300000000000000e+04
4.246996367700475034e-02,1.070100000000000000e+04
4.274937133277451756e-02,1.071000000000000000e+04
4.302877898854428479e-02,1.074000000000000000e+04
4.330818664431405202e-02,1.074200000000000000e+04
4.358759430008382618e-02,1.074600000000000000e+04
4.386700195585359341e-02,1.077900000000000000e+04
4.414640961162336064e-02,1.098000000000000000e+04
4.442581726739312786e-02,1.114000000000000000e+04
4.470522492316289509e-02,1.114500000000000000e+04
4.498463257893266232e-02,1.125600000000000000e+04
4.526404023470242954e-02,1.126400000000000000e+04
4.554344789047219677e-02,1.131400000000000000e+04
4.582285554624196400e-02,1.131600000000000000e+04
4.610226320201173816e-02,1.136800000000000000e+04
4.638167085778150539e-02,1.139200000000000000e+04
4.666107851355127262e-02,1.140900000000000000e+04
4.694048616932103984e-02,1.143500000000000000e+04
4.721989382509080707e-02,1.156800000000000000e+04
4.749930148086057430e-02,1.158000000000000000e+04
4.777870913663034153e-02,1.162400000000000000e+04
4.805811679240011569e-02,1.168700000000000000e+04
4.833752444816988292e-02,1.171200000000000000e+04
4.861693210393965014e-02,1.172000000000000000e+04
4.889633975970941737e-02,1.175200000000000000e+04
4.917574741547918460e-02,1.176500000000000000e+04
4.945515507124895183e-02,1.180200000000000000e+04
4.973456272701871905e-02,1.191700000000000000e+04
5.001397038278848628e-02,1.200200000000000000e+04
5.029337803855825351e-02,1.200600000000000000e+04
5.057278569432802767e-02,1.220800000000000000e+04
5.085219335009779490e-02,1.243500000000000000e+04
5.113160100586756213e-02,1.243800000000000000e+04
5.141100866163732935e-02,1.245600000000000000e+04
5.169041631740709658e-02,1.246100000000000000e+04
5.196982397317686381e-02,1.255500000000000000e+04
5.224923162894663103e-02,1.257400000000000000e+04
5.252863928471640520e-02,1.270400000000000000e+04
5.280804694048617243e-02,1.279900000000000000e+04
5.308745459625593965e-02,1.280400000000000000e+04
5.336686225202570688e-02,1.284400000000000000e+04
5.364626990779547411e-02,1.285200000000000000e+04
5.392567756356524133e-02,1.302000000000000000e+04
5.420508521933500856e-02,1.304800000000000000e+04
5.448449287510477579e-02,1.316100000000000000e+04
5.476390053087454302e-02,1.317900000000000000e+04
5.504330818664431718e-02,1.327700000000000000e+04
5.532271584241408441e-02,1.331100000000000000e+04
5.560212349818385164e-02,1.337800000000000000e+04
5.588153115395361886e-02,1.339500000000000000e+04
5.616093880972338609e-02,1.344300000000000000e+04
5.644034646549315332e-02,1.350500000000000000e+04
5.671975412126292054e-02,1.354100000000000000e+04
5.699916177703269471e-02,1.370000000000000000e+04
5.727856943280246194e-02,1.381500000000000000e+04
5.755797708857222916e-02,1.394800000000000000e+04
5.783738474434199639e-02,1.402600000000000000e+04
5.811679240011176362e-02,1.403400000000000000e+04
5.839620005588153084e-02,1.417800000000000000e+04
5.867560771165129807e-02,1.424600000000000000e+04
5.895501536742106530e-02,1.430400000000000000e+04
5.923442302319083252e-02,1.438400000000000000e+04
5.951383067896060669e-02,1.441000000000000000e+04
5.979323833473037392e-02,1.443100000000000000e+04
6.007264599050014114e-02,1.449000000000000000e+04
6.035205364626990837e-02,1.451500000000000000e+04
6.063146130203967560e-02,1.458100000000000000e+04
6.091086895780944283e-02,1.458500000000000000e+04
6.119027661357921005e-02,1.460900000000000000e+04
6.146968426934898422e-02,1.467500000000000000e+04
6.174909192511875144e-02,1.467800000000000000e+04
6.202849958088851867e-02,1.469200000000000000e+04
6.230790723665828590e-02,1.469800000000000000e+04
6.258731489242805313e-02,1.470800000000000000e+04
6.286672254819782035e-02,1.472800000000000000e+04
6.314613020396758758e-02,1.475100000000000000e+04
6.342553785973735481e-02,1.475200000000000000e+04
6.370494551550712203e-02,1.475300000000000000e+04
6.398435317127688926e-02,1.486000000000000000e+04
6.426376082704665649e-02,1.486600000000000000e+04
6.454316848281642371e-02,1.507200000000000000e+04
6.482257613858619094e-02,1.521100000000000000e+04
6.510198379435597205e-02,1.525500000000000000e+04
6.538139145012573927e-02,1.530100000000000000e+04
6.566079910589550650e-02,1.533200000000000000e+04
6.594020676166527373e-02,1.540000000000000000e+04
6.621961441743504095e-02,1.543800000000000000e+04
6.649902207320480818e-02,1.552900000000000000e+04
6.677842972897457541e-02,1.568000000000000000e+04
6.705783738474434263e-02,1.586800000000000000e+04
6.733724504051410986e-02,1.603400000000000000e+04
6.761665269628387709e-02,1.603500000000000000e+04
6.789606035205364432e-02,1.612300000000000000e+04
6.817546800782341154e-02,1.623400000000000000e+04
6.845487566359317877e-02,1.623900000000000000e+04
6.873428331936294600e-02,1.631800000000000000e+04
6.901369097513271322e-02,1.633700000000000000e+04
6.929309863090249433e-02,1.637900000000000000e+04
6.957250628667226156e-02,1.646700000000000000e+04
6.985191394244202878e-02,1.648200000000000000e+04
7.013132159821179601e-02,1.651600000000000000e+04
7.041072925398156324e-02,1.663400000000000000e+04
7.069013690975133046e-02,1.675400000000000000e+04
7.096954456552109769e-02,1.676800000000000000e+04
7.124895222129086492e-02,1.686400000000000000e+04
7.152835987706063214e-02,1.688900000000000000e+04
7.180776753283039937e-02,1.689600000000000000e+04
7.208717518860016660e-02,1.690800000000000000e+04
7.236658284436993382e-02,1.711400000000000000e+04
7.264599050013970105e-02,1.713300000000000000e+04
7.292539815590946828e-02,1.717300000000000000e+04
7.320480581167923551e-02,1.720200000000000000e+04
7.348421346744900273e-02,1.724100000000000000e+04
7.376362112321876996e-02,1.736900000000000000e+04
7.404302877898855106e-02,1.737900000000000000e+04
7.432243643475831829e-02,1.744400000000000000e+04
7.460184409052808552e-02,1.778400000000000000e+04
7.488125174629785274e-02,1.779200000000000000e+04
7.516065940206761997e-02,1.791300000000000000e+04
7.544006705783738720e-02,1.812800000000000000e+04
7.571947471360715443e-02,1.813000000000000000e+04
7.599888236937692165e-02,1.816400000000000000e+04
7.627829002514668888e-02,1.829800000000000000e+04
7.655769768091645611e-02,1.833800000000000000e+04
7.683710533668622333e-02,1.846900000000000000e+04
7.711651299245599056e-02,1.856500000000000000e+04
7.739592064822575779e-02,1.874800000000000000e+04
7.767532830399552501e-02,1.875700000000000000e+04
7.795473595976529224e-02,1.877200000000000000e+04
7.823414361553507335e-02,1.879700000000000000e+04
7.851355127130484057e-02,1.884800000000000000e+04
7.879295892707460780e-02,1.893900000000000000e+04
7.907236658284437503e-02,1.910100000000000000e+04
7.935177423861414225e-02,1.922500000000000000e+04
7.963118189438390948e-02,1.928200000000000000e+04
7.991058955015367671e-02,1.930400000000000000e+04
8.018999720592344393e-02,1.932200000000000000e+04
8.046940486169321116e-02,1.935700000000000000e+04
8.074881251746297839e-02,1.936500000000000000e+04
8.102822017323274562e-02,1.947600000000000000e+04
8.130762782900251284e-02,1.954900000000000000e+04
8.158703548477228007e-02,1.958100000000000000e+04
8.186644314054204730e-02,1.959900000000000000e+04
8.214585079631181452e-02,1.980800000000000000e+04
8.242525845208158175e-02,1.991300000000000000e+04
8.270466610785134898e-02,1.996600000000000000e+04
8.298407376362113008e-02,1.998900000000000000e+04
8.326348141939089731e-02,2.000100000000000000e+04
8.354288907516066454e-02,2.002300000000000000e+04
8.382229673093043176e-02,2.005500000000000000e+04
8.410170438670019899e-02,2.007000000000000000e+04
8.438111204246996622e-02,2.009700000000000000e+04
8.466051969823973344e-02,2.012600000000000000e+04
8.493992735400950067e-02,2.017300000000000000e+04
8.521933500977926790e-02,2.029800000000000000e+04
8.549874266554903512e-02,2.030700000000000000e+04
8.577815032131880235e-02,2.036500000000000000e+04
8.605755797708856958e-02,2.042700000000000000e+04
8.633696563285833681e-02,2.048300000000000000e+04
8.661637328862810403e-02,2.050400000000000000e+04
8.689578094439787126e-02,2.061600000000000000e+04
8.717518860016765236e-02,2.065800000000000000e+04
8.745459625593741959e-02,2.078700000000000000e+04
8.773400391170718682e-02,2.094500000000000000e+04
8.801341156747695404e-02,2.098300000000000000e+04
8.829281922324672127e-02,2.102100000000000000e+04
8.857222687901648850e-02,2.109700000000000000e+04
8.885163453478625573e-02,2.109800000000000000e+04
8.913104219055602295e-02,2.110300000000000000e+04
8.941044984632579018e-02,2.113700000000000000e+04
8.968985750209555741e-02,2.116300000000000000e+04
8.996926515786532463e-02,2.129500000000000000e+04
9.024867281363509186e-02,2.144600000000000000e+04
9.052808046940485909e-02,2.146300000000000000e+04
9.080748812517462631e-02,2.156900000000000000e+04
9.108689578094439354e-02,2.160900000000000000e+04
9.136630343671416077e-02,2.165100000000000000e+04
9.164571109248392800e-02,2.169700000000000000e+04
9.192511874825370910e-02,2.172700000000000000e+04
9.220452640402347633e-02,2.187600000000000000e+04
9.248393405979324355e-02,2.187800000000000000e+04
9.276334171556301078e-02,2.199700000000000000e+04
9.304274937133277801e-02,2.221900000000000000e+04
9.332215702710254523e-02,2.231500000000000000e+04
9.360156468287231246e-02,2.234700000000000000e+04
9.388097233864207969e-02,2.234800000000000000e+04
9.416037999441184692e-02,2.235400000000000000e+04
9.443978765018161414e-02,2.246500000000000000e+04
9.471919530595138137e-02,2.253000000000000000e+04
9.499860296172114860e-02,2.262600000000000000e+04
9.527801061749091582e-02,2.263100000000000000e+04
9.555741827326068305e-02,2.263900000000000000e+04
9.583682592903045028e-02,2.285000000000000000e+04
9.611623358480023138e-02,2.290500000000000000e+04
9.639564124056999861e-02,2.300800000000000000e+04
9.667504889633976584e-02,2.320500000000000000e+04
9.695445655210953306e-02,2.344200000000000000e+04
9.723386420787930029e-02,2.352400000000000000e+04
9.751327186364906752e-02,2.352700000000000000e+04
9.779267951941883474e-02,2.353900000000000000e+04
9.807208717518860197e-02,2.374000000000000000e+04
9.835149483095836920e-02,2.377700000000000000e+04
9.863090248672813642e-02,2.388700000000000000e+04
9.891031014249790365e-02,2.393900000000000000e+04
9.918971779826767088e-02,2.394100000000000000e+04
9.946912545403743811e-02,2.397000000000000000e+04
9.974853310980720533e-02,2.397200000000000000e+04
1.000279407655769726e-01,2.398300000000000000e+04
1.003073484213467398e-01,2.401600000000000000e+04
1.005867560771165070e-01,2.406000000000000000e+04
1.008661637328862881e-01,2.417200000000000000e+04
1.011455713886560553e-01,2.431900000000000000e+04
1.014249790444258226e-01,2.438400000000000000e+04
1.017043867001955898e-01,2.439900000000000000e+04
1.019837943559653570e-01,2.440800000000000000e+04
1.022632020117351243e-01,2.457400000000000000e+04
1.025426096675048915e-01,2.462200000000000000e+04
1.028220173232746587e-01,2.463200000000000000e+04
1.031014249790444259e-01,2.464300000000000000e+04
1.033808326348141932e-01,2.468400000000000000e+04
1.036602402905839604e-01,2.468700000000000000e+04
1.039396479463537276e-01,2.474600000000000000e+04
1.042190556021234948e-01,2.475800000000000000e+04
1.044984632578932621e-01,2.477300000000000000e+04
1.047778709136630293e-01,2.480200000000000000e+04
1.050572785694328104e-01,2.484400000000000000e+04
1.053366862252025776e-01,2.499900000000000000e+04
1.056160938809723449e-01,2.509100000000000000e+04
1.058955015367421121e-01,2.521800000000000000e+04
1.061749091925118793e-01,2.523900000000000000e+04
1.064543168482816465e-01,2.533200000000000000e+04
1.067337245040514138e-01,2.540000000000000000e+04
1.070131321598211810e-01,2.540600000000000000e+04
1.072925398155909482e-01,2.542200000000000000e+04
1.075719474713607154e-01,2.542300000000000000e+04
1.078513551271304827e-01,2.542900000000000000e+04
1.081307627829002499e-01,2.561700000000000000e+04
1.084101704386700171e-01,2.572300000000000000e+04
1.086895780944397844e-01,2.574000000000000000e+04
1.089689857502095516e-01,2.584100000000000000e+04
1.092483934059793188e-01,2.584400000000000000e+04
1.095278010617490860e-01,2.594400000000000000e+04
1.098072087175188671e-01,2.600000000000000000e+04
1.100866163732886344e-01,2.607600000000000000e+04
1.103660240290584016e-01,2.608200000000000000e+04
1.106454316848281688e-01,2.610200000000000000e+04
1.109248393405979360e-01,2.682900000000000000e+04
1.112042469963677033e-01,2.685000000000000000e+04
1.114836546521374705e-01,2.687500000000000000e+04
1.117630623079072377e-01,2.707900000000000000e+04
1.120424699636770050e-01,2.733900000000000000e+04
1.123218776194467722e-01,2.737800000000000000e+04
1.126012852752165394e-01,2.744700000000000000e+04
1.128806929309863066e-01,2.746800000000000000e+04
1.131601005867560739e-01,2.750700000000000000e+04
1.134395082425258411e-01,2.751600000000000000e+04
1.137189158982956083e-01,2.752700000000000000e+04
1.139983235540653894e-01,2.755400000000000000e+04
1.142777312098351566e-01,2.756200000000000000e+04
1.145571388656049239e-01,2.759200000000000000e+04
1.148365465213746911e-01,2.765100000000000000e+04
1.151159541771444583e-01,2.773700000000000000e+04
1.153953618329142256e-01,2.779800000000000000e+04
1.156747694886839928e-01,2.782900000000000000e+04
1.159541771444537600e-01,2.783300000000000000e+04
1.162335848002235272e-01,2.806900000000000000e+04
1.165129924559932945e-01,2.810600000000000000e+04
1.167924001117630617e-01,2.822500000000000000e+04
1.170718077675328289e-01,2.840100000000000000e+04
1.173512154233025961e-01,2.843600000000000000e+04
1.176306230790723634e-01,2.849800000000000000e+04
1.179100307348421306e-01,2.854600000000000000e+04
1.181894383906118978e-01,2.858500000000000000e+04
1.184688460463816650e-01,2.885900000000000000e+04
1.187482537021514462e-01,2.891700000000000000e+04
1.190276613579212134e-01,2.895400000000000000e+04
1.193070690136909806e-01,2.902900000000000000e+04
1.195864766694607478e-01,2.904900000000000000e+04
1.198658843252305151e-01,2.905700000000000000e+04
1.201452919810002823e-01,2.906500000000000000e+04
1.204246996367700495e-01,2.929700000000000000e+04
1.207041072925398167e-01,2.949800000000000000e+04
1.209835149483095840e-01,2.954300000000000000e+04
1.212629226040793512e-01,2.955000000000000000e+04
1.215423302598491184e-01,2.971600000000000000e+04
1.218217379156188857e-01,2.986600000000000000e+04
1.221011455713886529e-01,2.990900000000000000e+04
1.223805532271584201e-01,2.991100000000000000e+04
1.226599608829281873e-01,3.026000000000000000e+04
1.229393685386979684e-01,3.038200000000000000e+04
1.232187761944677357e-01,3.040900000000000000e+04
1.234981838502375029e-01,3.055400000000000000e+04
1.237775915060072701e-01,3.065000000000000000e+04
1.240569991617770373e-01,3.076800000000000000e+04
1.243364068175468046e-01,3.092200000000000000e+04
1.246158144733165718e-01,3.092800000000000000e+04
1.248952221290863390e-01,3.104900000000000000e+04
1.251746297848561063e-01,3.108100000000000000e+04
1.254540374406258874e-01,3.109600000000000000e+04
1.257334450963956407e-01,3.117000000000000000e+04
1.260128527521654218e-01,3.146000000000000000e+04
1.262922604079351752e-01,3.149800000000000000e+04
1.265716680637049563e-01,3.151700000000000000e+04
1.268510757194747096e-01,3.163400000000000000e+04
1.271304833752444907e-01,3.178600000000000000e+04
1.274098910310142441e-01,3.200800000000000000e+04
1.276892986867840252e-01,3.223100000000000000e+04
1.279687063425537785e-01,3.223300000000000000e+04
1.282481139983235596e-01,3.224100000000000000e+04
1.285275216540933130e-01,3.227700000000000000e+04
1.288069293098630941e-01,3.254300000000000000e+04
1.290863369656328474e-01,3.254500000000000000e+04
1.293657446214026285e-01,3.255700000000000000e+04
1.296451522771723819e-01,3.256300000000000000e+04
1.299245599329421630e-01,3.262600000000000000e+04
1.302039675887119441e-01,3.274500000000000000e+04
1.304833752444816974e-01,3.276500000000000000e+04
1.307627829002514785e-01,3.289700000000000000e+04
1.310421905560212319e-01,3.292800000000000000e+04
1.313215982117910130e-01,3.316100000000000000e+04
1.316010058675607663e-01,3.320400000000000000e+04
1.318804135233305475e-01,3.336100000000000000e+04
1.321598211791003008e-01,3.337200000000000000e+04
1.324392288348700819e-01,3.338600000000000000e+04
1.327186364906398353e-01,3.356600000000000000e+04
1.329980441464096164e-01,3.372000000000000000e+04
1.332774518021793697e-01,3.385300000000000000e+04
1.335568594579491508e-01,3.389900000000000000e+04
1.338362671137189042e-01,3.390700000000000000e+04
1.341156747694886853e-01,3.419600000000000000e+04
1.343950824252584664e-01,3.421800000000000000e+04
1.346744900810282197e-01,3.427200000000000000e+04
1.349538977367980008e-01,3.447400000000000000e+04
1.352333053925677542e-01,3.453800000000000000e+04
1.355127130483375353e-01,3.460700000000000000e+04
1.357921207041072886e-01,3.474200000000000000e+04
1.360715283598770697e-01,3.474900000000000000e+04
1.363509360156468231e-01,3.488600000000000000e+04
1.366303436714166042e-01,3.514100000000000000e+04
1.369097513271863575e-01,3.519300000000000000e+04
1.371891589829561386e-01,3.521800000000000000e+04
1.374685666387258920e-01,3.524000000000000000e+04
1.377479742944956731e-01,3.546000000000000000e+04
1.380273819502654264e-01,3.547400000000000000e+04
1.383067896060352076e-01,3.548800000000000000e+04
1.385861972618049887e-01,3.550500000000000000e+04
1.388656049175747420e-01,3.552600000000000000e+04
1.391450125733445231e-01,3.562000000000000000e+04
1.394244202291142765e-01,3.568900000000000000e+04
1.397038278848840576e-01,3.568900000000000000e+04
1.399832355406538109e-01,3.580100000000000000e+04
1.402626431964235920e-01,3.588200000000000000e+04
1.405420508521933454e-01,3.595400000000000000e+04
1.408214585079631265e-01,3.599800000000000000e+04
1.411008661637328798e-01,3.618800000000000000e+04
1.413802738195026609e-01,3.625100000000000000e+04
1.416596814752724143e-01,3.632000000000000000e+04
1.419390891310421954e-01,3.634800000000000000e+04
1.422184967868119487e-01,3.649300000000000000e+04
1.424979044425817298e-01,3.655700000000000000e+04
1.427773120983514832e-01,3.667600000000000000e+04
1.430567197541212643e-01,3.678300000000000000e+04
1.433361274098910454e-01,3.687200000000000000e+04
1.436155350656607987e-01,3.691600000000000000e+04
1.438949427214305798e-01,3.712500000000000000e+04
1.441743503772003332e-01,3.719900000000000000e+04
1.444537580329701143e-01,3.727700000000000000e+04
1.447331656887398676e-01,3.728800000000000000e+04
1.450125733445096488e-01,3.736700000000000000e+04
1.452919810002794021e-01,3.744000000000000000e+04
1.455713886560491832e-01,3.746300000000000000e+04
1.458507963118189366e-01,3.773900000000000000e+04
1.461302039675887177e-01,3.792000000000000000e+04
1.464096116233584710e-01,3.793200000000000000e+04
1.466890192791282521e-01,3.801200000000000000e+04
1.469684269348980055e-01,3.809800000000000000e+04
1.472478345906677866e-01,3.811200000000000000e+04
1.475272422464375399e-01,3.815600000000000000e+04
1.478066499022073210e-01,3.817400000000000000e+04
1.480860575579771021e-01,3.833300000000000000e+04
1.483654652137468555e-01,3.834500000000000000e+04
1.486448728695166366e-01,3.860600000000000000e+04
1.489242805252863899e-01,3.881800000000000000e+04
1.492036881810561710e-01,3.895300000000000000e+04
1.494830958368259244e-01,3.900300000000000000e+04
1.497625034925957055e-01,3.910100000000000000e+04
1.500419111483654588e-01,3.919500000000000000e+04
1.503213188041352399e-01,3.924800000000000000e+04
1.506007264599049933e-01,3.928000000000000000e+04
1.508801341156747744e-01,3.932400000000000000e+04
1.511595417714445277e-01,3.933800000000000000e+04
1.514389494272143089e-01,3.937300000000000000e+04
1.517183570829840622e-01,3.938100000000000000e+04
1.519977647387538433e-01,3.939300000000000000e+04
1.522771723945236244e-01,3.941700000000000000e+04
1.525565800502933778e-01,3.944600000000000000e+04
1.528359877060631589e-01,3.965500000000000000e+04
1.531153953618329122e-01,3.966400000000000000e+04
1.533948030176026933e-01,3.970200000000000000e+04
1.536742106733724467e-01,3.971200000000000000e+04
1.539536183291422278e-01,3.975400000000000000e+04
1.542330259849119811e-01,3.979300000000000000e+04
1.545124336406817622e-01,4.003700000000000000e+04
1.547918412964515156e-01,4.007300000000000000e+04
1.550712489522212967e-01,4.021800000000000000e+04
1.553506566079910500e-01,4.022700000000000000e+04
1.556300642637608311e-01,4.033000000000000000e+04
1.559094719195305845e-01,4.041600000000000000e+04
1.561888795753003656e-01,4.050000000000000000e+04
1.564682872310701467e-01,4.051700000000000000e+04
1.567476948868399000e-01,4.055700000000000000e+04
1.570271025426096811e-01,4.055700000000000000e+04
1.573065101983794345e-01,4.064000000000000000e+04
1.575859178541492156e-01,4.064000000000000000e+04
1.578653255099189689e-01,4.091400000000000000e+04
1.581447331656887501e-01,4.094200000000000000e+04
1.584241408214585034e-01,4.111200000000000000e+04
1.587035484772282845e-01,4.119200000000000000e+04
1.589829561329980379e-01,4.125400000000000000e+04
1.592623637887678190e-01,4.128400000000000000e+04
1.595417714445375723e-01,4.129800000000000000e+04
1.598211791003073534e-01,4.134900000000000000e+04
1.601005867560771068e-01,4.152200000000000000e+04
1.603799944118468879e-01,4.152700000000000000e+04
1.606594020676166412e-01,4.155700000000000000e+04
1.609388097233864223e-01,4.162600000000000000e+04
1.612182173791562034e-01,4.169200000000000000e+04
1.614976250349259568e-01,4.178100000000000000e+04
1.617770326906957379e-01,4.188500000000000000e+04
1.620564403464654912e-01,4.208300000000000000e+04
1.623358480022352723e-01,4.213800000000000000e+04
1.626152556580050257e-01,4.215700000000000000e+04
1.628946633137748068e-01,4.216200000000000000e+04
1.631740709695445601e-01,4.222000000000000000e+04
1.634534786253143412e-01,4.225300000000000000e+04
1.637328862810840946e-01,4.228600000000000000e+04
1.640122939368538757e-01,4.246000000000000000e+04
1.642917015926236290e-01,4.247800000000000000e+04
1.645711092483934102e-01,4.248400000000000000e+04
1.648505169041631635e-01,4.275500000000000000e+04
1.651299245599329446e-01,4.276900000000000000e+04
1.654093322157026980e-01,4.295000000000000000e+04
1.656887398714724791e-01,4.311700000000000000e+04
1.659681475272422602e-01,4.312600000000000000e+04
1.662475551830120135e-01,4.314700000000000000e+04
1.665269628387817946e-01,4.321800000000000000e+04
1.668063704945515480e-01,4.328500000000000000e+04
1.670857781503213291e-01,4.330700000000000000e+04
1.673651858060910824e-01,4.343600000000000000e+04
1.676445934618608635e-01,4.351300000000000000e+04
1.679240011176306169e-01,4.355400000000000000e+04
1.682034087734003980e-01,4.370000000000000000e+04
1.684828164291701513e-01,4.378700000000000000e+04
1.687622240849399324e-01,4.387600000000000000e+04
1.690416317407096858e-01,4.388400000000000000e+04
1.693210393964794669e-01,4.393500000000000000e+04
1.696004470522492202e-01,4.402300000000000000e+04
1.698798547080190013e-01,4.402400000000000000e+04
1.701592623637887824e-01,4.427400000000000000e+04
1.704386700195585358e-01,4.442400000000000000e+04
1.707180776753283169e-01,4.457900000000000000e+04
1.709974853310980702e-01,4.490100000000000000e+04
1.712768929868678514e-01,4.502600000000000000e+04
1.715563006426376047e-01,4.524100000000000000e+04
1.718357082984073858e-01,4.542500000000000000e+04
1.721151159541771392e-01,4.547000000000000000e+04
1.723945236099469203e-01,4.547200000000000000e+04
1.726739312657166736e-01,4.547500000000000000e+04
1.729533389214864547e-01,4.548500000000000000e+04
1.732327465772562081e-01,4.562400000000000000e+04
1.735121542330259892e-01,4.564400000000000000e+04
1.737915618887957425e-01,4.587400000000000000e+04
1.740709695445655236e-01,4.599900000000000000e+04
1.743503772003353047e-01,4.608100000000000000e+04
1.746297848561050581e-01,4.610100000000000000e+04
1.749091925118748392e-01,4.644100000000000000e+04
1.751886001676445925e-01,4.650000000000000000e+04
1.754680078234143736e-01,4.665000000000000000e+04
1.757474154791841270e-01,4.677500000000000000e+04
1.760268231349539081e-01,4.687200000000000000e+04
1.763062307907236614e-01,4.701700000000000000e+04
1.765856384464934425e-01,4.701700000000000000e+04
1.768650461022631959e-01,4.703900000000000000e+04
1.771444537580329770e-01,4.711900000000000000e+04
1.774238614138027303e-01,4.714300000000000000e+04
1.777032690695725115e-01,4.714900000000000000e+04
1.779826767253422648e-01,4.719400000000000000e+04
1.782620843811120459e-01,4.720100000000000000e+04
1.785414920368817993e-01,4.729300000000000000e+04
1.788208996926515804e-01,4.734200000000000000e+04
1.791003073484213615e-01,4.736400000000000000e+04
1.793797150041911148e-01,4.738500000000000000e+04
1.796591226599608959e-01,4.744500000000000000e+04
1.799385303157306493e-01,4.750500000000000000e+04
1.802179379715004304e-01,4.767900000000000000e+04
1.804973456272701837e-01,4.770900000000000000e+04
1.807767532830399648e-01,4.771700000000000000e+04
1.810561609388097182e-01,4.780800000000000000e+04
1.813355685945794993e-01,4.796200000000000000e+04
1.816149762503492526e-01,4.797700000000000000e+04
1.818943839061190337e-01,4.814000000000000000e+04
1.821737915618887871e-01,4.815100000000000000e+04
1.824531992176585682e-01,4.815500000000000000e+04
1.827326068734283215e-01,4.815500000000000000e+04
1.830120145291981026e-01,4.817000000000000000e+04
1.832914221849678560e-01,4.820200000000000000e+04
1.835708298407376371e-01,4.821800000000000000e+04
1.838502374965074182e-01,4.826600000000000000e+04
1.841296451522771715e-01,4.830400000000000000e+04
1.844090528080469527e-01,4.830500000000000000e+04
1.846884604638167060e-01,4.844000000000000000e+04
1.849678681195864871e-01,4.888700000000000000e+04
1.852472757753562405e-01,4.891000000000000000e+04
1.855266834311260216e-01,4.910200000000000000e+04
1.858060910868957749e-01,4.924300000000000000e+04
1.860854987426655560e-01,4.924700000000000000e+04
1.863649063984353094e-01,4.926100000000000000e+04
1.866443140542050905e-01,4.933000000000000000e+04
1.869237217099748438e-01,4.954500000000000000e+04
1.872031293657446249e-01,4.963200000000000000e+04
1.874825370215143783e-01,4.972900000000000000e+04
1.877619446772841594e-01,4.984300000000000000e+04
1.880413523330539405e-01,4.989600000000000000e+04
1.883207599888236938e-01,5.006900000000000000e+04
1.886001676445934749e-01,5.012800000000000000e+04
1.888795753003632283e-01,5.038300000000000000e+04
1.891589829561330094e-01,5.043000000000000000e+04
1.894383906119027627e-01,5.059500000000000000e+04
1.897177982676725438e-01,5.069900000000000000e+04
1.899972059234422972e-01,5.074300000000000000e+04
1.902766135792120783e-01,5.079400000000000000e+04
1.905560212349818316e-01,5.079800000000000000e+04
1.908354288907516128e-01,5.092100000000000000e+04
1.911148365465213661e-01,5.093500000000000000e+04
1.913942442022911472e-01,5.123200000000000000e+04
1.916736518580609006e-01,5.129400000000000000e+04
1.919530595138306817e-01,5.156300000000000000e+04
1.922324671696004628e-01,5.158200000000000000e+04
1.925118748253702161e-01,5.185000000000000000e+04
1.927912824811399972e-01,5.188700000000000000e+04
1.930706901369097506e-01,5.206100000000000000e+04
1.933500977926795317e-01,5.214000000000000000e+04
1.936295054484492850e-01,5.215700000000000000e+04
1.939089131042190661e-01,5.230200000000000000e+04
1.941883207599888195e-01,5.235700000000000000e+04
1.944677284157586006e-01,5.238500000000000000e+04
1.947471360715283539e-01,5.241000000000000000e+04
1.950265437272981350e-01,5.247300000000000000e+04
1.953059513830678884e-01,5.262500000000000000e+04
1.955853590388376695e-01,5.290200000000000000e+04
1.958647666946074228e-01,5.296000000000000000e+04
1.961441743503772039e-01,5.304000000000000000e+04
1.964235820061469573e-01,5.308600000000000000e+04
1.967029896619167384e-01,5.311200000000000000e+04
1.969823973176865195e-01,5.329900000000000000e+04
1.972618049734562728e-01,5.344600000000000000e+04
1.975412126292260540e-01,5.388400000000000000e+04
1.978206202849958073e-01,5.389200000000000000e+04
1.981000279407655884e-01,5.399700000000000000e+04
1.983794355965353418e-01,5.401800000000000000e+04
1.986588432523051229e-01,5.430700000000000000e+04
1.989382509080748762e-01,5.431300000000000000e+04
1.992176585638446573e-01,5.444300000000000000e+04
1.994970662196144107e-01,5.459700000000000000e+04
1.997764738753841918e-01,5.475600000000000000e+04
2.000558815311539451e-01,5.479200000000000000e+04
2.003352891869237262e-01,5.481700000000000000e+04
2.006146968426934796e-01,5.497700000000000000e+04
2.008941044984632607e-01,5.510800000000000000e+04
2.011735121542330140e-01,5.522400000000000000e+04
2.014529198100027951e-01,5.534500000000000000e+04
2.017323274657725762e-01,5.539100000000000000e+04
2.020117351215423296e-01,5.543500000000000000e+04
2.022911427773121107e-01,5.548200000000000000e+04
2.025705504330818640e-01,5.559000000000000000e+04
2.028499580888516451e-01,5.559800000000000000e+04
2.031293657446213985e-01,5.561600000000000000e+04
2.034087734003911796e-01,5.566600000000000000e+04
2.036881810561609329e-01,5.577100000000000000e+04
2.039675887119307141e-01,5.584300000000000000e+04
2.042469963677004674e-01,5.606300000000000000e+04
2.045264040234702485e-01,5.612700000000000000e+04
2.048058116792400019e-01,5.628000000000000000e+04
2.050852193350097830e-01,5.633100000000000000e+04
2.053646269907795363e-01,5.667100000000000000e+04
2.056440346465493174e-01,5.678600000000000000e+04
2.059234423023190985e-01,5.691700000000000000e+04
2.062028499580888519e-01,5.699900000000000000e+04
2.064822576138586330e-01,5.706700000000000000e+04
2.067616652696283863e-01,5.714100000000000000e+04
2.070410729253981674e-01,5.717900000000000000e+04
2.073204805811679208e-01,5.720600000000000000e+04
2.075998882369377019e-01,5.726900000000000000e+04
2.078792958927074552e-01,5.730600000000000000e+04
2.081587035484772363e-01,5.743900000000000000e+04
2.084381112042469897e-01,5.749300000000000000e+04
2.087175188600167708e-01,5.759400000000000000e+04
2.089969265157865241e-01,5.764500000000000000e+04
2.092763341715563052e-01,5.775100000000000000e+04
2.095557418273260586e-01,5.809700000000000000e+04
2.098351494830958397e-01,5.815700000000000000e+04
2.101145571388656208e-01,5.820700000000000000e+04
2.103939647946353741e-01,5.827800000000000000e+04
2.106733724504051553e-01,5.845500000000000000e+04
2.109527801061749086e-01,5.851000000000000000e+04
2.112321877619446897e-01,5.871600000000000000e+04
2.115115954177144431e-01,5.872800000000000000e+04
2.117910030734842242e-01,5.878100000000000000e+04
2.120704107292539775e-01,5.893200000000000000e+04
2.123498183850237586e-01,5.905400000000000000e+04
2.126292260407935120e-01,5.921400000000000000e+04
2.129086336965632931e-01,5.928400000000000000e+04
2.131880413523330464e-01,5.934100000000000000e+04
2.134674490081028275e-01,5.951300000000000000e+04
2.137468566638725809e-01,5.953600000000000000e+04
2.140262643196423620e-01,5.993600000000000000e+04
2.143056719754121153e-01,5.994800000000000000e+04
2.145850796311818964e-01,5.997400000000000000e+04
2.148644872869516775e-01,6.016500000000000000e+04
2.151438949427214309e-01,6.040100000000000000e+04
2.154233025984912120e-01,6.048400000000000000e+04
2.157027102542609653e-01,6.070400000000000000e+04
2.159821179100307464e-01,6.085800000000000000e+04
2.162615255658004998e-01,6.088400000000000000e+04
2.165409332215702809e-01,6.095500000000000000e+04
2.168203408773400342e-01,6.103700000000000000e+04
2.170997485331098154e-01,6.108000000000000000e+04
2.173791561888795687e-01,6.128300000000000000e+04
2.176585638446493498e-01,6.135500000000000000e+04
2.179379715004191032e-01,6.135900000000000000e+04
2.182173791561888843e-01,6.137700000000000000e+04
2.184967868119586376e-01,6.210900000000000000e+04
2.187761944677284187e-01,6.216200000000000000e+04
2.190556021234981721e-01,6.222400000000000000e+04
2.193350097792679532e-01,6.230500000000000000e+04
2.196144174350377343e-01,6.236300000000000000e+04
2.198938250908074876e-01,6.238500000000000000e+04
2.201732327465772687e-01,6.280600000000000000e+04
2.204526404023470221e-01,6.293200000000000000e+04
2.207320480581168032e-01,6.306600000000000000e+04
2.210114557138865565e-01,6.314200000000000000e+04
2.212908633696563376e-01,6.325400000000000000e+04
2.215702710254260910e-01,6.328200000000000000e+04
2.218496786811958721e-01,6.336500000000000000e+04
2.221290863369656254e-01,6.339000000000000000e+04
2.224084939927354065e-01,6.355700000000000000e+04
2.226879016485051599e-01,6.358600000000000000e+04
2.229673093042749410e-01,6.365300000000000000e+04
2.232467169600446943e-01,6.366000000000000000e+04
2.235261246158144754e-01,6.374700000000000000e+04
2.238055322715842566e-01,6.381300000000000000e+04
2.240849399273540099e-01,6.382600000000000000e+04
2.243643475831237910e-01,6.389200000000000000e+04
2.246437552388935444e-01,6.432300000000000000e+04
2.249231628946633255e-01,6.434700000000000000e+04
2.252025705504330788e-01,6.443700000000000000e+04
2.254819782062028599e-01,6.452900000000000000e+04
2.257613858619726133e-01,6.457100000000000000e+04
2.260407935177423944e-01,6.457500000000000000e+04
2.263202011735121477e-01,6.461000000000000000e+04
2.265996088292819288e-01,6.464200000000000000e+04
2.268790164850516822e-01,6.469200000000000000e+04
2.271584241408214633e-01,6.477800000000000000e+04
2.274378317965912166e-01,6.482100000000000000e+04
2.277172394523609977e-01,6.517400000000000000e+04
2.279966471081307788e-01,6.520200000000000000e+04
2.282760547639005322e-01,6.525700000000000000e+04
2.285554624196703133e-01,6.546900000000000000e+04
2.288348700754400666e-01,6.548300000000000000e+04
2.291142777312098477e-01,6.553600000000000000e+04
2.293936853869796011e-01,6.559200000000000000e+04
2.296730930427493822e-01,6.594200000000000000e+04
2.299525006985191355e-01,6.595600000000000000e+04
2.302319083542889167e-01,6.611000000000000000e+04
2.305113160100586700e-01,6.611700000000000000e+04
2.307907236658284511e-01,6.620700000000000000e+04
2.310701313215982045e-01,6.621000000000000000e+04
2.313495389773679856e-01,6.629200000000000000e+04
2.316289466331377389e-01,6.632400000000000000e+04
2.319083542889075200e-01,6.633300000000000000e+04
2.321877619446772734e-01,6.650400000000000000e+04
2.324671696004470545e-01,6.652100000000000000e+04
2.327465772562168356e-01,6.653500000000000000e+04
2.330259849119865889e-01,6.660500000000000000e+04
2.333053925677563700e-01,6.662400000000000000e+04
2.335848002235261234e-01,6.665900000000000000e+04
2.338642078792959045e-01,6.671200000000000000e+04
2.341436155350656578e-01,6.688100000000000000e+04
2.344230231908354389e-01,6.688100000000000000e+04
2.347024308466051923e-01,6.690500000000000000e+04
2.349818385023749734e-01,6.705700000000000000e+04
2.352612461581447267e-01,6.711500000000000000e+04
2.355406538139145078e-01,6.717100000000000000e+04
2.358200614696842612e-01,6.721200000000000000e+04
2.360994691254540423e-01,6.742900000000000000e+04
2.363788767812237956e-01,6.754000000000000000e+04
2.366582844369935767e-01,6.759200000000000000e+04
2.369376920927633301e-01,6.761400000000000000e+04
2.372170997485331112e-01,6.776300000000000000e+04
2.374965074043028923e-01,6.776700000000000000e+04
2.377759150600726457e-01,6.799300000000000000e+04
2.380553227158424268e-01,6.799400000000000000e+04
2.383347303716121801e-01,6.800100000000000000e+04
2.386141380273819612e-01,6.803600000000000000e+04
2.388935456831517146e-01,6.805700000000000000e+04
2.391729533389214957e-01,6.827600000000000000e+04
2.394523609946912490e-01,6.858000000000000000e+04
2.397317686504610301e-01,6.861100000000000000e+04
2.400111763062307835e-01,6.874900000000000000e+04
2.402905839620005646e-01,6.875200000000000000e+04
2.405699916177703179e-01,6.878000000000000000e+04
2.408493992735400990e-01,6.896500000000000000e+04
2.411288069293098524e-01,6.926100000000000000e+04
2.414082145850796335e-01,6.935100000000000000e+04
2.416876222408494146e-01,6.955600000000000000e+04
2.419670298966191679e-01,6.961000000000000000e+04
2.422464375523889490e-01,6.962200000000000000e+04
2.425258452081587024e-01,6.967600000000000000e+04
2.428052528639284835e-01,6.973500000000000000e+04
2.430846605196982368e-01,6.983900000000000000e+04
2.433640681754680180e-01,6.988300000000000000e+04
2.436434758312377713e-01,7.006900000000000000e+04
2.439228834870075524e-01,7.016100000000000000e+04
2.442022911427773058e-01,7.031400000000000000e+04
2.444816987985470869e-01,7.034300000000000000e+04
2.447611064543168402e-01,7.043600000000000000e+04
2.450405141100866213e-01,7.048100000000000000e+04
2.453199217658563747e-01,7.049000000000000000e+04
2.455993294216261558e-01,7.054000000000000000e+04
2.458787370773959369e-01,7.075200000000000000e+04
2.461581447331656902e-01,7.076400000000000000e+04
2.464375523889354713e-01,7.095000000000000000e+04
2.467169600447052247e-01,7.128600000000000000e+04
2.469963677004750058e-01,7.137300000000000000e+04
2.472757753562447591e-01,7.147600000000000000e+04
2.475551830120145402e-01,7.153400000000000000e+04
2.478345906677842936e-01,7.154500000000000000e+04
2.481139983235540747e-01,7.163400000000000000e+04
2.483934059793238280e-01,7.164100000000000000e+04
2.486728136350936091e-01,7.221300000000000000e+04
2.489522212908633625e-01,7.222600000000000000e+04
2.492316289466331436e-01,7.226900000000000000e+04
2.495110366024028969e-01,7.239300000000000000e+04
2.497904442581726780e-01,7.251600000000000000e+04
2.500698519139424314e-01,7.253000000000000000e+04
2.503492595697122125e-01,7.257500000000000000e+04
2.506286672254819936e-01,7.275800000000000000e+04
2.509080748812517747e-01,7.285100000000000000e+04
2.511874825370215003e-01,7.317000000000000000e+04
2.514668901927912814e-01,7.324800000000000000e+04
2.517462978485610625e-01,7.325300000000000000e+04
2.520257055043308436e-01,7.335100000000000000e+04
2.523051131601005692e-01,7.336000000000000000e+04
2.525845208158703503e-01,7.339000000000000000e+04
2.528639284716401314e-01,7.339100000000000000e+04
2.531433361274099125e-01,7.340000000000000000e+04
2.534227437831796381e-01,7.345600000000000000e+04
2.537021514389494192e-01,7.354100000000000000e+04
2.539815590947192003e-01,7.361500000000000000e+04
2.542609667504889814e-01,7.374300000000000000e+04
2.545403744062587070e-01,7.379900000000000000e+04
2.548197820620284881e-01,7.399700000000000000e+04
2.550991897177982692e-01,7.424800000000000000e+04
2.553785973735680503e-01,7.429900000000000000e+04
2.556580050293378314e-01,7.437200000000000000e+04
2.559374126851075570e-01,7.468700000000000000e+04
2.562168203408773381e-01,7.472200000000000000e+04
2.564962279966471193e-01,7.485400000000000000e+04
2.567756356524169004e-01,7.511700000000000000e+04
2.570550433081866259e-01,7.518100000000000000e+04
2.573344509639564071e-01,7.522800000000000000e+04
2.576138586197261882e-01,7.536600000000000000e+04
2.578932662754959693e-01,7.564700000000000000e+04
2.581726739312656949e-01,7.672600000000000000e+04
2.584520815870354760e-01,7.684100000000000000e+04
2.587314892428052571e-01,7.699700000000000000e+04
2.590108968985750382e-01,7.708000000000000000e+04
2.592903045543447638e-01,7.722400000000000000e+04
2.595697122101145449e-01,7.734700000000000000e+04
2.598491198658843260e-01,7.749100000000000000e+04
2.601285275216541071e-01,7.786100000000000000e+04
2.604079351774238882e-01,7.790700000000000000e+04
2.606873428331936138e-01,7.795800000000000000e+04
2.609667504889633949e-01,7.811400000000000000e+04
2.612461581447331760e-01,7.832300000000000000e+04
2.615255658005029571e-01,7.850000000000000000e+04
2.618049734562726827e-01,7.911300000000000000e+04
2.620843811120424638e-01,7.919500000000000000e+04
2.623637887678122449e-01,7.964900000000000000e+04
2.626431964235820260e-01,7.965400000000000000e+04
2.629226040793517516e-01,7.987200000000000000e+04
2.632020117351215327e-01,8.017400000000000000e+04
2.634814193908913138e-01,8.021700000000000000e+04
2.637608270466610949e-01,8.049600000000000000e+04
2.640402347024308760e-01,8.066200000000000000e+04
2.643196423582006016e-01,8.078400000000000000e+04
2.645990500139703827e-01,8.090200000000000000e+04
2.648784576697401638e-01,8.092900000000000000e+04
2.651578653255099449e-01,8.098200000000000000e+04
2.654372729812796705e-01,8.120400000000000000e+04
2.657166806370494516e-01,8.127700000000000000e+04
2.659960882928192327e-01,8.144400000000000000e+04
2.662754959485890138e-01,8.152400000000000000e+04
2.665549036043587394e-01,8.158000000000000000e+04
2.668343112601285205e-01,8.163200000000000000e+04
2.671137189158983016e-01,8.177900000000000000e+04
2.673931265716680827e-01,8.186700000000000000e+04
2.676725342274378083e-01,8.222500000000000000e+04
2.679519418832075894e-01,8.228600000000000000e+04
2.682313495389773705e-01,8.230700000000000000e+04
2.685107571947471516e-01,8.231400000000000000e+04
2.687901648505169327e-01,8.238600000000000000e+04
2.690695725062866583e-01,8.244100000000000000e+04
2.693489801620564394e-01,8.246500000000000000e+04
2.696283878178262206e-01,8.280800000000000000e+04
2.699077954735960017e-01,8.296200000000000000e+04
2.701872031293657272e-01,8.298000000000000000e+04
2.704666107851355084e-01,8.335300000000000000e+04
2.707460184409052895e-01,8.369000000000000000e+04
2.710254260966750706e-01,8.372800000000000000e+04
2.713048337524447962e-01,8.380800000000000000e+04
2.715842414082145773e-01,8.384500000000000000e+04
2.718636490639843584e-01,8.385700000000000000e+04
2.721430567197541395e-01,8.389200000000000000e+04
2.724224643755238651e-01,8.395600000000000000e+04
2.727018720312936462e-01,8.400700000000000000e+04
2.729812796870634273e-01,8.426100000000000000e+04
2.732606873428332084e-01,8.432700000000000000e+04
2.735400949986029895e-01,8.453000000000000000e+04
2.738195026543727151e-01,8.455000000000000000e+04
2.740989103101424962e-01,8.455300000000000000e+04
2.743783179659122773e-01,8.463000000000000000e+04
2.746577256216820584e-01,8.471300000000000000e+04
2.749371332774517840e-01,8.477500000000000000e+04
2.752165409332215651e-01,8.482900000000000000e+04
2.754959485889913462e-01,8.529200000000000000e+04
2.757753562447611273e-01,8.539000000000000000e+04
2.760547639005308529e-01,8.541500000000000000e+04
2.763341715563006340e-01,8.549800000000000000e+04
2.766135792120704151e-01,8.558800000000000000e+04
2.768929868678401962e-01,8.586100000000000000e+04
2.771723945236099773e-01,8.597400000000000000e+04
2.774518021793797029e-01,8.604500000000000000e+04
2.777312098351494840e-01,8.605600000000000000e+04
2.780106174909192651e-01,8.618100000000000000e+04
2.782900251466890462e-01,8.632200000000000000e+04
2.785694328024587718e-01,8.660400000000000000e+04
2.788488404582285529e-01,8.678100000000000000e+04
2.791282481139983340e-01,8.687100000000000000e+04
2.794076557697681151e-01,8.695300000000000000e+04
2.796870634255378407e-01,8.697900000000000000e+04
2.799664710813076218e-01,8.702700000000000000e+04
2.802458787370774029e-01,8.711200000000000000e+04
2.805252863928471840e-01,8.742600000000000000e+04
2.808046940486169096e-01,8.778900000000000000e+04
2.810841017043866907e-01,8.794000000000000000e+04
2.813635093601564718e-01,8.794200000000000000e+04
2.816429170159262529e-01,8.794700000000000000e+04
2.819223246716960340e-01,8.812200000000000000e+04
2.822017323274657596e-01,8.814600000000000000e+04
2.824811399832355407e-01,8.821500000000000000e+04
2.827605476390053219e-01,8.823200000000000000e+04
2.830399552947751030e-01,8.863700000000000000e+04
2.833193629505448285e-01,8.866900000000000000e+04
2.835987706063146097e-01,8.881500000000000000e+04
2.838781782620843908e-01,8.898300000000000000e+04
2.841575859178541719e-01,8.900700000000000000e+04
2.844369935736238975e-01,8.903300000000000000e+04
2.847164012293936786e-01,8.908400000000000000e+04
2.849958088851634597e-01,8.910000000000000000e+04
2.852752165409332408e-01,8.950400000000000000e+04
2.855546241967029664e-01,8.971700000000000000e+04
2.858340318524727475e-01,8.984500000000000000e+04
2.861134395082425286e-01,9.002000000000000000e+04
2.863928471640123097e-01,9.004800000000000000e+04
2.866722548197820908e-01,9.014500000000000000e+04
2.869516624755518164e-01,9.016800000000000000e+04
2.872310701313215975e-01,9.020500000000000000e+04
2.875104777870913786e-01,9.023500000000000000e+04
2.877898854428611597e-01,9.050900000000000000e+04
2.880692930986308853e-01,9.052500000000000000e+04
2.883487007544006664e-01,9.058700000000000000e+04
2.886281084101704475e-01,9.085000000000000000e+04
2.889075160659402286e-01,9.096500000000000000e+04
2.891869237217099542e-01,9.098800000000000000e+04
2.894663313774797353e-01,9.194600000000000000e+04
2.897457390332495164e-01,9.196200000000000000e+04
2.900251466890192975e-01,9.199800000000000000e+04
2.903045543447890231e-01,9.223900000000000000e+04
2.905839620005588042e-01,9.234300000000000000e+04
2.908633696563285853e-01,9.250600000000000000e+04
2.911427773120983664e-01,9.251700000000000000e+04
2.914221849678681475e-01,9.257300000000000000e+04
2.917015926236378731e-01,9.288000000000000000e+04
2.919810002794076542e-01,9.326500000000000000e+04
2.922604079351774353e-01,9.335300000000000000e+04
2.925398155909472164e-01,9.339500000000000000e+04
2.928192232467169420e-01,9.349400000000000000e+04
2.930986309024867231e-01,9.405200000000000000e+04
2.933780385582565042e-01,9.417900000000000000e+04
2.936574462140262853e-01,9.422200000000000000e+04
2.939368538697960109e-01,9.431700000000000000e+04
2.942162615255657920e-01,9.435600000000000000e+04
2.944956691813355731e-01,9.453700000000000000e+04
2.947750768371053542e-01,9.456100000000000000e+04
2.950544844928750798e-01,9.457700000000000000e+04
2.953338921486448609e-01,9.473000000000000000e+04
2.956132998044146420e-01,9.486400000000000000e+04
2.958927074601844232e-01,9.497000000000000000e+04
2.961721151159542043e-01,9.506100000000000000e+04
2.964515227717239298e-01,9.521600000000000000e+04
2.967309304274937110e-01,9.525700000000000000e+04
2.970103380832634921e-01,9.531200000000000000e+04
2.972897457390332732e-01,9.534700000000000000e+04
2.975691533948029988e-01,9.554400000000000000e+04
2.978485610505727799e-01,9.567000000000000000e+04
2.981279687063425610e-01,9.595000000000000000e+04
2.984073763621123421e-01,9.600700000000000000e+04
2.986867840178820677e-01,9.626000000000000000e+04
2.989661916736518488e-01,9.639000000000000000e+04
2.992455993294216299e-01,9.640900000000000000e+04
2.995250069851914110e-01,9.695100000000000000e+04
2.998044146409611921e-01,9.696400000000000000e+04
3.000838222967309177e-01,9.711200000000000000e+04
3.003632299525006988e-01,9.755200000000000000e+04
3.006426376082704799e-01,9.755700000000000000e+04
3.009220452640402610e-01,9.764000000000000000e+04
3.012014529198099866e-01,9.772100000000000000e+04
3.014808605755797677e-01,9.781700000000000000e+04
3.017602682313495488e-01,9.784200000000000000e+04
3.020396758871193299e-01,9.787100000000000000e+04
3.023190835428890555e-01,9.787700000000000000e+04
3.025984911986588366e-01,9.791100000000000000e+04
3.028778988544286177e-01,9.792900000000000000e+04
3.031573065101983988e-01,9.797700000000000000e+04
3.034367141659681244e-01,9.843600000000000000e+04
3.037161218217379055e-01,9.852200000000000000e+04
3.039955294775076866e-01,9.853800000000000000e+04
3.042749371332774677e-01,9.875100000000000000e+04
3.045543447890472488e-01,9.878800000000000000e+04
3.048337524448169744e-01,9.879900000000000000e+04
3.051131601005867555e-01,9.915000000000000000e+04
3.053925677563565366e-01,9.927800000000000000e+04
3.056719754121263177e-01,9.982300000000000000e+04
3.059513830678960433e-01,1.001510000000000000e+05
3.062307907236658244e-01,1.001650000000000000e+05
3.065101983794356055e-01,1.002540000000000000e+05
3.067896060352053866e-01,1.007250000000000000e+05
3.070690136909751122e-01,1.007770000000000000e+05
3.073484213467448933e-01,1.008680000000000000e+05
3.076278290025146744e-01,1.009980000000000000e+05
3.079072366582844555e-01,1.010390000000000000e+05
3.081866443140541811e-01,1.010890000000000000e+05
3.084660519698239622e-01,1.011670000000000000e+05
3.087454596255937433e-01,1.011710000000000000e+05
3.090248672813635245e-01,1.011950000000000000e+05
3.093042749371333056e-01,1.014280000000000000e+05
3.095836825929030311e-01,1.019980000000000000e+05
3.098630902486728123e-01,1.020310000000000000e+05
3.101424979044425934e-01,1.020330000000000000e+05
3.104219055602123745e-01,1.020940000000000000e+05
3.107013132159821001e-01,1.023090000000000000e+05
3.109807208717518812e-01,1.024840000000000000e+05
3.112601285275216623e-01,1.025630000000000000e+05
3.115395361832914434e-01,1.026170000000000000e+05
3.118189438390611690e-01,1.028750000000000000e+05
3.120983514948309501e-01,1.029520000000000000e+05
3.123777591506007312e-01,1.030960000000000000e+05
3.126571668063705123e-01,1.031190000000000000e+05
3.129365744621402934e-01,1.031990000000000000e+05
3.132159821179100190e-01,1.032780000000000000e+05
3.134953897736798001e-01,1.033930000000000000e+05
3.137747974294495812e-01,1.034960000000000000e+05
3.140542050852193623e-01,1.035890000000000000e+05
3.143336127409890879e-01,1.036870000000000000e+05
3.146130203967588690e-01,1.036930000000000000e+05
3.148924280525286501e-01,1.038180000000000000e+05
3.151718357082984312e-01,1.038490000000000000e+05
3.154512433640681568e-01,1.039080000000000000e+05
3.157306510198379379e-01,1.044340000000000000e+05
3.160100586756077190e-01,1.044770000000000000e+05
3.162894663313775001e-01,1.046410000000000000e+05
3.165688739871472257e-01,1.048700000000000000e+05
3.168482816429170068e-01,1.049100000000000000e+05
3.171276892986867879e-01,1.049610000000000000e+05
3.174070969544565690e-01,1.049940000000000000e+05
3.176865046102263501e-01,1.050370000000000000e+05
3.179659122659960757e-01,1.051560000000000000e+05
3.182453199217658568e-01,1.054710000000000000e+05
3.185247275775356379e-01,1.056560000000000000e+05
3.188041352333054190e-01,1.056880000000000000e+05
3.190835428890751446e-01,1.057360000000000000e+05
3.193629505448449257e-01,1.058720000000000000e+05
3.196423582006147068e-01,1.059840000000000000e+05
3.199217658563844879e-01,1.061540000000000000e+05
3.202011735121542135e-01,1.062630000000000000e+05
3.204805811679239946e-01,1.062800000000000000e+05
3.207599888236937757e-01,1.065840000000000000e+05
3.210393964794635568e-01,1.068160000000000000e+05
3.213188041352332824e-01,1.070350000000000000e+05
3.215982117910030635e-01,1.070720000000000000e+05
3.218776194467728446e-01,1.072390000000000000e+05
3.221570271025426258e-01,1.073220000000000000e+05
3.224364347583124069e-01,1.074170000000000000e+05
3.227158424140821324e-01,1.074580000000000000e+05
3.229952500698519136e-01,1.077150000000000000e+05
3.232746577256216947e-01,1.081540000000000000e+05
3.235540653813914758e-01,1.082310000000000000e+05
3.238334730371612014e-01,1.082730000000000000e+05
3.241128806929309825e-01,1.083250000000000000e+05
3.243922883487007636e-01,1.084960000000000000e+05
3.246716960044705447e-01,1.085370000000000000e+05
3.249511036602402703e-01,1.086860000000000000e+05
3.252305113160100514e-01,1.087530000000000000e+05
3.255099189717798325e-01,1.087950000000000000e+05
3.257893266275496136e-01,1.090560000000000000e+05
3.260687342833193392e-01,1.091290000000000000e+05
3.263481419390891203e-01,1.092680000000000000e+05
3.266275495948589014e-01,1.095060000000000000e+05
3.269069572506286825e-01,1.096130000000000000e+05
3.271863649063984636e-01,1.096440000000000000e+05
3.274657725621681892e-01,1.097820000000000000e+05
3.277451802179379703e-01,1.099180000000000000e+05
3.280245878737077514e-01,1.101180000000000000e+05
3.283039955294775325e-01,1.104050000000000000e+05
3.285834031852472581e-01,1.105220000000000000e+05
3.288628108410170392e-01,1.105490000000000000e+05
3.291422184967868203e-01,1.105590000000000000e+05
3.294216261525566014e-01,1.105630000000000000e+05
3.297010338083263270e-01,1.105700000000000000e+05
3.299804414640961081e-01,1.106610000000000000e+05
3.302598491198658892e-01,1.107510000000000000e+05
3.305392567756356703e-01,1.108130000000000000e+05
3.308186644314053959e-01,1.108180000000000000e+05
3.310980720871751770e-01,1.108200000000000000e+05
3.313774797429449581e-01,1.108310000000000000e+05
3.316568873987147392e-01,1.109410000000000000e+05
3.319362950544845203e-01,1.111250000000000000e+05
3.322157027102542459e-01,1.111740000000000000e+05
3.324951103660240270e-01,1.113140000000000000e+05
3.327745180217938081e-01,1.116730000000000000e+05
3.330539256775635892e-01,1.118080000000000000e+05
3.333333333333333148e-01,1.120990000000000000e+05
3.336127409891030959e-01,1.121080000000000000e+05
3.338921486448728770e-01,1.121770000000000000e+05
3.341715563006426581e-01,1.125100000000000000e+05
3.344509639564123837e-01,1.126140000000000000e+05
3.347303716121821648e-01,1.127420000000000000e+05
3.350097792679519459e-01,1.129880000000000000e+05
3.352891869237217271e-01,1.131190000000000000e+05
3.355685945794915082e-01,1.131250000000000000e+05
3.358480022352612337e-01,1.132400000000000000e+05
3.361274098910310149e-01,1.135930000000000000e+05
3.364068175468007960e-01,1.136490000000000000e+05
3.366862252025705771e-01,1.136930000000000000e+05
3.369656328583403027e-01,1.138300000000000000e+05
3.372450405141100838e-01,1.138540000000000000e+05
3.375244481698798649e-01,1.138920000000000000e+05
3.378038558256496460e-01,1.139120000000000000e+05
3.380832634814193716e-01,1.141420000000000000e+05
3.383626711371891527e-01,1.146180000000000000e+05
3.386420787929589338e-01,1.146360000000000000e+05
3.389214864487287149e-01,1.146530000000000000e+05
3.392008941044984405e-01,1.146770000000000000e+05
3.394803017602682216e-01,1.146960000000000000e+05
3.397597094160380027e-01,1.151040000000000000e+05
3.400391170718077838e-01,1.152560000000000000e+05
3.403185247275775649e-01,1.154470000000000000e+05
3.405979323833472905e-01,1.156540000000000000e+05
3.408773400391170716e-01,1.158400000000000000e+05
3.411567476948868527e-01,1.159280000000000000e+05
3.414361553506566338e-01,1.160910000000000000e+05
3.417155630064263594e-01,1.160930000000000000e+05
3.419949706621961405e-01,1.161430000000000000e+05
3.422743783179659216e-01,1.161660000000000000e+05
3.425537859737357027e-01,1.163870000000000000e+05
3.428331936295054283e-01,1.167260000000000000e+05
3.431126012852752094e-01,1.169220000000000000e+05
3.433920089410449905e-01,1.169430000000000000e+05
3.436714165968147716e-01,1.173820000000000000e+05
3.439508242525844972e-01,1.174730000000000000e+05
3.442302319083542783e-01,1.175220000000000000e+05
3.445096395641240594e-01,1.175760000000000000e+05
3.447890472198938405e-01,1.176770000000000000e+05
3.450684548756636216e-01,1.177130000000000000e+05
3.453478625314333472e-01,1.178900000000000000e+05
3.456272701872031283e-01,1.181540000000000000e+05
3.459066778429729094e-01,1.184310000000000000e+05
3.461860854987426905e-01,1.185310000000000000e+05
3.464654931545124161e-01,1.188280000000000000e+05
3.467449008102821972e-01,1.188510000000000000e+05
3.470243084660519783e-01,1.188740000000000000e+05
3.473037161218217594e-01,1.189750000000000000e+05
3.475831237775914850e-01,1.189820000000000000e+05
3.478625314333612661e-01,1.191430000000000000e+05
3.481419390891310472e-01,1.191730000000000000e+05
3.484213467449008284e-01,1.192940000000000000e+05
3.487007544006706095e-01,1.193090000000000000e+05
3.489801620564403350e-01,1.194460000000000000e+05
3.492595697122101162e-01,1.195910000000000000e+05
3.495389773679798973e-01,1.196120000000000000e+05
3.498183850237496784e-01,1.198820000000000000e+05
3.500977926795194040e-01,1.199930000000000000e+05
3.503772003352891851e-01,1.203630000000000000e+05
3.506566079910589662e-01,1.204490000000000000e+05
3.509360156468287473e-01,1.205350000000000000e+05
3.512154233025984729e-01,1.205940000000000000e+05
3.514948309583682540e-01,1.205950000000000000e+05
3.517742386141380351e-01,1.208860000000000000e+05
3.520536462699078162e-01,1.211190000000000000e+05
3.523330539256775418e-01,1.212180000000000000e+05
3.526124615814473229e-01,1.213950000000000000e+05
3.528918692372171040e-01,1.214820000000000000e+05
3.531712768929868851e-01,1.214870000000000000e+05
3.534506845487566662e-01,1.215650000000000000e+05
3.537300922045263918e-01,1.217940000000000000e+05
3.540094998602961729e-01,1.218770000000000000e+05
3.542889075160659540e-01,1.219350000000000000e+05
3.545683151718357351e-01,1.220950000000000000e+05
3.548477228276054607e-01,1.221140000000000000e+05
3.551271304833752418e-01,1.222360000000000000e+05
3.554065381391450229e-01,1.222520000000000000e+05
3.556859457949148040e-01,1.223370000000000000e+05
3.559653534506845296e-01,1.223800000000000000e+05
3.562447611064543107e-01,1.225480000000000000e+05
3.565241687622240918e-01,1.225530000000000000e+05
3.568035764179938729e-01,1.226470000000000000e+05
3.570829840737635985e-01,1.226840000000000000e+05
3.573623917295333796e-01,1.226980000000000000e+05
3.576417993853031607e-01,1.227460000000000000e+05
3.579212070410729418e-01,1.229210000000000000e+05
3.582006146968427229e-01,1.230370000000000000e+05
3.584800223526124485e-01,1.230840000000000000e+05
3.587594300083822296e-01,1.232750000000000000e+05
3.590388376641520107e-01,1.234060000000000000e+05
3.593182453199217918e-01,1.234390000000000000e+05
3.595976529756915174e-01,1.237090000000000000e+05
3.598770606314612985e-01,1.237700000000000000e+05
3.601564682872310796e-01,1.242630000000000000e+05
3.604358759430008607e-01,1.243430000000000000e+05
3.607152835987705863e-01,1.243450000000000000e+05
3.609946912545403674e-01,1.244820000000000000e+05
3.612740989103101485e-01,1.245720000000000000e+05
3.615535065660799297e-01,1.246400000000000000e+05
3.618329142218496552e-01,1.248190000000000000e+05
3.621123218776194363e-01,1.251050000000000000e+05
3.623917295333892175e-01,1.254370000000000000e+05
3.626711371891589986e-01,1.257310000000000000e+05
3.629505448449287797e-01,1.258000000000000000e+05
3.632299525006985053e-01,1.258120000000000000e+05
3.635093601564682864e-01,1.258570000000000000e+05
3.637887678122380675e-01,1.259180000000000000e+05
3.640681754680078486e-01,1.262900000000000000e+05
3.643475831237775742e-01,1.264860000000000000e+05
3.646269907795473553e-01,1.266310000000000000e+05
3.649063984353171364e-01,1.267940000000000000e+05
3.651858060910869175e-01,1.269860000000000000e+05
3.654652137468566431e-01,1.272260000000000000e+05
3.657446214026264242e-01,1.272290000000000000e+05
3.660240290583962053e-01,1.275030000000000000e+05
3.663034367141659864e-01,1.277270000000000000e+05
3.665828443699357120e-01,1.277320000000000000e+05
3.668622520257054931e-01,1.286530000000000000e+05
3.671416596814752742e-01,1.287130000000000000e+05
3.674210673372450553e-01,1.288960000000000000e+05
3.677004749930148364e-01,1.292970000000000000e+05
3.679798826487845620e-01,1.297830000000000000e+05
3.682592903045543431e-01,1.302990000000000000e+05
3.685386979603241242e-01,1.303510000000000000e+05
3.688181056160939053e-01,1.305180000000000000e+05
3.690975132718636309e-01,1.307680000000000000e+05
3.693769209276334120e-01,1.308130000000000000e+05
3.696563285834031931e-01,1.309730000000000000e+05
3.699357362391729742e-01,1.309940000000000000e+05
3.702151438949426998e-01,1.313740000000000000e+05
3.704945515507124809e-01,1.313930000000000000e+05
3.707739592064822620e-01,1.315960000000000000e+05
3.710533668622520431e-01,1.318830000000000000e+05
3.713327745180218242e-01,1.319780000000000000e+05
3.716121821737915498e-01,1.321330000000000000e+05
3.718915898295613309e-01,1.321460000000000000e+05
3.721709974853311120e-01,1.323710000000000000e+05
3.724504051411008931e-01,1.325740000000000000e+05
3.727298127968706187e-01,1.333110000000000000e+05
3.730092204526403998e-01,1.333790000000000000e+05
3.732886281084101809e-01,1.334490000000000000e+05
3.735680357641799620e-01,1.336890000000000000e+05
3.738474434199496876e-01,1.338370000000000000e+05
3.741268510757194687e-01,1.339440000000000000e+05
3.744062587314892498e-01,1.339820000000000000e+05
3.746856663872590310e-01,1.342900000000000000e+05
3.749650740430287565e-01,1.342970000000000000e+05
3.752444816987985376e-01,1.344190000000000000e+05
3.755238893545683188e-01,1.345430000000000000e+05
3.758032970103380999e-01,1.345910000000000000e+05
3.760827046661078810e-01,1.346060000000000000e+05
3.763621123218776066e-01,1.348890000000000000e+05
3.766415199776473877e-01,1.350600000000000000e+05
3.769209276334171688e-01,1.352110000000000000e+05
3.772003352891869499e-01,1.352430000000000000e+05
3.774797429449566755e-01,1.352840000000000000e+05
3.777591506007264566e-01,1.358110000000000000e+05
3.780385582564962377e-01,1.362740000000000000e+05
3.783179659122660188e-01,1.363210000000000000e+05
3.785973735680357444e-01,1.364650000000000000e+05
3.788767812238055255e-01,1.368510000000000000e+05
3.791561888795753066e-01,1.368680000000000000e+05
3.794355965353450877e-01,1.370540000000000000e+05
3.797150041911148133e-01,1.370840000000000000e+05
3.799944118468845944e-01,1.371090000000000000e+05
3.802738195026543755e-01,1.372250000000000000e+05
3.805532271584241566e-01,1.374730000000000000e+05
3.808326348141939377e-01,1.375530000000000000e+05
3.811120424699636633e-01,1.376120000000000000e+05
3.813914501257334444e-01,1.376300000000000000e+05
3.816708577815032255e-01,1.377090000000000000e+05
3.819502654372730066e-01,1.378750000000000000e+05
3.822296730930427322e-01,1.379800000000000000e+05
3.825090807488125133e-01,1.380890000000000000e+05
3.827884884045822944e-01,1.385980000000000000e+05
3.830678960603520755e-01,1.388450000000000000e+05
3.833473037161218011e-01,1.388580000000000000e+05
3.836267113718915822e-01,1.390360000000000000e+05
3.839061190276613633e-01,1.393730000000000000e+05
3.841855266834311444e-01,1.394680000000000000e+05
3.844649343392009255e-01,1.396390000000000000e+05
3.847443419949706511e-01,1.397160000000000000e+05
3.850237496507404322e-01,1.397220000000000000e+05
3.853031573065102133e-01,1.397730000000000000e+05
3.855825649622799944e-01,1.399920000000000000e+05
3.858619726180497200e-01,1.400750000000000000e+05
3.861413802738195011e-01,1.400970000000000000e+05
3.864207879295892822e-01,1.402880000000000000e+05
3.867001955853590633e-01,1.404760000000000000e+05
3.869796032411287889e-01,1.405920000000000000e+05
3.872590108968985700e-01,1.406170000000000000e+05
3.875384185526683511e-01,1.406710000000000000e+05
3.878178262084381323e-01,1.407340000000000000e+05
3.880972338642078578e-01,1.409130000000000000e+05
3.883766415199776389e-01,1.410010000000000000e+05
3.886560491757474201e-01,1.410610000000000000e+05
3.889354568315172012e-01,1.411620000000000000e+05
3.892148644872869823e-01,1.412680000000000000e+05
3.894942721430567079e-01,1.414810000000000000e+05
3.897736797988264890e-01,1.418850000000000000e+05
3.900530874545962701e-01,1.420140000000000000e+05
3.903324951103660512e-01,1.422880000000000000e+05
3.906119027661357768e-01,1.426190000000000000e+05
3.908913104219055579e-01,1.426730000000000000e+05
3.911707180776753390e-01,1.428370000000000000e+05
3.914501257334451201e-01,1.428600000000000000e+05
3.917295333892148457e-01,1.429040000000000000e+05
3.920089410449846268e-01,1.431100000000000000e+05
3.922883487007544079e-01,1.431880000000000000e+05
3.925677563565241890e-01,1.432600000000000000e+05
3.928471640122939146e-01,1.442610000000000000e+05
3.931265716680636957e-01,1.442830000000000000e+05
3.934059793238334768e-01,1.445560000000000000e+05
3.936853869796032579e-01,1.445770000000000000e+05
3.939647946353730390e-01,1.446020000000000000e+05
3.942442022911427646e-01,1.446440000000000000e+05
3.945236099469125457e-01,1.447050000000000000e+05
3.948030176026823268e-01,1.448160000000000000e+05
3.950824252584521079e-01,1.448740000000000000e+05
3.953618329142218335e-01,1.450150000000000000e+05
3.956412405699916146e-01,1.453670000000000000e+05
3.959206482257613957e-01,1.454120000000000000e+05
3.962000558815311768e-01,1.460430000000000000e+05
3.964794635373009024e-01,1.461560000000000000e+05
3.967588711930706835e-01,1.462090000000000000e+05
3.970382788488404646e-01,1.464240000000000000e+05
3.973176865046102457e-01,1.468540000000000000e+05
3.975970941603799713e-01,1.471120000000000000e+05
3.978765018161497524e-01,1.472180000000000000e+05
3.981559094719195335e-01,1.472250000000000000e+05
3.984353171276893146e-01,1.472490000000000000e+05
3.987147247834590957e-01,1.473250000000000000e+05
3.989941324392288213e-01,1.473500000000000000e+05
3.992735400949986024e-01,1.475610000000000000e+05
3.995529477507683835e-01,1.475820000000000000e+05
3.998323554065381646e-01,1.477990000000000000e+05
4.001117630623078902e-01,1.479110000000000000e+05
4.003911707180776713e-01,1.479140000000000000e+05
4.006705783738474524e-01,1.479140000000000000e+05
4.009499860296172336e-01,1.483210000000000000e+05
4.012293936853869591e-01,1.487910000000000000e+05
4.015088013411567402e-01,1.489240000000000000e+05
4.017882089969265214e-01,1.490560000000000000e+05
4.020676166526963025e-01,1.490700000000000000e+05
4.023470243084660281e-01,1.491380000000000000e+05
4.026264319642358092e-01,1.493920000000000000e+05
4.029058396200055903e-01,1.495880000000000000e+05
4.031852472757753714e-01,1.500440000000000000e+05
4.034646549315451525e-01,1.502110000000000000e+05
4.037440625873148781e-01,1.505550000000000000e+05
4.040234702430846592e-01,1.505610000000000000e+05
4.043028778988544403e-01,1.509270000000000000e+05
4.045822855546242214e-01,1.509470000000000000e+05
4.048616932103939470e-01,1.510800000000000000e+05
4.051411008661637281e-01,1.513720000000000000e+05
4.054205085219335092e-01,1.513980000000000000e+05
4.056999161777032903e-01,1.514180000000000000e+05
4.059793238334730159e-01,1.515500000000000000e+05
4.062587314892427970e-01,1.516000000000000000e+05
4.065381391450125781e-01,1.518690000000000000e+05
4.068175468007823592e-01,1.520110000000000000e+05
4.070969544565521403e-01,1.522950000000000000e+05
4.073763621123218659e-01,1.525530000000000000e+05
4.076557697680916470e-01,1.526710000000000000e+05
4.079351774238614281e-01,1.526740000000000000e+05
4.082145850796312092e-01,1.526820000000000000e+05
4.084939927354009348e-01,1.527020000000000000e+05
4.087734003911707159e-01,1.528990000000000000e+05
4.090528080469404970e-01,1.529040000000000000e+05
4.093322157027102781e-01,1.530980000000000000e+05
4.096116233584800037e-01,1.532290000000000000e+05
4.098910310142497848e-01,1.533630000000000000e+05
4.101704386700195659e-01,1.535220000000000000e+05
4.104498463257893470e-01,1.535990000000000000e+05
4.107292539815590726e-01,1.537320000000000000e+05
4.110086616373288537e-01,1.540120000000000000e+05
4.112880692930986348e-01,1.541950000000000000e+05
4.115674769488684159e-01,1.542640000000000000e+05
4.118468846046381970e-01,1.544650000000000000e+05
4.121262922604079226e-01,1.545680000000000000e+05
4.124056999161777037e-01,1.547950000000000000e+05
4.126851075719474848e-01,1.548060000000000000e+05
4.129645152277172659e-01,1.548720000000000000e+05
4.132439228834869915e-01,1.551420000000000000e+05
4.135233305392567726e-01,1.556100000000000000e+05
4.138027381950265537e-01,1.556890000000000000e+05
4.140821458507963349e-01,1.557140000000000000e+05
4.143615535065660604e-01,1.558330000000000000e+05
4.146409611623358415e-01,1.559030000000000000e+05
4.149203688181056227e-01,1.559250000000000000e+05
4.151997764738754038e-01,1.562330000000000000e+05
4.154791841296451294e-01,1.565570000000000000e+05
4.157585917854149105e-01,1.568350000000000000e+05
4.160379994411846916e-01,1.568510000000000000e+05
4.163174070969544727e-01,1.574450000000000000e+05
4.165968147527242538e-01,1.574760000000000000e+05
4.168762224084939794e-01,1.575060000000000000e+05
4.171556300642637605e-01,1.575700000000000000e+05
4.174350377200335416e-01,1.578900000000000000e+05
4.177144453758033227e-01,1.580790000000000000e+05
4.179938530315730483e-01,1.581990000000000000e+05
4.182732606873428294e-01,1.582030000000000000e+05
4.185526683431126105e-01,1.582060000000000000e+05
4.188320759988823916e-01,1.582220000000000000e+05
4.191114836546521172e-01,1.584920000000000000e+05
4.193908913104218983e-01,1.585940000000000000e+05
4.196702989661916794e-01,1.586140000000000000e+05
4.199497066219614605e-01,1.590630000000000000e+05
4.202291142777312416e-01,1.590680000000000000e+05
4.205085219335009672e-01,1.593050000000000000e+05
4.207879295892707483e-01,1.595690000000000000e+05
4.210673372450405294e-01,1.597050000000000000e+05
4.213467449008103105e-01,1.597860000000000000e+05
4.216261525565800361e-01,1.598520000000000000e+05
4.219055602123498172e-01,1.600080000000000000e+05
4.221849678681195983e-01,1.601460000000000000e+05
4.224643755238893794e-01,1.601630000000000000e+05
4.227437831796591050e-01,1.601960000000000000e+05
4.230231908354288861e-01,1.605550000000000000e+05
4.233025984911986672e-01,1.606400000000000000e+05
4.235820061469684483e-01,1.607400000000000000e+05
4.238614138027381739e-01,1.607400000000000000e+05
4.241408214585079550e-01,1.607900000000000000e+05
4.244202291142777361e-01,1.608350000000000000e+05
4.246996367700475172e-01,1.610110000000000000e+05
4.249790444258172983e-01,1.612010000000000000e+05
4.252584520815870239e-01,1.612700000000000000e+05
4.255378597373568050e-01,1.613320000000000000e+05
4.258172673931265861e-01,1.614590000000000000e+05
4.260966750488963672e-01,1.616730000000000000e+05
4.263760827046660928e-01,1.618440000000000000e+05
4.266554903604358739e-01,1.620150000000000000e+05
4.269348980162056550e-01,1.620170000000000000e+05
4.272143056719754362e-01,1.621730000000000000e+05
4.274937133277451617e-01,1.622270000000000000e+05
4.277731209835149428e-01,1.624210000000000000e+05
4.280525286392847240e-01,1.624270000000000000e+05
4.283319362950545051e-01,1.624280000000000000e+05
4.286113439508242307e-01,1.624500000000000000e+05
4.288907516065940118e-01,1.624580000000000000e+05
4.291701592623637929e-01,1.625690000000000000e+05
4.294495669181335740e-01,1.625840000000000000e+05
4.297289745739033551e-01,1.635790000000000000e+05
4.300083822296730807e-01,1.635970000000000000e+05
4.302877898854428618e-01,1.636250000000000000e+05
4.305671975412126429e-01,1.636700000000000000e+05
4.308466051969824240e-01,1.638610000000000000e+05
4.311260128527521496e-01,1.640170000000000000e+05
4.314054205085219307e-01,1.642370000000000000e+05
4.316848281642917118e-01,1.642870000000000000e+05
4.319642358200614929e-01,1.643470000000000000e+05
4.322436434758312185e-01,1.645750000000000000e+05
4.325230511316009996e-01,1.646930000000000000e+05
4.328024587873707807e-01,1.649120000000000000e+05
4.330818664431405618e-01,1.651090000000000000e+05
4.333612740989102874e-01,1.651720000000000000e+05
4.336406817546800685e-01,1.658650000000000000e+05
4.339200894104498496e-01,1.660460000000000000e+05
4.341994970662196307e-01,1.663580000000000000e+05
4.344789047219894118e-01,1.664540000000000000e+05
4.347583123777591374e-01,1.666740000000000000e+05
4.350377200335289185e-01,1.667120000000000000e+05
4.353171276892986996e-01,1.667310000000000000e+05
4.355965353450684807e-01,1.667330000000000000e+05
4.358759430008382063e-01,1.671630000000000000e+05
4.361553506566079874e-01,1.676080000000000000e+05
4.364347583123777685e-01,1.676910000000000000e+05
4.367141659681475496e-01,1.677720000000000000e+05
4.369935736239172752e-01,1.678610000000000000e+05
4.372729812796870563e-01,1.681230000000000000e+05
4.375523889354568374e-01,1.682330000000000000e+05
4.378317965912266185e-01,1.685690000000000000e+05
4.381112042469963441e-01,1.685960000000000000e+05
4.383906119027661252e-01,1.688140000000000000e+05
4.386700195585359063e-01,1.689040000000000000e+05
4.389494272143056874e-01,1.689740000000000000e+05
4.392288348700754685e-01,1.691850000000000000e+05
4.395082425258451941e-01,1.692120000000000000e+05
4.397876501816149752e-01,1.692160000000000000e+05
4.400670578373847563e-01,1.693010000000000000e+05
4.403464654931545375e-01,1.696630000000000000e+05
4.406258731489242630e-01,1.698320000000000000e+05
4.409052808046940441e-01,1.698480000000000000e+05
4.411846884604638253e-01,1.698670000000000000e+05
4.414640961162336064e-01,1.699430000000000000e+05
4.417435037720033320e-01,1.699470000000000000e+05
4.420229114277731131e-01,1.701930000000000000e+05
4.423023190835428942e-01,1.709480000000000000e+05
4.425817267393126753e-01,1.712870000000000000e+05
4.428611343950824564e-01,1.715600000000000000e+05
4.431405420508521820e-01,1.715650000000000000e+05
4.434199497066219631e-01,1.716890000000000000e+05
4.436993573623917442e-01,1.718960000000000000e+05
4.439787650181615253e-01,1.719760000000000000e+05
4.442581726739312509e-01,1.720120000000000000e+05
4.445375803297010320e-01,1.721680000000000000e+05
4.448169879854708131e-01,1.723500000000000000e+05
4.450963956412405942e-01,1.724340000000000000e+05
4.453758032970103198e-01,1.730670000000000000e+05
4.456552109527801009e-01,1.734820000000000000e+05
4.459346186085498820e-01,1.736060000000000000e+05
4.462140262643196631e-01,1.737990000000000000e+05
4.464934339200893887e-01,1.738360000000000000e+05
4.467728415758591698e-01,1.738790000000000000e+05
4.470522492316289509e-01,1.739110000000000000e+05
4.473316568873987320e-01,1.741640000000000000e+05
4.476110645431685131e-01,1.743100000000000000e+05
4.478904721989382387e-01,1.746080000000000000e+05
4.481698798547080198e-01,1.748680000000000000e+05
4.484492875104778009e-01,1.750350000000000000e+05
4.487286951662475820e-01,1.751420000000000000e+05
4.490081028220173076e-01,1.751770000000000000e+05
4.492875104777870887e-01,1.751780000000000000e+05
4.495669181335568698e-01,1.752920000000000000e+05
4.498463257893266509e-01,1.755170000000000000e+05
4.501257334450963765e-01,1.755260000000000000e+05
4.504051411008661576e-01,1.757070000000000000e+05
4.506845487566359387e-01,1.757320000000000000e+05
4.509639564124057198e-01,1.757350000000000000e+05
4.512433640681754454e-01,1.757730000000000000e+05
4.515227717239452265e-01,1.758040000000000000e+05
4.518021793797150076e-01,1.759480000000000000e+05
4.520815870354847887e-01,1.760060000000000000e+05
4.523609946912545698e-01,1.763140000000000000e+05
4.526404023470242954e-01,1.764640000000000000e+05
4.529198100027940765e-01,1.766330000000000000e+05
4.531992176585638576e-01,1.766750000000000000e+05
4.534786253143336388e-01,1.770590000000000000e+05
4.537580329701033643e-01,1.772170000000000000e+05
4.540374406258731454e-01,1.773320000000000000e+05
4.543168482816429266e-01,1.773400000000000000e+05
4.545962559374127077e-01,1.774570000000000000e+05
4.548756635931824333e-01,1.776140000000000000e+05
4.551550712489522144e-01,1.784000000000000000e+05
4.554344789047219955e-01,1.786930000000000000e+05
4.557138865604917766e-01,1.793420000000000000e+05
4.559932942162615577e-01,1.796890000000000000e+05
4.562727018720312833e-01,1.800860000000000000e+05
4.565521095278010644e-01,1.801580000000000000e+05
4.568315171835708455e-01,1.802510000000000000e+05
4.571109248393406266e-01,1.803160000000000000e+05
4.573903324951103522e-01,1.810270000000000000e+05
4.576697401508801333e-01,1.810350000000000000e+05
4.579491478066499144e-01,1.817770000000000000e+05
4.582285554624196955e-01,1.819040000000000000e+05
4.585079631181894211e-01,1.821990000000000000e+05
4.587873707739592022e-01,1.823390000000000000e+05
4.590667784297289833e-01,1.825160000000000000e+05
4.593461860854987644e-01,1.828430000000000000e+05
4.596255937412684900e-01,1.830550000000000000e+05
4.599050013970382711e-01,1.831250000000000000e+05
4.601844090528080522e-01,1.831720000000000000e+05
4.604638167085778333e-01,1.832660000000000000e+05
4.607432243643476144e-01,1.834150000000000000e+05
4.610226320201173400e-01,1.834510000000000000e+05
4.613020396758871211e-01,1.836800000000000000e+05
4.615814473316569022e-01,1.840660000000000000e+05
4.618608549874266833e-01,1.841500000000000000e+05
4.621402626431964089e-01,1.842750000000000000e+05
4.624196702989661900e-01,1.842860000000000000e+05
4.626990779547359711e-01,1.843660000000000000e+05
4.629784856105057522e-01,1.843990000000000000e+05
4.632578932662754778e-01,1.846040000000000000e+05
4.635373009220452589e-01,1.846050000000000000e+05
4.638167085778150400e-01,1.848900000000000000e+05
4.640961162335848211e-01,1.849520000000000000e+05
4.643755238893545467e-01,1.851190000000000000e+05
4.646549315451243278e-01,1.852790000000000000e+05
4.649343392008941089e-01,1.852830000000000000e+05
4.652137468566638900e-01,1.853790000000000000e+05
4.654931545124336711e-01,1.857380000000000000e+05
4.657725621682033967e-01,1.859300000000000000e+05
4.660519698239731778e-01,1.861290000000000000e+05
4.663313774797429589e-01,1.863880000000000000e+05
4.666107851355127401e-01,1.865170000000000000e+05
4.668901927912824656e-01,1.866250000000000000e+05
4.671696004470522467e-01,1.866370000000000000e+05
4.674490081028220279e-01,1.867850000000000000e+05
4.677284157585918090e-01,1.868550000000000000e+05
4.680078234143615346e-01,1.869070000000000000e+05
4.682872310701313157e-01,1.869410000000000000e+05
4.685666387259010968e-01,1.874140000000000000e+05
4.688460463816708779e-01,1.875240000000000000e+05
4.691254540374406035e-01,1.876620000000000000e+05
4.694048616932103846e-01,1.876880000000000000e+05
4.696842693489801657e-01,1.877940000000000000e+05
4.699636770047499468e-01,1.878340000000000000e+05
4.702430846605197279e-01,1.878440000000000000e+05
4.705224923162894535e-01,1.880370000000000000e+05
4.708018999720592346e-01,1.881540000000000000e+05
4.710813076278290157e-01,1.882430000000000000e+05
4.713607152835987968e-01,1.886730000000000000e+05
4.716401229393685224e-01,1.887080000000000000e+05
4.719195305951383035e-01,1.887150000000000000e+05
4.721989382509080846e-01,1.889710000000000000e+05
4.724783459066778657e-01,1.892360000000000000e+05
4.727577535624475913e-01,1.894820000000000000e+05
4.730371612182173724e-01,1.897510000000000000e+05
4.733165688739871535e-01,1.898610000000000000e+05
4.735959765297569346e-01,1.898750000000000000e+05
4.738753841855266602e-01,1.899390000000000000e+05
4.741547918412964413e-01,1.899470000000000000e+05
4.744341994970662224e-01,1.900550000000000000e+05
4.747136071528360035e-01,1.906920000000000000e+05
4.749930148086057846e-01,1.909440000000000000e+05
4.752724224643755102e-01,1.911800000000000000e+05
4.755518301201452913e-01,1.913380000000000000e+05
4.758312377759150724e-01,1.913690000000000000e+05
4.761106454316848535e-01,1.914340000000000000e+05
4.763900530874545791e-01,1.917300000000000000e+05
4.766694607432243602e-01,1.918180000000000000e+05
4.769488683989941413e-01,1.918990000000000000e+05
4.772282760547639224e-01,1.919340000000000000e+05
4.775076837105336480e-01,1.919600000000000000e+05
4.777870913663034291e-01,1.921260000000000000e+05
4.780664990220732102e-01,1.922900000000000000e+05
4.783459066778429913e-01,1.925140000000000000e+05
4.786253143336127724e-01,1.928940000000000000e+05
4.789047219893824980e-01,1.931200000000000000e+05
4.791841296451522791e-01,1.931460000000000000e+05
4.794635373009220602e-01,1.931890000000000000e+05
4.797429449566918414e-01,1.934050000000000000e+05
4.800223526124615669e-01,1.935180000000000000e+05
4.803017602682313480e-01,1.936090000000000000e+05
4.805811679240011292e-01,1.938580000000000000e+05
4.808605755797709103e-01,1.941260000000000000e+05
4.811399832355406359e-01,1.943160000000000000e+05
4.814193908913104170e-01,1.944730000000000000e+05
4.816987985470801981e-01,1.946010000000000000e+05
4.819782062028499792e-01,1.947390000000000000e+05
4.822576138586197048e-01,1.948200000000000000e+05
4.825370215143894859e-01,1.948300000000000000e+05
4.828164291701592670e-01,1.949470000000000000e+05
4.830958368259290481e-01,1.949510000000000000e+05
4.833752444816988292e-01,1.950720000000000000e+05
4.836546521374685548e-01,1.952630000000000000e+05
4.839340597932383359e-01,1.955880000000000000e+05
4.842134674490081170e-01,1.958860000000000000e+05
4.844928751047778981e-01,1.959470000000000000e+05
4.847722827605476237e-01,1.962130000000000000e+05
4.850516904163174048e-01,1.964750000000000000e+05
4.853310980720871859e-01,1.968160000000000000e+05
4.856105057278569670e-01,1.969720000000000000e+05
4.858899133836266926e-01,1.970090000000000000e+05
4.861693210393964737e-01,1.970520000000000000e+05
4.864487286951662548e-01,1.974130000000000000e+05
4.867281363509360359e-01,1.976020000000000000e+05
4.870075440067057615e-01,1.981000000000000000e+05
4.872869516624755426e-01,1.981140000000000000e+05
4.875663593182453237e-01,1.981210000000000000e+05
4.878457669740151048e-01,1.981210000000000000e+05
4.881251746297848859e-01,1.982980000000000000e+05
4.884045822855546115e-01,1.986910000000000000e+05
4.886839899413243926e-01,1.987870000000000000e+05
4.889633975970941737e-01,1.988830000000000000e+05
4.892428052528639548e-01,1.989390000000000000e+05
4.895222129086336804e-01,1.990510000000000000e+05
4.898016205644034615e-01,1.994280000000000000e+05
4.900810282201732426e-01,1.994290000000000000e+05
4.903604358759430237e-01,1.994540000000000000e+05
4.906398435317127493e-01,1.994780000000000000e+05
4.909192511874825304e-01,1.995830000000000000e+05
4.911986588432523115e-01,1.995890000000000000e+05
4.914780664990220926e-01,1.996620000000000000e+05
4.917574741547918737e-01,1.999740000000000000e+05
4.920368818105615993e-01,2.000390000000000000e+05
4.923162894663313804e-01,2.000520000000000000e+05
4.925956971221011615e-01,2.001240000000000000e+05
4.928751047778709427e-01,2.001250000000000000e+05
4.931545124336406682e-01,2.003130000000000000e+05
4.934339200894104493e-01,2.003490000000000000e+05
4.937133277451802305e-01,2.004230000000000000e+05
4.939927354009500116e-01,2.005010000000000000e+05
4.942721430567197372e-01,2.008040000000000000e+05
4.945515507124895183e-01,2.009900000000000000e+05
4.948309583682592994e-01,2.009920000000000000e+05
4.951103660240290805e-01,2.013840000000000000e+05
4.953897736797988061e-01,2.020580000000000000e+05
4.956691813355685872e-01,2.025190000000000000e+05
4.959485889913383683e-01,2.026660000000000000e+05
4.962279966471081494e-01,2.028820000000000000e+05
4.965074043028779305e-01,2.029430000000000000e+05
4.967868119586476561e-01,2.029960000000000000e+05
4.970662196144174372e-01,2.031600000000000000e+05
4.973456272701872183e-01,2.036930000000000000e+05
4.976250349259569994e-01,2.039920000000000000e+05
4.979044425817267250e-01,2.049680000000000000e+05
4.981838502374965061e-01,2.058710000000000000e+05
4.984632578932662872e-01,2.059120000000000000e+05
4.987426655490360683e-01,2.069720000000000000e+05
4.990220732048057939e-01,2.069820000000000000e+05
4.993014808605755750e-01,2.072210000000000000e+05
4.995808885163453561e-01,2.075720000000000000e+05
4.998602961721151372e-01,2.075910000000000000e+05
5.001397038278848628e-01,2.075910000000000000e+05
5.004191114836546994e-01,2.077950000000000000e+05
5.006985191394244250e-01,2.084350000000000000e+05
5.009779267951941506e-01,2.085290000000000000e+05
5.012573344509639872e-01,2.085350000000000000e+05
5.015367421067337128e-01,2.088030000000000000e+05
5.018161497625035494e-01,2.088060000000000000e+05
5.020955574182732750e-01,2.092230000000000000e+05
5.023749650740430006e-01,2.092930000000000000e+05
5.026543727298128372e-01,2.093210000000000000e+05
5.029337803855825628e-01,2.095420000000000000e+05
5.032131880413522884e-01,2.096030000000000000e+05
5.034925956971221250e-01,2.096590000000000000e+05
5.037720033528918506e-01,2.099420000000000000e+05
5.040514110086616872e-01,2.099610000000000000e+05
5.043308186644314128e-01,2.104400000000000000e+05
5.046102263202011384e-01,2.107790000000000000e+05
5.048896339759709750e-01,2.108520000000000000e+05
5.051690416317407006e-01,2.108560000000000000e+05
5.054484492875105373e-01,2.109030000000000000e+05
5.057278569432802628e-01,2.109590000000000000e+05
5.060072645990499884e-01,2.115170000000000000e+05
5.062866722548198251e-01,2.122890000000000000e+05
5.065660799105895507e-01,2.128400000000000000e+05
5.068454875663592762e-01,2.130280000000000000e+05
5.071248952221291129e-01,2.131340000000000000e+05
5.074043028778988385e-01,2.133500000000000000e+05
5.076837105336686751e-01,2.137870000000000000e+05
5.079631181894384007e-01,2.138320000000000000e+05
5.082425258452081263e-01,2.141480000000000000e+05
5.085219335009779629e-01,2.142900000000000000e+05
5.088013411567476885e-01,2.144440000000000000e+05
5.090807488125174141e-01,2.144690000000000000e+05
5.093601564682872507e-01,2.144880000000000000e+05
5.096395641240569763e-01,2.148970000000000000e+05
5.099189717798268129e-01,2.149720000000000000e+05
5.101983794355965385e-01,2.151930000000000000e+05
5.104777870913662641e-01,2.152800000000000000e+05
5.107571947471361007e-01,2.158020000000000000e+05
5.110366024029058263e-01,2.159830000000000000e+05
5.113160100586756629e-01,2.159980000000000000e+05
5.115954177144453885e-01,2.161420000000000000e+05
5.118748253702151141e-01,2.161730000000000000e+05
5.121542330259849507e-01,2.162620000000000000e+05
5.124336406817546763e-01,2.177040000000000000e+05
5.127130483375244019e-01,2.180110000000000000e+05
5.129924559932942385e-01,2.181020000000000000e+05
5.132718636490639641e-01,2.181360000000000000e+05
5.135512713048338007e-01,2.182790000000000000e+05
5.138306789606035263e-01,2.185280000000000000e+05
5.141100866163732519e-01,2.185820000000000000e+05
5.143894942721430885e-01,2.187310000000000000e+05
5.146689019279128141e-01,2.188800000000000000e+05
5.149483095836826507e-01,2.190670000000000000e+05
5.152277172394523763e-01,2.190740000000000000e+05
5.155071248952221019e-01,2.192930000000000000e+05
5.157865325509919385e-01,2.193210000000000000e+05
5.160659402067616641e-01,2.195000000000000000e+05
5.163453478625313897e-01,2.196220000000000000e+05
5.166247555183012263e-01,2.201310000000000000e+05
5.169041631740709519e-01,2.201510000000000000e+05
5.171835708298407885e-01,2.205170000000000000e+05
5.174629784856105141e-01,2.205370000000000000e+05
5.177423861413802397e-01,2.206840000000000000e+05
5.180217937971500763e-01,2.206900000000000000e+05
5.183012014529198019e-01,2.207180000000000000e+05
5.185806091086895275e-01,2.207700000000000000e+05
5.188600167644593641e-01,2.213170000000000000e+05
5.191394244202290897e-01,2.214050000000000000e+05
5.194188320759989264e-01,2.214860000000000000e+05
5.196982397317686520e-01,2.215210000000000000e+05
5.199776473875383775e-01,2.218090000000000000e+05
5.202570550433082142e-01,2.222310000000000000e+05
5.205364626990779398e-01,2.223930000000000000e+05
5.208158703548477764e-01,2.226830000000000000e+05
5.210952780106175020e-01,2.226950000000000000e+05
5.213746856663872276e-01,2.228690000000000000e+05
5.216540933221570642e-01,2.231270000000000000e+05
5.219335009779267898e-01,2.232440000000000000e+05
5.222129086336965154e-01,2.232500000000000000e+05
5.224923162894663520e-01,2.235480000000000000e+05
5.227717239452360776e-01,2.235790000000000000e+05
5.230511316010059142e-01,2.241060000000000000e+05
5.233305392567756398e-01,2.242410000000000000e+05
5.236099469125453654e-01,2.246550000000000000e+05
5.238893545683152020e-01,2.247310000000000000e+05
5.241687622240849276e-01,2.249640000000000000e+05
5.244481698798547642e-01,2.250530000000000000e+05
5.247275775356244898e-01,2.251230000000000000e+05
5.250069851913942154e-01,2.252780000000000000e+05
5.252863928471640520e-01,2.255950000000000000e+05
5.255658005029337776e-01,2.256390000000000000e+05
5.258452081587035032e-01,2.257120000000000000e+05
5.261246158144733398e-01,2.258700000000000000e+05
5.264040234702430654e-01,2.259310000000000000e+05
5.266834311260129020e-01,2.260280000000000000e+05
5.269628387817826276e-01,2.261590000000000000e+05
5.272422464375523532e-01,2.267390000000000000e+05
5.275216540933221898e-01,2.271390000000000000e+05
5.278010617490919154e-01,2.272380000000000000e+05
5.280804694048617520e-01,2.272700000000000000e+05
5.283598770606314776e-01,2.272870000000000000e+05
5.286392847164012032e-01,2.276810000000000000e+05
5.289186923721710398e-01,2.279200000000000000e+05
5.291981000279407654e-01,2.281590000000000000e+05
5.294775076837104910e-01,2.284070000000000000e+05
5.297569153394803276e-01,2.284750000000000000e+05
5.300363229952500532e-01,2.285200000000000000e+05
5.303157306510198898e-01,2.285290000000000000e+05
5.305951383067896154e-01,2.286010000000000000e+05
5.308745459625593410e-01,2.294800000000000000e+05
5.311539536183291776e-01,2.295800000000000000e+05
5.314333612740989032e-01,2.299160000000000000e+05
5.317127689298686288e-01,2.300520000000000000e+05
5.319921765856384654e-01,2.300520000000000000e+05
5.322715842414081910e-01,2.305750000000000000e+05
5.325509918971780277e-01,2.308650000000000000e+05
5.328303995529477533e-01,2.309990000000000000e+05
5.331098072087174788e-01,2.310690000000000000e+05
5.333892148644873155e-01,2.313110000000000000e+05
5.336686225202570411e-01,2.314010000000000000e+05
5.339480301760268777e-01,2.316680000000000000e+05
5.342274378317966033e-01,2.322540000000000000e+05
5.345068454875663289e-01,2.326420000000000000e+05
5.347862531433361655e-01,2.326500000000000000e+05
5.350656607991058911e-01,2.327990000000000000e+05
5.353450684548756167e-01,2.332780000000000000e+05
5.356244761106454533e-01,2.342880000000000000e+05
5.359038837664151789e-01,2.343210000000000000e+05
5.361832914221850155e-01,2.346550000000000000e+05
5.364626990779547411e-01,2.349370000000000000e+05
5.367421067337244667e-01,2.349560000000000000e+05
5.370215143894943033e-01,2.350790000000000000e+05
5.373009220452640289e-01,2.354380000000000000e+05
5.375803297010338655e-01,2.359070000000000000e+05
5.378597373568035911e-01,2.359400000000000000e+05
5.381391450125733167e-01,2.359750000000000000e+05
5.384185526683431533e-01,2.360030000000000000e+05
5.386979603241128789e-01,2.364650000000000000e+05
5.389773679798826045e-01,2.365190000000000000e+05
5.392567756356524411e-01,2.366610000000000000e+05
5.395361832914221667e-01,2.367430000000000000e+05
5.398155909471920033e-01,2.367500000000000000e+05
5.400949986029617289e-01,2.376260000000000000e+05
5.403744062587314545e-01,2.377750000000000000e+05
5.406538139145012911e-01,2.381480000000000000e+05
5.409332215702710167e-01,2.382630000000000000e+05
5.412126292260408533e-01,2.383370000000000000e+05
5.414920368818105789e-01,2.384720000000000000e+05
5.417714445375803045e-01,2.389560000000000000e+05
5.420508521933501411e-01,2.389640000000000000e+05
5.423302598491198667e-01,2.389970000000000000e+05
5.426096675048895923e-01,2.393690000000000000e+05
5.428890751606594289e-01,2.394220000000000000e+05
5.431684828164291545e-01,2.395440000000000000e+05
5.434478904721989911e-01,2.396350000000000000e+05
5.437272981279687167e-01,2.397570000000000000e+05
5.440067057837384423e-01,2.397800000000000000e+05
5.442861134395082789e-01,2.402500000000000000e+05
5.445655210952780045e-01,2.403270000000000000e+05
5.448449287510477301e-01,2.403940000000000000e+05
5.451243364068175667e-01,2.414590000000000000e+05
5.454037440625872923e-01,2.420120000000000000e+05
5.456831517183571290e-01,2.424500000000000000e+05
5.459625593741268546e-01,2.425080000000000000e+05
5.462419670298965801e-01,2.428490000000000000e+05
5.465213746856664168e-01,2.428540000000000000e+05
5.468007823414361424e-01,2.429940000000000000e+05
5.470801899972059790e-01,2.431220000000000000e+05
5.473595976529757046e-01,2.432530000000000000e+05
5.476390053087454302e-01,2.433930000000000000e+05
5.479184129645152668e-01,2.434260000000000000e+05
5.481978206202849924e-01,2.440450000000000000e+05
5.484772282760547180e-01,2.443230000000000000e+05
5.487566359318245546e-01,2.448650000000000000e+05
5.490360435875942802e-01,2.454810000000000000e+05
5.493154512433641168e-01,2.454810000000000000e+05
5.495948588991338424e-01,2.465000000000000000e+05
5.498742665549035680e-01,2.467090000000000000e+05
5.501536742106734046e-01,2.467200000000000000e+05
5.504330818664431302e-01,2.467490000000000000e+05
5.507124895222129668e-01,2.469240000000000000e+05
5.509918971779826924e-01,2.469430000000000000e+05
5.512713048337524180e-01,2.470200000000000000e+05
5.515507124895222546e-01,2.470620000000000000e+05
5.518301201452919802e-01,2.473260000000000000e+05
5.521095278010617058e-01,2.475570000000000000e+05
5.523889354568315424e-01,2.476890000000000000e+05
5.526683431126012680e-01,2.480410000000000000e+05
5.529477507683711046e-01,2.481430000000000000e+05
5.532271584241408302e-01,2.483880000000000000e+05
5.535065660799105558e-01,2.483910000000000000e+05
5.537859737356803924e-01,2.484270000000000000e+05
5.540653813914501180e-01,2.485020000000000000e+05
5.543447890472199546e-01,2.485370000000000000e+05
5.546241967029896802e-01,2.485970000000000000e+05
5.549036043587594058e-01,2.488000000000000000e+05
5.551830120145292424e-01,2.492680000000000000e+05
5.554624196702989680e-01,2.494320000000000000e+05
5.557418273260686936e-01,2.500610000000000000e+05
5.560212349818385302e-01,2.501040000000000000e+05
5.563006426376082558e-01,2.504320000000000000e+05
5.565800502933780924e-01,2.510070000000000000e+05
5.568594579491478180e-01,2.510080000000000000e+05
5.571388656049175436e-01,2.511930000000000000e+05
5.574182732606873802e-01,2.512750000000000000e+05
5.576976809164571058e-01,2.514110000000000000e+05
5.579770885722268314e-01,2.517050000000000000e+05
5.582564962279966680e-01,2.518050000000000000e+05
5.585359038837663936e-01,2.520320000000000000e+05
5.588153115395362303e-01,2.522630000000000000e+05
5.590947191953059559e-01,2.523430000000000000e+05
5.593741268510756814e-01,2.524200000000000000e+05
5.596535345068455181e-01,2.524490000000000000e+05
5.599329421626152437e-01,2.524620000000000000e+05
5.602123498183850803e-01,2.525300000000000000e+05
5.604917574741548059e-01,2.527750000000000000e+05
5.607711651299245315e-01,2.531680000000000000e+05
5.610505727856943681e-01,2.532360000000000000e+05
5.613299804414640937e-01,2.532900000000000000e+05
5.616093880972338193e-01,2.533600000000000000e+05
5.618887957530036559e-01,2.541300000000000000e+05
5.621682034087733815e-01,2.541330000000000000e+05
5.624476110645432181e-01,2.544650000000000000e+05
5.627270187203129437e-01,2.545650000000000000e+05
5.630064263760826693e-01,2.545860000000000000e+05
5.632858340318525059e-01,2.550080000000000000e+05
5.635652416876222315e-01,2.555100000000000000e+05
5.638446493433920681e-01,2.560720000000000000e+05
5.641240569991617937e-01,2.567370000000000000e+05
5.644034646549315193e-01,2.569180000000000000e+05
5.646828723107013559e-01,2.569560000000000000e+05
5.649622799664710815e-01,2.573630000000000000e+05
5.652416876222408071e-01,2.575070000000000000e+05
5.655210952780106437e-01,2.577680000000000000e+05
5.658005029337803693e-01,2.578030000000000000e+05
5.660799105895502059e-01,2.579910000000000000e+05
5.663593182453199315e-01,2.587760000000000000e+05
5.666387259010896571e-01,2.590570000000000000e+05
5.669181335568594937e-01,2.594130000000000000e+05
5.671975412126292193e-01,2.595830000000000000e+05
5.674769488683989449e-01,2.596340000000000000e+05
5.677563565241687815e-01,2.598940000000000000e+05
5.680357641799385071e-01,2.603700000000000000e+05
5.683151718357083437e-01,2.606090000000000000e+05
5.685945794914780693e-01,2.608650000000000000e+05
5.688739871472477949e-01,2.609610000000000000e+05
5.691533948030176315e-01,2.616840000000000000e+05
5.694328024587873571e-01,2.618910000000000000e+05
5.697122101145571937e-01,2.626000000000000000e+05
5.699916177703269193e-01,2.628850000000000000e+05
5.702710254260966449e-01,2.628970000000000000e+05
5.705504330818664815e-01,2.629840000000000000e+05
5.708298407376362071e-01,2.632660000000000000e+05
5.711092483934059327e-01,2.637430000000000000e+05
5.713886560491757693e-01,2.637640000000000000e+05
5.716680637049454949e-01,2.640030000000000000e+05
5.719474713607153316e-01,2.640210000000000000e+05
5.722268790164850572e-01,2.641640000000000000e+05
5.725062866722547827e-01,2.648330000000000000e+05
5.727856943280246194e-01,2.649070000000000000e+05
5.730651019837943450e-01,2.649560000000000000e+05
5.733445096395641816e-01,2.650350000000000000e+05
5.736239172953339072e-01,2.650840000000000000e+05
5.739033249511036328e-01,2.651840000000000000e+05
5.741827326068734694e-01,2.654660000000000000e+05
5.744621402626431950e-01,2.654970000000000000e+05
5.747415479184129206e-01,2.655280000000000000e+05
5.750209555741827572e-01,2.655400000000000000e+05
5.753003632299524828e-01,2.656430000000000000e+05
5.755797708857223194e-01,2.657590000000000000e+05
5.758591785414920450e-01,2.663670000000000000e+05
5.761385861972617706e-01,2.667800000000000000e+05
5.764179938530316072e-01,2.667980000000000000e+05
5.766974015088013328e-01,2.669450000000000000e+05
5.769768091645711694e-01,2.670210000000000000e+05
5.772562168203408950e-01,2.671120000000000000e+05
5.775356244761106206e-01,2.675200000000000000e+05
5.778150321318804572e-01,2.677220000000000000e+05
5.780944397876501828e-01,2.681430000000000000e+05
5.783738474434199084e-01,2.682080000000000000e+05
5.786532550991897450e-01,2.682320000000000000e+05
5.789326627549594706e-01,2.687250000000000000e+05
5.792120704107293072e-01,2.687690000000000000e+05
5.794914780664990328e-01,2.689020000000000000e+05
5.797708857222687584e-01,2.694970000000000000e+05
5.800502933780385950e-01,2.695620000000000000e+05
5.803297010338083206e-01,2.696720000000000000e+05
5.806091086895780462e-01,2.697440000000000000e+05
5.808885163453478828e-01,2.698750000000000000e+05
5.811679240011176084e-01,2.699810000000000000e+05
5.814473316568874450e-01,2.703040000000000000e+05
5.817267393126571706e-01,2.707960000000000000e+05
5.820061469684268962e-01,2.711880000000000000e+05
5.822855546241967328e-01,2.713410000000000000e+05
5.825649622799664584e-01,2.720620000000000000e+05
5.828443699357362950e-01,2.720810000000000000e+05
5.831237775915060206e-01,2.725620000000000000e+05
5.834031852472757462e-01,2.727270000000000000e+05
5.836825929030455828e-01,2.728080000000000000e+05
5.839620005588153084e-01,2.733520000000000000e+05
5.842414082145850340e-01,2.733970000000000000e+05
5.845208158703548706e-01,2.739030000000000000e+05
5.848002235261245962e-01,2.739710000000000000e+05
5.850796311818944329e-01,2.740950000000000000e+05
5.853590388376641585e-01,2.742440000000000000e+05
5.856384464934338840e-01,2.742780000000000000e+05
5.859178541492037207e-01,2.745830000000000000e+05
5.861972618049734463e-01,2.750530000000000000e+05
5.864766694607432829e-01,2.753020000000000000e+05
5.867560771165130085e-01,2.754300000000000000e+05
5.870354847722827341e-01,2.754520000000000000e+05
5.873148924280525707e-01,2.757640000000000000e+05
5.875943000838222963e-01,2.758140000000000000e+05
5.878737077395920219e-01,2.759480000000000000e+05
5.881531153953618585e-01,2.774840000000000000e+05
5.884325230511315841e-01,2.776740000000000000e+05
5.887119307069014207e-01,2.779180000000000000e+05
5.889913383626711463e-01,2.780350000000000000e+05
5.892707460184408719e-01,2.781190000000000000e+05
5.895501536742107085e-01,2.782200000000000000e+05
5.898295613299804341e-01,2.784070000000000000e+05
5.901089689857501597e-01,2.786390000000000000e+05
5.903883766415199963e-01,2.787250000000000000e+05
5.906677842972897219e-01,2.788100000000000000e+05
5.909471919530595585e-01,2.788770000000000000e+05
5.912265996088292841e-01,2.789660000000000000e+05
5.915060072645990097e-01,2.790410000000000000e+05
5.917854149203688463e-01,2.792780000000000000e+05
5.920648225761385719e-01,2.794120000000000000e+05
5.923442302319084085e-01,2.797600000000000000e+05
5.926236378876781341e-01,2.798140000000000000e+05
5.929030455434478597e-01,2.800290000000000000e+05
5.931824531992176963e-01,2.802400000000000000e+05
5.934618608549874219e-01,2.810600000000000000e+05
5.937412685107571475e-01,2.812150000000000000e+05
5.940206761665269841e-01,2.823930000000000000e+05
5.943000838222967097e-01,2.824780000000000000e+05
5.945794914780665463e-01,2.832030000000000000e+05
5.948588991338362719e-01,2.833550000000000000e+05
5.951383067896059975e-01,2.834510000000000000e+05
5.954177144453758341e-01,2.835950000000000000e+05
5.956971221011455597e-01,2.847630000000000000e+05
5.959765297569153963e-01,2.852900000000000000e+05
5.962559374126851219e-01,2.855320000000000000e+05
5.965353450684548475e-01,2.856190000000000000e+05
5.968147527242246841e-01,2.856750000000000000e+05
5.970941603799944097e-01,2.860020000000000000e+05
5.973735680357641353e-01,2.860170000000000000e+05
5.976529756915339719e-01,2.862790000000000000e+05
5.979323833473036975e-01,2.867570000000000000e+05
5.982117910030735342e-01,2.867710000000000000e+05
5.984911986588432598e-01,2.871380000000000000e+05
5.987706063146129853e-01,2.872090000000000000e+05
5.990500139703828220e-01,2.872650000000000000e+05
5.993294216261525476e-01,2.872720000000000000e+05
5.996088292819223842e-01,2.874130000000000000e+05
5.998882369376921098e-01,2.876080000000000000e+05
6.001676445934618354e-01,2.876630000000000000e+05
6.004470522492316720e-01,2.877700000000000000e+05
6.007264599050013976e-01,2.878520000000000000e+05
6.010058675607711232e-01,2.883690000000000000e+05
6.012852752165409598e-01,2.887170000000000000e+05
6.015646828723106854e-01,2.895870000000000000e+05
6.018440905280805220e-01,2.897710000000000000e+05
6.021234981838502476e-01,2.898200000000000000e+05
6.024029058396199732e-01,2.903790000000000000e+05
6.026823134953898098e-01,2.906380000000000000e+05
6.029617211511595354e-01,2.908400000000000000e+05
6.032411288069292610e-01,2.909700000000000000e+05
6.035205364626990976e-01,2.913120000000000000e+05
6.037999441184688232e-01,2.914630000000000000e+05
6.040793517742386598e-01,2.918050000000000000e+05
6.043587594300083854e-01,2.920650000000000000e+05
6.046381670857781110e-01,2.928850000000000000e+05
6.049175747415479476e-01,2.930090000000000000e+05
6.051969823973176732e-01,2.930250000000000000e+05
6.054763900530875098e-01,2.934100000000000000e+05
6.057557977088572354e-01,2.934520000000000000e+05
6.060352053646269610e-01,2.938750000000000000e+05
6.063146130203967976e-01,2.940150000000000000e+05
6.065940206761665232e-01,2.943880000000000000e+05
6.068734283319362488e-01,2.948210000000000000e+05
6.071528359877060854e-01,2.951900000000000000e+05
6.074322436434758110e-01,2.953030000000000000e+05
6.077116512992456476e-01,2.954570000000000000e+05
6.079910589550153732e-01,2.954580000000000000e+05
6.082704666107850988e-01,2.960930000000000000e+05
6.085498742665549354e-01,2.961050000000000000e+05
6.088292819223246610e-01,2.965080000000000000e+05
6.091086895780944976e-01,2.968850000000000000e+05
6.093880972338642232e-01,2.970220000000000000e+05
6.096675048896339488e-01,2.975960000000000000e+05
6.099469125454037854e-01,2.979330000000000000e+05
6.102263202011735110e-01,2.979450000000000000e+05
6.105057278569432366e-01,2.981510000000000000e+05
6.107851355127130732e-01,2.984740000000000000e+05
6.110645431684827988e-01,2.991570000000000000e+05
6.113439508242526355e-01,2.994880000000000000e+05
6.116233584800223611e-01,2.998090000000000000e+05
6.119027661357920866e-01,2.999010000000000000e+05
6.121821737915619233e-01,3.000720000000000000e+05
6.124615814473316489e-01,3.000840000000000000e+05
6.127409891031014855e-01,3.004060000000000000e+05
6.130203967588712111e-01,3.006130000000000000e+05
6.132998044146409367e-01,3.008120000000000000e+05
6.135792120704107733e-01,3.008990000000000000e+05
6.138586197261804989e-01,3.015890000000000000e+05
6.141380273819502245e-01,3.016620000000000000e+05
6.144174350377200611e-01,3.019340000000000000e+05
6.146968426934897867e-01,3.025010000000000000e+05
6.149762503492596233e-01,3.028250000000000000e+05
6.152556580050293489e-01,3.028660000000000000e+05
6.155350656607990745e-01,3.029130000000000000e+05
6.158144733165689111e-01,3.031350000000000000e+05
6.160938809723386367e-01,3.032040000000000000e+05
6.163732886281083623e-01,3.032260000000000000e+05
6.166526962838781989e-01,3.032540000000000000e+05
6.169321039396479245e-01,3.033150000000000000e+05
6.172115115954177611e-01,3.034100000000000000e+05
6.174909192511874867e-01,3.041430000000000000e+05
6.177703269069572123e-01,3.041450000000000000e+05
6.180497345627270489e-01,3.041660000000000000e+05
6.183291422184967745e-01,3.044060000000000000e+05
6.186085498742666111e-01,3.044810000000000000e+05
6.188879575300363367e-01,3.047210000000000000e+05
6.191673651858060623e-01,3.049190000000000000e+05
6.194467728415758989e-01,3.050900000000000000e+05
6.197261804973456245e-01,3.051210000000000000e+05
6.200055881531153501e-01,3.057630000000000000e+05
6.202849958088851867e-01,3.059600000000000000e+05
6.205644034646549123e-01,3.063810000000000000e+05
6.208438111204247489e-01,3.065230000000000000e+05
6.211232187761944745e-01,3.065770000000000000e+05
6.214026264319642001e-01,3.068870000000000000e+05
6.216820340877340367e-01,3.070440000000000000e+05
6.219614417435037623e-01,3.073180000000000000e+05
6.222408493992735989e-01,3.083050000000000000e+05
6.225202570550433245e-01,3.085720000000000000e+05
6.227996647108130501e-01,3.085950000000000000e+05
6.230790723665828867e-01,3.087780000000000000e+05
6.233584800223526123e-01,3.089990000000000000e+05
6.236378876781223379e-01,3.091910000000000000e+05
6.239172953338921745e-01,3.103080000000000000e+05
6.241967029896619001e-01,3.108300000000000000e+05
6.244761106454317368e-01,3.111450000000000000e+05
6.247555183012014624e-01,3.116470000000000000e+05
6.250349259569711879e-01,3.117790000000000000e+05
6.253143336127410246e-01,3.120180000000000000e+05
6.255937412685107502e-01,3.124980000000000000e+05
6.258731489242805868e-01,3.130490000000000000e+05
6.261525565800503124e-01,3.131420000000000000e+05
6.264319642358200380e-01,3.132800000000000000e+05
6.267113718915898746e-01,3.134110000000000000e+05
6.269907795473596002e-01,3.136120000000000000e+05
6.272701872031293258e-01,3.139760000000000000e+05
6.275495948588991624e-01,3.141680000000000000e+05
6.278290025146688880e-01,3.143100000000000000e+05
6.281084101704387246e-01,3.143130000000000000e+05
6.283878178262084502e-01,3.146020000000000000e+05
6.286672254819781758e-01,3.146180000000000000e+05
6.289466331377480124e-01,3.146940000000000000e+05
6.292260407935177380e-01,3.147800000000000000e+05
6.295054484492874636e-01,3.148540000000000000e+05
6.297848561050573002e-01,3.150820000000000000e+05
6.300642637608270258e-01,3.155850000000000000e+05
6.303436714165968624e-01,3.161410000000000000e+05
6.306230790723665880e-01,3.161480000000000000e+05
6.309024867281363136e-01,3.163440000000000000e+05
6.311818943839061502e-01,3.169070000000000000e+05
6.314613020396758758e-01,3.173290000000000000e+05
6.317407096954457124e-01,3.179730000000000000e+05
6.320201173512154380e-01,3.182050000000000000e+05
6.322995250069851636e-01,3.183300000000000000e+05
6.325789326627550002e-01,3.185520000000000000e+05
6.328583403185247258e-01,3.193070000000000000e+05
6.331377479742944514e-01,3.194320000000000000e+05
6.334171556300642880e-01,3.203280000000000000e+05
6.336965632858340136e-01,3.204250000000000000e+05
6.339759709416038502e-01,3.205360000000000000e+05
6.342553785973735758e-01,3.205470000000000000e+05
6.345347862531433014e-01,3.207530000000000000e+05
6.348141939089131380e-01,3.208060000000000000e+05
6.350936015646828636e-01,3.215200000000000000e+05
6.353730092204527002e-01,3.219460000000000000e+05
6.356524168762224258e-01,3.220500000000000000e+05
6.359318245319921514e-01,3.225060000000000000e+05
6.362112321877619880e-01,3.225190000000000000e+05
6.364906398435317136e-01,3.226040000000000000e+05
6.367700474993014392e-01,3.227710000000000000e+05
6.370494551550712758e-01,3.232980000000000000e+05
6.373288628108410014e-01,3.235290000000000000e+05
6.376082704666108381e-01,3.236370000000000000e+05
6.378876781223805637e-01,3.237410000000000000e+05
6.381670857781502892e-01,3.239460000000000000e+05
6.384464934339201259e-01,3.242620000000000000e+05
6.387259010896898515e-01,3.246370000000000000e+05
6.390053087454595770e-01,3.252480000000000000e+05
6.392847164012294137e-01,3.253210000000000000e+05
6.395641240569991393e-01,3.254610000000000000e+05
6.398435317127689759e-01,3.258040000000000000e+05
6.401229393685387015e-01,3.260270000000000000e+05
6.404023470243084271e-01,3.265380000000000000e+05
6.406817546800782637e-01,3.265420000000000000e+05
6.409611623358479893e-01,3.279470000000000000e+05
6.412405699916178259e-01,3.279580000000000000e+05
6.415199776473875515e-01,3.279770000000000000e+05
6.417993853031572771e-01,3.283390000000000000e+05
6.420787929589271137e-01,3.288730000000000000e+05
6.423582006146968393e-01,3.293320000000000000e+05
6.426376082704665649e-01,3.298390000000000000e+05
6.429170159262364015e-01,3.302260000000000000e+05
6.431964235820061271e-01,3.304210000000000000e+05
6.434758312377759637e-01,3.314190000000000000e+05
6.437552388935456893e-01,3.314500000000000000e+05
6.440346465493154149e-01,3.316370000000000000e+05
6.443140542050852515e-01,3.327070000000000000e+05
6.445934618608549771e-01,3.327790000000000000e+05
6.448728695166248137e-01,3.329590000000000000e+05
6.451522771723945393e-01,3.329770000000000000e+05
6.454316848281642649e-01,3.330410000000000000e+05
6.457110924839341015e-01,3.330740000000000000e+05
6.459905001397038271e-01,3.331190000000000000e+05
6.462699077954735527e-01,3.337830000000000000e+05
6.465493154512433893e-01,3.339650000000000000e+05
6.468287231070131149e-01,3.339900000000000000e+05
6.471081307627829515e-01,3.340880000000000000e+05
6.473875384185526771e-01,3.345170000000000000e+05
6.476669460743224027e-01,3.345390000000000000e+05
6.479463537300922393e-01,3.347800000000000000e+05
6.482257613858619649e-01,3.347830000000000000e+05
6.485051690416318015e-01,3.348360000000000000e+05
6.487845766974015271e-01,3.371040000000000000e+05
6.490639843531712527e-01,3.371060000000000000e+05
6.493433920089410893e-01,3.371220000000000000e+05
6.496227996647108149e-01,3.371270000000000000e+05
6.499022073204805405e-01,3.375340000000000000e+05
6.501816149762503771e-01,3.384410000000000000e+05
6.504610226320201027e-01,3.385120000000000000e+05
6.507404302877899394e-01,3.387640000000000000e+05
6.510198379435596650e-01,3.391630000000000000e+05
6.512992455993293905e-01,3.395280000000000000e+05
6.515786532550992272e-01,3.397050000000000000e+05
6.518580609108689528e-01,3.408540000000000000e+05
6.521374685666386783e-01,3.408800000000000000e+05
6.524168762224085150e-01,3.414920000000000000e+05
6.526962838781782406e-01,3.417830000000000000e+05
6.529756915339480772e-01,3.418520000000000000e+05
6.532550991897178028e-01,3.423290000000000000e+05
6.535345068454875284e-01,3.425130000000000000e+05
6.538139145012573650e-01,3.427360000000000000e+05
6.540933221570270906e-01,3.429460000000000000e+05
6.543727298127969272e-01,3.430920000000000000e+05
6.546521374685666528e-01,3.440270000000000000e+05
6.549315451243363784e-01,3.443130000000000000e+05
6.552109527801062150e-01,3.449930000000000000e+05
6.554903604358759406e-01,3.450690000000000000e+05
6.557697680916456662e-01,3.453410000000000000e+05
6.560491757474155028e-01,3.453800000000000000e+05
6.563285834031852284e-01,3.454940000000000000e+05
6.566079910589550650e-01,3.455900000000000000e+05
6.568873987147247906e-01,3.457260000000000000e+05
6.571668063704945162e-01,3.459510000000000000e+05
6.574462140262643528e-01,3.468470000000000000e+05
6.577256216820340784e-01,3.472670000000000000e+05
6.580050293378039150e-01,3.474760000000000000e+05
6.582844369935736406e-01,3.476190000000000000e+05
6.585638446493433662e-01,3.476330000000000000e+05
6.588432523051132028e-01,3.476350000000000000e+05
6.591226599608829284e-01,3.477620000000000000e+05
6.594020676166526540e-01,3.482370000000000000e+05
6.596814752724224906e-01,3.483800000000000000e+05
6.599608829281922162e-01,3.484090000000000000e+05
6.602402905839620528e-01,3.485320000000000000e+05
6.605196982397317784e-01,3.491690000000000000e+05
6.607991058955015040e-01,3.500340000000000000e+05
6.610785135512713406e-01,3.504660000000000000e+05
6.613579212070410662e-01,3.508240000000000000e+05
6.616373288628107918e-01,3.524100000000000000e+05
6.619167365185806284e-01,3.528260000000000000e+05
6.621961441743503540e-01,3.528460000000000000e+05
6.624755518301201906e-01,3.530030000000000000e+05
6.627549594858899162e-01,3.530420000000000000e+05
6.630343671416596418e-01,3.531120000000000000e+05
6.633137747974294784e-01,3.542780000000000000e+05
6.635931824531992040e-01,3.548560000000000000e+05
6.638725901089690407e-01,3.550560000000000000e+05
6.641519977647387663e-01,3.553240000000000000e+05
6.644314054205084918e-01,3.553720000000000000e+05
6.647108130762783285e-01,3.556350000000000000e+05
6.649902207320480541e-01,3.564680000000000000e+05
6.652696283878177796e-01,3.577850000000000000e+05
6.655490360435876163e-01,3.582710000000000000e+05
6.658284436993573419e-01,3.583180000000000000e+05
6.661078513551271785e-01,3.584280000000000000e+05
6.663872590108969041e-01,3.587410000000000000e+05
6.666666666666666297e-01,3.598060000000000000e+05
6.669460743224364663e-01,3.599090000000000000e+05
6.672254819782061919e-01,3.601250000000000000e+05
6.675048896339760285e-01,3.601770000000000000e+05
6.677842972897457541e-01,3.606120000000000000e+05
6.680637049455154797e-01,3.608180000000000000e+05
6.683431126012853163e-01,3.612750000000000000e+05
6.686225202570550419e-01,3.614160000000000000e+05
6.689019279128247675e-01,3.620670000000000000e+05
6.691813355685946041e-01,3.625120000000000000e+05
6.694607432243643297e-01,3.625830000000000000e+05
6.697401508801341663e-01,3.627590000000000000e+05
6.700195585359038919e-01,3.635890000000000000e+05
6.702989661916736175e-01,3.642690000000000000e+05
6.705783738474434541e-01,3.643080000000000000e+05
6.708577815032131797e-01,3.646180000000000000e+05
6.711371891589830163e-01,3.652410000000000000e+05
6.714165968147527419e-01,3.663380000000000000e+05
6.716960044705224675e-01,3.663650000000000000e+05
6.719754121262923041e-01,3.663890000000000000e+05
6.722548197820620297e-01,3.665070000000000000e+05
6.725342274378317553e-01,3.672800000000000000e+05
6.728136350936015919e-01,3.675560000000000000e+05
6.730930427493713175e-01,3.685340000000000000e+05
6.733724504051411541e-01,3.686920000000000000e+05
6.736518580609108797e-01,3.694240000000000000e+05
6.739312657166806053e-01,3.695060000000000000e+05
6.742106733724504419e-01,3.696460000000000000e+05
6.744900810282201675e-01,3.698980000000000000e+05
6.747694886839898931e-01,3.700320000000000000e+05
6.750488963397597297e-01,3.708050000000000000e+05
6.753283039955294553e-01,3.720510000000000000e+05
6.756077116512992919e-01,3.725850000000000000e+05
6.758871193070690175e-01,3.726490000000000000e+05
6.761665269628387431e-01,3.729880000000000000e+05
6.764459346186085797e-01,3.731320000000000000e+05
6.767253422743783053e-01,3.733810000000000000e+05
6.770047499301481420e-01,3.741780000000000000e+05
6.772841575859178676e-01,3.747610000000000000e+05
6.775635652416875931e-01,3.752430000000000000e+05
6.778429728974574298e-01,3.762150000000000000e+05
6.781223805532271554e-01,3.763380000000000000e+05
6.784017882089968809e-01,3.770730000000000000e+05
6.786811958647667176e-01,3.774480000000000000e+05
6.789606035205364432e-01,3.776950000000000000e+05
6.792400111763062798e-01,3.780560000000000000e+05
6.795194188320760054e-01,3.783760000000000000e+05
6.797988264878457310e-01,3.794690000000000000e+05
6.800782341436155676e-01,3.804460000000000000e+05
6.803576417993852932e-01,3.804600000000000000e+05
6.806370494551551298e-01,3.805290000000000000e+05
6.809164571109248554e-01,3.805660000000000000e+05
6.811958647666945810e-01,3.810910000000000000e+05
6.814752724224644176e-01,3.814870000000000000e+05
6.817546800782341432e-01,3.815760000000000000e+05
6.820340877340038688e-01,3.819440000000000000e+05
6.823134953897737054e-01,3.826770000000000000e+05
6.825929030455434310e-01,3.827070000000000000e+05
6.828723107013132676e-01,3.833610000000000000e+05
6.831517183570829932e-01,3.836990000000000000e+05
6.834311260128527188e-01,3.838510000000000000e+05
6.837105336686225554e-01,3.840600000000000000e+05
6.839899413243922810e-01,3.849130000000000000e+05
6.842693489801621176e-01,3.853620000000000000e+05
6.845487566359318432e-01,3.856370000000000000e+05
6.848281642917015688e-01,3.863070000000000000e+05
6.851075719474714054e-01,3.864980000000000000e+05
6.853869796032411310e-01,3.869200000000000000e+05
6.856663872590108566e-01,3.871080000000000000e+05
6.859457949147806932e-01,3.882510000000000000e+05
6.862252025705504188e-01,3.882820000000000000e+05
6.865046102263202554e-01,3.884630000000000000e+05
6.867840178820899810e-01,3.886270000000000000e+05
6.870634255378597066e-01,3.889950000000000000e+05
6.873428331936295432e-01,3.900560000000000000e+05
6.876222408493992688e-01,3.904910000000000000e+05
6.879016485051689944e-01,3.909910000000000000e+05
6.881810561609388310e-01,3.930320000000000000e+05
6.884604638167085566e-01,3.932140000000000000e+05
6.887398714724783932e-01,3.933880000000000000e+05
6.890192791282481188e-01,3.937100000000000000e+05
6.892986867840178444e-01,3.944430000000000000e+05
6.895780944397876810e-01,3.948980000000000000e+05
6.898575020955574066e-01,3.952450000000000000e+05
6.901369097513272433e-01,3.960210000000000000e+05
6.904163174070969689e-01,3.963190000000000000e+05
6.906957250628666944e-01,3.964810000000000000e+05
6.909751327186365311e-01,3.967130000000000000e+05
6.912545403744062567e-01,3.970200000000000000e+05
6.915339480301759822e-01,3.972580000000000000e+05
6.918133556859458189e-01,3.974600000000000000e+05
6.920927633417155445e-01,3.979540000000000000e+05
6.923721709974853811e-01,3.981020000000000000e+05
6.926515786532551067e-01,3.981930000000000000e+05
6.929309863090248323e-01,3.984480000000000000e+05
6.932103939647946689e-01,3.988880000000000000e+05
6.934898016205643945e-01,3.993630000000000000e+05
6.937692092763342311e-01,3.996060000000000000e+05
6.940486169321039567e-01,4.000710000000000000e+05
6.943280245878736823e-01,4.002170000000000000e+05
6.946074322436435189e-01,4.003370000000000000e+05
6.948868398994132445e-01,4.005340000000000000e+05
6.951662475551829701e-01,4.005570000000000000e+05
6.954456552109528067e-01,4.015780000000000000e+05
6.957250628667225323e-01,4.018420000000000000e+05
6.960044705224923689e-01,4.034190000000000000e+05
6.962838781782620945e-01,4.042000000000000000e+05
6.965632858340318201e-01,4.044230000000000000e+05
6.968426934898016567e-01,4.044600000000000000e+05
6.971221011455713823e-01,4.048980000000000000e+05
6.974015088013412189e-01,4.050450000000000000e+05
6.976809164571109445e-01,4.051660000000000000e+05
6.979603241128806701e-01,4.055800000000000000e+05
6.982397317686505067e-01,4.060880000000000000e+05
6.985191394244202323e-01,4.066700000000000000e+05
6.987985470801899579e-01,4.071770000000000000e+05
6.990779547359597945e-01,4.078340000000000000e+05
6.993573623917295201e-01,4.087880000000000000e+05
6.996367700474993567e-01,4.091510000000000000e+05
6.999161777032690823e-01,4.096310000000000000e+05
7.001955853590388079e-01,4.096430000000000000e+05
7.004749930148086445e-01,4.099640000000000000e+05
7.007544006705783701e-01,4.103410000000000000e+05
7.010338083263480957e-01,4.108030000000000000e+05
7.013132159821179323e-01,4.113770000000000000e+05
7.015926236378876579e-01,4.116850000000000000e+05
7.018720312936574945e-01,4.121130000000000000e+05
7.021514389494272201e-01,4.123090000000000000e+05
7.024308466051969457e-01,4.131150000000000000e+05
7.027102542609667823e-01,4.132750000000000000e+05
7.029896619167365079e-01,4.139770000000000000e+05
7.032690695725063446e-01,4.140840000000000000e+05
7.035484772282760702e-01,4.143620000000000000e+05
7.038278848840457957e-01,4.149450000000000000e+05
7.041072925398156324e-01,4.149780000000000000e+05
7.043867001955853580e-01,4.154120000000000000e+05
7.046661078513550835e-01,4.159300000000000000e+05
7.049455155071249202e-01,4.161840000000000000e+05
7.052249231628946458e-01,4.162580000000000000e+05
7.055043308186644824e-01,4.162970000000000000e+05
7.057837384744342080e-01,4.164580000000000000e+05
7.060631461302039336e-01,4.171940000000000000e+05
7.063425537859737702e-01,4.175930000000000000e+05
7.066219614417434958e-01,4.176540000000000000e+05
7.069013690975133324e-01,4.180290000000000000e+05
7.071807767532830580e-01,4.182390000000000000e+05
7.074601844090527836e-01,4.184400000000000000e+05
7.077395920648226202e-01,4.187820000000000000e+05
7.080189997205923458e-01,4.193930000000000000e+05
7.082984073763620714e-01,4.194050000000000000e+05
7.085778150321319080e-01,4.195300000000000000e+05
7.088572226879016336e-01,4.213510000000000000e+05
7.091366303436714702e-01,4.214750000000000000e+05
7.094160379994411958e-01,4.216910000000000000e+05
7.096954456552109214e-01,4.219700000000000000e+05
7.099748533109807580e-01,4.221350000000000000e+05
7.102542609667504836e-01,4.221870000000000000e+05
7.105336686225202092e-01,4.223440000000000000e+05
7.108130762782900458e-01,4.225090000000000000e+05
7.110924839340597714e-01,4.225720000000000000e+05
7.113718915898296080e-01,4.226100000000000000e+05
7.116512992455993336e-01,4.226580000000000000e+05
7.119307069013690592e-01,4.230400000000000000e+05
7.122101145571388958e-01,4.236480000000000000e+05
7.124895222129086214e-01,4.240770000000000000e+05
7.127689298686784580e-01,4.251590000000000000e+05
7.130483375244481836e-01,4.263320000000000000e+05
7.133277451802179092e-01,4.268060000000000000e+05
7.136071528359877458e-01,4.270260000000000000e+05
7.138865604917574714e-01,4.272390000000000000e+05
7.141659681475271970e-01,4.273130000000000000e+05
7.144453758032970336e-01,4.276490000000000000e+05
7.147247834590667592e-01,4.279170000000000000e+05
7.150041911148365958e-01,4.284810000000000000e+05
7.152835987706063214e-01,4.284880000000000000e+05
7.155630064263760470e-01,4.290920000000000000e+05
7.158424140821458836e-01,4.293130000000000000e+05
7.161218217379156092e-01,4.298910000000000000e+05
7.164012293936854459e-01,4.307220000000000000e+05
7.166806370494551715e-01,4.313230000000000000e+05
7.169600447052248970e-01,4.315930000000000000e+05
7.172394523609947337e-01,4.323530000000000000e+05
7.175188600167644593e-01,4.327080000000000000e+05
7.177982676725341848e-01,4.335490000000000000e+05
7.180776753283040215e-01,4.335740000000000000e+05
7.183570829840737471e-01,4.341760000000000000e+05
7.186364906398435837e-01,4.345510000000000000e+05
7.189158982956133093e-01,4.346630000000000000e+05
7.191953059513830349e-01,4.348820000000000000e+05
7.194747136071528715e-01,4.349780000000000000e+05
7.197541212629225971e-01,4.357090000000000000e+05
7.200335289186924337e-01,4.367360000000000000e+05
7.203129365744621593e-01,4.368730000000000000e+05
7.205923442302318849e-01,4.370630000000000000e+05
7.208717518860017215e-01,4.385870000000000000e+05
7.211511595417714471e-01,4.387710000000000000e+05
7.214305671975411727e-01,4.388900000000000000e+05
7.217099748533110093e-01,4.391720000000000000e+05
7.219893825090807349e-01,4.393890000000000000e+05
7.222687901648505715e-01,4.413240000000000000e+05
7.225481978206202971e-01,4.422430000000000000e+05
7.228276054763900227e-01,4.422450000000000000e+05
7.231070131321598593e-01,4.426470000000000000e+05
7.233864207879295849e-01,4.430820000000000000e+05
7.236658284436993105e-01,4.432200000000000000e+05
7.239452360994691471e-01,4.450880000000000000e+05
7.242246437552388727e-01,4.459790000000000000e+05
7.245040514110087093e-01,4.460470000000000000e+05
7.247834590667784349e-01,4.461090000000000000e+05
7.250628667225481605e-01,4.463020000000000000e+05
7.253422743783179971e-01,4.465640000000000000e+05
7.256216820340877227e-01,4.471000000000000000e+05
7.259010896898575593e-01,4.474620000000000000e+05
7.261804973456272849e-01,4.475130000000000000e+05
7.264599050013970105e-01,4.479740000000000000e+05
7.267393126571668471e-01,4.480630000000000000e+05
7.270187203129365727e-01,4.495420000000000000e+05
7.272981279687062983e-01,4.497080000000000000e+05
7.275775356244761349e-01,4.508030000000000000e+05
7.278569432802458605e-01,4.508540000000000000e+05
7.281363509360156971e-01,4.522070000000000000e+05
7.284157585917854227e-01,4.522750000000000000e+05
7.286951662475551483e-01,4.524800000000000000e+05
7.289745739033249849e-01,4.531850000000000000e+05
7.292539815590947105e-01,4.546850000000000000e+05
7.295333892148645472e-01,4.547640000000000000e+05
7.298127968706342728e-01,4.551910000000000000e+05
7.300922045264039983e-01,4.555830000000000000e+05
7.303716121821738350e-01,4.556770000000000000e+05
7.306510198379435606e-01,4.557350000000000000e+05
7.309304274937132861e-01,4.559020000000000000e+05
7.312098351494831228e-01,4.562250000000000000e+05
7.314892428052528484e-01,4.565150000000000000e+05
7.317686504610226850e-01,4.567080000000000000e+05
7.320480581167924106e-01,4.568400000000000000e+05
7.323274657725621362e-01,4.575590000000000000e+05
7.326068734283319728e-01,4.577560000000000000e+05
7.328862810841016984e-01,4.585590000000000000e+05
7.331656887398714240e-01,4.587850000000000000e+05
7.334450963956412606e-01,4.592000000000000000e+05
7.337245040514109862e-01,4.593460000000000000e+05
7.340039117071808228e-01,4.593930000000000000e+05
7.342833193629505484e-01,4.594560000000000000e+05
7.345627270187202740e-01,4.598730000000000000e+05
7.348421346744901106e-01,4.602690000000000000e+05
7.351215423302598362e-01,4.619250000000000000e+05
7.354009499860296728e-01,4.621850000000000000e+05
7.356803576417993984e-01,4.623160000000000000e+05
7.359597652975691240e-01,4.627070000000000000e+05
7.362391729533389606e-01,4.640440000000000000e+05
7.365185806091086862e-01,4.655660000000000000e+05
7.367979882648784118e-01,4.662020000000000000e+05
7.370773959206482484e-01,4.667330000000000000e+05
7.373568035764179740e-01,4.669650000000000000e+05
7.376362112321878106e-01,4.672530000000000000e+05
7.379156188879575362e-01,4.676470000000000000e+05
7.381950265437272618e-01,4.677640000000000000e+05
7.384744341994970984e-01,4.679570000000000000e+05
7.387538418552668240e-01,4.681210000000000000e+05
7.390332495110366606e-01,4.682180000000000000e+05
7.393126571668063862e-01,4.683030000000000000e+05
7.395920648225761118e-01,4.690720000000000000e+05
7.398714724783459484e-01,4.690830000000000000e+05
7.401508801341156740e-01,4.694790000000000000e+05
7.404302877898853996e-01,4.699680000000000000e+05
7.407096954456552362e-01,4.703870000000000000e+05
7.409891031014249618e-01,4.707720000000000000e+05
7.412685107571947984e-01,4.714660000000000000e+05
7.415479184129645240e-01,4.717040000000000000e+05
7.418273260687342496e-01,4.717600000000000000e+05
7.421067337245040862e-01,4.717940000000000000e+05
7.423861413802738118e-01,4.718400000000000000e+05
7.426655490360436485e-01,4.720140000000000000e+05
7.429449566918133741e-01,4.724850000000000000e+05
7.432243643475830996e-01,4.730890000000000000e+05
7.435037720033529363e-01,4.733760000000000000e+05
7.437831796591226619e-01,4.738950000000000000e+05
7.440625873148923874e-01,4.744570000000000000e+05
7.443419949706622241e-01,4.746140000000000000e+05
7.446214026264319497e-01,4.746660000000000000e+05
7.449008102822017863e-01,4.750920000000000000e+05
7.451802179379715119e-01,4.752310000000000000e+05
7.454596255937412375e-01,4.759140000000000000e+05
7.457390332495110741e-01,4.761530000000000000e+05
7.460184409052807997e-01,4.769100000000000000e+05
7.462978485610505253e-01,4.775300000000000000e+05
7.465772562168203619e-01,4.780160000000000000e+05
7.468566638725900875e-01,4.785160000000000000e+05
7.471360715283599241e-01,4.788060000000000000e+05
7.474154791841296497e-01,4.796730000000000000e+05
7.476948868398993753e-01,4.798020000000000000e+05
7.479742944956692119e-01,4.814640000000000000e+05
7.482537021514389375e-01,4.821870000000000000e+05
7.485331098072087741e-01,4.830390000000000000e+05
7.488125174629784997e-01,4.840160000000000000e+05
7.490919251187482253e-01,4.842810000000000000e+05
7.493713327745180619e-01,4.847050000000000000e+05
7.496507404302877875e-01,4.848670000000000000e+05
7.499301480860575131e-01,4.857710000000000000e+05
7.502095557418273497e-01,4.869030000000000000e+05
7.504889633975970753e-01,4.870470000000000000e+05
7.507683710533669119e-01,4.879290000000000000e+05
7.510477787091366375e-01,4.887000000000000000e+05
7.513271863649063631e-01,4.893290000000000000e+05
7.516065940206761997e-01,4.896230000000000000e+05
7.518860016764459253e-01,4.905500000000000000e+05
7.521654093322157619e-01,4.909530000000000000e+05
7.524448169879854875e-01,4.911170000000000000e+05
7.527242246437552131e-01,4.915610000000000000e+05
7.530036322995250497e-01,4.919000000000000000e+05
7.532830399552947753e-01,4.920700000000000000e+05
7.535624476110645009e-01,4.930130000000000000e+05
7.538418552668343375e-01,4.930430000000000000e+05
7.541212629226040631e-01,4.930670000000000000e+05
7.544006705783738997e-01,4.931850000000000000e+05
7.546800782341436253e-01,4.947880000000000000e+05
7.549594858899133509e-01,4.949310000000000000e+05
7.552388935456831875e-01,4.960620000000000000e+05
7.555183012014529131e-01,4.968950000000000000e+05
7.557977088572227498e-01,4.972910000000000000e+05
7.560771165129924754e-01,4.975390000000000000e+05
7.563565241687622009e-01,4.976160000000000000e+05
7.566359318245320376e-01,4.984840000000000000e+05
7.569153394803017632e-01,4.987100000000000000e+05
7.571947471360714887e-01,4.991670000000000000e+05
7.574741547918413254e-01,5.000460000000000000e+05
7.577535624476110510e-01,5.000540000000000000e+05
7.580329701033808876e-01,5.013730000000000000e+05
7.583123777591506132e-01,5.015580000000000000e+05
7.585917854149203388e-01,5.025210000000000000e+05
7.588711930706901754e-01,5.026620000000000000e+05
7.591506007264599010e-01,5.035280000000000000e+05
7.594300083822296266e-01,5.037440000000000000e+05
7.597094160379994632e-01,5.046630000000000000e+05
7.599888236937691888e-01,5.050690000000000000e+05
7.602682313495390254e-01,5.051300000000000000e+05
7.605476390053087510e-01,5.058030000000000000e+05
7.608270466610784766e-01,5.062810000000000000e+05
7.611064543168483132e-01,5.064450000000000000e+05
7.613858619726180388e-01,5.077360000000000000e+05
7.616652696283878754e-01,5.084070000000000000e+05
7.619446772841576010e-01,5.090270000000000000e+05
7.622240849399273266e-01,5.090700000000000000e+05
7.625034925956971632e-01,5.094110000000000000e+05
7.627829002514668888e-01,5.094510000000000000e+05
7.630623079072366144e-01,5.102910000000000000e+05
7.633417155630064510e-01,5.108580000000000000e+05
7.636211232187761766e-01,5.120430000000000000e+05
7.639005308745460132e-01,5.123810000000000000e+05
7.641799385303157388e-01,5.137520000000000000e+05
7.644593461860854644e-01,5.139110000000000000e+05
7.647387538418553010e-01,5.140840000000000000e+05
7.650181614976250266e-01,5.145840000000000000e+05
7.652975691533948632e-01,5.147010000000000000e+05
7.655769768091645888e-01,5.155450000000000000e+05
7.658563844649343144e-01,5.164900000000000000e+05
7.661357921207041510e-01,5.169360000000000000e+05
7.664151997764738766e-01,5.179230000000000000e+05
7.666946074322436022e-01,5.180730000000000000e+05
7.669740150880134388e-01,5.182890000000000000e+05
7.672534227437831644e-01,5.186240000000000000e+05
7.675328303995530010e-01,5.188570000000000000e+05
7.678122380553227266e-01,5.191670000000000000e+05
7.680916457110924522e-01,5.199960000000000000e+05
7.683710533668622888e-01,5.208840000000000000e+05
7.686504610226320144e-01,5.212300000000000000e+05
7.689298686784018511e-01,5.218010000000000000e+05
7.692092763341715767e-01,5.223560000000000000e+05
7.694886839899413022e-01,5.223820000000000000e+05
7.697680916457111389e-01,5.224980000000000000e+05
7.700474993014808645e-01,5.226410000000000000e+05
7.703269069572505900e-01,5.227640000000000000e+05
7.706063146130204267e-01,5.238000000000000000e+05
7.708857222687901523e-01,5.242890000000000000e+05
7.711651299245599889e-01,5.254100000000000000e+05
7.714445375803297145e-01,5.254150000000000000e+05
7.717239452360994401e-01,5.263780000000000000e+05
7.720033528918692767e-01,5.264350000000000000e+05
7.722827605476390023e-01,5.269130000000000000e+05
7.725621682034087279e-01,5.271040000000000000e+05
7.728415758591785645e-01,5.272140000000000000e+05
7.731209835149482901e-01,5.278170000000000000e+05
7.734003911707181267e-01,5.281340000000000000e+05
7.736797988264878523e-01,5.281720000000000000e+05
7.739592064822575779e-01,5.281900000000000000e+05
7.742386141380274145e-01,5.282490000000000000e+05
7.745180217937971401e-01,5.282640000000000000e+05
7.747974294495669767e-01,5.286930000000000000e+05
7.750768371053367023e-01,5.296250000000000000e+05
7.753562447611064279e-01,5.298260000000000000e+05
7.756356524168762645e-01,5.302860000000000000e+05
7.759150600726459901e-01,5.304710000000000000e+05
7.761944677284157157e-01,5.317870000000000000e+05
7.764738753841855523e-01,5.319090000000000000e+05
7.767532830399552779e-01,5.324910000000000000e+05
7.770326906957251145e-01,5.337070000000000000e+05
7.773120983514948401e-01,5.339080000000000000e+05
7.775915060072645657e-01,5.344020000000000000e+05
7.778709136630344023e-01,5.354870000000000000e+05
7.781503213188041279e-01,5.359110000000000000e+05
7.784297289745739645e-01,5.367360000000000000e+05
7.787091366303436901e-01,5.379280000000000000e+05
7.789885442861134157e-01,5.379940000000000000e+05
7.792679519418832523e-01,5.386280000000000000e+05
7.795473595976529779e-01,5.397190000000000000e+05
7.798267672534227035e-01,5.397440000000000000e+05
7.801061749091925401e-01,5.412320000000000000e+05
7.803855825649622657e-01,5.412800000000000000e+05
7.806649902207321023e-01,5.417400000000000000e+05
7.809443978765018279e-01,5.418880000000000000e+05
7.812238055322715535e-01,5.447030000000000000e+05
7.815032131880413901e-01,5.448560000000000000e+05
7.817826208438111157e-01,5.462270000000000000e+05
7.820620284995808413e-01,5.470770000000000000e+05
7.823414361553506780e-01,5.478990000000000000e+05
7.826208438111204035e-01,5.480640000000000000e+05
7.829002514668902402e-01,5.485820000000000000e+05
7.831796591226599658e-01,5.494800000000000000e+05
7.834590667784296913e-01,5.497040000000000000e+05
7.837384744341995280e-01,5.500430000000000000e+05
7.840178820899692536e-01,5.507180000000000000e+05
7.842972897457390902e-01,5.512950000000000000e+05
7.845766974015088158e-01,5.513320000000000000e+05
7.848561050572785414e-01,5.519720000000000000e+05
7.851355127130483780e-01,5.520960000000000000e+05
7.854149203688181036e-01,5.530630000000000000e+05
7.856943280245878292e-01,5.530910000000000000e+05
7.859737356803576658e-01,5.536530000000000000e+05
7.862531433361273914e-01,5.567770000000000000e+05
7.865325509918972280e-01,5.572640000000000000e+05
7.868119586476669536e-01,5.576750000000000000e+05
7.870913663034366792e-01,5.580390000000000000e+05
7.873707739592065158e-01,5.583370000000000000e+05
7.876501816149762414e-01,5.595690000000000000e+05
7.879295892707460780e-01,5.606250000000000000e+05
7.882089969265158036e-01,5.628310000000000000e+05
7.884884045822855292e-01,5.636840000000000000e+05
7.887678122380553658e-01,5.644600000000000000e+05
7.890472198938250914e-01,5.644990000000000000e+05
7.893266275495948170e-01,5.647160000000000000e+05
7.896060352053646536e-01,5.647690000000000000e+05
7.898854428611343792e-01,5.653080000000000000e+05
7.901648505169042158e-01,5.653600000000000000e+05
7.904442581726739414e-01,5.662380000000000000e+05
7.907236658284436670e-01,5.679840000000000000e+05
7.910030734842135036e-01,5.698670000000000000e+05
7.912824811399832292e-01,5.704660000000000000e+05
7.915618887957530658e-01,5.706500000000000000e+05
7.918412964515227914e-01,5.714130000000000000e+05
7.921207041072925170e-01,5.732140000000000000e+05
7.924001117630623536e-01,5.762170000000000000e+05
7.926795194188320792e-01,5.766280000000000000e+05
7.929589270746018048e-01,5.767130000000000000e+05
7.932383347303716414e-01,5.778860000000000000e+05
7.935177423861413670e-01,5.784510000000000000e+05
7.937971500419112036e-01,5.789520000000000000e+05
7.940765576976809292e-01,5.796890000000000000e+05
7.943559653534506548e-01,5.806760000000000000e+05
7.946353730092204914e-01,5.807630000000000000e+05
7.949147806649902170e-01,5.818730000000000000e+05
7.951941883207599426e-01,5.830300000000000000e+05
7.954735959765297793e-01,5.830690000000000000e+05
7.957530036322995048e-01,5.834660000000000000e+05
7.960324112880693415e-01,5.835260000000000000e+05
7.963118189438390671e-01,5.836730000000000000e+05
7.965912265996087926e-01,5.840310000000000000e+05
7.968706342553786293e-01,5.842210000000000000e+05
7.971500419111483549e-01,5.851650000000000000e+05
7.974294495669181915e-01,5.855340000000000000e+05
7.977088572226879171e-01,5.860190000000000000e+05
7.979882648784576427e-01,5.862850000000000000e+05
7.982676725342274793e-01,5.864810000000000000e+05
7.985470801899972049e-01,5.871730000000000000e+05
7.988264878457669305e-01,5.871950000000000000e+05
7.991058955015367671e-01,5.875680000000000000e+05
7.993853031573064927e-01,5.882490000000000000e+05
7.996647108130763293e-01,5.886560000000000000e+05
7.999441184688460549e-01,5.888290000000000000e+05
8.002235261246157805e-01,5.891640000000000000e+05
8.005029337803856171e-01,5.896450000000000000e+05
8.007823414361553427e-01,5.898950000000000000e+05
8.010617490919251793e-01,5.907110000000000000e+05
8.013411567476949049e-01,5.912920000000000000e+05
8.016205644034646305e-01,5.914320000000000000e+05
8.018999720592344671e-01,5.919770000000000000e+05
8.021793797150041927e-01,5.930650000000000000e+05
8.024587873707739183e-01,5.935060000000000000e+05
8.027381950265437549e-01,5.945480000000000000e+05
8.030176026823134805e-01,5.954880000000000000e+05
8.032970103380833171e-01,5.960850000000000000e+05
8.035764179938530427e-01,5.960860000000000000e+05
8.038558256496227683e-01,5.965160000000000000e+05
8.041352333053926049e-01,5.966550000000000000e+05
8.044146409611623305e-01,5.968030000000000000e+05
8.046940486169320561e-01,5.971090000000000000e+05
8.049734562727018927e-01,5.972980000000000000e+05
8.052528639284716183e-01,5.977670000000000000e+05
8.055322715842414549e-01,5.983320000000000000e+05
8.058116792400111805e-01,5.985850000000000000e+05
8.060910868957809061e-01,5.992140000000000000e+05
8.063704945515507427e-01,5.995400000000000000e+05
8.066499022073204683e-01,6.000650000000000000e+05
8.069293098630903049e-01,6.001330000000000000e+05
8.072087175188600305e-01,6.005380000000000000e+05
8.074881251746297561e-01,6.006500000000000000e+05
8.077675328303995927e-01,6.012470000000000000e+05
8.080469404861693183e-01,6.022810000000000000e+05
8.083263481419390439e-01,6.023270000000000000e+05
8.086057557977088806e-01,6.050050000000000000e+05
8.088851634534786061e-01,6.057220000000000000e+05
8.091645711092484428e-01,6.065630000000000000e+05
8.094439787650181684e-01,6.067810000000000000e+05
8.097233864207878939e-01,6.068290000000000000e+05
8.100027940765577306e-01,6.071580000000000000e+05
8.102822017323274562e-01,6.074510000000000000e+05
8.105616093880972928e-01,6.079810000000000000e+05
8.108410170438670184e-01,6.084060000000000000e+05
8.111204246996367440e-01,6.093880000000000000e+05
8.113998323554065806e-01,6.104880000000000000e+05
8.116792400111763062e-01,6.114300000000000000e+05
8.119586476669460318e-01,6.114930000000000000e+05
8.122380553227158684e-01,6.116180000000000000e+05
8.125174629784855940e-01,6.119560000000000000e+05
8.127968706342554306e-01,6.124920000000000000e+05
8.130762782900251562e-01,6.132530000000000000e+05
8.133556859457948818e-01,6.138730000000000000e+05
8.136350936015647184e-01,6.151430000000000000e+05
8.139145012573344440e-01,6.153680000000000000e+05
8.141939089131042806e-01,6.154340000000000000e+05
8.144733165688740062e-01,6.167760000000000000e+05
8.147527242246437318e-01,6.182930000000000000e+05
8.150321318804135684e-01,6.185030000000000000e+05
8.153115395361832940e-01,6.194080000000000000e+05
8.155909471919530196e-01,6.195890000000000000e+05
8.158703548477228562e-01,6.201530000000000000e+05
8.161497625034925818e-01,6.210950000000000000e+05
8.164291701592624184e-01,6.227090000000000000e+05
8.167085778150321440e-01,6.243330000000000000e+05
8.169879854708018696e-01,6.245300000000000000e+05
8.172673931265717062e-01,6.249310000000000000e+05
8.175468007823414318e-01,6.250950000000000000e+05
8.178262084381111574e-01,6.252260000000000000e+05
8.181056160938809940e-01,6.261240000000000000e+05
8.183850237496507196e-01,6.262320000000000000e+05
8.186644314054205562e-01,6.287910000000000000e+05
8.189438390611902818e-01,6.292210000000000000e+05
8.192232467169600074e-01,6.293500000000000000e+05
8.195026543727298440e-01,6.306890000000000000e+05
8.197820620284995696e-01,6.336510000000000000e+05
8.200614696842694062e-01,6.342210000000000000e+05
8.203408773400391318e-01,6.345530000000000000e+05
8.206202849958088574e-01,6.345940000000000000e+05
8.208996926515786940e-01,6.360030000000000000e+05
8.211791003073484196e-01,6.360210000000000000e+05
8.214585079631181452e-01,6.374010000000000000e+05
8.217379156188879819e-01,6.382820000000000000e+05
8.220173232746577074e-01,6.384490000000000000e+05
8.222967309304275441e-01,6.401320000000000000e+05
8.225761385861972697e-01,6.413930000000000000e+05
8.228555462419669952e-01,6.416280000000000000e+05
8.231349538977368319e-01,6.422550000000000000e+05
8.234143615535065575e-01,6.429130000000000000e+05
8.236937692092763941e-01,6.431840000000000000e+05
8.239731768650461197e-01,6.440660000000000000e+05
8.242525845208158453e-01,6.445850000000000000e+05
8.245319921765856819e-01,6.446000000000000000e+05
8.248113998323554075e-01,6.447170000000000000e+05
8.250908074881251331e-01,6.453750000000000000e+05
8.253702151438949697e-01,6.456240000000000000e+05
8.256496227996646953e-01,6.465770000000000000e+05
8.259290304554345319e-01,6.469740000000000000e+05
8.262084381112042575e-01,6.485150000000000000e+05
8.264878457669739831e-01,6.485920000000000000e+05
8.267672534227438197e-01,6.486350000000000000e+05
8.270466610785135453e-01,6.497170000000000000e+05
8.273260687342833819e-01,6.498510000000000000e+05
8.276054763900531075e-01,6.514650000000000000e+05
8.278848840458228331e-01,6.529080000000000000e+05
8.281642917015926697e-01,6.548020000000000000e+05
8.284436993573623953e-01,6.553600000000000000e+05
8.287231070131321209e-01,6.570440000000000000e+05
8.290025146689019575e-01,6.574310000000000000e+05
8.292819223246716831e-01,6.581670000000000000e+05
8.295613299804415197e-01,6.582970000000000000e+05
8.298407376362112453e-01,6.587380000000000000e+05
8.301201452919809709e-01,6.590180000000000000e+05
8.303995529477508075e-01,6.591450000000000000e+05
8.306789606035205331e-01,6.593710000000000000e+05
8.309583682592902587e-01,6.596110000000000000e+05
8.312377759150600953e-01,6.596840000000000000e+05
8.315171835708298209e-01,6.608810000000000000e+05
8.317965912265996575e-01,6.613810000000000000e+05
8.320759988823693831e-01,6.622090000000000000e+05
8.323554065381391087e-01,6.624630000000000000e+05
8.326348141939089453e-01,6.626890000000000000e+05
8.329142218496786709e-01,6.627980000000000000e+05
8.331936295054485075e-01,6.630340000000000000e+05
8.334730371612182331e-01,6.650950000000000000e+05
8.337524448169879587e-01,6.675680000000000000e+05
8.340318524727577953e-01,6.679650000000000000e+05
8.343112601285275209e-01,6.681160000000000000e+05
8.345906677842972465e-01,6.696940000000000000e+05
8.348700754400670832e-01,6.735170000000000000e+05
8.351494830958368087e-01,6.743980000000000000e+05
8.354288907516066454e-01,6.750200000000000000e+05
8.357082984073763710e-01,6.756930000000000000e+05
8.359877060631460965e-01,6.777360000000000000e+05
8.362671137189159332e-01,6.777860000000000000e+05
8.365465213746856588e-01,6.789910000000000000e+05
8.368259290304554954e-01,6.795030000000000000e+05
8.371053366862252210e-01,6.808280000000000000e+05
8.373847443419949466e-01,6.809480000000000000e+05
8.376641519977647832e-01,6.812000000000000000e+05
8.379435596535345088e-01,6.818790000000000000e+05
8.382229673093042344e-01,6.824410000000000000e+05
8.385023749650740710e-01,6.826380000000000000e+05
8.387817826208437966e-01,6.843450000000000000e+05
8.390611902766136332e-01,6.849870000000000000e+05
8.393405979323833588e-01,6.867780000000000000e+05
8.396200055881530844e-01,6.874570000000000000e+05
8.398994132439229210e-01,6.876570000000000000e+05
8.401788208996926466e-01,6.890590000000000000e+05
8.404582285554624832e-01,6.890980000000000000e+05
8.407376362112322088e-01,6.903240000000000000e+05
8.410170438670019344e-01,6.911620000000000000e+05
8.412964515227717710e-01,6.913970000000000000e+05
8.415758591785414966e-01,6.925980000000000000e+05
8.418552668343112222e-01,6.926220000000000000e+05
8.421346744900810588e-01,6.939280000000000000e+05
8.424140821458507844e-01,6.945320000000000000e+05
8.426934898016206210e-01,6.953620000000000000e+05
8.429728974573903466e-01,6.971610000000000000e+05
8.432523051131600722e-01,6.973740000000000000e+05
8.435317127689299088e-01,6.975110000000000000e+05
8.438111204246996344e-01,6.991040000000000000e+05
8.440905280804693600e-01,6.999120000000000000e+05
8.443699357362391966e-01,7.002640000000000000e+05
8.446493433920089222e-01,7.009120000000000000e+05
8.449287510477787588e-01,7.038760000000000000e+05
8.452081587035484844e-01,7.055720000000000000e+05
8.454875663593182100e-01,7.059150000000000000e+05
8.457669740150880466e-01,7.059630000000000000e+05
8.460463816708577722e-01,7.062770000000000000e+05
8.463257893266276088e-01,7.070350000000000000e+05
8.466051969823973344e-01,7.070990000000000000e+05
8.468846046381670600e-01,7.082830000000000000e+05
8.471640122939368966e-01,7.088870000000000000e+05
8.474434199497066222e-01,7.090200000000000000e+05
8.477228276054763478e-01,7.100990000000000000e+05
8.480022352612461845e-01,7.101100000000000000e+05
8.482816429170159100e-01,7.131020000000000000e+05
8.485610505727857467e-01,7.136460000000000000e+05
8.488404582285554723e-01,7.140530000000000000e+05
8.491198658843251978e-01,7.151310000000000000e+05
8.493992735400950345e-01,7.153700000000000000e+05
8.496786811958647601e-01,7.176190000000000000e+05
8.499580888516345967e-01,7.187230000000000000e+05
8.502374965074043223e-01,7.199440000000000000e+05
8.505169041631740479e-01,7.213700000000000000e+05
8.507963118189438845e-01,7.218130000000000000e+05
8.510757194747136101e-01,7.225870000000000000e+05
8.513551271304833357e-01,7.229950000000000000e+05
8.516345347862531723e-01,7.254390000000000000e+05
8.519139424420228979e-01,7.297420000000000000e+05
8.521933500977927345e-01,7.300750000000000000e+05
8.524727577535624601e-01,7.312920000000000000e+05
8.527521654093321857e-01,7.316830000000000000e+05
8.530315730651020223e-01,7.318000000000000000e+05
8.533109807208717479e-01,7.319280000000000000e+05
8.535903883766414735e-01,7.325020000000000000e+05
8.538697960324113101e-01,7.338320000000000000e+05
8.541492036881810357e-01,7.338460000000000000e+05
8.544286113439508723e-01,7.354110000000000000e+05
8.547080189997205979e-01,7.358690000000000000e+05
8.549874266554903235e-01,7.362240000000000000e+05
8.552668343112601601e-01,7.366980000000000000e+05
8.555462419670298857e-01,7.378070000000000000e+05
8.558256496227997223e-01,7.395100000000000000e+05
8.561050572785694479e-01,7.401440000000000000e+05
8.563844649343391735e-01,7.409450000000000000e+05
8.566638725901090101e-01,7.415610000000000000e+05
8.569432802458787357e-01,7.436310000000000000e+05
8.572226879016484613e-01,7.492970000000000000e+05
8.575020955574182979e-01,7.507820000000000000e+05
8.577815032131880235e-01,7.546450000000000000e+05
8.580609108689578601e-01,7.557810000000000000e+05
8.583403185247275857e-01,7.568190000000000000e+05
8.586197261804973113e-01,7.585380000000000000e+05
8.588991338362671479e-01,7.589910000000000000e+05
8.591785414920368735e-01,7.601650000000000000e+05
8.594579491478067101e-01,7.608320000000000000e+05
8.597373568035764357e-01,7.646300000000000000e+05
8.600167644593461613e-01,7.655230000000000000e+05
8.602961721151159979e-01,7.658830000000000000e+05
8.605755797708857235e-01,7.688950000000000000e+05
8.608549874266554491e-01,7.718340000000000000e+05
8.611343950824252858e-01,7.726660000000000000e+05
8.614138027381950113e-01,7.726920000000000000e+05
8.616932103939648480e-01,7.731880000000000000e+05
8.619726180497345736e-01,7.742340000000000000e+05
8.622520257055042991e-01,7.752370000000000000e+05
8.625314333612741358e-01,7.761070000000000000e+05
8.628108410170438614e-01,7.765210000000000000e+05
8.630902486728136980e-01,7.786600000000000000e+05
8.633696563285834236e-01,7.792650000000000000e+05
8.636490639843531492e-01,7.807350000000000000e+05
8.639284716401229858e-01,7.807760000000000000e+05
8.642078792958927114e-01,7.820130000000000000e+05
8.644872869516624370e-01,7.848350000000000000e+05
8.647666946074322736e-01,7.848470000000000000e+05
8.650461022632019992e-01,7.851030000000000000e+05
8.653255099189718358e-01,7.858180000000000000e+05
8.656049175747415614e-01,7.866130000000000000e+05
8.658843252305112870e-01,7.874480000000000000e+05
8.661637328862811236e-01,7.922740000000000000e+05
8.664431405420508492e-01,7.930270000000000000e+05
8.667225481978205748e-01,7.938130000000000000e+05
8.670019558535904114e-01,7.946050000000000000e+05
8.672813635093601370e-01,7.957150000000000000e+05
8.675607711651299736e-01,7.974080000000000000e+05
8.678401788208996992e-01,8.025870000000000000e+05
8.681195864766694248e-01,8.033890000000000000e+05
8.683989941324392614e-01,8.043040000000000000e+05
8.686784017882089870e-01,8.043540000000000000e+05
8.689578094439788236e-01,8.044960000000000000e+05
8.692372170997485492e-01,8.053990000000000000e+05
8.695166247555182748e-01,8.080900000000000000e+05
8.697960324112881114e-01,8.086270000000000000e+05
8.700754400670578370e-01,8.116860000000000000e+05
8.703548477228275626e-01,8.121430000000000000e+05
8.706342553785973992e-01,8.128300000000000000e+05
8.709136630343671248e-01,8.130010000000000000e+05
8.711930706901369614e-01,8.145510000000000000e+05
8.714724783459066870e-01,8.154490000000000000e+05
8.717518860016764126e-01,8.156620000000000000e+05
8.720312936574462492e-01,8.163720000000000000e+05
8.723107013132159748e-01,8.166260000000000000e+05
8.725901089689858114e-01,8.175580000000000000e+05
8.728695166247555370e-01,8.192590000000000000e+05
8.731489242805252626e-01,8.199400000000000000e+05
8.734283319362950992e-01,8.242420000000000000e+05
8.737077395920648248e-01,8.256710000000000000e+05
8.739871472478345504e-01,8.262240000000000000e+05
8.742665549036043871e-01,8.263100000000000000e+05
8.745459625593741126e-01,8.287430000000000000e+05
8.748253702151439493e-01,8.295520000000000000e+05
8.751047778709136749e-01,8.301340000000000000e+05
8.753841855266834004e-01,8.322430000000000000e+05
8.756635931824532371e-01,8.329960000000000000e+05
8.759430008382229627e-01,8.332400000000000000e+05
8.762224084939926882e-01,8.345890000000000000e+05
8.765018161497625249e-01,8.347000000000000000e+05
8.767812238055322505e-01,8.364400000000000000e+05
8.770606314613020871e-01,8.374940000000000000e+05
8.773400391170718127e-01,8.377280000000000000e+05
8.776194467728415383e-01,8.378040000000000000e+05
8.778988544286113749e-01,8.378370000000000000e+05
8.781782620843811005e-01,8.381560000000000000e+05
8.784576697401509371e-01,8.383250000000000000e+05
8.787370773959206627e-01,8.391470000000000000e+05
8.790164850516903883e-01,8.401490000000000000e+05
8.792958927074602249e-01,8.402170000000000000e+05
8.795753003632299505e-01,8.424730000000000000e+05
8.798547080189996761e-01,8.450700000000000000e+05
8.801341156747695127e-01,8.456800000000000000e+05
8.804135233305392383e-01,8.473360000000000000e+05
8.806929309863090749e-01,8.523050000000000000e+05
8.809723386420788005e-01,8.533460000000000000e+05
8.812517462978485261e-01,8.550380000000000000e+05
8.815311539536183627e-01,8.569380000000000000e+05
8.818105616093880883e-01,8.570840000000000000e+05
8.820899692651579249e-01,8.583570000000000000e+05
8.823693769209276505e-01,8.585250000000000000e+05
8.826487845766973761e-01,8.591490000000000000e+05
8.829281922324672127e-01,8.595480000000000000e+05
8.832075998882369383e-01,8.596470000000000000e+05
8.834870075440066639e-01,8.602360000000000000e+05
8.837664151997765005e-01,8.655570000000000000e+05
8.840458228555462261e-01,8.690880000000000000e+05
8.843252305113160627e-01,8.695010000000000000e+05
8.846046381670857883e-01,8.729560000000000000e+05
8.848840458228555139e-01,8.760100000000000000e+05
8.851634534786253505e-01,8.782620000000000000e+05
8.854428611343950761e-01,8.797170000000000000e+05
8.857222687901649127e-01,8.811660000000000000e+05
8.860016764459346383e-01,8.823170000000000000e+05
8.862810841017043639e-01,8.823820000000000000e+05
8.865604917574742005e-01,8.847670000000000000e+05
8.868398994132439261e-01,8.856320000000000000e+05
8.871193070690136517e-01,8.864450000000000000e+05
8.873987147247834884e-01,8.941910000000000000e+05
8.876781223805532139e-01,8.960660000000000000e+05
8.879575300363230506e-01,8.965390000000000000e+05
8.882369376920927762e-01,8.976170000000000000e+05
8.885163453478625017e-01,8.979300000000000000e+05
8.887957530036323384e-01,8.986910000000000000e+05
8.890751606594020640e-01,8.999920000000000000e+05
8.893545683151717895e-01,9.013570000000000000e+05
8.896339759709416262e-01,9.015850000000000000e+05
8.899133836267113518e-01,9.016900000000000000e+05
8.901927912824811884e-01,9.035990000000000000e+05
8.904721989382509140e-01,9.041490000000000000e+05
8.907516065940206396e-01,9.043770000000000000e+05
8.910310142497904762e-01,9.061100000000000000e+05
8.913104219055602018e-01,9.074520000000000000e+05
8.915898295613300384e-01,9.082410000000000000e+05
8.918692372170997640e-01,9.135770000000000000e+05
8.921486448728694896e-01,9.147890000000000000e+05
8.924280525286393262e-01,9.159150000000000000e+05
8.927074601844090518e-01,9.161930000000000000e+05
8.929868678401787774e-01,9.166840000000000000e+05
8.932662754959486140e-01,9.181470000000000000e+05
8.935456831517183396e-01,9.190990000000000000e+05
8.938250908074881762e-01,9.195110000000000000e+05
8.941044984632579018e-01,9.198160000000000000e+05
8.943839061190276274e-01,9.209580000000000000e+05
8.946633137747974640e-01,9.247630000000000000e+05
8.949427214305671896e-01,9.295020000000000000e+05
8.952221290863370262e-01,9.316500000000000000e+05
8.955015367421067518e-01,9.323040000000000000e+05
8.957809443978764774e-01,9.340370000000000000e+05
8.960603520536463140e-01,9.341950000000000000e+05
8.963397597094160396e-01,9.365300000000000000e+05
8.966191673651857652e-01,9.367710000000000000e+05
8.968985750209556018e-01,9.388550000000000000e+05
8.971779826767253274e-01,9.389560000000000000e+05
8.974573903324951640e-01,9.423260000000000000e+05
8.977367979882648896e-01,9.429730000000000000e+05
8.980162056440346152e-01,9.480250000000000000e+05
8.982956132998044518e-01,9.485200000000000000e+05
8.985750209555741774e-01,9.487000000000000000e+05
8.988544286113440140e-01,9.506460000000000000e+05
8.991338362671137396e-01,9.580010000000000000e+05
8.994132439228834652e-01,9.602040000000000000e+05
8.996926515786533018e-01,9.620950000000000000e+05
8.999720592344230274e-01,9.649370000000000000e+05
9.002514668901927530e-01,9.678330000000000000e+05
9.005308745459625897e-01,9.691430000000000000e+05
9.008102822017323152e-01,9.700470000000000000e+05
9.010896898575021519e-01,9.706580000000000000e+05
9.013690975132718775e-01,9.723350000000000000e+05
9.016485051690416030e-01,9.734960000000000000e+05
9.019279128248114397e-01,9.763990000000000000e+05
9.022073204805811653e-01,9.782570000000000000e+05
9.024867281363508908e-01,9.850440000000000000e+05
9.027661357921207275e-01,9.859390000000000000e+05
9.030455434478904531e-01,9.863790000000000000e+05
9.033249511036602897e-01,9.871190000000000000e+05
9.036043587594300153e-01,9.875470000000000000e+05
9.038837664151997409e-01,9.907340000000000000e+05
9.041631740709695775e-01,9.908160000000000000e+05
9.044425817267393031e-01,9.935180000000000000e+05
9.047219893825091397e-01,9.969890000000000000e+05
9.050013970382788653e-01,9.970300000000000000e+05
9.052808046940485909e-01,9.977040000000000000e+05
9.055602123498184275e-01,9.977440000000000000e+05
9.058396200055881531e-01,9.996170000000000000e+05
9.061190276613578787e-01,9.998880000000000000e+05
9.063984353171277153e-01,1.006261000000000000e+06
9.066778429728974409e-01,1.007596000000000000e+06
9.069572506286672775e-01,1.008437000000000000e+06
9.072366582844370031e-01,1.008508000000000000e+06
9.075160659402067287e-01,1.009756000000000000e+06
9.077954735959765653e-01,1.010142000000000000e+06
9.080748812517462909e-01,1.011928000000000000e+06
9.083542889075161275e-01,1.012756000000000000e+06
9.086336965632858531e-01,1.013058000000000000e+06
9.089131042190555787e-01,1.013254000000000000e+06
9.091925118748254153e-01,1.013813000000000000e+06
9.094719195305951409e-01,1.014292000000000000e+06
9.097513271863648665e-01,1.015080000000000000e+06
9.100307348421347031e-01,1.015700000000000000e+06
9.103101424979044287e-01,1.017643000000000000e+06
9.105895501536742653e-01,1.024304000000000000e+06
9.108689578094439909e-01,1.024362000000000000e+06
9.111483654652137165e-01,1.025466000000000000e+06
9.114277731209835531e-01,1.027467000000000000e+06
9.117071807767532787e-01,1.028578000000000000e+06
9.119865884325231153e-01,1.029605000000000000e+06
9.122659960882928409e-01,1.029962000000000000e+06
9.125454037440625665e-01,1.031143000000000000e+06
9.128248113998324031e-01,1.031413000000000000e+06
9.131042190556021287e-01,1.032255000000000000e+06
9.133836267113718543e-01,1.034557000000000000e+06
9.136630343671416910e-01,1.036047000000000000e+06
9.139424420229114165e-01,1.039721000000000000e+06
9.142218496786812532e-01,1.040158000000000000e+06
9.145012573344509788e-01,1.040815000000000000e+06
9.147806649902207043e-01,1.043182000000000000e+06
9.150600726459905410e-01,1.043847000000000000e+06
9.153394803017602666e-01,1.045368000000000000e+06
9.156188879575299921e-01,1.046009000000000000e+06
9.158982956132998288e-01,1.048403000000000000e+06
9.161777032690695544e-01,1.048471000000000000e+06
9.164571109248393910e-01,1.049491000000000000e+06
9.167365185806091166e-01,1.050469000000000000e+06
9.170159262363788422e-01,1.053166000000000000e+06
9.172953338921486788e-01,1.054352000000000000e+06
9.175747415479184044e-01,1.061287000000000000e+06
9.178541492036882410e-01,1.068034000000000000e+06
9.181335568594579666e-01,1.068489000000000000e+06
9.184129645152276922e-01,1.069728000000000000e+06
9.186923721709975288e-01,1.070260000000000000e+06
9.189717798267672544e-01,1.072560000000000000e+06
9.192511874825369800e-01,1.072653000000000000e+06
9.195305951383068166e-01,1.075409000000000000e+06
9.198100027940765422e-01,1.076612000000000000e+06
9.200894104498463788e-01,1.085685000000000000e+06
9.203688181056161044e-01,1.085809000000000000e+06
9.206482257613858300e-01,1.087694000000000000e+06
9.209276334171556666e-01,1.088789000000000000e+06
9.212070410729253922e-01,1.094785000000000000e+06
9.214864487286952288e-01,1.096749000000000000e+06
9.217658563844649544e-01,1.096851000000000000e+06
9.220452640402346800e-01,1.098963000000000000e+06
9.223246716960045166e-01,1.099306000000000000e+06
9.226040793517742422e-01,1.101620000000000000e+06
9.228834870075439678e-01,1.103051000000000000e+06
9.231628946633138044e-01,1.104913000000000000e+06
9.234423023190835300e-01,1.107921000000000000e+06
9.237217099748533666e-01,1.112816000000000000e+06
9.240011176306230922e-01,1.116006000000000000e+06
9.242805252863928178e-01,1.116917000000000000e+06
9.245599329421626544e-01,1.118272000000000000e+06
9.248393405979323800e-01,1.118781000000000000e+06
9.251187482537021056e-01,1.119959000000000000e+06
9.253981559094719422e-01,1.121149000000000000e+06
9.256775635652416678e-01,1.125254000000000000e+06
9.259569712210115044e-01,1.126847000000000000e+06
9.262363788767812300e-01,1.130006000000000000e+06
9.265157865325509556e-01,1.130531000000000000e+06
9.267951941883207923e-01,1.132613000000000000e+06
9.270746018440905178e-01,1.136990000000000000e+06
9.273540094998603545e-01,1.142340000000000000e+06
9.276334171556300801e-01,1.143101000000000000e+06
9.279128248113998056e-01,1.147668000000000000e+06
9.281922324671696423e-01,1.151424000000000000e+06
9.284716401229393679e-01,1.156325000000000000e+06
9.287510477787090934e-01,1.158730000000000000e+06
9.290304554344789301e-01,1.159232000000000000e+06
9.293098630902486557e-01,1.164525000000000000e+06
9.295892707460184923e-01,1.166581000000000000e+06
9.298686784017882179e-01,1.176684000000000000e+06
9.301480860575579435e-01,1.181034000000000000e+06
9.304274937133277801e-01,1.181129000000000000e+06
9.307069013690975057e-01,1.188230000000000000e+06
9.309863090248673423e-01,1.188551000000000000e+06
9.312657166806370679e-01,1.193067000000000000e+06
9.315451243364067935e-01,1.193455000000000000e+06
9.318245319921766301e-01,1.195430000000000000e+06
9.321039396479463557e-01,1.197848000000000000e+06
9.323833473037160813e-01,1.199534000000000000e+06
9.326627549594859179e-01,1.203471000000000000e+06
9.329421626152556435e-01,1.209529000000000000e+06
9.332215702710254801e-01,1.209840000000000000e+06
9.335009779267952057e-01,1.216153000000000000e+06
9.337803855825649313e-01,1.219767000000000000e+06
9.340597932383347679e-01,1.221923000000000000e+06
9.343392008941044935e-01,1.222755000000000000e+06
9.346186085498743301e-01,1.227363000000000000e+06
9.348980162056440557e-01,1.228695000000000000e+06
9.351774238614137813e-01,1.231685000000000000e+06
9.354568315171836179e-01,1.236016000000000000e+06
9.357362391729533435e-01,1.242740000000000000e+06
9.360156468287230691e-01,1.243769000000000000e+06
9.362950544844929057e-01,1.247062000000000000e+06
9.365744621402626313e-01,1.252303000000000000e+06
9.368538697960324679e-01,1.260559000000000000e+06
9.371332774518021935e-01,1.261486000000000000e+06
9.374126851075719191e-01,1.263689000000000000e+06
9.376920927633417557e-01,1.264580000000000000e+06
9.379715004191114813e-01,1.265135000000000000e+06
9.382509080748812069e-01,1.267046000000000000e+06
9.385303157306510435e-01,1.270616000000000000e+06
9.388097233864207691e-01,1.270792000000000000e+06
9.390891310421906057e-01,1.271053000000000000e+06
9.393685386979603313e-01,1.271539000000000000e+06
9.396479463537300569e-01,1.272098000000000000e+06
9.399273540094998936e-01,1.274083000000000000e+06
9.402067616652696191e-01,1.274112000000000000e+06
9.404861693210394558e-01,1.274185000000000000e+06
9.407655769768091814e-01,1.275508000000000000e+06
9.410449846325789069e-01,1.276848000000000000e+06
9.413243922883487436e-01,1.277958000000000000e+06
9.416037999441184692e-01,1.279267000000000000e+06
9.418832075998881947e-01,1.279595000000000000e+06
9.421626152556580314e-01,1.280201000000000000e+06
9.424420229114277570e-01,1.281192000000000000e+06
9.427214305671975936e-01,1.284334000000000000e+06
9.430008382229673192e-01,1.285410000000000000e+06
9.432802458787370448e-01,1.286151000000000000e+06
9.435596535345068814e-01,1.288770000000000000e+06
9.438390611902766070e-01,1.289631000000000000e+06
9.441184688460464436e-01,1.289727000000000000e+06
9.443978765018161692e-01,1.290725000000000000e+06
9.446772841575858948e-01,1.293555000000000000e+06
9.449566918133557314e-01,1.295815000000000000e+06
9.452360994691254570e-01,1.296499000000000000e+06
9.455155071248951826e-01,1.304010000000000000e+06
9.457949147806650192e-01,1.307522000000000000e+06
9.460743224364347448e-01,1.309761000000000000e+06
9.463537300922045814e-01,1.311890000000000000e+06
9.466331377479743070e-01,1.314159000000000000e+06
9.469125454037440326e-01,1.317503000000000000e+06
9.471919530595138692e-01,1.321148000000000000e+06
9.474713607152835948e-01,1.328278000000000000e+06
9.477507683710533204e-01,1.347237000000000000e+06
9.480301760268231570e-01,1.357301000000000000e+06
9.483095836825928826e-01,1.364211000000000000e+06
9.485889913383627192e-01,1.366874000000000000e+06
9.488683989941324448e-01,1.373422000000000000e+06
9.491478066499021704e-01,1.373625000000000000e+06
9.494272143056720070e-01,1.382308000000000000e+06
9.497066219614417326e-01,1.384839000000000000e+06
9.499860296172115692e-01,1.388788000000000000e+06
9.502654372729812948e-01,1.390040000000000000e+06
9.505448449287510204e-01,1.391499000000000000e+06
9.508242525845208570e-01,1.392544000000000000e+06
9.511036602402905826e-01,1.393537000000000000e+06
9.513830678960603082e-01,1.395425000000000000e+06
9.516624755518301448e-01,1.400256000000000000e+06
9.519418832075998704e-01,1.402816000000000000e+06
9.522212908633697070e-01,1.405701000000000000e+06
9.525006985191394326e-01,1.419565000000000000e+06
9.527801061749091582e-01,1.426263000000000000e+06
9.530595138306789949e-01,1.427370000000000000e+06
9.533389214864487204e-01,1.427429000000000000e+06
9.536183291422185571e-01,1.428601000000000000e+06
9.538977367979882827e-01,1.437260000000000000e+06
9.541771444537580082e-01,1.437283000000000000e+06
9.544565521095278449e-01,1.441265000000000000e+06
9.547359597652975705e-01,1.446440000000000000e+06
9.550153674210672960e-01,1.450922000000000000e+06
9.552947750768371327e-01,1.455229000000000000e+06
9.555741827326068583e-01,1.456811000000000000e+06
9.558535903883766949e-01,1.461068000000000000e+06
9.561329980441464205e-01,1.462001000000000000e+06
9.564124056999161461e-01,1.462150000000000000e+06
9.566918133556859827e-01,1.468323000000000000e+06
9.569712210114557083e-01,1.470423000000000000e+06
9.572506286672255449e-01,1.473702000000000000e+06
9.575300363229952705e-01,1.475362000000000000e+06
9.578094439787649961e-01,1.476067000000000000e+06
9.580888516345348327e-01,1.476946000000000000e+06
9.583682592903045583e-01,1.478106000000000000e+06
9.586476669460742839e-01,1.478746000000000000e+06
9.589270746018441205e-01,1.480640000000000000e+06
9.592064822576138461e-01,1.482217000000000000e+06
9.594858899133836827e-01,1.482863000000000000e+06
9.597652975691534083e-01,1.486329000000000000e+06
9.600447052249231339e-01,1.500750000000000000e+06
9.603241128806929705e-01,1.501351000000000000e+06
9.606035205364626961e-01,1.502649000000000000e+06
9.608829281922324217e-01,1.516898000000000000e+06
9.611623358480022583e-01,1.521771000000000000e+06
9.614417435037719839e-01,1.525158000000000000e+06
9.617211511595418205e-01,1.552332000000000000e+06
9.620005588153115461e-01,1.553413000000000000e+06
9.622799664710812717e-01,1.561459000000000000e+06
9.625593741268511083e-01,1.562678000000000000e+06
9.628387817826208339e-01,1.567314000000000000e+06
9.631181894383906705e-01,1.567448000000000000e+06
9.633975970941603961e-01,1.573889000000000000e+06
9.636770047499301217e-01,1.575078000000000000e+06
9.639564124056999583e-01,1.577633000000000000e+06
9.642358200614696839e-01,1.578277000000000000e+06
9.645152277172394095e-01,1.578366000000000000e+06
9.647946353730092461e-01,1.583699000000000000e+06
9.650740430287789717e-01,1.602011000000000000e+06
9.653534506845488083e-01,1.621629000000000000e+06
9.656328583403185339e-01,1.627158000000000000e+06
9.659122659960882595e-01,1.630123000000000000e+06
9.661916736518580962e-01,1.650359000000000000e+06
9.664710813076278217e-01,1.651352000000000000e+06
9.667504889633976584e-01,1.662758000000000000e+06
9.670298966191673840e-01,1.665557000000000000e+06
9.673093042749371095e-01,1.668867000000000000e+06
9.675887119307069462e-01,1.669690000000000000e+06
9.678681195864766718e-01,1.670184000000000000e+06
9.681475272422463973e-01,1.673213000000000000e+06
9.684269348980162340e-01,1.678074000000000000e+06
9.687063425537859596e-01,1.678283000000000000e+06
9.689857502095557962e-01,1.682909000000000000e+06
9.692651578653255218e-01,1.688157000000000000e+06
9.695445655210952474e-01,1.716061000000000000e+06
9.698239731768650840e-01,1.718170000000000000e+06
9.701033808326348096e-01,1.718518000000000000e+06
9.703827884884046462e-01,1.725603000000000000e+06
9.706621961441743718e-01,1.729766000000000000e+06
9.709416037999440974e-01,1.733365000000000000e+06
9.712210114557139340e-01,1.739646000000000000e+06
9.715004191114836596e-01,1.740190000000000000e+06
9.717798267672533852e-01,1.742349000000000000e+06
9.720592344230232218e-01,1.749759000000000000e+06
9.723386420787929474e-01,1.753776000000000000e+06
9.726180497345627840e-01,1.774459000000000000e+06
9.728974573903325096e-01,1.780619000000000000e+06
9.731768650461022352e-01,1.792472000000000000e+06
9.734562727018720718e-01,1.794614000000000000e+06
9.737356803576417974e-01,1.799900000000000000e+06
9.740150880134115230e-01,1.806161000000000000e+06
9.742944956691813596e-01,1.811803000000000000e+06
9.745739033249510852e-01,1.818301000000000000e+06
9.748533109807209218e-01,1.822584000000000000e+06
9.751327186364906474e-01,1.824055000000000000e+06
9.754121262922603730e-01,1.824688000000000000e+06
9.756915339480302096e-01,1.832570000000000000e+06
9.759709416037999352e-01,1.834971000000000000e+06
9.762503492595697718e-01,1.844009000000000000e+06
9.765297569153394974e-01,1.849059000000000000e+06
9.768091645711092230e-01,1.873021000000000000e+06
9.770885722268790596e-01,1.908556000000000000e+06
9.773679798826487852e-01,1.921440000000000000e+06
9.776473875384185108e-01,1.926823000000000000e+06
9.779267951941883474e-01,1.936502000000000000e+06
9.782062028499580730e-01,1.942604000000000000e+06
9.784856105057279096e-01,1.955765000000000000e+06
9.787650181614976352e-01,1.962224000000000000e+06
9.790444258172673608e-01,1.967593000000000000e+06
9.793238334730371975e-01,1.969575000000000000e+06
9.796032411288069230e-01,1.971810000000000000e+06
9.798826487845767597e-01,1.976770000000000000e+06
9.801620564403464853e-01,1.982786000000000000e+06
9.804414640961162108e-01,1.986422000000000000e+06
9.807208717518860475e-01,1.995063000000000000e+06
9.810002794076557731e-01,1.995447000000000000e+06
9.812796870634254986e-01,1.996099000000000000e+06
9.815590947191953353e-01,2.003907000000000000e+06
9.818385023749650609e-01,2.015910000000000000e+06
9.821179100307348975e-01,2.030867000000000000e+06
9.823973176865046231e-01,2.032121000000000000e+06
9.826767253422743487e-01,2.033677000000000000e+06
9.829561329980441853e-01,2.039573000000000000e+06
9.832355406538139109e-01,2.046596000000000000e+06
9.835149483095837475e-01,2.049089000000000000e+06
9.837943559653534731e-01,2.051514000000000000e+06
9.840737636211231987e-01,2.061861000000000000e+06
9.843531712768930353e-01,2.091888000000000000e+06
9.846325789326627609e-01,2.095204000000000000e+06
9.849119865884324865e-01,2.109304000000000000e+06
9.851913942442023231e-01,2.118337000000000000e+06
9.854708018999720487e-01,2.123139000000000000e+06
9.857502095557418853e-01,2.126126000000000000e+06
9.860296172115116109e-01,2.133707000000000000e+06
9.863090248672813365e-01,2.139752000000000000e+06
9.865884325230511731e-01,2.146934000000000000e+06
9.868678401788208987e-01,2.171370000000000000e+06
9.871472478345906243e-01,2.176880000000000000e+06
9.874266554903604609e-01,2.209839000000000000e+06
9.877060631461301865e-01,2.210254000000000000e+06
9.879854708019000231e-01,2.224725000000000000e+06
9.882648784576697487e-01,2.227615000000000000e+06
9.885442861134394743e-01,2.273777000000000000e+06
9.888236937692093109e-01,2.281848000000000000e+06
9.891031014249790365e-01,2.353013000000000000e+06
9.893825090807488731e-01,2.369415000000000000e+06
9.896619167365185987e-01,2.375923000000000000e+06
9.899413243922883243e-01,2.379898000000000000e+06
9.902207320480581609e-01,2.397389000000000000e+06
9.905001397038278865e-01,2.410482000000000000e+06
9.907795473595976121e-01,2.421753000000000000e+06
9.910589550153674487e-01,2.432357000000000000e+06
9.913383626711371743e-01,2.454758000000000000e+06
9.916177703269070109e-01,2.480100000000000000e+06
9.918971779826767365e-01,2.488834000000000000e+06
9.921765856384464621e-01,2.536380000000000000e+06
9.924559932942162988e-01,2.538201000000000000e+06
9.927354009499860243e-01,2.562817000000000000e+06
9.930148086057558610e-01,2.579130000000000000e+06
9.932942162615255866e-01,2.582807000000000000e+06
9.935736239172953121e-01,2.594732000000000000e+06
9.938530315730651488e-01,2.708072000000000000e+06
9.941324392288348744e-01,2.717698000000000000e+06
9.944118468846045999e-01,2.760006000000000000e+06
9.946912545403744366e-01,2.773050000000000000e+06
9.949706621961441622e-01,2.796269000000000000e+06
9.952500698519139988e-01,2.827939000000000000e+06
9.955294775076837244e-01,2.838592000000000000e+06
9.958088851634534500e-01,2.916755000000000000e+06
9.960882928192232866e-01,2.940429000000000000e+06
9.963677004749930122e-01,2.963579000000000000e+06
9.966471081307627378e-01,2.966212000000000000e+06
9.969265157865325744e-01,3.008281000000000000e+06
9.972059234423023000e-01,3.098851000000000000e+06
9.974853310980721366e-01,3.169089000000000000e+06
9.977647387538418622e-01,3.208169000000000000e+06
9.980441464096115878e-01,3.208919000000000000e+06
9.983235540653814244e-01,3.242044000000000000e+06
9.986029617211511500e-01,3.304395000000000000e+06
9.988823693769209866e-01,3.470465000000000000e+06
9.991617770326907122e-01,3.875115000000000000e+06
9.994411846884604378e-01,3.908455000000000000e+06
9.997205923442302744e-01,3.921975000000000000e+06
1.000000000000000000e+00,5.851662000000000000e+06
