0.000000000000000000e+00,1.000000000000000000e+00
5.730987449137486529e-05,1.000000000000000000e+00
1.146197489827497306e-04,1.000000000000000000e+00
1.719296234741245959e-04,1.000000000000000000e+00
2.292394979654994612e-04,1.000000000000000000e+00
2.865493724568743536e-04,1.000000000000000000e+00
3.438592469482491918e-04,1.000000000000000000e+00
4.011691214396240299e-04,1.000000000000000000e+00
4.584789959309989223e-04,1.000000000000000000e+00
5.157888704223738147e-04,1.000000000000000000e+00
5.730987449137487071e-04,1.000000000000000000e+00
6.304086194051234911e-04,1.000000000000000000e+00
6.877184938964983835e-04,1.000000000000000000e+00
7.450283683878732759e-04,1.000000000000000000e+00
8.023382428792480599e-04,1.000000000000000000e+00
8.596481173706229523e-04,1.000000000000000000e+00
9.169579918619978447e-04,1.000000000000000000e+00
9.742678663533727371e-04,1.000000000000000000e+00
1.031577740844747629e-03,2.000000000000000000e+00
1.088887615336122522e-03,2.000000000000000000e+00
1.146197489827497414e-03,2.000000000000000000e+00
1.203507364318872090e-03,2.000000000000000000e+00
1.260817238810246982e-03,2.000000000000000000e+00
1.318127113301621875e-03,2.000000000000000000e+00
1.375436987792996767e-03,2.000000000000000000e+00
1.432746862284371659e-03,2.000000000000000000e+00
1.490056736775746552e-03,2.000000000000000000e+00
1.547366611267121444e-03,2.000000000000000000e+00
1.604676485758496120e-03,2.000000000000000000e+00
1.661986360249871012e-03,2.000000000000000000e+00
1.719296234741245905e-03,2.000000000000000000e+00
1.776606109232620797e-03,2.000000000000000000e+00
1.833915983723995689e-03,2.000000000000000000e+00
1.891225858215370582e-03,2.000000000000000000e+00
1.948535732706745474e-03,2.000000000000000000e+00
2.005845607198120367e-03,2.000000000000000000e+00
2.063155481689495259e-03,2.000000000000000000e+00
2.120465356180870151e-03,3.000000000000000000e+00
2.177775230672245044e-03,3.000000000000000000e+00
2.235085105163619936e-03,3.000000000000000000e+00
2.292394979654994829e-03,3.000000000000000000e+00
2.349704854146369287e-03,3.000000000000000000e+00
2.407014728637744180e-03,3.000000000000000000e+00
2.464324603129119072e-03,3.000000000000000000e+00
2.521634477620493964e-03,3.000000000000000000e+00
2.578944352111868857e-03,3.000000000000000000e+00
2.636254226603243749e-03,3.000000000000000000e+00
2.693564101094618642e-03,3.000000000000000000e+00
2.750873975585993534e-03,3.000000000000000000e+00
2.808183850077368426e-03,3.000000000000000000e+00
2.865493724568743319e-03,3.000000000000000000e+00
2.922803599060118211e-03,3.000000000000000000e+00
2.980113473551493104e-03,3.000000000000000000e+00
3.037423348042867996e-03,3.000000000000000000e+00
3.094733222534242888e-03,3.000000000000000000e+00
3.152043097025617781e-03,3.000000000000000000e+00
3.209352971516992239e-03,3.000000000000000000e+00
3.266662846008367132e-03,3.000000000000000000e+00
3.323972720499742024e-03,3.000000000000000000e+00
3.381282594991116917e-03,3.000000000000000000e+00
3.438592469482491809e-03,3.000000000000000000e+00
3.495902343973866701e-03,3.000000000000000000e+00
3.553212218465241594e-03,3.000000000000000000e+00
3.610522092956616486e-03,3.000000000000000000e+00
3.667831967447991379e-03,3.000000000000000000e+00
3.725141841939366271e-03,3.000000000000000000e+00
3.782451716430741163e-03,3.000000000000000000e+00
3.839761590922116056e-03,3.000000000000000000e+00
3.897071465413490948e-03,3.000000000000000000e+00
3.954381339904865407e-03,3.000000000000000000e+00
4.011691214396240733e-03,3.000000000000000000e+00
4.069001088887615192e-03,4.000000000000000000e+00
4.126310963378990518e-03,4.000000000000000000e+00
4.183620837870364977e-03,4.000000000000000000e+00
4.240930712361740303e-03,4.000000000000000000e+00
4.298240586853114761e-03,4.000000000000000000e+00
4.355550461344490087e-03,4.000000000000000000e+00
4.412860335835864546e-03,4.000000000000000000e+00
4.470170210327239872e-03,4.000000000000000000e+00
4.527480084818614331e-03,4.000000000000000000e+00
4.584789959309989657e-03,4.000000000000000000e+00
4.642099833801364116e-03,4.000000000000000000e+00
4.699409708292738574e-03,4.000000000000000000e+00
4.756719582784113901e-03,4.000000000000000000e+00
4.814029457275488359e-03,4.000000000000000000e+00
4.871339331766863685e-03,4.000000000000000000e+00
4.928649206258238144e-03,4.000000000000000000e+00
4.985959080749613470e-03,4.000000000000000000e+00
5.043268955240987929e-03,5.000000000000000000e+00
5.100578829732363255e-03,5.000000000000000000e+00
5.157888704223737714e-03,5.000000000000000000e+00
5.215198578715113040e-03,5.000000000000000000e+00
5.272508453206487498e-03,5.000000000000000000e+00
5.329818327697862824e-03,5.000000000000000000e+00
5.387128202189237283e-03,5.000000000000000000e+00
5.444438076680612609e-03,5.000000000000000000e+00
5.501747951171987068e-03,5.000000000000000000e+00
5.559057825663361527e-03,5.000000000000000000e+00
5.616367700154736853e-03,5.000000000000000000e+00
5.673677574646111312e-03,5.000000000000000000e+00
5.730987449137486638e-03,5.000000000000000000e+00
5.788297323628861096e-03,5.000000000000000000e+00
5.845607198120236422e-03,5.000000000000000000e+00
5.902917072611610881e-03,6.000000000000000000e+00
5.960226947102986207e-03,6.000000000000000000e+00
6.017536821594360666e-03,6.000000000000000000e+00
6.074846696085735992e-03,6.000000000000000000e+00
6.132156570577110451e-03,6.000000000000000000e+00
6.189466445068485777e-03,7.000000000000000000e+00
6.246776319559860235e-03,7.000000000000000000e+00
6.304086194051235562e-03,7.000000000000000000e+00
6.361396068542610020e-03,8.000000000000000000e+00
6.418705943033984479e-03,8.000000000000000000e+00
6.476015817525359805e-03,8.000000000000000000e+00
6.533325692016734264e-03,8.000000000000000000e+00
6.590635566508109590e-03,8.000000000000000000e+00
6.647945440999484049e-03,8.000000000000000000e+00
6.705255315490859375e-03,8.000000000000000000e+00
6.762565189982233833e-03,8.000000000000000000e+00
6.819875064473609159e-03,8.000000000000000000e+00
6.877184938964983618e-03,8.000000000000000000e+00
6.934494813456358944e-03,8.000000000000000000e+00
6.991804687947733403e-03,8.000000000000000000e+00
7.049114562439108729e-03,9.000000000000000000e+00
7.106424436930483188e-03,9.000000000000000000e+00
7.163734311421858514e-03,9.000000000000000000e+00
7.221044185913232973e-03,9.000000000000000000e+00
7.278354060404608299e-03,9.000000000000000000e+00
7.335663934895982757e-03,9.000000000000000000e+00
7.392973809387357216e-03,9.000000000000000000e+00
7.450283683878732542e-03,9.000000000000000000e+00
7.507593558370107001e-03,9.000000000000000000e+00
7.564903432861482327e-03,9.000000000000000000e+00
7.622213307352856786e-03,9.000000000000000000e+00
7.679523181844232112e-03,9.000000000000000000e+00
7.736833056335606570e-03,9.000000000000000000e+00
7.794142930826981897e-03,9.000000000000000000e+00
7.851452805318357223e-03,1.000000000000000000e+01
7.908762679809730814e-03,1.000000000000000000e+01
7.966072554301106140e-03,1.000000000000000000e+01
8.023382428792481466e-03,1.000000000000000000e+01
8.080692303283856792e-03,1.000000000000000000e+01
8.138002177775230384e-03,1.100000000000000000e+01
8.195312052266605710e-03,1.100000000000000000e+01
8.252621926757981036e-03,1.100000000000000000e+01
8.309931801249354627e-03,1.100000000000000000e+01
8.367241675740729953e-03,1.100000000000000000e+01
8.424551550232105279e-03,1.100000000000000000e+01
8.481861424723480605e-03,1.100000000000000000e+01
8.539171299214854197e-03,1.100000000000000000e+01
8.596481173706229523e-03,1.200000000000000000e+01
8.653791048197604849e-03,1.200000000000000000e+01
8.711100922688980175e-03,1.200000000000000000e+01
8.768410797180353766e-03,1.200000000000000000e+01
8.825720671671729092e-03,1.200000000000000000e+01
8.883030546163104418e-03,1.200000000000000000e+01
8.940340420654479744e-03,1.200000000000000000e+01
8.997650295145853336e-03,1.200000000000000000e+01
9.054960169637228662e-03,1.200000000000000000e+01
9.112270044128603988e-03,1.200000000000000000e+01
9.169579918619979314e-03,1.300000000000000000e+01
9.226889793111352905e-03,1.300000000000000000e+01
9.284199667602728231e-03,1.300000000000000000e+01
9.341509542094103558e-03,1.300000000000000000e+01
9.398819416585477149e-03,1.300000000000000000e+01
9.456129291076852475e-03,1.300000000000000000e+01
9.513439165568227801e-03,1.300000000000000000e+01
9.570749040059603127e-03,1.300000000000000000e+01
9.628058914550976718e-03,1.300000000000000000e+01
9.685368789042352045e-03,1.300000000000000000e+01
9.742678663533727371e-03,1.300000000000000000e+01
9.799988538025102697e-03,1.400000000000000000e+01
9.857298412516476288e-03,1.400000000000000000e+01
9.914608287007851614e-03,1.400000000000000000e+01
9.971918161499226940e-03,1.400000000000000000e+01
1.002922803599060227e-02,1.400000000000000000e+01
1.008653791048197586e-02,1.400000000000000000e+01
1.014384778497335118e-02,1.400000000000000000e+01
1.020115765946472651e-02,1.400000000000000000e+01
1.025846753395610010e-02,1.500000000000000000e+01
1.031577740844747543e-02,1.500000000000000000e+01
1.037308728293885075e-02,1.500000000000000000e+01
1.043039715743022608e-02,1.500000000000000000e+01
1.048770703192159967e-02,1.500000000000000000e+01
1.054501690641297500e-02,1.500000000000000000e+01
1.060232678090435032e-02,1.500000000000000000e+01
1.065963665539572565e-02,1.500000000000000000e+01
1.071694652988709924e-02,1.500000000000000000e+01
1.077425640437847457e-02,1.500000000000000000e+01
1.083156627886984989e-02,1.600000000000000000e+01
1.088887615336122522e-02,1.600000000000000000e+01
1.094618602785259881e-02,1.600000000000000000e+01
1.100349590234397414e-02,1.600000000000000000e+01
1.106080577683534946e-02,1.600000000000000000e+01
1.111811565132672305e-02,1.600000000000000000e+01
1.117542552581809838e-02,1.700000000000000000e+01
1.123273540030947371e-02,1.700000000000000000e+01
1.129004527480084903e-02,1.700000000000000000e+01
1.134735514929222262e-02,1.700000000000000000e+01
1.140466502378359795e-02,1.700000000000000000e+01
1.146197489827497328e-02,1.700000000000000000e+01
1.151928477276634860e-02,1.700000000000000000e+01
1.157659464725772219e-02,1.700000000000000000e+01
1.163390452174909752e-02,1.700000000000000000e+01
1.169121439624047284e-02,1.800000000000000000e+01
1.174852427073184817e-02,1.800000000000000000e+01
1.180583414522322176e-02,1.800000000000000000e+01
1.186314401971459709e-02,1.800000000000000000e+01
1.192045389420597241e-02,1.800000000000000000e+01
1.197776376869734601e-02,1.900000000000000000e+01
1.203507364318872133e-02,1.900000000000000000e+01
1.209238351768009666e-02,2.000000000000000000e+01
1.214969339217147198e-02,2.000000000000000000e+01
1.220700326666284558e-02,2.000000000000000000e+01
1.226431314115422090e-02,2.000000000000000000e+01
1.232162301564559623e-02,2.000000000000000000e+01
1.237893289013697155e-02,2.100000000000000000e+01
1.243624276462834514e-02,2.100000000000000000e+01
1.249355263911972047e-02,2.100000000000000000e+01
1.255086251361109580e-02,2.100000000000000000e+01
1.260817238810247112e-02,2.100000000000000000e+01
1.266548226259384471e-02,2.100000000000000000e+01
1.272279213708522004e-02,2.100000000000000000e+01
1.278010201157659537e-02,2.200000000000000000e+01
1.283741188606796896e-02,2.200000000000000000e+01
1.289472176055934428e-02,2.200000000000000000e+01
1.295203163505071961e-02,2.200000000000000000e+01
1.300934150954209494e-02,2.200000000000000000e+01
1.306665138403346853e-02,2.200000000000000000e+01
1.312396125852484385e-02,2.300000000000000000e+01
1.318127113301621918e-02,2.300000000000000000e+01
1.323858100750759451e-02,2.300000000000000000e+01
1.329589088199896810e-02,2.300000000000000000e+01
1.335320075649034342e-02,2.300000000000000000e+01
1.341051063098171875e-02,2.300000000000000000e+01
1.346782050547309408e-02,2.300000000000000000e+01
1.352513037996446767e-02,2.300000000000000000e+01
1.358244025445584299e-02,2.400000000000000000e+01
1.363975012894721832e-02,2.400000000000000000e+01
1.369706000343859364e-02,2.400000000000000000e+01
1.375436987792996724e-02,2.400000000000000000e+01
1.381167975242134256e-02,2.500000000000000000e+01
1.386898962691271789e-02,2.500000000000000000e+01
1.392629950140409148e-02,2.500000000000000000e+01
1.398360937589546681e-02,2.500000000000000000e+01
1.404091925038684213e-02,2.500000000000000000e+01
1.409822912487821746e-02,2.500000000000000000e+01
1.415553899936959105e-02,2.500000000000000000e+01
1.421284887386096638e-02,2.600000000000000000e+01
1.427015874835234170e-02,2.600000000000000000e+01
1.432746862284371703e-02,2.600000000000000000e+01
1.438477849733509062e-02,2.600000000000000000e+01
1.444208837182646595e-02,2.600000000000000000e+01
1.449939824631784127e-02,2.600000000000000000e+01
1.455670812080921660e-02,2.600000000000000000e+01
1.461401799530059019e-02,2.600000000000000000e+01
1.467132786979196551e-02,2.600000000000000000e+01
1.472863774428334084e-02,2.700000000000000000e+01
1.478594761877471443e-02,2.700000000000000000e+01
1.484325749326608976e-02,2.700000000000000000e+01
1.490056736775746508e-02,2.700000000000000000e+01
1.495787724224884041e-02,2.700000000000000000e+01
1.501518711674021400e-02,2.700000000000000000e+01
1.507249699123158933e-02,2.700000000000000000e+01
1.512980686572296465e-02,2.800000000000000000e+01
1.518711674021433998e-02,2.800000000000000000e+01
1.524442661470571357e-02,2.800000000000000000e+01
1.530173648919708890e-02,2.800000000000000000e+01
1.535904636368846422e-02,2.800000000000000000e+01
1.541635623817983955e-02,2.800000000000000000e+01
1.547366611267121314e-02,2.800000000000000000e+01
1.553097598716258847e-02,2.800000000000000000e+01
1.558828586165396379e-02,2.900000000000000000e+01
1.564559573614533738e-02,2.900000000000000000e+01
1.570290561063671445e-02,2.900000000000000000e+01
1.576021548512808804e-02,2.900000000000000000e+01
1.581752535961946163e-02,2.900000000000000000e+01
1.587483523411083869e-02,2.900000000000000000e+01
1.593214510860221228e-02,2.900000000000000000e+01
1.598945498309358587e-02,2.900000000000000000e+01
1.604676485758496293e-02,2.900000000000000000e+01
1.610407473207633652e-02,2.900000000000000000e+01
1.616138460656771358e-02,2.900000000000000000e+01
1.621869448105908718e-02,3.000000000000000000e+01
1.627600435555046077e-02,3.000000000000000000e+01
1.633331423004183783e-02,3.000000000000000000e+01
1.639062410453321142e-02,3.000000000000000000e+01
1.644793397902458501e-02,3.000000000000000000e+01
1.650524385351596207e-02,3.000000000000000000e+01
1.656255372800733566e-02,3.000000000000000000e+01
1.661986360249870925e-02,3.000000000000000000e+01
1.667717347699008631e-02,3.000000000000000000e+01
1.673448335148145991e-02,3.000000000000000000e+01
1.679179322597283697e-02,3.000000000000000000e+01
1.684910310046421056e-02,3.100000000000000000e+01
1.690641297495558415e-02,3.100000000000000000e+01
1.696372284944696121e-02,3.100000000000000000e+01
1.702103272393833480e-02,3.100000000000000000e+01
1.707834259842970839e-02,3.100000000000000000e+01
1.713565247292108545e-02,3.100000000000000000e+01
1.719296234741245905e-02,3.200000000000000000e+01
1.725027222190383611e-02,3.200000000000000000e+01
1.730758209639520970e-02,3.200000000000000000e+01
1.736489197088658329e-02,3.200000000000000000e+01
1.742220184537796035e-02,3.200000000000000000e+01
1.747951171986933394e-02,3.200000000000000000e+01
1.753682159436070753e-02,3.200000000000000000e+01
1.759413146885208459e-02,3.200000000000000000e+01
1.765144134334345818e-02,3.200000000000000000e+01
1.770875121783483178e-02,3.300000000000000000e+01
1.776606109232620884e-02,3.300000000000000000e+01
1.782337096681758243e-02,3.300000000000000000e+01
1.788068084130895949e-02,3.300000000000000000e+01
1.793799071580033308e-02,3.300000000000000000e+01
1.799530059029170667e-02,3.300000000000000000e+01
1.805261046478308373e-02,3.400000000000000000e+01
1.810992033927445732e-02,3.400000000000000000e+01
1.816723021376583092e-02,3.400000000000000000e+01
1.822454008825720798e-02,3.400000000000000000e+01
1.828184996274858157e-02,3.400000000000000000e+01
1.833915983723995863e-02,3.400000000000000000e+01
1.839646971173133222e-02,3.400000000000000000e+01
1.845377958622270581e-02,3.400000000000000000e+01
1.851108946071408287e-02,3.400000000000000000e+01
1.856839933520545646e-02,3.500000000000000000e+01
1.862570920969683005e-02,3.500000000000000000e+01
1.868301908418820712e-02,3.500000000000000000e+01
1.874032895867958071e-02,3.500000000000000000e+01
1.879763883317095430e-02,3.500000000000000000e+01
1.885494870766233136e-02,3.500000000000000000e+01
1.891225858215370495e-02,3.500000000000000000e+01
1.896956845664508201e-02,3.500000000000000000e+01
1.902687833113645560e-02,3.500000000000000000e+01
1.908418820562782919e-02,3.500000000000000000e+01
1.914149808011920625e-02,3.500000000000000000e+01
1.919880795461057985e-02,3.500000000000000000e+01
1.925611782910195344e-02,3.500000000000000000e+01
1.931342770359333050e-02,3.500000000000000000e+01
1.937073757808470409e-02,3.500000000000000000e+01
1.942804745257607768e-02,3.600000000000000000e+01
1.948535732706745474e-02,3.600000000000000000e+01
1.954266720155882833e-02,3.700000000000000000e+01
1.959997707605020539e-02,3.700000000000000000e+01
1.965728695054157898e-02,3.700000000000000000e+01
1.971459682503295258e-02,3.700000000000000000e+01
1.977190669952432964e-02,3.700000000000000000e+01
1.982921657401570323e-02,3.800000000000000000e+01
1.988652644850707682e-02,3.800000000000000000e+01
1.994383632299845388e-02,3.800000000000000000e+01
2.000114619748982747e-02,3.800000000000000000e+01
2.005845607198120453e-02,3.800000000000000000e+01
2.011576594647257812e-02,3.800000000000000000e+01
2.017307582096395172e-02,3.800000000000000000e+01
2.023038569545532878e-02,3.800000000000000000e+01
2.028769556994670237e-02,3.800000000000000000e+01
2.034500544443807596e-02,3.800000000000000000e+01
2.040231531892945302e-02,3.800000000000000000e+01
2.045962519342082661e-02,3.800000000000000000e+01
2.051693506791220020e-02,3.800000000000000000e+01
2.057424494240357726e-02,3.900000000000000000e+01
2.063155481689495085e-02,3.900000000000000000e+01
2.068886469138632792e-02,3.900000000000000000e+01
2.074617456587770151e-02,3.900000000000000000e+01
2.080348444036907510e-02,3.900000000000000000e+01
2.086079431486045216e-02,3.900000000000000000e+01
2.091810418935182575e-02,3.900000000000000000e+01
2.097541406384319934e-02,3.900000000000000000e+01
2.103272393833457640e-02,3.900000000000000000e+01
2.109003381282594999e-02,3.900000000000000000e+01
2.114734368731732359e-02,4.000000000000000000e+01
2.120465356180870065e-02,4.000000000000000000e+01
2.126196343630007424e-02,4.000000000000000000e+01
2.131927331079145130e-02,4.000000000000000000e+01
2.137658318528282489e-02,4.000000000000000000e+01
2.143389305977419848e-02,4.000000000000000000e+01
2.149120293426557554e-02,4.000000000000000000e+01
2.154851280875694913e-02,4.000000000000000000e+01
2.160582268324832272e-02,4.000000000000000000e+01
2.166313255773969979e-02,4.000000000000000000e+01
2.172044243223107338e-02,4.000000000000000000e+01
2.177775230672245044e-02,4.100000000000000000e+01
2.183506218121382403e-02,4.100000000000000000e+01
2.189237205570519762e-02,4.100000000000000000e+01
2.194968193019657468e-02,4.100000000000000000e+01
2.200699180468794827e-02,4.100000000000000000e+01
2.206430167917932186e-02,4.100000000000000000e+01
2.212161155367069892e-02,4.100000000000000000e+01
2.217892142816207252e-02,4.100000000000000000e+01
2.223623130265344611e-02,4.200000000000000000e+01
2.229354117714482317e-02,4.200000000000000000e+01
2.235085105163619676e-02,4.200000000000000000e+01
2.240816092612757382e-02,4.200000000000000000e+01
2.246547080061894741e-02,4.200000000000000000e+01
2.252278067511032100e-02,4.200000000000000000e+01
2.258009054960169806e-02,4.200000000000000000e+01
2.263740042409307165e-02,4.200000000000000000e+01
2.269471029858444525e-02,4.200000000000000000e+01
2.275202017307582231e-02,4.200000000000000000e+01
2.280933004756719590e-02,4.200000000000000000e+01
2.286663992205857296e-02,4.200000000000000000e+01
2.292394979654994655e-02,4.200000000000000000e+01
2.298125967104132014e-02,4.200000000000000000e+01
2.303856954553269720e-02,4.200000000000000000e+01
2.309587942002407079e-02,4.200000000000000000e+01
2.315318929451544439e-02,4.200000000000000000e+01
2.321049916900682145e-02,4.300000000000000000e+01
2.326780904349819504e-02,4.300000000000000000e+01
2.332511891798956863e-02,4.300000000000000000e+01
2.338242879248094569e-02,4.300000000000000000e+01
2.343973866697231928e-02,4.300000000000000000e+01
2.349704854146369634e-02,4.300000000000000000e+01
2.355435841595506993e-02,4.400000000000000000e+01
2.361166829044644352e-02,4.400000000000000000e+01
2.366897816493782059e-02,4.400000000000000000e+01
2.372628803942919418e-02,4.400000000000000000e+01
2.378359791392056777e-02,4.400000000000000000e+01
2.384090778841194483e-02,4.400000000000000000e+01
2.389821766290331842e-02,4.400000000000000000e+01
2.395552753739469201e-02,4.400000000000000000e+01
2.401283741188606907e-02,4.400000000000000000e+01
2.407014728637744266e-02,4.500000000000000000e+01
2.412745716086881972e-02,4.500000000000000000e+01
2.418476703536019332e-02,4.500000000000000000e+01
2.424207690985156691e-02,4.500000000000000000e+01
2.429938678434294397e-02,4.600000000000000000e+01
2.435669665883431756e-02,4.600000000000000000e+01
2.441400653332569115e-02,4.600000000000000000e+01
2.447131640781706821e-02,4.600000000000000000e+01
2.452862628230844180e-02,4.600000000000000000e+01
2.458593615679981886e-02,4.600000000000000000e+01
2.464324603129119245e-02,4.600000000000000000e+01
2.470055590578256605e-02,4.600000000000000000e+01
2.475786578027394311e-02,4.600000000000000000e+01
2.481517565476531670e-02,4.700000000000000000e+01
2.487248552925669029e-02,4.700000000000000000e+01
2.492979540374806735e-02,4.700000000000000000e+01
2.498710527823944094e-02,4.700000000000000000e+01
2.504441515273081453e-02,4.700000000000000000e+01
2.510172502722219159e-02,4.700000000000000000e+01
2.515903490171356519e-02,4.700000000000000000e+01
2.521634477620494225e-02,4.700000000000000000e+01
2.527365465069631584e-02,4.800000000000000000e+01
2.533096452518768943e-02,4.800000000000000000e+01
2.538827439967906649e-02,4.800000000000000000e+01
2.544558427417044008e-02,4.800000000000000000e+01
2.550289414866181367e-02,4.800000000000000000e+01
2.556020402315319073e-02,4.800000000000000000e+01
2.561751389764456432e-02,4.900000000000000000e+01
2.567482377213593792e-02,4.900000000000000000e+01
2.573213364662731498e-02,4.900000000000000000e+01
2.578944352111868857e-02,4.900000000000000000e+01
2.584675339561006563e-02,4.900000000000000000e+01
2.590406327010143922e-02,4.900000000000000000e+01
2.596137314459281281e-02,4.900000000000000000e+01
2.601868301908418987e-02,4.900000000000000000e+01
2.607599289357556346e-02,4.900000000000000000e+01
2.613330276806693706e-02,4.900000000000000000e+01
2.619061264255831412e-02,5.000000000000000000e+01
2.624792251704968771e-02,5.000000000000000000e+01
2.630523239154106477e-02,5.000000000000000000e+01
2.636254226603243836e-02,5.000000000000000000e+01
2.641985214052381195e-02,5.000000000000000000e+01
2.647716201501518901e-02,5.000000000000000000e+01
2.653447188950656260e-02,5.000000000000000000e+01
2.659178176399793619e-02,5.000000000000000000e+01
2.664909163848931326e-02,5.000000000000000000e+01
2.670640151298068685e-02,5.000000000000000000e+01
2.676371138747206044e-02,5.100000000000000000e+01
2.682102126196343750e-02,5.100000000000000000e+01
2.687833113645481109e-02,5.100000000000000000e+01
2.693564101094618815e-02,5.100000000000000000e+01
2.699295088543756174e-02,5.200000000000000000e+01
2.705026075992893533e-02,5.200000000000000000e+01
2.710757063442031239e-02,5.300000000000000000e+01
2.716488050891168599e-02,5.300000000000000000e+01
2.722219038340305958e-02,5.300000000000000000e+01
2.727950025789443664e-02,5.300000000000000000e+01
2.733681013238581023e-02,5.300000000000000000e+01
2.739412000687718729e-02,5.400000000000000000e+01
2.745142988136856088e-02,5.400000000000000000e+01
2.750873975585993447e-02,5.400000000000000000e+01
2.756604963035131153e-02,5.400000000000000000e+01
2.762335950484268512e-02,5.400000000000000000e+01
2.768066937933405872e-02,5.400000000000000000e+01
2.773797925382543578e-02,5.400000000000000000e+01
2.779528912831680937e-02,5.400000000000000000e+01
2.785259900280818296e-02,5.400000000000000000e+01
2.790990887729956002e-02,5.400000000000000000e+01
2.796721875179093361e-02,5.400000000000000000e+01
2.802452862628231067e-02,5.400000000000000000e+01
2.808183850077368426e-02,5.400000000000000000e+01
2.813914837526505786e-02,5.400000000000000000e+01
2.819645824975643492e-02,5.400000000000000000e+01
2.825376812424780851e-02,5.400000000000000000e+01
2.831107799873918210e-02,5.400000000000000000e+01
2.836838787323055916e-02,5.500000000000000000e+01
2.842569774772193275e-02,5.500000000000000000e+01
2.848300762221330634e-02,5.500000000000000000e+01
2.854031749670468340e-02,5.500000000000000000e+01
2.859762737119605699e-02,5.500000000000000000e+01
2.865493724568743406e-02,5.500000000000000000e+01
2.871224712017880765e-02,5.500000000000000000e+01
2.876955699467018124e-02,5.500000000000000000e+01
2.882686686916155830e-02,5.500000000000000000e+01
2.888417674365293189e-02,5.500000000000000000e+01
2.894148661814430548e-02,5.500000000000000000e+01
2.899879649263568254e-02,5.500000000000000000e+01
2.905610636712705613e-02,5.500000000000000000e+01
2.911341624161843319e-02,5.500000000000000000e+01
2.917072611610980679e-02,5.500000000000000000e+01
2.922803599060118038e-02,5.600000000000000000e+01
2.928534586509255744e-02,5.600000000000000000e+01
2.934265573958393103e-02,5.600000000000000000e+01
2.939996561407530462e-02,5.600000000000000000e+01
2.945727548856668168e-02,5.600000000000000000e+01
2.951458536305805527e-02,5.600000000000000000e+01
2.957189523754942886e-02,5.700000000000000000e+01
2.962920511204080593e-02,5.700000000000000000e+01
2.968651498653217952e-02,5.700000000000000000e+01
2.974382486102355658e-02,5.700000000000000000e+01
2.980113473551493017e-02,5.700000000000000000e+01
2.985844461000630376e-02,5.700000000000000000e+01
2.991575448449768082e-02,5.700000000000000000e+01
2.997306435898905441e-02,5.700000000000000000e+01
3.003037423348042800e-02,5.700000000000000000e+01
3.008768410797180506e-02,5.700000000000000000e+01
3.014499398246317866e-02,5.700000000000000000e+01
3.020230385695455572e-02,5.700000000000000000e+01
3.025961373144592931e-02,5.700000000000000000e+01
3.031692360593730290e-02,5.700000000000000000e+01
3.037423348042867996e-02,5.800000000000000000e+01
3.043154335492005355e-02,5.800000000000000000e+01
3.048885322941142714e-02,5.800000000000000000e+01
3.054616310390280420e-02,5.800000000000000000e+01
3.060347297839417779e-02,5.800000000000000000e+01
3.066078285288555139e-02,5.800000000000000000e+01
3.071809272737692845e-02,5.900000000000000000e+01
3.077540260186830204e-02,5.900000000000000000e+01
3.083271247635967910e-02,5.900000000000000000e+01
3.089002235085105269e-02,5.900000000000000000e+01
3.094733222534242628e-02,5.900000000000000000e+01
3.100464209983380334e-02,5.900000000000000000e+01
3.106195197432517693e-02,5.900000000000000000e+01
3.111926184881655053e-02,5.900000000000000000e+01
3.117657172330792759e-02,5.900000000000000000e+01
3.123388159779930118e-02,5.900000000000000000e+01
3.129119147229067477e-02,5.900000000000000000e+01
3.134850134678204836e-02,6.000000000000000000e+01
3.140581122127342889e-02,6.000000000000000000e+01
3.146312109576480248e-02,6.000000000000000000e+01
3.152043097025617607e-02,6.000000000000000000e+01
3.157774084474754966e-02,6.000000000000000000e+01
3.163505071923892326e-02,6.000000000000000000e+01
3.169236059373030379e-02,6.000000000000000000e+01
3.174967046822167738e-02,6.000000000000000000e+01
3.180698034271305097e-02,6.000000000000000000e+01
3.186429021720442456e-02,6.100000000000000000e+01
3.192160009169579815e-02,6.100000000000000000e+01
3.197890996618717174e-02,6.100000000000000000e+01
3.203621984067855227e-02,6.100000000000000000e+01
3.209352971516992586e-02,6.100000000000000000e+01
3.215083958966129946e-02,6.200000000000000000e+01
3.220814946415267305e-02,6.200000000000000000e+01
3.226545933864404664e-02,6.200000000000000000e+01
3.232276921313542717e-02,6.200000000000000000e+01
3.238007908762680076e-02,6.200000000000000000e+01
3.243738896211817435e-02,6.200000000000000000e+01
3.249469883660954794e-02,6.200000000000000000e+01
3.255200871110092153e-02,6.200000000000000000e+01
3.260931858559229513e-02,6.200000000000000000e+01
3.266662846008367566e-02,6.200000000000000000e+01
3.272393833457504925e-02,6.200000000000000000e+01
3.278124820906642284e-02,6.300000000000000000e+01
3.283855808355779643e-02,6.300000000000000000e+01
3.289586795804917002e-02,6.300000000000000000e+01
3.295317783254055055e-02,6.300000000000000000e+01
3.301048770703192414e-02,6.300000000000000000e+01
3.306779758152329773e-02,6.300000000000000000e+01
3.312510745601467133e-02,6.300000000000000000e+01
3.318241733050604492e-02,6.400000000000000000e+01
3.323972720499741851e-02,6.400000000000000000e+01
3.329703707948879904e-02,6.400000000000000000e+01
3.335434695398017263e-02,6.400000000000000000e+01
3.341165682847154622e-02,6.400000000000000000e+01
3.346896670296291981e-02,6.400000000000000000e+01
3.352627657745429340e-02,6.400000000000000000e+01
3.358358645194567393e-02,6.400000000000000000e+01
3.364089632643704753e-02,6.400000000000000000e+01
3.369820620092842112e-02,6.400000000000000000e+01
3.375551607541979471e-02,6.400000000000000000e+01
3.381282594991116830e-02,6.500000000000000000e+01
3.387013582440254883e-02,6.500000000000000000e+01
3.392744569889392242e-02,6.500000000000000000e+01
3.398475557338529601e-02,6.500000000000000000e+01
3.404206544787666960e-02,6.500000000000000000e+01
3.409937532236804320e-02,6.500000000000000000e+01
3.415668519685941679e-02,6.500000000000000000e+01
3.421399507135079732e-02,6.500000000000000000e+01
3.427130494584217091e-02,6.500000000000000000e+01
3.432861482033354450e-02,6.500000000000000000e+01
3.438592469482491809e-02,6.500000000000000000e+01
3.444323456931629168e-02,6.500000000000000000e+01
3.450054444380767221e-02,6.500000000000000000e+01
3.455785431829904580e-02,6.500000000000000000e+01
3.461516419279041940e-02,6.500000000000000000e+01
3.467247406728179299e-02,6.600000000000000000e+01
3.472978394177316658e-02,6.600000000000000000e+01
3.478709381626454017e-02,6.600000000000000000e+01
3.484440369075592070e-02,6.600000000000000000e+01
3.490171356524729429e-02,6.600000000000000000e+01
3.495902343973866788e-02,6.600000000000000000e+01
3.501633331423004147e-02,6.600000000000000000e+01
3.507364318872141506e-02,6.600000000000000000e+01
3.513095306321279560e-02,6.600000000000000000e+01
3.518826293770416919e-02,6.600000000000000000e+01
3.524557281219554278e-02,6.700000000000000000e+01
3.530288268668691637e-02,6.700000000000000000e+01
3.536019256117828996e-02,6.700000000000000000e+01
3.541750243566966355e-02,6.700000000000000000e+01
3.547481231016104408e-02,6.700000000000000000e+01
3.553212218465241767e-02,6.700000000000000000e+01
3.558943205914379126e-02,6.700000000000000000e+01
3.564674193363516486e-02,6.700000000000000000e+01
3.570405180812653845e-02,6.700000000000000000e+01
3.576136168261791898e-02,6.800000000000000000e+01
3.581867155710929257e-02,6.800000000000000000e+01
3.587598143160066616e-02,6.800000000000000000e+01
3.593329130609203975e-02,6.800000000000000000e+01
3.599060118058341334e-02,6.800000000000000000e+01
3.604791105507478693e-02,6.800000000000000000e+01
3.610522092956616746e-02,6.800000000000000000e+01
3.616253080405754106e-02,6.800000000000000000e+01
3.621984067854891465e-02,6.800000000000000000e+01
3.627715055304028824e-02,6.800000000000000000e+01
3.633446042753166183e-02,6.800000000000000000e+01
3.639177030202304236e-02,6.800000000000000000e+01
3.644908017651441595e-02,6.800000000000000000e+01
3.650639005100578954e-02,6.800000000000000000e+01
3.656369992549716313e-02,6.900000000000000000e+01
3.662100979998853673e-02,6.900000000000000000e+01
3.667831967447991726e-02,6.900000000000000000e+01
3.673562954897129085e-02,6.900000000000000000e+01
3.679293942346266444e-02,6.900000000000000000e+01
3.685024929795403803e-02,6.900000000000000000e+01
3.690755917244541162e-02,7.000000000000000000e+01
3.696486904693678521e-02,7.000000000000000000e+01
3.702217892142816574e-02,7.000000000000000000e+01
3.707948879591953933e-02,7.000000000000000000e+01
3.713679867041091293e-02,7.000000000000000000e+01
3.719410854490228652e-02,7.000000000000000000e+01
3.725141841939366011e-02,7.100000000000000000e+01
3.730872829388504064e-02,7.100000000000000000e+01
3.736603816837641423e-02,7.100000000000000000e+01
3.742334804286778782e-02,7.100000000000000000e+01
3.748065791735916141e-02,7.100000000000000000e+01
3.753796779185053500e-02,7.100000000000000000e+01
3.759527766634190860e-02,7.100000000000000000e+01
3.765258754083328913e-02,7.200000000000000000e+01
3.770989741532466272e-02,7.200000000000000000e+01
3.776720728981603631e-02,7.200000000000000000e+01
3.782451716430740990e-02,7.200000000000000000e+01
3.788182703879878349e-02,7.200000000000000000e+01
3.793913691329016402e-02,7.200000000000000000e+01
3.799644678778153761e-02,7.200000000000000000e+01
3.805375666227291120e-02,7.200000000000000000e+01
3.811106653676428480e-02,7.200000000000000000e+01
3.816837641125565839e-02,7.200000000000000000e+01
3.822568628574703198e-02,7.200000000000000000e+01
3.828299616023841251e-02,7.200000000000000000e+01
3.834030603472978610e-02,7.200000000000000000e+01
3.839761590922115969e-02,7.300000000000000000e+01
3.845492578371253328e-02,7.300000000000000000e+01
3.851223565820390687e-02,7.300000000000000000e+01
3.856954553269528740e-02,7.300000000000000000e+01
3.862685540718666100e-02,7.300000000000000000e+01
3.868416528167803459e-02,7.300000000000000000e+01
3.874147515616940818e-02,7.300000000000000000e+01
3.879878503066078177e-02,7.300000000000000000e+01
3.885609490515215536e-02,7.300000000000000000e+01
3.891340477964353589e-02,7.300000000000000000e+01
3.897071465413490948e-02,7.400000000000000000e+01
3.902802452862628307e-02,7.400000000000000000e+01
3.908533440311765667e-02,7.400000000000000000e+01
3.914264427760903026e-02,7.400000000000000000e+01
3.919995415210041079e-02,7.400000000000000000e+01
3.925726402659178438e-02,7.400000000000000000e+01
3.931457390108315797e-02,7.400000000000000000e+01
3.937188377557453156e-02,7.500000000000000000e+01
3.942919365006590515e-02,7.500000000000000000e+01
3.948650352455727874e-02,7.500000000000000000e+01
3.954381339904865927e-02,7.500000000000000000e+01
3.960112327354003287e-02,7.500000000000000000e+01
3.965843314803140646e-02,7.500000000000000000e+01
3.971574302252278005e-02,7.500000000000000000e+01
3.977305289701415364e-02,7.500000000000000000e+01
3.983036277150553417e-02,7.600000000000000000e+01
3.988767264599690776e-02,7.600000000000000000e+01
3.994498252048828135e-02,7.600000000000000000e+01
4.000229239497965494e-02,7.600000000000000000e+01
4.005960226947102854e-02,7.600000000000000000e+01
4.011691214396240907e-02,7.600000000000000000e+01
4.017422201845378266e-02,7.600000000000000000e+01
4.023153189294515625e-02,7.600000000000000000e+01
4.028884176743652984e-02,7.600000000000000000e+01
4.034615164192790343e-02,7.600000000000000000e+01
4.040346151641927702e-02,7.600000000000000000e+01
4.046077139091065755e-02,7.600000000000000000e+01
4.051808126540203114e-02,7.600000000000000000e+01
4.057539113989340473e-02,7.600000000000000000e+01
4.063270101438477833e-02,7.600000000000000000e+01
4.069001088887615192e-02,7.700000000000000000e+01
4.074732076336753245e-02,7.700000000000000000e+01
4.080463063785890604e-02,7.700000000000000000e+01
4.086194051235027963e-02,7.700000000000000000e+01
4.091925038684165322e-02,7.700000000000000000e+01
4.097656026133302681e-02,7.700000000000000000e+01
4.103387013582440040e-02,7.700000000000000000e+01
4.109118001031578093e-02,7.700000000000000000e+01
4.114848988480715453e-02,7.700000000000000000e+01
4.120579975929852812e-02,7.700000000000000000e+01
4.126310963378990171e-02,7.700000000000000000e+01
4.132041950828127530e-02,7.700000000000000000e+01
4.137772938277265583e-02,7.700000000000000000e+01
4.143503925726402942e-02,7.700000000000000000e+01
4.149234913175540301e-02,7.800000000000000000e+01
4.154965900624677660e-02,7.800000000000000000e+01
4.160696888073815020e-02,7.800000000000000000e+01
4.166427875522952379e-02,7.800000000000000000e+01
4.172158862972090432e-02,7.800000000000000000e+01
4.177889850421227791e-02,7.800000000000000000e+01
4.183620837870365150e-02,7.800000000000000000e+01
4.189351825319502509e-02,7.800000000000000000e+01
4.195082812768639868e-02,7.800000000000000000e+01
4.200813800217777921e-02,7.800000000000000000e+01
4.206544787666915280e-02,7.800000000000000000e+01
4.212275775116052640e-02,7.800000000000000000e+01
4.218006762565189999e-02,7.800000000000000000e+01
4.223737750014327358e-02,7.900000000000000000e+01
4.229468737463464717e-02,7.900000000000000000e+01
4.235199724912602770e-02,7.900000000000000000e+01
4.240930712361740129e-02,7.900000000000000000e+01
4.246661699810877488e-02,7.900000000000000000e+01
4.252392687260014847e-02,7.900000000000000000e+01
4.258123674709152207e-02,7.900000000000000000e+01
4.263854662158290260e-02,7.900000000000000000e+01
4.269585649607427619e-02,7.900000000000000000e+01
4.275316637056564978e-02,7.900000000000000000e+01
4.281047624505702337e-02,7.900000000000000000e+01
4.286778611954839696e-02,8.000000000000000000e+01
4.292509599403977749e-02,8.000000000000000000e+01
4.298240586853115108e-02,8.000000000000000000e+01
4.303971574302252467e-02,8.000000000000000000e+01
4.309702561751389827e-02,8.000000000000000000e+01
4.315433549200527186e-02,8.000000000000000000e+01
4.321164536649664545e-02,8.000000000000000000e+01
4.326895524098802598e-02,8.000000000000000000e+01
4.332626511547939957e-02,8.100000000000000000e+01
4.338357498997077316e-02,8.100000000000000000e+01
4.344088486446214675e-02,8.100000000000000000e+01
4.349819473895352034e-02,8.100000000000000000e+01
4.355550461344490087e-02,8.100000000000000000e+01
4.361281448793627447e-02,8.100000000000000000e+01
4.367012436242764806e-02,8.100000000000000000e+01
4.372743423691902165e-02,8.100000000000000000e+01
4.378474411141039524e-02,8.100000000000000000e+01
4.384205398590176883e-02,8.100000000000000000e+01
4.389936386039314936e-02,8.200000000000000000e+01
4.395667373488452295e-02,8.200000000000000000e+01
4.401398360937589654e-02,8.200000000000000000e+01
4.407129348386727014e-02,8.200000000000000000e+01
4.412860335835864373e-02,8.200000000000000000e+01
4.418591323285002426e-02,8.200000000000000000e+01
4.424322310734139785e-02,8.200000000000000000e+01
4.430053298183277144e-02,8.200000000000000000e+01
4.435784285632414503e-02,8.200000000000000000e+01
4.441515273081551862e-02,8.200000000000000000e+01
4.447246260530689221e-02,8.200000000000000000e+01
4.452977247979827274e-02,8.200000000000000000e+01
4.458708235428964634e-02,8.200000000000000000e+01
4.464439222878101993e-02,8.200000000000000000e+01
4.470170210327239352e-02,8.200000000000000000e+01
4.475901197776376711e-02,8.200000000000000000e+01
4.481632185225514764e-02,8.200000000000000000e+01
4.487363172674652123e-02,8.200000000000000000e+01
4.493094160123789482e-02,8.300000000000000000e+01
4.498825147572926841e-02,8.300000000000000000e+01
4.504556135022064201e-02,8.300000000000000000e+01
4.510287122471201560e-02,8.300000000000000000e+01
4.516018109920339613e-02,8.300000000000000000e+01
4.521749097369476972e-02,8.300000000000000000e+01
4.527480084818614331e-02,8.300000000000000000e+01
4.533211072267751690e-02,8.300000000000000000e+01
4.538942059716889049e-02,8.300000000000000000e+01
4.544673047166027102e-02,8.400000000000000000e+01
4.550404034615164461e-02,8.400000000000000000e+01
4.556135022064301821e-02,8.400000000000000000e+01
4.561866009513439180e-02,8.400000000000000000e+01
4.567596996962576539e-02,8.400000000000000000e+01
4.573327984411714592e-02,8.400000000000000000e+01
4.579058971860851951e-02,8.400000000000000000e+01
4.584789959309989310e-02,8.500000000000000000e+01
4.590520946759126669e-02,8.500000000000000000e+01
4.596251934208264028e-02,8.500000000000000000e+01
4.601982921657401387e-02,8.500000000000000000e+01
4.607713909106539441e-02,8.500000000000000000e+01
4.613444896555676800e-02,8.500000000000000000e+01
4.619175884004814159e-02,8.500000000000000000e+01
4.624906871453951518e-02,8.500000000000000000e+01
4.630637858903088877e-02,8.500000000000000000e+01
4.636368846352226930e-02,8.500000000000000000e+01
4.642099833801364289e-02,8.600000000000000000e+01
4.647830821250501648e-02,8.600000000000000000e+01
4.653561808699639007e-02,8.600000000000000000e+01
4.659292796148776367e-02,8.600000000000000000e+01
4.665023783597913726e-02,8.600000000000000000e+01
4.670754771047051779e-02,8.600000000000000000e+01
4.676485758496189138e-02,8.700000000000000000e+01
4.682216745945326497e-02,8.700000000000000000e+01
4.687947733394463856e-02,8.700000000000000000e+01
4.693678720843601215e-02,8.700000000000000000e+01
4.699409708292739268e-02,8.700000000000000000e+01
4.705140695741876627e-02,8.700000000000000000e+01
4.710871683191013987e-02,8.700000000000000000e+01
4.716602670640151346e-02,8.700000000000000000e+01
4.722333658089288705e-02,8.800000000000000000e+01
4.728064645538426064e-02,8.800000000000000000e+01
4.733795632987564117e-02,8.800000000000000000e+01
4.739526620436701476e-02,8.800000000000000000e+01
4.745257607885838835e-02,8.800000000000000000e+01
4.750988595334976194e-02,8.800000000000000000e+01
4.756719582784113554e-02,8.800000000000000000e+01
4.762450570233251607e-02,8.800000000000000000e+01
4.768181557682388966e-02,8.800000000000000000e+01
4.773912545131526325e-02,8.800000000000000000e+01
4.779643532580663684e-02,8.800000000000000000e+01
4.785374520029801043e-02,8.800000000000000000e+01
4.791105507478938402e-02,8.800000000000000000e+01
4.796836494928076455e-02,8.800000000000000000e+01
4.802567482377213814e-02,8.900000000000000000e+01
4.808298469826351174e-02,8.900000000000000000e+01
4.814029457275488533e-02,8.900000000000000000e+01
4.819760444724625892e-02,8.900000000000000000e+01
4.825491432173763945e-02,8.900000000000000000e+01
4.831222419622901304e-02,8.900000000000000000e+01
4.836953407072038663e-02,8.900000000000000000e+01
4.842684394521176022e-02,9.000000000000000000e+01
4.848415381970313381e-02,9.000000000000000000e+01
4.854146369419451434e-02,9.000000000000000000e+01
4.859877356868588794e-02,9.000000000000000000e+01
4.865608344317726153e-02,9.000000000000000000e+01
4.871339331766863512e-02,9.000000000000000000e+01
4.877070319216000871e-02,9.000000000000000000e+01
4.882801306665138230e-02,9.100000000000000000e+01
4.888532294114276283e-02,9.100000000000000000e+01
4.894263281563413642e-02,9.100000000000000000e+01
4.899994269012551001e-02,9.100000000000000000e+01
4.905725256461688361e-02,9.100000000000000000e+01
4.911456243910825720e-02,9.100000000000000000e+01
4.917187231359963773e-02,9.100000000000000000e+01
4.922918218809101132e-02,9.100000000000000000e+01
4.928649206258238491e-02,9.100000000000000000e+01
4.934380193707375850e-02,9.100000000000000000e+01
4.940111181156513209e-02,9.100000000000000000e+01
4.945842168605650568e-02,9.200000000000000000e+01
4.951573156054788621e-02,9.200000000000000000e+01
4.957304143503925981e-02,9.200000000000000000e+01
4.963035130953063340e-02,9.200000000000000000e+01
4.968766118402200699e-02,9.200000000000000000e+01
4.974497105851338058e-02,9.200000000000000000e+01
4.980228093300476111e-02,9.200000000000000000e+01
4.985959080749613470e-02,9.200000000000000000e+01
4.991690068198750829e-02,9.200000000000000000e+01
4.997421055647888188e-02,9.300000000000000000e+01
5.003152043097025548e-02,9.300000000000000000e+01
5.008883030546162907e-02,9.300000000000000000e+01
5.014614017995300960e-02,9.300000000000000000e+01
5.020345005444438319e-02,9.300000000000000000e+01
5.026075992893575678e-02,9.300000000000000000e+01
5.031806980342713037e-02,9.300000000000000000e+01
5.037537967791850396e-02,9.300000000000000000e+01
5.043268955240988449e-02,9.300000000000000000e+01
5.048999942690125808e-02,9.300000000000000000e+01
5.054730930139263168e-02,9.300000000000000000e+01
5.060461917588400527e-02,9.300000000000000000e+01
5.066192905037537886e-02,9.400000000000000000e+01
5.071923892486675245e-02,9.400000000000000000e+01
5.077654879935813298e-02,9.400000000000000000e+01
5.083385867384950657e-02,9.400000000000000000e+01
5.089116854834088016e-02,9.400000000000000000e+01
5.094847842283225375e-02,9.400000000000000000e+01
5.100578829732362734e-02,9.400000000000000000e+01
5.106309817181500788e-02,9.400000000000000000e+01
5.112040804630638147e-02,9.500000000000000000e+01
5.117771792079775506e-02,9.500000000000000000e+01
5.123502779528912865e-02,9.500000000000000000e+01
5.129233766978050224e-02,9.500000000000000000e+01
5.134964754427187583e-02,9.500000000000000000e+01
5.140695741876325636e-02,9.600000000000000000e+01
5.146426729325462995e-02,9.600000000000000000e+01
5.152157716774600354e-02,9.600000000000000000e+01
5.157888704223737714e-02,9.600000000000000000e+01
5.163619691672875073e-02,9.600000000000000000e+01
5.169350679122013126e-02,9.600000000000000000e+01
5.175081666571150485e-02,9.600000000000000000e+01
5.180812654020287844e-02,9.600000000000000000e+01
5.186543641469425203e-02,9.600000000000000000e+01
5.192274628918562562e-02,9.600000000000000000e+01
5.198005616367700615e-02,9.600000000000000000e+01
5.203736603816837974e-02,9.700000000000000000e+01
5.209467591265975334e-02,9.700000000000000000e+01
5.215198578715112693e-02,9.700000000000000000e+01
5.220929566164250052e-02,9.700000000000000000e+01
5.226660553613387411e-02,9.700000000000000000e+01
5.232391541062525464e-02,9.700000000000000000e+01
5.238122528511662823e-02,9.700000000000000000e+01
5.243853515960800182e-02,9.700000000000000000e+01
5.249584503409937541e-02,9.700000000000000000e+01
5.255315490859074901e-02,9.700000000000000000e+01
5.261046478308212954e-02,9.700000000000000000e+01
5.266777465757350313e-02,9.800000000000000000e+01
5.272508453206487672e-02,9.800000000000000000e+01
5.278239440655625031e-02,9.800000000000000000e+01
5.283970428104762390e-02,9.800000000000000000e+01
5.289701415553899749e-02,9.800000000000000000e+01
5.295432403003037802e-02,9.800000000000000000e+01
5.301163390452175161e-02,9.800000000000000000e+01
5.306894377901312521e-02,9.800000000000000000e+01
5.312625365350449880e-02,9.800000000000000000e+01
5.318356352799587239e-02,9.800000000000000000e+01
5.324087340248725292e-02,9.800000000000000000e+01
5.329818327697862651e-02,9.900000000000000000e+01
5.335549315147000010e-02,9.900000000000000000e+01
5.341280302596137369e-02,9.900000000000000000e+01
5.347011290045274728e-02,9.900000000000000000e+01
5.352742277494412088e-02,9.900000000000000000e+01
5.358473264943550141e-02,9.900000000000000000e+01
5.364204252392687500e-02,9.900000000000000000e+01
5.369935239841824859e-02,1.000000000000000000e+02
5.375666227290962218e-02,1.000000000000000000e+02
5.381397214740099577e-02,1.000000000000000000e+02
5.387128202189237630e-02,1.000000000000000000e+02
5.392859189638374989e-02,1.000000000000000000e+02
5.398590177087512348e-02,1.000000000000000000e+02
5.404321164536649708e-02,1.000000000000000000e+02
5.410052151985787067e-02,1.000000000000000000e+02
5.415783139434924426e-02,1.010000000000000000e+02
5.421514126884062479e-02,1.010000000000000000e+02
5.427245114333199838e-02,1.010000000000000000e+02
5.432976101782337197e-02,1.010000000000000000e+02
5.438707089231474556e-02,1.010000000000000000e+02
5.444438076680611915e-02,1.020000000000000000e+02
5.450169064129749968e-02,1.020000000000000000e+02
5.455900051578887328e-02,1.020000000000000000e+02
5.461631039028024687e-02,1.020000000000000000e+02
5.467362026477162046e-02,1.020000000000000000e+02
5.473093013926299405e-02,1.020000000000000000e+02
5.478824001375437458e-02,1.020000000000000000e+02
5.484554988824574817e-02,1.020000000000000000e+02
5.490285976273712176e-02,1.020000000000000000e+02
5.496016963722849535e-02,1.020000000000000000e+02
5.501747951171986895e-02,1.020000000000000000e+02
5.507478938621124254e-02,1.020000000000000000e+02
5.513209926070262307e-02,1.030000000000000000e+02
5.518940913519399666e-02,1.030000000000000000e+02
5.524671900968537025e-02,1.030000000000000000e+02
5.530402888417674384e-02,1.030000000000000000e+02
5.536133875866811743e-02,1.030000000000000000e+02
5.541864863315949796e-02,1.030000000000000000e+02
5.547595850765087155e-02,1.030000000000000000e+02
5.553326838214224515e-02,1.030000000000000000e+02
5.559057825663361874e-02,1.030000000000000000e+02
5.564788813112499233e-02,1.040000000000000000e+02
5.570519800561636592e-02,1.040000000000000000e+02
5.576250788010774645e-02,1.040000000000000000e+02
5.581981775459912004e-02,1.040000000000000000e+02
5.587712762909049363e-02,1.040000000000000000e+02
5.593443750358186722e-02,1.040000000000000000e+02
5.599174737807324082e-02,1.040000000000000000e+02
5.604905725256462135e-02,1.040000000000000000e+02
5.610636712705599494e-02,1.050000000000000000e+02
5.616367700154736853e-02,1.050000000000000000e+02
5.622098687603874212e-02,1.050000000000000000e+02
5.627829675053011571e-02,1.050000000000000000e+02
5.633560662502148930e-02,1.050000000000000000e+02
5.639291649951286983e-02,1.050000000000000000e+02
5.645022637400424342e-02,1.050000000000000000e+02
5.650753624849561702e-02,1.050000000000000000e+02
5.656484612298699061e-02,1.050000000000000000e+02
5.662215599747836420e-02,1.050000000000000000e+02
5.667946587196974473e-02,1.050000000000000000e+02
5.673677574646111832e-02,1.050000000000000000e+02
5.679408562095249191e-02,1.060000000000000000e+02
5.685139549544386550e-02,1.060000000000000000e+02
5.690870536993523909e-02,1.060000000000000000e+02
5.696601524442661268e-02,1.070000000000000000e+02
5.702332511891799322e-02,1.070000000000000000e+02
5.708063499340936681e-02,1.070000000000000000e+02
5.713794486790074040e-02,1.070000000000000000e+02
5.719525474239211399e-02,1.070000000000000000e+02
5.725256461688348758e-02,1.070000000000000000e+02
5.730987449137486811e-02,1.070000000000000000e+02
5.736718436586624170e-02,1.070000000000000000e+02
5.742449424035761529e-02,1.080000000000000000e+02
5.748180411484898888e-02,1.080000000000000000e+02
5.753911398934036248e-02,1.080000000000000000e+02
5.759642386383174301e-02,1.080000000000000000e+02
5.765373373832311660e-02,1.080000000000000000e+02
5.771104361281449019e-02,1.080000000000000000e+02
5.776835348730586378e-02,1.080000000000000000e+02
5.782566336179723737e-02,1.080000000000000000e+02
5.788297323628861096e-02,1.080000000000000000e+02
5.794028311077999149e-02,1.080000000000000000e+02
5.799759298527136508e-02,1.080000000000000000e+02
5.805490285976273868e-02,1.080000000000000000e+02
5.811221273425411227e-02,1.080000000000000000e+02
5.816952260874548586e-02,1.080000000000000000e+02
5.822683248323686639e-02,1.080000000000000000e+02
5.828414235772823998e-02,1.090000000000000000e+02
5.834145223221961357e-02,1.090000000000000000e+02
5.839876210671098716e-02,1.090000000000000000e+02
5.845607198120236075e-02,1.090000000000000000e+02
5.851338185569373435e-02,1.090000000000000000e+02
5.857069173018511488e-02,1.100000000000000000e+02
5.862800160467648847e-02,1.100000000000000000e+02
5.868531147916786206e-02,1.100000000000000000e+02
5.874262135365923565e-02,1.100000000000000000e+02
5.879993122815060924e-02,1.100000000000000000e+02
5.885724110264198977e-02,1.100000000000000000e+02
5.891455097713336336e-02,1.100000000000000000e+02
5.897186085162473695e-02,1.100000000000000000e+02
5.902917072611611055e-02,1.100000000000000000e+02
5.908648060060748414e-02,1.100000000000000000e+02
5.914379047509885773e-02,1.100000000000000000e+02
5.920110034959023826e-02,1.110000000000000000e+02
5.925841022408161185e-02,1.110000000000000000e+02
5.931572009857298544e-02,1.110000000000000000e+02
5.937302997306435903e-02,1.110000000000000000e+02
5.943033984755573262e-02,1.110000000000000000e+02
5.948764972204711315e-02,1.110000000000000000e+02
5.954495959653848675e-02,1.110000000000000000e+02
5.960226947102986034e-02,1.110000000000000000e+02
5.965957934552123393e-02,1.110000000000000000e+02
5.971688922001260752e-02,1.110000000000000000e+02
5.977419909450398111e-02,1.110000000000000000e+02
5.983150896899536164e-02,1.110000000000000000e+02
5.988881884348673523e-02,1.110000000000000000e+02
5.994612871797810882e-02,1.110000000000000000e+02
6.000343859246948242e-02,1.110000000000000000e+02
6.006074846696085601e-02,1.120000000000000000e+02
6.011805834145223654e-02,1.120000000000000000e+02
6.017536821594361013e-02,1.120000000000000000e+02
6.023267809043498372e-02,1.120000000000000000e+02
6.028998796492635731e-02,1.120000000000000000e+02
6.034729783941773090e-02,1.120000000000000000e+02
6.040460771390911143e-02,1.120000000000000000e+02
6.046191758840048502e-02,1.120000000000000000e+02
6.051922746289185862e-02,1.120000000000000000e+02
6.057653733738323221e-02,1.120000000000000000e+02
6.063384721187460580e-02,1.120000000000000000e+02
6.069115708636597939e-02,1.130000000000000000e+02
6.074846696085735992e-02,1.130000000000000000e+02
6.080577683534873351e-02,1.130000000000000000e+02
6.086308670984010710e-02,1.130000000000000000e+02
6.092039658433148069e-02,1.130000000000000000e+02
6.097770645882285429e-02,1.130000000000000000e+02
6.103501633331423482e-02,1.130000000000000000e+02
6.109232620780560841e-02,1.130000000000000000e+02
6.114963608229698200e-02,1.130000000000000000e+02
6.120694595678835559e-02,1.130000000000000000e+02
6.126425583127972918e-02,1.130000000000000000e+02
6.132156570577110277e-02,1.130000000000000000e+02
6.137887558026248330e-02,1.130000000000000000e+02
6.143618545475385689e-02,1.140000000000000000e+02
6.149349532924523049e-02,1.140000000000000000e+02
6.155080520373660408e-02,1.140000000000000000e+02
6.160811507822797767e-02,1.140000000000000000e+02
6.166542495271935820e-02,1.140000000000000000e+02
6.172273482721073179e-02,1.140000000000000000e+02
6.178004470170210538e-02,1.150000000000000000e+02
6.183735457619347897e-02,1.150000000000000000e+02
6.189466445068485256e-02,1.150000000000000000e+02
6.195197432517622615e-02,1.150000000000000000e+02
6.200928419966760669e-02,1.150000000000000000e+02
6.206659407415898028e-02,1.150000000000000000e+02
6.212390394865035387e-02,1.150000000000000000e+02
6.218121382314172746e-02,1.160000000000000000e+02
6.223852369763310105e-02,1.160000000000000000e+02
6.229583357212448158e-02,1.160000000000000000e+02
6.235314344661585517e-02,1.160000000000000000e+02
6.241045332110722876e-02,1.160000000000000000e+02
6.246776319559860235e-02,1.160000000000000000e+02
6.252507307008997595e-02,1.160000000000000000e+02
6.258238294458134954e-02,1.160000000000000000e+02
6.263969281907272313e-02,1.160000000000000000e+02
6.269700269356409672e-02,1.170000000000000000e+02
6.275431256805548419e-02,1.170000000000000000e+02
6.281162244254685778e-02,1.170000000000000000e+02
6.286893231703823137e-02,1.170000000000000000e+02
6.292624219152960496e-02,1.170000000000000000e+02
6.298355206602097855e-02,1.170000000000000000e+02
6.304086194051235215e-02,1.170000000000000000e+02
6.309817181500372574e-02,1.170000000000000000e+02
6.315548168949509933e-02,1.170000000000000000e+02
6.321279156398647292e-02,1.170000000000000000e+02
6.327010143847784651e-02,1.170000000000000000e+02
6.332741131296922010e-02,1.180000000000000000e+02
6.338472118746060757e-02,1.180000000000000000e+02
6.344203106195198116e-02,1.180000000000000000e+02
6.349934093644335475e-02,1.180000000000000000e+02
6.355665081093472835e-02,1.180000000000000000e+02
6.361396068542610194e-02,1.180000000000000000e+02
6.367127055991747553e-02,1.180000000000000000e+02
6.372858043440884912e-02,1.180000000000000000e+02
6.378589030890022271e-02,1.190000000000000000e+02
6.384320018339159630e-02,1.190000000000000000e+02
6.390051005788296989e-02,1.190000000000000000e+02
6.395781993237434349e-02,1.190000000000000000e+02
6.401512980686573095e-02,1.190000000000000000e+02
6.407243968135710455e-02,1.190000000000000000e+02
6.412974955584847814e-02,1.190000000000000000e+02
6.418705943033985173e-02,1.190000000000000000e+02
6.424436930483122532e-02,1.190000000000000000e+02
6.430167917932259891e-02,1.190000000000000000e+02
6.435898905381397250e-02,1.190000000000000000e+02
6.441629892830534609e-02,1.200000000000000000e+02
6.447360880279671969e-02,1.200000000000000000e+02
6.453091867728809328e-02,1.200000000000000000e+02
6.458822855177946687e-02,1.200000000000000000e+02
6.464553842627085434e-02,1.200000000000000000e+02
6.470284830076222793e-02,1.200000000000000000e+02
6.476015817525360152e-02,1.200000000000000000e+02
6.481746804974497511e-02,1.200000000000000000e+02
6.487477792423634870e-02,1.200000000000000000e+02
6.493208779872772229e-02,1.200000000000000000e+02
6.498939767321909589e-02,1.200000000000000000e+02
6.504670754771046948e-02,1.200000000000000000e+02
6.510401742220184307e-02,1.200000000000000000e+02
6.516132729669321666e-02,1.200000000000000000e+02
6.521863717118459025e-02,1.200000000000000000e+02
6.527594704567597772e-02,1.200000000000000000e+02
6.533325692016735131e-02,1.210000000000000000e+02
6.539056679465872490e-02,1.210000000000000000e+02
6.544787666915009849e-02,1.210000000000000000e+02
6.550518654364147209e-02,1.210000000000000000e+02
6.556249641813284568e-02,1.210000000000000000e+02
6.561980629262421927e-02,1.220000000000000000e+02
6.567711616711559286e-02,1.220000000000000000e+02
6.573442604160696645e-02,1.220000000000000000e+02
6.579173591609834004e-02,1.220000000000000000e+02
6.584904579058971363e-02,1.220000000000000000e+02
6.590635566508110110e-02,1.220000000000000000e+02
6.596366553957247469e-02,1.220000000000000000e+02
6.602097541406384829e-02,1.220000000000000000e+02
6.607828528855522188e-02,1.220000000000000000e+02
6.613559516304659547e-02,1.220000000000000000e+02
6.619290503753796906e-02,1.230000000000000000e+02
6.625021491202934265e-02,1.230000000000000000e+02
6.630752478652071624e-02,1.230000000000000000e+02
6.636483466101208983e-02,1.230000000000000000e+02
6.642214453550346343e-02,1.230000000000000000e+02
6.647945440999483702e-02,1.230000000000000000e+02
6.653676428448622449e-02,1.230000000000000000e+02
6.659407415897759808e-02,1.230000000000000000e+02
6.665138403346897167e-02,1.240000000000000000e+02
6.670869390796034526e-02,1.240000000000000000e+02
6.676600378245171885e-02,1.240000000000000000e+02
6.682331365694309244e-02,1.240000000000000000e+02
6.688062353143446603e-02,1.240000000000000000e+02
6.693793340592583963e-02,1.240000000000000000e+02
6.699524328041721322e-02,1.250000000000000000e+02
6.705255315490858681e-02,1.250000000000000000e+02
6.710986302939996040e-02,1.250000000000000000e+02
6.716717290389134787e-02,1.250000000000000000e+02
6.722448277838272146e-02,1.250000000000000000e+02
6.728179265287409505e-02,1.250000000000000000e+02
6.733910252736546864e-02,1.250000000000000000e+02
6.739641240185684223e-02,1.250000000000000000e+02
6.745372227634821582e-02,1.250000000000000000e+02
6.751103215083958942e-02,1.250000000000000000e+02
6.756834202533096301e-02,1.260000000000000000e+02
6.762565189982233660e-02,1.260000000000000000e+02
6.768296177431371019e-02,1.260000000000000000e+02
6.774027164880509766e-02,1.260000000000000000e+02
6.779758152329647125e-02,1.260000000000000000e+02
6.785489139778784484e-02,1.260000000000000000e+02
6.791220127227921843e-02,1.260000000000000000e+02
6.796951114677059202e-02,1.260000000000000000e+02
6.802682102126196562e-02,1.260000000000000000e+02
6.808413089575333921e-02,1.270000000000000000e+02
6.814144077024471280e-02,1.270000000000000000e+02
6.819875064473608639e-02,1.270000000000000000e+02
6.825606051922745998e-02,1.270000000000000000e+02
6.831337039371883357e-02,1.270000000000000000e+02
6.837068026821022104e-02,1.270000000000000000e+02
6.842799014270159463e-02,1.270000000000000000e+02
6.848530001719296822e-02,1.270000000000000000e+02
6.854260989168434182e-02,1.270000000000000000e+02
6.859991976617571541e-02,1.270000000000000000e+02
6.865722964066708900e-02,1.270000000000000000e+02
6.871453951515846259e-02,1.270000000000000000e+02
6.877184938964983618e-02,1.270000000000000000e+02
6.882915926414120977e-02,1.280000000000000000e+02
6.888646913863258336e-02,1.280000000000000000e+02
6.894377901312395696e-02,1.280000000000000000e+02
6.900108888761534442e-02,1.280000000000000000e+02
6.905839876210671802e-02,1.280000000000000000e+02
6.911570863659809161e-02,1.280000000000000000e+02
6.917301851108946520e-02,1.280000000000000000e+02
6.923032838558083879e-02,1.290000000000000000e+02
6.928763826007221238e-02,1.290000000000000000e+02
6.934494813456358597e-02,1.290000000000000000e+02
6.940225800905495956e-02,1.290000000000000000e+02
6.945956788354633316e-02,1.290000000000000000e+02
6.951687775803770675e-02,1.290000000000000000e+02
6.957418763252908034e-02,1.290000000000000000e+02
6.963149750702046781e-02,1.290000000000000000e+02
6.968880738151184140e-02,1.290000000000000000e+02
6.974611725600321499e-02,1.290000000000000000e+02
6.980342713049458858e-02,1.290000000000000000e+02
6.986073700498596217e-02,1.290000000000000000e+02
6.991804687947733576e-02,1.300000000000000000e+02
6.997535675396870936e-02,1.300000000000000000e+02
7.003266662846008295e-02,1.300000000000000000e+02
7.008997650295145654e-02,1.300000000000000000e+02
7.014728637744283013e-02,1.300000000000000000e+02
7.020459625193420372e-02,1.300000000000000000e+02
7.026190612642559119e-02,1.300000000000000000e+02
7.031921600091696478e-02,1.300000000000000000e+02
7.037652587540833837e-02,1.300000000000000000e+02
7.043383574989971196e-02,1.300000000000000000e+02
7.049114562439108556e-02,1.300000000000000000e+02
7.054845549888245915e-02,1.310000000000000000e+02
7.060576537337383274e-02,1.310000000000000000e+02
7.066307524786520633e-02,1.310000000000000000e+02
7.072038512235657992e-02,1.310000000000000000e+02
7.077769499684795351e-02,1.310000000000000000e+02
7.083500487133932710e-02,1.310000000000000000e+02
7.089231474583071457e-02,1.320000000000000000e+02
7.094962462032208816e-02,1.320000000000000000e+02
7.100693449481346176e-02,1.320000000000000000e+02
7.106424436930483535e-02,1.320000000000000000e+02
7.112155424379620894e-02,1.320000000000000000e+02
7.117886411828758253e-02,1.320000000000000000e+02
7.123617399277895612e-02,1.320000000000000000e+02
7.129348386727032971e-02,1.320000000000000000e+02
7.135079374176170330e-02,1.330000000000000000e+02
7.140810361625307690e-02,1.330000000000000000e+02
7.146541349074445049e-02,1.330000000000000000e+02
7.152272336523583796e-02,1.330000000000000000e+02
7.158003323972721155e-02,1.330000000000000000e+02
7.163734311421858514e-02,1.330000000000000000e+02
7.169465298870995873e-02,1.330000000000000000e+02
7.175196286320133232e-02,1.330000000000000000e+02
7.180927273769270591e-02,1.340000000000000000e+02
7.186658261218407950e-02,1.340000000000000000e+02
7.192389248667545310e-02,1.340000000000000000e+02
7.198120236116682669e-02,1.340000000000000000e+02
7.203851223565820028e-02,1.340000000000000000e+02
7.209582211014957387e-02,1.340000000000000000e+02
7.215313198464096134e-02,1.340000000000000000e+02
7.221044185913233493e-02,1.340000000000000000e+02
7.226775173362370852e-02,1.340000000000000000e+02
7.232506160811508211e-02,1.340000000000000000e+02
7.238237148260645570e-02,1.340000000000000000e+02
7.243968135709782930e-02,1.340000000000000000e+02
7.249699123158920289e-02,1.350000000000000000e+02
7.255430110608057648e-02,1.350000000000000000e+02
7.261161098057195007e-02,1.350000000000000000e+02
7.266892085506332366e-02,1.350000000000000000e+02
7.272623072955469725e-02,1.350000000000000000e+02
7.278354060404608472e-02,1.350000000000000000e+02
7.284085047853745831e-02,1.350000000000000000e+02
7.289816035302883190e-02,1.350000000000000000e+02
7.295547022752020550e-02,1.350000000000000000e+02
7.301278010201157909e-02,1.350000000000000000e+02
7.307008997650295268e-02,1.350000000000000000e+02
7.312739985099432627e-02,1.350000000000000000e+02
7.318470972548569986e-02,1.350000000000000000e+02
7.324201959997707345e-02,1.350000000000000000e+02
7.329932947446844704e-02,1.350000000000000000e+02
7.335663934895983451e-02,1.350000000000000000e+02
7.341394922345120810e-02,1.360000000000000000e+02
7.347125909794258170e-02,1.360000000000000000e+02
7.352856897243395529e-02,1.360000000000000000e+02
7.358587884692532888e-02,1.360000000000000000e+02
7.364318872141670247e-02,1.360000000000000000e+02
7.370049859590807606e-02,1.360000000000000000e+02
7.375780847039944965e-02,1.360000000000000000e+02
7.381511834489082324e-02,1.360000000000000000e+02
7.387242821938219683e-02,1.360000000000000000e+02
7.392973809387357043e-02,1.370000000000000000e+02
7.398704796836495790e-02,1.370000000000000000e+02
7.404435784285633149e-02,1.370000000000000000e+02
7.410166771734770508e-02,1.370000000000000000e+02
7.415897759183907867e-02,1.370000000000000000e+02
7.421628746633045226e-02,1.370000000000000000e+02
7.427359734082182585e-02,1.380000000000000000e+02
7.433090721531319944e-02,1.380000000000000000e+02
7.438821708980457303e-02,1.380000000000000000e+02
7.444552696429594663e-02,1.380000000000000000e+02
7.450283683878732022e-02,1.380000000000000000e+02
7.456014671327869381e-02,1.390000000000000000e+02
7.461745658777008128e-02,1.390000000000000000e+02
7.467476646226145487e-02,1.390000000000000000e+02
7.473207633675282846e-02,1.390000000000000000e+02
7.478938621124420205e-02,1.390000000000000000e+02
7.484669608573557564e-02,1.390000000000000000e+02
7.490400596022694923e-02,1.390000000000000000e+02
7.496131583471832283e-02,1.390000000000000000e+02
7.501862570920969642e-02,1.390000000000000000e+02
7.507593558370107001e-02,1.390000000000000000e+02
7.513324545819244360e-02,1.390000000000000000e+02
7.519055533268381719e-02,1.390000000000000000e+02
7.524786520717520466e-02,1.400000000000000000e+02
7.530517508166657825e-02,1.400000000000000000e+02
7.536248495615795184e-02,1.400000000000000000e+02
7.541979483064932543e-02,1.400000000000000000e+02
7.547710470514069903e-02,1.400000000000000000e+02
7.553441457963207262e-02,1.400000000000000000e+02
7.559172445412344621e-02,1.400000000000000000e+02
7.564903432861481980e-02,1.400000000000000000e+02
7.570634420310619339e-02,1.400000000000000000e+02
7.576365407759756698e-02,1.400000000000000000e+02
7.582096395208894057e-02,1.400000000000000000e+02
7.587827382658032804e-02,1.400000000000000000e+02
7.593558370107170163e-02,1.400000000000000000e+02
7.599289357556307523e-02,1.400000000000000000e+02
7.605020345005444882e-02,1.400000000000000000e+02
7.610751332454582241e-02,1.400000000000000000e+02
7.616482319903719600e-02,1.400000000000000000e+02
7.622213307352856959e-02,1.410000000000000000e+02
7.627944294801994318e-02,1.410000000000000000e+02
7.633675282251131677e-02,1.410000000000000000e+02
7.639406269700269037e-02,1.410000000000000000e+02
7.645137257149406396e-02,1.410000000000000000e+02
7.650868244598545143e-02,1.410000000000000000e+02
7.656599232047682502e-02,1.410000000000000000e+02
7.662330219496819861e-02,1.410000000000000000e+02
7.668061206945957220e-02,1.410000000000000000e+02
7.673792194395094579e-02,1.410000000000000000e+02
7.679523181844231938e-02,1.420000000000000000e+02
7.685254169293369297e-02,1.420000000000000000e+02
7.690985156742506657e-02,1.420000000000000000e+02
7.696716144191644016e-02,1.420000000000000000e+02
7.702447131640781375e-02,1.420000000000000000e+02
7.708178119089918734e-02,1.420000000000000000e+02
7.713909106539057481e-02,1.420000000000000000e+02
7.719640093988194840e-02,1.420000000000000000e+02
7.725371081437332199e-02,1.420000000000000000e+02
7.731102068886469558e-02,1.420000000000000000e+02
7.736833056335606917e-02,1.420000000000000000e+02
7.742564043784744277e-02,1.420000000000000000e+02
7.748295031233881636e-02,1.430000000000000000e+02
7.754026018683018995e-02,1.430000000000000000e+02
7.759757006132156354e-02,1.430000000000000000e+02
7.765487993581293713e-02,1.430000000000000000e+02
7.771218981030431072e-02,1.430000000000000000e+02
7.776949968479569819e-02,1.430000000000000000e+02
7.782680955928707178e-02,1.430000000000000000e+02
7.788411943377844537e-02,1.430000000000000000e+02
7.794142930826981897e-02,1.430000000000000000e+02
7.799873918276119256e-02,1.440000000000000000e+02
7.805604905725256615e-02,1.440000000000000000e+02
7.811335893174393974e-02,1.440000000000000000e+02
7.817066880623531333e-02,1.440000000000000000e+02
7.822797868072668692e-02,1.440000000000000000e+02
7.828528855521806051e-02,1.440000000000000000e+02
7.834259842970943410e-02,1.440000000000000000e+02
7.839990830420082157e-02,1.440000000000000000e+02
7.845721817869219517e-02,1.440000000000000000e+02
7.851452805318356876e-02,1.440000000000000000e+02
7.857183792767494235e-02,1.450000000000000000e+02
7.862914780216631594e-02,1.450000000000000000e+02
7.868645767665768953e-02,1.450000000000000000e+02
7.874376755114906312e-02,1.450000000000000000e+02
7.880107742564043671e-02,1.450000000000000000e+02
7.885838730013181030e-02,1.450000000000000000e+02
7.891569717462318390e-02,1.450000000000000000e+02
7.897300704911455749e-02,1.450000000000000000e+02
7.903031692360594496e-02,1.450000000000000000e+02
7.908762679809731855e-02,1.450000000000000000e+02
7.914493667258869214e-02,1.460000000000000000e+02
7.920224654708006573e-02,1.460000000000000000e+02
7.925955642157143932e-02,1.460000000000000000e+02
7.931686629606281291e-02,1.460000000000000000e+02
7.937417617055418650e-02,1.460000000000000000e+02
7.943148604504556010e-02,1.460000000000000000e+02
7.948879591953693369e-02,1.460000000000000000e+02
7.954610579402830728e-02,1.460000000000000000e+02
7.960341566851969475e-02,1.460000000000000000e+02
7.966072554301106834e-02,1.470000000000000000e+02
7.971803541750244193e-02,1.470000000000000000e+02
7.977534529199381552e-02,1.470000000000000000e+02
7.983265516648518911e-02,1.470000000000000000e+02
7.988996504097656270e-02,1.470000000000000000e+02
7.994727491546793630e-02,1.470000000000000000e+02
8.000458478995930989e-02,1.470000000000000000e+02
8.006189466445068348e-02,1.480000000000000000e+02
8.011920453894205707e-02,1.480000000000000000e+02
8.017651441343343066e-02,1.480000000000000000e+02
8.023382428792481813e-02,1.480000000000000000e+02
8.029113416241619172e-02,1.480000000000000000e+02
8.034844403690756531e-02,1.480000000000000000e+02
8.040575391139893890e-02,1.480000000000000000e+02
8.046306378589031250e-02,1.480000000000000000e+02
8.052037366038168609e-02,1.480000000000000000e+02
8.057768353487305968e-02,1.480000000000000000e+02
8.063499340936443327e-02,1.480000000000000000e+02
8.069230328385580686e-02,1.480000000000000000e+02
8.074961315834718045e-02,1.480000000000000000e+02
8.080692303283855404e-02,1.480000000000000000e+02
8.086423290732994151e-02,1.490000000000000000e+02
8.092154278182131510e-02,1.490000000000000000e+02
8.097885265631268870e-02,1.490000000000000000e+02
8.103616253080406229e-02,1.490000000000000000e+02
8.109347240529543588e-02,1.490000000000000000e+02
8.115078227978680947e-02,1.490000000000000000e+02
8.120809215427818306e-02,1.490000000000000000e+02
8.126540202876955665e-02,1.490000000000000000e+02
8.132271190326093024e-02,1.490000000000000000e+02
8.138002177775230384e-02,1.500000000000000000e+02
8.143733165224367743e-02,1.500000000000000000e+02
8.149464152673506490e-02,1.500000000000000000e+02
8.155195140122643849e-02,1.500000000000000000e+02
8.160926127571781208e-02,1.500000000000000000e+02
8.166657115020918567e-02,1.500000000000000000e+02
8.172388102470055926e-02,1.500000000000000000e+02
8.178119089919193285e-02,1.500000000000000000e+02
8.183850077368330644e-02,1.500000000000000000e+02
8.189581064817468004e-02,1.500000000000000000e+02
8.195312052266605363e-02,1.510000000000000000e+02
8.201043039715742722e-02,1.510000000000000000e+02
8.206774027164880081e-02,1.510000000000000000e+02
8.212505014614018828e-02,1.510000000000000000e+02
8.218236002063156187e-02,1.520000000000000000e+02
8.223966989512293546e-02,1.520000000000000000e+02
8.229697976961430905e-02,1.520000000000000000e+02
8.235428964410568264e-02,1.520000000000000000e+02
8.241159951859705624e-02,1.520000000000000000e+02
8.246890939308842983e-02,1.520000000000000000e+02
8.252621926757980342e-02,1.520000000000000000e+02
8.258352914207117701e-02,1.520000000000000000e+02
8.264083901656255060e-02,1.530000000000000000e+02
8.269814889105392419e-02,1.530000000000000000e+02
8.275545876554531166e-02,1.530000000000000000e+02
8.281276864003668525e-02,1.530000000000000000e+02
8.287007851452805884e-02,1.530000000000000000e+02
8.292738838901943244e-02,1.530000000000000000e+02
8.298469826351080603e-02,1.530000000000000000e+02
8.304200813800217962e-02,1.540000000000000000e+02
8.309931801249355321e-02,1.540000000000000000e+02
8.315662788698492680e-02,1.540000000000000000e+02
8.321393776147630039e-02,1.540000000000000000e+02
8.327124763596767398e-02,1.540000000000000000e+02
8.332855751045904757e-02,1.540000000000000000e+02
8.338586738495043504e-02,1.540000000000000000e+02
8.344317725944180864e-02,1.540000000000000000e+02
8.350048713393318223e-02,1.540000000000000000e+02
8.355779700842455582e-02,1.540000000000000000e+02
8.361510688291592941e-02,1.550000000000000000e+02
8.367241675740730300e-02,1.550000000000000000e+02
8.372972663189867659e-02,1.550000000000000000e+02
8.378703650639005018e-02,1.550000000000000000e+02
8.384434638088142377e-02,1.550000000000000000e+02
8.390165625537279737e-02,1.550000000000000000e+02
8.395896612986417096e-02,1.550000000000000000e+02
8.401627600435555843e-02,1.550000000000000000e+02
8.407358587884693202e-02,1.550000000000000000e+02
8.413089575333830561e-02,1.560000000000000000e+02
8.418820562782967920e-02,1.560000000000000000e+02
8.424551550232105279e-02,1.560000000000000000e+02
8.430282537681242638e-02,1.560000000000000000e+02
8.436013525130379997e-02,1.560000000000000000e+02
8.441744512579517357e-02,1.570000000000000000e+02
8.447475500028654716e-02,1.570000000000000000e+02
8.453206487477792075e-02,1.570000000000000000e+02
8.458937474926929434e-02,1.570000000000000000e+02
8.464668462376068181e-02,1.570000000000000000e+02
8.470399449825205540e-02,1.570000000000000000e+02
8.476130437274342899e-02,1.570000000000000000e+02
8.481861424723480258e-02,1.570000000000000000e+02
8.487592412172617617e-02,1.570000000000000000e+02
8.493323399621754977e-02,1.570000000000000000e+02
8.499054387070892336e-02,1.570000000000000000e+02
8.504785374520029695e-02,1.580000000000000000e+02
8.510516361969167054e-02,1.580000000000000000e+02
8.516247349418304413e-02,1.580000000000000000e+02
8.521978336867443160e-02,1.580000000000000000e+02
8.527709324316580519e-02,1.580000000000000000e+02
8.533440311765717878e-02,1.580000000000000000e+02
8.539171299214855237e-02,1.580000000000000000e+02
8.544902286663992597e-02,1.580000000000000000e+02
8.550633274113129956e-02,1.580000000000000000e+02
8.556364261562267315e-02,1.590000000000000000e+02
8.562095249011404674e-02,1.590000000000000000e+02
8.567826236460542033e-02,1.590000000000000000e+02
8.573557223909679392e-02,1.590000000000000000e+02
8.579288211358816751e-02,1.590000000000000000e+02
8.585019198807955498e-02,1.590000000000000000e+02
8.590750186257092857e-02,1.590000000000000000e+02
8.596481173706230217e-02,1.590000000000000000e+02
8.602212161155367576e-02,1.600000000000000000e+02
8.607943148604504935e-02,1.600000000000000000e+02
8.613674136053642294e-02,1.600000000000000000e+02
8.619405123502779653e-02,1.600000000000000000e+02
8.625136110951917012e-02,1.600000000000000000e+02
8.630867098401054371e-02,1.600000000000000000e+02
8.636598085850191731e-02,1.600000000000000000e+02
8.642329073299329090e-02,1.610000000000000000e+02
8.648060060748467837e-02,1.610000000000000000e+02
8.653791048197605196e-02,1.610000000000000000e+02
8.659522035646742555e-02,1.610000000000000000e+02
8.665253023095879914e-02,1.610000000000000000e+02
8.670984010545017273e-02,1.610000000000000000e+02
8.676714997994154632e-02,1.610000000000000000e+02
8.682445985443291991e-02,1.610000000000000000e+02
8.688176972892429351e-02,1.620000000000000000e+02
8.693907960341566710e-02,1.620000000000000000e+02
8.699638947790704069e-02,1.620000000000000000e+02
8.705369935239841428e-02,1.620000000000000000e+02
8.711100922688980175e-02,1.620000000000000000e+02
8.716831910138117534e-02,1.620000000000000000e+02
8.722562897587254893e-02,1.630000000000000000e+02
8.728293885036392252e-02,1.630000000000000000e+02
8.734024872485529611e-02,1.630000000000000000e+02
8.739755859934666971e-02,1.630000000000000000e+02
8.745486847383804330e-02,1.640000000000000000e+02
8.751217834832941689e-02,1.640000000000000000e+02
8.756948822282079048e-02,1.640000000000000000e+02
8.762679809731216407e-02,1.640000000000000000e+02
8.768410797180353766e-02,1.640000000000000000e+02
8.774141784629492513e-02,1.640000000000000000e+02
8.779872772078629872e-02,1.640000000000000000e+02
8.785603759527767231e-02,1.650000000000000000e+02
8.791334746976904591e-02,1.650000000000000000e+02
8.797065734426041950e-02,1.650000000000000000e+02
8.802796721875179309e-02,1.650000000000000000e+02
8.808527709324316668e-02,1.660000000000000000e+02
8.814258696773454027e-02,1.660000000000000000e+02
8.819989684222591386e-02,1.660000000000000000e+02
8.825720671671728745e-02,1.660000000000000000e+02
8.831451659120866104e-02,1.660000000000000000e+02
8.837182646570004851e-02,1.660000000000000000e+02
8.842913634019142211e-02,1.660000000000000000e+02
8.848644621468279570e-02,1.670000000000000000e+02
8.854375608917416929e-02,1.670000000000000000e+02
8.860106596366554288e-02,1.670000000000000000e+02
8.865837583815691647e-02,1.670000000000000000e+02
8.871568571264829006e-02,1.670000000000000000e+02
8.877299558713966365e-02,1.670000000000000000e+02
8.883030546163103724e-02,1.670000000000000000e+02
8.888761533612241084e-02,1.670000000000000000e+02
8.894492521061378443e-02,1.670000000000000000e+02
8.900223508510517190e-02,1.670000000000000000e+02
8.905954495959654549e-02,1.680000000000000000e+02
8.911685483408791908e-02,1.680000000000000000e+02
8.917416470857929267e-02,1.680000000000000000e+02
8.923147458307066626e-02,1.680000000000000000e+02
8.928878445756203985e-02,1.680000000000000000e+02
8.934609433205341344e-02,1.680000000000000000e+02
8.940340420654478704e-02,1.690000000000000000e+02
8.946071408103616063e-02,1.690000000000000000e+02
8.951802395552753422e-02,1.690000000000000000e+02
8.957533383001890781e-02,1.690000000000000000e+02
8.963264370451029528e-02,1.690000000000000000e+02
8.968995357900166887e-02,1.700000000000000000e+02
8.974726345349304246e-02,1.700000000000000000e+02
8.980457332798441605e-02,1.700000000000000000e+02
8.986188320247578964e-02,1.700000000000000000e+02
8.991919307696716324e-02,1.710000000000000000e+02
8.997650295145853683e-02,1.710000000000000000e+02
9.003381282594991042e-02,1.710000000000000000e+02
9.009112270044128401e-02,1.710000000000000000e+02
9.014843257493265760e-02,1.710000000000000000e+02
9.020574244942403119e-02,1.720000000000000000e+02
9.026305232391541866e-02,1.720000000000000000e+02
9.032036219840679225e-02,1.720000000000000000e+02
9.037767207289816584e-02,1.720000000000000000e+02
9.043498194738953944e-02,1.720000000000000000e+02
9.049229182188091303e-02,1.720000000000000000e+02
9.054960169637228662e-02,1.720000000000000000e+02
9.060691157086366021e-02,1.720000000000000000e+02
9.066422144535503380e-02,1.730000000000000000e+02
9.072153131984640739e-02,1.730000000000000000e+02
9.077884119433778098e-02,1.730000000000000000e+02
9.083615106882915458e-02,1.730000000000000000e+02
9.089346094332054204e-02,1.730000000000000000e+02
9.095077081781191564e-02,1.740000000000000000e+02
9.100808069230328923e-02,1.740000000000000000e+02
9.106539056679466282e-02,1.740000000000000000e+02
9.112270044128603641e-02,1.740000000000000000e+02
9.118001031577741000e-02,1.740000000000000000e+02
9.123732019026878359e-02,1.740000000000000000e+02
9.129463006476015718e-02,1.740000000000000000e+02
9.135193993925153078e-02,1.740000000000000000e+02
9.140924981374290437e-02,1.740000000000000000e+02
9.146655968823429184e-02,1.740000000000000000e+02
9.152386956272566543e-02,1.740000000000000000e+02
9.158117943721703902e-02,1.740000000000000000e+02
9.163848931170841261e-02,1.740000000000000000e+02
9.169579918619978620e-02,1.740000000000000000e+02
9.175310906069115979e-02,1.750000000000000000e+02
9.181041893518253338e-02,1.750000000000000000e+02
9.186772880967390698e-02,1.750000000000000000e+02
9.192503868416528057e-02,1.750000000000000000e+02
9.198234855865665416e-02,1.750000000000000000e+02
9.203965843314802775e-02,1.760000000000000000e+02
9.209696830763941522e-02,1.760000000000000000e+02
9.215427818213078881e-02,1.760000000000000000e+02
9.221158805662216240e-02,1.760000000000000000e+02
9.226889793111353599e-02,1.760000000000000000e+02
9.232620780560490958e-02,1.760000000000000000e+02
9.238351768009628318e-02,1.760000000000000000e+02
9.244082755458765677e-02,1.760000000000000000e+02
9.249813742907903036e-02,1.760000000000000000e+02
9.255544730357040395e-02,1.770000000000000000e+02
9.261275717806177754e-02,1.770000000000000000e+02
9.267006705255315113e-02,1.770000000000000000e+02
9.272737692704453860e-02,1.770000000000000000e+02
9.278468680153591219e-02,1.770000000000000000e+02
9.284199667602728578e-02,1.770000000000000000e+02
9.289930655051865938e-02,1.770000000000000000e+02
9.295661642501003297e-02,1.770000000000000000e+02
9.301392629950140656e-02,1.770000000000000000e+02
9.307123617399278015e-02,1.780000000000000000e+02
9.312854604848415374e-02,1.780000000000000000e+02
9.318585592297552733e-02,1.780000000000000000e+02
9.324316579746690092e-02,1.780000000000000000e+02
9.330047567195827452e-02,1.780000000000000000e+02
9.335778554644966198e-02,1.780000000000000000e+02
9.341509542094103558e-02,1.780000000000000000e+02
9.347240529543240917e-02,1.780000000000000000e+02
9.352971516992378276e-02,1.780000000000000000e+02
9.358702504441515635e-02,1.780000000000000000e+02
9.364433491890652994e-02,1.780000000000000000e+02
9.370164479339790353e-02,1.780000000000000000e+02
9.375895466788927712e-02,1.790000000000000000e+02
9.381626454238065072e-02,1.790000000000000000e+02
9.387357441687202431e-02,1.790000000000000000e+02
9.393088429136339790e-02,1.790000000000000000e+02
9.398819416585478537e-02,1.800000000000000000e+02
9.404550404034615896e-02,1.800000000000000000e+02
9.410281391483753255e-02,1.800000000000000000e+02
9.416012378932890614e-02,1.810000000000000000e+02
9.421743366382027973e-02,1.810000000000000000e+02
9.427474353831165332e-02,1.810000000000000000e+02
9.433205341280302691e-02,1.810000000000000000e+02
9.438936328729440051e-02,1.810000000000000000e+02
9.444667316178577410e-02,1.820000000000000000e+02
9.450398303627714769e-02,1.820000000000000000e+02
9.456129291076852128e-02,1.820000000000000000e+02
9.461860278525990875e-02,1.820000000000000000e+02
9.467591265975128234e-02,1.820000000000000000e+02
9.473322253424265593e-02,1.820000000000000000e+02
9.479053240873402952e-02,1.820000000000000000e+02
9.484784228322540311e-02,1.830000000000000000e+02
9.490515215771677671e-02,1.830000000000000000e+02
9.496246203220815030e-02,1.830000000000000000e+02
9.501977190669952389e-02,1.830000000000000000e+02
9.507708178119089748e-02,1.830000000000000000e+02
9.513439165568227107e-02,1.830000000000000000e+02
9.519170153017364466e-02,1.840000000000000000e+02
9.524901140466503213e-02,1.840000000000000000e+02
9.530632127915640572e-02,1.840000000000000000e+02
9.536363115364777931e-02,1.840000000000000000e+02
9.542094102813915291e-02,1.840000000000000000e+02
9.547825090263052650e-02,1.840000000000000000e+02
9.553556077712190009e-02,1.840000000000000000e+02
9.559287065161327368e-02,1.840000000000000000e+02
9.565018052610464727e-02,1.840000000000000000e+02
9.570749040059602086e-02,1.840000000000000000e+02
9.576480027508739445e-02,1.840000000000000000e+02
9.582211014957876805e-02,1.840000000000000000e+02
9.587942002407015551e-02,1.850000000000000000e+02
9.593672989856152911e-02,1.850000000000000000e+02
9.599403977305290270e-02,1.850000000000000000e+02
9.605134964754427629e-02,1.850000000000000000e+02
9.610865952203564988e-02,1.850000000000000000e+02
9.616596939652702347e-02,1.850000000000000000e+02
9.622327927101839706e-02,1.850000000000000000e+02
9.628058914550977065e-02,1.850000000000000000e+02
9.633789902000114425e-02,1.850000000000000000e+02
9.639520889449251784e-02,1.860000000000000000e+02
9.645251876898389143e-02,1.860000000000000000e+02
9.650982864347527890e-02,1.860000000000000000e+02
9.656713851796665249e-02,1.860000000000000000e+02
9.662444839245802608e-02,1.860000000000000000e+02
9.668175826694939967e-02,1.860000000000000000e+02
9.673906814144077326e-02,1.870000000000000000e+02
9.679637801593214685e-02,1.870000000000000000e+02
9.685368789042352045e-02,1.870000000000000000e+02
9.691099776491489404e-02,1.870000000000000000e+02
9.696830763940626763e-02,1.870000000000000000e+02
9.702561751389764122e-02,1.870000000000000000e+02
9.708292738838902869e-02,1.870000000000000000e+02
9.714023726288040228e-02,1.870000000000000000e+02
9.719754713737177587e-02,1.870000000000000000e+02
9.725485701186314946e-02,1.880000000000000000e+02
9.731216688635452305e-02,1.880000000000000000e+02
9.736947676084589665e-02,1.880000000000000000e+02
9.742678663533727024e-02,1.880000000000000000e+02
9.748409650982864383e-02,1.880000000000000000e+02
9.754140638432001742e-02,1.880000000000000000e+02
9.759871625881139101e-02,1.880000000000000000e+02
9.765602613330276460e-02,1.890000000000000000e+02
9.771333600779415207e-02,1.890000000000000000e+02
9.777064588228552566e-02,1.890000000000000000e+02
9.782795575677689925e-02,1.890000000000000000e+02
9.788526563126827285e-02,1.890000000000000000e+02
9.794257550575964644e-02,1.890000000000000000e+02
9.799988538025102003e-02,1.890000000000000000e+02
9.805719525474239362e-02,1.890000000000000000e+02
9.811450512923376721e-02,1.900000000000000000e+02
9.817181500372514080e-02,1.900000000000000000e+02
9.822912487821651439e-02,1.900000000000000000e+02
9.828643475270788799e-02,1.910000000000000000e+02
9.834374462719927545e-02,1.910000000000000000e+02
9.840105450169064905e-02,1.910000000000000000e+02
9.845836437618202264e-02,1.910000000000000000e+02
9.851567425067339623e-02,1.910000000000000000e+02
9.857298412516476982e-02,1.910000000000000000e+02
9.863029399965614341e-02,1.910000000000000000e+02
9.868760387414751700e-02,1.910000000000000000e+02
9.874491374863889059e-02,1.920000000000000000e+02
9.880222362313026419e-02,1.920000000000000000e+02
9.885953349762163778e-02,1.920000000000000000e+02
9.891684337211301137e-02,1.920000000000000000e+02
9.897415324660439884e-02,1.920000000000000000e+02
9.903146312109577243e-02,1.920000000000000000e+02
9.908877299558714602e-02,1.920000000000000000e+02
9.914608287007851961e-02,1.920000000000000000e+02
9.920339274456989320e-02,1.920000000000000000e+02
9.926070261906126679e-02,1.920000000000000000e+02
9.931801249355264039e-02,1.920000000000000000e+02
9.937532236804401398e-02,1.930000000000000000e+02
9.943263224253538757e-02,1.930000000000000000e+02
9.948994211702676116e-02,1.930000000000000000e+02
9.954725199151813475e-02,1.930000000000000000e+02
9.960456186600952222e-02,1.930000000000000000e+02
9.966187174050089581e-02,1.930000000000000000e+02
9.971918161499226940e-02,1.940000000000000000e+02
9.977649148948364299e-02,1.940000000000000000e+02
9.983380136397501659e-02,1.940000000000000000e+02
9.989111123846639018e-02,1.950000000000000000e+02
9.994842111295776377e-02,1.950000000000000000e+02
1.000057309874491374e-01,1.950000000000000000e+02
1.000630408619405110e-01,1.950000000000000000e+02
1.001203507364318845e-01,1.960000000000000000e+02
1.001776606109232581e-01,1.960000000000000000e+02
1.002349704854146456e-01,1.960000000000000000e+02
1.002922803599060192e-01,1.960000000000000000e+02
1.003495902343973928e-01,1.960000000000000000e+02
1.004069001088887664e-01,1.960000000000000000e+02
1.004642099833801400e-01,1.960000000000000000e+02
1.005215198578715136e-01,1.970000000000000000e+02
1.005788297323628872e-01,1.970000000000000000e+02
1.006361396068542607e-01,1.970000000000000000e+02
1.006934494813456343e-01,1.970000000000000000e+02
1.007507593558370079e-01,1.970000000000000000e+02
1.008080692303283815e-01,1.970000000000000000e+02
1.008653791048197690e-01,1.970000000000000000e+02
1.009226889793111426e-01,1.980000000000000000e+02
1.009799988538025162e-01,1.980000000000000000e+02
1.010373087282938898e-01,1.980000000000000000e+02
1.010946186027852634e-01,1.980000000000000000e+02
1.011519284772766369e-01,1.980000000000000000e+02
1.012092383517680105e-01,1.980000000000000000e+02
1.012665482262593841e-01,1.980000000000000000e+02
1.013238581007507577e-01,1.990000000000000000e+02
1.013811679752421313e-01,1.990000000000000000e+02
1.014384778497335049e-01,1.990000000000000000e+02
1.014957877242248924e-01,1.990000000000000000e+02
1.015530975987162660e-01,1.990000000000000000e+02
1.016104074732076396e-01,1.990000000000000000e+02
1.016677173476990131e-01,2.000000000000000000e+02
1.017250272221903867e-01,2.000000000000000000e+02
1.017823370966817603e-01,2.000000000000000000e+02
1.018396469711731339e-01,2.000000000000000000e+02
1.018969568456645075e-01,2.000000000000000000e+02
1.019542667201558811e-01,2.000000000000000000e+02
1.020115765946472547e-01,2.000000000000000000e+02
1.020688864691386283e-01,2.000000000000000000e+02
1.021261963436300158e-01,2.010000000000000000e+02
1.021835062181213893e-01,2.020000000000000000e+02
1.022408160926127629e-01,2.020000000000000000e+02
1.022981259671041365e-01,2.030000000000000000e+02
1.023554358415955101e-01,2.030000000000000000e+02
1.024127457160868837e-01,2.030000000000000000e+02
1.024700555905782573e-01,2.030000000000000000e+02
1.025273654650696309e-01,2.030000000000000000e+02
1.025846753395610045e-01,2.030000000000000000e+02
1.026419852140523781e-01,2.030000000000000000e+02
1.026992950885437517e-01,2.030000000000000000e+02
1.027566049630351391e-01,2.040000000000000000e+02
1.028139148375265127e-01,2.040000000000000000e+02
1.028712247120178863e-01,2.040000000000000000e+02
1.029285345865092599e-01,2.040000000000000000e+02
1.029858444610006335e-01,2.040000000000000000e+02
1.030431543354920071e-01,2.040000000000000000e+02
1.031004642099833807e-01,2.040000000000000000e+02
1.031577740844747543e-01,2.050000000000000000e+02
1.032150839589661279e-01,2.050000000000000000e+02
1.032723938334575015e-01,2.050000000000000000e+02
1.033297037079488889e-01,2.050000000000000000e+02
1.033870135824402625e-01,2.050000000000000000e+02
1.034443234569316361e-01,2.050000000000000000e+02
1.035016333314230097e-01,2.060000000000000000e+02
1.035589432059143833e-01,2.060000000000000000e+02
1.036162530804057569e-01,2.060000000000000000e+02
1.036735629548971305e-01,2.060000000000000000e+02
1.037308728293885041e-01,2.060000000000000000e+02
1.037881827038798777e-01,2.060000000000000000e+02
1.038454925783712512e-01,2.070000000000000000e+02
1.039028024528626248e-01,2.070000000000000000e+02
1.039601123273540123e-01,2.070000000000000000e+02
1.040174222018453859e-01,2.070000000000000000e+02
1.040747320763367595e-01,2.070000000000000000e+02
1.041320419508281331e-01,2.070000000000000000e+02
1.041893518253195067e-01,2.070000000000000000e+02
1.042466616998108803e-01,2.080000000000000000e+02
1.043039715743022539e-01,2.080000000000000000e+02
1.043612814487936274e-01,2.080000000000000000e+02
1.044185913232850010e-01,2.080000000000000000e+02
1.044759011977763746e-01,2.080000000000000000e+02
1.045332110722677482e-01,2.090000000000000000e+02
1.045905209467591357e-01,2.090000000000000000e+02
1.046478308212505093e-01,2.090000000000000000e+02
1.047051406957418829e-01,2.090000000000000000e+02
1.047624505702332565e-01,2.090000000000000000e+02
1.048197604447246301e-01,2.090000000000000000e+02
1.048770703192160036e-01,2.090000000000000000e+02
1.049343801937073772e-01,2.100000000000000000e+02
1.049916900681987508e-01,2.100000000000000000e+02
1.050489999426901244e-01,2.100000000000000000e+02
1.051063098171814980e-01,2.100000000000000000e+02
1.051636196916728716e-01,2.110000000000000000e+02
1.052209295661642591e-01,2.110000000000000000e+02
1.052782394406556327e-01,2.110000000000000000e+02
1.053355493151470063e-01,2.110000000000000000e+02
1.053928591896383798e-01,2.120000000000000000e+02
1.054501690641297534e-01,2.120000000000000000e+02
1.055074789386211270e-01,2.120000000000000000e+02
1.055647888131125006e-01,2.120000000000000000e+02
1.056220986876038742e-01,2.120000000000000000e+02
1.056794085620952478e-01,2.120000000000000000e+02
1.057367184365866214e-01,2.120000000000000000e+02
1.057940283110779950e-01,2.120000000000000000e+02
1.058513381855693825e-01,2.130000000000000000e+02
1.059086480600607560e-01,2.130000000000000000e+02
1.059659579345521296e-01,2.130000000000000000e+02
1.060232678090435032e-01,2.130000000000000000e+02
1.060805776835348768e-01,2.130000000000000000e+02
1.061378875580262504e-01,2.130000000000000000e+02
1.061951974325176240e-01,2.130000000000000000e+02
1.062525073070089976e-01,2.140000000000000000e+02
1.063098171815003712e-01,2.140000000000000000e+02
1.063671270559917448e-01,2.140000000000000000e+02
1.064244369304831184e-01,2.140000000000000000e+02
1.064817468049745058e-01,2.140000000000000000e+02
1.065390566794658794e-01,2.140000000000000000e+02
1.065963665539572530e-01,2.140000000000000000e+02
1.066536764284486266e-01,2.150000000000000000e+02
1.067109863029400002e-01,2.150000000000000000e+02
1.067682961774313738e-01,2.150000000000000000e+02
1.068256060519227474e-01,2.150000000000000000e+02
1.068829159264141210e-01,2.150000000000000000e+02
1.069402258009054946e-01,2.150000000000000000e+02
1.069975356753968682e-01,2.160000000000000000e+02
1.070548455498882418e-01,2.160000000000000000e+02
1.071121554243796292e-01,2.160000000000000000e+02
1.071694652988710028e-01,2.160000000000000000e+02
1.072267751733623764e-01,2.160000000000000000e+02
1.072840850478537500e-01,2.170000000000000000e+02
1.073413949223451236e-01,2.170000000000000000e+02
1.073987047968364972e-01,2.170000000000000000e+02
1.074560146713278708e-01,2.170000000000000000e+02
1.075133245458192444e-01,2.180000000000000000e+02
1.075706344203106180e-01,2.180000000000000000e+02
1.076279442948019915e-01,2.180000000000000000e+02
1.076852541692933651e-01,2.180000000000000000e+02
1.077425640437847526e-01,2.180000000000000000e+02
1.077998739182761262e-01,2.180000000000000000e+02
1.078571837927674998e-01,2.180000000000000000e+02
1.079144936672588734e-01,2.180000000000000000e+02
1.079718035417502470e-01,2.180000000000000000e+02
1.080291134162416206e-01,2.180000000000000000e+02
1.080864232907329942e-01,2.180000000000000000e+02
1.081437331652243677e-01,2.190000000000000000e+02
1.082010430397157413e-01,2.190000000000000000e+02
1.082583529142071149e-01,2.190000000000000000e+02
1.083156627886984885e-01,2.190000000000000000e+02
1.083729726631898760e-01,2.190000000000000000e+02
1.084302825376812496e-01,2.190000000000000000e+02
1.084875924121726232e-01,2.190000000000000000e+02
1.085449022866639968e-01,2.190000000000000000e+02
1.086022121611553704e-01,2.190000000000000000e+02
1.086595220356467439e-01,2.200000000000000000e+02
1.087168319101381175e-01,2.200000000000000000e+02
1.087741417846294911e-01,2.200000000000000000e+02
1.088314516591208647e-01,2.210000000000000000e+02
1.088887615336122383e-01,2.210000000000000000e+02
1.089460714081036258e-01,2.210000000000000000e+02
1.090033812825949994e-01,2.210000000000000000e+02
1.090606911570863730e-01,2.210000000000000000e+02
1.091180010315777466e-01,2.210000000000000000e+02
1.091753109060691201e-01,2.210000000000000000e+02
1.092326207805604937e-01,2.210000000000000000e+02
1.092899306550518673e-01,2.210000000000000000e+02
1.093472405295432409e-01,2.220000000000000000e+02
1.094045504040346145e-01,2.220000000000000000e+02
1.094618602785259881e-01,2.220000000000000000e+02
1.095191701530173617e-01,2.220000000000000000e+02
1.095764800275087492e-01,2.220000000000000000e+02
1.096337899020001228e-01,2.220000000000000000e+02
1.096910997764914963e-01,2.220000000000000000e+02
1.097484096509828699e-01,2.220000000000000000e+02
1.098057195254742435e-01,2.220000000000000000e+02
1.098630293999656171e-01,2.220000000000000000e+02
1.099203392744569907e-01,2.230000000000000000e+02
1.099776491489483643e-01,2.230000000000000000e+02
1.100349590234397379e-01,2.230000000000000000e+02
1.100922688979311115e-01,2.230000000000000000e+02
1.101495787724224851e-01,2.230000000000000000e+02
1.102068886469138725e-01,2.230000000000000000e+02
1.102641985214052461e-01,2.230000000000000000e+02
1.103215083958966197e-01,2.230000000000000000e+02
1.103788182703879933e-01,2.230000000000000000e+02
1.104361281448793669e-01,2.240000000000000000e+02
1.104934380193707405e-01,2.240000000000000000e+02
1.105507478938621141e-01,2.240000000000000000e+02
1.106080577683534877e-01,2.240000000000000000e+02
1.106653676428448613e-01,2.240000000000000000e+02
1.107226775173362349e-01,2.240000000000000000e+02
1.107799873918276085e-01,2.240000000000000000e+02
1.108372972663189959e-01,2.240000000000000000e+02
1.108946071408103695e-01,2.250000000000000000e+02
1.109519170153017431e-01,2.250000000000000000e+02
1.110092268897931167e-01,2.250000000000000000e+02
1.110665367642844903e-01,2.250000000000000000e+02
1.111238466387758639e-01,2.250000000000000000e+02
1.111811565132672375e-01,2.250000000000000000e+02
1.112384663877586111e-01,2.250000000000000000e+02
1.112957762622499847e-01,2.260000000000000000e+02
1.113530861367413582e-01,2.260000000000000000e+02
1.114103960112327318e-01,2.260000000000000000e+02
1.114677058857241193e-01,2.260000000000000000e+02
1.115250157602154929e-01,2.260000000000000000e+02
1.115823256347068665e-01,2.260000000000000000e+02
1.116396355091982401e-01,2.260000000000000000e+02
1.116969453836896137e-01,2.260000000000000000e+02
1.117542552581809873e-01,2.270000000000000000e+02
1.118115651326723609e-01,2.270000000000000000e+02
1.118688750071637344e-01,2.280000000000000000e+02
1.119261848816551080e-01,2.280000000000000000e+02
1.119834947561464816e-01,2.280000000000000000e+02
1.120408046306378552e-01,2.280000000000000000e+02
1.120981145051292427e-01,2.280000000000000000e+02
1.121554243796206163e-01,2.280000000000000000e+02
1.122127342541119899e-01,2.280000000000000000e+02
1.122700441286033635e-01,2.280000000000000000e+02
1.123273540030947371e-01,2.280000000000000000e+02
1.123846638775861106e-01,2.280000000000000000e+02
1.124419737520774842e-01,2.280000000000000000e+02
1.124992836265688578e-01,2.280000000000000000e+02
1.125565935010602314e-01,2.280000000000000000e+02
1.126139033755516050e-01,2.290000000000000000e+02
1.126712132500429786e-01,2.290000000000000000e+02
1.127285231245343661e-01,2.290000000000000000e+02
1.127858329990257397e-01,2.290000000000000000e+02
1.128431428735171133e-01,2.290000000000000000e+02
1.129004527480084868e-01,2.290000000000000000e+02
1.129577626224998604e-01,2.290000000000000000e+02
1.130150724969912340e-01,2.290000000000000000e+02
1.130723823714826076e-01,2.290000000000000000e+02
1.131296922459739812e-01,2.290000000000000000e+02
1.131870021204653548e-01,2.290000000000000000e+02
1.132443119949567284e-01,2.290000000000000000e+02
1.133016218694481020e-01,2.300000000000000000e+02
1.133589317439394895e-01,2.300000000000000000e+02
1.134162416184308630e-01,2.300000000000000000e+02
1.134735514929222366e-01,2.300000000000000000e+02
1.135308613674136102e-01,2.300000000000000000e+02
1.135881712419049838e-01,2.300000000000000000e+02
1.136454811163963574e-01,2.300000000000000000e+02
1.137027909908877310e-01,2.310000000000000000e+02
1.137601008653791046e-01,2.310000000000000000e+02
1.138174107398704782e-01,2.310000000000000000e+02
1.138747206143618518e-01,2.310000000000000000e+02
1.139320304888532254e-01,2.310000000000000000e+02
1.139893403633446128e-01,2.320000000000000000e+02
1.140466502378359864e-01,2.320000000000000000e+02
1.141039601123273600e-01,2.320000000000000000e+02
1.141612699868187336e-01,2.320000000000000000e+02
1.142185798613101072e-01,2.320000000000000000e+02
1.142758897358014808e-01,2.320000000000000000e+02
1.143331996102928544e-01,2.320000000000000000e+02
1.143905094847842280e-01,2.330000000000000000e+02
1.144478193592756016e-01,2.330000000000000000e+02
1.145051292337669752e-01,2.330000000000000000e+02
1.145624391082583626e-01,2.330000000000000000e+02
1.146197489827497362e-01,2.330000000000000000e+02
1.146770588572411098e-01,2.330000000000000000e+02
1.147343687317324834e-01,2.330000000000000000e+02
1.147916786062238570e-01,2.340000000000000000e+02
1.148489884807152306e-01,2.340000000000000000e+02
1.149062983552066042e-01,2.340000000000000000e+02
1.149636082296979778e-01,2.350000000000000000e+02
1.150209181041893514e-01,2.350000000000000000e+02
1.150782279786807250e-01,2.350000000000000000e+02
1.151355378531720985e-01,2.350000000000000000e+02
1.151928477276634860e-01,2.350000000000000000e+02
1.152501576021548596e-01,2.350000000000000000e+02
1.153074674766462332e-01,2.350000000000000000e+02
1.153647773511376068e-01,2.350000000000000000e+02
1.154220872256289804e-01,2.360000000000000000e+02
1.154793971001203540e-01,2.360000000000000000e+02
1.155367069746117276e-01,2.360000000000000000e+02
1.155940168491031012e-01,2.360000000000000000e+02
1.156513267235944747e-01,2.360000000000000000e+02
1.157086365980858483e-01,2.360000000000000000e+02
1.157659464725772219e-01,2.360000000000000000e+02
1.158232563470686094e-01,2.370000000000000000e+02
1.158805662215599830e-01,2.370000000000000000e+02
1.159378760960513566e-01,2.370000000000000000e+02
1.159951859705427302e-01,2.370000000000000000e+02
1.160524958450341038e-01,2.370000000000000000e+02
1.161098057195254774e-01,2.370000000000000000e+02
1.161671155940168509e-01,2.370000000000000000e+02
1.162244254685082245e-01,2.380000000000000000e+02
1.162817353429995981e-01,2.380000000000000000e+02
1.163390452174909717e-01,2.380000000000000000e+02
1.163963550919823453e-01,2.380000000000000000e+02
1.164536649664737328e-01,2.380000000000000000e+02
1.165109748409651064e-01,2.380000000000000000e+02
1.165682847154564800e-01,2.380000000000000000e+02
1.166255945899478536e-01,2.390000000000000000e+02
1.166829044644392271e-01,2.390000000000000000e+02
1.167402143389306007e-01,2.390000000000000000e+02
1.167975242134219743e-01,2.390000000000000000e+02
1.168548340879133479e-01,2.400000000000000000e+02
1.169121439624047215e-01,2.400000000000000000e+02
1.169694538368960951e-01,2.400000000000000000e+02
1.170267637113874687e-01,2.400000000000000000e+02
1.170840735858788562e-01,2.400000000000000000e+02
1.171413834603702298e-01,2.410000000000000000e+02
1.171986933348616033e-01,2.410000000000000000e+02
1.172560032093529769e-01,2.410000000000000000e+02
1.173133130838443505e-01,2.410000000000000000e+02
1.173706229583357241e-01,2.410000000000000000e+02
1.174279328328270977e-01,2.410000000000000000e+02
1.174852427073184713e-01,2.410000000000000000e+02
1.175425525818098449e-01,2.410000000000000000e+02
1.175998624563012185e-01,2.410000000000000000e+02
1.176571723307925921e-01,2.420000000000000000e+02
1.177144822052839795e-01,2.420000000000000000e+02
1.177717920797753531e-01,2.420000000000000000e+02
1.178291019542667267e-01,2.420000000000000000e+02
1.178864118287581003e-01,2.420000000000000000e+02
1.179437217032494739e-01,2.420000000000000000e+02
1.180010315777408475e-01,2.420000000000000000e+02
1.180583414522322211e-01,2.420000000000000000e+02
1.181156513267235947e-01,2.430000000000000000e+02
1.181729612012149683e-01,2.430000000000000000e+02
1.182302710757063419e-01,2.430000000000000000e+02
1.182875809501977155e-01,2.430000000000000000e+02
1.183448908246891029e-01,2.430000000000000000e+02
1.184022006991804765e-01,2.430000000000000000e+02
1.184595105736718501e-01,2.440000000000000000e+02
1.185168204481632237e-01,2.440000000000000000e+02
1.185741303226545973e-01,2.440000000000000000e+02
1.186314401971459709e-01,2.440000000000000000e+02
1.186887500716373445e-01,2.440000000000000000e+02
1.187460599461287181e-01,2.440000000000000000e+02
1.188033698206200917e-01,2.450000000000000000e+02
1.188606796951114652e-01,2.450000000000000000e+02
1.189179895696028388e-01,2.450000000000000000e+02
1.189752994440942263e-01,2.450000000000000000e+02
1.190326093185855999e-01,2.450000000000000000e+02
1.190899191930769735e-01,2.450000000000000000e+02
1.191472290675683471e-01,2.450000000000000000e+02
1.192045389420597207e-01,2.450000000000000000e+02
1.192618488165510943e-01,2.450000000000000000e+02
1.193191586910424679e-01,2.450000000000000000e+02
1.193764685655338414e-01,2.450000000000000000e+02
1.194337784400252150e-01,2.460000000000000000e+02
1.194910883145165886e-01,2.460000000000000000e+02
1.195483981890079622e-01,2.460000000000000000e+02
1.196057080634993497e-01,2.460000000000000000e+02
1.196630179379907233e-01,2.470000000000000000e+02
1.197203278124820969e-01,2.470000000000000000e+02
1.197776376869734705e-01,2.470000000000000000e+02
1.198349475614648441e-01,2.470000000000000000e+02
1.198922574359562176e-01,2.480000000000000000e+02
1.199495673104475912e-01,2.480000000000000000e+02
1.200068771849389648e-01,2.480000000000000000e+02
1.200641870594303384e-01,2.490000000000000000e+02
1.201214969339217120e-01,2.490000000000000000e+02
1.201788068084130856e-01,2.490000000000000000e+02
1.202361166829044731e-01,2.490000000000000000e+02
1.202934265573958467e-01,2.490000000000000000e+02
1.203507364318872203e-01,2.490000000000000000e+02
1.204080463063785938e-01,2.500000000000000000e+02
1.204653561808699674e-01,2.500000000000000000e+02
1.205226660553613410e-01,2.500000000000000000e+02
1.205799759298527146e-01,2.500000000000000000e+02
1.206372858043440882e-01,2.500000000000000000e+02
1.206945956788354618e-01,2.510000000000000000e+02
1.207519055533268354e-01,2.510000000000000000e+02
1.208092154278182229e-01,2.510000000000000000e+02
1.208665253023095965e-01,2.510000000000000000e+02
1.209238351768009700e-01,2.510000000000000000e+02
1.209811450512923436e-01,2.520000000000000000e+02
1.210384549257837172e-01,2.520000000000000000e+02
1.210957648002750908e-01,2.520000000000000000e+02
1.211530746747664644e-01,2.520000000000000000e+02
1.212103845492578380e-01,2.530000000000000000e+02
1.212676944237492116e-01,2.530000000000000000e+02
1.213250042982405852e-01,2.530000000000000000e+02
1.213823141727319588e-01,2.530000000000000000e+02
1.214396240472233462e-01,2.530000000000000000e+02
1.214969339217147198e-01,2.530000000000000000e+02
1.215542437962060934e-01,2.530000000000000000e+02
1.216115536706974670e-01,2.540000000000000000e+02
1.216688635451888406e-01,2.540000000000000000e+02
1.217261734196802142e-01,2.540000000000000000e+02
1.217834832941715878e-01,2.540000000000000000e+02
1.218407931686629614e-01,2.550000000000000000e+02
1.218981030431543350e-01,2.550000000000000000e+02
1.219554129176457086e-01,2.550000000000000000e+02
1.220127227921370822e-01,2.550000000000000000e+02
1.220700326666284696e-01,2.550000000000000000e+02
1.221273425411198432e-01,2.560000000000000000e+02
1.221846524156112168e-01,2.560000000000000000e+02
1.222419622901025904e-01,2.560000000000000000e+02
1.222992721645939640e-01,2.560000000000000000e+02
1.223565820390853376e-01,2.560000000000000000e+02
1.224138919135767112e-01,2.560000000000000000e+02
1.224712017880680848e-01,2.560000000000000000e+02
1.225285116625594584e-01,2.570000000000000000e+02
1.225858215370508320e-01,2.570000000000000000e+02
1.226431314115422055e-01,2.570000000000000000e+02
1.227004412860335930e-01,2.570000000000000000e+02
1.227577511605249666e-01,2.570000000000000000e+02
1.228150610350163402e-01,2.570000000000000000e+02
1.228723709095077138e-01,2.570000000000000000e+02
1.229296807839990874e-01,2.570000000000000000e+02
1.229869906584904610e-01,2.570000000000000000e+02
1.230443005329818346e-01,2.570000000000000000e+02
1.231016104074732082e-01,2.580000000000000000e+02
1.231589202819645817e-01,2.580000000000000000e+02
1.232162301564559553e-01,2.580000000000000000e+02
1.232735400309473289e-01,2.580000000000000000e+02
1.233308499054387164e-01,2.580000000000000000e+02
1.233881597799300900e-01,2.580000000000000000e+02
1.234454696544214636e-01,2.590000000000000000e+02
1.235027795289128372e-01,2.590000000000000000e+02
1.235600894034042108e-01,2.590000000000000000e+02
1.236173992778955844e-01,2.590000000000000000e+02
1.236747091523869579e-01,2.590000000000000000e+02
1.237320190268783315e-01,2.600000000000000000e+02
1.237893289013697051e-01,2.600000000000000000e+02
1.238466387758610787e-01,2.600000000000000000e+02
1.239039486503524523e-01,2.600000000000000000e+02
1.239612585248438398e-01,2.600000000000000000e+02
1.240185683993352134e-01,2.610000000000000000e+02
1.240758782738265870e-01,2.610000000000000000e+02
1.241331881483179606e-01,2.610000000000000000e+02
1.241904980228093341e-01,2.610000000000000000e+02
1.242478078973007077e-01,2.620000000000000000e+02
1.243051177717920813e-01,2.620000000000000000e+02
1.243624276462834549e-01,2.620000000000000000e+02
1.244197375207748285e-01,2.620000000000000000e+02
1.244770473952662021e-01,2.620000000000000000e+02
1.245343572697575757e-01,2.620000000000000000e+02
1.245916671442489632e-01,2.620000000000000000e+02
1.246489770187403368e-01,2.620000000000000000e+02
1.247062868932317103e-01,2.630000000000000000e+02
1.247635967677230839e-01,2.630000000000000000e+02
1.248209066422144575e-01,2.630000000000000000e+02
1.248782165167058311e-01,2.630000000000000000e+02
1.249355263911972047e-01,2.630000000000000000e+02
1.249928362656885783e-01,2.630000000000000000e+02
1.250501461401799519e-01,2.630000000000000000e+02
1.251074560146713255e-01,2.630000000000000000e+02
1.251647658891626991e-01,2.630000000000000000e+02
1.252220757636540727e-01,2.630000000000000000e+02
1.252793856381454463e-01,2.640000000000000000e+02
1.253366955126368198e-01,2.640000000000000000e+02
1.253940053871281934e-01,2.640000000000000000e+02
1.254513152616195670e-01,2.640000000000000000e+02
1.255086251361109684e-01,2.640000000000000000e+02
1.255659350106023420e-01,2.640000000000000000e+02
1.256232448850937156e-01,2.650000000000000000e+02
1.256805547595850892e-01,2.650000000000000000e+02
1.257378646340764627e-01,2.650000000000000000e+02
1.257951745085678363e-01,2.650000000000000000e+02
1.258524843830592099e-01,2.660000000000000000e+02
1.259097942575505835e-01,2.660000000000000000e+02
1.259671041320419571e-01,2.660000000000000000e+02
1.260244140065333307e-01,2.660000000000000000e+02
1.260817238810247043e-01,2.660000000000000000e+02
1.261390337555160779e-01,2.670000000000000000e+02
1.261963436300074515e-01,2.670000000000000000e+02
1.262536535044988251e-01,2.670000000000000000e+02
1.263109633789901987e-01,2.670000000000000000e+02
1.263682732534815722e-01,2.670000000000000000e+02
1.264255831279729458e-01,2.670000000000000000e+02
1.264828930024643194e-01,2.680000000000000000e+02
1.265402028769556930e-01,2.680000000000000000e+02
1.265975127514470666e-01,2.690000000000000000e+02
1.266548226259384402e-01,2.690000000000000000e+02
1.267121325004298138e-01,2.690000000000000000e+02
1.267694423749212151e-01,2.700000000000000000e+02
1.268267522494125887e-01,2.700000000000000000e+02
1.268840621239039623e-01,2.700000000000000000e+02
1.269413719983953359e-01,2.700000000000000000e+02
1.269986818728867095e-01,2.700000000000000000e+02
1.270559917473780831e-01,2.700000000000000000e+02
1.271133016218694567e-01,2.700000000000000000e+02
1.271706114963608303e-01,2.700000000000000000e+02
1.272279213708522039e-01,2.700000000000000000e+02
1.272852312453435775e-01,2.700000000000000000e+02
1.273425411198349511e-01,2.710000000000000000e+02
1.273998509943263246e-01,2.710000000000000000e+02
1.274571608688176982e-01,2.720000000000000000e+02
1.275144707433090718e-01,2.720000000000000000e+02
1.275717806178004454e-01,2.720000000000000000e+02
1.276290904922918190e-01,2.720000000000000000e+02
1.276864003667831926e-01,2.720000000000000000e+02
1.277437102412745662e-01,2.720000000000000000e+02
1.278010201157659398e-01,2.720000000000000000e+02
1.278583299902573134e-01,2.720000000000000000e+02
1.279156398647486870e-01,2.730000000000000000e+02
1.279729497392400606e-01,2.730000000000000000e+02
1.280302596137314619e-01,2.730000000000000000e+02
1.280875694882228355e-01,2.730000000000000000e+02
1.281448793627142091e-01,2.730000000000000000e+02
1.282021892372055827e-01,2.740000000000000000e+02
1.282594991116969563e-01,2.740000000000000000e+02
1.283168089861883299e-01,2.740000000000000000e+02
1.283741188606797035e-01,2.740000000000000000e+02
1.284314287351710770e-01,2.740000000000000000e+02
1.284887386096624506e-01,2.740000000000000000e+02
1.285460484841538242e-01,2.740000000000000000e+02
1.286033583586451978e-01,2.750000000000000000e+02
1.286606682331365714e-01,2.750000000000000000e+02
1.287179781076279450e-01,2.750000000000000000e+02
1.287752879821193186e-01,2.750000000000000000e+02
1.288325978566106922e-01,2.760000000000000000e+02
1.288899077311020658e-01,2.760000000000000000e+02
1.289472176055934394e-01,2.760000000000000000e+02
1.290045274800848130e-01,2.760000000000000000e+02
1.290618373545761866e-01,2.760000000000000000e+02
1.291191472290675601e-01,2.760000000000000000e+02
1.291764571035589337e-01,2.760000000000000000e+02
1.292337669780503351e-01,2.760000000000000000e+02
1.292910768525417087e-01,2.770000000000000000e+02
1.293483867270330823e-01,2.770000000000000000e+02
1.294056966015244559e-01,2.770000000000000000e+02
1.294630064760158294e-01,2.770000000000000000e+02
1.295203163505072030e-01,2.770000000000000000e+02
1.295776262249985766e-01,2.770000000000000000e+02
1.296349360994899502e-01,2.770000000000000000e+02
1.296922459739813238e-01,2.770000000000000000e+02
1.297495558484726974e-01,2.770000000000000000e+02
1.298068657229640710e-01,2.770000000000000000e+02
1.298641755974554446e-01,2.770000000000000000e+02
1.299214854719468182e-01,2.780000000000000000e+02
1.299787953464381918e-01,2.780000000000000000e+02
1.300361052209295654e-01,2.780000000000000000e+02
1.300934150954209390e-01,2.780000000000000000e+02
1.301507249699123125e-01,2.790000000000000000e+02
1.302080348444036861e-01,2.790000000000000000e+02
1.302653447188950597e-01,2.790000000000000000e+02
1.303226545933864333e-01,2.790000000000000000e+02
1.303799644678778069e-01,2.790000000000000000e+02
1.304372743423691805e-01,2.790000000000000000e+02
1.304945842168605818e-01,2.800000000000000000e+02
1.305518940913519554e-01,2.800000000000000000e+02
1.306092039658433290e-01,2.800000000000000000e+02
1.306665138403347026e-01,2.800000000000000000e+02
1.307238237148260762e-01,2.810000000000000000e+02
1.307811335893174498e-01,2.810000000000000000e+02
1.308384434638088234e-01,2.810000000000000000e+02
1.308957533383001970e-01,2.810000000000000000e+02
1.309530632127915706e-01,2.810000000000000000e+02
1.310103730872829442e-01,2.810000000000000000e+02
1.310676829617743178e-01,2.820000000000000000e+02
1.311249928362656914e-01,2.820000000000000000e+02
1.311823027107570649e-01,2.820000000000000000e+02
1.312396125852484385e-01,2.820000000000000000e+02
1.312969224597398121e-01,2.820000000000000000e+02
1.313542323342311857e-01,2.830000000000000000e+02
1.314115422087225593e-01,2.830000000000000000e+02
1.314688520832139329e-01,2.830000000000000000e+02
1.315261619577053065e-01,2.830000000000000000e+02
1.315834718321966801e-01,2.830000000000000000e+02
1.316407817066880537e-01,2.830000000000000000e+02
1.316980915811794273e-01,2.840000000000000000e+02
1.317554014556708286e-01,2.840000000000000000e+02
1.318127113301622022e-01,2.840000000000000000e+02
1.318700212046535758e-01,2.840000000000000000e+02
1.319273310791449494e-01,2.840000000000000000e+02
1.319846409536363230e-01,2.850000000000000000e+02
1.320419508281276966e-01,2.850000000000000000e+02
1.320992607026190702e-01,2.850000000000000000e+02
1.321565705771104438e-01,2.850000000000000000e+02
1.322138804516018173e-01,2.850000000000000000e+02
1.322711903260931909e-01,2.850000000000000000e+02
1.323285002005845645e-01,2.850000000000000000e+02
1.323858100750759381e-01,2.850000000000000000e+02
1.324431199495673117e-01,2.850000000000000000e+02
1.325004298240586853e-01,2.860000000000000000e+02
1.325577396985500589e-01,2.860000000000000000e+02
1.326150495730414325e-01,2.860000000000000000e+02
1.326723594475328061e-01,2.860000000000000000e+02
1.327296693220241797e-01,2.860000000000000000e+02
1.327869791965155533e-01,2.860000000000000000e+02
1.328442890710069269e-01,2.870000000000000000e+02
1.329015989454983004e-01,2.870000000000000000e+02
1.329589088199896740e-01,2.870000000000000000e+02
1.330162186944810754e-01,2.870000000000000000e+02
1.330735285689724490e-01,2.870000000000000000e+02
1.331308384434638226e-01,2.880000000000000000e+02
1.331881483179551962e-01,2.880000000000000000e+02
1.332454581924465697e-01,2.880000000000000000e+02
1.333027680669379433e-01,2.880000000000000000e+02
1.333600779414293169e-01,2.880000000000000000e+02
1.334173878159206905e-01,2.880000000000000000e+02
1.334746976904120641e-01,2.880000000000000000e+02
1.335320075649034377e-01,2.880000000000000000e+02
1.335893174393948113e-01,2.880000000000000000e+02
1.336466273138861849e-01,2.880000000000000000e+02
1.337039371883775585e-01,2.880000000000000000e+02
1.337612470628689321e-01,2.880000000000000000e+02
1.338185569373603057e-01,2.890000000000000000e+02
1.338758668118516793e-01,2.890000000000000000e+02
1.339331766863430528e-01,2.890000000000000000e+02
1.339904865608344264e-01,2.890000000000000000e+02
1.340477964353258000e-01,2.890000000000000000e+02
1.341051063098171736e-01,2.890000000000000000e+02
1.341624161843085472e-01,2.890000000000000000e+02
1.342197260587999208e-01,2.900000000000000000e+02
1.342770359332913221e-01,2.900000000000000000e+02
1.343343458077826957e-01,2.900000000000000000e+02
1.343916556822740693e-01,2.900000000000000000e+02
1.344489655567654429e-01,2.900000000000000000e+02
1.345062754312568165e-01,2.910000000000000000e+02
1.345635853057481901e-01,2.910000000000000000e+02
1.346208951802395637e-01,2.910000000000000000e+02
1.346782050547309373e-01,2.920000000000000000e+02
1.347355149292223109e-01,2.920000000000000000e+02
1.347928248037136845e-01,2.920000000000000000e+02
1.348501346782050581e-01,2.920000000000000000e+02
1.349074445526964316e-01,2.920000000000000000e+02
1.349647544271878052e-01,2.920000000000000000e+02
1.350220643016791788e-01,2.920000000000000000e+02
1.350793741761705524e-01,2.930000000000000000e+02
1.351366840506619260e-01,2.930000000000000000e+02
1.351939939251532996e-01,2.930000000000000000e+02
1.352513037996446732e-01,2.930000000000000000e+02
1.353086136741360468e-01,2.930000000000000000e+02
1.353659235486274204e-01,2.930000000000000000e+02
1.354232334231187940e-01,2.940000000000000000e+02
1.354805432976101953e-01,2.940000000000000000e+02
1.355378531721015689e-01,2.940000000000000000e+02
1.355951630465929425e-01,2.940000000000000000e+02
1.356524729210843161e-01,2.940000000000000000e+02
1.357097827955756897e-01,2.940000000000000000e+02
1.357670926700670633e-01,2.940000000000000000e+02
1.358244025445584369e-01,2.940000000000000000e+02
1.358817124190498105e-01,2.940000000000000000e+02
1.359390222935411840e-01,2.950000000000000000e+02
1.359963321680325576e-01,2.950000000000000000e+02
1.360536420425239312e-01,2.950000000000000000e+02
1.361109519170153048e-01,2.950000000000000000e+02
1.361682617915066784e-01,2.950000000000000000e+02
1.362255716659980520e-01,2.950000000000000000e+02
1.362828815404894256e-01,2.950000000000000000e+02
1.363401914149807992e-01,2.950000000000000000e+02
1.363975012894721728e-01,2.960000000000000000e+02
1.364548111639635464e-01,2.960000000000000000e+02
1.365121210384549200e-01,2.960000000000000000e+02
1.365694309129462936e-01,2.960000000000000000e+02
1.366267407874376671e-01,2.960000000000000000e+02
1.366840506619290407e-01,2.970000000000000000e+02
1.367413605364204421e-01,2.970000000000000000e+02
1.367986704109118157e-01,2.970000000000000000e+02
1.368559802854031893e-01,2.970000000000000000e+02
1.369132901598945629e-01,2.970000000000000000e+02
1.369706000343859364e-01,2.970000000000000000e+02
1.370279099088773100e-01,2.970000000000000000e+02
1.370852197833686836e-01,2.970000000000000000e+02
1.371425296578600572e-01,2.970000000000000000e+02
1.371998395323514308e-01,2.970000000000000000e+02
1.372571494068428044e-01,2.970000000000000000e+02
1.373144592813341780e-01,2.980000000000000000e+02
1.373717691558255516e-01,2.980000000000000000e+02
1.374290790303169252e-01,2.980000000000000000e+02
1.374863889048082988e-01,2.990000000000000000e+02
1.375436987792996724e-01,2.990000000000000000e+02
1.376010086537910460e-01,2.990000000000000000e+02
1.376583185282824195e-01,2.990000000000000000e+02
1.377156284027737931e-01,2.990000000000000000e+02
1.377729382772651667e-01,3.000000000000000000e+02
1.378302481517565403e-01,3.000000000000000000e+02
1.378875580262479139e-01,3.000000000000000000e+02
1.379448679007392875e-01,3.000000000000000000e+02
1.380021777752306888e-01,3.000000000000000000e+02
1.380594876497220624e-01,3.000000000000000000e+02
1.381167975242134360e-01,3.000000000000000000e+02
1.381741073987048096e-01,3.010000000000000000e+02
1.382314172731961832e-01,3.010000000000000000e+02
1.382887271476875568e-01,3.010000000000000000e+02
1.383460370221789304e-01,3.010000000000000000e+02
1.384033468966703040e-01,3.010000000000000000e+02
1.384606567711616776e-01,3.010000000000000000e+02
1.385179666456530512e-01,3.010000000000000000e+02
1.385752765201444248e-01,3.010000000000000000e+02
1.386325863946357984e-01,3.010000000000000000e+02
1.386898962691271719e-01,3.010000000000000000e+02
1.387472061436185455e-01,3.020000000000000000e+02
1.388045160181099191e-01,3.020000000000000000e+02
1.388618258926012927e-01,3.020000000000000000e+02
1.389191357670926663e-01,3.020000000000000000e+02
1.389764456415840399e-01,3.020000000000000000e+02
1.390337555160754135e-01,3.020000000000000000e+02
1.390910653905667871e-01,3.020000000000000000e+02
1.391483752650581607e-01,3.020000000000000000e+02
1.392056851395495343e-01,3.020000000000000000e+02
1.392629950140409356e-01,3.020000000000000000e+02
1.393203048885323092e-01,3.030000000000000000e+02
1.393776147630236828e-01,3.030000000000000000e+02
1.394349246375150564e-01,3.030000000000000000e+02
1.394922345120064300e-01,3.030000000000000000e+02
1.395495443864978036e-01,3.030000000000000000e+02
1.396068542609891772e-01,3.040000000000000000e+02
1.396641641354805508e-01,3.040000000000000000e+02
1.397214740099719243e-01,3.040000000000000000e+02
1.397787838844632979e-01,3.040000000000000000e+02
1.398360937589546715e-01,3.050000000000000000e+02
1.398934036334460451e-01,3.050000000000000000e+02
1.399507135079374187e-01,3.050000000000000000e+02
1.400080233824287923e-01,3.050000000000000000e+02
1.400653332569201659e-01,3.050000000000000000e+02
1.401226431314115395e-01,3.060000000000000000e+02
1.401799530059029131e-01,3.060000000000000000e+02
1.402372628803942867e-01,3.060000000000000000e+02
1.402945727548856603e-01,3.060000000000000000e+02
1.403518826293770339e-01,3.060000000000000000e+02
1.404091925038684074e-01,3.060000000000000000e+02
1.404665023783597810e-01,3.070000000000000000e+02
1.405238122528511824e-01,3.070000000000000000e+02
1.405811221273425560e-01,3.070000000000000000e+02
1.406384320018339296e-01,3.070000000000000000e+02
1.406957418763253032e-01,3.080000000000000000e+02
1.407530517508166767e-01,3.080000000000000000e+02
1.408103616253080503e-01,3.080000000000000000e+02
1.408676714997994239e-01,3.080000000000000000e+02
1.409249813742907975e-01,3.080000000000000000e+02
1.409822912487821711e-01,3.080000000000000000e+02
1.410396011232735447e-01,3.080000000000000000e+02
1.410969109977649183e-01,3.090000000000000000e+02
1.411542208722562919e-01,3.090000000000000000e+02
1.412115307467476655e-01,3.090000000000000000e+02
1.412688406212390391e-01,3.090000000000000000e+02
1.413261504957304127e-01,3.090000000000000000e+02
1.413834603702217863e-01,3.090000000000000000e+02
1.414407702447131598e-01,3.090000000000000000e+02
1.414980801192045334e-01,3.100000000000000000e+02
1.415553899936959070e-01,3.100000000000000000e+02
1.416126998681872806e-01,3.100000000000000000e+02
1.416700097426786542e-01,3.100000000000000000e+02
1.417273196171700556e-01,3.100000000000000000e+02
1.417846294916614291e-01,3.110000000000000000e+02
1.418419393661528027e-01,3.110000000000000000e+02
1.418992492406441763e-01,3.110000000000000000e+02
1.419565591151355499e-01,3.110000000000000000e+02
1.420138689896269235e-01,3.110000000000000000e+02
1.420711788641182971e-01,3.110000000000000000e+02
1.421284887386096707e-01,3.120000000000000000e+02
1.421857986131010443e-01,3.120000000000000000e+02
1.422431084875924179e-01,3.120000000000000000e+02
1.423004183620837915e-01,3.120000000000000000e+02
1.423577282365751651e-01,3.120000000000000000e+02
1.424150381110665387e-01,3.120000000000000000e+02
1.424723479855579122e-01,3.120000000000000000e+02
1.425296578600492858e-01,3.130000000000000000e+02
1.425869677345406594e-01,3.130000000000000000e+02
1.426442776090320330e-01,3.130000000000000000e+02
1.427015874835234066e-01,3.130000000000000000e+02
1.427588973580147802e-01,3.130000000000000000e+02
1.428162072325061538e-01,3.130000000000000000e+02
1.428735171069975274e-01,3.130000000000000000e+02
1.429308269814889010e-01,3.130000000000000000e+02
1.429881368559803023e-01,3.140000000000000000e+02
1.430454467304716759e-01,3.140000000000000000e+02
1.431027566049630495e-01,3.140000000000000000e+02
1.431600664794544231e-01,3.140000000000000000e+02
1.432173763539457967e-01,3.140000000000000000e+02
1.432746862284371703e-01,3.150000000000000000e+02
1.433319961029285439e-01,3.150000000000000000e+02
1.433893059774199175e-01,3.150000000000000000e+02
1.434466158519112911e-01,3.150000000000000000e+02
1.435039257264026646e-01,3.150000000000000000e+02
1.435612356008940382e-01,3.160000000000000000e+02
1.436185454753854118e-01,3.160000000000000000e+02
1.436758553498767854e-01,3.160000000000000000e+02
1.437331652243681590e-01,3.160000000000000000e+02
1.437904750988595326e-01,3.160000000000000000e+02
1.438477849733509062e-01,3.170000000000000000e+02
1.439050948478422798e-01,3.170000000000000000e+02
1.439624047223336534e-01,3.170000000000000000e+02
1.440197145968250270e-01,3.170000000000000000e+02
1.440770244713164006e-01,3.170000000000000000e+02
1.441343343458077741e-01,3.170000000000000000e+02
1.441916442202991477e-01,3.170000000000000000e+02
1.442489540947905491e-01,3.170000000000000000e+02
1.443062639692819227e-01,3.180000000000000000e+02
1.443635738437732963e-01,3.180000000000000000e+02
1.444208837182646699e-01,3.180000000000000000e+02
1.444781935927560435e-01,3.180000000000000000e+02
1.445355034672474170e-01,3.180000000000000000e+02
1.445928133417387906e-01,3.180000000000000000e+02
1.446501232162301642e-01,3.180000000000000000e+02
1.447074330907215378e-01,3.180000000000000000e+02
1.447647429652129114e-01,3.190000000000000000e+02
1.448220528397042850e-01,3.190000000000000000e+02
1.448793627141956586e-01,3.190000000000000000e+02
1.449366725886870322e-01,3.190000000000000000e+02
1.449939824631784058e-01,3.190000000000000000e+02
1.450512923376697794e-01,3.200000000000000000e+02
1.451086022121611530e-01,3.200000000000000000e+02
1.451659120866525265e-01,3.200000000000000000e+02
1.452232219611439001e-01,3.210000000000000000e+02
1.452805318356352737e-01,3.210000000000000000e+02
1.453378417101266473e-01,3.210000000000000000e+02
1.453951515846180209e-01,3.210000000000000000e+02
1.454524614591093945e-01,3.220000000000000000e+02
1.455097713336007959e-01,3.220000000000000000e+02
1.455670812080921694e-01,3.220000000000000000e+02
1.456243910825835430e-01,3.230000000000000000e+02
1.456817009570749166e-01,3.230000000000000000e+02
1.457390108315662902e-01,3.230000000000000000e+02
1.457963207060576638e-01,3.230000000000000000e+02
1.458536305805490374e-01,3.230000000000000000e+02
1.459109404550404110e-01,3.230000000000000000e+02
1.459682503295317846e-01,3.230000000000000000e+02
1.460255602040231582e-01,3.240000000000000000e+02
1.460828700785145318e-01,3.240000000000000000e+02
1.461401799530059054e-01,3.250000000000000000e+02
1.461974898274972789e-01,3.250000000000000000e+02
1.462547997019886525e-01,3.250000000000000000e+02
1.463121095764800261e-01,3.250000000000000000e+02
1.463694194509713997e-01,3.250000000000000000e+02
1.464267293254627733e-01,3.250000000000000000e+02
1.464840391999541469e-01,3.250000000000000000e+02
1.465413490744455205e-01,3.250000000000000000e+02
1.465986589489368941e-01,3.250000000000000000e+02
1.466559688234282677e-01,3.250000000000000000e+02
1.467132786979196690e-01,3.250000000000000000e+02
1.467705885724110426e-01,3.260000000000000000e+02
1.468278984469024162e-01,3.260000000000000000e+02
1.468852083213937898e-01,3.260000000000000000e+02
1.469425181958851634e-01,3.260000000000000000e+02
1.469998280703765370e-01,3.260000000000000000e+02
1.470571379448679106e-01,3.260000000000000000e+02
1.471144478193592842e-01,3.260000000000000000e+02
1.471717576938506578e-01,3.270000000000000000e+02
1.472290675683420313e-01,3.270000000000000000e+02
1.472863774428334049e-01,3.280000000000000000e+02
1.473436873173247785e-01,3.280000000000000000e+02
1.474009971918161521e-01,3.280000000000000000e+02
1.474583070663075257e-01,3.280000000000000000e+02
1.475156169407988993e-01,3.280000000000000000e+02
1.475729268152902729e-01,3.280000000000000000e+02
1.476302366897816465e-01,3.280000000000000000e+02
1.476875465642730201e-01,3.290000000000000000e+02
1.477448564387643937e-01,3.290000000000000000e+02
1.478021663132557673e-01,3.290000000000000000e+02
1.478594761877471409e-01,3.290000000000000000e+02
1.479167860622385144e-01,3.290000000000000000e+02
1.479740959367299158e-01,3.300000000000000000e+02
1.480314058112212894e-01,3.300000000000000000e+02
1.480887156857126630e-01,3.300000000000000000e+02
1.481460255602040366e-01,3.300000000000000000e+02
1.482033354346954102e-01,3.300000000000000000e+02
1.482606453091867837e-01,3.300000000000000000e+02
1.483179551836781573e-01,3.300000000000000000e+02
1.483752650581695309e-01,3.310000000000000000e+02
1.484325749326609045e-01,3.310000000000000000e+02
1.484898848071522781e-01,3.310000000000000000e+02
1.485471946816436517e-01,3.310000000000000000e+02
1.486045045561350253e-01,3.310000000000000000e+02
1.486618144306263989e-01,3.310000000000000000e+02
1.487191243051177725e-01,3.320000000000000000e+02
1.487764341796091461e-01,3.320000000000000000e+02
1.488337440541005197e-01,3.320000000000000000e+02
1.488910539285918933e-01,3.320000000000000000e+02
1.489483638030832668e-01,3.320000000000000000e+02
1.490056736775746404e-01,3.320000000000000000e+02
1.490629835520660140e-01,3.320000000000000000e+02
1.491202934265573876e-01,3.320000000000000000e+02
1.491776033010487612e-01,3.330000000000000000e+02
1.492349131755401626e-01,3.330000000000000000e+02
1.492922230500315361e-01,3.330000000000000000e+02
1.493495329245229097e-01,3.330000000000000000e+02
1.494068427990142833e-01,3.330000000000000000e+02
1.494641526735056569e-01,3.330000000000000000e+02
1.495214625479970305e-01,3.330000000000000000e+02
1.495787724224884041e-01,3.340000000000000000e+02
1.496360822969797777e-01,3.340000000000000000e+02
1.496933921714711513e-01,3.340000000000000000e+02
1.497507020459625249e-01,3.340000000000000000e+02
1.498080119204538985e-01,3.340000000000000000e+02
1.498653217949452721e-01,3.340000000000000000e+02
1.499226316694366457e-01,3.340000000000000000e+02
1.499799415439280192e-01,3.340000000000000000e+02
1.500372514184193928e-01,3.340000000000000000e+02
1.500945612929107664e-01,3.350000000000000000e+02
1.501518711674021400e-01,3.350000000000000000e+02
1.502091810418935136e-01,3.350000000000000000e+02
1.502664909163848872e-01,3.350000000000000000e+02
1.503238007908762608e-01,3.350000000000000000e+02
1.503811106653676344e-01,3.350000000000000000e+02
1.504384205398590080e-01,3.350000000000000000e+02
1.504957304143504093e-01,3.360000000000000000e+02
1.505530402888417829e-01,3.360000000000000000e+02
1.506103501633331565e-01,3.360000000000000000e+02
1.506676600378245301e-01,3.360000000000000000e+02
1.507249699123159037e-01,3.360000000000000000e+02
1.507822797868072773e-01,3.360000000000000000e+02
1.508395896612986509e-01,3.360000000000000000e+02
1.508968995357900245e-01,3.370000000000000000e+02
1.509542094102813981e-01,3.370000000000000000e+02
1.510115192847727716e-01,3.370000000000000000e+02
1.510688291592641452e-01,3.370000000000000000e+02
1.511261390337555188e-01,3.370000000000000000e+02
1.511834489082468924e-01,3.370000000000000000e+02
1.512407587827382660e-01,3.370000000000000000e+02
1.512980686572296396e-01,3.370000000000000000e+02
1.513553785317210132e-01,3.370000000000000000e+02
1.514126884062123868e-01,3.370000000000000000e+02
1.514699982807037604e-01,3.370000000000000000e+02
1.515273081551951340e-01,3.380000000000000000e+02
1.515846180296865076e-01,3.380000000000000000e+02
1.516419279041778811e-01,3.390000000000000000e+02
1.516992377786692547e-01,3.390000000000000000e+02
1.517565476531606561e-01,3.400000000000000000e+02
1.518138575276520297e-01,3.400000000000000000e+02
1.518711674021434033e-01,3.400000000000000000e+02
1.519284772766347769e-01,3.400000000000000000e+02
1.519857871511261505e-01,3.400000000000000000e+02
1.520430970256175240e-01,3.400000000000000000e+02
1.521004069001088976e-01,3.400000000000000000e+02
1.521577167746002712e-01,3.400000000000000000e+02
1.522150266490916448e-01,3.400000000000000000e+02
1.522723365235830184e-01,3.400000000000000000e+02
1.523296463980743920e-01,3.410000000000000000e+02
1.523869562725657656e-01,3.410000000000000000e+02
1.524442661470571392e-01,3.410000000000000000e+02
1.525015760215485128e-01,3.410000000000000000e+02
1.525588858960398864e-01,3.410000000000000000e+02
1.526161957705312600e-01,3.410000000000000000e+02
1.526735056450226335e-01,3.420000000000000000e+02
1.527308155195140071e-01,3.430000000000000000e+02
1.527881253940053807e-01,3.430000000000000000e+02
1.528454352684967543e-01,3.440000000000000000e+02
1.529027451429881279e-01,3.440000000000000000e+02
1.529600550174795293e-01,3.440000000000000000e+02
1.530173648919709029e-01,3.440000000000000000e+02
1.530746747664622764e-01,3.440000000000000000e+02
1.531319846409536500e-01,3.440000000000000000e+02
1.531892945154450236e-01,3.440000000000000000e+02
1.532466043899363972e-01,3.440000000000000000e+02
1.533039142644277708e-01,3.440000000000000000e+02
1.533612241389191444e-01,3.450000000000000000e+02
1.534185340134105180e-01,3.450000000000000000e+02
1.534758438879018916e-01,3.450000000000000000e+02
1.535331537623932652e-01,3.450000000000000000e+02
1.535904636368846388e-01,3.450000000000000000e+02
1.536477735113760124e-01,3.450000000000000000e+02
1.537050833858673859e-01,3.460000000000000000e+02
1.537623932603587595e-01,3.460000000000000000e+02
1.538197031348501331e-01,3.460000000000000000e+02
1.538770130093415067e-01,3.460000000000000000e+02
1.539343228838328803e-01,3.460000000000000000e+02
1.539916327583242539e-01,3.460000000000000000e+02
1.540489426328156275e-01,3.460000000000000000e+02
1.541062525073070011e-01,3.460000000000000000e+02
1.541635623817983747e-01,3.470000000000000000e+02
1.542208722562897760e-01,3.480000000000000000e+02
1.542781821307811496e-01,3.480000000000000000e+02
1.543354920052725232e-01,3.480000000000000000e+02
1.543928018797638968e-01,3.480000000000000000e+02
1.544501117542552704e-01,3.480000000000000000e+02
1.545074216287466440e-01,3.480000000000000000e+02
1.545647315032380176e-01,3.480000000000000000e+02
1.546220413777293912e-01,3.480000000000000000e+02
1.546793512522207648e-01,3.490000000000000000e+02
1.547366611267121383e-01,3.490000000000000000e+02
1.547939710012035119e-01,3.490000000000000000e+02
1.548512808756948855e-01,3.490000000000000000e+02
1.549085907501862591e-01,3.490000000000000000e+02
1.549659006246776327e-01,3.490000000000000000e+02
1.550232104991690063e-01,3.490000000000000000e+02
1.550805203736603799e-01,3.490000000000000000e+02
1.551378302481517535e-01,3.490000000000000000e+02
1.551951401226431271e-01,3.500000000000000000e+02
1.552524499971345007e-01,3.500000000000000000e+02
1.553097598716258743e-01,3.500000000000000000e+02
1.553670697461172479e-01,3.500000000000000000e+02
1.554243796206086214e-01,3.500000000000000000e+02
1.554816894951000228e-01,3.510000000000000000e+02
1.555389993695913964e-01,3.510000000000000000e+02
1.555963092440827700e-01,3.510000000000000000e+02
1.556536191185741436e-01,3.520000000000000000e+02
1.557109289930655172e-01,3.520000000000000000e+02
1.557682388675568907e-01,3.520000000000000000e+02
1.558255487420482643e-01,3.520000000000000000e+02
1.558828586165396379e-01,3.520000000000000000e+02
1.559401684910310115e-01,3.520000000000000000e+02
1.559974783655223851e-01,3.520000000000000000e+02
1.560547882400137587e-01,3.520000000000000000e+02
1.561120981145051323e-01,3.520000000000000000e+02
1.561694079889965059e-01,3.530000000000000000e+02
1.562267178634878795e-01,3.530000000000000000e+02
1.562840277379792531e-01,3.530000000000000000e+02
1.563413376124706267e-01,3.530000000000000000e+02
1.563986474869620003e-01,3.540000000000000000e+02
1.564559573614533738e-01,3.540000000000000000e+02
1.565132672359447474e-01,3.540000000000000000e+02
1.565705771104361210e-01,3.540000000000000000e+02
1.566278869849274946e-01,3.540000000000000000e+02
1.566851968594188682e-01,3.540000000000000000e+02
1.567425067339102696e-01,3.540000000000000000e+02
1.567998166084016431e-01,3.550000000000000000e+02
1.568571264828930167e-01,3.550000000000000000e+02
1.569144363573843903e-01,3.550000000000000000e+02
1.569717462318757639e-01,3.550000000000000000e+02
1.570290561063671375e-01,3.550000000000000000e+02
1.570863659808585111e-01,3.550000000000000000e+02
1.571436758553498847e-01,3.550000000000000000e+02
1.572009857298412583e-01,3.550000000000000000e+02
1.572582956043326319e-01,3.560000000000000000e+02
1.573156054788240055e-01,3.560000000000000000e+02
1.573729153533153791e-01,3.560000000000000000e+02
1.574302252278067527e-01,3.560000000000000000e+02
1.574875351022981262e-01,3.560000000000000000e+02
1.575448449767894998e-01,3.560000000000000000e+02
1.576021548512808734e-01,3.560000000000000000e+02
1.576594647257722470e-01,3.570000000000000000e+02
1.577167746002636206e-01,3.570000000000000000e+02
1.577740844747549942e-01,3.570000000000000000e+02
1.578313943492463678e-01,3.570000000000000000e+02
1.578887042237377414e-01,3.570000000000000000e+02
1.579460140982291150e-01,3.570000000000000000e+02
1.580033239727205163e-01,3.570000000000000000e+02
1.580606338472118899e-01,3.580000000000000000e+02
1.581179437217032635e-01,3.580000000000000000e+02
1.581752535961946371e-01,3.580000000000000000e+02
1.582325634706860107e-01,3.580000000000000000e+02
1.582898733451773843e-01,3.580000000000000000e+02
1.583471832196687579e-01,3.580000000000000000e+02
1.584044930941601315e-01,3.580000000000000000e+02
1.584618029686515051e-01,3.580000000000000000e+02
1.585191128431428786e-01,3.580000000000000000e+02
1.585764227176342522e-01,3.580000000000000000e+02
1.586337325921256258e-01,3.580000000000000000e+02
1.586910424666169994e-01,3.580000000000000000e+02
1.587483523411083730e-01,3.580000000000000000e+02
1.588056622155997466e-01,3.590000000000000000e+02
1.588629720900911202e-01,3.590000000000000000e+02
1.589202819645824938e-01,3.590000000000000000e+02
1.589775918390738674e-01,3.590000000000000000e+02
1.590349017135652410e-01,3.600000000000000000e+02
1.590922115880566146e-01,3.600000000000000000e+02
1.591495214625479881e-01,3.600000000000000000e+02
1.592068313370393895e-01,3.600000000000000000e+02
1.592641412115307631e-01,3.600000000000000000e+02
1.593214510860221367e-01,3.600000000000000000e+02
1.593787609605135103e-01,3.610000000000000000e+02
1.594360708350048839e-01,3.610000000000000000e+02
1.594933807094962575e-01,3.610000000000000000e+02
1.595506905839876310e-01,3.610000000000000000e+02
1.596080004584790046e-01,3.610000000000000000e+02
1.596653103329703782e-01,3.610000000000000000e+02
1.597226202074617518e-01,3.620000000000000000e+02
1.597799300819531254e-01,3.630000000000000000e+02
1.598372399564444990e-01,3.630000000000000000e+02
1.598945498309358726e-01,3.630000000000000000e+02
1.599518597054272462e-01,3.640000000000000000e+02
1.600091695799186198e-01,3.640000000000000000e+02
1.600664794544099934e-01,3.640000000000000000e+02
1.601237893289013670e-01,3.640000000000000000e+02
1.601810992033927405e-01,3.640000000000000000e+02
1.602384090778841141e-01,3.640000000000000000e+02
1.602957189523754877e-01,3.640000000000000000e+02
1.603530288268668613e-01,3.640000000000000000e+02
1.604103387013582349e-01,3.650000000000000000e+02
1.604676485758496363e-01,3.650000000000000000e+02
1.605249584503410099e-01,3.650000000000000000e+02
1.605822683248323834e-01,3.650000000000000000e+02
1.606395781993237570e-01,3.650000000000000000e+02
1.606968880738151306e-01,3.650000000000000000e+02
1.607541979483065042e-01,3.660000000000000000e+02
1.608115078227978778e-01,3.660000000000000000e+02
1.608688176972892514e-01,3.660000000000000000e+02
1.609261275717806250e-01,3.660000000000000000e+02
1.609834374462719986e-01,3.660000000000000000e+02
1.610407473207633722e-01,3.660000000000000000e+02
1.610980571952547458e-01,3.660000000000000000e+02
1.611553670697461194e-01,3.660000000000000000e+02
1.612126769442374929e-01,3.670000000000000000e+02
1.612699868187288665e-01,3.670000000000000000e+02
1.613272966932202401e-01,3.670000000000000000e+02
1.613846065677116137e-01,3.670000000000000000e+02
1.614419164422029873e-01,3.670000000000000000e+02
1.614992263166943609e-01,3.670000000000000000e+02
1.615565361911857345e-01,3.670000000000000000e+02
1.616138460656771081e-01,3.680000000000000000e+02
1.616711559401684817e-01,3.680000000000000000e+02
1.617284658146598830e-01,3.680000000000000000e+02
1.617857756891512566e-01,3.680000000000000000e+02
1.618430855636426302e-01,3.680000000000000000e+02
1.619003954381340038e-01,3.680000000000000000e+02
1.619577053126253774e-01,3.690000000000000000e+02
1.620150151871167510e-01,3.690000000000000000e+02
1.620723250616081246e-01,3.690000000000000000e+02
1.621296349360994982e-01,3.690000000000000000e+02
1.621869448105908718e-01,3.700000000000000000e+02
1.622442546850822453e-01,3.700000000000000000e+02
1.623015645595736189e-01,3.700000000000000000e+02
1.623588744340649925e-01,3.700000000000000000e+02
1.624161843085563661e-01,3.700000000000000000e+02
1.624734941830477397e-01,3.710000000000000000e+02
1.625308040575391133e-01,3.710000000000000000e+02
1.625881139320304869e-01,3.710000000000000000e+02
1.626454238065218605e-01,3.710000000000000000e+02
1.627027336810132341e-01,3.710000000000000000e+02
1.627600435555046077e-01,3.710000000000000000e+02
1.628173534299959813e-01,3.720000000000000000e+02
1.628746633044873549e-01,3.720000000000000000e+02
1.629319731789787284e-01,3.720000000000000000e+02
1.629892830534701298e-01,3.730000000000000000e+02
1.630465929279615034e-01,3.730000000000000000e+02
1.631039028024528770e-01,3.740000000000000000e+02
1.631612126769442506e-01,3.740000000000000000e+02
1.632185225514356242e-01,3.740000000000000000e+02
1.632758324259269977e-01,3.750000000000000000e+02
1.633331423004183713e-01,3.750000000000000000e+02
1.633904521749097449e-01,3.750000000000000000e+02
1.634477620494011185e-01,3.750000000000000000e+02
1.635050719238924921e-01,3.750000000000000000e+02
1.635623817983838657e-01,3.750000000000000000e+02
1.636196916728752393e-01,3.750000000000000000e+02
1.636770015473666129e-01,3.750000000000000000e+02
1.637343114218579865e-01,3.750000000000000000e+02
1.637916212963493601e-01,3.750000000000000000e+02
1.638489311708407337e-01,3.760000000000000000e+02
1.639062410453321073e-01,3.760000000000000000e+02
1.639635509198234808e-01,3.760000000000000000e+02
1.640208607943148544e-01,3.760000000000000000e+02
1.640781706688062280e-01,3.760000000000000000e+02
1.641354805432976016e-01,3.760000000000000000e+02
1.641927904177889752e-01,3.760000000000000000e+02
1.642501002922803766e-01,3.760000000000000000e+02
1.643074101667717501e-01,3.760000000000000000e+02
1.643647200412631237e-01,3.760000000000000000e+02
1.644220299157544973e-01,3.770000000000000000e+02
1.644793397902458709e-01,3.770000000000000000e+02
1.645366496647372445e-01,3.770000000000000000e+02
1.645939595392286181e-01,3.780000000000000000e+02
1.646512694137199917e-01,3.780000000000000000e+02
1.647085792882113653e-01,3.780000000000000000e+02
1.647658891627027389e-01,3.780000000000000000e+02
1.648231990371941125e-01,3.790000000000000000e+02
1.648805089116854861e-01,3.790000000000000000e+02
1.649378187861768597e-01,3.790000000000000000e+02
1.649951286606682332e-01,3.790000000000000000e+02
1.650524385351596068e-01,3.790000000000000000e+02
1.651097484096509804e-01,3.790000000000000000e+02
1.651670582841423540e-01,3.790000000000000000e+02
1.652243681586337276e-01,3.790000000000000000e+02
1.652816780331251012e-01,3.790000000000000000e+02
1.653389879076164748e-01,3.800000000000000000e+02
1.653962977821078484e-01,3.800000000000000000e+02
1.654536076565992497e-01,3.800000000000000000e+02
1.655109175310906233e-01,3.800000000000000000e+02
1.655682274055819969e-01,3.810000000000000000e+02
1.656255372800733705e-01,3.810000000000000000e+02
1.656828471545647441e-01,3.810000000000000000e+02
1.657401570290561177e-01,3.810000000000000000e+02
1.657974669035474913e-01,3.810000000000000000e+02
1.658547767780388649e-01,3.810000000000000000e+02
1.659120866525302385e-01,3.810000000000000000e+02
1.659693965270216121e-01,3.810000000000000000e+02
1.660267064015129856e-01,3.810000000000000000e+02
1.660840162760043592e-01,3.820000000000000000e+02
1.661413261504957328e-01,3.820000000000000000e+02
1.661986360249871064e-01,3.820000000000000000e+02
1.662559458994784800e-01,3.820000000000000000e+02
1.663132557739698536e-01,3.820000000000000000e+02
1.663705656484612272e-01,3.820000000000000000e+02
1.664278755229526008e-01,3.820000000000000000e+02
1.664851853974439744e-01,3.830000000000000000e+02
1.665424952719353480e-01,3.830000000000000000e+02
1.665998051464267216e-01,3.830000000000000000e+02
1.666571150209180951e-01,3.830000000000000000e+02
1.667144248954094965e-01,3.840000000000000000e+02
1.667717347699008701e-01,3.840000000000000000e+02
1.668290446443922437e-01,3.840000000000000000e+02
1.668863545188836173e-01,3.840000000000000000e+02
1.669436643933749909e-01,3.850000000000000000e+02
1.670009742678663645e-01,3.850000000000000000e+02
1.670582841423577380e-01,3.850000000000000000e+02
1.671155940168491116e-01,3.850000000000000000e+02
1.671729038913404852e-01,3.860000000000000000e+02
1.672302137658318588e-01,3.870000000000000000e+02
1.672875236403232324e-01,3.870000000000000000e+02
1.673448335148146060e-01,3.870000000000000000e+02
1.674021433893059796e-01,3.870000000000000000e+02
1.674594532637973532e-01,3.870000000000000000e+02
1.675167631382887268e-01,3.880000000000000000e+02
1.675740730127801004e-01,3.880000000000000000e+02
1.676313828872714740e-01,3.880000000000000000e+02
1.676886927617628475e-01,3.880000000000000000e+02
1.677460026362542211e-01,3.880000000000000000e+02
1.678033125107455947e-01,3.880000000000000000e+02
1.678606223852369683e-01,3.890000000000000000e+02
1.679179322597283419e-01,3.890000000000000000e+02
1.679752421342197433e-01,3.890000000000000000e+02
1.680325520087111169e-01,3.890000000000000000e+02
1.680898618832024904e-01,3.890000000000000000e+02
1.681471717576938640e-01,3.890000000000000000e+02
1.682044816321852376e-01,3.900000000000000000e+02
1.682617915066766112e-01,3.900000000000000000e+02
1.683191013811679848e-01,3.900000000000000000e+02
1.683764112556593584e-01,3.900000000000000000e+02
1.684337211301507320e-01,3.900000000000000000e+02
1.684910310046421056e-01,3.900000000000000000e+02
1.685483408791334792e-01,3.900000000000000000e+02
1.686056507536248528e-01,3.900000000000000000e+02
1.686629606281162264e-01,3.910000000000000000e+02
1.687202705026075999e-01,3.910000000000000000e+02
1.687775803770989735e-01,3.910000000000000000e+02
1.688348902515903471e-01,3.910000000000000000e+02
1.688922001260817207e-01,3.920000000000000000e+02
1.689495100005730943e-01,3.920000000000000000e+02
1.690068198750644679e-01,3.920000000000000000e+02
1.690641297495558415e-01,3.920000000000000000e+02
1.691214396240472151e-01,3.920000000000000000e+02
1.691787494985385887e-01,3.930000000000000000e+02
1.692360593730299900e-01,3.930000000000000000e+02
1.692933692475213636e-01,3.930000000000000000e+02
1.693506791220127372e-01,3.930000000000000000e+02
1.694079889965041108e-01,3.940000000000000000e+02
1.694652988709954844e-01,3.940000000000000000e+02
1.695226087454868580e-01,3.940000000000000000e+02
1.695799186199782316e-01,3.940000000000000000e+02
1.696372284944696052e-01,3.940000000000000000e+02
1.696945383689609788e-01,3.950000000000000000e+02
1.697518482434523523e-01,3.950000000000000000e+02
1.698091581179437259e-01,3.950000000000000000e+02
1.698664679924350995e-01,3.950000000000000000e+02
1.699237778669264731e-01,3.960000000000000000e+02
1.699810877414178467e-01,3.960000000000000000e+02
1.700383976159092203e-01,3.960000000000000000e+02
1.700957074904005939e-01,3.960000000000000000e+02
1.701530173648919675e-01,3.960000000000000000e+02
1.702103272393833411e-01,3.960000000000000000e+02
1.702676371138747147e-01,3.970000000000000000e+02
1.703249469883660883e-01,3.970000000000000000e+02
1.703822568628574619e-01,3.970000000000000000e+02
1.704395667373488632e-01,3.970000000000000000e+02
1.704968766118402368e-01,3.970000000000000000e+02
1.705541864863316104e-01,3.970000000000000000e+02
1.706114963608229840e-01,3.970000000000000000e+02
1.706688062353143576e-01,3.970000000000000000e+02
1.707261161098057312e-01,3.970000000000000000e+02
1.707834259842971047e-01,3.980000000000000000e+02
1.708407358587884783e-01,3.980000000000000000e+02
1.708980457332798519e-01,3.990000000000000000e+02
1.709553556077712255e-01,3.990000000000000000e+02
1.710126654822625991e-01,3.990000000000000000e+02
1.710699753567539727e-01,3.990000000000000000e+02
1.711272852312453463e-01,3.990000000000000000e+02
1.711845951057367199e-01,3.990000000000000000e+02
1.712419049802280935e-01,3.990000000000000000e+02
1.712992148547194671e-01,3.990000000000000000e+02
1.713565247292108407e-01,4.000000000000000000e+02
1.714138346037022143e-01,4.000000000000000000e+02
1.714711444781935878e-01,4.000000000000000000e+02
1.715284543526849614e-01,4.000000000000000000e+02
1.715857642271763350e-01,4.000000000000000000e+02
1.716430741016677086e-01,4.010000000000000000e+02
1.717003839761591100e-01,4.010000000000000000e+02
1.717576938506504836e-01,4.010000000000000000e+02
1.718150037251418571e-01,4.020000000000000000e+02
1.718723135996332307e-01,4.020000000000000000e+02
1.719296234741246043e-01,4.020000000000000000e+02
1.719869333486159779e-01,4.030000000000000000e+02
1.720442432231073515e-01,4.030000000000000000e+02
1.721015530975987251e-01,4.030000000000000000e+02
1.721588629720900987e-01,4.030000000000000000e+02
1.722161728465814723e-01,4.040000000000000000e+02
1.722734827210728459e-01,4.040000000000000000e+02
1.723307925955642195e-01,4.040000000000000000e+02
1.723881024700555931e-01,4.040000000000000000e+02
1.724454123445469667e-01,4.050000000000000000e+02
1.725027222190383402e-01,4.050000000000000000e+02
1.725600320935297138e-01,4.050000000000000000e+02
1.726173419680210874e-01,4.050000000000000000e+02
1.726746518425124610e-01,4.060000000000000000e+02
1.727319617170038346e-01,4.060000000000000000e+02
1.727892715914952082e-01,4.060000000000000000e+02
1.728465814659865818e-01,4.060000000000000000e+02
1.729038913404779554e-01,4.070000000000000000e+02
1.729612012149693567e-01,4.070000000000000000e+02
1.730185110894607303e-01,4.070000000000000000e+02
1.730758209639521039e-01,4.070000000000000000e+02
1.731331308384434775e-01,4.070000000000000000e+02
1.731904407129348511e-01,4.070000000000000000e+02
1.732477505874262247e-01,4.070000000000000000e+02
1.733050604619175983e-01,4.070000000000000000e+02
1.733623703364089719e-01,4.080000000000000000e+02
1.734196802109003455e-01,4.080000000000000000e+02
1.734769900853917191e-01,4.080000000000000000e+02
1.735342999598830926e-01,4.080000000000000000e+02
1.735916098343744662e-01,4.080000000000000000e+02
1.736489197088658398e-01,4.080000000000000000e+02
1.737062295833572134e-01,4.090000000000000000e+02
1.737635394578485870e-01,4.090000000000000000e+02
1.738208493323399606e-01,4.090000000000000000e+02
1.738781592068313342e-01,4.090000000000000000e+02
1.739354690813227078e-01,4.090000000000000000e+02
1.739927789558140814e-01,4.100000000000000000e+02
1.740500888303054550e-01,4.100000000000000000e+02
1.741073987047968286e-01,4.100000000000000000e+02
1.741647085792882022e-01,4.100000000000000000e+02
1.742220184537796035e-01,4.100000000000000000e+02
1.742793283282709771e-01,4.100000000000000000e+02
1.743366382027623507e-01,4.100000000000000000e+02
1.743939480772537243e-01,4.100000000000000000e+02
1.744512579517450979e-01,4.100000000000000000e+02
1.745085678262364715e-01,4.110000000000000000e+02
1.745658777007278450e-01,4.110000000000000000e+02
1.746231875752192186e-01,4.110000000000000000e+02
1.746804974497105922e-01,4.110000000000000000e+02
1.747378073242019658e-01,4.110000000000000000e+02
1.747951171986933394e-01,4.110000000000000000e+02
1.748524270731847130e-01,4.110000000000000000e+02
1.749097369476760866e-01,4.110000000000000000e+02
1.749670468221674602e-01,4.120000000000000000e+02
1.750243566966588338e-01,4.120000000000000000e+02
1.750816665711502074e-01,4.120000000000000000e+02
1.751389764456415810e-01,4.120000000000000000e+02
1.751962863201329546e-01,4.120000000000000000e+02
1.752535961946243281e-01,4.120000000000000000e+02
1.753109060691157017e-01,4.120000000000000000e+02
1.753682159436070753e-01,4.130000000000000000e+02
1.754255258180984489e-01,4.130000000000000000e+02
1.754828356925898503e-01,4.130000000000000000e+02
1.755401455670812239e-01,4.130000000000000000e+02
1.755974554415725974e-01,4.130000000000000000e+02
1.756547653160639710e-01,4.140000000000000000e+02
1.757120751905553446e-01,4.140000000000000000e+02
1.757693850650467182e-01,4.150000000000000000e+02
1.758266949395380918e-01,4.150000000000000000e+02
1.758840048140294654e-01,4.150000000000000000e+02
1.759413146885208390e-01,4.150000000000000000e+02
1.759986245630122126e-01,4.150000000000000000e+02
1.760559344375035862e-01,4.150000000000000000e+02
1.761132443119949598e-01,4.160000000000000000e+02
1.761705541864863334e-01,4.160000000000000000e+02
1.762278640609777070e-01,4.160000000000000000e+02
1.762851739354690805e-01,4.160000000000000000e+02
1.763424838099604541e-01,4.160000000000000000e+02
1.763997936844518277e-01,4.160000000000000000e+02
1.764571035589432013e-01,4.160000000000000000e+02
1.765144134334345749e-01,4.160000000000000000e+02
1.765717233079259485e-01,4.160000000000000000e+02
1.766290331824173221e-01,4.160000000000000000e+02
1.766863430569087234e-01,4.160000000000000000e+02
1.767436529314000970e-01,4.160000000000000000e+02
1.768009628058914706e-01,4.170000000000000000e+02
1.768582726803828442e-01,4.170000000000000000e+02
1.769155825548742178e-01,4.180000000000000000e+02
1.769728924293655914e-01,4.180000000000000000e+02
1.770302023038569650e-01,4.180000000000000000e+02
1.770875121783483386e-01,4.180000000000000000e+02
1.771448220528397122e-01,4.190000000000000000e+02
1.772021319273310858e-01,4.190000000000000000e+02
1.772594418018224594e-01,4.190000000000000000e+02
1.773167516763138329e-01,4.190000000000000000e+02
1.773740615508052065e-01,4.190000000000000000e+02
1.774313714252965801e-01,4.190000000000000000e+02
1.774886812997879537e-01,4.190000000000000000e+02
1.775459911742793273e-01,4.190000000000000000e+02
1.776033010487707009e-01,4.190000000000000000e+02
1.776606109232620745e-01,4.190000000000000000e+02
1.777179207977534481e-01,4.190000000000000000e+02
1.777752306722448217e-01,4.200000000000000000e+02
1.778325405467361953e-01,4.200000000000000000e+02
1.778898504212275689e-01,4.200000000000000000e+02
1.779471602957189702e-01,4.200000000000000000e+02
1.780044701702103438e-01,4.200000000000000000e+02
1.780617800447017174e-01,4.200000000000000000e+02
1.781190899191930910e-01,4.200000000000000000e+02
1.781763997936844646e-01,4.210000000000000000e+02
1.782337096681758382e-01,4.210000000000000000e+02
1.782910195426672118e-01,4.210000000000000000e+02
1.783483294171585853e-01,4.210000000000000000e+02
1.784056392916499589e-01,4.210000000000000000e+02
1.784629491661413325e-01,4.210000000000000000e+02
1.785202590406327061e-01,4.220000000000000000e+02
1.785775689151240797e-01,4.220000000000000000e+02
1.786348787896154533e-01,4.220000000000000000e+02
1.786921886641068269e-01,4.220000000000000000e+02
1.787494985385982005e-01,4.220000000000000000e+02
1.788068084130895741e-01,4.220000000000000000e+02
1.788641182875809477e-01,4.220000000000000000e+02
1.789214281620723213e-01,4.220000000000000000e+02
1.789787380365636948e-01,4.220000000000000000e+02
1.790360479110550684e-01,4.220000000000000000e+02
1.790933577855464420e-01,4.220000000000000000e+02
1.791506676600378156e-01,4.230000000000000000e+02
1.792079775345292170e-01,4.230000000000000000e+02
1.792652874090205906e-01,4.230000000000000000e+02
1.793225972835119642e-01,4.230000000000000000e+02
1.793799071580033377e-01,4.240000000000000000e+02
1.794372170324947113e-01,4.240000000000000000e+02
1.794945269069860849e-01,4.240000000000000000e+02
1.795518367814774585e-01,4.240000000000000000e+02
1.796091466559688321e-01,4.240000000000000000e+02
1.796664565304602057e-01,4.240000000000000000e+02
1.797237664049515793e-01,4.240000000000000000e+02
1.797810762794429529e-01,4.240000000000000000e+02
1.798383861539343265e-01,4.250000000000000000e+02
1.798956960284257001e-01,4.250000000000000000e+02
1.799530059029170737e-01,4.250000000000000000e+02
1.800103157774084472e-01,4.250000000000000000e+02
1.800676256518998208e-01,4.250000000000000000e+02
1.801249355263911944e-01,4.250000000000000000e+02
1.801822454008825680e-01,4.250000000000000000e+02
1.802395552753739416e-01,4.250000000000000000e+02
1.802968651498653152e-01,4.260000000000000000e+02
1.803541750243566888e-01,4.260000000000000000e+02
1.804114848988480624e-01,4.260000000000000000e+02
1.804687947733394637e-01,4.260000000000000000e+02
1.805261046478308373e-01,4.260000000000000000e+02
1.805834145223222109e-01,4.260000000000000000e+02
1.806407243968135845e-01,4.260000000000000000e+02
1.806980342713049581e-01,4.260000000000000000e+02
1.807553441457963317e-01,4.260000000000000000e+02
1.808126540202877053e-01,4.260000000000000000e+02
1.808699638947790789e-01,4.270000000000000000e+02
1.809272737692704525e-01,4.270000000000000000e+02
1.809845836437618261e-01,4.270000000000000000e+02
1.810418935182531996e-01,4.270000000000000000e+02
1.810992033927445732e-01,4.270000000000000000e+02
1.811565132672359468e-01,4.270000000000000000e+02
1.812138231417273204e-01,4.280000000000000000e+02
1.812711330162186940e-01,4.280000000000000000e+02
1.813284428907100676e-01,4.280000000000000000e+02
1.813857527652014412e-01,4.280000000000000000e+02
1.814430626396928148e-01,4.280000000000000000e+02
1.815003725141841884e-01,4.280000000000000000e+02
1.815576823886755620e-01,4.280000000000000000e+02
1.816149922631669356e-01,4.280000000000000000e+02
1.816723021376583092e-01,4.280000000000000000e+02
1.817296120121497105e-01,4.280000000000000000e+02
1.817869218866410841e-01,4.290000000000000000e+02
1.818442317611324577e-01,4.290000000000000000e+02
1.819015416356238313e-01,4.290000000000000000e+02
1.819588515101152049e-01,4.290000000000000000e+02
1.820161613846065785e-01,4.290000000000000000e+02
1.820734712590979520e-01,4.290000000000000000e+02
1.821307811335893256e-01,4.290000000000000000e+02
1.821880910080806992e-01,4.300000000000000000e+02
1.822454008825720728e-01,4.300000000000000000e+02
1.823027107570634464e-01,4.300000000000000000e+02
1.823600206315548200e-01,4.300000000000000000e+02
1.824173305060461936e-01,4.300000000000000000e+02
1.824746403805375672e-01,4.300000000000000000e+02
1.825319502550289408e-01,4.300000000000000000e+02
1.825892601295203144e-01,4.310000000000000000e+02
1.826465700040116880e-01,4.310000000000000000e+02
1.827038798785030616e-01,4.310000000000000000e+02
1.827611897529944351e-01,4.310000000000000000e+02
1.828184996274858087e-01,4.310000000000000000e+02
1.828758095019771823e-01,4.320000000000000000e+02
1.829331193764685837e-01,4.320000000000000000e+02
1.829904292509599573e-01,4.320000000000000000e+02
1.830477391254513309e-01,4.320000000000000000e+02
1.831050489999427044e-01,4.320000000000000000e+02
1.831623588744340780e-01,4.320000000000000000e+02
1.832196687489254516e-01,4.330000000000000000e+02
1.832769786234168252e-01,4.330000000000000000e+02
1.833342884979081988e-01,4.330000000000000000e+02
1.833915983723995724e-01,4.330000000000000000e+02
1.834489082468909460e-01,4.330000000000000000e+02
1.835062181213823196e-01,4.330000000000000000e+02
1.835635279958736932e-01,4.330000000000000000e+02
1.836208378703650668e-01,4.340000000000000000e+02
1.836781477448564404e-01,4.340000000000000000e+02
1.837354576193478140e-01,4.340000000000000000e+02
1.837927674938391875e-01,4.340000000000000000e+02
1.838500773683305611e-01,4.340000000000000000e+02
1.839073872428219347e-01,4.350000000000000000e+02
1.839646971173133083e-01,4.350000000000000000e+02
1.840220069918046819e-01,4.350000000000000000e+02
1.840793168662960555e-01,4.350000000000000000e+02
1.841366267407874291e-01,4.350000000000000000e+02
1.841939366152788304e-01,4.350000000000000000e+02
1.842512464897702040e-01,4.360000000000000000e+02
1.843085563642615776e-01,4.360000000000000000e+02
1.843658662387529512e-01,4.360000000000000000e+02
1.844231761132443248e-01,4.360000000000000000e+02
1.844804859877356984e-01,4.360000000000000000e+02
1.845377958622270720e-01,4.360000000000000000e+02
1.845951057367184456e-01,4.360000000000000000e+02
1.846524156112098192e-01,4.360000000000000000e+02
1.847097254857011928e-01,4.360000000000000000e+02
1.847670353601925664e-01,4.360000000000000000e+02
1.848243452346839399e-01,4.360000000000000000e+02
1.848816551091753135e-01,4.360000000000000000e+02
1.849389649836666871e-01,4.370000000000000000e+02
1.849962748581580607e-01,4.370000000000000000e+02
1.850535847326494343e-01,4.370000000000000000e+02
1.851108946071408079e-01,4.370000000000000000e+02
1.851682044816321815e-01,4.370000000000000000e+02
1.852255143561235551e-01,4.370000000000000000e+02
1.852828242306149287e-01,4.370000000000000000e+02
1.853401341051063023e-01,4.370000000000000000e+02
1.853974439795976759e-01,4.370000000000000000e+02
1.854547538540890772e-01,4.380000000000000000e+02
1.855120637285804508e-01,4.380000000000000000e+02
1.855693736030718244e-01,4.380000000000000000e+02
1.856266834775631980e-01,4.380000000000000000e+02
1.856839933520545716e-01,4.380000000000000000e+02
1.857413032265459452e-01,4.380000000000000000e+02
1.857986131010373188e-01,4.390000000000000000e+02
1.858559229755286923e-01,4.390000000000000000e+02
1.859132328500200659e-01,4.390000000000000000e+02
1.859705427245114395e-01,4.390000000000000000e+02
1.860278525990028131e-01,4.390000000000000000e+02
1.860851624734941867e-01,4.390000000000000000e+02
1.861424723479855603e-01,4.390000000000000000e+02
1.861997822224769339e-01,4.400000000000000000e+02
1.862570920969683075e-01,4.400000000000000000e+02
1.863144019714596811e-01,4.400000000000000000e+02
1.863717118459510547e-01,4.400000000000000000e+02
1.864290217204424283e-01,4.410000000000000000e+02
1.864863315949338018e-01,4.410000000000000000e+02
1.865436414694251754e-01,4.410000000000000000e+02
1.866009513439165490e-01,4.410000000000000000e+02
1.866582612184079226e-01,4.410000000000000000e+02
1.867155710928993240e-01,4.410000000000000000e+02
1.867728809673906976e-01,4.410000000000000000e+02
1.868301908418820712e-01,4.410000000000000000e+02
1.868875007163734447e-01,4.410000000000000000e+02
1.869448105908648183e-01,4.420000000000000000e+02
1.870021204653561919e-01,4.420000000000000000e+02
1.870594303398475655e-01,4.420000000000000000e+02
1.871167402143389391e-01,4.420000000000000000e+02
1.871740500888303127e-01,4.420000000000000000e+02
1.872313599633216863e-01,4.420000000000000000e+02
1.872886698378130599e-01,4.420000000000000000e+02
1.873459797123044335e-01,4.420000000000000000e+02
1.874032895867958071e-01,4.420000000000000000e+02
1.874605994612871807e-01,4.420000000000000000e+02
1.875179093357785542e-01,4.420000000000000000e+02
1.875752192102699278e-01,4.430000000000000000e+02
1.876325290847613014e-01,4.440000000000000000e+02
1.876898389592526750e-01,4.440000000000000000e+02
1.877471488337440486e-01,4.440000000000000000e+02
1.878044587082354222e-01,4.440000000000000000e+02
1.878617685827267958e-01,4.440000000000000000e+02
1.879190784572181971e-01,4.440000000000000000e+02
1.879763883317095707e-01,4.450000000000000000e+02
1.880336982062009443e-01,4.450000000000000000e+02
1.880910080806923179e-01,4.450000000000000000e+02
1.881483179551836915e-01,4.450000000000000000e+02
1.882056278296750651e-01,4.450000000000000000e+02
1.882629377041664387e-01,4.450000000000000000e+02
1.883202475786578123e-01,4.450000000000000000e+02
1.883775574531491859e-01,4.450000000000000000e+02
1.884348673276405595e-01,4.460000000000000000e+02
1.884921772021319331e-01,4.460000000000000000e+02
1.885494870766233066e-01,4.460000000000000000e+02
1.886067969511146802e-01,4.460000000000000000e+02
1.886641068256060538e-01,4.460000000000000000e+02
1.887214167000974274e-01,4.470000000000000000e+02
1.887787265745888010e-01,4.470000000000000000e+02
1.888360364490801746e-01,4.470000000000000000e+02
1.888933463235715482e-01,4.470000000000000000e+02
1.889506561980629218e-01,4.470000000000000000e+02
1.890079660725542954e-01,4.470000000000000000e+02
1.890652759470456690e-01,4.470000000000000000e+02
1.891225858215370426e-01,4.470000000000000000e+02
1.891798956960284439e-01,4.470000000000000000e+02
1.892372055705198175e-01,4.470000000000000000e+02
1.892945154450111911e-01,4.480000000000000000e+02
1.893518253195025647e-01,4.480000000000000000e+02
1.894091351939939383e-01,4.480000000000000000e+02
1.894664450684853119e-01,4.480000000000000000e+02
1.895237549429766855e-01,4.480000000000000000e+02
1.895810648174680590e-01,4.490000000000000000e+02
1.896383746919594326e-01,4.490000000000000000e+02
1.896956845664508062e-01,4.490000000000000000e+02
1.897529944409421798e-01,4.490000000000000000e+02
1.898103043154335534e-01,4.490000000000000000e+02
1.898676141899249270e-01,4.500000000000000000e+02
1.899249240644163006e-01,4.500000000000000000e+02
1.899822339389076742e-01,4.500000000000000000e+02
1.900395438133990478e-01,4.510000000000000000e+02
1.900968536878904214e-01,4.510000000000000000e+02
1.901541635623817950e-01,4.510000000000000000e+02
1.902114734368731686e-01,4.510000000000000000e+02
1.902687833113645421e-01,4.510000000000000000e+02
1.903260931858559157e-01,4.520000000000000000e+02
1.903834030603472893e-01,4.520000000000000000e+02
1.904407129348386907e-01,4.520000000000000000e+02
1.904980228093300643e-01,4.520000000000000000e+02
1.905553326838214379e-01,4.520000000000000000e+02
1.906126425583128114e-01,4.520000000000000000e+02
1.906699524328041850e-01,4.520000000000000000e+02
1.907272623072955586e-01,4.530000000000000000e+02
1.907845721817869322e-01,4.530000000000000000e+02
1.908418820562783058e-01,4.530000000000000000e+02
1.908991919307696794e-01,4.530000000000000000e+02
1.909565018052610530e-01,4.540000000000000000e+02
1.910138116797524266e-01,4.540000000000000000e+02
1.910711215542438002e-01,4.540000000000000000e+02
1.911284314287351738e-01,4.540000000000000000e+02
1.911857413032265474e-01,4.540000000000000000e+02
1.912430511777179210e-01,4.540000000000000000e+02
1.913003610522092945e-01,4.550000000000000000e+02
1.913576709267006681e-01,4.550000000000000000e+02
1.914149808011920417e-01,4.550000000000000000e+02
1.914722906756834153e-01,4.560000000000000000e+02
1.915296005501747889e-01,4.560000000000000000e+02
1.915869104246661625e-01,4.560000000000000000e+02
1.916442202991575361e-01,4.560000000000000000e+02
1.917015301736489374e-01,4.560000000000000000e+02
1.917588400481403110e-01,4.560000000000000000e+02
1.918161499226316846e-01,4.560000000000000000e+02
1.918734597971230582e-01,4.560000000000000000e+02
1.919307696716144318e-01,4.560000000000000000e+02
1.919880795461058054e-01,4.560000000000000000e+02
1.920453894205971790e-01,4.560000000000000000e+02
1.921026992950885526e-01,4.560000000000000000e+02
1.921600091695799262e-01,4.560000000000000000e+02
1.922173190440712998e-01,4.570000000000000000e+02
1.922746289185626734e-01,4.570000000000000000e+02
1.923319387930540469e-01,4.570000000000000000e+02
1.923892486675454205e-01,4.570000000000000000e+02
1.924465585420367941e-01,4.570000000000000000e+02
1.925038684165281677e-01,4.570000000000000000e+02
1.925611782910195413e-01,4.580000000000000000e+02
1.926184881655109149e-01,4.580000000000000000e+02
1.926757980400022885e-01,4.580000000000000000e+02
1.927331079144936621e-01,4.580000000000000000e+02
1.927904177889850357e-01,4.580000000000000000e+02
1.928477276634764093e-01,4.590000000000000000e+02
1.929050375379677829e-01,4.590000000000000000e+02
1.929623474124591842e-01,4.590000000000000000e+02
1.930196572869505578e-01,4.590000000000000000e+02
1.930769671614419314e-01,4.600000000000000000e+02
1.931342770359333050e-01,4.600000000000000000e+02
1.931915869104246786e-01,4.600000000000000000e+02
1.932488967849160522e-01,4.600000000000000000e+02
1.933062066594074258e-01,4.600000000000000000e+02
1.933635165338987993e-01,4.600000000000000000e+02
1.934208264083901729e-01,4.610000000000000000e+02
1.934781362828815465e-01,4.610000000000000000e+02
1.935354461573729201e-01,4.610000000000000000e+02
1.935927560318642937e-01,4.610000000000000000e+02
1.936500659063556673e-01,4.610000000000000000e+02
1.937073757808470409e-01,4.610000000000000000e+02
1.937646856553384145e-01,4.620000000000000000e+02
1.938219955298297881e-01,4.620000000000000000e+02
1.938793054043211617e-01,4.620000000000000000e+02
1.939366152788125353e-01,4.620000000000000000e+02
1.939939251533039088e-01,4.620000000000000000e+02
1.940512350277952824e-01,4.620000000000000000e+02
1.941085449022866560e-01,4.620000000000000000e+02
1.941658547767780574e-01,4.620000000000000000e+02
1.942231646512694310e-01,4.630000000000000000e+02
1.942804745257608046e-01,4.630000000000000000e+02
1.943377844002521782e-01,4.630000000000000000e+02
1.943950942747435517e-01,4.630000000000000000e+02
1.944524041492349253e-01,4.630000000000000000e+02
1.945097140237262989e-01,4.640000000000000000e+02
1.945670238982176725e-01,4.640000000000000000e+02
1.946243337727090461e-01,4.640000000000000000e+02
1.946816436472004197e-01,4.640000000000000000e+02
1.947389535216917933e-01,4.640000000000000000e+02
1.947962633961831669e-01,4.640000000000000000e+02
1.948535732706745405e-01,4.650000000000000000e+02
1.949108831451659141e-01,4.650000000000000000e+02
1.949681930196572877e-01,4.650000000000000000e+02
1.950255028941486612e-01,4.650000000000000000e+02
1.950828127686400348e-01,4.650000000000000000e+02
1.951401226431314084e-01,4.650000000000000000e+02
1.951974325176227820e-01,4.660000000000000000e+02
1.952547423921141556e-01,4.660000000000000000e+02
1.953120522666055292e-01,4.660000000000000000e+02
1.953693621410969028e-01,4.670000000000000000e+02
1.954266720155883041e-01,4.670000000000000000e+02
1.954839818900796777e-01,4.670000000000000000e+02
1.955412917645710513e-01,4.670000000000000000e+02
1.955986016390624249e-01,4.670000000000000000e+02
1.956559115135537985e-01,4.680000000000000000e+02
1.957132213880451721e-01,4.680000000000000000e+02
1.957705312625365457e-01,4.680000000000000000e+02
1.958278411370279193e-01,4.680000000000000000e+02
1.958851510115192929e-01,4.680000000000000000e+02
1.959424608860106665e-01,4.680000000000000000e+02
1.959997707605020401e-01,4.690000000000000000e+02
1.960570806349934136e-01,4.690000000000000000e+02
1.961143905094847872e-01,4.690000000000000000e+02
1.961717003839761608e-01,4.690000000000000000e+02
1.962290102584675344e-01,4.700000000000000000e+02
1.962863201329589080e-01,4.700000000000000000e+02
1.963436300074502816e-01,4.700000000000000000e+02
1.964009398819416552e-01,4.700000000000000000e+02
1.964582497564330288e-01,4.700000000000000000e+02
1.965155596309244024e-01,4.700000000000000000e+02
1.965728695054157760e-01,4.700000000000000000e+02
1.966301793799071496e-01,4.710000000000000000e+02
1.966874892543985509e-01,4.710000000000000000e+02
1.967447991288899245e-01,4.710000000000000000e+02
1.968021090033812981e-01,4.720000000000000000e+02
1.968594188778726717e-01,4.720000000000000000e+02
1.969167287523640453e-01,4.720000000000000000e+02
1.969740386268554189e-01,4.720000000000000000e+02
1.970313485013467925e-01,4.720000000000000000e+02
1.970886583758381660e-01,4.720000000000000000e+02
1.971459682503295396e-01,4.720000000000000000e+02
1.972032781248209132e-01,4.720000000000000000e+02
1.972605879993122868e-01,4.720000000000000000e+02
1.973178978738036604e-01,4.720000000000000000e+02
1.973752077482950340e-01,4.720000000000000000e+02
1.974325176227864076e-01,4.720000000000000000e+02
1.974898274972777812e-01,4.720000000000000000e+02
1.975471373717691548e-01,4.730000000000000000e+02
1.976044472462605284e-01,4.730000000000000000e+02
1.976617571207519020e-01,4.730000000000000000e+02
1.977190669952432756e-01,4.730000000000000000e+02
1.977763768697346491e-01,4.730000000000000000e+02
1.978336867442260227e-01,4.740000000000000000e+02
1.978909966187173963e-01,4.740000000000000000e+02
1.979483064932087977e-01,4.740000000000000000e+02
1.980056163677001713e-01,4.740000000000000000e+02
1.980629262421915449e-01,4.750000000000000000e+02
1.981202361166829184e-01,4.750000000000000000e+02
1.981775459911742920e-01,4.750000000000000000e+02
1.982348558656656656e-01,4.750000000000000000e+02
1.982921657401570392e-01,4.760000000000000000e+02
1.983494756146484128e-01,4.760000000000000000e+02
1.984067854891397864e-01,4.760000000000000000e+02
1.984640953636311600e-01,4.760000000000000000e+02
1.985214052381225336e-01,4.760000000000000000e+02
1.985787151126139072e-01,4.760000000000000000e+02
1.986360249871052808e-01,4.760000000000000000e+02
1.986933348615966544e-01,4.770000000000000000e+02
1.987506447360880280e-01,4.770000000000000000e+02
1.988079546105794015e-01,4.770000000000000000e+02
1.988652644850707751e-01,4.770000000000000000e+02
1.989225743595621487e-01,4.770000000000000000e+02
1.989798842340535223e-01,4.770000000000000000e+02
1.990371941085448959e-01,4.780000000000000000e+02
1.990945039830362695e-01,4.780000000000000000e+02
1.991518138575276431e-01,4.790000000000000000e+02
1.992091237320190444e-01,4.790000000000000000e+02
1.992664336065104180e-01,4.790000000000000000e+02
1.993237434810017916e-01,4.800000000000000000e+02
1.993810533554931652e-01,4.800000000000000000e+02
1.994383632299845388e-01,4.810000000000000000e+02
1.994956731044759124e-01,4.810000000000000000e+02
1.995529829789672860e-01,4.810000000000000000e+02
1.996102928534586596e-01,4.810000000000000000e+02
1.996676027279500332e-01,4.820000000000000000e+02
1.997249126024414068e-01,4.820000000000000000e+02
1.997822224769327804e-01,4.820000000000000000e+02
1.998395323514241539e-01,4.820000000000000000e+02
1.998968422259155275e-01,4.830000000000000000e+02
1.999541521004069011e-01,4.830000000000000000e+02
2.000114619748982747e-01,4.830000000000000000e+02
2.000687718493896483e-01,4.830000000000000000e+02
2.001260817238810219e-01,4.830000000000000000e+02
2.001833915983723955e-01,4.840000000000000000e+02
2.002407014728637691e-01,4.840000000000000000e+02
2.002980113473551427e-01,4.840000000000000000e+02
2.003553212218465163e-01,4.840000000000000000e+02
2.004126310963379176e-01,4.840000000000000000e+02
2.004699409708292912e-01,4.840000000000000000e+02
2.005272508453206648e-01,4.840000000000000000e+02
2.005845607198120384e-01,4.840000000000000000e+02
2.006418705943034120e-01,4.850000000000000000e+02
2.006991804687947856e-01,4.850000000000000000e+02
2.007564903432861592e-01,4.850000000000000000e+02
2.008138002177775328e-01,4.850000000000000000e+02
2.008711100922689063e-01,4.850000000000000000e+02
2.009284199667602799e-01,4.850000000000000000e+02
2.009857298412516535e-01,4.850000000000000000e+02
2.010430397157430271e-01,4.860000000000000000e+02
2.011003495902344007e-01,4.860000000000000000e+02
2.011576594647257743e-01,4.860000000000000000e+02
2.012149693392171479e-01,4.860000000000000000e+02
2.012722792137085215e-01,4.870000000000000000e+02
2.013295890881998951e-01,4.870000000000000000e+02
2.013868989626912687e-01,4.870000000000000000e+02
2.014442088371826423e-01,4.880000000000000000e+02
2.015015187116740158e-01,4.880000000000000000e+02
2.015588285861653894e-01,4.880000000000000000e+02
2.016161384606567630e-01,4.880000000000000000e+02
2.016734483351481644e-01,4.880000000000000000e+02
2.017307582096395380e-01,4.880000000000000000e+02
2.017880680841309116e-01,4.880000000000000000e+02
2.018453779586222852e-01,4.880000000000000000e+02
2.019026878331136587e-01,4.880000000000000000e+02
2.019599977076050323e-01,4.880000000000000000e+02
2.020173075820964059e-01,4.890000000000000000e+02
2.020746174565877795e-01,4.890000000000000000e+02
2.021319273310791531e-01,4.890000000000000000e+02
2.021892372055705267e-01,4.890000000000000000e+02
2.022465470800619003e-01,4.900000000000000000e+02
2.023038569545532739e-01,4.900000000000000000e+02
2.023611668290446475e-01,4.900000000000000000e+02
2.024184767035360211e-01,4.900000000000000000e+02
2.024757865780273947e-01,4.900000000000000000e+02
2.025330964525187682e-01,4.910000000000000000e+02
2.025904063270101418e-01,4.910000000000000000e+02
2.026477162015015154e-01,4.910000000000000000e+02
2.027050260759928890e-01,4.910000000000000000e+02
2.027623359504842626e-01,4.920000000000000000e+02
2.028196458249756362e-01,4.920000000000000000e+02
2.028769556994670098e-01,4.920000000000000000e+02
2.029342655739584111e-01,4.930000000000000000e+02
2.029915754484497847e-01,4.930000000000000000e+02
2.030488853229411583e-01,4.930000000000000000e+02
2.031061951974325319e-01,4.940000000000000000e+02
2.031635050719239055e-01,4.940000000000000000e+02
2.032208149464152791e-01,4.940000000000000000e+02
2.032781248209066527e-01,4.940000000000000000e+02
2.033354346953980263e-01,4.950000000000000000e+02
2.033927445698893999e-01,4.950000000000000000e+02
2.034500544443807735e-01,4.950000000000000000e+02
2.035073643188721471e-01,4.950000000000000000e+02
2.035646741933635206e-01,4.960000000000000000e+02
2.036219840678548942e-01,4.960000000000000000e+02
2.036792939423462678e-01,4.960000000000000000e+02
2.037366038168376414e-01,4.960000000000000000e+02
2.037939136913290150e-01,4.960000000000000000e+02
2.038512235658203886e-01,4.960000000000000000e+02
2.039085334403117622e-01,4.960000000000000000e+02
2.039658433148031358e-01,4.960000000000000000e+02
2.040231531892945094e-01,4.970000000000000000e+02
2.040804630637858830e-01,4.970000000000000000e+02
2.041377729382772566e-01,4.970000000000000000e+02
2.041950828127686579e-01,4.970000000000000000e+02
2.042523926872600315e-01,4.980000000000000000e+02
2.043097025617514051e-01,4.980000000000000000e+02
2.043670124362427787e-01,4.990000000000000000e+02
2.044243223107341523e-01,4.990000000000000000e+02
2.044816321852255259e-01,4.990000000000000000e+02
2.045389420597168995e-01,4.990000000000000000e+02
2.045962519342082730e-01,4.990000000000000000e+02
2.046535618086996466e-01,4.990000000000000000e+02
2.047108716831910202e-01,5.000000000000000000e+02
2.047681815576823938e-01,5.000000000000000000e+02
2.048254914321737674e-01,5.000000000000000000e+02
2.048828013066651410e-01,5.000000000000000000e+02
2.049401111811565146e-01,5.000000000000000000e+02
2.049974210556478882e-01,5.000000000000000000e+02
2.050547309301392618e-01,5.010000000000000000e+02
2.051120408046306354e-01,5.010000000000000000e+02
2.051693506791220090e-01,5.010000000000000000e+02
2.052266605536133826e-01,5.020000000000000000e+02
2.052839704281047561e-01,5.020000000000000000e+02
2.053412803025961297e-01,5.020000000000000000e+02
2.053985901770875033e-01,5.020000000000000000e+02
2.054559000515789047e-01,5.020000000000000000e+02
2.055132099260702783e-01,5.020000000000000000e+02
2.055705198005616519e-01,5.020000000000000000e+02
2.056278296750530254e-01,5.020000000000000000e+02
2.056851395495443990e-01,5.030000000000000000e+02
2.057424494240357726e-01,5.030000000000000000e+02
2.057997592985271462e-01,5.030000000000000000e+02
2.058570691730185198e-01,5.030000000000000000e+02
2.059143790475098934e-01,5.030000000000000000e+02
2.059716889220012670e-01,5.030000000000000000e+02
2.060289987964926406e-01,5.030000000000000000e+02
2.060863086709840142e-01,5.030000000000000000e+02
2.061436185454753878e-01,5.030000000000000000e+02
2.062009284199667614e-01,5.040000000000000000e+02
2.062582382944581350e-01,5.040000000000000000e+02
2.063155481689495085e-01,5.040000000000000000e+02
2.063728580434408821e-01,5.040000000000000000e+02
2.064301679179322557e-01,5.040000000000000000e+02
2.064874777924236293e-01,5.040000000000000000e+02
2.065447876669150029e-01,5.040000000000000000e+02
2.066020975414063765e-01,5.040000000000000000e+02
2.066594074158977778e-01,5.050000000000000000e+02
2.067167172903891514e-01,5.050000000000000000e+02
2.067740271648805250e-01,5.050000000000000000e+02
2.068313370393718986e-01,5.050000000000000000e+02
2.068886469138632722e-01,5.050000000000000000e+02
2.069459567883546458e-01,5.050000000000000000e+02
2.070032666628460194e-01,5.050000000000000000e+02
2.070605765373373930e-01,5.050000000000000000e+02
2.071178864118287666e-01,5.060000000000000000e+02
2.071751962863201402e-01,5.060000000000000000e+02
2.072325061608115138e-01,5.060000000000000000e+02
2.072898160353028874e-01,5.060000000000000000e+02
2.073471259097942609e-01,5.060000000000000000e+02
2.074044357842856345e-01,5.060000000000000000e+02
2.074617456587770081e-01,5.070000000000000000e+02
2.075190555332683817e-01,5.070000000000000000e+02
2.075763654077597553e-01,5.070000000000000000e+02
2.076336752822511289e-01,5.070000000000000000e+02
2.076909851567425025e-01,5.070000000000000000e+02
2.077482950312338761e-01,5.080000000000000000e+02
2.078056049057252497e-01,5.080000000000000000e+02
2.078629147802166233e-01,5.080000000000000000e+02
2.079202246547080246e-01,5.080000000000000000e+02
2.079775345291993982e-01,5.080000000000000000e+02
2.080348444036907718e-01,5.090000000000000000e+02
2.080921542781821454e-01,5.090000000000000000e+02
2.081494641526735190e-01,5.090000000000000000e+02
2.082067740271648926e-01,5.090000000000000000e+02
2.082640839016562662e-01,5.100000000000000000e+02
2.083213937761476398e-01,5.100000000000000000e+02
2.083787036506390133e-01,5.100000000000000000e+02
2.084360135251303869e-01,5.100000000000000000e+02
2.084933233996217605e-01,5.110000000000000000e+02
2.085506332741131341e-01,5.110000000000000000e+02
2.086079431486045077e-01,5.110000000000000000e+02
2.086652530230958813e-01,5.120000000000000000e+02
2.087225628975872549e-01,5.120000000000000000e+02
2.087798727720786285e-01,5.120000000000000000e+02
2.088371826465700021e-01,5.120000000000000000e+02
2.088944925210613757e-01,5.120000000000000000e+02
2.089518023955527493e-01,5.120000000000000000e+02
2.090091122700441228e-01,5.120000000000000000e+02
2.090664221445354964e-01,5.130000000000000000e+02
2.091237320190268700e-01,5.130000000000000000e+02
2.091810418935182714e-01,5.130000000000000000e+02
2.092383517680096450e-01,5.130000000000000000e+02
2.092956616425010186e-01,5.130000000000000000e+02
2.093529715169923922e-01,5.130000000000000000e+02
2.094102813914837657e-01,5.140000000000000000e+02
2.094675912659751393e-01,5.140000000000000000e+02
2.095249011404665129e-01,5.140000000000000000e+02
2.095822110149578865e-01,5.140000000000000000e+02
2.096395208894492601e-01,5.140000000000000000e+02
2.096968307639406337e-01,5.140000000000000000e+02
2.097541406384320073e-01,5.140000000000000000e+02
2.098114505129233809e-01,5.140000000000000000e+02
2.098687603874147545e-01,5.140000000000000000e+02
2.099260702619061281e-01,5.150000000000000000e+02
2.099833801363975017e-01,5.150000000000000000e+02
2.100406900108888752e-01,5.150000000000000000e+02
2.100979998853802488e-01,5.150000000000000000e+02
2.101553097598716224e-01,5.160000000000000000e+02
2.102126196343629960e-01,5.160000000000000000e+02
2.102699295088543696e-01,5.160000000000000000e+02
2.103272393833457432e-01,5.170000000000000000e+02
2.103845492578371168e-01,5.170000000000000000e+02
2.104418591323285181e-01,5.170000000000000000e+02
2.104991690068198917e-01,5.170000000000000000e+02
2.105564788813112653e-01,5.170000000000000000e+02
2.106137887558026389e-01,5.170000000000000000e+02
2.106710986302940125e-01,5.170000000000000000e+02
2.107284085047853861e-01,5.170000000000000000e+02
2.107857183792767597e-01,5.180000000000000000e+02
2.108430282537681333e-01,5.180000000000000000e+02
2.109003381282595069e-01,5.180000000000000000e+02
2.109576480027508805e-01,5.180000000000000000e+02
2.110149578772422541e-01,5.180000000000000000e+02
2.110722677517336276e-01,5.180000000000000000e+02
2.111295776262250012e-01,5.190000000000000000e+02
2.111868875007163748e-01,5.190000000000000000e+02
2.112441973752077484e-01,5.190000000000000000e+02
2.113015072496991220e-01,5.190000000000000000e+02
2.113588171241904956e-01,5.190000000000000000e+02
2.114161269986818692e-01,5.190000000000000000e+02
2.114734368731732428e-01,5.190000000000000000e+02
2.115307467476646164e-01,5.190000000000000000e+02
2.115880566221559900e-01,5.190000000000000000e+02
2.116453664966473913e-01,5.200000000000000000e+02
2.117026763711387649e-01,5.200000000000000000e+02
2.117599862456301385e-01,5.200000000000000000e+02
2.118172961201215121e-01,5.200000000000000000e+02
2.118746059946128857e-01,5.200000000000000000e+02
2.119319158691042593e-01,5.200000000000000000e+02
2.119892257435956329e-01,5.210000000000000000e+02
2.120465356180870065e-01,5.210000000000000000e+02
2.121038454925783800e-01,5.210000000000000000e+02
2.121611553670697536e-01,5.210000000000000000e+02
2.122184652415611272e-01,5.210000000000000000e+02
2.122757751160525008e-01,5.220000000000000000e+02
2.123330849905438744e-01,5.220000000000000000e+02
2.123903948650352480e-01,5.220000000000000000e+02
2.124477047395266216e-01,5.220000000000000000e+02
2.125050146140179952e-01,5.220000000000000000e+02
2.125623244885093688e-01,5.220000000000000000e+02
2.126196343630007424e-01,5.230000000000000000e+02
2.126769442374921160e-01,5.230000000000000000e+02
2.127342541119834896e-01,5.230000000000000000e+02
2.127915639864748631e-01,5.230000000000000000e+02
2.128488738609662367e-01,5.230000000000000000e+02
2.129061837354576381e-01,5.230000000000000000e+02
2.129634936099490117e-01,5.230000000000000000e+02
2.130208034844403853e-01,5.230000000000000000e+02
2.130781133589317589e-01,5.240000000000000000e+02
2.131354232334231324e-01,5.240000000000000000e+02
2.131927331079145060e-01,5.240000000000000000e+02
2.132500429824058796e-01,5.240000000000000000e+02
2.133073528568972532e-01,5.240000000000000000e+02
2.133646627313886268e-01,5.250000000000000000e+02
2.134219726058800004e-01,5.250000000000000000e+02
2.134792824803713740e-01,5.250000000000000000e+02
2.135365923548627476e-01,5.250000000000000000e+02
2.135939022293541212e-01,5.250000000000000000e+02
2.136512121038454948e-01,5.250000000000000000e+02
2.137085219783368684e-01,5.260000000000000000e+02
2.137658318528282420e-01,5.260000000000000000e+02
2.138231417273196155e-01,5.260000000000000000e+02
2.138804516018109891e-01,5.260000000000000000e+02
2.139377614763023627e-01,5.260000000000000000e+02
2.139950713507937363e-01,5.260000000000000000e+02
2.140523812252851099e-01,5.260000000000000000e+02
2.141096910997764835e-01,5.260000000000000000e+02
2.141670009742678848e-01,5.270000000000000000e+02
2.142243108487592584e-01,5.270000000000000000e+02
2.142816207232506320e-01,5.270000000000000000e+02
2.143389305977420056e-01,5.270000000000000000e+02
2.143962404722333792e-01,5.280000000000000000e+02
2.144535503467247528e-01,5.280000000000000000e+02
2.145108602212161264e-01,5.280000000000000000e+02
2.145681700957075000e-01,5.280000000000000000e+02
2.146254799701988736e-01,5.280000000000000000e+02
2.146827898446902472e-01,5.280000000000000000e+02
2.147400997191816208e-01,5.280000000000000000e+02
2.147974095936729944e-01,5.280000000000000000e+02
2.148547194681643679e-01,5.280000000000000000e+02
2.149120293426557415e-01,5.290000000000000000e+02
2.149693392171471151e-01,5.290000000000000000e+02
2.150266490916384887e-01,5.290000000000000000e+02
2.150839589661298623e-01,5.290000000000000000e+02
2.151412688406212359e-01,5.290000000000000000e+02
2.151985787151126095e-01,5.290000000000000000e+02
2.152558885896039831e-01,5.290000000000000000e+02
2.153131984640953567e-01,5.290000000000000000e+02
2.153705083385867303e-01,5.290000000000000000e+02
2.154278182130781316e-01,5.290000000000000000e+02
2.154851280875695052e-01,5.290000000000000000e+02
2.155424379620608788e-01,5.300000000000000000e+02
2.155997478365522524e-01,5.300000000000000000e+02
2.156570577110436260e-01,5.300000000000000000e+02
2.157143675855349996e-01,5.300000000000000000e+02
2.157716774600263732e-01,5.300000000000000000e+02
2.158289873345177468e-01,5.300000000000000000e+02
2.158862972090091203e-01,5.310000000000000000e+02
2.159436070835004939e-01,5.310000000000000000e+02
2.160009169579918675e-01,5.310000000000000000e+02
2.160582268324832411e-01,5.310000000000000000e+02
2.161155367069746147e-01,5.310000000000000000e+02
2.161728465814659883e-01,5.310000000000000000e+02
2.162301564559573619e-01,5.320000000000000000e+02
2.162874663304487355e-01,5.320000000000000000e+02
2.163447762049401091e-01,5.320000000000000000e+02
2.164020860794314827e-01,5.330000000000000000e+02
2.164593959539228563e-01,5.330000000000000000e+02
2.165167058284142299e-01,5.330000000000000000e+02
2.165740157029056034e-01,5.330000000000000000e+02
2.166313255773969770e-01,5.330000000000000000e+02
2.166886354518883784e-01,5.330000000000000000e+02
2.167459453263797520e-01,5.330000000000000000e+02
2.168032552008711256e-01,5.330000000000000000e+02
2.168605650753624992e-01,5.330000000000000000e+02
2.169178749498538727e-01,5.330000000000000000e+02
2.169751848243452463e-01,5.340000000000000000e+02
2.170324946988366199e-01,5.340000000000000000e+02
2.170898045733279935e-01,5.340000000000000000e+02
2.171471144478193671e-01,5.340000000000000000e+02
2.172044243223107407e-01,5.340000000000000000e+02
2.172617341968021143e-01,5.350000000000000000e+02
2.173190440712934879e-01,5.350000000000000000e+02
2.173763539457848615e-01,5.350000000000000000e+02
2.174336638202762351e-01,5.360000000000000000e+02
2.174909736947676087e-01,5.360000000000000000e+02
2.175482835692589823e-01,5.360000000000000000e+02
2.176055934437503558e-01,5.360000000000000000e+02
2.176629033182417294e-01,5.360000000000000000e+02
2.177202131927331030e-01,5.370000000000000000e+02
2.177775230672244766e-01,5.370000000000000000e+02
2.178348329417158502e-01,5.370000000000000000e+02
2.178921428162072516e-01,5.380000000000000000e+02
2.179494526906986251e-01,5.380000000000000000e+02
2.180067625651899987e-01,5.380000000000000000e+02
2.180640724396813723e-01,5.380000000000000000e+02
2.181213823141727459e-01,5.380000000000000000e+02
2.181786921886641195e-01,5.390000000000000000e+02
2.182360020631554931e-01,5.390000000000000000e+02
2.182933119376468667e-01,5.400000000000000000e+02
2.183506218121382403e-01,5.400000000000000000e+02
2.184079316866296139e-01,5.400000000000000000e+02
2.184652415611209875e-01,5.410000000000000000e+02
2.185225514356123611e-01,5.410000000000000000e+02
2.185798613101037347e-01,5.410000000000000000e+02
2.186371711845951082e-01,5.410000000000000000e+02
2.186944810590864818e-01,5.410000000000000000e+02
2.187517909335778554e-01,5.410000000000000000e+02
2.188091008080692290e-01,5.410000000000000000e+02
2.188664106825606026e-01,5.410000000000000000e+02
2.189237205570519762e-01,5.410000000000000000e+02
2.189810304315433498e-01,5.420000000000000000e+02
2.190383403060347234e-01,5.420000000000000000e+02
2.190956501805260970e-01,5.420000000000000000e+02
2.191529600550174983e-01,5.420000000000000000e+02
2.192102699295088719e-01,5.420000000000000000e+02
2.192675798040002455e-01,5.430000000000000000e+02
2.193248896784916191e-01,5.430000000000000000e+02
2.193821995529829927e-01,5.430000000000000000e+02
2.194395094274743663e-01,5.430000000000000000e+02
2.194968193019657399e-01,5.430000000000000000e+02
2.195541291764571135e-01,5.430000000000000000e+02
2.196114390509484871e-01,5.430000000000000000e+02
2.196687489254398606e-01,5.430000000000000000e+02
2.197260587999312342e-01,5.440000000000000000e+02
2.197833686744226078e-01,5.440000000000000000e+02
2.198406785489139814e-01,5.440000000000000000e+02
2.198979884234053550e-01,5.440000000000000000e+02
2.199552982978967286e-01,5.440000000000000000e+02
2.200126081723881022e-01,5.440000000000000000e+02
2.200699180468794758e-01,5.440000000000000000e+02
2.201272279213708494e-01,5.440000000000000000e+02
2.201845377958622230e-01,5.450000000000000000e+02
2.202418476703535966e-01,5.450000000000000000e+02
2.202991575448449701e-01,5.450000000000000000e+02
2.203564674193363437e-01,5.450000000000000000e+02
2.204137772938277451e-01,5.450000000000000000e+02
2.204710871683191187e-01,5.450000000000000000e+02
2.205283970428104923e-01,5.460000000000000000e+02
2.205857069173018659e-01,5.460000000000000000e+02
2.206430167917932395e-01,5.460000000000000000e+02
2.207003266662846130e-01,5.460000000000000000e+02
2.207576365407759866e-01,5.460000000000000000e+02
2.208149464152673602e-01,5.470000000000000000e+02
2.208722562897587338e-01,5.470000000000000000e+02
2.209295661642501074e-01,5.470000000000000000e+02
2.209868760387414810e-01,5.470000000000000000e+02
2.210441859132328546e-01,5.470000000000000000e+02
2.211014957877242282e-01,5.470000000000000000e+02
2.211588056622156018e-01,5.470000000000000000e+02
2.212161155367069754e-01,5.480000000000000000e+02
2.212734254111983490e-01,5.480000000000000000e+02
2.213307352856897225e-01,5.480000000000000000e+02
2.213880451601810961e-01,5.490000000000000000e+02
2.214453550346724697e-01,5.490000000000000000e+02
2.215026649091638433e-01,5.490000000000000000e+02
2.215599747836552169e-01,5.490000000000000000e+02
2.216172846581465905e-01,5.490000000000000000e+02
2.216745945326379919e-01,5.490000000000000000e+02
2.217319044071293654e-01,5.490000000000000000e+02
2.217892142816207390e-01,5.490000000000000000e+02
2.218465241561121126e-01,5.500000000000000000e+02
2.219038340306034862e-01,5.500000000000000000e+02
2.219611439050948598e-01,5.500000000000000000e+02
2.220184537795862334e-01,5.500000000000000000e+02
2.220757636540776070e-01,5.500000000000000000e+02
2.221330735285689806e-01,5.500000000000000000e+02
2.221903834030603542e-01,5.500000000000000000e+02
2.222476932775517278e-01,5.510000000000000000e+02
2.223050031520431014e-01,5.510000000000000000e+02
2.223623130265344749e-01,5.510000000000000000e+02
2.224196229010258485e-01,5.510000000000000000e+02
2.224769327755172221e-01,5.510000000000000000e+02
2.225342426500085957e-01,5.520000000000000000e+02
2.225915525244999693e-01,5.520000000000000000e+02
2.226488623989913429e-01,5.530000000000000000e+02
2.227061722734827165e-01,5.530000000000000000e+02
2.227634821479740901e-01,5.530000000000000000e+02
2.228207920224654637e-01,5.540000000000000000e+02
2.228781018969568373e-01,5.540000000000000000e+02
2.229354117714482386e-01,5.540000000000000000e+02
2.229927216459396122e-01,5.540000000000000000e+02
2.230500315204309858e-01,5.540000000000000000e+02
2.231073413949223594e-01,5.550000000000000000e+02
2.231646512694137330e-01,5.550000000000000000e+02
2.232219611439051066e-01,5.550000000000000000e+02
2.232792710183964802e-01,5.550000000000000000e+02
2.233365808928878538e-01,5.550000000000000000e+02
2.233938907673792273e-01,5.560000000000000000e+02
2.234512006418706009e-01,5.560000000000000000e+02
2.235085105163619745e-01,5.570000000000000000e+02
2.235658203908533481e-01,5.570000000000000000e+02
2.236231302653447217e-01,5.570000000000000000e+02
2.236804401398360953e-01,5.570000000000000000e+02
2.237377500143274689e-01,5.580000000000000000e+02
2.237950598888188425e-01,5.590000000000000000e+02
2.238523697633102161e-01,5.590000000000000000e+02
2.239096796378015897e-01,5.590000000000000000e+02
2.239669895122929633e-01,5.590000000000000000e+02
2.240242993867843369e-01,5.600000000000000000e+02
2.240816092612757104e-01,5.600000000000000000e+02
2.241389191357671118e-01,5.600000000000000000e+02
2.241962290102584854e-01,5.610000000000000000e+02
2.242535388847498590e-01,5.610000000000000000e+02
2.243108487592412326e-01,5.610000000000000000e+02
2.243681586337326062e-01,5.610000000000000000e+02
2.244254685082239797e-01,5.610000000000000000e+02
2.244827783827153533e-01,5.610000000000000000e+02
2.245400882572067269e-01,5.610000000000000000e+02
2.245973981316981005e-01,5.620000000000000000e+02
2.246547080061894741e-01,5.620000000000000000e+02
2.247120178806808477e-01,5.620000000000000000e+02
2.247693277551722213e-01,5.620000000000000000e+02
2.248266376296635949e-01,5.620000000000000000e+02
2.248839475041549685e-01,5.630000000000000000e+02
2.249412573786463421e-01,5.630000000000000000e+02
2.249985672531377157e-01,5.630000000000000000e+02
2.250558771276290893e-01,5.630000000000000000e+02
2.251131870021204628e-01,5.630000000000000000e+02
2.251704968766118364e-01,5.640000000000000000e+02
2.252278067511032100e-01,5.640000000000000000e+02
2.252851166255945836e-01,5.640000000000000000e+02
2.253424265000859572e-01,5.640000000000000000e+02
2.253997363745773586e-01,5.640000000000000000e+02
2.254570462490687321e-01,5.650000000000000000e+02
2.255143561235601057e-01,5.650000000000000000e+02
2.255716659980514793e-01,5.660000000000000000e+02
2.256289758725428529e-01,5.660000000000000000e+02
2.256862857470342265e-01,5.660000000000000000e+02
2.257435956215256001e-01,5.660000000000000000e+02
2.258009054960169737e-01,5.670000000000000000e+02
2.258582153705083473e-01,5.670000000000000000e+02
2.259155252449997209e-01,5.670000000000000000e+02
2.259728351194910945e-01,5.670000000000000000e+02
2.260301449939824681e-01,5.670000000000000000e+02
2.260874548684738417e-01,5.670000000000000000e+02
2.261447647429652152e-01,5.670000000000000000e+02
2.262020746174565888e-01,5.670000000000000000e+02
2.262593844919479624e-01,5.670000000000000000e+02
2.263166943664393360e-01,5.680000000000000000e+02
2.263740042409307096e-01,5.680000000000000000e+02
2.264313141154220832e-01,5.690000000000000000e+02
2.264886239899134568e-01,5.690000000000000000e+02
2.265459338644048304e-01,5.690000000000000000e+02
2.266032437388962040e-01,5.690000000000000000e+02
2.266605536133876053e-01,5.700000000000000000e+02
2.267178634878789789e-01,5.700000000000000000e+02
2.267751733623703525e-01,5.700000000000000000e+02
2.268324832368617261e-01,5.700000000000000000e+02
2.268897931113530997e-01,5.700000000000000000e+02
2.269471029858444733e-01,5.700000000000000000e+02
2.270044128603358469e-01,5.700000000000000000e+02
2.270617227348272205e-01,5.700000000000000000e+02
2.271190326093185941e-01,5.700000000000000000e+02
2.271763424838099676e-01,5.700000000000000000e+02
2.272336523583013412e-01,5.710000000000000000e+02
2.272909622327927148e-01,5.710000000000000000e+02
2.273482721072840884e-01,5.710000000000000000e+02
2.274055819817754620e-01,5.710000000000000000e+02
2.274628918562668356e-01,5.710000000000000000e+02
2.275202017307582092e-01,5.710000000000000000e+02
2.275775116052495828e-01,5.710000000000000000e+02
2.276348214797409564e-01,5.720000000000000000e+02
2.276921313542323300e-01,5.720000000000000000e+02
2.277494412287237036e-01,5.720000000000000000e+02
2.278067511032150771e-01,5.720000000000000000e+02
2.278640609777064507e-01,5.730000000000000000e+02
2.279213708521978521e-01,5.730000000000000000e+02
2.279786807266892257e-01,5.730000000000000000e+02
2.280359906011805993e-01,5.730000000000000000e+02
2.280933004756719729e-01,5.730000000000000000e+02
2.281506103501633465e-01,5.730000000000000000e+02
2.282079202246547200e-01,5.740000000000000000e+02
2.282652300991460936e-01,5.740000000000000000e+02
2.283225399736374672e-01,5.740000000000000000e+02
2.283798498481288408e-01,5.740000000000000000e+02
2.284371597226202144e-01,5.740000000000000000e+02
2.284944695971115880e-01,5.750000000000000000e+02
2.285517794716029616e-01,5.750000000000000000e+02
2.286090893460943352e-01,5.750000000000000000e+02
2.286663992205857088e-01,5.760000000000000000e+02
2.287237090950770824e-01,5.760000000000000000e+02
2.287810189695684560e-01,5.760000000000000000e+02
2.288383288440598295e-01,5.770000000000000000e+02
2.288956387185512031e-01,5.770000000000000000e+02
2.289529485930425767e-01,5.770000000000000000e+02
2.290102584675339503e-01,5.770000000000000000e+02
2.290675683420253239e-01,5.770000000000000000e+02
2.291248782165167253e-01,5.770000000000000000e+02
2.291821880910080989e-01,5.770000000000000000e+02
2.292394979654994724e-01,5.770000000000000000e+02
2.292968078399908460e-01,5.780000000000000000e+02
2.293541177144822196e-01,5.780000000000000000e+02
2.294114275889735932e-01,5.790000000000000000e+02
2.294687374634649668e-01,5.790000000000000000e+02
2.295260473379563404e-01,5.790000000000000000e+02
2.295833572124477140e-01,5.800000000000000000e+02
2.296406670869390876e-01,5.800000000000000000e+02
2.296979769614304612e-01,5.800000000000000000e+02
2.297552868359218348e-01,5.800000000000000000e+02
2.298125967104132084e-01,5.810000000000000000e+02
2.298699065849045819e-01,5.810000000000000000e+02
2.299272164593959555e-01,5.810000000000000000e+02
2.299845263338873291e-01,5.810000000000000000e+02
2.300418362083787027e-01,5.810000000000000000e+02
2.300991460828700763e-01,5.810000000000000000e+02
2.301564559573614499e-01,5.810000000000000000e+02
2.302137658318528235e-01,5.810000000000000000e+02
2.302710757063441971e-01,5.810000000000000000e+02
2.303283855808355707e-01,5.820000000000000000e+02
2.303856954553269720e-01,5.820000000000000000e+02
2.304430053298183456e-01,5.820000000000000000e+02
2.305003152043097192e-01,5.820000000000000000e+02
2.305576250788010928e-01,5.820000000000000000e+02
2.306149349532924664e-01,5.830000000000000000e+02
2.306722448277838400e-01,5.830000000000000000e+02
2.307295547022752136e-01,5.830000000000000000e+02
2.307868645767665872e-01,5.830000000000000000e+02
2.308441744512579608e-01,5.830000000000000000e+02
2.309014843257493343e-01,5.840000000000000000e+02
2.309587942002407079e-01,5.850000000000000000e+02
2.310161040747320815e-01,5.850000000000000000e+02
2.310734139492234551e-01,5.850000000000000000e+02
2.311307238237148287e-01,5.850000000000000000e+02
2.311880336982062023e-01,5.850000000000000000e+02
2.312453435726975759e-01,5.850000000000000000e+02
2.313026534471889495e-01,5.860000000000000000e+02
2.313599633216803231e-01,5.860000000000000000e+02
2.314172731961716967e-01,5.870000000000000000e+02
2.314745830706630703e-01,5.870000000000000000e+02
2.315318929451544439e-01,5.870000000000000000e+02
2.315892028196458174e-01,5.870000000000000000e+02
2.316465126941372188e-01,5.870000000000000000e+02
2.317038225686285924e-01,5.870000000000000000e+02
2.317611324431199660e-01,5.870000000000000000e+02
2.318184423176113396e-01,5.870000000000000000e+02
2.318757521921027132e-01,5.880000000000000000e+02
2.319330620665940867e-01,5.880000000000000000e+02
2.319903719410854603e-01,5.880000000000000000e+02
2.320476818155768339e-01,5.880000000000000000e+02
2.321049916900682075e-01,5.880000000000000000e+02
2.321623015645595811e-01,5.890000000000000000e+02
2.322196114390509547e-01,5.890000000000000000e+02
2.322769213135423283e-01,5.890000000000000000e+02
2.323342311880337019e-01,5.900000000000000000e+02
2.323915410625250755e-01,5.900000000000000000e+02
2.324488509370164491e-01,5.900000000000000000e+02
2.325061608115078227e-01,5.910000000000000000e+02
2.325634706859991963e-01,5.910000000000000000e+02
2.326207805604905698e-01,5.920000000000000000e+02
2.326780904349819434e-01,5.920000000000000000e+02
2.327354003094733170e-01,5.920000000000000000e+02
2.327927101839646906e-01,5.920000000000000000e+02
2.328500200584560642e-01,5.920000000000000000e+02
2.329073299329474656e-01,5.920000000000000000e+02
2.329646398074388391e-01,5.920000000000000000e+02
2.330219496819302127e-01,5.930000000000000000e+02
2.330792595564215863e-01,5.930000000000000000e+02
2.331365694309129599e-01,5.930000000000000000e+02
2.331938793054043335e-01,5.930000000000000000e+02
2.332511891798957071e-01,5.930000000000000000e+02
2.333084990543870807e-01,5.930000000000000000e+02
2.333658089288784543e-01,5.930000000000000000e+02
2.334231188033698279e-01,5.940000000000000000e+02
2.334804286778612015e-01,5.940000000000000000e+02
2.335377385523525751e-01,5.940000000000000000e+02
2.335950484268439487e-01,5.940000000000000000e+02
2.336523583013353222e-01,5.940000000000000000e+02
2.337096681758266958e-01,5.950000000000000000e+02
2.337669780503180694e-01,5.950000000000000000e+02
2.338242879248094430e-01,5.950000000000000000e+02
2.338815977993008166e-01,5.950000000000000000e+02
2.339389076737921902e-01,5.960000000000000000e+02
2.339962175482835638e-01,5.960000000000000000e+02
2.340535274227749374e-01,5.970000000000000000e+02
2.341108372972663110e-01,5.970000000000000000e+02
2.341681471717577123e-01,5.970000000000000000e+02
2.342254570462490859e-01,5.970000000000000000e+02
2.342827669207404595e-01,5.970000000000000000e+02
2.343400767952318331e-01,5.970000000000000000e+02
2.343973866697232067e-01,5.970000000000000000e+02
2.344546965442145803e-01,5.980000000000000000e+02
2.345120064187059539e-01,5.980000000000000000e+02
2.345693162931973275e-01,5.980000000000000000e+02
2.346266261676887011e-01,5.980000000000000000e+02
2.346839360421800746e-01,5.980000000000000000e+02
2.347412459166714482e-01,5.990000000000000000e+02
2.347985557911628218e-01,5.990000000000000000e+02
2.348558656656541954e-01,5.990000000000000000e+02
2.349131755401455690e-01,5.990000000000000000e+02
2.349704854146369426e-01,6.000000000000000000e+02
2.350277952891283162e-01,6.000000000000000000e+02
2.350851051636196898e-01,6.000000000000000000e+02
2.351424150381110634e-01,6.000000000000000000e+02
2.351997249126024370e-01,6.000000000000000000e+02
2.352570347870938106e-01,6.000000000000000000e+02
2.353143446615851841e-01,6.010000000000000000e+02
2.353716545360765855e-01,6.010000000000000000e+02
2.354289644105679591e-01,6.010000000000000000e+02
2.354862742850593327e-01,6.010000000000000000e+02
2.355435841595507063e-01,6.020000000000000000e+02
2.356008940340420799e-01,6.020000000000000000e+02
2.356582039085334535e-01,6.020000000000000000e+02
2.357155137830248270e-01,6.030000000000000000e+02
2.357728236575162006e-01,6.030000000000000000e+02
2.358301335320075742e-01,6.030000000000000000e+02
2.358874434064989478e-01,6.030000000000000000e+02
2.359447532809903214e-01,6.030000000000000000e+02
2.360020631554816950e-01,6.030000000000000000e+02
2.360593730299730686e-01,6.030000000000000000e+02
2.361166829044644422e-01,6.040000000000000000e+02
2.361739927789558158e-01,6.040000000000000000e+02
2.362313026534471894e-01,6.040000000000000000e+02
2.362886125279385630e-01,6.040000000000000000e+02
2.363459224024299365e-01,6.040000000000000000e+02
2.364032322769213101e-01,6.040000000000000000e+02
2.364605421514126837e-01,6.040000000000000000e+02
2.365178520259040573e-01,6.050000000000000000e+02
2.365751619003954309e-01,6.050000000000000000e+02
2.366324717748868323e-01,6.050000000000000000e+02
2.366897816493782059e-01,6.060000000000000000e+02
2.367470915238695794e-01,6.060000000000000000e+02
2.368044013983609530e-01,6.060000000000000000e+02
2.368617112728523266e-01,6.070000000000000000e+02
2.369190211473437002e-01,6.070000000000000000e+02
2.369763310218350738e-01,6.070000000000000000e+02
2.370336408963264474e-01,6.070000000000000000e+02
2.370909507708178210e-01,6.070000000000000000e+02
2.371482606453091946e-01,6.070000000000000000e+02
2.372055705198005682e-01,6.070000000000000000e+02
2.372628803942919418e-01,6.070000000000000000e+02
2.373201902687833154e-01,6.070000000000000000e+02
2.373775001432746889e-01,6.080000000000000000e+02
2.374348100177660625e-01,6.080000000000000000e+02
2.374921198922574361e-01,6.080000000000000000e+02
2.375494297667488097e-01,6.080000000000000000e+02
2.376067396412401833e-01,6.090000000000000000e+02
2.376640495157315569e-01,6.090000000000000000e+02
2.377213593902229305e-01,6.090000000000000000e+02
2.377786692647143041e-01,6.090000000000000000e+02
2.378359791392056777e-01,6.090000000000000000e+02
2.378932890136970790e-01,6.090000000000000000e+02
2.379505988881884526e-01,6.100000000000000000e+02
2.380079087626798262e-01,6.100000000000000000e+02
2.380652186371711998e-01,6.100000000000000000e+02
2.381225285116625734e-01,6.100000000000000000e+02
2.381798383861539470e-01,6.100000000000000000e+02
2.382371482606453206e-01,6.100000000000000000e+02
2.382944581351366942e-01,6.100000000000000000e+02
2.383517680096280678e-01,6.110000000000000000e+02
2.384090778841194413e-01,6.110000000000000000e+02
2.384663877586108149e-01,6.110000000000000000e+02
2.385236976331021885e-01,6.110000000000000000e+02
2.385810075075935621e-01,6.110000000000000000e+02
2.386383173820849357e-01,6.110000000000000000e+02
2.386956272565763093e-01,6.120000000000000000e+02
2.387529371310676829e-01,6.120000000000000000e+02
2.388102470055590565e-01,6.120000000000000000e+02
2.388675568800504301e-01,6.130000000000000000e+02
2.389248667545418037e-01,6.130000000000000000e+02
2.389821766290331773e-01,6.130000000000000000e+02
2.390394865035245509e-01,6.130000000000000000e+02
2.390967963780159244e-01,6.130000000000000000e+02
2.391541062525073258e-01,6.140000000000000000e+02
2.392114161269986994e-01,6.140000000000000000e+02
2.392687260014900730e-01,6.140000000000000000e+02
2.393260358759814466e-01,6.150000000000000000e+02
2.393833457504728202e-01,6.150000000000000000e+02
2.394406556249641937e-01,6.150000000000000000e+02
2.394979654994555673e-01,6.160000000000000000e+02
2.395552753739469409e-01,6.160000000000000000e+02
2.396125852484383145e-01,6.160000000000000000e+02
2.396698951229296881e-01,6.160000000000000000e+02
2.397272049974210617e-01,6.160000000000000000e+02
2.397845148719124353e-01,6.170000000000000000e+02
2.398418247464038089e-01,6.170000000000000000e+02
2.398991346208951825e-01,6.170000000000000000e+02
2.399564444953865561e-01,6.170000000000000000e+02
2.400137543698779297e-01,6.170000000000000000e+02
2.400710642443693033e-01,6.180000000000000000e+02
2.401283741188606768e-01,6.180000000000000000e+02
2.401856839933520504e-01,6.180000000000000000e+02
2.402429938678434240e-01,6.190000000000000000e+02
2.403003037423347976e-01,6.190000000000000000e+02
2.403576136168261712e-01,6.190000000000000000e+02
2.404149234913175726e-01,6.200000000000000000e+02
2.404722333658089461e-01,6.200000000000000000e+02
2.405295432403003197e-01,6.200000000000000000e+02
2.405868531147916933e-01,6.200000000000000000e+02
2.406441629892830669e-01,6.200000000000000000e+02
2.407014728637744405e-01,6.200000000000000000e+02
2.407587827382658141e-01,6.210000000000000000e+02
2.408160926127571877e-01,6.210000000000000000e+02
2.408734024872485613e-01,6.210000000000000000e+02
2.409307123617399349e-01,6.220000000000000000e+02
2.409880222362313085e-01,6.220000000000000000e+02
2.410453321107226821e-01,6.220000000000000000e+02
2.411026419852140557e-01,6.220000000000000000e+02
2.411599518597054292e-01,6.220000000000000000e+02
2.412172617341968028e-01,6.220000000000000000e+02
2.412745716086881764e-01,6.220000000000000000e+02
2.413318814831795500e-01,6.230000000000000000e+02
2.413891913576709236e-01,6.230000000000000000e+02
2.414465012321622972e-01,6.230000000000000000e+02
2.415038111066536708e-01,6.230000000000000000e+02
2.415611209811450444e-01,6.230000000000000000e+02
2.416184308556364457e-01,6.240000000000000000e+02
2.416757407301278193e-01,6.240000000000000000e+02
2.417330506046191929e-01,6.240000000000000000e+02
2.417903604791105665e-01,6.240000000000000000e+02
2.418476703536019401e-01,6.240000000000000000e+02
2.419049802280933137e-01,6.240000000000000000e+02
2.419622901025846873e-01,6.250000000000000000e+02
2.420195999770760609e-01,6.250000000000000000e+02
2.420769098515674345e-01,6.260000000000000000e+02
2.421342197260588081e-01,6.260000000000000000e+02
2.421915296005501816e-01,6.260000000000000000e+02
2.422488394750415552e-01,6.260000000000000000e+02
2.423061493495329288e-01,6.260000000000000000e+02
2.423634592240243024e-01,6.260000000000000000e+02
2.424207690985156760e-01,6.260000000000000000e+02
2.424780789730070496e-01,6.260000000000000000e+02
2.425353888474984232e-01,6.260000000000000000e+02
2.425926987219897968e-01,6.260000000000000000e+02
2.426500085964811704e-01,6.270000000000000000e+02
2.427073184709725440e-01,6.270000000000000000e+02
2.427646283454639176e-01,6.280000000000000000e+02
2.428219382199552911e-01,6.290000000000000000e+02
2.428792480944466925e-01,6.290000000000000000e+02
2.429365579689380661e-01,6.290000000000000000e+02
2.429938678434294397e-01,6.290000000000000000e+02
2.430511777179208133e-01,6.290000000000000000e+02
2.431084875924121869e-01,6.290000000000000000e+02
2.431657974669035605e-01,6.300000000000000000e+02
2.432231073413949340e-01,6.300000000000000000e+02
2.432804172158863076e-01,6.310000000000000000e+02
2.433377270903776812e-01,6.310000000000000000e+02
2.433950369648690548e-01,6.310000000000000000e+02
2.434523468393604284e-01,6.320000000000000000e+02
2.435096567138518020e-01,6.320000000000000000e+02
2.435669665883431756e-01,6.320000000000000000e+02
2.436242764628345492e-01,6.330000000000000000e+02
2.436815863373259228e-01,6.330000000000000000e+02
2.437388962118172964e-01,6.340000000000000000e+02
2.437962060863086700e-01,6.340000000000000000e+02
2.438535159608000435e-01,6.340000000000000000e+02
2.439108258352914171e-01,6.340000000000000000e+02
2.439681357097827907e-01,6.340000000000000000e+02
2.440254455842741643e-01,6.340000000000000000e+02
2.440827554587655379e-01,6.350000000000000000e+02
2.441400653332569393e-01,6.350000000000000000e+02
2.441973752077483129e-01,6.350000000000000000e+02
2.442546850822396864e-01,6.350000000000000000e+02
2.443119949567310600e-01,6.350000000000000000e+02
2.443693048312224336e-01,6.350000000000000000e+02
2.444266147057138072e-01,6.350000000000000000e+02
2.444839245802051808e-01,6.350000000000000000e+02
2.445412344546965544e-01,6.360000000000000000e+02
2.445985443291879280e-01,6.370000000000000000e+02
2.446558542036793016e-01,6.370000000000000000e+02
2.447131640781706752e-01,6.370000000000000000e+02
2.447704739526620488e-01,6.370000000000000000e+02
2.448277838271534224e-01,6.370000000000000000e+02
2.448850937016447959e-01,6.380000000000000000e+02
2.449424035761361695e-01,6.390000000000000000e+02
2.449997134506275431e-01,6.390000000000000000e+02
2.450570233251189167e-01,6.390000000000000000e+02
2.451143331996102903e-01,6.400000000000000000e+02
2.451716430741016639e-01,6.400000000000000000e+02
2.452289529485930375e-01,6.400000000000000000e+02
2.452862628230844111e-01,6.400000000000000000e+02
2.453435726975757847e-01,6.400000000000000000e+02
2.454008825720671860e-01,6.400000000000000000e+02
2.454581924465585596e-01,6.400000000000000000e+02
2.455155023210499332e-01,6.410000000000000000e+02
2.455728121955413068e-01,6.410000000000000000e+02
2.456301220700326804e-01,6.410000000000000000e+02
2.456874319445240540e-01,6.410000000000000000e+02
2.457447418190154276e-01,6.410000000000000000e+02
2.458020516935068012e-01,6.410000000000000000e+02
2.458593615679981748e-01,6.410000000000000000e+02
2.459166714424895483e-01,6.410000000000000000e+02
2.459739813169809219e-01,6.420000000000000000e+02
2.460312911914722955e-01,6.420000000000000000e+02
2.460886010659636691e-01,6.420000000000000000e+02
2.461459109404550427e-01,6.420000000000000000e+02
2.462032208149464163e-01,6.420000000000000000e+02
2.462605306894377899e-01,6.430000000000000000e+02
2.463178405639291635e-01,6.430000000000000000e+02
2.463751504384205371e-01,6.430000000000000000e+02
2.464324603129119107e-01,6.430000000000000000e+02
2.464897701874032843e-01,6.430000000000000000e+02
2.465470800618946579e-01,6.440000000000000000e+02
2.466043899363860592e-01,6.440000000000000000e+02
2.466616998108774328e-01,6.440000000000000000e+02
2.467190096853688064e-01,6.450000000000000000e+02
2.467763195598601800e-01,6.450000000000000000e+02
2.468336294343515536e-01,6.450000000000000000e+02
2.468909393088429272e-01,6.450000000000000000e+02
2.469482491833343007e-01,6.450000000000000000e+02
2.470055590578256743e-01,6.450000000000000000e+02
2.470628689323170479e-01,6.450000000000000000e+02
2.471201788068084215e-01,6.450000000000000000e+02
2.471774886812997951e-01,6.460000000000000000e+02
2.472347985557911687e-01,6.460000000000000000e+02
2.472921084302825423e-01,6.460000000000000000e+02
2.473494183047739159e-01,6.460000000000000000e+02
2.474067281792652895e-01,6.460000000000000000e+02
2.474640380537566631e-01,6.460000000000000000e+02
2.475213479282480367e-01,6.460000000000000000e+02
2.475786578027394103e-01,6.470000000000000000e+02
2.476359676772307838e-01,6.470000000000000000e+02
2.476932775517221574e-01,6.470000000000000000e+02
2.477505874262135310e-01,6.470000000000000000e+02
2.478078973007049046e-01,6.470000000000000000e+02
2.478652071751963060e-01,6.480000000000000000e+02
2.479225170496876796e-01,6.480000000000000000e+02
2.479798269241790531e-01,6.490000000000000000e+02
2.480371367986704267e-01,6.490000000000000000e+02
2.480944466731618003e-01,6.490000000000000000e+02
2.481517565476531739e-01,6.490000000000000000e+02
2.482090664221445475e-01,6.490000000000000000e+02
2.482663762966359211e-01,6.500000000000000000e+02
2.483236861711272947e-01,6.500000000000000000e+02
2.483809960456186683e-01,6.500000000000000000e+02
2.484383059201100419e-01,6.500000000000000000e+02
2.484956157946014155e-01,6.500000000000000000e+02
2.485529256690927891e-01,6.510000000000000000e+02
2.486102355435841627e-01,6.510000000000000000e+02
2.486675454180755362e-01,6.510000000000000000e+02
2.487248552925669098e-01,6.510000000000000000e+02
2.487821651670582834e-01,6.510000000000000000e+02
2.488394750415496570e-01,6.510000000000000000e+02
2.488967849160410306e-01,6.520000000000000000e+02
2.489540947905324042e-01,6.520000000000000000e+02
2.490114046650237778e-01,6.520000000000000000e+02
2.490687145395151514e-01,6.520000000000000000e+02
2.491260244140065527e-01,6.530000000000000000e+02
2.491833342884979263e-01,6.530000000000000000e+02
2.492406441629892999e-01,6.530000000000000000e+02
2.492979540374806735e-01,6.530000000000000000e+02
2.493552639119720471e-01,6.530000000000000000e+02
2.494125737864634207e-01,6.530000000000000000e+02
2.494698836609547943e-01,6.540000000000000000e+02
2.495271935354461679e-01,6.540000000000000000e+02
2.495845034099375415e-01,6.540000000000000000e+02
2.496418132844289151e-01,6.540000000000000000e+02
2.496991231589202886e-01,6.550000000000000000e+02
2.497564330334116622e-01,6.550000000000000000e+02
2.498137429079030358e-01,6.550000000000000000e+02
2.498710527823944094e-01,6.550000000000000000e+02
2.499283626568857830e-01,6.550000000000000000e+02
2.499856725313771566e-01,6.560000000000000000e+02
2.500429824058685302e-01,6.560000000000000000e+02
2.501002922803599038e-01,6.570000000000000000e+02
2.501576021548512774e-01,6.570000000000000000e+02
2.502149120293426510e-01,6.580000000000000000e+02
2.502722219038340246e-01,6.580000000000000000e+02
2.503295317783253982e-01,6.580000000000000000e+02
2.503868416528167717e-01,6.580000000000000000e+02
2.504441515273081453e-01,6.580000000000000000e+02
2.505014614017995189e-01,6.580000000000000000e+02
2.505587712762908925e-01,6.580000000000000000e+02
2.506160811507822661e-01,6.590000000000000000e+02
2.506733910252736397e-01,6.590000000000000000e+02
2.507307008997650133e-01,6.590000000000000000e+02
2.507880107742563869e-01,6.600000000000000000e+02
2.508453206487477605e-01,6.600000000000000000e+02
2.509026305232391341e-01,6.600000000000000000e+02
2.509599403977305077e-01,6.600000000000000000e+02
2.510172502722219368e-01,6.610000000000000000e+02
2.510745601467133103e-01,6.610000000000000000e+02
2.511318700212046839e-01,6.610000000000000000e+02
2.511891798956960575e-01,6.610000000000000000e+02
2.512464897701874311e-01,6.610000000000000000e+02
2.513037996446788047e-01,6.610000000000000000e+02
2.513611095191701783e-01,6.610000000000000000e+02
2.514184193936615519e-01,6.620000000000000000e+02
2.514757292681529255e-01,6.620000000000000000e+02
2.515330391426442991e-01,6.620000000000000000e+02
2.515903490171356727e-01,6.620000000000000000e+02
2.516476588916270463e-01,6.620000000000000000e+02
2.517049687661184199e-01,6.620000000000000000e+02
2.517622786406097934e-01,6.620000000000000000e+02
2.518195885151011670e-01,6.620000000000000000e+02
2.518768983895925406e-01,6.630000000000000000e+02
2.519342082640839142e-01,6.630000000000000000e+02
2.519915181385752878e-01,6.630000000000000000e+02
2.520488280130666614e-01,6.630000000000000000e+02
2.521061378875580350e-01,6.640000000000000000e+02
2.521634477620494086e-01,6.640000000000000000e+02
2.522207576365407822e-01,6.640000000000000000e+02
2.522780675110321558e-01,6.640000000000000000e+02
2.523353773855235294e-01,6.640000000000000000e+02
2.523926872600149030e-01,6.650000000000000000e+02
2.524499971345062765e-01,6.650000000000000000e+02
2.525073070089976501e-01,6.650000000000000000e+02
2.525646168834890237e-01,6.650000000000000000e+02
2.526219267579803973e-01,6.660000000000000000e+02
2.526792366324717709e-01,6.660000000000000000e+02
2.527365465069631445e-01,6.660000000000000000e+02
2.527938563814545181e-01,6.660000000000000000e+02
2.528511662559458917e-01,6.670000000000000000e+02
2.529084761304372653e-01,6.670000000000000000e+02
2.529657860049286389e-01,6.670000000000000000e+02
2.530230958794200125e-01,6.670000000000000000e+02
2.530804057539113860e-01,6.670000000000000000e+02
2.531377156284027596e-01,6.680000000000000000e+02
2.531950255028941332e-01,6.680000000000000000e+02
2.532523353773855068e-01,6.680000000000000000e+02
2.533096452518768804e-01,6.690000000000000000e+02
2.533669551263682540e-01,6.690000000000000000e+02
2.534242650008596276e-01,6.690000000000000000e+02
2.534815748753510567e-01,6.690000000000000000e+02
2.535388847498424303e-01,6.700000000000000000e+02
2.535961946243338039e-01,6.710000000000000000e+02
2.536535044988251775e-01,6.710000000000000000e+02
2.537108143733165511e-01,6.710000000000000000e+02
2.537681242478079247e-01,6.710000000000000000e+02
2.538254341222992982e-01,6.720000000000000000e+02
2.538827439967906718e-01,6.730000000000000000e+02
2.539400538712820454e-01,6.730000000000000000e+02
2.539973637457734190e-01,6.730000000000000000e+02
2.540546736202647926e-01,6.730000000000000000e+02
2.541119834947561662e-01,6.730000000000000000e+02
2.541692933692475398e-01,6.730000000000000000e+02
2.542266032437389134e-01,6.740000000000000000e+02
2.542839131182302870e-01,6.740000000000000000e+02
2.543412229927216606e-01,6.750000000000000000e+02
2.543985328672130342e-01,6.750000000000000000e+02
2.544558427417044078e-01,6.750000000000000000e+02
2.545131526161957813e-01,6.750000000000000000e+02
2.545704624906871549e-01,6.750000000000000000e+02
2.546277723651785285e-01,6.760000000000000000e+02
2.546850822396699021e-01,6.760000000000000000e+02
2.547423921141612757e-01,6.760000000000000000e+02
2.547997019886526493e-01,6.760000000000000000e+02
2.548570118631440229e-01,6.760000000000000000e+02
2.549143217376353965e-01,6.770000000000000000e+02
2.549716316121267701e-01,6.770000000000000000e+02
2.550289414866181437e-01,6.770000000000000000e+02
2.550862513611095173e-01,6.770000000000000000e+02
2.551435612356008908e-01,6.770000000000000000e+02
2.552008711100922644e-01,6.770000000000000000e+02
2.552581809845836380e-01,6.780000000000000000e+02
2.553154908590750116e-01,6.780000000000000000e+02
2.553728007335663852e-01,6.780000000000000000e+02
2.554301106080577588e-01,6.780000000000000000e+02
2.554874204825491324e-01,6.790000000000000000e+02
2.555447303570405060e-01,6.790000000000000000e+02
2.556020402315318796e-01,6.790000000000000000e+02
2.556593501060232532e-01,6.790000000000000000e+02
2.557166599805146268e-01,6.790000000000000000e+02
2.557739698550060004e-01,6.790000000000000000e+02
2.558312797294973739e-01,6.800000000000000000e+02
2.558885896039887475e-01,6.800000000000000000e+02
2.559458994784801211e-01,6.800000000000000000e+02
2.560032093529715502e-01,6.800000000000000000e+02
2.560605192274629238e-01,6.800000000000000000e+02
2.561178291019542974e-01,6.810000000000000000e+02
2.561751389764456710e-01,6.810000000000000000e+02
2.562324488509370446e-01,6.810000000000000000e+02
2.562897587254284182e-01,6.810000000000000000e+02
2.563470685999197918e-01,6.810000000000000000e+02
2.564043784744111654e-01,6.820000000000000000e+02
2.564616883489025390e-01,6.820000000000000000e+02
2.565189982233939125e-01,6.820000000000000000e+02
2.565763080978852861e-01,6.820000000000000000e+02
2.566336179723766597e-01,6.830000000000000000e+02
2.566909278468680333e-01,6.840000000000000000e+02
2.567482377213594069e-01,6.840000000000000000e+02
2.568055475958507805e-01,6.840000000000000000e+02
2.568628574703421541e-01,6.840000000000000000e+02
2.569201673448335277e-01,6.840000000000000000e+02
2.569774772193249013e-01,6.840000000000000000e+02
2.570347870938162749e-01,6.850000000000000000e+02
2.570920969683076485e-01,6.850000000000000000e+02
2.571494068427990221e-01,6.850000000000000000e+02
2.572067167172903956e-01,6.850000000000000000e+02
2.572640265917817692e-01,6.860000000000000000e+02
2.573213364662731428e-01,6.860000000000000000e+02
2.573786463407645164e-01,6.870000000000000000e+02
2.574359562152558900e-01,6.870000000000000000e+02
2.574932660897472636e-01,6.870000000000000000e+02
2.575505759642386372e-01,6.870000000000000000e+02
2.576078858387300108e-01,6.870000000000000000e+02
2.576651957132213844e-01,6.870000000000000000e+02
2.577225055877127580e-01,6.880000000000000000e+02
2.577798154622041316e-01,6.880000000000000000e+02
2.578371253366955052e-01,6.880000000000000000e+02
2.578944352111868787e-01,6.890000000000000000e+02
2.579517450856782523e-01,6.890000000000000000e+02
2.580090549601696259e-01,6.890000000000000000e+02
2.580663648346609995e-01,6.890000000000000000e+02
2.581236747091523731e-01,6.890000000000000000e+02
2.581809845836437467e-01,6.900000000000000000e+02
2.582382944581351203e-01,6.900000000000000000e+02
2.582956043326264939e-01,6.900000000000000000e+02
2.583529142071178675e-01,6.900000000000000000e+02
2.584102240816092411e-01,6.900000000000000000e+02
2.584675339561006702e-01,6.900000000000000000e+02
2.585248438305920438e-01,6.900000000000000000e+02
2.585821537050834173e-01,6.900000000000000000e+02
2.586394635795747909e-01,6.900000000000000000e+02
2.586967734540661645e-01,6.910000000000000000e+02
2.587540833285575381e-01,6.910000000000000000e+02
2.588113932030489117e-01,6.910000000000000000e+02
2.588687030775402853e-01,6.910000000000000000e+02
2.589260129520316589e-01,6.910000000000000000e+02
2.589833228265230325e-01,6.920000000000000000e+02
2.590406327010144061e-01,6.920000000000000000e+02
2.590979425755057797e-01,6.920000000000000000e+02
2.591552524499971533e-01,6.920000000000000000e+02
2.592125623244885269e-01,6.920000000000000000e+02
2.592698721989799004e-01,6.930000000000000000e+02
2.593271820734712740e-01,6.930000000000000000e+02
2.593844919479626476e-01,6.940000000000000000e+02
2.594418018224540212e-01,6.940000000000000000e+02
2.594991116969453948e-01,6.940000000000000000e+02
2.595564215714367684e-01,6.940000000000000000e+02
2.596137314459281420e-01,6.950000000000000000e+02
2.596710413204195156e-01,6.950000000000000000e+02
2.597283511949108892e-01,6.950000000000000000e+02
2.597856610694022628e-01,6.960000000000000000e+02
2.598429709438936364e-01,6.960000000000000000e+02
2.599002808183850100e-01,6.960000000000000000e+02
2.599575906928763835e-01,6.960000000000000000e+02
2.600149005673677571e-01,6.960000000000000000e+02
2.600722104418591307e-01,6.960000000000000000e+02
2.601295203163505043e-01,6.960000000000000000e+02
2.601868301908418779e-01,6.960000000000000000e+02
2.602441400653332515e-01,6.970000000000000000e+02
2.603014499398246251e-01,6.970000000000000000e+02
2.603587598143159987e-01,6.970000000000000000e+02
2.604160696888073723e-01,6.970000000000000000e+02
2.604733795632987459e-01,6.980000000000000000e+02
2.605306894377901195e-01,6.980000000000000000e+02
2.605879993122814930e-01,6.980000000000000000e+02
2.606453091867728666e-01,6.990000000000000000e+02
2.607026190612642402e-01,6.990000000000000000e+02
2.607599289357556138e-01,6.990000000000000000e+02
2.608172388102469874e-01,6.990000000000000000e+02
2.608745486847383610e-01,6.990000000000000000e+02
2.609318585592297346e-01,6.990000000000000000e+02
2.609891684337211637e-01,6.990000000000000000e+02
2.610464783082125373e-01,7.000000000000000000e+02
2.611037881827039109e-01,7.000000000000000000e+02
2.611610980571952845e-01,7.000000000000000000e+02
2.612184079316866581e-01,7.000000000000000000e+02
2.612757178061780317e-01,7.000000000000000000e+02
2.613330276806694052e-01,7.010000000000000000e+02
2.613903375551607788e-01,7.010000000000000000e+02
2.614476474296521524e-01,7.010000000000000000e+02
2.615049573041435260e-01,7.020000000000000000e+02
2.615622671786348996e-01,7.020000000000000000e+02
2.616195770531262732e-01,7.020000000000000000e+02
2.616768869276176468e-01,7.020000000000000000e+02
2.617341968021090204e-01,7.030000000000000000e+02
2.617915066766003940e-01,7.030000000000000000e+02
2.618488165510917676e-01,7.030000000000000000e+02
2.619061264255831412e-01,7.030000000000000000e+02
2.619634363000745148e-01,7.030000000000000000e+02
2.620207461745658883e-01,7.030000000000000000e+02
2.620780560490572619e-01,7.040000000000000000e+02
2.621353659235486355e-01,7.040000000000000000e+02
2.621926757980400091e-01,7.040000000000000000e+02
2.622499856725313827e-01,7.040000000000000000e+02
2.623072955470227563e-01,7.050000000000000000e+02
2.623646054215141299e-01,7.050000000000000000e+02
2.624219152960055035e-01,7.050000000000000000e+02
2.624792251704968771e-01,7.060000000000000000e+02
2.625365350449882507e-01,7.060000000000000000e+02
2.625938449194796243e-01,7.060000000000000000e+02
2.626511547939709978e-01,7.070000000000000000e+02
2.627084646684623714e-01,7.070000000000000000e+02
2.627657745429537450e-01,7.070000000000000000e+02
2.628230844174451186e-01,7.070000000000000000e+02
2.628803942919364922e-01,7.070000000000000000e+02
2.629377041664278658e-01,7.070000000000000000e+02
2.629950140409192394e-01,7.080000000000000000e+02
2.630523239154106130e-01,7.080000000000000000e+02
2.631096337899019866e-01,7.080000000000000000e+02
2.631669436643933602e-01,7.080000000000000000e+02
2.632242535388847338e-01,7.090000000000000000e+02
2.632815634133761074e-01,7.100000000000000000e+02
2.633388732878674809e-01,7.100000000000000000e+02
2.633961831623588545e-01,7.100000000000000000e+02
2.634534930368502281e-01,7.100000000000000000e+02
2.635108029113416572e-01,7.100000000000000000e+02
2.635681127858330308e-01,7.110000000000000000e+02
2.636254226603244044e-01,7.110000000000000000e+02
2.636827325348157780e-01,7.110000000000000000e+02
2.637400424093071516e-01,7.110000000000000000e+02
2.637973522837985252e-01,7.110000000000000000e+02
2.638546621582898988e-01,7.110000000000000000e+02
2.639119720327812724e-01,7.110000000000000000e+02
2.639692819072726460e-01,7.110000000000000000e+02
2.640265917817640196e-01,7.120000000000000000e+02
2.640839016562553931e-01,7.120000000000000000e+02
2.641412115307467667e-01,7.120000000000000000e+02
2.641985214052381403e-01,7.120000000000000000e+02
2.642558312797295139e-01,7.130000000000000000e+02
2.643131411542208875e-01,7.130000000000000000e+02
2.643704510287122611e-01,7.130000000000000000e+02
2.644277609032036347e-01,7.130000000000000000e+02
2.644850707776950083e-01,7.140000000000000000e+02
2.645423806521863819e-01,7.140000000000000000e+02
2.645996905266777555e-01,7.140000000000000000e+02
2.646570004011691291e-01,7.140000000000000000e+02
2.647143102756605026e-01,7.140000000000000000e+02
2.647716201501518762e-01,7.150000000000000000e+02
2.648289300246432498e-01,7.150000000000000000e+02
2.648862398991346234e-01,7.150000000000000000e+02
2.649435497736259970e-01,7.150000000000000000e+02
2.650008596481173706e-01,7.160000000000000000e+02
2.650581695226087442e-01,7.160000000000000000e+02
2.651154793971001178e-01,7.160000000000000000e+02
2.651727892715914914e-01,7.160000000000000000e+02
2.652300991460828650e-01,7.170000000000000000e+02
2.652874090205742386e-01,7.170000000000000000e+02
2.653447188950656122e-01,7.170000000000000000e+02
2.654020287695569857e-01,7.170000000000000000e+02
2.654593386440483593e-01,7.180000000000000000e+02
2.655166485185397329e-01,7.180000000000000000e+02
2.655739583930311065e-01,7.180000000000000000e+02
2.656312682675224801e-01,7.190000000000000000e+02
2.656885781420138537e-01,7.190000000000000000e+02
2.657458880165052273e-01,7.190000000000000000e+02
2.658031978909966009e-01,7.200000000000000000e+02
2.658605077654879745e-01,7.200000000000000000e+02
2.659178176399793481e-01,7.200000000000000000e+02
2.659751275144707772e-01,7.200000000000000000e+02
2.660324373889621508e-01,7.200000000000000000e+02
2.660897472634535244e-01,7.200000000000000000e+02
2.661470571379448979e-01,7.210000000000000000e+02
2.662043670124362715e-01,7.210000000000000000e+02
2.662616768869276451e-01,7.210000000000000000e+02
2.663189867614190187e-01,7.210000000000000000e+02
2.663762966359103923e-01,7.210000000000000000e+02
2.664336065104017659e-01,7.210000000000000000e+02
2.664909163848931395e-01,7.220000000000000000e+02
2.665482262593845131e-01,7.220000000000000000e+02
2.666055361338758867e-01,7.220000000000000000e+02
2.666628460083672603e-01,7.230000000000000000e+02
2.667201558828586339e-01,7.230000000000000000e+02
2.667774657573500074e-01,7.230000000000000000e+02
2.668347756318413810e-01,7.230000000000000000e+02
2.668920855063327546e-01,7.230000000000000000e+02
2.669493953808241282e-01,7.240000000000000000e+02
2.670067052553155018e-01,7.240000000000000000e+02
2.670640151298068754e-01,7.240000000000000000e+02
2.671213250042982490e-01,7.250000000000000000e+02
2.671786348787896226e-01,7.250000000000000000e+02
2.672359447532809962e-01,7.250000000000000000e+02
2.672932546277723698e-01,7.260000000000000000e+02
2.673505645022637434e-01,7.260000000000000000e+02
2.674078743767551170e-01,7.260000000000000000e+02
2.674651842512464905e-01,7.260000000000000000e+02
2.675224941257378641e-01,7.260000000000000000e+02
2.675798040002292377e-01,7.260000000000000000e+02
2.676371138747206113e-01,7.260000000000000000e+02
2.676944237492119849e-01,7.260000000000000000e+02
2.677517336237033585e-01,7.260000000000000000e+02
2.678090434981947321e-01,7.270000000000000000e+02
2.678663533726861057e-01,7.270000000000000000e+02
2.679236632471774793e-01,7.270000000000000000e+02
2.679809731216688529e-01,7.270000000000000000e+02
2.680382829961602265e-01,7.270000000000000000e+02
2.680955928706516000e-01,7.270000000000000000e+02
2.681529027451429736e-01,7.280000000000000000e+02
2.682102126196343472e-01,7.280000000000000000e+02
2.682675224941257208e-01,7.280000000000000000e+02
2.683248323686170944e-01,7.280000000000000000e+02
2.683821422431084680e-01,7.280000000000000000e+02
2.684394521175998416e-01,7.290000000000000000e+02
2.684967619920912707e-01,7.290000000000000000e+02
2.685540718665826443e-01,7.290000000000000000e+02
2.686113817410740179e-01,7.290000000000000000e+02
2.686686916155653915e-01,7.300000000000000000e+02
2.687260014900567651e-01,7.300000000000000000e+02
2.687833113645481387e-01,7.300000000000000000e+02
2.688406212390395122e-01,7.300000000000000000e+02
2.688979311135308858e-01,7.300000000000000000e+02
2.689552409880222594e-01,7.300000000000000000e+02
2.690125508625136330e-01,7.300000000000000000e+02
2.690698607370050066e-01,7.310000000000000000e+02
2.691271706114963802e-01,7.310000000000000000e+02
2.691844804859877538e-01,7.320000000000000000e+02
2.692417903604791274e-01,7.320000000000000000e+02
2.692991002349705010e-01,7.320000000000000000e+02
2.693564101094618746e-01,7.320000000000000000e+02
2.694137199839532482e-01,7.320000000000000000e+02
2.694710298584446218e-01,7.320000000000000000e+02
2.695283397329359953e-01,7.320000000000000000e+02
2.695856496074273689e-01,7.320000000000000000e+02
2.696429594819187425e-01,7.330000000000000000e+02
2.697002693564101161e-01,7.340000000000000000e+02
2.697575792309014897e-01,7.340000000000000000e+02
2.698148891053928633e-01,7.340000000000000000e+02
2.698721989798842369e-01,7.350000000000000000e+02
2.699295088543756105e-01,7.360000000000000000e+02
2.699868187288669841e-01,7.360000000000000000e+02
2.700441286033583577e-01,7.360000000000000000e+02
2.701014384778497313e-01,7.360000000000000000e+02
2.701587483523411048e-01,7.360000000000000000e+02
2.702160582268324784e-01,7.360000000000000000e+02
2.702733681013238520e-01,7.370000000000000000e+02
2.703306779758152256e-01,7.370000000000000000e+02
2.703879878503065992e-01,7.370000000000000000e+02
2.704452977247979728e-01,7.370000000000000000e+02
2.705026075992893464e-01,7.380000000000000000e+02
2.705599174737807200e-01,7.380000000000000000e+02
2.706172273482720936e-01,7.380000000000000000e+02
2.706745372227634672e-01,7.380000000000000000e+02
2.707318470972548408e-01,7.380000000000000000e+02
2.707891569717462144e-01,7.380000000000000000e+02
2.708464668462375879e-01,7.380000000000000000e+02
2.709037767207289615e-01,7.380000000000000000e+02
2.709610865952203906e-01,7.390000000000000000e+02
2.710183964697117642e-01,7.390000000000000000e+02
2.710757063442031378e-01,7.390000000000000000e+02
2.711330162186945114e-01,7.390000000000000000e+02
2.711903260931858850e-01,7.400000000000000000e+02
2.712476359676772586e-01,7.400000000000000000e+02
2.713049458421686322e-01,7.400000000000000000e+02
2.713622557166600058e-01,7.400000000000000000e+02
2.714195655911513794e-01,7.400000000000000000e+02
2.714768754656427530e-01,7.400000000000000000e+02
2.715341853401341266e-01,7.400000000000000000e+02
2.715914952146255001e-01,7.410000000000000000e+02
2.716488050891168737e-01,7.410000000000000000e+02
2.717061149636082473e-01,7.410000000000000000e+02
2.717634248380996209e-01,7.410000000000000000e+02
2.718207347125909945e-01,7.410000000000000000e+02
2.718780445870823681e-01,7.420000000000000000e+02
2.719353544615737417e-01,7.420000000000000000e+02
2.719926643360651153e-01,7.420000000000000000e+02
2.720499742105564889e-01,7.420000000000000000e+02
2.721072840850478625e-01,7.420000000000000000e+02
2.721645939595392361e-01,7.420000000000000000e+02
2.722219038340306096e-01,7.430000000000000000e+02
2.722792137085219832e-01,7.430000000000000000e+02
2.723365235830133568e-01,7.430000000000000000e+02
2.723938334575047304e-01,7.430000000000000000e+02
2.724511433319961040e-01,7.430000000000000000e+02
2.725084532064874776e-01,7.440000000000000000e+02
2.725657630809788512e-01,7.450000000000000000e+02
2.726230729554702248e-01,7.460000000000000000e+02
2.726803828299615984e-01,7.460000000000000000e+02
2.727376927044529720e-01,7.460000000000000000e+02
2.727950025789443456e-01,7.460000000000000000e+02
2.728523124534357192e-01,7.460000000000000000e+02
2.729096223279270927e-01,7.460000000000000000e+02
2.729669322024184663e-01,7.460000000000000000e+02
2.730242420769098399e-01,7.460000000000000000e+02
2.730815519514012135e-01,7.460000000000000000e+02
2.731388618258925871e-01,7.470000000000000000e+02
2.731961717003839607e-01,7.480000000000000000e+02
2.732534815748753343e-01,7.480000000000000000e+02
2.733107914493667079e-01,7.480000000000000000e+02
2.733681013238580815e-01,7.480000000000000000e+02
2.734254111983494551e-01,7.480000000000000000e+02
2.734827210728408842e-01,7.480000000000000000e+02
2.735400309473322578e-01,7.480000000000000000e+02
2.735973408218236314e-01,7.480000000000000000e+02
2.736546506963150049e-01,7.480000000000000000e+02
2.737119605708063785e-01,7.490000000000000000e+02
2.737692704452977521e-01,7.490000000000000000e+02
2.738265803197891257e-01,7.490000000000000000e+02
2.738838901942804993e-01,7.510000000000000000e+02
2.739412000687718729e-01,7.510000000000000000e+02
2.739985099432632465e-01,7.510000000000000000e+02
2.740558198177546201e-01,7.510000000000000000e+02
2.741131296922459937e-01,7.510000000000000000e+02
2.741704395667373673e-01,7.510000000000000000e+02
2.742277494412287409e-01,7.510000000000000000e+02
2.742850593157201144e-01,7.510000000000000000e+02
2.743423691902114880e-01,7.510000000000000000e+02
2.743996790647028616e-01,7.520000000000000000e+02
2.744569889391942352e-01,7.520000000000000000e+02
2.745142988136856088e-01,7.520000000000000000e+02
2.745716086881769824e-01,7.520000000000000000e+02
2.746289185626683560e-01,7.520000000000000000e+02
2.746862284371597296e-01,7.520000000000000000e+02
2.747435383116511032e-01,7.520000000000000000e+02
2.748008481861424768e-01,7.530000000000000000e+02
2.748581580606338504e-01,7.530000000000000000e+02
2.749154679351252240e-01,7.530000000000000000e+02
2.749727778096165975e-01,7.530000000000000000e+02
2.750300876841079711e-01,7.530000000000000000e+02
2.750873975585993447e-01,7.540000000000000000e+02
2.751447074330907183e-01,7.540000000000000000e+02
2.752020173075820919e-01,7.540000000000000000e+02
2.752593271820734655e-01,7.540000000000000000e+02
2.753166370565648391e-01,7.550000000000000000e+02
2.753739469310562127e-01,7.550000000000000000e+02
2.754312568055475863e-01,7.550000000000000000e+02
2.754885666800389599e-01,7.550000000000000000e+02
2.755458765545303335e-01,7.560000000000000000e+02
2.756031864290217070e-01,7.560000000000000000e+02
2.756604963035130806e-01,7.560000000000000000e+02
2.757178061780044542e-01,7.560000000000000000e+02
2.757751160524958278e-01,7.560000000000000000e+02
2.758324259269872014e-01,7.560000000000000000e+02
2.758897358014785750e-01,7.570000000000000000e+02
2.759470456759700041e-01,7.570000000000000000e+02
2.760043555504613777e-01,7.570000000000000000e+02
2.760616654249527513e-01,7.570000000000000000e+02
2.761189752994441249e-01,7.580000000000000000e+02
2.761762851739354985e-01,7.580000000000000000e+02
2.762335950484268721e-01,7.580000000000000000e+02
2.762909049229182457e-01,7.580000000000000000e+02
2.763482147974096192e-01,7.590000000000000000e+02
2.764055246719009928e-01,7.590000000000000000e+02
2.764628345463923664e-01,7.590000000000000000e+02
2.765201444208837400e-01,7.590000000000000000e+02
2.765774542953751136e-01,7.590000000000000000e+02
2.766347641698664872e-01,7.600000000000000000e+02
2.766920740443578608e-01,7.600000000000000000e+02
2.767493839188492344e-01,7.600000000000000000e+02
2.768066937933406080e-01,7.600000000000000000e+02
2.768640036678319816e-01,7.600000000000000000e+02
2.769213135423233552e-01,7.600000000000000000e+02
2.769786234168147288e-01,7.610000000000000000e+02
2.770359332913061023e-01,7.610000000000000000e+02
2.770932431657974759e-01,7.610000000000000000e+02
2.771505530402888495e-01,7.610000000000000000e+02
2.772078629147802231e-01,7.610000000000000000e+02
2.772651727892715967e-01,7.620000000000000000e+02
2.773224826637629703e-01,7.620000000000000000e+02
2.773797925382543439e-01,7.620000000000000000e+02
2.774371024127457175e-01,7.620000000000000000e+02
2.774944122872370911e-01,7.620000000000000000e+02
2.775517221617284647e-01,7.620000000000000000e+02
2.776090320362198383e-01,7.630000000000000000e+02
2.776663419107112118e-01,7.630000000000000000e+02
2.777236517852025854e-01,7.630000000000000000e+02
2.777809616596939590e-01,7.630000000000000000e+02
2.778382715341853326e-01,7.630000000000000000e+02
2.778955814086767062e-01,7.630000000000000000e+02
2.779528912831680798e-01,7.640000000000000000e+02
2.780102011576594534e-01,7.640000000000000000e+02
2.780675110321508270e-01,7.650000000000000000e+02
2.781248209066422006e-01,7.650000000000000000e+02
2.781821307811335742e-01,7.650000000000000000e+02
2.782394406556249478e-01,7.650000000000000000e+02
2.782967505301163214e-01,7.650000000000000000e+02
2.783540604046076949e-01,7.660000000000000000e+02
2.784113702790990685e-01,7.660000000000000000e+02
2.784686801535904976e-01,7.660000000000000000e+02
2.785259900280818712e-01,7.660000000000000000e+02
2.785832999025732448e-01,7.670000000000000000e+02
2.786406097770646184e-01,7.670000000000000000e+02
2.786979196515559920e-01,7.670000000000000000e+02
2.787552295260473656e-01,7.680000000000000000e+02
2.788125394005387392e-01,7.680000000000000000e+02
2.788698492750301128e-01,7.680000000000000000e+02
2.789271591495214864e-01,7.680000000000000000e+02
2.789844690240128600e-01,7.680000000000000000e+02
2.790417788985042336e-01,7.680000000000000000e+02
2.790990887729956071e-01,7.690000000000000000e+02
2.791563986474869807e-01,7.690000000000000000e+02
2.792137085219783543e-01,7.690000000000000000e+02
2.792710183964697279e-01,7.700000000000000000e+02
2.793283282709611015e-01,7.700000000000000000e+02
2.793856381454524751e-01,7.710000000000000000e+02
2.794429480199438487e-01,7.710000000000000000e+02
2.795002578944352223e-01,7.710000000000000000e+02
2.795575677689265959e-01,7.710000000000000000e+02
2.796148776434179695e-01,7.710000000000000000e+02
2.796721875179093431e-01,7.720000000000000000e+02
2.797294973924007166e-01,7.720000000000000000e+02
2.797868072668920902e-01,7.730000000000000000e+02
2.798441171413834638e-01,7.730000000000000000e+02
2.799014270158748374e-01,7.730000000000000000e+02
2.799587368903662110e-01,7.730000000000000000e+02
2.800160467648575846e-01,7.730000000000000000e+02
2.800733566393489582e-01,7.730000000000000000e+02
2.801306665138403318e-01,7.740000000000000000e+02
2.801879763883317054e-01,7.750000000000000000e+02
2.802452862628230790e-01,7.750000000000000000e+02
2.803025961373144526e-01,7.750000000000000000e+02
2.803599060118058262e-01,7.750000000000000000e+02
2.804172158862971997e-01,7.750000000000000000e+02
2.804745257607885733e-01,7.750000000000000000e+02
2.805318356352799469e-01,7.760000000000000000e+02
2.805891455097713205e-01,7.760000000000000000e+02
2.806464553842626941e-01,7.760000000000000000e+02
2.807037652587540677e-01,7.760000000000000000e+02
2.807610751332454413e-01,7.760000000000000000e+02
2.808183850077368149e-01,7.770000000000000000e+02
2.808756948822281885e-01,7.770000000000000000e+02
2.809330047567195621e-01,7.770000000000000000e+02
2.809903146312109912e-01,7.780000000000000000e+02
2.810476245057023648e-01,7.780000000000000000e+02
2.811049343801937384e-01,7.780000000000000000e+02
2.811622442546851119e-01,7.780000000000000000e+02
2.812195541291764855e-01,7.780000000000000000e+02
2.812768640036678591e-01,7.780000000000000000e+02
2.813341738781592327e-01,7.780000000000000000e+02
2.813914837526506063e-01,7.780000000000000000e+02
2.814487936271419799e-01,7.790000000000000000e+02
2.815061035016333535e-01,7.790000000000000000e+02
2.815634133761247271e-01,7.790000000000000000e+02
2.816207232506161007e-01,7.790000000000000000e+02
2.816780331251074743e-01,7.790000000000000000e+02
2.817353429995988479e-01,7.790000000000000000e+02
2.817926528740902214e-01,7.790000000000000000e+02
2.818499627485815950e-01,7.800000000000000000e+02
2.819072726230729686e-01,7.800000000000000000e+02
2.819645824975643422e-01,7.800000000000000000e+02
2.820218923720557158e-01,7.800000000000000000e+02
2.820792022465470894e-01,7.800000000000000000e+02
2.821365121210384630e-01,7.810000000000000000e+02
2.821938219955298366e-01,7.810000000000000000e+02
2.822511318700212102e-01,7.810000000000000000e+02
2.823084417445125838e-01,7.810000000000000000e+02
2.823657516190039574e-01,7.810000000000000000e+02
2.824230614934953310e-01,7.810000000000000000e+02
2.824803713679867045e-01,7.820000000000000000e+02
2.825376812424780781e-01,7.820000000000000000e+02
2.825949911169694517e-01,7.820000000000000000e+02
2.826523009914608253e-01,7.820000000000000000e+02
2.827096108659521989e-01,7.830000000000000000e+02
2.827669207404435725e-01,7.830000000000000000e+02
2.828242306149349461e-01,7.830000000000000000e+02
2.828815404894263197e-01,7.830000000000000000e+02
2.829388503639176933e-01,7.840000000000000000e+02
2.829961602384090669e-01,7.840000000000000000e+02
2.830534701129004405e-01,7.840000000000000000e+02
2.831107799873918140e-01,7.840000000000000000e+02
2.831680898618831876e-01,7.840000000000000000e+02
2.832253997363745612e-01,7.840000000000000000e+02
2.832827096108659348e-01,7.840000000000000000e+02
2.833400194853573084e-01,7.850000000000000000e+02
2.833973293598486820e-01,7.850000000000000000e+02
2.834546392343401111e-01,7.850000000000000000e+02
2.835119491088314847e-01,7.850000000000000000e+02
2.835692589833228583e-01,7.850000000000000000e+02
2.836265688578142319e-01,7.860000000000000000e+02
2.836838787323056055e-01,7.860000000000000000e+02
2.837411886067969791e-01,7.860000000000000000e+02
2.837984984812883527e-01,7.870000000000000000e+02
2.838558083557797262e-01,7.870000000000000000e+02
2.839131182302710998e-01,7.870000000000000000e+02
2.839704281047624734e-01,7.870000000000000000e+02
2.840277379792538470e-01,7.880000000000000000e+02
2.840850478537452206e-01,7.880000000000000000e+02
2.841423577282365942e-01,7.880000000000000000e+02
2.841996676027279678e-01,7.880000000000000000e+02
2.842569774772193414e-01,7.880000000000000000e+02
2.843142873517107150e-01,7.880000000000000000e+02
2.843715972262020886e-01,7.890000000000000000e+02
2.844289071006934622e-01,7.900000000000000000e+02
2.844862169751848358e-01,7.900000000000000000e+02
2.845435268496762093e-01,7.900000000000000000e+02
2.846008367241675829e-01,7.900000000000000000e+02
2.846581465986589565e-01,7.910000000000000000e+02
2.847154564731503301e-01,7.920000000000000000e+02
2.847727663476417037e-01,7.920000000000000000e+02
2.848300762221330773e-01,7.920000000000000000e+02
2.848873860966244509e-01,7.930000000000000000e+02
2.849446959711158245e-01,7.930000000000000000e+02
2.850020058456071981e-01,7.930000000000000000e+02
2.850593157200985717e-01,7.940000000000000000e+02
2.851166255945899453e-01,7.940000000000000000e+02
2.851739354690813188e-01,7.940000000000000000e+02
2.852312453435726924e-01,7.940000000000000000e+02
2.852885552180640660e-01,7.940000000000000000e+02
2.853458650925554396e-01,7.940000000000000000e+02
2.854031749670468132e-01,7.940000000000000000e+02
2.854604848415381868e-01,7.950000000000000000e+02
2.855177947160295604e-01,7.960000000000000000e+02
2.855751045905209340e-01,7.960000000000000000e+02
2.856324144650123076e-01,7.960000000000000000e+02
2.856897243395036812e-01,7.960000000000000000e+02
2.857470342139950548e-01,7.960000000000000000e+02
2.858043440884864284e-01,7.960000000000000000e+02
2.858616539629778019e-01,7.960000000000000000e+02
2.859189638374691755e-01,7.970000000000000000e+02
2.859762737119606046e-01,7.970000000000000000e+02
2.860335835864519782e-01,7.970000000000000000e+02
2.860908934609433518e-01,7.970000000000000000e+02
2.861482033354347254e-01,7.970000000000000000e+02
2.862055132099260990e-01,7.970000000000000000e+02
2.862628230844174726e-01,7.970000000000000000e+02
2.863201329589088462e-01,7.970000000000000000e+02
2.863774428334002198e-01,7.980000000000000000e+02
2.864347527078915934e-01,7.980000000000000000e+02
2.864920625823829670e-01,7.980000000000000000e+02
2.865493724568743406e-01,7.980000000000000000e+02
2.866066823313657141e-01,7.990000000000000000e+02
2.866639922058570877e-01,7.990000000000000000e+02
2.867213020803484613e-01,7.990000000000000000e+02
2.867786119548398349e-01,7.990000000000000000e+02
2.868359218293312085e-01,7.990000000000000000e+02
2.868932317038225821e-01,7.990000000000000000e+02
2.869505415783139557e-01,7.990000000000000000e+02
2.870078514528053293e-01,7.990000000000000000e+02
2.870651613272967029e-01,8.000000000000000000e+02
2.871224712017880765e-01,8.000000000000000000e+02
2.871797810762794501e-01,8.000000000000000000e+02
2.872370909507708236e-01,8.000000000000000000e+02
2.872944008252621972e-01,8.010000000000000000e+02
2.873517106997535708e-01,8.010000000000000000e+02
2.874090205742449444e-01,8.010000000000000000e+02
2.874663304487363180e-01,8.010000000000000000e+02
2.875236403232276916e-01,8.010000000000000000e+02
2.875809501977190652e-01,8.010000000000000000e+02
2.876382600722104388e-01,8.010000000000000000e+02
2.876955699467018124e-01,8.010000000000000000e+02
2.877528798211931860e-01,8.010000000000000000e+02
2.878101896956845596e-01,8.020000000000000000e+02
2.878674995701759332e-01,8.020000000000000000e+02
2.879248094446673067e-01,8.020000000000000000e+02
2.879821193191586803e-01,8.020000000000000000e+02
2.880394291936500539e-01,8.020000000000000000e+02
2.880967390681414275e-01,8.020000000000000000e+02
2.881540489426328011e-01,8.030000000000000000e+02
2.882113588171241747e-01,8.030000000000000000e+02
2.882686686916155483e-01,8.030000000000000000e+02
2.883259785661069219e-01,8.030000000000000000e+02
2.883832884405982955e-01,8.030000000000000000e+02
2.884405983150897246e-01,8.030000000000000000e+02
2.884979081895810982e-01,8.040000000000000000e+02
2.885552180640724718e-01,8.040000000000000000e+02
2.886125279385638454e-01,8.040000000000000000e+02
2.886698378130552189e-01,8.050000000000000000e+02
2.887271476875465925e-01,8.050000000000000000e+02
2.887844575620379661e-01,8.050000000000000000e+02
2.888417674365293397e-01,8.050000000000000000e+02
2.888990773110207133e-01,8.050000000000000000e+02
2.889563871855120869e-01,8.060000000000000000e+02
2.890136970600034605e-01,8.060000000000000000e+02
2.890710069344948341e-01,8.060000000000000000e+02
2.891283168089862077e-01,8.060000000000000000e+02
2.891856266834775813e-01,8.070000000000000000e+02
2.892429365579689549e-01,8.070000000000000000e+02
2.893002464324603284e-01,8.070000000000000000e+02
2.893575563069517020e-01,8.070000000000000000e+02
2.894148661814430756e-01,8.070000000000000000e+02
2.894721760559344492e-01,8.070000000000000000e+02
2.895294859304258228e-01,8.070000000000000000e+02
2.895867958049171964e-01,8.070000000000000000e+02
2.896441056794085700e-01,8.070000000000000000e+02
2.897014155538999436e-01,8.070000000000000000e+02
2.897587254283913172e-01,8.080000000000000000e+02
2.898160353028826908e-01,8.080000000000000000e+02
2.898733451773740644e-01,8.080000000000000000e+02
2.899306550518654380e-01,8.080000000000000000e+02
2.899879649263568115e-01,8.090000000000000000e+02
2.900452748008481851e-01,8.090000000000000000e+02
2.901025846753395587e-01,8.100000000000000000e+02
2.901598945498309323e-01,8.100000000000000000e+02
2.902172044243223059e-01,8.100000000000000000e+02
2.902745142988136795e-01,8.100000000000000000e+02
2.903318241733050531e-01,8.100000000000000000e+02
2.903891340477964267e-01,8.110000000000000000e+02
2.904464439222878003e-01,8.110000000000000000e+02
2.905037537967791739e-01,8.110000000000000000e+02
2.905610636712705475e-01,8.110000000000000000e+02
2.906183735457619211e-01,8.110000000000000000e+02
2.906756834202532946e-01,8.110000000000000000e+02
2.907329932947446682e-01,8.110000000000000000e+02
2.907903031692360418e-01,8.110000000000000000e+02
2.908476130437274154e-01,8.120000000000000000e+02
2.909049229182187890e-01,8.120000000000000000e+02
2.909622327927102181e-01,8.120000000000000000e+02
2.910195426672015917e-01,8.120000000000000000e+02
2.910768525416929653e-01,8.120000000000000000e+02
2.911341624161843389e-01,8.130000000000000000e+02
2.911914722906757125e-01,8.130000000000000000e+02
2.912487821651670861e-01,8.130000000000000000e+02
2.913060920396584597e-01,8.140000000000000000e+02
2.913634019141498332e-01,8.140000000000000000e+02
2.914207117886412068e-01,8.150000000000000000e+02
2.914780216631325804e-01,8.150000000000000000e+02
2.915353315376239540e-01,8.150000000000000000e+02
2.915926414121153276e-01,8.150000000000000000e+02
2.916499512866067012e-01,8.150000000000000000e+02
2.917072611610980748e-01,8.150000000000000000e+02
2.917645710355894484e-01,8.150000000000000000e+02
2.918218809100808220e-01,8.160000000000000000e+02
2.918791907845721956e-01,8.160000000000000000e+02
2.919365006590635692e-01,8.160000000000000000e+02
2.919938105335549428e-01,8.160000000000000000e+02
2.920511204080463163e-01,8.160000000000000000e+02
2.921084302825376899e-01,8.170000000000000000e+02
2.921657401570290635e-01,8.170000000000000000e+02
2.922230500315204371e-01,8.170000000000000000e+02
2.922803599060118107e-01,8.170000000000000000e+02
2.923376697805031843e-01,8.180000000000000000e+02
2.923949796549945579e-01,8.180000000000000000e+02
2.924522895294859315e-01,8.180000000000000000e+02
2.925095994039773051e-01,8.180000000000000000e+02
2.925669092784686787e-01,8.180000000000000000e+02
2.926242191529600523e-01,8.180000000000000000e+02
2.926815290274514259e-01,8.180000000000000000e+02
2.927388389019427994e-01,8.180000000000000000e+02
2.927961487764341730e-01,8.180000000000000000e+02
2.928534586509255466e-01,8.180000000000000000e+02
2.929107685254169202e-01,8.180000000000000000e+02
2.929680783999082938e-01,8.190000000000000000e+02
2.930253882743996674e-01,8.190000000000000000e+02
2.930826981488910410e-01,8.190000000000000000e+02
2.931400080233824146e-01,8.190000000000000000e+02
2.931973178978737882e-01,8.190000000000000000e+02
2.932546277723651618e-01,8.200000000000000000e+02
2.933119376468565354e-01,8.200000000000000000e+02
2.933692475213479089e-01,8.200000000000000000e+02
2.934265573958393380e-01,8.200000000000000000e+02
2.934838672703307116e-01,8.200000000000000000e+02
2.935411771448220852e-01,8.200000000000000000e+02
2.935984870193134588e-01,8.200000000000000000e+02
2.936557968938048324e-01,8.200000000000000000e+02
2.937131067682962060e-01,8.200000000000000000e+02
2.937704166427875796e-01,8.200000000000000000e+02
2.938277265172789532e-01,8.210000000000000000e+02
2.938850363917703268e-01,8.220000000000000000e+02
2.939423462662617004e-01,8.220000000000000000e+02
2.939996561407530740e-01,8.220000000000000000e+02
2.940569660152444476e-01,8.220000000000000000e+02
2.941142758897358211e-01,8.220000000000000000e+02
2.941715857642271947e-01,8.220000000000000000e+02
2.942288956387185683e-01,8.230000000000000000e+02
2.942862055132099419e-01,8.230000000000000000e+02
2.943435153877013155e-01,8.230000000000000000e+02
2.944008252621926891e-01,8.230000000000000000e+02
2.944581351366840627e-01,8.240000000000000000e+02
2.945154450111754363e-01,8.240000000000000000e+02
2.945727548856668099e-01,8.240000000000000000e+02
2.946300647601581835e-01,8.240000000000000000e+02
2.946873746346495571e-01,8.250000000000000000e+02
2.947446845091409307e-01,8.250000000000000000e+02
2.948019943836323042e-01,8.250000000000000000e+02
2.948593042581236778e-01,8.250000000000000000e+02
2.949166141326150514e-01,8.250000000000000000e+02
2.949739240071064250e-01,8.250000000000000000e+02
2.950312338815977986e-01,8.260000000000000000e+02
2.950885437560891722e-01,8.260000000000000000e+02
2.951458536305805458e-01,8.260000000000000000e+02
2.952031635050719194e-01,8.260000000000000000e+02
2.952604733795632930e-01,8.260000000000000000e+02
2.953177832540546666e-01,8.260000000000000000e+02
2.953750931285460402e-01,8.260000000000000000e+02
2.954324030030374137e-01,8.260000000000000000e+02
2.954897128775287873e-01,8.270000000000000000e+02
2.955470227520201609e-01,8.270000000000000000e+02
2.956043326265115345e-01,8.270000000000000000e+02
2.956616425010029081e-01,8.270000000000000000e+02
2.957189523754942817e-01,8.270000000000000000e+02
2.957762622499856553e-01,8.280000000000000000e+02
2.958335721244770289e-01,8.280000000000000000e+02
2.958908819989684025e-01,8.290000000000000000e+02
2.959481918734598316e-01,8.290000000000000000e+02
2.960055017479512052e-01,8.300000000000000000e+02
2.960628116224425788e-01,8.300000000000000000e+02
2.961201214969339524e-01,8.300000000000000000e+02
2.961774313714253259e-01,8.300000000000000000e+02
2.962347412459166995e-01,8.310000000000000000e+02
2.962920511204080731e-01,8.310000000000000000e+02
2.963493609948994467e-01,8.310000000000000000e+02
2.964066708693908203e-01,8.310000000000000000e+02
2.964639807438821939e-01,8.310000000000000000e+02
2.965212906183735675e-01,8.310000000000000000e+02
2.965786004928649411e-01,8.310000000000000000e+02
2.966359103673563147e-01,8.320000000000000000e+02
2.966932202418476883e-01,8.320000000000000000e+02
2.967505301163390619e-01,8.320000000000000000e+02
2.968078399908304355e-01,8.330000000000000000e+02
2.968651498653218090e-01,8.330000000000000000e+02
2.969224597398131826e-01,8.330000000000000000e+02
2.969797696143045562e-01,8.330000000000000000e+02
2.970370794887959298e-01,8.330000000000000000e+02
2.970943893632873034e-01,8.330000000000000000e+02
2.971516992377786770e-01,8.330000000000000000e+02
2.972090091122700506e-01,8.340000000000000000e+02
2.972663189867614242e-01,8.340000000000000000e+02
2.973236288612527978e-01,8.340000000000000000e+02
2.973809387357441714e-01,8.340000000000000000e+02
2.974382486102355450e-01,8.350000000000000000e+02
2.974955584847269185e-01,8.350000000000000000e+02
2.975528683592182921e-01,8.350000000000000000e+02
2.976101782337096657e-01,8.350000000000000000e+02
2.976674881082010393e-01,8.350000000000000000e+02
2.977247979826924129e-01,8.350000000000000000e+02
2.977821078571837865e-01,8.360000000000000000e+02
2.978394177316751601e-01,8.360000000000000000e+02
2.978967276061665337e-01,8.360000000000000000e+02
2.979540374806579073e-01,8.360000000000000000e+02
2.980113473551492809e-01,8.360000000000000000e+02
2.980686572296406545e-01,8.360000000000000000e+02
2.981259671041320281e-01,8.370000000000000000e+02
2.981832769786234016e-01,8.370000000000000000e+02
2.982405868531147752e-01,8.370000000000000000e+02
2.982978967276061488e-01,8.380000000000000000e+02
2.983552066020975224e-01,8.380000000000000000e+02
2.984125164765888960e-01,8.380000000000000000e+02
2.984698263510803251e-01,8.380000000000000000e+02
2.985271362255716987e-01,8.380000000000000000e+02
2.985844461000630723e-01,8.380000000000000000e+02
2.986417559745544459e-01,8.380000000000000000e+02
2.986990658490458195e-01,8.390000000000000000e+02
2.987563757235371931e-01,8.390000000000000000e+02
2.988136855980285667e-01,8.390000000000000000e+02
2.988709954725199403e-01,8.390000000000000000e+02
2.989283053470113138e-01,8.390000000000000000e+02
2.989856152215026874e-01,8.400000000000000000e+02
2.990429250959940610e-01,8.400000000000000000e+02
2.991002349704854346e-01,8.400000000000000000e+02
2.991575448449768082e-01,8.400000000000000000e+02
2.992148547194681818e-01,8.400000000000000000e+02
2.992721645939595554e-01,8.410000000000000000e+02
2.993294744684509290e-01,8.410000000000000000e+02
2.993867843429423026e-01,8.410000000000000000e+02
2.994440942174336762e-01,8.420000000000000000e+02
2.995014040919250498e-01,8.420000000000000000e+02
2.995587139664164233e-01,8.420000000000000000e+02
2.996160238409077969e-01,8.420000000000000000e+02
2.996733337153991705e-01,8.420000000000000000e+02
2.997306435898905441e-01,8.420000000000000000e+02
2.997879534643819177e-01,8.430000000000000000e+02
2.998452633388732913e-01,8.430000000000000000e+02
2.999025732133646649e-01,8.440000000000000000e+02
2.999598830878560385e-01,8.440000000000000000e+02
3.000171929623474121e-01,8.440000000000000000e+02
3.000745028368387857e-01,8.450000000000000000e+02
3.001318127113301593e-01,8.450000000000000000e+02
3.001891225858215329e-01,8.450000000000000000e+02
3.002464324603129064e-01,8.450000000000000000e+02
3.003037423348042800e-01,8.450000000000000000e+02
3.003610522092956536e-01,8.450000000000000000e+02
3.004183620837870272e-01,8.460000000000000000e+02
3.004756719582784008e-01,8.460000000000000000e+02
3.005329818327697744e-01,8.460000000000000000e+02
3.005902917072611480e-01,8.460000000000000000e+02
3.006476015817525216e-01,8.460000000000000000e+02
3.007049114562438952e-01,8.460000000000000000e+02
3.007622213307352688e-01,8.480000000000000000e+02
3.008195312052266424e-01,8.480000000000000000e+02
3.008768410797180159e-01,8.480000000000000000e+02
3.009341509542094451e-01,8.480000000000000000e+02
3.009914608287008186e-01,8.480000000000000000e+02
3.010487707031921922e-01,8.480000000000000000e+02
3.011060805776835658e-01,8.490000000000000000e+02
3.011633904521749394e-01,8.490000000000000000e+02
3.012207003266663130e-01,8.490000000000000000e+02
3.012780102011576866e-01,8.490000000000000000e+02
3.013353200756490602e-01,8.490000000000000000e+02
3.013926299501404338e-01,8.490000000000000000e+02
3.014499398246318074e-01,8.500000000000000000e+02
3.015072496991231810e-01,8.500000000000000000e+02
3.015645595736145546e-01,8.500000000000000000e+02
3.016218694481059281e-01,8.500000000000000000e+02
3.016791793225973017e-01,8.500000000000000000e+02
3.017364891970886753e-01,8.510000000000000000e+02
3.017937990715800489e-01,8.510000000000000000e+02
3.018511089460714225e-01,8.510000000000000000e+02
3.019084188205627961e-01,8.510000000000000000e+02
3.019657286950541697e-01,8.520000000000000000e+02
3.020230385695455433e-01,8.520000000000000000e+02
3.020803484440369169e-01,8.520000000000000000e+02
3.021376583185282905e-01,8.520000000000000000e+02
3.021949681930196641e-01,8.530000000000000000e+02
3.022522780675110377e-01,8.530000000000000000e+02
3.023095879420024112e-01,8.530000000000000000e+02
3.023668978164937848e-01,8.530000000000000000e+02
3.024242076909851584e-01,8.530000000000000000e+02
3.024815175654765320e-01,8.540000000000000000e+02
3.025388274399679056e-01,8.540000000000000000e+02
3.025961373144592792e-01,8.540000000000000000e+02
3.026534471889506528e-01,8.550000000000000000e+02
3.027107570634420264e-01,8.550000000000000000e+02
3.027680669379334000e-01,8.550000000000000000e+02
3.028253768124247736e-01,8.560000000000000000e+02
3.028826866869161472e-01,8.560000000000000000e+02
3.029399965614075207e-01,8.560000000000000000e+02
3.029973064358988943e-01,8.560000000000000000e+02
3.030546163103902679e-01,8.560000000000000000e+02
3.031119261848816415e-01,8.570000000000000000e+02
3.031692360593730151e-01,8.570000000000000000e+02
3.032265459338643887e-01,8.570000000000000000e+02
3.032838558083557623e-01,8.580000000000000000e+02
3.033411656828471359e-01,8.580000000000000000e+02
3.033984755573385095e-01,8.580000000000000000e+02
3.034557854318299386e-01,8.580000000000000000e+02
3.035130953063213122e-01,8.580000000000000000e+02
3.035704051808126858e-01,8.590000000000000000e+02
3.036277150553040594e-01,8.590000000000000000e+02
3.036850249297954329e-01,8.590000000000000000e+02
3.037423348042868065e-01,8.590000000000000000e+02
3.037996446787781801e-01,8.590000000000000000e+02
3.038569545532695537e-01,8.590000000000000000e+02
3.039142644277609273e-01,8.590000000000000000e+02
3.039715743022523009e-01,8.590000000000000000e+02
3.040288841767436745e-01,8.590000000000000000e+02
3.040861940512350481e-01,8.600000000000000000e+02
3.041435039257264217e-01,8.600000000000000000e+02
3.042008138002177953e-01,8.600000000000000000e+02
3.042581236747091689e-01,8.610000000000000000e+02
3.043154335492005425e-01,8.610000000000000000e+02
3.043727434236919160e-01,8.610000000000000000e+02
3.044300532981832896e-01,8.610000000000000000e+02
3.044873631726746632e-01,8.610000000000000000e+02
3.045446730471660368e-01,8.620000000000000000e+02
3.046019829216574104e-01,8.620000000000000000e+02
3.046592927961487840e-01,8.630000000000000000e+02
3.047166026706401576e-01,8.630000000000000000e+02
3.047739125451315312e-01,8.630000000000000000e+02
3.048312224196229048e-01,8.640000000000000000e+02
3.048885322941142784e-01,8.640000000000000000e+02
3.049458421686056520e-01,8.640000000000000000e+02
3.050031520430970255e-01,8.640000000000000000e+02
3.050604619175883991e-01,8.650000000000000000e+02
3.051177717920797727e-01,8.650000000000000000e+02
3.051750816665711463e-01,8.650000000000000000e+02
3.052323915410625199e-01,8.650000000000000000e+02
3.052897014155538935e-01,8.650000000000000000e+02
3.053470112900452671e-01,8.650000000000000000e+02
3.054043211645366407e-01,8.650000000000000000e+02
3.054616310390280143e-01,8.660000000000000000e+02
3.055189409135193879e-01,8.660000000000000000e+02
3.055762507880107615e-01,8.660000000000000000e+02
3.056335606625021351e-01,8.660000000000000000e+02
3.056908705369935086e-01,8.660000000000000000e+02
3.057481804114848822e-01,8.660000000000000000e+02
3.058054902859762558e-01,8.670000000000000000e+02
3.058628001604676294e-01,8.670000000000000000e+02
3.059201100349590585e-01,8.680000000000000000e+02
3.059774199094504321e-01,8.680000000000000000e+02
3.060347297839418057e-01,8.680000000000000000e+02
3.060920396584331793e-01,8.690000000000000000e+02
3.061493495329245529e-01,8.690000000000000000e+02
3.062066594074159265e-01,8.700000000000000000e+02
3.062639692819073001e-01,8.700000000000000000e+02
3.063212791563986737e-01,8.700000000000000000e+02
3.063785890308900473e-01,8.700000000000000000e+02
3.064358989053814208e-01,8.710000000000000000e+02
3.064932087798727944e-01,8.710000000000000000e+02
3.065505186543641680e-01,8.710000000000000000e+02
3.066078285288555416e-01,8.710000000000000000e+02
3.066651384033469152e-01,8.710000000000000000e+02
3.067224482778382888e-01,8.720000000000000000e+02
3.067797581523296624e-01,8.720000000000000000e+02
3.068370680268210360e-01,8.730000000000000000e+02
3.068943779013124096e-01,8.730000000000000000e+02
3.069516877758037832e-01,8.740000000000000000e+02
3.070089976502951568e-01,8.740000000000000000e+02
3.070663075247865303e-01,8.740000000000000000e+02
3.071236173992779039e-01,8.750000000000000000e+02
3.071809272737692775e-01,8.750000000000000000e+02
3.072382371482606511e-01,8.750000000000000000e+02
3.072955470227520247e-01,8.760000000000000000e+02
3.073528568972433983e-01,8.760000000000000000e+02
3.074101667717347719e-01,8.760000000000000000e+02
3.074674766462261455e-01,8.760000000000000000e+02
3.075247865207175191e-01,8.770000000000000000e+02
3.075820963952088927e-01,8.770000000000000000e+02
3.076394062697002663e-01,8.780000000000000000e+02
3.076967161441916399e-01,8.780000000000000000e+02
3.077540260186830134e-01,8.790000000000000000e+02
3.078113358931743870e-01,8.790000000000000000e+02
3.078686457676657606e-01,8.790000000000000000e+02
3.079259556421571342e-01,8.790000000000000000e+02
3.079832655166485078e-01,8.790000000000000000e+02
3.080405753911398814e-01,8.790000000000000000e+02
3.080978852656312550e-01,8.790000000000000000e+02
3.081551951401226286e-01,8.800000000000000000e+02
3.082125050146140022e-01,8.800000000000000000e+02
3.082698148891053758e-01,8.800000000000000000e+02
3.083271247635967494e-01,8.810000000000000000e+02
3.083844346380881229e-01,8.810000000000000000e+02
3.084417445125795521e-01,8.810000000000000000e+02
3.084990543870709256e-01,8.810000000000000000e+02
3.085563642615622992e-01,8.810000000000000000e+02
3.086136741360536728e-01,8.810000000000000000e+02
3.086709840105450464e-01,8.820000000000000000e+02
3.087282938850364200e-01,8.820000000000000000e+02
3.087856037595277936e-01,8.820000000000000000e+02
3.088429136340191672e-01,8.820000000000000000e+02
3.089002235085105408e-01,8.820000000000000000e+02
3.089575333830019144e-01,8.820000000000000000e+02
3.090148432574932880e-01,8.820000000000000000e+02
3.090721531319846616e-01,8.830000000000000000e+02
3.091294630064760351e-01,8.830000000000000000e+02
3.091867728809674087e-01,8.830000000000000000e+02
3.092440827554587823e-01,8.830000000000000000e+02
3.093013926299501559e-01,8.830000000000000000e+02
3.093587025044415295e-01,8.840000000000000000e+02
3.094160123789329031e-01,8.840000000000000000e+02
3.094733222534242767e-01,8.840000000000000000e+02
3.095306321279156503e-01,8.850000000000000000e+02
3.095879420024070239e-01,8.860000000000000000e+02
3.096452518768983975e-01,8.860000000000000000e+02
3.097025617513897711e-01,8.860000000000000000e+02
3.097598716258811447e-01,8.870000000000000000e+02
3.098171815003725182e-01,8.870000000000000000e+02
3.098744913748638918e-01,8.870000000000000000e+02
3.099318012493552654e-01,8.880000000000000000e+02
3.099891111238466390e-01,8.880000000000000000e+02
3.100464209983380126e-01,8.880000000000000000e+02
3.101037308728293862e-01,8.880000000000000000e+02
3.101610407473207598e-01,8.890000000000000000e+02
3.102183506218121334e-01,8.890000000000000000e+02
3.102756604963035070e-01,8.890000000000000000e+02
3.103329703707948806e-01,8.900000000000000000e+02
3.103902802452862542e-01,8.900000000000000000e+02
3.104475901197776277e-01,8.900000000000000000e+02
3.105048999942690013e-01,8.900000000000000000e+02
3.105622098687603749e-01,8.900000000000000000e+02
3.106195197432517485e-01,8.900000000000000000e+02
3.106768296177431221e-01,8.900000000000000000e+02
3.107341394922344957e-01,8.910000000000000000e+02
3.107914493667258693e-01,8.910000000000000000e+02
3.108487592412172429e-01,8.920000000000000000e+02
3.109060691157086165e-01,8.920000000000000000e+02
3.109633789902000456e-01,8.920000000000000000e+02
3.110206888646914192e-01,8.920000000000000000e+02
3.110779987391827928e-01,8.930000000000000000e+02
3.111353086136741664e-01,8.930000000000000000e+02
3.111926184881655399e-01,8.930000000000000000e+02
3.112499283626569135e-01,8.940000000000000000e+02
3.113072382371482871e-01,8.940000000000000000e+02
3.113645481116396607e-01,8.940000000000000000e+02
3.114218579861310343e-01,8.940000000000000000e+02
3.114791678606224079e-01,8.950000000000000000e+02
3.115364777351137815e-01,8.950000000000000000e+02
3.115937876096051551e-01,8.950000000000000000e+02
3.116510974840965287e-01,8.950000000000000000e+02
3.117084073585879023e-01,8.960000000000000000e+02
3.117657172330792759e-01,8.960000000000000000e+02
3.118230271075706495e-01,8.960000000000000000e+02
3.118803369820620230e-01,8.960000000000000000e+02
3.119376468565533966e-01,8.970000000000000000e+02
3.119949567310447702e-01,8.970000000000000000e+02
3.120522666055361438e-01,8.970000000000000000e+02
3.121095764800275174e-01,8.970000000000000000e+02
3.121668863545188910e-01,8.980000000000000000e+02
3.122241962290102646e-01,8.980000000000000000e+02
3.122815061035016382e-01,8.980000000000000000e+02
3.123388159779930118e-01,8.990000000000000000e+02
3.123961258524843854e-01,9.010000000000000000e+02
3.124534357269757590e-01,9.020000000000000000e+02
3.125107456014671325e-01,9.020000000000000000e+02
3.125680554759585061e-01,9.020000000000000000e+02
3.126253653504498797e-01,9.020000000000000000e+02
3.126826752249412533e-01,9.020000000000000000e+02
3.127399850994326269e-01,9.030000000000000000e+02
3.127972949739240005e-01,9.030000000000000000e+02
3.128546048484153741e-01,9.040000000000000000e+02
3.129119147229067477e-01,9.040000000000000000e+02
3.129692245973981213e-01,9.040000000000000000e+02
3.130265344718894949e-01,9.050000000000000000e+02
3.130838443463808685e-01,9.050000000000000000e+02
3.131411542208722421e-01,9.050000000000000000e+02
3.131984640953636156e-01,9.050000000000000000e+02
3.132557739698549892e-01,9.050000000000000000e+02
3.133130838443463628e-01,9.060000000000000000e+02
3.133703937188377364e-01,9.060000000000000000e+02
3.134277035933291655e-01,9.060000000000000000e+02
3.134850134678205391e-01,9.060000000000000000e+02
3.135423233423119127e-01,9.060000000000000000e+02
3.135996332168032863e-01,9.070000000000000000e+02
3.136569430912946599e-01,9.070000000000000000e+02
3.137142529657860335e-01,9.070000000000000000e+02
3.137715628402774071e-01,9.070000000000000000e+02
3.138288727147687807e-01,9.070000000000000000e+02
3.138861825892601543e-01,9.080000000000000000e+02
3.139434924637515278e-01,9.080000000000000000e+02
3.140008023382429014e-01,9.080000000000000000e+02
3.140581122127342750e-01,9.080000000000000000e+02
3.141154220872256486e-01,9.080000000000000000e+02
3.141727319617170222e-01,9.090000000000000000e+02
3.142300418362083958e-01,9.090000000000000000e+02
3.142873517106997694e-01,9.100000000000000000e+02
3.143446615851911430e-01,9.100000000000000000e+02
3.144019714596825166e-01,9.110000000000000000e+02
3.144592813341738902e-01,9.110000000000000000e+02
3.145165912086652638e-01,9.110000000000000000e+02
3.145739010831566373e-01,9.110000000000000000e+02
3.146312109576480109e-01,9.120000000000000000e+02
3.146885208321393845e-01,9.120000000000000000e+02
3.147458307066307581e-01,9.120000000000000000e+02
3.148031405811221317e-01,9.120000000000000000e+02
3.148604504556135053e-01,9.120000000000000000e+02
3.149177603301048789e-01,9.130000000000000000e+02
3.149750702045962525e-01,9.130000000000000000e+02
3.150323800790876261e-01,9.130000000000000000e+02
3.150896899535789997e-01,9.130000000000000000e+02
3.151469998280703733e-01,9.130000000000000000e+02
3.152043097025617469e-01,9.130000000000000000e+02
3.152616195770531204e-01,9.140000000000000000e+02
3.153189294515444940e-01,9.140000000000000000e+02
3.153762393260358676e-01,9.140000000000000000e+02
3.154335492005272412e-01,9.140000000000000000e+02
3.154908590750186148e-01,9.150000000000000000e+02
3.155481689495099884e-01,9.150000000000000000e+02
3.156054788240013620e-01,9.150000000000000000e+02
3.156627886984927356e-01,9.150000000000000000e+02
3.157200985729841092e-01,9.150000000000000000e+02
3.157774084474754828e-01,9.160000000000000000e+02
3.158347183219668564e-01,9.160000000000000000e+02
3.158920281964582299e-01,9.160000000000000000e+02
3.159493380709496591e-01,9.160000000000000000e+02
3.160066479454410326e-01,9.160000000000000000e+02
3.160639578199324062e-01,9.170000000000000000e+02
3.161212676944237798e-01,9.170000000000000000e+02
3.161785775689151534e-01,9.170000000000000000e+02
3.162358874434065270e-01,9.170000000000000000e+02
3.162931973178979006e-01,9.180000000000000000e+02
3.163505071923892742e-01,9.180000000000000000e+02
3.164078170668806478e-01,9.180000000000000000e+02
3.164651269413720214e-01,9.180000000000000000e+02
3.165224368158633950e-01,9.180000000000000000e+02
3.165797466903547686e-01,9.190000000000000000e+02
3.166370565648461421e-01,9.190000000000000000e+02
3.166943664393375157e-01,9.190000000000000000e+02
3.167516763138288893e-01,9.190000000000000000e+02
3.168089861883202629e-01,9.210000000000000000e+02
3.168662960628116365e-01,9.210000000000000000e+02
3.169236059373030101e-01,9.220000000000000000e+02
3.169809158117943837e-01,9.220000000000000000e+02
3.170382256862857573e-01,9.220000000000000000e+02
3.170955355607771309e-01,9.220000000000000000e+02
3.171528454352685045e-01,9.220000000000000000e+02
3.172101553097598781e-01,9.220000000000000000e+02
3.172674651842512517e-01,9.230000000000000000e+02
3.173247750587426252e-01,9.230000000000000000e+02
3.173820849332339988e-01,9.230000000000000000e+02
3.174393948077253724e-01,9.230000000000000000e+02
3.174967046822167460e-01,9.240000000000000000e+02
3.175540145567081196e-01,9.240000000000000000e+02
3.176113244311994932e-01,9.240000000000000000e+02
3.176686343056908668e-01,9.250000000000000000e+02
3.177259441801822404e-01,9.250000000000000000e+02
3.177832540546736140e-01,9.250000000000000000e+02
3.178405639291649876e-01,9.250000000000000000e+02
3.178978738036563612e-01,9.260000000000000000e+02
3.179551836781477347e-01,9.260000000000000000e+02
3.180124935526391083e-01,9.270000000000000000e+02
3.180698034271304819e-01,9.270000000000000000e+02
3.181271133016218555e-01,9.270000000000000000e+02
3.181844231761132291e-01,9.270000000000000000e+02
3.182417330506046027e-01,9.270000000000000000e+02
3.182990429250959763e-01,9.270000000000000000e+02
3.183563527995873499e-01,9.270000000000000000e+02
3.184136626740787790e-01,9.270000000000000000e+02
3.184709725485701526e-01,9.280000000000000000e+02
3.185282824230615262e-01,9.280000000000000000e+02
3.185855922975528998e-01,9.280000000000000000e+02
3.186429021720442734e-01,9.280000000000000000e+02
3.187002120465356469e-01,9.280000000000000000e+02
3.187575219210270205e-01,9.290000000000000000e+02
3.188148317955183941e-01,9.290000000000000000e+02
3.188721416700097677e-01,9.290000000000000000e+02
3.189294515445011413e-01,9.290000000000000000e+02
3.189867614189925149e-01,9.300000000000000000e+02
3.190440712934838885e-01,9.300000000000000000e+02
3.191013811679752621e-01,9.310000000000000000e+02
3.191586910424666357e-01,9.310000000000000000e+02
3.192160009169580093e-01,9.310000000000000000e+02
3.192733107914493829e-01,9.310000000000000000e+02
3.193306206659407565e-01,9.320000000000000000e+02
3.193879305404321300e-01,9.320000000000000000e+02
3.194452404149235036e-01,9.320000000000000000e+02
3.195025502894148772e-01,9.320000000000000000e+02
3.195598601639062508e-01,9.330000000000000000e+02
3.196171700383976244e-01,9.330000000000000000e+02
3.196744799128889980e-01,9.330000000000000000e+02
3.197317897873803716e-01,9.330000000000000000e+02
3.197890996618717452e-01,9.330000000000000000e+02
3.198464095363631188e-01,9.330000000000000000e+02
3.199037194108544924e-01,9.330000000000000000e+02
3.199610292853458660e-01,9.340000000000000000e+02
3.200183391598372395e-01,9.350000000000000000e+02
3.200756490343286131e-01,9.350000000000000000e+02
3.201329589088199867e-01,9.350000000000000000e+02
3.201902687833113603e-01,9.350000000000000000e+02
3.202475786578027339e-01,9.350000000000000000e+02
3.203048885322941075e-01,9.360000000000000000e+02
3.203621984067854811e-01,9.360000000000000000e+02
3.204195082812768547e-01,9.360000000000000000e+02
3.204768181557682283e-01,9.370000000000000000e+02
3.205341280302596019e-01,9.370000000000000000e+02
3.205914379047509755e-01,9.370000000000000000e+02
3.206487477792423491e-01,9.370000000000000000e+02
3.207060576537337226e-01,9.370000000000000000e+02
3.207633675282250962e-01,9.380000000000000000e+02
3.208206774027164698e-01,9.380000000000000000e+02
3.208779872772078434e-01,9.380000000000000000e+02
3.209352971516992725e-01,9.380000000000000000e+02
3.209926070261906461e-01,9.380000000000000000e+02
3.210499169006820197e-01,9.380000000000000000e+02
3.211072267751733933e-01,9.380000000000000000e+02
3.211645366496647669e-01,9.390000000000000000e+02
3.212218465241561405e-01,9.390000000000000000e+02
3.212791563986475141e-01,9.390000000000000000e+02
3.213364662731388877e-01,9.390000000000000000e+02
3.213937761476302613e-01,9.390000000000000000e+02
3.214510860221216348e-01,9.390000000000000000e+02
3.215083958966130084e-01,9.400000000000000000e+02
3.215657057711043820e-01,9.400000000000000000e+02
3.216230156455957556e-01,9.400000000000000000e+02
3.216803255200871292e-01,9.400000000000000000e+02
3.217376353945785028e-01,9.400000000000000000e+02
3.217949452690698764e-01,9.410000000000000000e+02
3.218522551435612500e-01,9.410000000000000000e+02
3.219095650180526236e-01,9.410000000000000000e+02
3.219668748925439972e-01,9.410000000000000000e+02
3.220241847670353708e-01,9.410000000000000000e+02
3.220814946415267443e-01,9.410000000000000000e+02
3.221388045160181179e-01,9.420000000000000000e+02
3.221961143905094915e-01,9.420000000000000000e+02
3.222534242650008651e-01,9.420000000000000000e+02
3.223107341394922387e-01,9.420000000000000000e+02
3.223680440139836123e-01,9.420000000000000000e+02
3.224253538884749859e-01,9.420000000000000000e+02
3.224826637629663595e-01,9.420000000000000000e+02
3.225399736374577331e-01,9.430000000000000000e+02
3.225972835119491067e-01,9.430000000000000000e+02
3.226545933864404803e-01,9.430000000000000000e+02
3.227119032609318539e-01,9.430000000000000000e+02
3.227692131354232274e-01,9.440000000000000000e+02
3.228265230099146010e-01,9.440000000000000000e+02
3.228838328844059746e-01,9.440000000000000000e+02
3.229411427588973482e-01,9.440000000000000000e+02
3.229984526333887218e-01,9.440000000000000000e+02
3.230557625078800954e-01,9.440000000000000000e+02
3.231130723823714690e-01,9.450000000000000000e+02
3.231703822568628426e-01,9.450000000000000000e+02
3.232276921313542162e-01,9.450000000000000000e+02
3.232850020058455898e-01,9.450000000000000000e+02
3.233423118803369634e-01,9.450000000000000000e+02
3.233996217548283925e-01,9.460000000000000000e+02
3.234569316293197661e-01,9.460000000000000000e+02
3.235142415038111396e-01,9.470000000000000000e+02
3.235715513783025132e-01,9.470000000000000000e+02
3.236288612527938868e-01,9.470000000000000000e+02
3.236861711272852604e-01,9.480000000000000000e+02
3.237434810017766340e-01,9.480000000000000000e+02
3.238007908762680076e-01,9.480000000000000000e+02
3.238581007507593812e-01,9.480000000000000000e+02
3.239154106252507548e-01,9.480000000000000000e+02
3.239727204997421284e-01,9.490000000000000000e+02
3.240300303742335020e-01,9.490000000000000000e+02
3.240873402487248756e-01,9.490000000000000000e+02
3.241446501232162491e-01,9.490000000000000000e+02
3.242019599977076227e-01,9.490000000000000000e+02
3.242592698721989963e-01,9.500000000000000000e+02
3.243165797466903699e-01,9.500000000000000000e+02
3.243738896211817435e-01,9.500000000000000000e+02
3.244311994956731171e-01,9.500000000000000000e+02
3.244885093701644907e-01,9.500000000000000000e+02
3.245458192446558643e-01,9.510000000000000000e+02
3.246031291191472379e-01,9.510000000000000000e+02
3.246604389936386115e-01,9.510000000000000000e+02
3.247177488681299851e-01,9.510000000000000000e+02
3.247750587426213587e-01,9.510000000000000000e+02
3.248323686171127322e-01,9.510000000000000000e+02
3.248896784916041058e-01,9.520000000000000000e+02
3.249469883660954794e-01,9.520000000000000000e+02
3.250042982405868530e-01,9.520000000000000000e+02
3.250616081150782266e-01,9.520000000000000000e+02
3.251189179895696002e-01,9.530000000000000000e+02
3.251762278640609738e-01,9.530000000000000000e+02
3.252335377385523474e-01,9.540000000000000000e+02
3.252908476130437210e-01,9.540000000000000000e+02
3.253481574875350946e-01,9.540000000000000000e+02
3.254054673620264682e-01,9.540000000000000000e+02
3.254627772365178418e-01,9.540000000000000000e+02
3.255200871110092153e-01,9.540000000000000000e+02
3.255773969855005889e-01,9.550000000000000000e+02
3.256347068599919625e-01,9.550000000000000000e+02
3.256920167344833361e-01,9.560000000000000000e+02
3.257493266089747097e-01,9.570000000000000000e+02
3.258066364834660833e-01,9.570000000000000000e+02
3.258639463579574569e-01,9.570000000000000000e+02
3.259212562324488860e-01,9.580000000000000000e+02
3.259785661069402596e-01,9.580000000000000000e+02
3.260358759814316332e-01,9.580000000000000000e+02
3.260931858559230068e-01,9.580000000000000000e+02
3.261504957304143804e-01,9.580000000000000000e+02
3.262078056049057539e-01,9.590000000000000000e+02
3.262651154793971275e-01,9.590000000000000000e+02
3.263224253538885011e-01,9.590000000000000000e+02
3.263797352283798747e-01,9.600000000000000000e+02
3.264370451028712483e-01,9.600000000000000000e+02
3.264943549773626219e-01,9.600000000000000000e+02
3.265516648518539955e-01,9.600000000000000000e+02
3.266089747263453691e-01,9.600000000000000000e+02
3.266662846008367427e-01,9.610000000000000000e+02
3.267235944753281163e-01,9.610000000000000000e+02
3.267809043498194899e-01,9.610000000000000000e+02
3.268382142243108635e-01,9.610000000000000000e+02
3.268955240988022370e-01,9.610000000000000000e+02
3.269528339732936106e-01,9.610000000000000000e+02
3.270101438477849842e-01,9.610000000000000000e+02
3.270674537222763578e-01,9.620000000000000000e+02
3.271247635967677314e-01,9.620000000000000000e+02
3.271820734712591050e-01,9.620000000000000000e+02
3.272393833457504786e-01,9.620000000000000000e+02
3.272966932202418522e-01,9.630000000000000000e+02
3.273540030947332258e-01,9.630000000000000000e+02
3.274113129692245994e-01,9.630000000000000000e+02
3.274686228437159730e-01,9.630000000000000000e+02
3.275259327182073466e-01,9.630000000000000000e+02
3.275832425926987201e-01,9.630000000000000000e+02
3.276405524671900937e-01,9.630000000000000000e+02
3.276978623416814673e-01,9.630000000000000000e+02
3.277551722161728409e-01,9.640000000000000000e+02
3.278124820906642145e-01,9.640000000000000000e+02
3.278697919651555881e-01,9.640000000000000000e+02
3.279271018396469617e-01,9.640000000000000000e+02
3.279844117141383353e-01,9.640000000000000000e+02
3.280417215886297089e-01,9.640000000000000000e+02
3.280990314631210825e-01,9.650000000000000000e+02
3.281563413376124561e-01,9.650000000000000000e+02
3.282136512121038296e-01,9.650000000000000000e+02
3.282709610865952032e-01,9.650000000000000000e+02
3.283282709610865768e-01,9.650000000000000000e+02
3.283855808355779504e-01,9.650000000000000000e+02
3.284428907100693795e-01,9.660000000000000000e+02
3.285002005845607531e-01,9.660000000000000000e+02
3.285575104590521267e-01,9.660000000000000000e+02
3.286148203335435003e-01,9.660000000000000000e+02
3.286721302080348739e-01,9.670000000000000000e+02
3.287294400825262475e-01,9.670000000000000000e+02
3.287867499570176211e-01,9.670000000000000000e+02
3.288440598315089947e-01,9.670000000000000000e+02
3.289013697060003683e-01,9.670000000000000000e+02
3.289586795804917418e-01,9.680000000000000000e+02
3.290159894549831154e-01,9.680000000000000000e+02
3.290732993294744890e-01,9.680000000000000000e+02
3.291306092039658626e-01,9.680000000000000000e+02
3.291879190784572362e-01,9.680000000000000000e+02
3.292452289529486098e-01,9.680000000000000000e+02
3.293025388274399834e-01,9.690000000000000000e+02
3.293598487019313570e-01,9.690000000000000000e+02
3.294171585764227306e-01,9.690000000000000000e+02
3.294744684509141042e-01,9.690000000000000000e+02
3.295317783254054778e-01,9.690000000000000000e+02
3.295890881998968513e-01,9.690000000000000000e+02
3.296463980743882249e-01,9.690000000000000000e+02
3.297037079488795985e-01,9.700000000000000000e+02
3.297610178233709721e-01,9.700000000000000000e+02
3.298183276978623457e-01,9.700000000000000000e+02
3.298756375723537193e-01,9.700000000000000000e+02
3.299329474468450929e-01,9.710000000000000000e+02
3.299902573213364665e-01,9.710000000000000000e+02
3.300475671958278401e-01,9.710000000000000000e+02
3.301048770703192137e-01,9.710000000000000000e+02
3.301621869448105873e-01,9.710000000000000000e+02
3.302194968193019609e-01,9.710000000000000000e+02
3.302768066937933344e-01,9.710000000000000000e+02
3.303341165682847080e-01,9.710000000000000000e+02
3.303914264427760816e-01,9.720000000000000000e+02
3.304487363172674552e-01,9.720000000000000000e+02
3.305060461917588288e-01,9.720000000000000000e+02
3.305633560662502024e-01,9.720000000000000000e+02
3.306206659407415760e-01,9.720000000000000000e+02
3.306779758152329496e-01,9.720000000000000000e+02
3.307352856897243232e-01,9.730000000000000000e+02
3.307925955642156968e-01,9.730000000000000000e+02
3.308499054387070704e-01,9.730000000000000000e+02
3.309072153131984995e-01,9.730000000000000000e+02
3.309645251876898731e-01,9.730000000000000000e+02
3.310218350621812466e-01,9.740000000000000000e+02
3.310791449366726202e-01,9.750000000000000000e+02
3.311364548111639938e-01,9.750000000000000000e+02
3.311937646856553674e-01,9.750000000000000000e+02
3.312510745601467410e-01,9.750000000000000000e+02
3.313083844346381146e-01,9.760000000000000000e+02
3.313656943091294882e-01,9.760000000000000000e+02
3.314230041836208618e-01,9.760000000000000000e+02
3.314803140581122354e-01,9.760000000000000000e+02
3.315376239326036090e-01,9.760000000000000000e+02
3.315949338070949826e-01,9.770000000000000000e+02
3.316522436815863561e-01,9.770000000000000000e+02
3.317095535560777297e-01,9.780000000000000000e+02
3.317668634305691033e-01,9.780000000000000000e+02
3.318241733050604769e-01,9.780000000000000000e+02
3.318814831795518505e-01,9.780000000000000000e+02
3.319387930540432241e-01,9.790000000000000000e+02
3.319961029285345977e-01,9.790000000000000000e+02
3.320534128030259713e-01,9.810000000000000000e+02
3.321107226775173449e-01,9.810000000000000000e+02
3.321680325520087185e-01,9.810000000000000000e+02
3.322253424265000921e-01,9.810000000000000000e+02
3.322826523009914657e-01,9.820000000000000000e+02
3.323399621754828392e-01,9.820000000000000000e+02
3.323972720499742128e-01,9.820000000000000000e+02
3.324545819244655864e-01,9.820000000000000000e+02
3.325118917989569600e-01,9.830000000000000000e+02
3.325692016734483336e-01,9.830000000000000000e+02
3.326265115479397072e-01,9.830000000000000000e+02
3.326838214224310808e-01,9.830000000000000000e+02
3.327411312969224544e-01,9.840000000000000000e+02
3.327984411714138280e-01,9.840000000000000000e+02
3.328557510459052016e-01,9.850000000000000000e+02
3.329130609203965752e-01,9.850000000000000000e+02
3.329703707948879488e-01,9.860000000000000000e+02
3.330276806693793223e-01,9.860000000000000000e+02
3.330849905438706959e-01,9.860000000000000000e+02
3.331423004183620695e-01,9.870000000000000000e+02
3.331996102928534431e-01,9.870000000000000000e+02
3.332569201673448167e-01,9.870000000000000000e+02
3.333142300418361903e-01,9.870000000000000000e+02
3.333715399163275639e-01,9.870000000000000000e+02
3.334288497908189930e-01,9.870000000000000000e+02
3.334861596653103666e-01,9.880000000000000000e+02
3.335434695398017402e-01,9.890000000000000000e+02
3.336007794142931138e-01,9.890000000000000000e+02
3.336580892887844874e-01,9.890000000000000000e+02
3.337153991632758609e-01,9.890000000000000000e+02
3.337727090377672345e-01,9.890000000000000000e+02
3.338300189122586081e-01,9.890000000000000000e+02
3.338873287867499817e-01,9.900000000000000000e+02
3.339446386612413553e-01,9.900000000000000000e+02
3.340019485357327289e-01,9.900000000000000000e+02
3.340592584102241025e-01,9.900000000000000000e+02
3.341165682847154761e-01,9.910000000000000000e+02
3.341738781592068497e-01,9.910000000000000000e+02
3.342311880336982233e-01,9.910000000000000000e+02
3.342884979081895969e-01,9.910000000000000000e+02
3.343458077826809705e-01,9.910000000000000000e+02
3.344031176571723440e-01,9.920000000000000000e+02
3.344604275316637176e-01,9.920000000000000000e+02
3.345177374061550912e-01,9.920000000000000000e+02
3.345750472806464648e-01,9.920000000000000000e+02
3.346323571551378384e-01,9.920000000000000000e+02
3.346896670296292120e-01,9.930000000000000000e+02
3.347469769041205856e-01,9.930000000000000000e+02
3.348042867786119592e-01,9.930000000000000000e+02
3.348615966531033328e-01,9.930000000000000000e+02
3.349189065275947064e-01,9.930000000000000000e+02
3.349762164020860800e-01,9.940000000000000000e+02
3.350335262765774536e-01,9.940000000000000000e+02
3.350908361510688271e-01,9.940000000000000000e+02
3.351481460255602007e-01,9.950000000000000000e+02
3.352054559000515743e-01,9.950000000000000000e+02
3.352627657745429479e-01,9.950000000000000000e+02
3.353200756490343215e-01,9.950000000000000000e+02
3.353773855235256951e-01,9.950000000000000000e+02
3.354346953980170687e-01,9.950000000000000000e+02
3.354920052725084423e-01,9.960000000000000000e+02
3.355493151469998159e-01,9.960000000000000000e+02
3.356066250214911895e-01,9.960000000000000000e+02
3.356639348959825631e-01,9.970000000000000000e+02
3.357212447704739366e-01,9.970000000000000000e+02
3.357785546449653102e-01,9.980000000000000000e+02
3.358358645194566838e-01,9.980000000000000000e+02
3.358931743939481129e-01,9.990000000000000000e+02
3.359504842684394865e-01,9.990000000000000000e+02
3.360077941429308601e-01,9.990000000000000000e+02
3.360651040174222337e-01,9.990000000000000000e+02
3.361224138919136073e-01,9.990000000000000000e+02
3.361797237664049809e-01,9.990000000000000000e+02
3.362370336408963545e-01,9.990000000000000000e+02
3.362943435153877281e-01,9.990000000000000000e+02
3.363516533898791017e-01,1.000000000000000000e+03
3.364089632643704753e-01,1.000000000000000000e+03
3.364662731388618488e-01,1.000000000000000000e+03
3.365235830133532224e-01,1.000000000000000000e+03
3.365808928878445960e-01,1.001000000000000000e+03
3.366382027623359696e-01,1.001000000000000000e+03
3.366955126368273432e-01,1.001000000000000000e+03
3.367528225113187168e-01,1.002000000000000000e+03
3.368101323858100904e-01,1.002000000000000000e+03
3.368674422603014640e-01,1.003000000000000000e+03
3.369247521347928376e-01,1.003000000000000000e+03
3.369820620092842112e-01,1.003000000000000000e+03
3.370393718837755848e-01,1.003000000000000000e+03
3.370966817582669584e-01,1.004000000000000000e+03
3.371539916327583319e-01,1.004000000000000000e+03
3.372113015072497055e-01,1.004000000000000000e+03
3.372686113817410791e-01,1.005000000000000000e+03
3.373259212562324527e-01,1.005000000000000000e+03
3.373832311307238263e-01,1.005000000000000000e+03
3.374405410052151999e-01,1.005000000000000000e+03
3.374978508797065735e-01,1.005000000000000000e+03
3.375551607541979471e-01,1.005000000000000000e+03
3.376124706286893207e-01,1.006000000000000000e+03
3.376697805031806943e-01,1.006000000000000000e+03
3.377270903776720679e-01,1.007000000000000000e+03
3.377844002521634414e-01,1.007000000000000000e+03
3.378417101266548150e-01,1.008000000000000000e+03
3.378990200011461886e-01,1.008000000000000000e+03
3.379563298756375622e-01,1.008000000000000000e+03
3.380136397501289358e-01,1.008000000000000000e+03
3.380709496246203094e-01,1.009000000000000000e+03
3.381282594991116830e-01,1.009000000000000000e+03
3.381855693736030566e-01,1.010000000000000000e+03
3.382428792480944302e-01,1.010000000000000000e+03
3.383001891225858038e-01,1.010000000000000000e+03
3.383574989970771774e-01,1.010000000000000000e+03
3.384148088715686065e-01,1.010000000000000000e+03
3.384721187460599801e-01,1.011000000000000000e+03
3.385294286205513536e-01,1.011000000000000000e+03
3.385867384950427272e-01,1.011000000000000000e+03
3.386440483695341008e-01,1.012000000000000000e+03
3.387013582440254744e-01,1.012000000000000000e+03
3.387586681185168480e-01,1.013000000000000000e+03
3.388159779930082216e-01,1.013000000000000000e+03
3.388732878674995952e-01,1.013000000000000000e+03
3.389305977419909688e-01,1.013000000000000000e+03
3.389879076164823424e-01,1.014000000000000000e+03
3.390452174909737160e-01,1.014000000000000000e+03
3.391025273654650896e-01,1.014000000000000000e+03
3.391598372399564632e-01,1.014000000000000000e+03
3.392171471144478367e-01,1.014000000000000000e+03
3.392744569889392103e-01,1.015000000000000000e+03
3.393317668634305839e-01,1.015000000000000000e+03
3.393890767379219575e-01,1.015000000000000000e+03
3.394463866124133311e-01,1.015000000000000000e+03
3.395036964869047047e-01,1.016000000000000000e+03
3.395610063613960783e-01,1.016000000000000000e+03
3.396183162358874519e-01,1.017000000000000000e+03
3.396756261103788255e-01,1.017000000000000000e+03
3.397329359848701991e-01,1.017000000000000000e+03
3.397902458593615727e-01,1.017000000000000000e+03
3.398475557338529462e-01,1.017000000000000000e+03
3.399048656083443198e-01,1.017000000000000000e+03
3.399621754828356934e-01,1.017000000000000000e+03
3.400194853573270670e-01,1.018000000000000000e+03
3.400767952318184406e-01,1.018000000000000000e+03
3.401341051063098142e-01,1.018000000000000000e+03
3.401914149808011878e-01,1.018000000000000000e+03
3.402487248552925614e-01,1.019000000000000000e+03
3.403060347297839350e-01,1.019000000000000000e+03
3.403633446042753086e-01,1.019000000000000000e+03
3.404206544787666822e-01,1.019000000000000000e+03
3.404779643532580558e-01,1.020000000000000000e+03
3.405352742277494293e-01,1.020000000000000000e+03
3.405925841022408029e-01,1.020000000000000000e+03
3.406498939767321765e-01,1.020000000000000000e+03
3.407072038512235501e-01,1.020000000000000000e+03
3.407645137257149237e-01,1.020000000000000000e+03
3.408218236002062973e-01,1.021000000000000000e+03
3.408791334746977264e-01,1.021000000000000000e+03
3.409364433491891000e-01,1.022000000000000000e+03
3.409937532236804736e-01,1.022000000000000000e+03
3.410510630981718472e-01,1.022000000000000000e+03
3.411083729726632208e-01,1.022000000000000000e+03
3.411656828471545944e-01,1.022000000000000000e+03
3.412229927216459680e-01,1.022000000000000000e+03
3.412803025961373415e-01,1.022000000000000000e+03
3.413376124706287151e-01,1.024000000000000000e+03
3.413949223451200887e-01,1.024000000000000000e+03
3.414522322196114623e-01,1.024000000000000000e+03
3.415095420941028359e-01,1.025000000000000000e+03
3.415668519685942095e-01,1.025000000000000000e+03
3.416241618430855831e-01,1.025000000000000000e+03
3.416814717175769567e-01,1.025000000000000000e+03
3.417387815920683303e-01,1.026000000000000000e+03
3.417960914665597039e-01,1.026000000000000000e+03
3.418534013410510775e-01,1.026000000000000000e+03
3.419107112155424510e-01,1.027000000000000000e+03
3.419680210900338246e-01,1.027000000000000000e+03
3.420253309645251982e-01,1.027000000000000000e+03
3.420826408390165718e-01,1.027000000000000000e+03
3.421399507135079454e-01,1.027000000000000000e+03
3.421972605879993190e-01,1.028000000000000000e+03
3.422545704624906926e-01,1.028000000000000000e+03
3.423118803369820662e-01,1.028000000000000000e+03
3.423691902114734398e-01,1.029000000000000000e+03
3.424265000859648134e-01,1.029000000000000000e+03
3.424838099604561870e-01,1.029000000000000000e+03
3.425411198349475606e-01,1.029000000000000000e+03
3.425984297094389341e-01,1.031000000000000000e+03
3.426557395839303077e-01,1.031000000000000000e+03
3.427130494584216813e-01,1.031000000000000000e+03
3.427703593329130549e-01,1.031000000000000000e+03
3.428276692074044285e-01,1.032000000000000000e+03
3.428849790818958021e-01,1.034000000000000000e+03
3.429422889563871757e-01,1.034000000000000000e+03
3.429995988308785493e-01,1.034000000000000000e+03
3.430569087053699229e-01,1.034000000000000000e+03
3.431142185798612965e-01,1.034000000000000000e+03
3.431715284543526701e-01,1.034000000000000000e+03
3.432288383288440436e-01,1.035000000000000000e+03
3.432861482033354172e-01,1.035000000000000000e+03
3.433434580778267908e-01,1.035000000000000000e+03
3.434007679523182199e-01,1.036000000000000000e+03
3.434580778268095935e-01,1.036000000000000000e+03
3.435153877013009671e-01,1.036000000000000000e+03
3.435726975757923407e-01,1.037000000000000000e+03
3.436300074502837143e-01,1.039000000000000000e+03
3.436873173247750879e-01,1.039000000000000000e+03
3.437446271992664615e-01,1.039000000000000000e+03
3.438019370737578351e-01,1.039000000000000000e+03
3.438592469482492087e-01,1.039000000000000000e+03
3.439165568227405823e-01,1.040000000000000000e+03
3.439738666972319558e-01,1.040000000000000000e+03
3.440311765717233294e-01,1.040000000000000000e+03
3.440884864462147030e-01,1.040000000000000000e+03
3.441457963207060766e-01,1.041000000000000000e+03
3.442031061951974502e-01,1.041000000000000000e+03
3.442604160696888238e-01,1.041000000000000000e+03
3.443177259441801974e-01,1.041000000000000000e+03
3.443750358186715710e-01,1.041000000000000000e+03
3.444323456931629446e-01,1.041000000000000000e+03
3.444896555676543182e-01,1.041000000000000000e+03
3.445469654421456918e-01,1.041000000000000000e+03
3.446042753166370654e-01,1.042000000000000000e+03
3.446615851911284389e-01,1.042000000000000000e+03
3.447188950656198125e-01,1.042000000000000000e+03
3.447762049401111861e-01,1.043000000000000000e+03
3.448335148146025597e-01,1.043000000000000000e+03
3.448908246890939333e-01,1.043000000000000000e+03
3.449481345635853069e-01,1.043000000000000000e+03
3.450054444380766805e-01,1.043000000000000000e+03
3.450627543125680541e-01,1.043000000000000000e+03
3.451200641870594277e-01,1.043000000000000000e+03
3.451773740615508013e-01,1.044000000000000000e+03
3.452346839360421749e-01,1.044000000000000000e+03
3.452919938105335484e-01,1.045000000000000000e+03
3.453493036850249220e-01,1.045000000000000000e+03
3.454066135595162956e-01,1.045000000000000000e+03
3.454639234340076692e-01,1.045000000000000000e+03
3.455212333084990428e-01,1.046000000000000000e+03
3.455785431829904164e-01,1.046000000000000000e+03
3.456358530574817900e-01,1.046000000000000000e+03
3.456931629319731636e-01,1.046000000000000000e+03
3.457504728064645372e-01,1.046000000000000000e+03
3.458077826809559108e-01,1.046000000000000000e+03
3.458650925554472844e-01,1.047000000000000000e+03
3.459224024299387135e-01,1.047000000000000000e+03
3.459797123044300871e-01,1.047000000000000000e+03
3.460370221789214606e-01,1.047000000000000000e+03
3.460943320534128342e-01,1.047000000000000000e+03
3.461516419279042078e-01,1.048000000000000000e+03
3.462089518023955814e-01,1.048000000000000000e+03
3.462662616768869550e-01,1.049000000000000000e+03
3.463235715513783286e-01,1.049000000000000000e+03
3.463808814258697022e-01,1.049000000000000000e+03
3.464381913003610758e-01,1.049000000000000000e+03
3.464955011748524494e-01,1.049000000000000000e+03
3.465528110493438230e-01,1.050000000000000000e+03
3.466101209238351966e-01,1.050000000000000000e+03
3.466674307983265702e-01,1.050000000000000000e+03
3.467247406728179437e-01,1.051000000000000000e+03
3.467820505473093173e-01,1.051000000000000000e+03
3.468393604218006909e-01,1.051000000000000000e+03
3.468966702962920645e-01,1.051000000000000000e+03
3.469539801707834381e-01,1.051000000000000000e+03
3.470112900452748117e-01,1.052000000000000000e+03
3.470685999197661853e-01,1.052000000000000000e+03
3.471259097942575589e-01,1.052000000000000000e+03
3.471832196687489325e-01,1.053000000000000000e+03
3.472405295432403061e-01,1.053000000000000000e+03
3.472978394177316797e-01,1.053000000000000000e+03
3.473551492922230532e-01,1.053000000000000000e+03
3.474124591667144268e-01,1.053000000000000000e+03
3.474697690412058004e-01,1.054000000000000000e+03
3.475270789156971740e-01,1.055000000000000000e+03
3.475843887901885476e-01,1.055000000000000000e+03
3.476416986646799212e-01,1.055000000000000000e+03
3.476990085391712948e-01,1.055000000000000000e+03
3.477563184136626684e-01,1.055000000000000000e+03
3.478136282881540420e-01,1.056000000000000000e+03
3.478709381626454156e-01,1.056000000000000000e+03
3.479282480371367892e-01,1.056000000000000000e+03
3.479855579116281628e-01,1.056000000000000000e+03
3.480428677861195363e-01,1.057000000000000000e+03
3.481001776606109099e-01,1.057000000000000000e+03
3.481574875351022835e-01,1.058000000000000000e+03
3.482147974095936571e-01,1.058000000000000000e+03
3.482721072840850307e-01,1.058000000000000000e+03
3.483294171585764043e-01,1.059000000000000000e+03
3.483867270330678334e-01,1.059000000000000000e+03
3.484440369075592070e-01,1.059000000000000000e+03
3.485013467820505806e-01,1.059000000000000000e+03
3.485586566565419542e-01,1.059000000000000000e+03
3.486159665310333278e-01,1.060000000000000000e+03
3.486732764055247014e-01,1.060000000000000000e+03
3.487305862800160750e-01,1.060000000000000000e+03
3.487878961545074485e-01,1.060000000000000000e+03
3.488452060289988221e-01,1.060000000000000000e+03
3.489025159034901957e-01,1.060000000000000000e+03
3.489598257779815693e-01,1.060000000000000000e+03
3.490171356524729429e-01,1.060000000000000000e+03
3.490744455269643165e-01,1.060000000000000000e+03
3.491317554014556901e-01,1.061000000000000000e+03
3.491890652759470637e-01,1.061000000000000000e+03
3.492463751504384373e-01,1.062000000000000000e+03
3.493036850249298109e-01,1.062000000000000000e+03
3.493609948994211845e-01,1.062000000000000000e+03
3.494183047739125580e-01,1.063000000000000000e+03
3.494756146484039316e-01,1.063000000000000000e+03
3.495329245228953052e-01,1.064000000000000000e+03
3.495902343973866788e-01,1.064000000000000000e+03
3.496475442718780524e-01,1.064000000000000000e+03
3.497048541463694260e-01,1.064000000000000000e+03
3.497621640208607996e-01,1.065000000000000000e+03
3.498194738953521732e-01,1.065000000000000000e+03
3.498767837698435468e-01,1.065000000000000000e+03
3.499340936443349204e-01,1.065000000000000000e+03
3.499914035188262940e-01,1.065000000000000000e+03
3.500487133933176676e-01,1.066000000000000000e+03
3.501060232678090411e-01,1.066000000000000000e+03
3.501633331423004147e-01,1.066000000000000000e+03
3.502206430167917883e-01,1.066000000000000000e+03
3.502779528912831619e-01,1.067000000000000000e+03
3.503352627657745355e-01,1.067000000000000000e+03
3.503925726402659091e-01,1.067000000000000000e+03
3.504498825147572827e-01,1.067000000000000000e+03
3.505071923892486563e-01,1.067000000000000000e+03
3.505645022637400299e-01,1.068000000000000000e+03
3.506218121382314035e-01,1.068000000000000000e+03
3.506791220127227771e-01,1.068000000000000000e+03
3.507364318872141506e-01,1.069000000000000000e+03
3.507937417617055242e-01,1.069000000000000000e+03
3.508510516361968978e-01,1.069000000000000000e+03
3.509083615106883269e-01,1.069000000000000000e+03
3.509656713851797005e-01,1.070000000000000000e+03
3.510229812596710741e-01,1.070000000000000000e+03
3.510802911341624477e-01,1.070000000000000000e+03
3.511376010086538213e-01,1.070000000000000000e+03
3.511949108831451949e-01,1.070000000000000000e+03
3.512522207576365685e-01,1.070000000000000000e+03
3.513095306321279421e-01,1.071000000000000000e+03
3.513668405066193157e-01,1.071000000000000000e+03
3.514241503811106893e-01,1.071000000000000000e+03
3.514814602556020628e-01,1.071000000000000000e+03
3.515387701300934364e-01,1.071000000000000000e+03
3.515960800045848100e-01,1.071000000000000000e+03
3.516533898790761836e-01,1.072000000000000000e+03
3.517106997535675572e-01,1.072000000000000000e+03
3.517680096280589308e-01,1.072000000000000000e+03
3.518253195025503044e-01,1.073000000000000000e+03
3.518826293770416780e-01,1.074000000000000000e+03
3.519399392515330516e-01,1.074000000000000000e+03
3.519972491260244252e-01,1.074000000000000000e+03
3.520545590005157988e-01,1.074000000000000000e+03
3.521118688750071724e-01,1.074000000000000000e+03
3.521691787494985459e-01,1.075000000000000000e+03
3.522264886239899195e-01,1.075000000000000000e+03
3.522837984984812931e-01,1.075000000000000000e+03
3.523411083729726667e-01,1.075000000000000000e+03
3.523984182474640403e-01,1.076000000000000000e+03
3.524557281219554139e-01,1.076000000000000000e+03
3.525130379964467875e-01,1.077000000000000000e+03
3.525703478709381611e-01,1.078000000000000000e+03
3.526276577454295347e-01,1.078000000000000000e+03
3.526849676199209083e-01,1.078000000000000000e+03
3.527422774944122819e-01,1.078000000000000000e+03
3.527995873689036554e-01,1.078000000000000000e+03
3.528568972433950290e-01,1.079000000000000000e+03
3.529142071178864026e-01,1.079000000000000000e+03
3.529715169923777762e-01,1.080000000000000000e+03
3.530288268668691498e-01,1.080000000000000000e+03
3.530861367413605234e-01,1.080000000000000000e+03
3.531434466158518970e-01,1.080000000000000000e+03
3.532007564903432706e-01,1.081000000000000000e+03
3.532580663648346442e-01,1.081000000000000000e+03
3.533153762393260178e-01,1.082000000000000000e+03
3.533726861138174469e-01,1.082000000000000000e+03
3.534299959883088205e-01,1.083000000000000000e+03
3.534873058628001941e-01,1.083000000000000000e+03
3.535446157372915676e-01,1.083000000000000000e+03
3.536019256117829412e-01,1.083000000000000000e+03
3.536592354862743148e-01,1.083000000000000000e+03
3.537165453607656884e-01,1.084000000000000000e+03
3.537738552352570620e-01,1.084000000000000000e+03
3.538311651097484356e-01,1.085000000000000000e+03
3.538884749842398092e-01,1.085000000000000000e+03
3.539457848587311828e-01,1.085000000000000000e+03
3.540030947332225564e-01,1.085000000000000000e+03
3.540604046077139300e-01,1.086000000000000000e+03
3.541177144822053036e-01,1.087000000000000000e+03
3.541750243566966772e-01,1.087000000000000000e+03
3.542323342311880507e-01,1.087000000000000000e+03
3.542896441056794243e-01,1.089000000000000000e+03
3.543469539801707979e-01,1.089000000000000000e+03
3.544042638546621715e-01,1.090000000000000000e+03
3.544615737291535451e-01,1.090000000000000000e+03
3.545188836036449187e-01,1.090000000000000000e+03
3.545761934781362923e-01,1.091000000000000000e+03
3.546335033526276659e-01,1.091000000000000000e+03
3.546908132271190395e-01,1.091000000000000000e+03
3.547481231016104131e-01,1.091000000000000000e+03
3.548054329761017867e-01,1.092000000000000000e+03
3.548627428505931602e-01,1.092000000000000000e+03
3.549200527250845338e-01,1.092000000000000000e+03
3.549773625995759074e-01,1.092000000000000000e+03
3.550346724740672810e-01,1.092000000000000000e+03
3.550919823485586546e-01,1.093000000000000000e+03
3.551492922230500282e-01,1.093000000000000000e+03
3.552066020975414018e-01,1.094000000000000000e+03
3.552639119720327754e-01,1.094000000000000000e+03
3.553212218465241490e-01,1.094000000000000000e+03
3.553785317210155226e-01,1.096000000000000000e+03
3.554358415955068962e-01,1.096000000000000000e+03
3.554931514699982698e-01,1.096000000000000000e+03
3.555504613444896433e-01,1.096000000000000000e+03
3.556077712189810169e-01,1.097000000000000000e+03
3.556650810934723905e-01,1.097000000000000000e+03
3.557223909679637641e-01,1.098000000000000000e+03
3.557797008424551377e-01,1.098000000000000000e+03
3.558370107169465113e-01,1.098000000000000000e+03
3.558943205914379404e-01,1.099000000000000000e+03
3.559516304659293140e-01,1.100000000000000000e+03
3.560089403404206876e-01,1.100000000000000000e+03
3.560662502149120612e-01,1.100000000000000000e+03
3.561235600894034348e-01,1.101000000000000000e+03
3.561808699638948084e-01,1.101000000000000000e+03
3.562381798383861820e-01,1.101000000000000000e+03
3.562954897128775555e-01,1.101000000000000000e+03
3.563527995873689291e-01,1.102000000000000000e+03
3.564101094618603027e-01,1.102000000000000000e+03
3.564674193363516763e-01,1.102000000000000000e+03
3.565247292108430499e-01,1.102000000000000000e+03
3.565820390853344235e-01,1.102000000000000000e+03
3.566393489598257971e-01,1.102000000000000000e+03
3.566966588343171707e-01,1.102000000000000000e+03
3.567539687088085443e-01,1.103000000000000000e+03
3.568112785832999179e-01,1.103000000000000000e+03
3.568685884577912915e-01,1.104000000000000000e+03
3.569258983322826650e-01,1.104000000000000000e+03
3.569832082067740386e-01,1.104000000000000000e+03
3.570405180812654122e-01,1.104000000000000000e+03
3.570978279557567858e-01,1.104000000000000000e+03
3.571551378302481594e-01,1.105000000000000000e+03
3.572124477047395330e-01,1.105000000000000000e+03
3.572697575792309066e-01,1.105000000000000000e+03
3.573270674537222802e-01,1.105000000000000000e+03
3.573843773282136538e-01,1.106000000000000000e+03
3.574416872027050274e-01,1.107000000000000000e+03
3.574989970771964010e-01,1.107000000000000000e+03
3.575563069516877746e-01,1.108000000000000000e+03
3.576136168261791481e-01,1.108000000000000000e+03
3.576709267006705217e-01,1.108000000000000000e+03
3.577282365751618953e-01,1.108000000000000000e+03
3.577855464496532689e-01,1.109000000000000000e+03
3.578428563241446425e-01,1.109000000000000000e+03
3.579001661986360161e-01,1.109000000000000000e+03
3.579574760731273897e-01,1.109000000000000000e+03
3.580147859476187633e-01,1.109000000000000000e+03
3.580720958221101369e-01,1.110000000000000000e+03
3.581294056966015105e-01,1.110000000000000000e+03
3.581867155710928841e-01,1.110000000000000000e+03
3.582440254455842576e-01,1.110000000000000000e+03
3.583013353200756312e-01,1.111000000000000000e+03
3.583586451945670603e-01,1.111000000000000000e+03
3.584159550690584339e-01,1.111000000000000000e+03
3.584732649435498075e-01,1.112000000000000000e+03
3.585305748180411811e-01,1.112000000000000000e+03
3.585878846925325547e-01,1.112000000000000000e+03
3.586451945670239283e-01,1.113000000000000000e+03
3.587025044415153019e-01,1.113000000000000000e+03
3.587598143160066755e-01,1.113000000000000000e+03
3.588171241904980491e-01,1.113000000000000000e+03
3.588744340649894227e-01,1.114000000000000000e+03
3.589317439394807963e-01,1.114000000000000000e+03
3.589890538139721698e-01,1.114000000000000000e+03
3.590463636884635434e-01,1.114000000000000000e+03
3.591036735629549170e-01,1.115000000000000000e+03
3.591609834374462906e-01,1.115000000000000000e+03
3.592182933119376642e-01,1.115000000000000000e+03
3.592756031864290378e-01,1.116000000000000000e+03
3.593329130609204114e-01,1.116000000000000000e+03
3.593902229354117850e-01,1.117000000000000000e+03
3.594475328099031586e-01,1.117000000000000000e+03
3.595048426843945322e-01,1.117000000000000000e+03
3.595621525588859058e-01,1.118000000000000000e+03
3.596194624333772794e-01,1.118000000000000000e+03
3.596767723078686529e-01,1.118000000000000000e+03
3.597340821823600265e-01,1.118000000000000000e+03
3.597913920568514001e-01,1.119000000000000000e+03
3.598487019313427737e-01,1.119000000000000000e+03
3.599060118058341473e-01,1.119000000000000000e+03
3.599633216803255209e-01,1.119000000000000000e+03
3.600206315548168945e-01,1.120000000000000000e+03
3.600779414293082681e-01,1.120000000000000000e+03
3.601352513037996417e-01,1.120000000000000000e+03
3.601925611782910153e-01,1.120000000000000000e+03
3.602498710527823889e-01,1.121000000000000000e+03
3.603071809272737624e-01,1.122000000000000000e+03
3.603644908017651360e-01,1.122000000000000000e+03
3.604218006762565096e-01,1.122000000000000000e+03
3.604791105507478832e-01,1.122000000000000000e+03
3.605364204252392568e-01,1.123000000000000000e+03
3.605937302997306304e-01,1.123000000000000000e+03
3.606510401742220040e-01,1.123000000000000000e+03
3.607083500487133776e-01,1.123000000000000000e+03
3.607656599232047512e-01,1.124000000000000000e+03
3.608229697976961248e-01,1.124000000000000000e+03
3.608802796721875539e-01,1.124000000000000000e+03
3.609375895466789275e-01,1.124000000000000000e+03
3.609948994211703011e-01,1.124000000000000000e+03
3.610522092956616746e-01,1.125000000000000000e+03
3.611095191701530482e-01,1.125000000000000000e+03
3.611668290446444218e-01,1.125000000000000000e+03
3.612241389191357954e-01,1.126000000000000000e+03
3.612814487936271690e-01,1.126000000000000000e+03
3.613387586681185426e-01,1.126000000000000000e+03
3.613960685426099162e-01,1.127000000000000000e+03
3.614533784171012898e-01,1.127000000000000000e+03
3.615106882915926634e-01,1.127000000000000000e+03
3.615679981660840370e-01,1.127000000000000000e+03
3.616253080405754106e-01,1.127000000000000000e+03
3.616826179150667842e-01,1.127000000000000000e+03
3.617399277895581577e-01,1.128000000000000000e+03
3.617972376640495313e-01,1.128000000000000000e+03
3.618545475385409049e-01,1.128000000000000000e+03
3.619118574130322785e-01,1.128000000000000000e+03
3.619691672875236521e-01,1.128000000000000000e+03
3.620264771620150257e-01,1.128000000000000000e+03
3.620837870365063993e-01,1.129000000000000000e+03
3.621410969109977729e-01,1.129000000000000000e+03
3.621984067854891465e-01,1.129000000000000000e+03
3.622557166599805201e-01,1.129000000000000000e+03
3.623130265344718937e-01,1.129000000000000000e+03
3.623703364089632672e-01,1.130000000000000000e+03
3.624276462834546408e-01,1.131000000000000000e+03
3.624849561579460144e-01,1.131000000000000000e+03
3.625422660324373880e-01,1.131000000000000000e+03
3.625995759069287616e-01,1.131000000000000000e+03
3.626568857814201352e-01,1.131000000000000000e+03
3.627141956559115088e-01,1.131000000000000000e+03
3.627715055304028824e-01,1.131000000000000000e+03
3.628288154048942560e-01,1.132000000000000000e+03
3.628861252793856296e-01,1.132000000000000000e+03
3.629434351538770032e-01,1.132000000000000000e+03
3.630007450283683768e-01,1.132000000000000000e+03
3.630580549028597503e-01,1.132000000000000000e+03
3.631153647773511239e-01,1.132000000000000000e+03
3.631726746518424975e-01,1.133000000000000000e+03
3.632299845263338711e-01,1.133000000000000000e+03
3.632872944008252447e-01,1.134000000000000000e+03
3.633446042753166183e-01,1.134000000000000000e+03
3.634019141498080474e-01,1.134000000000000000e+03
3.634592240242994210e-01,1.134000000000000000e+03
3.635165338987907946e-01,1.134000000000000000e+03
3.635738437732821682e-01,1.134000000000000000e+03
3.636311536477735418e-01,1.135000000000000000e+03
3.636884635222649154e-01,1.135000000000000000e+03
3.637457733967562890e-01,1.135000000000000000e+03
3.638030832712476625e-01,1.135000000000000000e+03
3.638603931457390361e-01,1.136000000000000000e+03
3.639177030202304097e-01,1.136000000000000000e+03
3.639750128947217833e-01,1.136000000000000000e+03
3.640323227692131569e-01,1.136000000000000000e+03
3.640896326437045305e-01,1.137000000000000000e+03
3.641469425181959041e-01,1.137000000000000000e+03
3.642042523926872777e-01,1.137000000000000000e+03
3.642615622671786513e-01,1.137000000000000000e+03
3.643188721416700249e-01,1.137000000000000000e+03
3.643761820161613985e-01,1.138000000000000000e+03
3.644334918906527720e-01,1.138000000000000000e+03
3.644908017651441456e-01,1.138000000000000000e+03
3.645481116396355192e-01,1.138000000000000000e+03
3.646054215141268928e-01,1.139000000000000000e+03
3.646627313886182664e-01,1.139000000000000000e+03
3.647200412631096400e-01,1.139000000000000000e+03
3.647773511376010136e-01,1.139000000000000000e+03
3.648346610120923872e-01,1.139000000000000000e+03
3.648919708865837608e-01,1.139000000000000000e+03
3.649492807610751344e-01,1.140000000000000000e+03
3.650065906355665080e-01,1.140000000000000000e+03
3.650639005100578816e-01,1.141000000000000000e+03
3.651212103845492551e-01,1.141000000000000000e+03
3.651785202590406287e-01,1.141000000000000000e+03
3.652358301335320023e-01,1.142000000000000000e+03
3.652931400080233759e-01,1.142000000000000000e+03
3.653504498825147495e-01,1.142000000000000000e+03
3.654077597570061231e-01,1.142000000000000000e+03
3.654650696314974967e-01,1.143000000000000000e+03
3.655223795059888703e-01,1.143000000000000000e+03
3.655796893804802439e-01,1.143000000000000000e+03
3.656369992549716175e-01,1.143000000000000000e+03
3.656943091294629911e-01,1.143000000000000000e+03
3.657516190039543647e-01,1.144000000000000000e+03
3.658089288784457382e-01,1.144000000000000000e+03
3.658662387529371673e-01,1.144000000000000000e+03
3.659235486274285409e-01,1.144000000000000000e+03
3.659808585019199145e-01,1.144000000000000000e+03
3.660381683764112881e-01,1.144000000000000000e+03
3.660954782509026617e-01,1.145000000000000000e+03
3.661527881253940353e-01,1.145000000000000000e+03
3.662100979998854089e-01,1.145000000000000000e+03
3.662674078743767825e-01,1.146000000000000000e+03
3.663247177488681561e-01,1.147000000000000000e+03
3.663820276233595297e-01,1.147000000000000000e+03
3.664393374978509033e-01,1.147000000000000000e+03
3.664966473723422768e-01,1.147000000000000000e+03
3.665539572468336504e-01,1.147000000000000000e+03
3.666112671213250240e-01,1.148000000000000000e+03
3.666685769958163976e-01,1.148000000000000000e+03
3.667258868703077712e-01,1.148000000000000000e+03
3.667831967447991448e-01,1.148000000000000000e+03
3.668405066192905184e-01,1.149000000000000000e+03
3.668978164937818920e-01,1.149000000000000000e+03
3.669551263682732656e-01,1.149000000000000000e+03
3.670124362427646392e-01,1.149000000000000000e+03
3.670697461172560128e-01,1.149000000000000000e+03
3.671270559917473864e-01,1.149000000000000000e+03
3.671843658662387599e-01,1.149000000000000000e+03
3.672416757407301335e-01,1.149000000000000000e+03
3.672989856152215071e-01,1.149000000000000000e+03
3.673562954897128807e-01,1.150000000000000000e+03
3.674136053642042543e-01,1.150000000000000000e+03
3.674709152386956279e-01,1.150000000000000000e+03
3.675282251131870015e-01,1.150000000000000000e+03
3.675855349876783751e-01,1.151000000000000000e+03
3.676428448621697487e-01,1.151000000000000000e+03
3.677001547366611223e-01,1.151000000000000000e+03
3.677574646111524959e-01,1.151000000000000000e+03
3.678147744856438695e-01,1.152000000000000000e+03
3.678720843601352430e-01,1.152000000000000000e+03
3.679293942346266166e-01,1.153000000000000000e+03
3.679867041091179902e-01,1.153000000000000000e+03
3.680440139836093638e-01,1.153000000000000000e+03
3.681013238581007374e-01,1.153000000000000000e+03
3.681586337325921110e-01,1.153000000000000000e+03
3.682159436070834846e-01,1.153000000000000000e+03
3.682732534815748582e-01,1.153000000000000000e+03
3.683305633560662318e-01,1.153000000000000000e+03
3.683878732305576609e-01,1.154000000000000000e+03
3.684451831050490345e-01,1.154000000000000000e+03
3.685024929795404081e-01,1.154000000000000000e+03
3.685598028540317816e-01,1.154000000000000000e+03
3.686171127285231552e-01,1.154000000000000000e+03
3.686744226030145288e-01,1.154000000000000000e+03
3.687317324775059024e-01,1.154000000000000000e+03
3.687890423519972760e-01,1.154000000000000000e+03
3.688463522264886496e-01,1.155000000000000000e+03
3.689036621009800232e-01,1.155000000000000000e+03
3.689609719754713968e-01,1.155000000000000000e+03
3.690182818499627704e-01,1.155000000000000000e+03
3.690755917244541440e-01,1.155000000000000000e+03
3.691329015989455176e-01,1.156000000000000000e+03
3.691902114734368912e-01,1.156000000000000000e+03
3.692475213479282647e-01,1.156000000000000000e+03
3.693048312224196383e-01,1.157000000000000000e+03
3.693621410969110119e-01,1.157000000000000000e+03
3.694194509714023855e-01,1.158000000000000000e+03
3.694767608458937591e-01,1.158000000000000000e+03
3.695340707203851327e-01,1.158000000000000000e+03
3.695913805948765063e-01,1.158000000000000000e+03
3.696486904693678799e-01,1.159000000000000000e+03
3.697060003438592535e-01,1.159000000000000000e+03
3.697633102183506271e-01,1.159000000000000000e+03
3.698206200928420007e-01,1.159000000000000000e+03
3.698779299673333743e-01,1.159000000000000000e+03
3.699352398418247478e-01,1.160000000000000000e+03
3.699925497163161214e-01,1.160000000000000000e+03
3.700498595908074950e-01,1.160000000000000000e+03
3.701071694652988686e-01,1.160000000000000000e+03
3.701644793397902422e-01,1.161000000000000000e+03
3.702217892142816158e-01,1.161000000000000000e+03
3.702790990887729894e-01,1.161000000000000000e+03
3.703364089632643630e-01,1.162000000000000000e+03
3.703937188377557366e-01,1.162000000000000000e+03
3.704510287122471102e-01,1.162000000000000000e+03
3.705083385867384838e-01,1.163000000000000000e+03
3.705656484612298573e-01,1.163000000000000000e+03
3.706229583357212309e-01,1.163000000000000000e+03
3.706802682102126045e-01,1.163000000000000000e+03
3.707375780847039781e-01,1.163000000000000000e+03
3.707948879591953517e-01,1.163000000000000000e+03
3.708521978336867808e-01,1.164000000000000000e+03
3.709095077081781544e-01,1.164000000000000000e+03
3.709668175826695280e-01,1.164000000000000000e+03
3.710241274571609016e-01,1.164000000000000000e+03
3.710814373316522752e-01,1.164000000000000000e+03
3.711387472061436488e-01,1.165000000000000000e+03
3.711960570806350224e-01,1.165000000000000000e+03
3.712533669551263960e-01,1.165000000000000000e+03
3.713106768296177695e-01,1.166000000000000000e+03
3.713679867041091431e-01,1.166000000000000000e+03
3.714252965786005167e-01,1.166000000000000000e+03
3.714826064530918903e-01,1.166000000000000000e+03
3.715399163275832639e-01,1.166000000000000000e+03
3.715972262020746375e-01,1.167000000000000000e+03
3.716545360765660111e-01,1.167000000000000000e+03
3.717118459510573847e-01,1.167000000000000000e+03
3.717691558255487583e-01,1.167000000000000000e+03
3.718264657000401319e-01,1.167000000000000000e+03
3.718837755745315055e-01,1.168000000000000000e+03
3.719410854490228791e-01,1.168000000000000000e+03
3.719983953235142526e-01,1.168000000000000000e+03
3.720557051980056262e-01,1.168000000000000000e+03
3.721130150724969998e-01,1.168000000000000000e+03
3.721703249469883734e-01,1.169000000000000000e+03
3.722276348214797470e-01,1.169000000000000000e+03
3.722849446959711206e-01,1.170000000000000000e+03
3.723422545704624942e-01,1.171000000000000000e+03
3.723995644449538678e-01,1.172000000000000000e+03
3.724568743194452414e-01,1.172000000000000000e+03
3.725141841939366150e-01,1.172000000000000000e+03
3.725714940684279886e-01,1.172000000000000000e+03
3.726288039429193621e-01,1.173000000000000000e+03
3.726861138174107357e-01,1.174000000000000000e+03
3.727434236919021093e-01,1.174000000000000000e+03
3.728007335663934829e-01,1.174000000000000000e+03
3.728580434408848565e-01,1.174000000000000000e+03
3.729153533153762301e-01,1.174000000000000000e+03
3.729726631898676037e-01,1.175000000000000000e+03
3.730299730643589773e-01,1.175000000000000000e+03
3.730872829388503509e-01,1.175000000000000000e+03
3.731445928133417245e-01,1.175000000000000000e+03
3.732019026878330981e-01,1.175000000000000000e+03
3.732592125623244717e-01,1.176000000000000000e+03
3.733165224368158452e-01,1.176000000000000000e+03
3.733738323113072743e-01,1.176000000000000000e+03
3.734311421857986479e-01,1.177000000000000000e+03
3.734884520602900215e-01,1.177000000000000000e+03
3.735457619347813951e-01,1.178000000000000000e+03
3.736030718092727687e-01,1.178000000000000000e+03
3.736603816837641423e-01,1.178000000000000000e+03
3.737176915582555159e-01,1.179000000000000000e+03
3.737750014327468895e-01,1.179000000000000000e+03
3.738323113072382631e-01,1.179000000000000000e+03
3.738896211817296367e-01,1.180000000000000000e+03
3.739469310562210103e-01,1.180000000000000000e+03
3.740042409307123839e-01,1.180000000000000000e+03
3.740615508052037574e-01,1.181000000000000000e+03
3.741188606796951310e-01,1.181000000000000000e+03
3.741761705541865046e-01,1.182000000000000000e+03
3.742334804286778782e-01,1.182000000000000000e+03
3.742907903031692518e-01,1.182000000000000000e+03
3.743481001776606254e-01,1.182000000000000000e+03
3.744054100521519990e-01,1.183000000000000000e+03
3.744627199266433726e-01,1.183000000000000000e+03
3.745200298011347462e-01,1.183000000000000000e+03
3.745773396756261198e-01,1.183000000000000000e+03
3.746346495501174934e-01,1.183000000000000000e+03
3.746919594246088669e-01,1.183000000000000000e+03
3.747492692991002405e-01,1.183000000000000000e+03
3.748065791735916141e-01,1.184000000000000000e+03
3.748638890480829877e-01,1.184000000000000000e+03
3.749211989225743613e-01,1.184000000000000000e+03
3.749785087970657349e-01,1.184000000000000000e+03
3.750358186715571085e-01,1.184000000000000000e+03
3.750931285460484821e-01,1.184000000000000000e+03
3.751504384205398557e-01,1.184000000000000000e+03
3.752077482950312293e-01,1.184000000000000000e+03
3.752650581695226029e-01,1.184000000000000000e+03
3.753223680440139765e-01,1.185000000000000000e+03
3.753796779185053500e-01,1.185000000000000000e+03
3.754369877929967236e-01,1.185000000000000000e+03
3.754942976674880972e-01,1.185000000000000000e+03
3.755516075419794708e-01,1.186000000000000000e+03
3.756089174164708444e-01,1.186000000000000000e+03
3.756662272909622180e-01,1.187000000000000000e+03
3.757235371654535916e-01,1.187000000000000000e+03
3.757808470399449652e-01,1.187000000000000000e+03
3.758381569144363943e-01,1.187000000000000000e+03
3.758954667889277679e-01,1.188000000000000000e+03
3.759527766634191415e-01,1.188000000000000000e+03
3.760100865379105151e-01,1.188000000000000000e+03
3.760673964124018887e-01,1.189000000000000000e+03
3.761247062868932622e-01,1.189000000000000000e+03
3.761820161613846358e-01,1.190000000000000000e+03
3.762393260358760094e-01,1.190000000000000000e+03
3.762966359103673830e-01,1.190000000000000000e+03
3.763539457848587566e-01,1.190000000000000000e+03
3.764112556593501302e-01,1.191000000000000000e+03
3.764685655338415038e-01,1.191000000000000000e+03
3.765258754083328774e-01,1.191000000000000000e+03
3.765831852828242510e-01,1.192000000000000000e+03
3.766404951573156246e-01,1.192000000000000000e+03
3.766978050318069982e-01,1.194000000000000000e+03
3.767551149062983717e-01,1.194000000000000000e+03
3.768124247807897453e-01,1.194000000000000000e+03
3.768697346552811189e-01,1.194000000000000000e+03
3.769270445297724925e-01,1.195000000000000000e+03
3.769843544042638661e-01,1.195000000000000000e+03
3.770416642787552397e-01,1.195000000000000000e+03
3.770989741532466133e-01,1.195000000000000000e+03
3.771562840277379869e-01,1.196000000000000000e+03
3.772135939022293605e-01,1.196000000000000000e+03
3.772709037767207341e-01,1.196000000000000000e+03
3.773282136512121077e-01,1.196000000000000000e+03
3.773855235257034813e-01,1.197000000000000000e+03
3.774428334001948548e-01,1.197000000000000000e+03
3.775001432746862284e-01,1.198000000000000000e+03
3.775574531491776020e-01,1.198000000000000000e+03
3.776147630236689756e-01,1.198000000000000000e+03
3.776720728981603492e-01,1.198000000000000000e+03
3.777293827726517228e-01,1.199000000000000000e+03
3.777866926471430964e-01,1.199000000000000000e+03
3.778440025216344700e-01,1.200000000000000000e+03
3.779013123961258436e-01,1.201000000000000000e+03
3.779586222706172172e-01,1.201000000000000000e+03
3.780159321451085908e-01,1.201000000000000000e+03
3.780732420195999643e-01,1.202000000000000000e+03
3.781305518940913379e-01,1.203000000000000000e+03
3.781878617685827115e-01,1.203000000000000000e+03
3.782451716430740851e-01,1.203000000000000000e+03
3.783024815175654587e-01,1.203000000000000000e+03
3.783597913920568878e-01,1.204000000000000000e+03
3.784171012665482614e-01,1.204000000000000000e+03
3.784744111410396350e-01,1.204000000000000000e+03
3.785317210155310086e-01,1.205000000000000000e+03
3.785890308900223822e-01,1.205000000000000000e+03
3.786463407645137558e-01,1.205000000000000000e+03
3.787036506390051294e-01,1.206000000000000000e+03
3.787609605134965030e-01,1.206000000000000000e+03
3.788182703879878765e-01,1.206000000000000000e+03
3.788755802624792501e-01,1.206000000000000000e+03
3.789328901369706237e-01,1.206000000000000000e+03
3.789902000114619973e-01,1.206000000000000000e+03
3.790475098859533709e-01,1.206000000000000000e+03
3.791048197604447445e-01,1.206000000000000000e+03
3.791621296349361181e-01,1.207000000000000000e+03
3.792194395094274917e-01,1.207000000000000000e+03
3.792767493839188653e-01,1.207000000000000000e+03
3.793340592584102389e-01,1.207000000000000000e+03
3.793913691329016125e-01,1.208000000000000000e+03
3.794486790073929861e-01,1.208000000000000000e+03
3.795059888818843596e-01,1.209000000000000000e+03
3.795632987563757332e-01,1.209000000000000000e+03
3.796206086308671068e-01,1.209000000000000000e+03
3.796779185053584804e-01,1.209000000000000000e+03
3.797352283798498540e-01,1.209000000000000000e+03
3.797925382543412276e-01,1.209000000000000000e+03
3.798498481288326012e-01,1.209000000000000000e+03
3.799071580033239748e-01,1.209000000000000000e+03
3.799644678778153484e-01,1.209000000000000000e+03
3.800217777523067220e-01,1.210000000000000000e+03
3.800790876267980956e-01,1.210000000000000000e+03
3.801363975012894691e-01,1.210000000000000000e+03
3.801937073757808427e-01,1.211000000000000000e+03
3.802510172502722163e-01,1.211000000000000000e+03
3.803083271247635899e-01,1.212000000000000000e+03
3.803656369992549635e-01,1.212000000000000000e+03
3.804229468737463371e-01,1.212000000000000000e+03
3.804802567482377107e-01,1.212000000000000000e+03
3.805375666227290843e-01,1.213000000000000000e+03
3.805948764972204579e-01,1.213000000000000000e+03
3.806521863717118315e-01,1.213000000000000000e+03
3.807094962462032051e-01,1.214000000000000000e+03
3.807668061206945787e-01,1.214000000000000000e+03
3.808241159951859522e-01,1.214000000000000000e+03
3.808814258696773813e-01,1.215000000000000000e+03
3.809387357441687549e-01,1.215000000000000000e+03
3.809960456186601285e-01,1.215000000000000000e+03
3.810533554931515021e-01,1.215000000000000000e+03
3.811106653676428757e-01,1.216000000000000000e+03
3.811679752421342493e-01,1.216000000000000000e+03
3.812252851166256229e-01,1.216000000000000000e+03
3.812825949911169965e-01,1.217000000000000000e+03
3.813399048656083701e-01,1.217000000000000000e+03
3.813972147400997437e-01,1.218000000000000000e+03
3.814545246145911173e-01,1.218000000000000000e+03
3.815118344890824909e-01,1.218000000000000000e+03
3.815691443635738644e-01,1.218000000000000000e+03
3.816264542380652380e-01,1.218000000000000000e+03
3.816837641125566116e-01,1.218000000000000000e+03
3.817410739870479852e-01,1.219000000000000000e+03
3.817983838615393588e-01,1.220000000000000000e+03
3.818556937360307324e-01,1.220000000000000000e+03
3.819130036105221060e-01,1.220000000000000000e+03
3.819703134850134796e-01,1.220000000000000000e+03
3.820276233595048532e-01,1.220000000000000000e+03
3.820849332339962268e-01,1.220000000000000000e+03
3.821422431084876004e-01,1.221000000000000000e+03
3.821995529829789739e-01,1.221000000000000000e+03
3.822568628574703475e-01,1.221000000000000000e+03
3.823141727319617211e-01,1.221000000000000000e+03
3.823714826064530947e-01,1.222000000000000000e+03
3.824287924809444683e-01,1.222000000000000000e+03
3.824861023554358419e-01,1.222000000000000000e+03
3.825434122299272155e-01,1.223000000000000000e+03
3.826007221044185891e-01,1.223000000000000000e+03
3.826580319789099627e-01,1.224000000000000000e+03
3.827153418534013363e-01,1.224000000000000000e+03
3.827726517278927099e-01,1.225000000000000000e+03
3.828299616023840835e-01,1.225000000000000000e+03
3.828872714768754570e-01,1.225000000000000000e+03
3.829445813513668306e-01,1.225000000000000000e+03
3.830018912258582042e-01,1.226000000000000000e+03
3.830592011003495778e-01,1.226000000000000000e+03
3.831165109748409514e-01,1.226000000000000000e+03
3.831738208493323250e-01,1.226000000000000000e+03
3.832311307238236986e-01,1.226000000000000000e+03
3.832884405983150722e-01,1.226000000000000000e+03
3.833457504728065013e-01,1.227000000000000000e+03
3.834030603472978749e-01,1.227000000000000000e+03
3.834603702217892485e-01,1.227000000000000000e+03
3.835176800962806221e-01,1.227000000000000000e+03
3.835749899707719957e-01,1.227000000000000000e+03
3.836322998452633692e-01,1.227000000000000000e+03
3.836896097197547428e-01,1.228000000000000000e+03
3.837469195942461164e-01,1.228000000000000000e+03
3.838042294687374900e-01,1.228000000000000000e+03
3.838615393432288636e-01,1.228000000000000000e+03
3.839188492177202372e-01,1.228000000000000000e+03
3.839761590922116108e-01,1.229000000000000000e+03
3.840334689667029844e-01,1.229000000000000000e+03
3.840907788411943580e-01,1.229000000000000000e+03
3.841480887156857316e-01,1.229000000000000000e+03
3.842053985901771052e-01,1.230000000000000000e+03
3.842627084646684787e-01,1.230000000000000000e+03
3.843200183391598523e-01,1.230000000000000000e+03
3.843773282136512259e-01,1.230000000000000000e+03
3.844346380881425995e-01,1.231000000000000000e+03
3.844919479626339731e-01,1.231000000000000000e+03
3.845492578371253467e-01,1.231000000000000000e+03
3.846065677116167203e-01,1.232000000000000000e+03
3.846638775861080939e-01,1.232000000000000000e+03
3.847211874605994675e-01,1.232000000000000000e+03
3.847784973350908411e-01,1.233000000000000000e+03
3.848358072095822147e-01,1.234000000000000000e+03
3.848931170840735883e-01,1.234000000000000000e+03
3.849504269585649618e-01,1.234000000000000000e+03
3.850077368330563354e-01,1.234000000000000000e+03
3.850650467075477090e-01,1.234000000000000000e+03
3.851223565820390826e-01,1.235000000000000000e+03
3.851796664565304562e-01,1.235000000000000000e+03
3.852369763310218298e-01,1.235000000000000000e+03
3.852942862055132034e-01,1.235000000000000000e+03
3.853515960800045770e-01,1.236000000000000000e+03
3.854089059544959506e-01,1.236000000000000000e+03
3.854662158289873242e-01,1.236000000000000000e+03
3.855235257034786978e-01,1.236000000000000000e+03
3.855808355779700713e-01,1.237000000000000000e+03
3.856381454524614449e-01,1.238000000000000000e+03
3.856954553269528185e-01,1.238000000000000000e+03
3.857527652014441921e-01,1.238000000000000000e+03
3.858100750759355657e-01,1.238000000000000000e+03
3.858673849504269948e-01,1.238000000000000000e+03
3.859246948249183684e-01,1.239000000000000000e+03
3.859820046994097420e-01,1.239000000000000000e+03
3.860393145739011156e-01,1.239000000000000000e+03
3.860966244483924892e-01,1.240000000000000000e+03
3.861539343228838628e-01,1.241000000000000000e+03
3.862112441973752364e-01,1.241000000000000000e+03
3.862685540718666100e-01,1.241000000000000000e+03
3.863258639463579835e-01,1.241000000000000000e+03
3.863831738208493571e-01,1.242000000000000000e+03
3.864404836953407307e-01,1.242000000000000000e+03
3.864977935698321043e-01,1.242000000000000000e+03
3.865551034443234779e-01,1.242000000000000000e+03
3.866124133188148515e-01,1.242000000000000000e+03
3.866697231933062251e-01,1.243000000000000000e+03
3.867270330677975987e-01,1.243000000000000000e+03
3.867843429422889723e-01,1.243000000000000000e+03
3.868416528167803459e-01,1.243000000000000000e+03
3.868989626912717195e-01,1.243000000000000000e+03
3.869562725657630931e-01,1.244000000000000000e+03
3.870135824402544666e-01,1.244000000000000000e+03
3.870708923147458402e-01,1.244000000000000000e+03
3.871282021892372138e-01,1.245000000000000000e+03
3.871855120637285874e-01,1.245000000000000000e+03
3.872428219382199610e-01,1.246000000000000000e+03
3.873001318127113346e-01,1.246000000000000000e+03
3.873574416872027082e-01,1.246000000000000000e+03
3.874147515616940818e-01,1.246000000000000000e+03
3.874720614361854554e-01,1.247000000000000000e+03
3.875293713106768290e-01,1.247000000000000000e+03
3.875866811851682026e-01,1.247000000000000000e+03
3.876439910596595761e-01,1.247000000000000000e+03
3.877013009341509497e-01,1.247000000000000000e+03
3.877586108086423233e-01,1.248000000000000000e+03
3.878159206831336969e-01,1.248000000000000000e+03
3.878732305576250705e-01,1.248000000000000000e+03
3.879305404321164441e-01,1.248000000000000000e+03
3.879878503066078177e-01,1.248000000000000000e+03
3.880451601810991913e-01,1.248000000000000000e+03
3.881024700555905649e-01,1.249000000000000000e+03
3.881597799300819385e-01,1.249000000000000000e+03
3.882170898045733121e-01,1.251000000000000000e+03
3.882743996790646857e-01,1.251000000000000000e+03
3.883317095535561148e-01,1.251000000000000000e+03
3.883890194280474883e-01,1.251000000000000000e+03
3.884463293025388619e-01,1.252000000000000000e+03
3.885036391770302355e-01,1.252000000000000000e+03
3.885609490515216091e-01,1.252000000000000000e+03
3.886182589260129827e-01,1.253000000000000000e+03
3.886755688005043563e-01,1.253000000000000000e+03
3.887328786749957299e-01,1.253000000000000000e+03
3.887901885494871035e-01,1.253000000000000000e+03
3.888474984239784771e-01,1.253000000000000000e+03
3.889048082984698507e-01,1.253000000000000000e+03
3.889621181729612243e-01,1.254000000000000000e+03
3.890194280474525979e-01,1.254000000000000000e+03
3.890767379219439714e-01,1.255000000000000000e+03
3.891340477964353450e-01,1.256000000000000000e+03
3.891913576709267186e-01,1.256000000000000000e+03
3.892486675454180922e-01,1.256000000000000000e+03
3.893059774199094658e-01,1.256000000000000000e+03
3.893632872944008394e-01,1.257000000000000000e+03
3.894205971688922130e-01,1.257000000000000000e+03
3.894779070433835866e-01,1.257000000000000000e+03
3.895352169178749602e-01,1.257000000000000000e+03
3.895925267923663338e-01,1.258000000000000000e+03
3.896498366668577074e-01,1.258000000000000000e+03
3.897071465413490809e-01,1.259000000000000000e+03
3.897644564158404545e-01,1.259000000000000000e+03
3.898217662903318281e-01,1.259000000000000000e+03
3.898790761648232017e-01,1.260000000000000000e+03
3.899363860393145753e-01,1.260000000000000000e+03
3.899936959138059489e-01,1.261000000000000000e+03
3.900510057882973225e-01,1.261000000000000000e+03
3.901083156627886961e-01,1.261000000000000000e+03
3.901656255372800697e-01,1.261000000000000000e+03
3.902229354117714433e-01,1.261000000000000000e+03
3.902802452862628169e-01,1.262000000000000000e+03
3.903375551607541905e-01,1.262000000000000000e+03
3.903948650352455640e-01,1.262000000000000000e+03
3.904521749097369376e-01,1.263000000000000000e+03
3.905094847842283112e-01,1.263000000000000000e+03
3.905667946587196848e-01,1.263000000000000000e+03
3.906241045332110584e-01,1.264000000000000000e+03
3.906814144077024320e-01,1.264000000000000000e+03
3.907387242821938056e-01,1.265000000000000000e+03
3.907960341566851792e-01,1.265000000000000000e+03
3.908533440311766083e-01,1.265000000000000000e+03
3.909106539056679819e-01,1.265000000000000000e+03
3.909679637801593555e-01,1.265000000000000000e+03
3.910252736546507291e-01,1.265000000000000000e+03
3.910825835291421027e-01,1.266000000000000000e+03
3.911398934036334762e-01,1.266000000000000000e+03
3.911972032781248498e-01,1.266000000000000000e+03
3.912545131526162234e-01,1.267000000000000000e+03
3.913118230271075970e-01,1.267000000000000000e+03
3.913691329015989706e-01,1.267000000000000000e+03
3.914264427760903442e-01,1.267000000000000000e+03
3.914837526505817178e-01,1.267000000000000000e+03
3.915410625250730914e-01,1.267000000000000000e+03
3.915983723995644650e-01,1.268000000000000000e+03
3.916556822740558386e-01,1.268000000000000000e+03
3.917129921485472122e-01,1.268000000000000000e+03
3.917703020230385857e-01,1.269000000000000000e+03
3.918276118975299593e-01,1.269000000000000000e+03
3.918849217720213329e-01,1.269000000000000000e+03
3.919422316465127065e-01,1.270000000000000000e+03
3.919995415210040801e-01,1.270000000000000000e+03
3.920568513954954537e-01,1.270000000000000000e+03
3.921141612699868273e-01,1.271000000000000000e+03
3.921714711444782009e-01,1.271000000000000000e+03
3.922287810189695745e-01,1.271000000000000000e+03
3.922860908934609481e-01,1.271000000000000000e+03
3.923434007679523217e-01,1.271000000000000000e+03
3.924007106424436953e-01,1.271000000000000000e+03
3.924580205169350688e-01,1.271000000000000000e+03
3.925153303914264424e-01,1.272000000000000000e+03
3.925726402659178160e-01,1.272000000000000000e+03
3.926299501404091896e-01,1.272000000000000000e+03
3.926872600149005632e-01,1.272000000000000000e+03
3.927445698893919368e-01,1.273000000000000000e+03
3.928018797638833104e-01,1.273000000000000000e+03
3.928591896383746840e-01,1.274000000000000000e+03
3.929164995128660576e-01,1.274000000000000000e+03
3.929738093873574312e-01,1.274000000000000000e+03
3.930311192618488048e-01,1.274000000000000000e+03
3.930884291363401783e-01,1.274000000000000000e+03
3.931457390108315519e-01,1.274000000000000000e+03
3.932030488853229255e-01,1.275000000000000000e+03
3.932603587598142991e-01,1.275000000000000000e+03
3.933176686343057282e-01,1.276000000000000000e+03
3.933749785087971018e-01,1.276000000000000000e+03
3.934322883832884754e-01,1.277000000000000000e+03
3.934895982577798490e-01,1.277000000000000000e+03
3.935469081322712226e-01,1.277000000000000000e+03
3.936042180067625962e-01,1.277000000000000000e+03
3.936615278812539698e-01,1.277000000000000000e+03
3.937188377557453434e-01,1.277000000000000000e+03
3.937761476302367170e-01,1.277000000000000000e+03
3.938334575047280905e-01,1.279000000000000000e+03
3.938907673792194641e-01,1.279000000000000000e+03
3.939480772537108377e-01,1.280000000000000000e+03
3.940053871282022113e-01,1.281000000000000000e+03
3.940626970026935849e-01,1.281000000000000000e+03
3.941200068771849585e-01,1.281000000000000000e+03
3.941773167516763321e-01,1.282000000000000000e+03
3.942346266261677057e-01,1.282000000000000000e+03
3.942919365006590793e-01,1.282000000000000000e+03
3.943492463751504529e-01,1.282000000000000000e+03
3.944065562496418265e-01,1.282000000000000000e+03
3.944638661241332001e-01,1.282000000000000000e+03
3.945211759986245736e-01,1.282000000000000000e+03
3.945784858731159472e-01,1.283000000000000000e+03
3.946357957476073208e-01,1.283000000000000000e+03
3.946931056220986944e-01,1.283000000000000000e+03
3.947504154965900680e-01,1.284000000000000000e+03
3.948077253710814416e-01,1.284000000000000000e+03
3.948650352455728152e-01,1.285000000000000000e+03
3.949223451200641888e-01,1.285000000000000000e+03
3.949796549945555624e-01,1.285000000000000000e+03
3.950369648690469360e-01,1.285000000000000000e+03
3.950942747435383096e-01,1.285000000000000000e+03
3.951515846180296831e-01,1.286000000000000000e+03
3.952088944925210567e-01,1.287000000000000000e+03
3.952662043670124303e-01,1.288000000000000000e+03
3.953235142415038039e-01,1.289000000000000000e+03
3.953808241159951775e-01,1.289000000000000000e+03
3.954381339904865511e-01,1.289000000000000000e+03
3.954954438649779247e-01,1.290000000000000000e+03
3.955527537394692983e-01,1.290000000000000000e+03
3.956100636139606719e-01,1.290000000000000000e+03
3.956673734884520455e-01,1.291000000000000000e+03
3.957246833629434191e-01,1.291000000000000000e+03
3.957819932374347927e-01,1.292000000000000000e+03
3.958393031119262218e-01,1.292000000000000000e+03
3.958966129864175953e-01,1.292000000000000000e+03
3.959539228609089689e-01,1.293000000000000000e+03
3.960112327354003425e-01,1.293000000000000000e+03
3.960685426098917161e-01,1.293000000000000000e+03
3.961258524843830897e-01,1.293000000000000000e+03
3.961831623588744633e-01,1.293000000000000000e+03
3.962404722333658369e-01,1.293000000000000000e+03
3.962977821078572105e-01,1.293000000000000000e+03
3.963550919823485841e-01,1.294000000000000000e+03
3.964124018568399577e-01,1.294000000000000000e+03
3.964697117313313313e-01,1.294000000000000000e+03
3.965270216058227049e-01,1.294000000000000000e+03
3.965843314803140784e-01,1.295000000000000000e+03
3.966416413548054520e-01,1.296000000000000000e+03
3.966989512292968256e-01,1.296000000000000000e+03
3.967562611037881992e-01,1.296000000000000000e+03
3.968135709782795728e-01,1.296000000000000000e+03
3.968708808527709464e-01,1.297000000000000000e+03
3.969281907272623200e-01,1.297000000000000000e+03
3.969855006017536936e-01,1.297000000000000000e+03
3.970428104762450672e-01,1.297000000000000000e+03
3.971001203507364408e-01,1.297000000000000000e+03
3.971574302252278144e-01,1.297000000000000000e+03
3.972147400997191879e-01,1.298000000000000000e+03
3.972720499742105615e-01,1.299000000000000000e+03
3.973293598487019351e-01,1.299000000000000000e+03
3.973866697231933087e-01,1.300000000000000000e+03
3.974439795976846823e-01,1.301000000000000000e+03
3.975012894721760559e-01,1.301000000000000000e+03
3.975585993466674295e-01,1.301000000000000000e+03
3.976159092211588031e-01,1.301000000000000000e+03
3.976732190956501767e-01,1.302000000000000000e+03
3.977305289701415503e-01,1.302000000000000000e+03
3.977878388446329239e-01,1.303000000000000000e+03
3.978451487191242975e-01,1.303000000000000000e+03
3.979024585936156710e-01,1.303000000000000000e+03
3.979597684681070446e-01,1.304000000000000000e+03
3.980170783425984182e-01,1.304000000000000000e+03
3.980743882170897918e-01,1.304000000000000000e+03
3.981316980915811654e-01,1.304000000000000000e+03
3.981890079660725390e-01,1.304000000000000000e+03
3.982463178405639126e-01,1.305000000000000000e+03
3.983036277150552862e-01,1.305000000000000000e+03
3.983609375895467153e-01,1.305000000000000000e+03
3.984182474640380889e-01,1.306000000000000000e+03
3.984755573385294625e-01,1.306000000000000000e+03
3.985328672130208361e-01,1.307000000000000000e+03
3.985901770875122097e-01,1.308000000000000000e+03
3.986474869620035832e-01,1.308000000000000000e+03
3.987047968364949568e-01,1.308000000000000000e+03
3.987621067109863304e-01,1.309000000000000000e+03
3.988194165854777040e-01,1.309000000000000000e+03
3.988767264599690776e-01,1.309000000000000000e+03
3.989340363344604512e-01,1.309000000000000000e+03
3.989913462089518248e-01,1.311000000000000000e+03
3.990486560834431984e-01,1.311000000000000000e+03
3.991059659579345720e-01,1.312000000000000000e+03
3.991632758324259456e-01,1.312000000000000000e+03
3.992205857069173192e-01,1.312000000000000000e+03
3.992778955814086927e-01,1.313000000000000000e+03
3.993352054559000663e-01,1.313000000000000000e+03
3.993925153303914399e-01,1.313000000000000000e+03
3.994498252048828135e-01,1.313000000000000000e+03
3.995071350793741871e-01,1.313000000000000000e+03
3.995644449538655607e-01,1.313000000000000000e+03
3.996217548283569343e-01,1.313000000000000000e+03
3.996790647028483079e-01,1.314000000000000000e+03
3.997363745773396815e-01,1.314000000000000000e+03
3.997936844518310551e-01,1.314000000000000000e+03
3.998509943263224287e-01,1.314000000000000000e+03
3.999083042008138023e-01,1.315000000000000000e+03
3.999656140753051758e-01,1.315000000000000000e+03
4.000229239497965494e-01,1.315000000000000000e+03
4.000802338242879230e-01,1.316000000000000000e+03
4.001375436987792966e-01,1.317000000000000000e+03
4.001948535732706702e-01,1.317000000000000000e+03
4.002521634477620438e-01,1.317000000000000000e+03
4.003094733222534174e-01,1.317000000000000000e+03
4.003667831967447910e-01,1.317000000000000000e+03
4.004240930712361646e-01,1.318000000000000000e+03
4.004814029457275382e-01,1.318000000000000000e+03
4.005387128202189118e-01,1.319000000000000000e+03
4.005960226947102854e-01,1.320000000000000000e+03
4.006533325692016589e-01,1.320000000000000000e+03
4.007106424436930325e-01,1.320000000000000000e+03
4.007679523181844061e-01,1.321000000000000000e+03
4.008252621926758352e-01,1.321000000000000000e+03
4.008825720671672088e-01,1.321000000000000000e+03
4.009398819416585824e-01,1.321000000000000000e+03
4.009971918161499560e-01,1.322000000000000000e+03
4.010545016906413296e-01,1.322000000000000000e+03
4.011118115651327032e-01,1.322000000000000000e+03
4.011691214396240768e-01,1.322000000000000000e+03
4.012264313141154504e-01,1.322000000000000000e+03
4.012837411886068240e-01,1.322000000000000000e+03
4.013410510630981975e-01,1.323000000000000000e+03
4.013983609375895711e-01,1.323000000000000000e+03
4.014556708120809447e-01,1.323000000000000000e+03
4.015129806865723183e-01,1.323000000000000000e+03
4.015702905610636919e-01,1.323000000000000000e+03
4.016276004355550655e-01,1.324000000000000000e+03
4.016849103100464391e-01,1.324000000000000000e+03
4.017422201845378127e-01,1.325000000000000000e+03
4.017995300590291863e-01,1.325000000000000000e+03
4.018568399335205599e-01,1.325000000000000000e+03
4.019141498080119335e-01,1.325000000000000000e+03
4.019714596825033071e-01,1.325000000000000000e+03
4.020287695569946806e-01,1.326000000000000000e+03
4.020860794314860542e-01,1.326000000000000000e+03
4.021433893059774278e-01,1.326000000000000000e+03
4.022006991804688014e-01,1.326000000000000000e+03
4.022580090549601750e-01,1.326000000000000000e+03
4.023153189294515486e-01,1.326000000000000000e+03
4.023726288039429222e-01,1.326000000000000000e+03
4.024299386784342958e-01,1.326000000000000000e+03
4.024872485529256694e-01,1.327000000000000000e+03
4.025445584274170430e-01,1.327000000000000000e+03
4.026018683019084166e-01,1.328000000000000000e+03
4.026591781763997901e-01,1.328000000000000000e+03
4.027164880508911637e-01,1.329000000000000000e+03
4.027737979253825373e-01,1.330000000000000000e+03
4.028311077998739109e-01,1.330000000000000000e+03
4.028884176743652845e-01,1.330000000000000000e+03
4.029457275488566581e-01,1.330000000000000000e+03
4.030030374233480317e-01,1.331000000000000000e+03
4.030603472978394053e-01,1.331000000000000000e+03
4.031176571723307789e-01,1.331000000000000000e+03
4.031749670468221525e-01,1.331000000000000000e+03
4.032322769213135261e-01,1.331000000000000000e+03
4.032895867958048997e-01,1.331000000000000000e+03
4.033468966702963288e-01,1.332000000000000000e+03
4.034042065447877023e-01,1.332000000000000000e+03
4.034615164192790759e-01,1.333000000000000000e+03
4.035188262937704495e-01,1.333000000000000000e+03
4.035761361682618231e-01,1.334000000000000000e+03
4.036334460427531967e-01,1.334000000000000000e+03
4.036907559172445703e-01,1.334000000000000000e+03
4.037480657917359439e-01,1.334000000000000000e+03
4.038053756662273175e-01,1.335000000000000000e+03
4.038626855407186911e-01,1.335000000000000000e+03
4.039199954152100647e-01,1.335000000000000000e+03
4.039773052897014383e-01,1.335000000000000000e+03
4.040346151641928119e-01,1.336000000000000000e+03
4.040919250386841854e-01,1.336000000000000000e+03
4.041492349131755590e-01,1.336000000000000000e+03
4.042065447876669326e-01,1.336000000000000000e+03
4.042638546621583062e-01,1.337000000000000000e+03
4.043211645366496798e-01,1.337000000000000000e+03
4.043784744111410534e-01,1.338000000000000000e+03
4.044357842856324270e-01,1.338000000000000000e+03
4.044930941601238006e-01,1.339000000000000000e+03
4.045504040346151742e-01,1.339000000000000000e+03
4.046077139091065478e-01,1.340000000000000000e+03
4.046650237835979214e-01,1.340000000000000000e+03
4.047223336580892949e-01,1.340000000000000000e+03
4.047796435325806685e-01,1.340000000000000000e+03
4.048369534070720421e-01,1.341000000000000000e+03
4.048942632815634157e-01,1.342000000000000000e+03
4.049515731560547893e-01,1.342000000000000000e+03
4.050088830305461629e-01,1.342000000000000000e+03
4.050661929050375365e-01,1.342000000000000000e+03
4.051235027795289101e-01,1.342000000000000000e+03
4.051808126540202837e-01,1.342000000000000000e+03
4.052381225285116573e-01,1.342000000000000000e+03
4.052954324030030309e-01,1.343000000000000000e+03
4.053527422774944045e-01,1.343000000000000000e+03
4.054100521519857780e-01,1.343000000000000000e+03
4.054673620264771516e-01,1.343000000000000000e+03
4.055246719009685252e-01,1.343000000000000000e+03
4.055819817754598988e-01,1.343000000000000000e+03
4.056392916499512724e-01,1.343000000000000000e+03
4.056966015244426460e-01,1.344000000000000000e+03
4.057539113989340196e-01,1.344000000000000000e+03
4.058112212734254487e-01,1.344000000000000000e+03
4.058685311479168223e-01,1.344000000000000000e+03
4.059258410224081959e-01,1.344000000000000000e+03
4.059831508968995695e-01,1.346000000000000000e+03
4.060404607713909431e-01,1.346000000000000000e+03
4.060977706458823167e-01,1.347000000000000000e+03
4.061550805203736902e-01,1.347000000000000000e+03
4.062123903948650638e-01,1.347000000000000000e+03
4.062697002693564374e-01,1.348000000000000000e+03
4.063270101438478110e-01,1.348000000000000000e+03
4.063843200183391846e-01,1.349000000000000000e+03
4.064416298928305582e-01,1.349000000000000000e+03
4.064989397673219318e-01,1.349000000000000000e+03
4.065562496418133054e-01,1.349000000000000000e+03
4.066135595163046790e-01,1.349000000000000000e+03
4.066708693907960526e-01,1.351000000000000000e+03
4.067281792652874262e-01,1.351000000000000000e+03
4.067854891397787997e-01,1.351000000000000000e+03
4.068427990142701733e-01,1.351000000000000000e+03
4.069001088887615469e-01,1.351000000000000000e+03
4.069574187632529205e-01,1.351000000000000000e+03
4.070147286377442941e-01,1.351000000000000000e+03
4.070720385122356677e-01,1.351000000000000000e+03
4.071293483867270413e-01,1.352000000000000000e+03
4.071866582612184149e-01,1.354000000000000000e+03
4.072439681357097885e-01,1.354000000000000000e+03
4.073012780102011621e-01,1.355000000000000000e+03
4.073585878846925357e-01,1.355000000000000000e+03
4.074158977591839093e-01,1.355000000000000000e+03
4.074732076336752828e-01,1.355000000000000000e+03
4.075305175081666564e-01,1.356000000000000000e+03
4.075878273826580300e-01,1.356000000000000000e+03
4.076451372571494036e-01,1.357000000000000000e+03
4.077024471316407772e-01,1.357000000000000000e+03
4.077597570061321508e-01,1.357000000000000000e+03
4.078170668806235244e-01,1.357000000000000000e+03
4.078743767551148980e-01,1.357000000000000000e+03
4.079316866296062716e-01,1.357000000000000000e+03
4.079889965040976452e-01,1.357000000000000000e+03
4.080463063785890188e-01,1.358000000000000000e+03
4.081036162530803924e-01,1.358000000000000000e+03
4.081609261275717659e-01,1.358000000000000000e+03
4.082182360020631395e-01,1.358000000000000000e+03
4.082755458765545131e-01,1.359000000000000000e+03
4.083328557510459422e-01,1.359000000000000000e+03
4.083901656255373158e-01,1.359000000000000000e+03
4.084474755000286894e-01,1.359000000000000000e+03
4.085047853745200630e-01,1.359000000000000000e+03
4.085620952490114366e-01,1.360000000000000000e+03
4.086194051235028102e-01,1.360000000000000000e+03
4.086767149979941838e-01,1.360000000000000000e+03
4.087340248724855574e-01,1.360000000000000000e+03
4.087913347469769310e-01,1.360000000000000000e+03
4.088486446214683045e-01,1.361000000000000000e+03
4.089059544959596781e-01,1.361000000000000000e+03
4.089632643704510517e-01,1.362000000000000000e+03
4.090205742449424253e-01,1.362000000000000000e+03
4.090778841194337989e-01,1.362000000000000000e+03
4.091351939939251725e-01,1.363000000000000000e+03
4.091925038684165461e-01,1.363000000000000000e+03
4.092498137429079197e-01,1.364000000000000000e+03
4.093071236173992933e-01,1.364000000000000000e+03
4.093644334918906669e-01,1.365000000000000000e+03
4.094217433663820405e-01,1.365000000000000000e+03
4.094790532408734141e-01,1.366000000000000000e+03
4.095363631153647876e-01,1.366000000000000000e+03
4.095936729898561612e-01,1.366000000000000000e+03
4.096509828643475348e-01,1.366000000000000000e+03
4.097082927388389084e-01,1.366000000000000000e+03
4.097656026133302820e-01,1.367000000000000000e+03
4.098229124878216556e-01,1.367000000000000000e+03
4.098802223623130292e-01,1.367000000000000000e+03
4.099375322368044028e-01,1.368000000000000000e+03
4.099948421112957764e-01,1.368000000000000000e+03
4.100521519857871500e-01,1.368000000000000000e+03
4.101094618602785236e-01,1.368000000000000000e+03
4.101667717347698972e-01,1.369000000000000000e+03
4.102240816092612707e-01,1.369000000000000000e+03
4.102813914837526443e-01,1.369000000000000000e+03
4.103387013582440179e-01,1.369000000000000000e+03
4.103960112327353915e-01,1.369000000000000000e+03
4.104533211072267651e-01,1.370000000000000000e+03
4.105106309817181387e-01,1.370000000000000000e+03
4.105679408562095123e-01,1.371000000000000000e+03
4.106252507307008859e-01,1.371000000000000000e+03
4.106825606051922595e-01,1.371000000000000000e+03
4.107398704796836331e-01,1.371000000000000000e+03
4.107971803541750067e-01,1.372000000000000000e+03
4.108544902286664358e-01,1.372000000000000000e+03
4.109118001031578093e-01,1.372000000000000000e+03
4.109691099776491829e-01,1.373000000000000000e+03
4.110264198521405565e-01,1.373000000000000000e+03
4.110837297266319301e-01,1.373000000000000000e+03
4.111410396011233037e-01,1.373000000000000000e+03
4.111983494756146773e-01,1.374000000000000000e+03
4.112556593501060509e-01,1.374000000000000000e+03
4.113129692245974245e-01,1.374000000000000000e+03
4.113702790990887981e-01,1.374000000000000000e+03
4.114275889735801717e-01,1.374000000000000000e+03
4.114848988480715453e-01,1.375000000000000000e+03
4.115422087225629189e-01,1.375000000000000000e+03
4.115995185970542924e-01,1.375000000000000000e+03
4.116568284715456660e-01,1.375000000000000000e+03
4.117141383460370396e-01,1.375000000000000000e+03
4.117714482205284132e-01,1.376000000000000000e+03
4.118287580950197868e-01,1.377000000000000000e+03
4.118860679695111604e-01,1.377000000000000000e+03
4.119433778440025340e-01,1.377000000000000000e+03
4.120006877184939076e-01,1.379000000000000000e+03
4.120579975929852812e-01,1.379000000000000000e+03
4.121153074674766548e-01,1.379000000000000000e+03
4.121726173419680284e-01,1.380000000000000000e+03
4.122299272164594020e-01,1.380000000000000000e+03
4.122872370909507755e-01,1.381000000000000000e+03
4.123445469654421491e-01,1.381000000000000000e+03
4.124018568399335227e-01,1.382000000000000000e+03
4.124591667144248963e-01,1.382000000000000000e+03
4.125164765889162699e-01,1.382000000000000000e+03
4.125737864634076435e-01,1.382000000000000000e+03
4.126310963378990171e-01,1.382000000000000000e+03
4.126884062123903907e-01,1.383000000000000000e+03
4.127457160868817643e-01,1.384000000000000000e+03
4.128030259613731379e-01,1.384000000000000000e+03
4.128603358358645115e-01,1.384000000000000000e+03
4.129176457103558850e-01,1.384000000000000000e+03
4.129749555848472586e-01,1.384000000000000000e+03
4.130322654593386322e-01,1.385000000000000000e+03
4.130895753338300058e-01,1.385000000000000000e+03
4.131468852083213794e-01,1.385000000000000000e+03
4.132041950828127530e-01,1.385000000000000000e+03
4.132615049573041266e-01,1.386000000000000000e+03
4.133188148317955557e-01,1.386000000000000000e+03
4.133761247062869293e-01,1.386000000000000000e+03
4.134334345807783029e-01,1.386000000000000000e+03
4.134907444552696765e-01,1.387000000000000000e+03
4.135480543297610501e-01,1.387000000000000000e+03
4.136053642042524237e-01,1.387000000000000000e+03
4.136626740787437972e-01,1.387000000000000000e+03
4.137199839532351708e-01,1.387000000000000000e+03
4.137772938277265444e-01,1.387000000000000000e+03
4.138346037022179180e-01,1.388000000000000000e+03
4.138919135767092916e-01,1.388000000000000000e+03
4.139492234512006652e-01,1.388000000000000000e+03
4.140065333256920388e-01,1.389000000000000000e+03
4.140638432001834124e-01,1.389000000000000000e+03
4.141211530746747860e-01,1.390000000000000000e+03
4.141784629491661596e-01,1.390000000000000000e+03
4.142357728236575332e-01,1.391000000000000000e+03
4.142930826981489068e-01,1.391000000000000000e+03
4.143503925726402803e-01,1.391000000000000000e+03
4.144077024471316539e-01,1.391000000000000000e+03
4.144650123216230275e-01,1.391000000000000000e+03
4.145223221961144011e-01,1.392000000000000000e+03
4.145796320706057747e-01,1.392000000000000000e+03
4.146369419450971483e-01,1.392000000000000000e+03
4.146942518195885219e-01,1.393000000000000000e+03
4.147515616940798955e-01,1.393000000000000000e+03
4.148088715685712691e-01,1.394000000000000000e+03
4.148661814430626427e-01,1.394000000000000000e+03
4.149234913175540163e-01,1.394000000000000000e+03
4.149808011920453898e-01,1.395000000000000000e+03
4.150381110665367634e-01,1.395000000000000000e+03
4.150954209410281370e-01,1.395000000000000000e+03
4.151527308155195106e-01,1.396000000000000000e+03
4.152100406900108842e-01,1.396000000000000000e+03
4.152673505645022578e-01,1.396000000000000000e+03
4.153246604389936314e-01,1.397000000000000000e+03
4.153819703134850050e-01,1.397000000000000000e+03
4.154392801879763786e-01,1.397000000000000000e+03
4.154965900624677522e-01,1.397000000000000000e+03
4.155538999369591258e-01,1.398000000000000000e+03
4.156112098114504994e-01,1.398000000000000000e+03
4.156685196859418729e-01,1.398000000000000000e+03
4.157258295604332465e-01,1.398000000000000000e+03
4.157831394349246201e-01,1.398000000000000000e+03
4.158404493094160492e-01,1.399000000000000000e+03
4.158977591839074228e-01,1.399000000000000000e+03
4.159550690583987964e-01,1.399000000000000000e+03
4.160123789328901700e-01,1.399000000000000000e+03
4.160696888073815436e-01,1.399000000000000000e+03
4.161269986818729172e-01,1.400000000000000000e+03
4.161843085563642908e-01,1.400000000000000000e+03
4.162416184308556644e-01,1.400000000000000000e+03
4.162989283053470380e-01,1.401000000000000000e+03
4.163562381798384116e-01,1.401000000000000000e+03
4.164135480543297851e-01,1.401000000000000000e+03
4.164708579288211587e-01,1.401000000000000000e+03
4.165281678033125323e-01,1.401000000000000000e+03
4.165854776778039059e-01,1.401000000000000000e+03
4.166427875522952795e-01,1.401000000000000000e+03
4.167000974267866531e-01,1.401000000000000000e+03
4.167574073012780267e-01,1.402000000000000000e+03
4.168147171757694003e-01,1.402000000000000000e+03
4.168720270502607739e-01,1.402000000000000000e+03
4.169293369247521475e-01,1.402000000000000000e+03
4.169866467992435211e-01,1.403000000000000000e+03
4.170439566737348946e-01,1.403000000000000000e+03
4.171012665482262682e-01,1.403000000000000000e+03
4.171585764227176418e-01,1.403000000000000000e+03
4.172158862972090154e-01,1.403000000000000000e+03
4.172731961717003890e-01,1.404000000000000000e+03
4.173305060461917626e-01,1.404000000000000000e+03
4.173878159206831362e-01,1.404000000000000000e+03
4.174451257951745098e-01,1.404000000000000000e+03
4.175024356696658834e-01,1.404000000000000000e+03
4.175597455441572570e-01,1.405000000000000000e+03
4.176170554186486306e-01,1.405000000000000000e+03
4.176743652931400042e-01,1.406000000000000000e+03
4.177316751676313777e-01,1.406000000000000000e+03
4.177889850421227513e-01,1.406000000000000000e+03
4.178462949166141249e-01,1.406000000000000000e+03
4.179036047911054985e-01,1.406000000000000000e+03
4.179609146655968721e-01,1.407000000000000000e+03
4.180182245400882457e-01,1.407000000000000000e+03
4.180755344145796193e-01,1.408000000000000000e+03
4.181328442890709929e-01,1.408000000000000000e+03
4.181901541635623665e-01,1.408000000000000000e+03
4.182474640380537401e-01,1.408000000000000000e+03
4.183047739125451692e-01,1.408000000000000000e+03
4.183620837870365428e-01,1.408000000000000000e+03
4.184193936615279164e-01,1.409000000000000000e+03
4.184767035360192899e-01,1.409000000000000000e+03
4.185340134105106635e-01,1.409000000000000000e+03
4.185913232850020371e-01,1.410000000000000000e+03
4.186486331594934107e-01,1.410000000000000000e+03
4.187059430339847843e-01,1.410000000000000000e+03
4.187632529084761579e-01,1.410000000000000000e+03
4.188205627829675315e-01,1.410000000000000000e+03
4.188778726574589051e-01,1.411000000000000000e+03
4.189351825319502787e-01,1.411000000000000000e+03
4.189924924064416523e-01,1.411000000000000000e+03
4.190498022809330259e-01,1.412000000000000000e+03
4.191071121554243994e-01,1.413000000000000000e+03
4.191644220299157730e-01,1.413000000000000000e+03
4.192217319044071466e-01,1.413000000000000000e+03
4.192790417788985202e-01,1.413000000000000000e+03
4.193363516533898938e-01,1.413000000000000000e+03
4.193936615278812674e-01,1.414000000000000000e+03
4.194509714023726410e-01,1.415000000000000000e+03
4.195082812768640146e-01,1.415000000000000000e+03
4.195655911513553882e-01,1.415000000000000000e+03
4.196229010258467618e-01,1.415000000000000000e+03
4.196802109003381354e-01,1.415000000000000000e+03
4.197375207748295090e-01,1.415000000000000000e+03
4.197948306493208825e-01,1.416000000000000000e+03
4.198521405238122561e-01,1.416000000000000000e+03
4.199094503983036297e-01,1.417000000000000000e+03
4.199667602727950033e-01,1.417000000000000000e+03
4.200240701472863769e-01,1.417000000000000000e+03
4.200813800217777505e-01,1.418000000000000000e+03
4.201386898962691241e-01,1.418000000000000000e+03
4.201959997707604977e-01,1.418000000000000000e+03
4.202533096452518713e-01,1.419000000000000000e+03
4.203106195197432449e-01,1.419000000000000000e+03
4.203679293942346185e-01,1.420000000000000000e+03
4.204252392687259920e-01,1.420000000000000000e+03
4.204825491432173656e-01,1.420000000000000000e+03
4.205398590177087392e-01,1.421000000000000000e+03
4.205971688922001128e-01,1.421000000000000000e+03
4.206544787666914864e-01,1.421000000000000000e+03
4.207117886411828600e-01,1.422000000000000000e+03
4.207690985156742336e-01,1.422000000000000000e+03
4.208264083901656627e-01,1.422000000000000000e+03
4.208837182646570363e-01,1.422000000000000000e+03
4.209410281391484099e-01,1.422000000000000000e+03
4.209983380136397835e-01,1.423000000000000000e+03
4.210556478881311571e-01,1.423000000000000000e+03
4.211129577626225307e-01,1.423000000000000000e+03
4.211702676371139042e-01,1.423000000000000000e+03
4.212275775116052778e-01,1.424000000000000000e+03
4.212848873860966514e-01,1.424000000000000000e+03
4.213421972605880250e-01,1.424000000000000000e+03
4.213995071350793986e-01,1.424000000000000000e+03
4.214568170095707722e-01,1.424000000000000000e+03
4.215141268840621458e-01,1.424000000000000000e+03
4.215714367585535194e-01,1.424000000000000000e+03
4.216287466330448930e-01,1.425000000000000000e+03
4.216860565075362666e-01,1.425000000000000000e+03
4.217433663820276402e-01,1.425000000000000000e+03
4.218006762565190138e-01,1.425000000000000000e+03
4.218579861310103873e-01,1.425000000000000000e+03
4.219152960055017609e-01,1.425000000000000000e+03
4.219726058799931345e-01,1.426000000000000000e+03
4.220299157544845081e-01,1.426000000000000000e+03
4.220872256289758817e-01,1.426000000000000000e+03
4.221445355034672553e-01,1.426000000000000000e+03
4.222018453779586289e-01,1.427000000000000000e+03
4.222591552524500025e-01,1.429000000000000000e+03
4.223164651269413761e-01,1.429000000000000000e+03
4.223737750014327497e-01,1.430000000000000000e+03
4.224310848759241233e-01,1.431000000000000000e+03
4.224883947504154968e-01,1.431000000000000000e+03
4.225457046249068704e-01,1.431000000000000000e+03
4.226030144993982440e-01,1.432000000000000000e+03
4.226603243738896176e-01,1.432000000000000000e+03
4.227176342483809912e-01,1.432000000000000000e+03
4.227749441228723648e-01,1.432000000000000000e+03
4.228322539973637384e-01,1.432000000000000000e+03
4.228895638718551120e-01,1.433000000000000000e+03
4.229468737463464856e-01,1.433000000000000000e+03
4.230041836208378592e-01,1.433000000000000000e+03
4.230614934953292328e-01,1.433000000000000000e+03
4.231188033698206064e-01,1.433000000000000000e+03
4.231761132443119799e-01,1.434000000000000000e+03
4.232334231188033535e-01,1.434000000000000000e+03
4.232907329932947826e-01,1.434000000000000000e+03
4.233480428677861562e-01,1.434000000000000000e+03
4.234053527422775298e-01,1.435000000000000000e+03
4.234626626167689034e-01,1.436000000000000000e+03
4.235199724912602770e-01,1.436000000000000000e+03
4.235772823657516506e-01,1.436000000000000000e+03
4.236345922402430242e-01,1.436000000000000000e+03
4.236919021147343978e-01,1.437000000000000000e+03
4.237492119892257714e-01,1.437000000000000000e+03
4.238065218637171450e-01,1.437000000000000000e+03
4.238638317382085186e-01,1.438000000000000000e+03
4.239211416126998921e-01,1.438000000000000000e+03
4.239784514871912657e-01,1.438000000000000000e+03
4.240357613616826393e-01,1.438000000000000000e+03
4.240930712361740129e-01,1.438000000000000000e+03
4.241503811106653865e-01,1.439000000000000000e+03
4.242076909851567601e-01,1.439000000000000000e+03
4.242650008596481337e-01,1.440000000000000000e+03
4.243223107341395073e-01,1.440000000000000000e+03
4.243796206086308809e-01,1.440000000000000000e+03
4.244369304831222545e-01,1.441000000000000000e+03
4.244942403576136281e-01,1.441000000000000000e+03
4.245515502321050016e-01,1.441000000000000000e+03
4.246088601065963752e-01,1.442000000000000000e+03
4.246661699810877488e-01,1.442000000000000000e+03
4.247234798555791224e-01,1.442000000000000000e+03
4.247807897300704960e-01,1.443000000000000000e+03
4.248380996045618696e-01,1.443000000000000000e+03
4.248954094790532432e-01,1.443000000000000000e+03
4.249527193535446168e-01,1.443000000000000000e+03
4.250100292280359904e-01,1.443000000000000000e+03
4.250673391025273640e-01,1.443000000000000000e+03
4.251246489770187376e-01,1.444000000000000000e+03
4.251819588515101112e-01,1.444000000000000000e+03
4.252392687260014847e-01,1.444000000000000000e+03
4.252965786004928583e-01,1.444000000000000000e+03
4.253538884749842319e-01,1.445000000000000000e+03
4.254111983494756055e-01,1.445000000000000000e+03
4.254685082239669791e-01,1.445000000000000000e+03
4.255258180984583527e-01,1.446000000000000000e+03
4.255831279729497263e-01,1.447000000000000000e+03
4.256404378474410999e-01,1.447000000000000000e+03
4.256977477219324735e-01,1.448000000000000000e+03
4.257550575964238471e-01,1.449000000000000000e+03
4.258123674709152762e-01,1.449000000000000000e+03
4.258696773454066498e-01,1.449000000000000000e+03
4.259269872198980234e-01,1.449000000000000000e+03
4.259842970943893969e-01,1.450000000000000000e+03
4.260416069688807705e-01,1.450000000000000000e+03
4.260989168433721441e-01,1.451000000000000000e+03
4.261562267178635177e-01,1.451000000000000000e+03
4.262135365923548913e-01,1.452000000000000000e+03
4.262708464668462649e-01,1.452000000000000000e+03
4.263281563413376385e-01,1.453000000000000000e+03
4.263854662158290121e-01,1.453000000000000000e+03
4.264427760903203857e-01,1.454000000000000000e+03
4.265000859648117593e-01,1.454000000000000000e+03
4.265573958393031329e-01,1.454000000000000000e+03
4.266147057137945064e-01,1.454000000000000000e+03
4.266720155882858800e-01,1.454000000000000000e+03
4.267293254627772536e-01,1.454000000000000000e+03
4.267866353372686272e-01,1.454000000000000000e+03
4.268439452117600008e-01,1.455000000000000000e+03
4.269012550862513744e-01,1.455000000000000000e+03
4.269585649607427480e-01,1.455000000000000000e+03
4.270158748352341216e-01,1.455000000000000000e+03
4.270731847097254952e-01,1.455000000000000000e+03
4.271304945842168688e-01,1.456000000000000000e+03
4.271878044587082424e-01,1.456000000000000000e+03
4.272451143331996160e-01,1.456000000000000000e+03
4.273024242076909895e-01,1.456000000000000000e+03
4.273597340821823631e-01,1.456000000000000000e+03
4.274170439566737367e-01,1.456000000000000000e+03
4.274743538311651103e-01,1.457000000000000000e+03
4.275316637056564839e-01,1.457000000000000000e+03
4.275889735801478575e-01,1.457000000000000000e+03
4.276462834546392311e-01,1.458000000000000000e+03
4.277035933291306047e-01,1.458000000000000000e+03
4.277609032036219783e-01,1.458000000000000000e+03
4.278182130781133519e-01,1.459000000000000000e+03
4.278755229526047255e-01,1.459000000000000000e+03
4.279328328270960990e-01,1.460000000000000000e+03
4.279901427015874726e-01,1.460000000000000000e+03
4.280474525760788462e-01,1.461000000000000000e+03
4.281047624505702198e-01,1.461000000000000000e+03
4.281620723250615934e-01,1.462000000000000000e+03
4.282193821995529670e-01,1.462000000000000000e+03
4.282766920740443406e-01,1.463000000000000000e+03
4.283340019485357697e-01,1.463000000000000000e+03
4.283913118230271433e-01,1.464000000000000000e+03
4.284486216975185169e-01,1.464000000000000000e+03
4.285059315720098905e-01,1.464000000000000000e+03
4.285632414465012641e-01,1.465000000000000000e+03
4.286205513209926377e-01,1.465000000000000000e+03
4.286778611954840112e-01,1.465000000000000000e+03
4.287351710699753848e-01,1.465000000000000000e+03
4.287924809444667584e-01,1.465000000000000000e+03
4.288497908189581320e-01,1.465000000000000000e+03
4.289071006934495056e-01,1.466000000000000000e+03
4.289644105679408792e-01,1.466000000000000000e+03
4.290217204424322528e-01,1.466000000000000000e+03
4.290790303169236264e-01,1.466000000000000000e+03
4.291363401914150000e-01,1.467000000000000000e+03
4.291936500659063736e-01,1.467000000000000000e+03
4.292509599403977472e-01,1.467000000000000000e+03
4.293082698148891208e-01,1.468000000000000000e+03
4.293655796893804943e-01,1.469000000000000000e+03
4.294228895638718679e-01,1.469000000000000000e+03
4.294801994383632415e-01,1.469000000000000000e+03
4.295375093128546151e-01,1.470000000000000000e+03
4.295948191873459887e-01,1.470000000000000000e+03
4.296521290618373623e-01,1.470000000000000000e+03
4.297094389363287359e-01,1.470000000000000000e+03
4.297667488108201095e-01,1.471000000000000000e+03
4.298240586853114831e-01,1.471000000000000000e+03
4.298813685598028567e-01,1.471000000000000000e+03
4.299386784342942303e-01,1.471000000000000000e+03
4.299959883087856038e-01,1.471000000000000000e+03
4.300532981832769774e-01,1.471000000000000000e+03
4.301106080577683510e-01,1.471000000000000000e+03
4.301679179322597246e-01,1.472000000000000000e+03
4.302252278067510982e-01,1.472000000000000000e+03
4.302825376812424718e-01,1.472000000000000000e+03
4.303398475557338454e-01,1.472000000000000000e+03
4.303971574302252190e-01,1.473000000000000000e+03
4.304544673047165926e-01,1.473000000000000000e+03
4.305117771792079662e-01,1.473000000000000000e+03
4.305690870536993398e-01,1.473000000000000000e+03
4.306263969281907134e-01,1.473000000000000000e+03
4.306837068026820869e-01,1.473000000000000000e+03
4.307410166771734605e-01,1.473000000000000000e+03
4.307983265516648896e-01,1.474000000000000000e+03
4.308556364261562632e-01,1.474000000000000000e+03
4.309129463006476368e-01,1.474000000000000000e+03
4.309702561751390104e-01,1.474000000000000000e+03
4.310275660496303840e-01,1.474000000000000000e+03
4.310848759241217576e-01,1.474000000000000000e+03
4.311421857986131312e-01,1.474000000000000000e+03
4.311994956731045048e-01,1.475000000000000000e+03
4.312568055475958784e-01,1.475000000000000000e+03
4.313141154220872520e-01,1.476000000000000000e+03
4.313714252965786256e-01,1.476000000000000000e+03
4.314287351710699991e-01,1.476000000000000000e+03
4.314860450455613727e-01,1.476000000000000000e+03
4.315433549200527463e-01,1.477000000000000000e+03
4.316006647945441199e-01,1.477000000000000000e+03
4.316579746690354935e-01,1.477000000000000000e+03
4.317152845435268671e-01,1.477000000000000000e+03
4.317725944180182407e-01,1.477000000000000000e+03
4.318299042925096143e-01,1.478000000000000000e+03
4.318872141670009879e-01,1.478000000000000000e+03
4.319445240414923615e-01,1.478000000000000000e+03
4.320018339159837351e-01,1.478000000000000000e+03
4.320591437904751086e-01,1.479000000000000000e+03
4.321164536649664822e-01,1.479000000000000000e+03
4.321737635394578558e-01,1.479000000000000000e+03
4.322310734139492294e-01,1.479000000000000000e+03
4.322883832884406030e-01,1.480000000000000000e+03
4.323456931629319766e-01,1.480000000000000000e+03
4.324030030374233502e-01,1.480000000000000000e+03
4.324603129119147238e-01,1.480000000000000000e+03
4.325176227864060974e-01,1.480000000000000000e+03
4.325749326608974710e-01,1.481000000000000000e+03
4.326322425353888446e-01,1.481000000000000000e+03
4.326895524098802182e-01,1.482000000000000000e+03
4.327468622843715917e-01,1.482000000000000000e+03
4.328041721588629653e-01,1.482000000000000000e+03
4.328614820333543389e-01,1.483000000000000000e+03
4.329187919078457125e-01,1.483000000000000000e+03
4.329761017823370861e-01,1.483000000000000000e+03
4.330334116568284597e-01,1.484000000000000000e+03
4.330907215313198333e-01,1.485000000000000000e+03
4.331480314058112069e-01,1.486000000000000000e+03
4.332053412803025805e-01,1.486000000000000000e+03
4.332626511547939541e-01,1.486000000000000000e+03
4.333199610292853832e-01,1.486000000000000000e+03
4.333772709037767568e-01,1.486000000000000000e+03
4.334345807782681304e-01,1.487000000000000000e+03
4.334918906527595039e-01,1.487000000000000000e+03
4.335492005272508775e-01,1.487000000000000000e+03
4.336065104017422511e-01,1.488000000000000000e+03
4.336638202762336247e-01,1.488000000000000000e+03
4.337211301507249983e-01,1.489000000000000000e+03
4.337784400252163719e-01,1.489000000000000000e+03
4.338357498997077455e-01,1.489000000000000000e+03
4.338930597741991191e-01,1.489000000000000000e+03
4.339503696486904927e-01,1.490000000000000000e+03
4.340076795231818663e-01,1.490000000000000000e+03
4.340649893976732399e-01,1.490000000000000000e+03
4.341222992721646134e-01,1.491000000000000000e+03
4.341796091466559870e-01,1.493000000000000000e+03
4.342369190211473606e-01,1.493000000000000000e+03
4.342942288956387342e-01,1.494000000000000000e+03
4.343515387701301078e-01,1.494000000000000000e+03
4.344088486446214814e-01,1.495000000000000000e+03
4.344661585191128550e-01,1.495000000000000000e+03
4.345234683936042286e-01,1.495000000000000000e+03
4.345807782680956022e-01,1.495000000000000000e+03
4.346380881425869758e-01,1.496000000000000000e+03
4.346953980170783494e-01,1.497000000000000000e+03
4.347527078915697230e-01,1.497000000000000000e+03
4.348100177660610965e-01,1.497000000000000000e+03
4.348673276405524701e-01,1.497000000000000000e+03
4.349246375150438437e-01,1.497000000000000000e+03
4.349819473895352173e-01,1.497000000000000000e+03
4.350392572640265909e-01,1.497000000000000000e+03
4.350965671385179645e-01,1.498000000000000000e+03
4.351538770130093381e-01,1.498000000000000000e+03
4.352111868875007117e-01,1.498000000000000000e+03
4.352684967619920853e-01,1.498000000000000000e+03
4.353258066364834589e-01,1.498000000000000000e+03
4.353831165109748325e-01,1.498000000000000000e+03
4.354404263854662060e-01,1.499000000000000000e+03
4.354977362599575796e-01,1.499000000000000000e+03
4.355550461344489532e-01,1.500000000000000000e+03
4.356123560089403268e-01,1.500000000000000000e+03
4.356696658834317004e-01,1.500000000000000000e+03
4.357269757579230740e-01,1.500000000000000000e+03
4.357842856324145031e-01,1.501000000000000000e+03
4.358415955069058767e-01,1.501000000000000000e+03
4.358989053813972503e-01,1.502000000000000000e+03
4.359562152558886239e-01,1.503000000000000000e+03
4.360135251303799975e-01,1.503000000000000000e+03
4.360708350048713711e-01,1.503000000000000000e+03
4.361281448793627447e-01,1.504000000000000000e+03
4.361854547538541182e-01,1.504000000000000000e+03
4.362427646283454918e-01,1.504000000000000000e+03
4.363000745028368654e-01,1.505000000000000000e+03
4.363573843773282390e-01,1.506000000000000000e+03
4.364146942518196126e-01,1.506000000000000000e+03
4.364720041263109862e-01,1.506000000000000000e+03
4.365293140008023598e-01,1.506000000000000000e+03
4.365866238752937334e-01,1.507000000000000000e+03
4.366439337497851070e-01,1.507000000000000000e+03
4.367012436242764806e-01,1.507000000000000000e+03
4.367585534987678542e-01,1.507000000000000000e+03
4.368158633732592278e-01,1.508000000000000000e+03
4.368731732477506013e-01,1.508000000000000000e+03
4.369304831222419749e-01,1.508000000000000000e+03
4.369877929967333485e-01,1.508000000000000000e+03
4.370451028712247221e-01,1.508000000000000000e+03
4.371024127457160957e-01,1.508000000000000000e+03
4.371597226202074693e-01,1.509000000000000000e+03
4.372170324946988429e-01,1.509000000000000000e+03
4.372743423691902165e-01,1.509000000000000000e+03
4.373316522436815901e-01,1.510000000000000000e+03
4.373889621181729637e-01,1.511000000000000000e+03
4.374462719926643373e-01,1.511000000000000000e+03
4.375035818671557108e-01,1.511000000000000000e+03
4.375608917416470844e-01,1.512000000000000000e+03
4.376182016161384580e-01,1.512000000000000000e+03
4.376755114906298316e-01,1.512000000000000000e+03
4.377328213651212052e-01,1.513000000000000000e+03
4.377901312396125788e-01,1.514000000000000000e+03
4.378474411141039524e-01,1.514000000000000000e+03
4.379047509885953260e-01,1.514000000000000000e+03
4.379620608630866996e-01,1.514000000000000000e+03
4.380193707375780732e-01,1.514000000000000000e+03
4.380766806120694468e-01,1.514000000000000000e+03
4.381339904865608204e-01,1.515000000000000000e+03
4.381913003610521939e-01,1.515000000000000000e+03
4.382486102355435675e-01,1.515000000000000000e+03
4.383059201100349966e-01,1.516000000000000000e+03
4.383632299845263702e-01,1.516000000000000000e+03
4.384205398590177438e-01,1.516000000000000000e+03
4.384778497335091174e-01,1.516000000000000000e+03
4.385351596080004910e-01,1.517000000000000000e+03
4.385924694824918646e-01,1.517000000000000000e+03
4.386497793569832382e-01,1.518000000000000000e+03
4.387070892314746118e-01,1.518000000000000000e+03
4.387643991059659854e-01,1.518000000000000000e+03
4.388217089804573590e-01,1.518000000000000000e+03
4.388790188549487326e-01,1.519000000000000000e+03
4.389363287294401061e-01,1.519000000000000000e+03
4.389936386039314797e-01,1.520000000000000000e+03
4.390509484784228533e-01,1.521000000000000000e+03
4.391082583529142269e-01,1.521000000000000000e+03
4.391655682274056005e-01,1.521000000000000000e+03
4.392228781018969741e-01,1.521000000000000000e+03
4.392801879763883477e-01,1.521000000000000000e+03
4.393374978508797213e-01,1.521000000000000000e+03
4.393948077253710949e-01,1.521000000000000000e+03
4.394521175998624685e-01,1.521000000000000000e+03
4.395094274743538421e-01,1.522000000000000000e+03
4.395667373488452156e-01,1.522000000000000000e+03
4.396240472233365892e-01,1.523000000000000000e+03
4.396813570978279628e-01,1.523000000000000000e+03
4.397386669723193364e-01,1.523000000000000000e+03
4.397959768468107100e-01,1.523000000000000000e+03
4.398532867213020836e-01,1.524000000000000000e+03
4.399105965957934572e-01,1.524000000000000000e+03
4.399679064702848308e-01,1.524000000000000000e+03
4.400252163447762044e-01,1.525000000000000000e+03
4.400825262192675780e-01,1.525000000000000000e+03
4.401398360937589516e-01,1.525000000000000000e+03
4.401971459682503252e-01,1.525000000000000000e+03
4.402544558427416987e-01,1.525000000000000000e+03
4.403117657172330723e-01,1.525000000000000000e+03
4.403690755917244459e-01,1.525000000000000000e+03
4.404263854662158195e-01,1.526000000000000000e+03
4.404836953407071931e-01,1.527000000000000000e+03
4.405410052151985667e-01,1.527000000000000000e+03
4.405983150896899403e-01,1.527000000000000000e+03
4.406556249641813139e-01,1.528000000000000000e+03
4.407129348386726875e-01,1.528000000000000000e+03
4.407702447131641166e-01,1.528000000000000000e+03
4.408275545876554902e-01,1.529000000000000000e+03
4.408848644621468638e-01,1.529000000000000000e+03
4.409421743366382374e-01,1.529000000000000000e+03
4.409994842111296109e-01,1.529000000000000000e+03
4.410567940856209845e-01,1.530000000000000000e+03
4.411141039601123581e-01,1.530000000000000000e+03
4.411714138346037317e-01,1.530000000000000000e+03
4.412287237090951053e-01,1.530000000000000000e+03
4.412860335835864789e-01,1.531000000000000000e+03
4.413433434580778525e-01,1.531000000000000000e+03
4.414006533325692261e-01,1.531000000000000000e+03
4.414579632070605997e-01,1.531000000000000000e+03
4.415152730815519733e-01,1.532000000000000000e+03
4.415725829560433469e-01,1.532000000000000000e+03
4.416298928305347204e-01,1.532000000000000000e+03
4.416872027050260940e-01,1.533000000000000000e+03
4.417445125795174676e-01,1.533000000000000000e+03
4.418018224540088412e-01,1.533000000000000000e+03
4.418591323285002148e-01,1.533000000000000000e+03
4.419164422029915884e-01,1.533000000000000000e+03
4.419737520774829620e-01,1.533000000000000000e+03
4.420310619519743356e-01,1.534000000000000000e+03
4.420883718264657092e-01,1.534000000000000000e+03
4.421456817009570828e-01,1.535000000000000000e+03
4.422029915754484564e-01,1.535000000000000000e+03
4.422603014499398300e-01,1.535000000000000000e+03
4.423176113244312035e-01,1.536000000000000000e+03
4.423749211989225771e-01,1.536000000000000000e+03
4.424322310734139507e-01,1.536000000000000000e+03
4.424895409479053243e-01,1.536000000000000000e+03
4.425468508223966979e-01,1.537000000000000000e+03
4.426041606968880715e-01,1.537000000000000000e+03
4.426614705713794451e-01,1.537000000000000000e+03
4.427187804458708187e-01,1.537000000000000000e+03
4.427760903203621923e-01,1.537000000000000000e+03
4.428334001948535659e-01,1.537000000000000000e+03
4.428907100693449395e-01,1.538000000000000000e+03
4.429480199438363131e-01,1.539000000000000000e+03
4.430053298183276866e-01,1.539000000000000000e+03
4.430626396928190602e-01,1.540000000000000000e+03
4.431199495673104338e-01,1.540000000000000000e+03
4.431772594418018074e-01,1.540000000000000000e+03
4.432345693162931810e-01,1.540000000000000000e+03
4.432918791907846101e-01,1.540000000000000000e+03
4.433491890652759837e-01,1.541000000000000000e+03
4.434064989397673573e-01,1.541000000000000000e+03
4.434638088142587309e-01,1.541000000000000000e+03
4.435211186887501045e-01,1.541000000000000000e+03
4.435784285632414781e-01,1.541000000000000000e+03
4.436357384377328517e-01,1.542000000000000000e+03
4.436930483122242252e-01,1.542000000000000000e+03
4.437503581867155988e-01,1.542000000000000000e+03
4.438076680612069724e-01,1.542000000000000000e+03
4.438649779356983460e-01,1.543000000000000000e+03
4.439222878101897196e-01,1.543000000000000000e+03
4.439795976846810932e-01,1.543000000000000000e+03
4.440369075591724668e-01,1.543000000000000000e+03
4.440942174336638404e-01,1.544000000000000000e+03
4.441515273081552140e-01,1.544000000000000000e+03
4.442088371826465876e-01,1.545000000000000000e+03
4.442661470571379612e-01,1.545000000000000000e+03
4.443234569316293348e-01,1.545000000000000000e+03
4.443807668061207083e-01,1.546000000000000000e+03
4.444380766806120819e-01,1.546000000000000000e+03
4.444953865551034555e-01,1.546000000000000000e+03
4.445526964295948291e-01,1.546000000000000000e+03
4.446100063040862027e-01,1.547000000000000000e+03
4.446673161785775763e-01,1.547000000000000000e+03
4.447246260530689499e-01,1.548000000000000000e+03
4.447819359275603235e-01,1.548000000000000000e+03
4.448392458020516971e-01,1.548000000000000000e+03
4.448965556765430707e-01,1.548000000000000000e+03
4.449538655510344443e-01,1.548000000000000000e+03
4.450111754255258179e-01,1.549000000000000000e+03
4.450684853000171914e-01,1.549000000000000000e+03
4.451257951745085650e-01,1.549000000000000000e+03
4.451831050489999386e-01,1.550000000000000000e+03
4.452404149234913122e-01,1.550000000000000000e+03
4.452977247979826858e-01,1.550000000000000000e+03
4.453550346724740594e-01,1.551000000000000000e+03
4.454123445469654330e-01,1.551000000000000000e+03
4.454696544214568066e-01,1.552000000000000000e+03
4.455269642959481802e-01,1.552000000000000000e+03
4.455842741704395538e-01,1.552000000000000000e+03
4.456415840449309274e-01,1.552000000000000000e+03
4.456988939194223009e-01,1.552000000000000000e+03
4.457562037939136745e-01,1.553000000000000000e+03
4.458135136684051036e-01,1.553000000000000000e+03
4.458708235428964772e-01,1.553000000000000000e+03
4.459281334173878508e-01,1.553000000000000000e+03
4.459854432918792244e-01,1.553000000000000000e+03
4.460427531663705980e-01,1.553000000000000000e+03
4.461000630408619716e-01,1.554000000000000000e+03
4.461573729153533452e-01,1.554000000000000000e+03
4.462146827898447188e-01,1.554000000000000000e+03
4.462719926643360924e-01,1.554000000000000000e+03
4.463293025388274660e-01,1.555000000000000000e+03
4.463866124133188396e-01,1.555000000000000000e+03
4.464439222878102131e-01,1.555000000000000000e+03
4.465012321623015867e-01,1.556000000000000000e+03
4.465585420367929603e-01,1.556000000000000000e+03
4.466158519112843339e-01,1.557000000000000000e+03
4.466731617857757075e-01,1.557000000000000000e+03
4.467304716602670811e-01,1.558000000000000000e+03
4.467877815347584547e-01,1.558000000000000000e+03
4.468450914092498283e-01,1.558000000000000000e+03
4.469024012837412019e-01,1.559000000000000000e+03
4.469597111582325755e-01,1.559000000000000000e+03
4.470170210327239491e-01,1.560000000000000000e+03
4.470743309072153227e-01,1.560000000000000000e+03
4.471316407817066962e-01,1.561000000000000000e+03
4.471889506561980698e-01,1.561000000000000000e+03
4.472462605306894434e-01,1.561000000000000000e+03
4.473035704051808170e-01,1.563000000000000000e+03
4.473608802796721906e-01,1.563000000000000000e+03
4.474181901541635642e-01,1.563000000000000000e+03
4.474755000286549378e-01,1.565000000000000000e+03
4.475328099031463114e-01,1.565000000000000000e+03
4.475901197776376850e-01,1.565000000000000000e+03
4.476474296521290586e-01,1.565000000000000000e+03
4.477047395266204322e-01,1.566000000000000000e+03
4.477620494011118057e-01,1.566000000000000000e+03
4.478193592756031793e-01,1.567000000000000000e+03
4.478766691500945529e-01,1.568000000000000000e+03
4.479339790245859265e-01,1.568000000000000000e+03
4.479912888990773001e-01,1.568000000000000000e+03
4.480485987735686737e-01,1.568000000000000000e+03
4.481059086480600473e-01,1.569000000000000000e+03
4.481632185225514209e-01,1.569000000000000000e+03
4.482205283970427945e-01,1.570000000000000000e+03
4.482778382715342236e-01,1.571000000000000000e+03
4.483351481460255972e-01,1.571000000000000000e+03
4.483924580205169708e-01,1.571000000000000000e+03
4.484497678950083444e-01,1.572000000000000000e+03
4.485070777694997179e-01,1.573000000000000000e+03
4.485643876439910915e-01,1.574000000000000000e+03
4.486216975184824651e-01,1.574000000000000000e+03
4.486790073929738387e-01,1.574000000000000000e+03
4.487363172674652123e-01,1.574000000000000000e+03
4.487936271419565859e-01,1.574000000000000000e+03
4.488509370164479595e-01,1.575000000000000000e+03
4.489082468909393331e-01,1.575000000000000000e+03
4.489655567654307067e-01,1.575000000000000000e+03
4.490228666399220803e-01,1.575000000000000000e+03
4.490801765144134539e-01,1.575000000000000000e+03
4.491374863889048275e-01,1.576000000000000000e+03
4.491947962633962010e-01,1.576000000000000000e+03
4.492521061378875746e-01,1.576000000000000000e+03
4.493094160123789482e-01,1.576000000000000000e+03
4.493667258868703218e-01,1.576000000000000000e+03
4.494240357613616954e-01,1.576000000000000000e+03
4.494813456358530690e-01,1.577000000000000000e+03
4.495386555103444426e-01,1.577000000000000000e+03
4.495959653848358162e-01,1.577000000000000000e+03
4.496532752593271898e-01,1.577000000000000000e+03
4.497105851338185634e-01,1.577000000000000000e+03
4.497678950083099370e-01,1.578000000000000000e+03
4.498252048828013105e-01,1.578000000000000000e+03
4.498825147572926841e-01,1.578000000000000000e+03
4.499398246317840577e-01,1.578000000000000000e+03
4.499971345062754313e-01,1.579000000000000000e+03
4.500544443807668049e-01,1.579000000000000000e+03
4.501117542552581785e-01,1.580000000000000000e+03
4.501690641297495521e-01,1.581000000000000000e+03
4.502263740042409257e-01,1.581000000000000000e+03
4.502836838787322993e-01,1.582000000000000000e+03
4.503409937532236729e-01,1.582000000000000000e+03
4.503983036277150465e-01,1.582000000000000000e+03
4.504556135022064201e-01,1.582000000000000000e+03
4.505129233766977936e-01,1.582000000000000000e+03
4.505702332511891672e-01,1.582000000000000000e+03
4.506275431256805408e-01,1.583000000000000000e+03
4.506848530001719144e-01,1.583000000000000000e+03
4.507421628746632880e-01,1.583000000000000000e+03
4.507994727491547171e-01,1.583000000000000000e+03
4.508567826236460907e-01,1.584000000000000000e+03
4.509140924981374643e-01,1.584000000000000000e+03
4.509714023726288379e-01,1.585000000000000000e+03
4.510287122471202115e-01,1.585000000000000000e+03
4.510860221216115851e-01,1.586000000000000000e+03
4.511433319961029587e-01,1.586000000000000000e+03
4.512006418705943323e-01,1.586000000000000000e+03
4.512579517450857058e-01,1.587000000000000000e+03
4.513152616195770794e-01,1.587000000000000000e+03
4.513725714940684530e-01,1.587000000000000000e+03
4.514298813685598266e-01,1.587000000000000000e+03
4.514871912430512002e-01,1.587000000000000000e+03
4.515445011175425738e-01,1.588000000000000000e+03
4.516018109920339474e-01,1.588000000000000000e+03
4.516591208665253210e-01,1.589000000000000000e+03
4.517164307410166946e-01,1.589000000000000000e+03
4.517737406155080682e-01,1.589000000000000000e+03
4.518310504899994418e-01,1.589000000000000000e+03
4.518883603644908153e-01,1.590000000000000000e+03
4.519456702389821889e-01,1.591000000000000000e+03
4.520029801134735625e-01,1.591000000000000000e+03
4.520602899879649361e-01,1.591000000000000000e+03
4.521175998624563097e-01,1.591000000000000000e+03
4.521749097369476833e-01,1.592000000000000000e+03
4.522322196114390569e-01,1.592000000000000000e+03
4.522895294859304305e-01,1.592000000000000000e+03
4.523468393604218041e-01,1.593000000000000000e+03
4.524041492349131777e-01,1.593000000000000000e+03
4.524614591094045513e-01,1.594000000000000000e+03
4.525187689838959249e-01,1.594000000000000000e+03
4.525760788583872984e-01,1.594000000000000000e+03
4.526333887328786720e-01,1.595000000000000000e+03
4.526906986073700456e-01,1.595000000000000000e+03
4.527480084818614192e-01,1.595000000000000000e+03
4.528053183563527928e-01,1.596000000000000000e+03
4.528626282308441664e-01,1.596000000000000000e+03
4.529199381053355400e-01,1.597000000000000000e+03
4.529772479798269136e-01,1.597000000000000000e+03
4.530345578543182872e-01,1.597000000000000000e+03
4.530918677288096608e-01,1.598000000000000000e+03
4.531491776033010344e-01,1.599000000000000000e+03
4.532064874777924079e-01,1.599000000000000000e+03
4.532637973522838370e-01,1.599000000000000000e+03
4.533211072267752106e-01,1.599000000000000000e+03
4.533784171012665842e-01,1.600000000000000000e+03
4.534357269757579578e-01,1.600000000000000000e+03
4.534930368502493314e-01,1.601000000000000000e+03
4.535503467247407050e-01,1.601000000000000000e+03
4.536076565992320786e-01,1.603000000000000000e+03
4.536649664737234522e-01,1.603000000000000000e+03
4.537222763482148258e-01,1.604000000000000000e+03
4.537795862227061994e-01,1.604000000000000000e+03
4.538368960971975730e-01,1.604000000000000000e+03
4.538942059716889466e-01,1.604000000000000000e+03
4.539515158461803201e-01,1.604000000000000000e+03
4.540088257206716937e-01,1.604000000000000000e+03
4.540661355951630673e-01,1.606000000000000000e+03
4.541234454696544409e-01,1.606000000000000000e+03
4.541807553441458145e-01,1.607000000000000000e+03
4.542380652186371881e-01,1.607000000000000000e+03
4.542953750931285617e-01,1.607000000000000000e+03
4.543526849676199353e-01,1.607000000000000000e+03
4.544099948421113089e-01,1.607000000000000000e+03
4.544673047166026825e-01,1.607000000000000000e+03
4.545246145910940561e-01,1.607000000000000000e+03
4.545819244655854297e-01,1.608000000000000000e+03
4.546392343400768032e-01,1.608000000000000000e+03
4.546965442145681768e-01,1.609000000000000000e+03
4.547538540890595504e-01,1.609000000000000000e+03
4.548111639635509240e-01,1.609000000000000000e+03
4.548684738380422976e-01,1.609000000000000000e+03
4.549257837125336712e-01,1.609000000000000000e+03
4.549830935870250448e-01,1.610000000000000000e+03
4.550404034615164184e-01,1.610000000000000000e+03
4.550977133360077920e-01,1.611000000000000000e+03
4.551550232104991656e-01,1.612000000000000000e+03
4.552123330849905392e-01,1.612000000000000000e+03
4.552696429594819127e-01,1.612000000000000000e+03
4.553269528339732863e-01,1.613000000000000000e+03
4.553842627084646599e-01,1.613000000000000000e+03
4.554415725829560335e-01,1.614000000000000000e+03
4.554988824574474071e-01,1.615000000000000000e+03
4.555561923319387807e-01,1.615000000000000000e+03
4.556135022064301543e-01,1.615000000000000000e+03
4.556708120809215279e-01,1.615000000000000000e+03
4.557281219554129015e-01,1.616000000000000000e+03
4.557854318299043306e-01,1.617000000000000000e+03
4.558427417043957042e-01,1.617000000000000000e+03
4.559000515788870778e-01,1.617000000000000000e+03
4.559573614533784514e-01,1.618000000000000000e+03
4.560146713278698249e-01,1.618000000000000000e+03
4.560719812023611985e-01,1.618000000000000000e+03
4.561292910768525721e-01,1.618000000000000000e+03
4.561866009513439457e-01,1.619000000000000000e+03
4.562439108258353193e-01,1.619000000000000000e+03
4.563012207003266929e-01,1.619000000000000000e+03
4.563585305748180665e-01,1.620000000000000000e+03
4.564158404493094401e-01,1.620000000000000000e+03
4.564731503238008137e-01,1.620000000000000000e+03
4.565304601982921873e-01,1.620000000000000000e+03
4.565877700727835609e-01,1.621000000000000000e+03
4.566450799472749345e-01,1.621000000000000000e+03
4.567023898217663080e-01,1.621000000000000000e+03
4.567596996962576816e-01,1.621000000000000000e+03
4.568170095707490552e-01,1.621000000000000000e+03
4.568743194452404288e-01,1.621000000000000000e+03
4.569316293197318024e-01,1.622000000000000000e+03
4.569889391942231760e-01,1.622000000000000000e+03
4.570462490687145496e-01,1.622000000000000000e+03
4.571035589432059232e-01,1.623000000000000000e+03
4.571608688176972968e-01,1.623000000000000000e+03
4.572181786921886704e-01,1.623000000000000000e+03
4.572754885666800440e-01,1.623000000000000000e+03
4.573327984411714175e-01,1.624000000000000000e+03
4.573901083156627911e-01,1.624000000000000000e+03
4.574474181901541647e-01,1.624000000000000000e+03
4.575047280646455383e-01,1.624000000000000000e+03
4.575620379391369119e-01,1.624000000000000000e+03
4.576193478136282855e-01,1.625000000000000000e+03
4.576766576881196591e-01,1.625000000000000000e+03
4.577339675626110327e-01,1.625000000000000000e+03
4.577912774371024063e-01,1.625000000000000000e+03
4.578485873115937799e-01,1.625000000000000000e+03
4.579058971860851535e-01,1.626000000000000000e+03
4.579632070605765271e-01,1.626000000000000000e+03
4.580205169350679006e-01,1.626000000000000000e+03
4.580778268095592742e-01,1.626000000000000000e+03
4.581351366840506478e-01,1.627000000000000000e+03
4.581924465585420214e-01,1.627000000000000000e+03
4.582497564330334505e-01,1.628000000000000000e+03
4.583070663075248241e-01,1.628000000000000000e+03
4.583643761820161977e-01,1.629000000000000000e+03
4.584216860565075713e-01,1.629000000000000000e+03
4.584789959309989449e-01,1.629000000000000000e+03
4.585363058054903185e-01,1.629000000000000000e+03
4.585936156799816921e-01,1.630000000000000000e+03
4.586509255544730657e-01,1.631000000000000000e+03
4.587082354289644393e-01,1.631000000000000000e+03
4.587655453034558128e-01,1.631000000000000000e+03
4.588228551779471864e-01,1.631000000000000000e+03
4.588801650524385600e-01,1.631000000000000000e+03
4.589374749269299336e-01,1.631000000000000000e+03
4.589947848014213072e-01,1.633000000000000000e+03
4.590520946759126808e-01,1.633000000000000000e+03
4.591094045504040544e-01,1.633000000000000000e+03
4.591667144248954280e-01,1.633000000000000000e+03
4.592240242993868016e-01,1.633000000000000000e+03
4.592813341738781752e-01,1.634000000000000000e+03
4.593386440483695488e-01,1.634000000000000000e+03
4.593959539228609223e-01,1.635000000000000000e+03
4.594532637973522959e-01,1.635000000000000000e+03
4.595105736718436695e-01,1.635000000000000000e+03
4.595678835463350431e-01,1.635000000000000000e+03
4.596251934208264167e-01,1.636000000000000000e+03
4.596825032953177903e-01,1.636000000000000000e+03
4.597398131698091639e-01,1.637000000000000000e+03
4.597971230443005375e-01,1.637000000000000000e+03
4.598544329187919111e-01,1.637000000000000000e+03
4.599117427932832847e-01,1.638000000000000000e+03
4.599690526677746583e-01,1.638000000000000000e+03
4.600263625422660319e-01,1.639000000000000000e+03
4.600836724167574054e-01,1.640000000000000000e+03
4.601409822912487790e-01,1.640000000000000000e+03
4.601982921657401526e-01,1.641000000000000000e+03
4.602556020402315262e-01,1.641000000000000000e+03
4.603129119147228998e-01,1.641000000000000000e+03
4.603702217892142734e-01,1.641000000000000000e+03
4.604275316637056470e-01,1.642000000000000000e+03
4.604848415381970206e-01,1.642000000000000000e+03
4.605421514126883942e-01,1.642000000000000000e+03
4.605994612871797678e-01,1.642000000000000000e+03
4.606567711616711414e-01,1.643000000000000000e+03
4.607140810361625149e-01,1.643000000000000000e+03
4.607713909106539441e-01,1.643000000000000000e+03
4.608287007851453176e-01,1.644000000000000000e+03
4.608860106596366912e-01,1.644000000000000000e+03
4.609433205341280648e-01,1.644000000000000000e+03
4.610006304086194384e-01,1.645000000000000000e+03
4.610579402831108120e-01,1.645000000000000000e+03
4.611152501576021856e-01,1.646000000000000000e+03
4.611725600320935592e-01,1.646000000000000000e+03
4.612298699065849328e-01,1.647000000000000000e+03
4.612871797810763064e-01,1.647000000000000000e+03
4.613444896555676800e-01,1.648000000000000000e+03
4.614017995300590536e-01,1.648000000000000000e+03
4.614591094045504271e-01,1.648000000000000000e+03
4.615164192790418007e-01,1.648000000000000000e+03
4.615737291535331743e-01,1.648000000000000000e+03
4.616310390280245479e-01,1.648000000000000000e+03
4.616883489025159215e-01,1.649000000000000000e+03
4.617456587770072951e-01,1.650000000000000000e+03
4.618029686514986687e-01,1.650000000000000000e+03
4.618602785259900423e-01,1.651000000000000000e+03
4.619175884004814159e-01,1.651000000000000000e+03
4.619748982749727895e-01,1.651000000000000000e+03
4.620322081494641631e-01,1.651000000000000000e+03
4.620895180239555367e-01,1.652000000000000000e+03
4.621468278984469102e-01,1.652000000000000000e+03
4.622041377729382838e-01,1.652000000000000000e+03
4.622614476474296574e-01,1.653000000000000000e+03
4.623187575219210310e-01,1.653000000000000000e+03
4.623760673964124046e-01,1.653000000000000000e+03
4.624333772709037782e-01,1.653000000000000000e+03
4.624906871453951518e-01,1.653000000000000000e+03
4.625479970198865254e-01,1.654000000000000000e+03
4.626053068943778990e-01,1.655000000000000000e+03
4.626626167688692726e-01,1.655000000000000000e+03
4.627199266433606462e-01,1.655000000000000000e+03
4.627772365178520197e-01,1.655000000000000000e+03
4.628345463923433933e-01,1.656000000000000000e+03
4.628918562668347669e-01,1.656000000000000000e+03
4.629491661413261405e-01,1.656000000000000000e+03
4.630064760158175141e-01,1.656000000000000000e+03
4.630637858903088877e-01,1.657000000000000000e+03
4.631210957648002613e-01,1.657000000000000000e+03
4.631784056392916349e-01,1.657000000000000000e+03
4.632357155137830085e-01,1.658000000000000000e+03
4.632930253882744376e-01,1.658000000000000000e+03
4.633503352627658112e-01,1.658000000000000000e+03
4.634076451372571848e-01,1.658000000000000000e+03
4.634649550117485584e-01,1.659000000000000000e+03
4.635222648862399319e-01,1.659000000000000000e+03
4.635795747607313055e-01,1.659000000000000000e+03
4.636368846352226791e-01,1.660000000000000000e+03
4.636941945097140527e-01,1.660000000000000000e+03
4.637515043842054263e-01,1.660000000000000000e+03
4.638088142586967999e-01,1.660000000000000000e+03
4.638661241331881735e-01,1.661000000000000000e+03
4.639234340076795471e-01,1.661000000000000000e+03
4.639807438821709207e-01,1.661000000000000000e+03
4.640380537566622943e-01,1.662000000000000000e+03
4.640953636311536679e-01,1.662000000000000000e+03
4.641526735056450415e-01,1.663000000000000000e+03
4.642099833801364150e-01,1.663000000000000000e+03
4.642672932546277886e-01,1.664000000000000000e+03
4.643246031291191622e-01,1.664000000000000000e+03
4.643819130036105358e-01,1.664000000000000000e+03
4.644392228781019094e-01,1.664000000000000000e+03
4.644965327525932830e-01,1.664000000000000000e+03
4.645538426270846566e-01,1.664000000000000000e+03
4.646111525015760302e-01,1.665000000000000000e+03
4.646684623760674038e-01,1.665000000000000000e+03
4.647257722505587774e-01,1.665000000000000000e+03
4.647830821250501510e-01,1.666000000000000000e+03
4.648403919995415245e-01,1.666000000000000000e+03
4.648977018740328981e-01,1.666000000000000000e+03
4.649550117485242717e-01,1.666000000000000000e+03
4.650123216230156453e-01,1.667000000000000000e+03
4.650696314975070189e-01,1.667000000000000000e+03
4.651269413719983925e-01,1.668000000000000000e+03
4.651842512464897661e-01,1.668000000000000000e+03
4.652415611209811397e-01,1.668000000000000000e+03
4.652988709954725133e-01,1.668000000000000000e+03
4.653561808699638869e-01,1.669000000000000000e+03
4.654134907444552605e-01,1.669000000000000000e+03
4.654708006189466341e-01,1.669000000000000000e+03
4.655281104934380076e-01,1.669000000000000000e+03
4.655854203679293812e-01,1.669000000000000000e+03
4.656427302424207548e-01,1.669000000000000000e+03
4.657000401169121284e-01,1.670000000000000000e+03
4.657573499914035575e-01,1.670000000000000000e+03
4.658146598658949311e-01,1.671000000000000000e+03
4.658719697403863047e-01,1.671000000000000000e+03
4.659292796148776783e-01,1.671000000000000000e+03
4.659865894893690519e-01,1.671000000000000000e+03
4.660438993638604255e-01,1.671000000000000000e+03
4.661012092383517991e-01,1.671000000000000000e+03
4.661585191128431727e-01,1.672000000000000000e+03
4.662158289873345463e-01,1.672000000000000000e+03
4.662731388618259198e-01,1.672000000000000000e+03
4.663304487363172934e-01,1.673000000000000000e+03
4.663877586108086670e-01,1.673000000000000000e+03
4.664450684853000406e-01,1.673000000000000000e+03
4.665023783597914142e-01,1.674000000000000000e+03
4.665596882342827878e-01,1.674000000000000000e+03
4.666169981087741614e-01,1.674000000000000000e+03
4.666743079832655350e-01,1.674000000000000000e+03
4.667316178577569086e-01,1.674000000000000000e+03
4.667889277322482822e-01,1.674000000000000000e+03
4.668462376067396558e-01,1.675000000000000000e+03
4.669035474812310293e-01,1.675000000000000000e+03
4.669608573557224029e-01,1.676000000000000000e+03
4.670181672302137765e-01,1.676000000000000000e+03
4.670754771047051501e-01,1.676000000000000000e+03
4.671327869791965237e-01,1.676000000000000000e+03
4.671900968536878973e-01,1.677000000000000000e+03
4.672474067281792709e-01,1.678000000000000000e+03
4.673047166026706445e-01,1.678000000000000000e+03
4.673620264771620181e-01,1.679000000000000000e+03
4.674193363516533917e-01,1.679000000000000000e+03
4.674766462261447653e-01,1.679000000000000000e+03
4.675339561006361389e-01,1.680000000000000000e+03
4.675912659751275124e-01,1.681000000000000000e+03
4.676485758496188860e-01,1.681000000000000000e+03
4.677058857241102596e-01,1.682000000000000000e+03
4.677631955986016332e-01,1.682000000000000000e+03
4.678205054730930068e-01,1.682000000000000000e+03
4.678778153475843804e-01,1.683000000000000000e+03
4.679351252220757540e-01,1.683000000000000000e+03
4.679924350965671276e-01,1.683000000000000000e+03
4.680497449710585012e-01,1.683000000000000000e+03
4.681070548455498748e-01,1.684000000000000000e+03
4.681643647200412484e-01,1.684000000000000000e+03
4.682216745945326219e-01,1.684000000000000000e+03
4.682789844690240511e-01,1.685000000000000000e+03
4.683362943435154246e-01,1.685000000000000000e+03
4.683936042180067982e-01,1.685000000000000000e+03
4.684509140924981718e-01,1.685000000000000000e+03
4.685082239669895454e-01,1.686000000000000000e+03
4.685655338414809190e-01,1.686000000000000000e+03
4.686228437159722926e-01,1.686000000000000000e+03
4.686801535904636662e-01,1.686000000000000000e+03
4.687374634649550398e-01,1.686000000000000000e+03
4.687947733394464134e-01,1.687000000000000000e+03
4.688520832139377870e-01,1.687000000000000000e+03
4.689093930884291606e-01,1.688000000000000000e+03
4.689667029629205341e-01,1.689000000000000000e+03
4.690240128374119077e-01,1.689000000000000000e+03
4.690813227119032813e-01,1.690000000000000000e+03
4.691386325863946549e-01,1.690000000000000000e+03
4.691959424608860285e-01,1.690000000000000000e+03
4.692532523353774021e-01,1.691000000000000000e+03
4.693105622098687757e-01,1.691000000000000000e+03
4.693678720843601493e-01,1.691000000000000000e+03
4.694251819588515229e-01,1.691000000000000000e+03
4.694824918333428965e-01,1.691000000000000000e+03
4.695398017078342701e-01,1.692000000000000000e+03
4.695971115823256437e-01,1.692000000000000000e+03
4.696544214568170172e-01,1.692000000000000000e+03
4.697117313313083908e-01,1.692000000000000000e+03
4.697690412057997644e-01,1.692000000000000000e+03
4.698263510802911380e-01,1.693000000000000000e+03
4.698836609547825116e-01,1.693000000000000000e+03
4.699409708292738852e-01,1.694000000000000000e+03
4.699982807037652588e-01,1.694000000000000000e+03
4.700555905782566324e-01,1.695000000000000000e+03
4.701129004527480060e-01,1.695000000000000000e+03
4.701702103272393796e-01,1.695000000000000000e+03
4.702275202017307532e-01,1.695000000000000000e+03
4.702848300762221267e-01,1.696000000000000000e+03
4.703421399507135003e-01,1.697000000000000000e+03
4.703994498252048739e-01,1.697000000000000000e+03
4.704567596996962475e-01,1.697000000000000000e+03
4.705140695741876211e-01,1.699000000000000000e+03
4.705713794486789947e-01,1.699000000000000000e+03
4.706286893231703683e-01,1.699000000000000000e+03
4.706859991976617419e-01,1.699000000000000000e+03
4.707433090721531710e-01,1.699000000000000000e+03
4.708006189466445446e-01,1.700000000000000000e+03
4.708579288211359182e-01,1.700000000000000000e+03
4.709152386956272918e-01,1.701000000000000000e+03
4.709725485701186654e-01,1.701000000000000000e+03
4.710298584446100389e-01,1.701000000000000000e+03
4.710871683191014125e-01,1.701000000000000000e+03
4.711444781935927861e-01,1.702000000000000000e+03
4.712017880680841597e-01,1.702000000000000000e+03
4.712590979425755333e-01,1.702000000000000000e+03
4.713164078170669069e-01,1.702000000000000000e+03
4.713737176915582805e-01,1.702000000000000000e+03
4.714310275660496541e-01,1.703000000000000000e+03
4.714883374405410277e-01,1.705000000000000000e+03
4.715456473150324013e-01,1.705000000000000000e+03
4.716029571895237749e-01,1.706000000000000000e+03
4.716602670640151485e-01,1.707000000000000000e+03
4.717175769385065220e-01,1.707000000000000000e+03
4.717748868129978956e-01,1.707000000000000000e+03
4.718321966874892692e-01,1.708000000000000000e+03
4.718895065619806428e-01,1.708000000000000000e+03
4.719468164364720164e-01,1.708000000000000000e+03
4.720041263109633900e-01,1.708000000000000000e+03
4.720614361854547636e-01,1.708000000000000000e+03
4.721187460599461372e-01,1.709000000000000000e+03
4.721760559344375108e-01,1.709000000000000000e+03
4.722333658089288844e-01,1.710000000000000000e+03
4.722906756834202580e-01,1.712000000000000000e+03
4.723479855579116315e-01,1.712000000000000000e+03
4.724052954324030051e-01,1.712000000000000000e+03
4.724626053068943787e-01,1.713000000000000000e+03
4.725199151813857523e-01,1.713000000000000000e+03
4.725772250558771259e-01,1.714000000000000000e+03
4.726345349303684995e-01,1.715000000000000000e+03
4.726918448048598731e-01,1.716000000000000000e+03
4.727491546793512467e-01,1.716000000000000000e+03
4.728064645538426203e-01,1.717000000000000000e+03
4.728637744283339939e-01,1.717000000000000000e+03
4.729210843028253675e-01,1.718000000000000000e+03
4.729783941773167411e-01,1.718000000000000000e+03
4.730357040518081146e-01,1.718000000000000000e+03
4.730930139262994882e-01,1.719000000000000000e+03
4.731503238007908618e-01,1.719000000000000000e+03
4.732076336752822354e-01,1.719000000000000000e+03
4.732649435497736645e-01,1.719000000000000000e+03
4.733222534242650381e-01,1.721000000000000000e+03
4.733795632987564117e-01,1.721000000000000000e+03
4.734368731732477853e-01,1.721000000000000000e+03
4.734941830477391589e-01,1.722000000000000000e+03
4.735514929222305325e-01,1.723000000000000000e+03
4.736088027967219061e-01,1.723000000000000000e+03
4.736661126712132797e-01,1.723000000000000000e+03
4.737234225457046533e-01,1.723000000000000000e+03
4.737807324201960268e-01,1.724000000000000000e+03
4.738380422946874004e-01,1.725000000000000000e+03
4.738953521691787740e-01,1.725000000000000000e+03
4.739526620436701476e-01,1.725000000000000000e+03
4.740099719181615212e-01,1.726000000000000000e+03
4.740672817926528948e-01,1.726000000000000000e+03
4.741245916671442684e-01,1.726000000000000000e+03
4.741819015416356420e-01,1.727000000000000000e+03
4.742392114161270156e-01,1.727000000000000000e+03
4.742965212906183892e-01,1.727000000000000000e+03
4.743538311651097628e-01,1.727000000000000000e+03
4.744111410396011363e-01,1.727000000000000000e+03
4.744684509140925099e-01,1.728000000000000000e+03
4.745257607885838835e-01,1.728000000000000000e+03
4.745830706630752571e-01,1.729000000000000000e+03
4.746403805375666307e-01,1.730000000000000000e+03
4.746976904120580043e-01,1.730000000000000000e+03
4.747550002865493779e-01,1.731000000000000000e+03
4.748123101610407515e-01,1.731000000000000000e+03
4.748696200355321251e-01,1.732000000000000000e+03
4.749269299100234987e-01,1.733000000000000000e+03
4.749842397845148723e-01,1.733000000000000000e+03
4.750415496590062459e-01,1.733000000000000000e+03
4.750988595334976194e-01,1.733000000000000000e+03
4.751561694079889930e-01,1.735000000000000000e+03
4.752134792824803666e-01,1.735000000000000000e+03
4.752707891569717402e-01,1.735000000000000000e+03
4.753280990314631138e-01,1.735000000000000000e+03
4.753854089059544874e-01,1.735000000000000000e+03
4.754427187804458610e-01,1.736000000000000000e+03
4.755000286549372346e-01,1.736000000000000000e+03
4.755573385294286082e-01,1.736000000000000000e+03
4.756146484039199818e-01,1.736000000000000000e+03
4.756719582784113554e-01,1.736000000000000000e+03
4.757292681529027845e-01,1.736000000000000000e+03
4.757865780273941581e-01,1.737000000000000000e+03
4.758438879018855316e-01,1.737000000000000000e+03
4.759011977763769052e-01,1.737000000000000000e+03
4.759585076508682788e-01,1.737000000000000000e+03
4.760158175253596524e-01,1.738000000000000000e+03
4.760731273998510260e-01,1.738000000000000000e+03
4.761304372743423996e-01,1.738000000000000000e+03
4.761877471488337732e-01,1.738000000000000000e+03
4.762450570233251468e-01,1.739000000000000000e+03
4.763023668978165204e-01,1.739000000000000000e+03
4.763596767723078940e-01,1.740000000000000000e+03
4.764169866467992676e-01,1.740000000000000000e+03
4.764742965212906411e-01,1.740000000000000000e+03
4.765316063957820147e-01,1.740000000000000000e+03
4.765889162702733883e-01,1.740000000000000000e+03
4.766462261447647619e-01,1.741000000000000000e+03
4.767035360192561355e-01,1.741000000000000000e+03
4.767608458937475091e-01,1.741000000000000000e+03
4.768181557682388827e-01,1.741000000000000000e+03
4.768754656427302563e-01,1.742000000000000000e+03
4.769327755172216299e-01,1.743000000000000000e+03
4.769900853917130035e-01,1.743000000000000000e+03
4.770473952662043771e-01,1.744000000000000000e+03
4.771047051406957507e-01,1.745000000000000000e+03
4.771620150151871242e-01,1.745000000000000000e+03
4.772193248896784978e-01,1.745000000000000000e+03
4.772766347641698714e-01,1.745000000000000000e+03
4.773339446386612450e-01,1.745000000000000000e+03
4.773912545131526186e-01,1.746000000000000000e+03
4.774485643876439922e-01,1.747000000000000000e+03
4.775058742621353658e-01,1.747000000000000000e+03
4.775631841366267394e-01,1.747000000000000000e+03
4.776204940111181130e-01,1.748000000000000000e+03
4.776778038856094866e-01,1.748000000000000000e+03
4.777351137601008602e-01,1.748000000000000000e+03
4.777924236345922337e-01,1.749000000000000000e+03
4.778497335090836073e-01,1.749000000000000000e+03
4.779070433835749809e-01,1.750000000000000000e+03
4.779643532580663545e-01,1.750000000000000000e+03
4.780216631325577281e-01,1.751000000000000000e+03
4.780789730070491017e-01,1.751000000000000000e+03
4.781362828815404753e-01,1.752000000000000000e+03
4.781935927560318489e-01,1.752000000000000000e+03
4.782509026305232780e-01,1.752000000000000000e+03
4.783082125050146516e-01,1.752000000000000000e+03
4.783655223795060252e-01,1.752000000000000000e+03
4.784228322539973988e-01,1.752000000000000000e+03
4.784801421284887724e-01,1.753000000000000000e+03
4.785374520029801459e-01,1.753000000000000000e+03
4.785947618774715195e-01,1.753000000000000000e+03
4.786520717519628931e-01,1.753000000000000000e+03
4.787093816264542667e-01,1.754000000000000000e+03
4.787666915009456403e-01,1.754000000000000000e+03
4.788240013754370139e-01,1.755000000000000000e+03
4.788813112499283875e-01,1.755000000000000000e+03
4.789386211244197611e-01,1.755000000000000000e+03
4.789959309989111347e-01,1.756000000000000000e+03
4.790532408734025083e-01,1.756000000000000000e+03
4.791105507478938819e-01,1.756000000000000000e+03
4.791678606223852555e-01,1.757000000000000000e+03
4.792251704968766290e-01,1.757000000000000000e+03
4.792824803713680026e-01,1.757000000000000000e+03
4.793397902458593762e-01,1.758000000000000000e+03
4.793971001203507498e-01,1.758000000000000000e+03
4.794544099948421234e-01,1.760000000000000000e+03
4.795117198693334970e-01,1.761000000000000000e+03
4.795690297438248706e-01,1.761000000000000000e+03
4.796263396183162442e-01,1.761000000000000000e+03
4.796836494928076178e-01,1.762000000000000000e+03
4.797409593672989914e-01,1.762000000000000000e+03
4.797982692417903650e-01,1.762000000000000000e+03
4.798555791162817385e-01,1.762000000000000000e+03
4.799128889907731121e-01,1.763000000000000000e+03
4.799701988652644857e-01,1.763000000000000000e+03
4.800275087397558593e-01,1.764000000000000000e+03
4.800848186142472329e-01,1.765000000000000000e+03
4.801421284887386065e-01,1.765000000000000000e+03
4.801994383632299801e-01,1.765000000000000000e+03
4.802567482377213537e-01,1.766000000000000000e+03
4.803140581122127273e-01,1.766000000000000000e+03
4.803713679867041009e-01,1.766000000000000000e+03
4.804286778611954745e-01,1.766000000000000000e+03
4.804859877356868481e-01,1.767000000000000000e+03
4.805432976101782216e-01,1.768000000000000000e+03
4.806006074846695952e-01,1.768000000000000000e+03
4.806579173591609688e-01,1.768000000000000000e+03
4.807152272336523424e-01,1.769000000000000000e+03
4.807725371081437715e-01,1.769000000000000000e+03
4.808298469826351451e-01,1.769000000000000000e+03
4.808871568571265187e-01,1.770000000000000000e+03
4.809444667316178923e-01,1.770000000000000000e+03
4.810017766061092659e-01,1.770000000000000000e+03
4.810590864806006395e-01,1.770000000000000000e+03
4.811163963550920131e-01,1.771000000000000000e+03
4.811737062295833867e-01,1.771000000000000000e+03
4.812310161040747603e-01,1.772000000000000000e+03
4.812883259785661338e-01,1.772000000000000000e+03
4.813456358530575074e-01,1.773000000000000000e+03
4.814029457275488810e-01,1.774000000000000000e+03
4.814602556020402546e-01,1.774000000000000000e+03
4.815175654765316282e-01,1.774000000000000000e+03
4.815748753510230018e-01,1.774000000000000000e+03
4.816321852255143754e-01,1.774000000000000000e+03
4.816894951000057490e-01,1.775000000000000000e+03
4.817468049744971226e-01,1.775000000000000000e+03
4.818041148489884962e-01,1.776000000000000000e+03
4.818614247234798698e-01,1.776000000000000000e+03
4.819187345979712433e-01,1.777000000000000000e+03
4.819760444724626169e-01,1.777000000000000000e+03
4.820333543469539905e-01,1.778000000000000000e+03
4.820906642214453641e-01,1.778000000000000000e+03
4.821479740959367377e-01,1.779000000000000000e+03
4.822052839704281113e-01,1.779000000000000000e+03
4.822625938449194849e-01,1.780000000000000000e+03
4.823199037194108585e-01,1.780000000000000000e+03
4.823772135939022321e-01,1.781000000000000000e+03
4.824345234683936057e-01,1.781000000000000000e+03
4.824918333428849793e-01,1.781000000000000000e+03
4.825491432173763529e-01,1.782000000000000000e+03
4.826064530918677264e-01,1.782000000000000000e+03
4.826637629663591000e-01,1.782000000000000000e+03
4.827210728408504736e-01,1.783000000000000000e+03
4.827783827153418472e-01,1.783000000000000000e+03
4.828356925898332208e-01,1.783000000000000000e+03
4.828930024643245944e-01,1.783000000000000000e+03
4.829503123388159680e-01,1.784000000000000000e+03
4.830076222133073416e-01,1.784000000000000000e+03
4.830649320877987152e-01,1.784000000000000000e+03
4.831222419622900888e-01,1.784000000000000000e+03
4.831795518367814624e-01,1.784000000000000000e+03
4.832368617112728915e-01,1.785000000000000000e+03
4.832941715857642651e-01,1.785000000000000000e+03
4.833514814602556386e-01,1.786000000000000000e+03
4.834087913347470122e-01,1.786000000000000000e+03
4.834661012092383858e-01,1.786000000000000000e+03
4.835234110837297594e-01,1.786000000000000000e+03
4.835807209582211330e-01,1.786000000000000000e+03
4.836380308327125066e-01,1.787000000000000000e+03
4.836953407072038802e-01,1.787000000000000000e+03
4.837526505816952538e-01,1.787000000000000000e+03
4.838099604561866274e-01,1.787000000000000000e+03
4.838672703306780010e-01,1.787000000000000000e+03
4.839245802051693746e-01,1.787000000000000000e+03
4.839818900796607481e-01,1.789000000000000000e+03
4.840391999541521217e-01,1.790000000000000000e+03
4.840965098286434953e-01,1.790000000000000000e+03
4.841538197031348689e-01,1.790000000000000000e+03
4.842111295776262425e-01,1.790000000000000000e+03
4.842684394521176161e-01,1.790000000000000000e+03
4.843257493266089897e-01,1.790000000000000000e+03
4.843830592011003633e-01,1.790000000000000000e+03
4.844403690755917369e-01,1.791000000000000000e+03
4.844976789500831105e-01,1.791000000000000000e+03
4.845549888245744841e-01,1.792000000000000000e+03
4.846122986990658577e-01,1.792000000000000000e+03
4.846696085735572312e-01,1.793000000000000000e+03
4.847269184480486048e-01,1.793000000000000000e+03
4.847842283225399784e-01,1.794000000000000000e+03
4.848415381970313520e-01,1.794000000000000000e+03
4.848988480715227256e-01,1.794000000000000000e+03
4.849561579460140992e-01,1.794000000000000000e+03
4.850134678205054728e-01,1.795000000000000000e+03
4.850707776949968464e-01,1.795000000000000000e+03
4.851280875694882200e-01,1.796000000000000000e+03
4.851853974439795936e-01,1.797000000000000000e+03
4.852427073184709672e-01,1.797000000000000000e+03
4.853000171929623408e-01,1.797000000000000000e+03
4.853573270674537143e-01,1.797000000000000000e+03
4.854146369419450879e-01,1.797000000000000000e+03
4.854719468164364615e-01,1.798000000000000000e+03
4.855292566909278351e-01,1.798000000000000000e+03
4.855865665654192087e-01,1.799000000000000000e+03
4.856438764399105823e-01,1.799000000000000000e+03
4.857011863144019559e-01,1.801000000000000000e+03
4.857584961888933850e-01,1.801000000000000000e+03
4.858158060633847586e-01,1.801000000000000000e+03
4.858731159378761322e-01,1.802000000000000000e+03
4.859304258123675058e-01,1.802000000000000000e+03
4.859877356868588794e-01,1.802000000000000000e+03
4.860450455613502529e-01,1.803000000000000000e+03
4.861023554358416265e-01,1.803000000000000000e+03
4.861596653103330001e-01,1.803000000000000000e+03
4.862169751848243737e-01,1.804000000000000000e+03
4.862742850593157473e-01,1.804000000000000000e+03
4.863315949338071209e-01,1.804000000000000000e+03
4.863889048082984945e-01,1.804000000000000000e+03
4.864462146827898681e-01,1.805000000000000000e+03
4.865035245572812417e-01,1.805000000000000000e+03
4.865608344317726153e-01,1.805000000000000000e+03
4.866181443062639889e-01,1.806000000000000000e+03
4.866754541807553625e-01,1.806000000000000000e+03
4.867327640552467360e-01,1.806000000000000000e+03
4.867900739297381096e-01,1.807000000000000000e+03
4.868473838042294832e-01,1.807000000000000000e+03
4.869046936787208568e-01,1.807000000000000000e+03
4.869620035532122304e-01,1.808000000000000000e+03
4.870193134277036040e-01,1.809000000000000000e+03
4.870766233021949776e-01,1.809000000000000000e+03
4.871339331766863512e-01,1.809000000000000000e+03
4.871912430511777248e-01,1.810000000000000000e+03
4.872485529256690984e-01,1.810000000000000000e+03
4.873058628001604720e-01,1.810000000000000000e+03
4.873631726746518456e-01,1.810000000000000000e+03
4.874204825491432191e-01,1.811000000000000000e+03
4.874777924236345927e-01,1.811000000000000000e+03
4.875351022981259663e-01,1.811000000000000000e+03
4.875924121726173399e-01,1.811000000000000000e+03
4.876497220471087135e-01,1.812000000000000000e+03
4.877070319216000871e-01,1.812000000000000000e+03
4.877643417960914607e-01,1.813000000000000000e+03
4.878216516705828343e-01,1.814000000000000000e+03
4.878789615450742079e-01,1.815000000000000000e+03
4.879362714195655815e-01,1.815000000000000000e+03
4.879935812940569551e-01,1.815000000000000000e+03
4.880508911685483286e-01,1.816000000000000000e+03
4.881082010430397022e-01,1.816000000000000000e+03
4.881655109175310758e-01,1.816000000000000000e+03
4.882228207920225049e-01,1.817000000000000000e+03
4.882801306665138785e-01,1.817000000000000000e+03
4.883374405410052521e-01,1.817000000000000000e+03
4.883947504154966257e-01,1.817000000000000000e+03
4.884520602899879993e-01,1.818000000000000000e+03
4.885093701644793729e-01,1.818000000000000000e+03
4.885666800389707465e-01,1.819000000000000000e+03
4.886239899134621201e-01,1.819000000000000000e+03
4.886812997879534937e-01,1.819000000000000000e+03
4.887386096624448673e-01,1.820000000000000000e+03
4.887959195369362408e-01,1.820000000000000000e+03
4.888532294114276144e-01,1.820000000000000000e+03
4.889105392859189880e-01,1.820000000000000000e+03
4.889678491604103616e-01,1.821000000000000000e+03
4.890251590349017352e-01,1.821000000000000000e+03
4.890824689093931088e-01,1.823000000000000000e+03
4.891397787838844824e-01,1.823000000000000000e+03
4.891970886583758560e-01,1.823000000000000000e+03
4.892543985328672296e-01,1.823000000000000000e+03
4.893117084073586032e-01,1.823000000000000000e+03
4.893690182818499768e-01,1.823000000000000000e+03
4.894263281563413504e-01,1.824000000000000000e+03
4.894836380308327239e-01,1.824000000000000000e+03
4.895409479053240975e-01,1.824000000000000000e+03
4.895982577798154711e-01,1.825000000000000000e+03
4.896555676543068447e-01,1.825000000000000000e+03
4.897128775287982183e-01,1.825000000000000000e+03
4.897701874032895919e-01,1.826000000000000000e+03
4.898274972777809655e-01,1.826000000000000000e+03
4.898848071522723391e-01,1.827000000000000000e+03
4.899421170267637127e-01,1.827000000000000000e+03
4.899994269012550863e-01,1.828000000000000000e+03
4.900567367757464599e-01,1.828000000000000000e+03
4.901140466502378334e-01,1.828000000000000000e+03
4.901713565247292070e-01,1.829000000000000000e+03
4.902286663992205806e-01,1.830000000000000000e+03
4.902859762737119542e-01,1.830000000000000000e+03
4.903432861482033278e-01,1.830000000000000000e+03
4.904005960226947014e-01,1.831000000000000000e+03
4.904579058971860750e-01,1.831000000000000000e+03
4.905152157716774486e-01,1.832000000000000000e+03
4.905725256461688222e-01,1.832000000000000000e+03
4.906298355206601958e-01,1.833000000000000000e+03
4.906871453951515694e-01,1.833000000000000000e+03
4.907444552696429985e-01,1.833000000000000000e+03
4.908017651441343721e-01,1.834000000000000000e+03
4.908590750186257456e-01,1.834000000000000000e+03
4.909163848931171192e-01,1.834000000000000000e+03
4.909736947676084928e-01,1.835000000000000000e+03
4.910310046420998664e-01,1.835000000000000000e+03
4.910883145165912400e-01,1.835000000000000000e+03
4.911456243910826136e-01,1.835000000000000000e+03
4.912029342655739872e-01,1.835000000000000000e+03
4.912602441400653608e-01,1.835000000000000000e+03
4.913175540145567344e-01,1.836000000000000000e+03
4.913748638890481080e-01,1.836000000000000000e+03
4.914321737635394816e-01,1.837000000000000000e+03
4.914894836380308552e-01,1.837000000000000000e+03
4.915467935125222287e-01,1.837000000000000000e+03
4.916041033870136023e-01,1.837000000000000000e+03
4.916614132615049759e-01,1.837000000000000000e+03
4.917187231359963495e-01,1.838000000000000000e+03
4.917760330104877231e-01,1.839000000000000000e+03
4.918333428849790967e-01,1.839000000000000000e+03
4.918906527594704703e-01,1.840000000000000000e+03
4.919479626339618439e-01,1.840000000000000000e+03
4.920052725084532175e-01,1.841000000000000000e+03
4.920625823829445911e-01,1.842000000000000000e+03
4.921198922574359647e-01,1.842000000000000000e+03
4.921772021319273382e-01,1.842000000000000000e+03
4.922345120064187118e-01,1.842000000000000000e+03
4.922918218809100854e-01,1.842000000000000000e+03
4.923491317554014590e-01,1.842000000000000000e+03
4.924064416298928326e-01,1.842000000000000000e+03
4.924637515043842062e-01,1.843000000000000000e+03
4.925210613788755798e-01,1.843000000000000000e+03
4.925783712533669534e-01,1.843000000000000000e+03
4.926356811278583270e-01,1.843000000000000000e+03
4.926929910023497006e-01,1.844000000000000000e+03
4.927503008768410742e-01,1.844000000000000000e+03
4.928076107513324478e-01,1.845000000000000000e+03
4.928649206258238213e-01,1.845000000000000000e+03
4.929222305003151949e-01,1.846000000000000000e+03
4.929795403748065685e-01,1.846000000000000000e+03
4.930368502492979421e-01,1.847000000000000000e+03
4.930941601237893157e-01,1.847000000000000000e+03
4.931514699982806893e-01,1.848000000000000000e+03
4.932087798727721184e-01,1.848000000000000000e+03
4.932660897472634920e-01,1.849000000000000000e+03
4.933233996217548656e-01,1.849000000000000000e+03
4.933807094962462392e-01,1.850000000000000000e+03
4.934380193707376128e-01,1.850000000000000000e+03
4.934953292452289864e-01,1.850000000000000000e+03
4.935526391197203600e-01,1.851000000000000000e+03
4.936099489942117335e-01,1.851000000000000000e+03
4.936672588687031071e-01,1.851000000000000000e+03
4.937245687431944807e-01,1.851000000000000000e+03
4.937818786176858543e-01,1.852000000000000000e+03
4.938391884921772279e-01,1.853000000000000000e+03
4.938964983666686015e-01,1.853000000000000000e+03
4.939538082411599751e-01,1.854000000000000000e+03
4.940111181156513487e-01,1.855000000000000000e+03
4.940684279901427223e-01,1.855000000000000000e+03
4.941257378646340959e-01,1.856000000000000000e+03
4.941830477391254695e-01,1.856000000000000000e+03
4.942403576136168430e-01,1.857000000000000000e+03
4.942976674881082166e-01,1.857000000000000000e+03
4.943549773625995902e-01,1.857000000000000000e+03
4.944122872370909638e-01,1.858000000000000000e+03
4.944695971115823374e-01,1.858000000000000000e+03
4.945269069860737110e-01,1.859000000000000000e+03
4.945842168605650846e-01,1.859000000000000000e+03
4.946415267350564582e-01,1.860000000000000000e+03
4.946988366095478318e-01,1.860000000000000000e+03
4.947561464840392054e-01,1.860000000000000000e+03
4.948134563585305790e-01,1.860000000000000000e+03
4.948707662330219526e-01,1.861000000000000000e+03
4.949280761075133261e-01,1.861000000000000000e+03
4.949853859820046997e-01,1.861000000000000000e+03
4.950426958564960733e-01,1.862000000000000000e+03
4.951000057309874469e-01,1.862000000000000000e+03
4.951573156054788205e-01,1.863000000000000000e+03
4.952146254799701941e-01,1.863000000000000000e+03
4.952719353544615677e-01,1.863000000000000000e+03
4.953292452289529413e-01,1.863000000000000000e+03
4.953865551034443149e-01,1.863000000000000000e+03
4.954438649779356885e-01,1.863000000000000000e+03
4.955011748524270621e-01,1.864000000000000000e+03
4.955584847269184356e-01,1.864000000000000000e+03
4.956157946014098092e-01,1.864000000000000000e+03
4.956731044759011828e-01,1.865000000000000000e+03
4.957304143503926119e-01,1.866000000000000000e+03
4.957877242248839855e-01,1.866000000000000000e+03
4.958450340993753591e-01,1.866000000000000000e+03
4.959023439738667327e-01,1.867000000000000000e+03
4.959596538483581063e-01,1.867000000000000000e+03
4.960169637228494799e-01,1.867000000000000000e+03
4.960742735973408535e-01,1.868000000000000000e+03
4.961315834718322271e-01,1.868000000000000000e+03
4.961888933463236007e-01,1.868000000000000000e+03
4.962462032208149743e-01,1.869000000000000000e+03
4.963035130953063478e-01,1.870000000000000000e+03
4.963608229697977214e-01,1.870000000000000000e+03
4.964181328442890950e-01,1.870000000000000000e+03
4.964754427187804686e-01,1.870000000000000000e+03
4.965327525932718422e-01,1.871000000000000000e+03
4.965900624677632158e-01,1.872000000000000000e+03
4.966473723422545894e-01,1.872000000000000000e+03
4.967046822167459630e-01,1.872000000000000000e+03
4.967619920912373366e-01,1.872000000000000000e+03
4.968193019657287102e-01,1.873000000000000000e+03
4.968766118402200838e-01,1.874000000000000000e+03
4.969339217147114574e-01,1.874000000000000000e+03
4.969912315892028309e-01,1.874000000000000000e+03
4.970485414636942045e-01,1.875000000000000000e+03
4.971058513381855781e-01,1.875000000000000000e+03
4.971631612126769517e-01,1.875000000000000000e+03
4.972204710871683253e-01,1.875000000000000000e+03
4.972777809616596989e-01,1.876000000000000000e+03
4.973350908361510725e-01,1.877000000000000000e+03
4.973924007106424461e-01,1.877000000000000000e+03
4.974497105851338197e-01,1.878000000000000000e+03
4.975070204596251933e-01,1.878000000000000000e+03
4.975643303341165669e-01,1.878000000000000000e+03
4.976216402086079404e-01,1.878000000000000000e+03
4.976789500830993140e-01,1.878000000000000000e+03
4.977362599575906876e-01,1.878000000000000000e+03
4.977935698320820612e-01,1.879000000000000000e+03
4.978508797065734348e-01,1.879000000000000000e+03
4.979081895810648084e-01,1.881000000000000000e+03
4.979654994555561820e-01,1.881000000000000000e+03
4.980228093300475556e-01,1.881000000000000000e+03
4.980801192045389292e-01,1.881000000000000000e+03
4.981374290790303028e-01,1.882000000000000000e+03
4.981947389535216764e-01,1.882000000000000000e+03
4.982520488280131055e-01,1.882000000000000000e+03
4.983093587025044791e-01,1.882000000000000000e+03
4.983666685769958526e-01,1.882000000000000000e+03
4.984239784514872262e-01,1.882000000000000000e+03
4.984812883259785998e-01,1.883000000000000000e+03
4.985385982004699734e-01,1.883000000000000000e+03
4.985959080749613470e-01,1.884000000000000000e+03
4.986532179494527206e-01,1.884000000000000000e+03
4.987105278239440942e-01,1.884000000000000000e+03
4.987678376984354678e-01,1.884000000000000000e+03
4.988251475729268414e-01,1.884000000000000000e+03
4.988824574474182150e-01,1.884000000000000000e+03
4.989397673219095886e-01,1.885000000000000000e+03
4.989970771964009622e-01,1.886000000000000000e+03
4.990543870708923357e-01,1.887000000000000000e+03
4.991116969453837093e-01,1.887000000000000000e+03
4.991690068198750829e-01,1.887000000000000000e+03
4.992263166943664565e-01,1.888000000000000000e+03
4.992836265688578301e-01,1.888000000000000000e+03
4.993409364433492037e-01,1.888000000000000000e+03
4.993982463178405773e-01,1.890000000000000000e+03
4.994555561923319509e-01,1.890000000000000000e+03
4.995128660668233245e-01,1.890000000000000000e+03
4.995701759413146981e-01,1.891000000000000000e+03
4.996274858158060717e-01,1.891000000000000000e+03
4.996847956902974452e-01,1.892000000000000000e+03
4.997421055647888188e-01,1.892000000000000000e+03
4.997994154392801924e-01,1.892000000000000000e+03
4.998567253137715660e-01,1.892000000000000000e+03
4.999140351882629396e-01,1.893000000000000000e+03
4.999713450627543132e-01,1.893000000000000000e+03
5.000286549372456868e-01,1.893000000000000000e+03
5.000859648117370604e-01,1.894000000000000000e+03
5.001432746862284340e-01,1.894000000000000000e+03
5.002005845607198076e-01,1.896000000000000000e+03
5.002578944352111812e-01,1.896000000000000000e+03
5.003152043097025548e-01,1.897000000000000000e+03
5.003725141841939283e-01,1.897000000000000000e+03
5.004298240586853019e-01,1.897000000000000000e+03
5.004871339331766755e-01,1.898000000000000000e+03
5.005444438076680491e-01,1.898000000000000000e+03
5.006017536821594227e-01,1.898000000000000000e+03
5.006590635566507963e-01,1.898000000000000000e+03
5.007163734311421699e-01,1.899000000000000000e+03
5.007736833056335435e-01,1.899000000000000000e+03
5.008309931801249171e-01,1.899000000000000000e+03
5.008883030546162907e-01,1.900000000000000000e+03
5.009456129291076643e-01,1.900000000000000000e+03
5.010029228035990378e-01,1.900000000000000000e+03
5.010602326780904114e-01,1.902000000000000000e+03
5.011175425525817850e-01,1.903000000000000000e+03
5.011748524270731586e-01,1.904000000000000000e+03
5.012321623015645322e-01,1.904000000000000000e+03
5.012894721760559058e-01,1.904000000000000000e+03
5.013467820505472794e-01,1.904000000000000000e+03
5.014040919250386530e-01,1.905000000000000000e+03
5.014614017995300266e-01,1.905000000000000000e+03
5.015187116740214002e-01,1.905000000000000000e+03
5.015760215485127738e-01,1.905000000000000000e+03
5.016333314230041474e-01,1.905000000000000000e+03
5.016906412974955209e-01,1.907000000000000000e+03
5.017479511719868945e-01,1.907000000000000000e+03
5.018052610464782681e-01,1.907000000000000000e+03
5.018625709209696417e-01,1.907000000000000000e+03
5.019198807954610153e-01,1.909000000000000000e+03
5.019771906699524999e-01,1.910000000000000000e+03
5.020345005444438735e-01,1.910000000000000000e+03
5.020918104189352471e-01,1.910000000000000000e+03
5.021491202934266207e-01,1.911000000000000000e+03
5.022064301679179943e-01,1.911000000000000000e+03
5.022637400424093679e-01,1.911000000000000000e+03
5.023210499169007415e-01,1.912000000000000000e+03
5.023783597913921151e-01,1.913000000000000000e+03
5.024356696658834887e-01,1.914000000000000000e+03
5.024929795403748622e-01,1.914000000000000000e+03
5.025502894148662358e-01,1.914000000000000000e+03
5.026075992893576094e-01,1.914000000000000000e+03
5.026649091638489830e-01,1.914000000000000000e+03
5.027222190383403566e-01,1.915000000000000000e+03
5.027795289128317302e-01,1.915000000000000000e+03
5.028368387873231038e-01,1.916000000000000000e+03
5.028941486618144774e-01,1.917000000000000000e+03
5.029514585363058510e-01,1.918000000000000000e+03
5.030087684107972246e-01,1.918000000000000000e+03
5.030660782852885982e-01,1.918000000000000000e+03
5.031233881597799718e-01,1.919000000000000000e+03
5.031806980342713453e-01,1.920000000000000000e+03
5.032380079087627189e-01,1.921000000000000000e+03
5.032953177832540925e-01,1.922000000000000000e+03
5.033526276577454661e-01,1.923000000000000000e+03
5.034099375322368397e-01,1.923000000000000000e+03
5.034672474067282133e-01,1.923000000000000000e+03
5.035245572812195869e-01,1.923000000000000000e+03
5.035818671557109605e-01,1.924000000000000000e+03
5.036391770302023341e-01,1.924000000000000000e+03
5.036964869046937077e-01,1.924000000000000000e+03
5.037537967791850813e-01,1.925000000000000000e+03
5.038111066536764548e-01,1.925000000000000000e+03
5.038684165281678284e-01,1.925000000000000000e+03
5.039257264026592020e-01,1.925000000000000000e+03
5.039830362771505756e-01,1.926000000000000000e+03
5.040403461516419492e-01,1.926000000000000000e+03
5.040976560261333228e-01,1.926000000000000000e+03
5.041549659006246964e-01,1.926000000000000000e+03
5.042122757751160700e-01,1.926000000000000000e+03
5.042695856496074436e-01,1.926000000000000000e+03
5.043268955240988172e-01,1.927000000000000000e+03
5.043842053985901908e-01,1.927000000000000000e+03
5.044415152730815644e-01,1.928000000000000000e+03
5.044988251475729379e-01,1.928000000000000000e+03
5.045561350220643115e-01,1.928000000000000000e+03
5.046134448965556851e-01,1.929000000000000000e+03
5.046707547710470587e-01,1.931000000000000000e+03
5.047280646455384323e-01,1.932000000000000000e+03
5.047853745200298059e-01,1.932000000000000000e+03
5.048426843945211795e-01,1.933000000000000000e+03
5.048999942690125531e-01,1.934000000000000000e+03
5.049573041435039267e-01,1.934000000000000000e+03
5.050146140179953003e-01,1.935000000000000000e+03
5.050719238924866739e-01,1.936000000000000000e+03
5.051292337669780474e-01,1.936000000000000000e+03
5.051865436414694210e-01,1.936000000000000000e+03
5.052438535159607946e-01,1.936000000000000000e+03
5.053011633904521682e-01,1.936000000000000000e+03
5.053584732649435418e-01,1.936000000000000000e+03
5.054157831394349154e-01,1.939000000000000000e+03
5.054730930139262890e-01,1.939000000000000000e+03
5.055304028884176626e-01,1.939000000000000000e+03
5.055877127629090362e-01,1.939000000000000000e+03
5.056450226374004098e-01,1.940000000000000000e+03
5.057023325118917834e-01,1.940000000000000000e+03
5.057596423863831570e-01,1.941000000000000000e+03
5.058169522608745305e-01,1.941000000000000000e+03
5.058742621353659041e-01,1.941000000000000000e+03
5.059315720098572777e-01,1.942000000000000000e+03
5.059888818843486513e-01,1.943000000000000000e+03
5.060461917588400249e-01,1.943000000000000000e+03
5.061035016333313985e-01,1.943000000000000000e+03
5.061608115078227721e-01,1.943000000000000000e+03
5.062181213823141457e-01,1.944000000000000000e+03
5.062754312568055193e-01,1.944000000000000000e+03
5.063327411312968929e-01,1.945000000000000000e+03
5.063900510057882665e-01,1.946000000000000000e+03
5.064473608802796400e-01,1.946000000000000000e+03
5.065046707547710136e-01,1.947000000000000000e+03
5.065619806292623872e-01,1.947000000000000000e+03
5.066192905037537608e-01,1.947000000000000000e+03
5.066766003782451344e-01,1.947000000000000000e+03
5.067339102527365080e-01,1.948000000000000000e+03
5.067912201272278816e-01,1.948000000000000000e+03
5.068485300017192552e-01,1.948000000000000000e+03
5.069058398762106288e-01,1.949000000000000000e+03
5.069631497507021134e-01,1.949000000000000000e+03
5.070204596251934870e-01,1.950000000000000000e+03
5.070777694996848606e-01,1.950000000000000000e+03
5.071350793741762342e-01,1.950000000000000000e+03
5.071923892486676078e-01,1.951000000000000000e+03
5.072496991231589814e-01,1.951000000000000000e+03
5.073070089976503549e-01,1.951000000000000000e+03
5.073643188721417285e-01,1.952000000000000000e+03
5.074216287466331021e-01,1.952000000000000000e+03
5.074789386211244757e-01,1.953000000000000000e+03
5.075362484956158493e-01,1.953000000000000000e+03
5.075935583701072229e-01,1.953000000000000000e+03
5.076508682445985965e-01,1.953000000000000000e+03
5.077081781190899701e-01,1.953000000000000000e+03
5.077654879935813437e-01,1.953000000000000000e+03
5.078227978680727173e-01,1.954000000000000000e+03
5.078801077425640909e-01,1.955000000000000000e+03
5.079374176170554644e-01,1.955000000000000000e+03
5.079947274915468380e-01,1.955000000000000000e+03
5.080520373660382116e-01,1.956000000000000000e+03
5.081093472405295852e-01,1.957000000000000000e+03
5.081666571150209588e-01,1.957000000000000000e+03
5.082239669895123324e-01,1.957000000000000000e+03
5.082812768640037060e-01,1.958000000000000000e+03
5.083385867384950796e-01,1.959000000000000000e+03
5.083958966129864532e-01,1.960000000000000000e+03
5.084532064874778268e-01,1.960000000000000000e+03
5.085105163619692004e-01,1.960000000000000000e+03
5.085678262364605740e-01,1.961000000000000000e+03
5.086251361109519475e-01,1.961000000000000000e+03
5.086824459854433211e-01,1.961000000000000000e+03
5.087397558599346947e-01,1.962000000000000000e+03
5.087970657344260683e-01,1.963000000000000000e+03
5.088543756089174419e-01,1.963000000000000000e+03
5.089116854834088155e-01,1.963000000000000000e+03
5.089689953579001891e-01,1.963000000000000000e+03
5.090263052323915627e-01,1.964000000000000000e+03
5.090836151068829363e-01,1.966000000000000000e+03
5.091409249813743099e-01,1.966000000000000000e+03
5.091982348558656835e-01,1.966000000000000000e+03
5.092555447303570570e-01,1.966000000000000000e+03
5.093128546048484306e-01,1.966000000000000000e+03
5.093701644793398042e-01,1.968000000000000000e+03
5.094274743538311778e-01,1.969000000000000000e+03
5.094847842283225514e-01,1.969000000000000000e+03
5.095420941028139250e-01,1.969000000000000000e+03
5.095994039773052986e-01,1.970000000000000000e+03
5.096567138517966722e-01,1.970000000000000000e+03
5.097140237262880458e-01,1.971000000000000000e+03
5.097713336007794194e-01,1.972000000000000000e+03
5.098286434752707930e-01,1.972000000000000000e+03
5.098859533497621666e-01,1.972000000000000000e+03
5.099432632242535401e-01,1.972000000000000000e+03
5.100005730987449137e-01,1.973000000000000000e+03
5.100578829732362873e-01,1.974000000000000000e+03
5.101151928477276609e-01,1.974000000000000000e+03
5.101725027222190345e-01,1.977000000000000000e+03
5.102298125967104081e-01,1.977000000000000000e+03
5.102871224712017817e-01,1.977000000000000000e+03
5.103444323456931553e-01,1.977000000000000000e+03
5.104017422201845289e-01,1.977000000000000000e+03
5.104590520946759025e-01,1.978000000000000000e+03
5.105163619691672761e-01,1.978000000000000000e+03
5.105736718436586496e-01,1.978000000000000000e+03
5.106309817181500232e-01,1.979000000000000000e+03
5.106882915926413968e-01,1.979000000000000000e+03
5.107456014671327704e-01,1.979000000000000000e+03
5.108029113416241440e-01,1.979000000000000000e+03
5.108602212161155176e-01,1.979000000000000000e+03
5.109175310906068912e-01,1.980000000000000000e+03
5.109748409650982648e-01,1.980000000000000000e+03
5.110321508395896384e-01,1.980000000000000000e+03
5.110894607140810120e-01,1.981000000000000000e+03
5.111467705885723856e-01,1.982000000000000000e+03
5.112040804630637592e-01,1.982000000000000000e+03
5.112613903375551327e-01,1.982000000000000000e+03
5.113187002120465063e-01,1.983000000000000000e+03
5.113760100865378799e-01,1.983000000000000000e+03
5.114333199610292535e-01,1.984000000000000000e+03
5.114906298355206271e-01,1.984000000000000000e+03
5.115479397100120007e-01,1.985000000000000000e+03
5.116052495845033743e-01,1.985000000000000000e+03
5.116625594589947479e-01,1.985000000000000000e+03
5.117198693334861215e-01,1.985000000000000000e+03
5.117771792079774951e-01,1.985000000000000000e+03
5.118344890824688687e-01,1.985000000000000000e+03
5.118917989569602423e-01,1.986000000000000000e+03
5.119491088314517269e-01,1.986000000000000000e+03
5.120064187059431005e-01,1.986000000000000000e+03
5.120637285804344740e-01,1.987000000000000000e+03
5.121210384549258476e-01,1.987000000000000000e+03
5.121783483294172212e-01,1.987000000000000000e+03
5.122356582039085948e-01,1.987000000000000000e+03
5.122929680783999684e-01,1.987000000000000000e+03
5.123502779528913420e-01,1.987000000000000000e+03
5.124075878273827156e-01,1.988000000000000000e+03
5.124648977018740892e-01,1.988000000000000000e+03
5.125222075763654628e-01,1.988000000000000000e+03
5.125795174508568364e-01,1.988000000000000000e+03
5.126368273253482100e-01,1.989000000000000000e+03
5.126941371998395836e-01,1.989000000000000000e+03
5.127514470743309571e-01,1.989000000000000000e+03
5.128087569488223307e-01,1.990000000000000000e+03
5.128660668233137043e-01,1.990000000000000000e+03
5.129233766978050779e-01,1.991000000000000000e+03
5.129806865722964515e-01,1.991000000000000000e+03
5.130379964467878251e-01,1.992000000000000000e+03
5.130953063212791987e-01,1.992000000000000000e+03
5.131526161957705723e-01,1.992000000000000000e+03
5.132099260702619459e-01,1.993000000000000000e+03
5.132672359447533195e-01,1.993000000000000000e+03
5.133245458192446931e-01,1.994000000000000000e+03
5.133818556937360666e-01,1.995000000000000000e+03
5.134391655682274402e-01,1.996000000000000000e+03
5.134964754427188138e-01,1.997000000000000000e+03
5.135537853172101874e-01,1.998000000000000000e+03
5.136110951917015610e-01,1.998000000000000000e+03
5.136684050661929346e-01,2.000000000000000000e+03
5.137257149406843082e-01,2.000000000000000000e+03
5.137830248151756818e-01,2.000000000000000000e+03
5.138403346896670554e-01,2.001000000000000000e+03
5.138976445641584290e-01,2.002000000000000000e+03
5.139549544386498026e-01,2.002000000000000000e+03
5.140122643131411762e-01,2.002000000000000000e+03
5.140695741876325497e-01,2.002000000000000000e+03
5.141268840621239233e-01,2.002000000000000000e+03
5.141841939366152969e-01,2.002000000000000000e+03
5.142415038111066705e-01,2.003000000000000000e+03
5.142988136855980441e-01,2.003000000000000000e+03
5.143561235600894177e-01,2.003000000000000000e+03
5.144134334345807913e-01,2.004000000000000000e+03
5.144707433090721649e-01,2.004000000000000000e+03
5.145280531835635385e-01,2.005000000000000000e+03
5.145853630580549121e-01,2.005000000000000000e+03
5.146426729325462857e-01,2.006000000000000000e+03
5.146999828070376592e-01,2.009000000000000000e+03
5.147572926815290328e-01,2.009000000000000000e+03
5.148146025560204064e-01,2.009000000000000000e+03
5.148719124305117800e-01,2.010000000000000000e+03
5.149292223050031536e-01,2.010000000000000000e+03
5.149865321794945272e-01,2.010000000000000000e+03
5.150438420539859008e-01,2.010000000000000000e+03
5.151011519284772744e-01,2.011000000000000000e+03
5.151584618029686480e-01,2.012000000000000000e+03
5.152157716774600216e-01,2.013000000000000000e+03
5.152730815519513952e-01,2.014000000000000000e+03
5.153303914264427688e-01,2.014000000000000000e+03
5.153877013009341423e-01,2.014000000000000000e+03
5.154450111754255159e-01,2.015000000000000000e+03
5.155023210499168895e-01,2.016000000000000000e+03
5.155596309244082631e-01,2.016000000000000000e+03
5.156169407988996367e-01,2.016000000000000000e+03
5.156742506733910103e-01,2.016000000000000000e+03
5.157315605478823839e-01,2.016000000000000000e+03
5.157888704223737575e-01,2.017000000000000000e+03
5.158461802968651311e-01,2.017000000000000000e+03
5.159034901713565047e-01,2.017000000000000000e+03
5.159608000458478783e-01,2.018000000000000000e+03
5.160181099203392519e-01,2.018000000000000000e+03
5.160754197948306254e-01,2.018000000000000000e+03
5.161327296693219990e-01,2.018000000000000000e+03
5.161900395438133726e-01,2.019000000000000000e+03
5.162473494183047462e-01,2.019000000000000000e+03
5.163046592927961198e-01,2.020000000000000000e+03
5.163619691672874934e-01,2.020000000000000000e+03
5.164192790417788670e-01,2.021000000000000000e+03
5.164765889162702406e-01,2.021000000000000000e+03
5.165338987907616142e-01,2.021000000000000000e+03
5.165912086652529878e-01,2.021000000000000000e+03
5.166485185397443614e-01,2.021000000000000000e+03
5.167058284142357349e-01,2.022000000000000000e+03
5.167631382887271085e-01,2.022000000000000000e+03
5.168204481632184821e-01,2.023000000000000000e+03
5.168777580377098557e-01,2.024000000000000000e+03
5.169350679122013403e-01,2.024000000000000000e+03
5.169923777866927139e-01,2.024000000000000000e+03
5.170496876611840875e-01,2.024000000000000000e+03
5.171069975356754611e-01,2.025000000000000000e+03
5.171643074101668347e-01,2.025000000000000000e+03
5.172216172846582083e-01,2.025000000000000000e+03
5.172789271591495819e-01,2.026000000000000000e+03
5.173362370336409555e-01,2.026000000000000000e+03
5.173935469081323291e-01,2.026000000000000000e+03
5.174508567826237027e-01,2.026000000000000000e+03
5.175081666571150762e-01,2.027000000000000000e+03
5.175654765316064498e-01,2.028000000000000000e+03
5.176227864060978234e-01,2.028000000000000000e+03
5.176800962805891970e-01,2.029000000000000000e+03
5.177374061550805706e-01,2.029000000000000000e+03
5.177947160295719442e-01,2.029000000000000000e+03
5.178520259040633178e-01,2.029000000000000000e+03
5.179093357785546914e-01,2.030000000000000000e+03
5.179666456530460650e-01,2.031000000000000000e+03
5.180239555275374386e-01,2.032000000000000000e+03
5.180812654020288122e-01,2.033000000000000000e+03
5.181385752765201858e-01,2.033000000000000000e+03
5.181958851510115593e-01,2.034000000000000000e+03
5.182531950255029329e-01,2.034000000000000000e+03
5.183105048999943065e-01,2.034000000000000000e+03
5.183678147744856801e-01,2.034000000000000000e+03
5.184251246489770537e-01,2.034000000000000000e+03
5.184824345234684273e-01,2.036000000000000000e+03
5.185397443979598009e-01,2.036000000000000000e+03
5.185970542724511745e-01,2.036000000000000000e+03
5.186543641469425481e-01,2.036000000000000000e+03
5.187116740214339217e-01,2.037000000000000000e+03
5.187689838959252953e-01,2.037000000000000000e+03
5.188262937704166688e-01,2.037000000000000000e+03
5.188836036449080424e-01,2.038000000000000000e+03
5.189409135193994160e-01,2.038000000000000000e+03
5.189982233938907896e-01,2.038000000000000000e+03
5.190555332683821632e-01,2.038000000000000000e+03
5.191128431428735368e-01,2.038000000000000000e+03
5.191701530173649104e-01,2.038000000000000000e+03
5.192274628918562840e-01,2.039000000000000000e+03
5.192847727663476576e-01,2.039000000000000000e+03
5.193420826408390312e-01,2.039000000000000000e+03
5.193993925153304048e-01,2.039000000000000000e+03
5.194567023898217784e-01,2.040000000000000000e+03
5.195140122643131519e-01,2.041000000000000000e+03
5.195713221388045255e-01,2.041000000000000000e+03
5.196286320132958991e-01,2.042000000000000000e+03
5.196859418877872727e-01,2.042000000000000000e+03
5.197432517622786463e-01,2.042000000000000000e+03
5.198005616367700199e-01,2.043000000000000000e+03
5.198578715112613935e-01,2.044000000000000000e+03
5.199151813857527671e-01,2.044000000000000000e+03
5.199724912602441407e-01,2.044000000000000000e+03
5.200298011347355143e-01,2.044000000000000000e+03
5.200871110092268879e-01,2.044000000000000000e+03
5.201444208837182615e-01,2.046000000000000000e+03
5.202017307582096350e-01,2.046000000000000000e+03
5.202590406327010086e-01,2.047000000000000000e+03
5.203163505071923822e-01,2.047000000000000000e+03
5.203736603816837558e-01,2.048000000000000000e+03
5.204309702561751294e-01,2.049000000000000000e+03
5.204882801306665030e-01,2.049000000000000000e+03
5.205455900051578766e-01,2.050000000000000000e+03
5.206028998796492502e-01,2.050000000000000000e+03
5.206602097541406238e-01,2.050000000000000000e+03
5.207175196286319974e-01,2.051000000000000000e+03
5.207748295031233710e-01,2.051000000000000000e+03
5.208321393776147445e-01,2.051000000000000000e+03
5.208894492521061181e-01,2.051000000000000000e+03
5.209467591265974917e-01,2.051000000000000000e+03
5.210040690010888653e-01,2.051000000000000000e+03
5.210613788755802389e-01,2.053000000000000000e+03
5.211186887500716125e-01,2.053000000000000000e+03
5.211759986245629861e-01,2.053000000000000000e+03
5.212333084990543597e-01,2.054000000000000000e+03
5.212906183735457333e-01,2.054000000000000000e+03
5.213479282480371069e-01,2.055000000000000000e+03
5.214052381225284805e-01,2.055000000000000000e+03
5.214625479970198541e-01,2.055000000000000000e+03
5.215198578715112276e-01,2.056000000000000000e+03
5.215771677460026012e-01,2.056000000000000000e+03
5.216344776204939748e-01,2.057000000000000000e+03
5.216917874949853484e-01,2.057000000000000000e+03
5.217490973694767220e-01,2.058000000000000000e+03
5.218064072439680956e-01,2.058000000000000000e+03
5.218637171184594692e-01,2.059000000000000000e+03
5.219210269929508428e-01,2.059000000000000000e+03
5.219783368674423274e-01,2.060000000000000000e+03
5.220356467419337010e-01,2.060000000000000000e+03
5.220929566164250746e-01,2.060000000000000000e+03
5.221502664909164482e-01,2.061000000000000000e+03
5.222075763654078218e-01,2.061000000000000000e+03
5.222648862398991954e-01,2.062000000000000000e+03
5.223221961143905689e-01,2.063000000000000000e+03
5.223795059888819425e-01,2.063000000000000000e+03
5.224368158633733161e-01,2.063000000000000000e+03
5.224941257378646897e-01,2.064000000000000000e+03
5.225514356123560633e-01,2.064000000000000000e+03
5.226087454868474369e-01,2.065000000000000000e+03
5.226660553613388105e-01,2.065000000000000000e+03
5.227233652358301841e-01,2.066000000000000000e+03
5.227806751103215577e-01,2.066000000000000000e+03
5.228379849848129313e-01,2.067000000000000000e+03
5.228952948593043049e-01,2.067000000000000000e+03
5.229526047337956784e-01,2.067000000000000000e+03
5.230099146082870520e-01,2.067000000000000000e+03
5.230672244827784256e-01,2.067000000000000000e+03
5.231245343572697992e-01,2.068000000000000000e+03
5.231818442317611728e-01,2.069000000000000000e+03
5.232391541062525464e-01,2.069000000000000000e+03
5.232964639807439200e-01,2.070000000000000000e+03
5.233537738552352936e-01,2.070000000000000000e+03
5.234110837297266672e-01,2.071000000000000000e+03
5.234683936042180408e-01,2.071000000000000000e+03
5.235257034787094144e-01,2.071000000000000000e+03
5.235830133532007880e-01,2.073000000000000000e+03
5.236403232276921615e-01,2.073000000000000000e+03
5.236976331021835351e-01,2.073000000000000000e+03
5.237549429766749087e-01,2.074000000000000000e+03
5.238122528511662823e-01,2.074000000000000000e+03
5.238695627256576559e-01,2.075000000000000000e+03
5.239268726001490295e-01,2.075000000000000000e+03
5.239841824746404031e-01,2.075000000000000000e+03
5.240414923491317767e-01,2.076000000000000000e+03
5.240988022236231503e-01,2.076000000000000000e+03
5.241561120981145239e-01,2.076000000000000000e+03
5.242134219726058975e-01,2.076000000000000000e+03
5.242707318470972711e-01,2.077000000000000000e+03
5.243280417215886446e-01,2.077000000000000000e+03
5.243853515960800182e-01,2.078000000000000000e+03
5.244426614705713918e-01,2.078000000000000000e+03
5.244999713450627654e-01,2.079000000000000000e+03
5.245572812195541390e-01,2.079000000000000000e+03
5.246145910940455126e-01,2.079000000000000000e+03
5.246719009685368862e-01,2.080000000000000000e+03
5.247292108430282598e-01,2.080000000000000000e+03
5.247865207175196334e-01,2.080000000000000000e+03
5.248438305920110070e-01,2.080000000000000000e+03
5.249011404665023806e-01,2.081000000000000000e+03
5.249584503409937541e-01,2.081000000000000000e+03
5.250157602154851277e-01,2.081000000000000000e+03
5.250730700899765013e-01,2.082000000000000000e+03
5.251303799644678749e-01,2.082000000000000000e+03
5.251876898389592485e-01,2.083000000000000000e+03
5.252449997134506221e-01,2.083000000000000000e+03
5.253023095879419957e-01,2.084000000000000000e+03
5.253596194624333693e-01,2.085000000000000000e+03
5.254169293369247429e-01,2.086000000000000000e+03
5.254742392114161165e-01,2.086000000000000000e+03
5.255315490859074901e-01,2.086000000000000000e+03
5.255888589603988637e-01,2.087000000000000000e+03
5.256461688348902372e-01,2.087000000000000000e+03
5.257034787093816108e-01,2.088000000000000000e+03
5.257607885838729844e-01,2.088000000000000000e+03
5.258180984583643580e-01,2.088000000000000000e+03
5.258754083328557316e-01,2.088000000000000000e+03
5.259327182073471052e-01,2.088000000000000000e+03
5.259900280818384788e-01,2.088000000000000000e+03
5.260473379563298524e-01,2.089000000000000000e+03
5.261046478308212260e-01,2.089000000000000000e+03
5.261619577053125996e-01,2.089000000000000000e+03
5.262192675798039732e-01,2.090000000000000000e+03
5.262765774542953467e-01,2.091000000000000000e+03
5.263338873287867203e-01,2.093000000000000000e+03
5.263911972032780939e-01,2.093000000000000000e+03
5.264485070777694675e-01,2.093000000000000000e+03
5.265058169522608411e-01,2.093000000000000000e+03
5.265631268267522147e-01,2.093000000000000000e+03
5.266204367012435883e-01,2.093000000000000000e+03
5.266777465757349619e-01,2.094000000000000000e+03
5.267350564502263355e-01,2.095000000000000000e+03
5.267923663247177091e-01,2.095000000000000000e+03
5.268496761992090827e-01,2.096000000000000000e+03
5.269069860737004563e-01,2.096000000000000000e+03
5.269642959481919409e-01,2.097000000000000000e+03
5.270216058226833145e-01,2.097000000000000000e+03
5.270789156971746880e-01,2.098000000000000000e+03
5.271362255716660616e-01,2.099000000000000000e+03
5.271935354461574352e-01,2.099000000000000000e+03
5.272508453206488088e-01,2.100000000000000000e+03
5.273081551951401824e-01,2.100000000000000000e+03
5.273654650696315560e-01,2.101000000000000000e+03
5.274227749441229296e-01,2.101000000000000000e+03
5.274800848186143032e-01,2.102000000000000000e+03
5.275373946931056768e-01,2.103000000000000000e+03
5.275947045675970504e-01,2.103000000000000000e+03
5.276520144420884240e-01,2.103000000000000000e+03
5.277093243165797976e-01,2.103000000000000000e+03
5.277666341910711711e-01,2.103000000000000000e+03
5.278239440655625447e-01,2.104000000000000000e+03
5.278812539400539183e-01,2.104000000000000000e+03
5.279385638145452919e-01,2.104000000000000000e+03
5.279958736890366655e-01,2.104000000000000000e+03
5.280531835635280391e-01,2.104000000000000000e+03
5.281104934380194127e-01,2.104000000000000000e+03
5.281678033125107863e-01,2.104000000000000000e+03
5.282251131870021599e-01,2.105000000000000000e+03
5.282824230614935335e-01,2.105000000000000000e+03
5.283397329359849071e-01,2.105000000000000000e+03
5.283970428104762806e-01,2.105000000000000000e+03
5.284543526849676542e-01,2.105000000000000000e+03
5.285116625594590278e-01,2.106000000000000000e+03
5.285689724339504014e-01,2.106000000000000000e+03
5.286262823084417750e-01,2.106000000000000000e+03
5.286835921829331486e-01,2.107000000000000000e+03
5.287409020574245222e-01,2.107000000000000000e+03
5.287982119319158958e-01,2.107000000000000000e+03
5.288555218064072694e-01,2.107000000000000000e+03
5.289128316808986430e-01,2.107000000000000000e+03
5.289701415553900166e-01,2.107000000000000000e+03
5.290274514298813902e-01,2.107000000000000000e+03
5.290847613043727637e-01,2.109000000000000000e+03
5.291420711788641373e-01,2.109000000000000000e+03
5.291993810533555109e-01,2.110000000000000000e+03
5.292566909278468845e-01,2.110000000000000000e+03
5.293140008023382581e-01,2.110000000000000000e+03
5.293713106768296317e-01,2.110000000000000000e+03
5.294286205513210053e-01,2.111000000000000000e+03
5.294859304258123789e-01,2.111000000000000000e+03
5.295432403003037525e-01,2.111000000000000000e+03
5.296005501747951261e-01,2.112000000000000000e+03
5.296578600492864997e-01,2.112000000000000000e+03
5.297151699237778733e-01,2.112000000000000000e+03
5.297724797982692468e-01,2.113000000000000000e+03
5.298297896727606204e-01,2.113000000000000000e+03
5.298870995472519940e-01,2.113000000000000000e+03
5.299444094217433676e-01,2.113000000000000000e+03
5.300017192962347412e-01,2.114000000000000000e+03
5.300590291707261148e-01,2.114000000000000000e+03
5.301163390452174884e-01,2.114000000000000000e+03
5.301736489197088620e-01,2.114000000000000000e+03
5.302309587942002356e-01,2.115000000000000000e+03
5.302882686686916092e-01,2.115000000000000000e+03
5.303455785431829828e-01,2.116000000000000000e+03
5.304028884176743563e-01,2.116000000000000000e+03
5.304601982921657299e-01,2.116000000000000000e+03
5.305175081666571035e-01,2.116000000000000000e+03
5.305748180411484771e-01,2.116000000000000000e+03
5.306321279156398507e-01,2.117000000000000000e+03
5.306894377901312243e-01,2.117000000000000000e+03
5.307467476646225979e-01,2.117000000000000000e+03
5.308040575391139715e-01,2.117000000000000000e+03
5.308613674136053451e-01,2.118000000000000000e+03
5.309186772880967187e-01,2.118000000000000000e+03
5.309759871625880923e-01,2.118000000000000000e+03
5.310332970370794659e-01,2.118000000000000000e+03
5.310906069115708394e-01,2.118000000000000000e+03
5.311479167860622130e-01,2.118000000000000000e+03
5.312052266605535866e-01,2.119000000000000000e+03
5.312625365350449602e-01,2.119000000000000000e+03
5.313198464095363338e-01,2.120000000000000000e+03
5.313771562840277074e-01,2.120000000000000000e+03
5.314344661585190810e-01,2.121000000000000000e+03
5.314917760330104546e-01,2.121000000000000000e+03
5.315490859075018282e-01,2.121000000000000000e+03
5.316063957819932018e-01,2.124000000000000000e+03
5.316637056564845754e-01,2.124000000000000000e+03
5.317210155309759489e-01,2.124000000000000000e+03
5.317783254054673225e-01,2.125000000000000000e+03
5.318356352799586961e-01,2.125000000000000000e+03
5.318929451544500697e-01,2.125000000000000000e+03
5.319502550289415543e-01,2.125000000000000000e+03
5.320075649034329279e-01,2.125000000000000000e+03
5.320648747779243015e-01,2.125000000000000000e+03
5.321221846524156751e-01,2.126000000000000000e+03
5.321794945269070487e-01,2.126000000000000000e+03
5.322368044013984223e-01,2.126000000000000000e+03
5.322941142758897959e-01,2.126000000000000000e+03
5.323514241503811695e-01,2.127000000000000000e+03
5.324087340248725431e-01,2.127000000000000000e+03
5.324660438993639167e-01,2.127000000000000000e+03
5.325233537738552902e-01,2.127000000000000000e+03
5.325806636483466638e-01,2.128000000000000000e+03
5.326379735228380374e-01,2.129000000000000000e+03
5.326952833973294110e-01,2.129000000000000000e+03
5.327525932718207846e-01,2.129000000000000000e+03
5.328099031463121582e-01,2.129000000000000000e+03
5.328672130208035318e-01,2.130000000000000000e+03
5.329245228952949054e-01,2.131000000000000000e+03
5.329818327697862790e-01,2.131000000000000000e+03
5.330391426442776526e-01,2.132000000000000000e+03
5.330964525187690262e-01,2.133000000000000000e+03
5.331537623932603998e-01,2.133000000000000000e+03
5.332110722677517733e-01,2.133000000000000000e+03
5.332683821422431469e-01,2.133000000000000000e+03
5.333256920167345205e-01,2.134000000000000000e+03
5.333830018912258941e-01,2.134000000000000000e+03
5.334403117657172677e-01,2.135000000000000000e+03
5.334976216402086413e-01,2.136000000000000000e+03
5.335549315147000149e-01,2.136000000000000000e+03
5.336122413891913885e-01,2.136000000000000000e+03
5.336695512636827621e-01,2.136000000000000000e+03
5.337268611381741357e-01,2.136000000000000000e+03
5.337841710126655093e-01,2.136000000000000000e+03
5.338414808871568829e-01,2.137000000000000000e+03
5.338987907616482564e-01,2.140000000000000000e+03
5.339561006361396300e-01,2.141000000000000000e+03
5.340134105106310036e-01,2.141000000000000000e+03
5.340707203851223772e-01,2.141000000000000000e+03
5.341280302596137508e-01,2.141000000000000000e+03
5.341853401341051244e-01,2.141000000000000000e+03
5.342426500085964980e-01,2.142000000000000000e+03
5.342999598830878716e-01,2.142000000000000000e+03
5.343572697575792452e-01,2.142000000000000000e+03
5.344145796320706188e-01,2.142000000000000000e+03
5.344718895065619924e-01,2.143000000000000000e+03
5.345291993810533659e-01,2.143000000000000000e+03
5.345865092555447395e-01,2.143000000000000000e+03
5.346438191300361131e-01,2.144000000000000000e+03
5.347011290045274867e-01,2.145000000000000000e+03
5.347584388790188603e-01,2.145000000000000000e+03
5.348157487535102339e-01,2.145000000000000000e+03
5.348730586280016075e-01,2.145000000000000000e+03
5.349303685024929811e-01,2.145000000000000000e+03
5.349876783769843547e-01,2.145000000000000000e+03
5.350449882514757283e-01,2.145000000000000000e+03
5.351022981259671019e-01,2.146000000000000000e+03
5.351596080004584755e-01,2.146000000000000000e+03
5.352169178749498490e-01,2.146000000000000000e+03
5.352742277494412226e-01,2.147000000000000000e+03
5.353315376239325962e-01,2.147000000000000000e+03
5.353888474984239698e-01,2.147000000000000000e+03
5.354461573729153434e-01,2.148000000000000000e+03
5.355034672474067170e-01,2.148000000000000000e+03
5.355607771218980906e-01,2.148000000000000000e+03
5.356180869963894642e-01,2.149000000000000000e+03
5.356753968708808378e-01,2.149000000000000000e+03
5.357327067453722114e-01,2.149000000000000000e+03
5.357900166198635850e-01,2.149000000000000000e+03
5.358473264943549585e-01,2.150000000000000000e+03
5.359046363688463321e-01,2.151000000000000000e+03
5.359619462433377057e-01,2.151000000000000000e+03
5.360192561178290793e-01,2.151000000000000000e+03
5.360765659923204529e-01,2.151000000000000000e+03
5.361338758668118265e-01,2.151000000000000000e+03
5.361911857413032001e-01,2.152000000000000000e+03
5.362484956157945737e-01,2.152000000000000000e+03
5.363058054902859473e-01,2.152000000000000000e+03
5.363631153647773209e-01,2.152000000000000000e+03
5.364204252392686945e-01,2.153000000000000000e+03
5.364777351137600681e-01,2.153000000000000000e+03
5.365350449882514416e-01,2.153000000000000000e+03
5.365923548627428152e-01,2.155000000000000000e+03
5.366496647372341888e-01,2.155000000000000000e+03
5.367069746117255624e-01,2.157000000000000000e+03
5.367642844862169360e-01,2.158000000000000000e+03
5.368215943607083096e-01,2.159000000000000000e+03
5.368789042351996832e-01,2.159000000000000000e+03
5.369362141096911678e-01,2.159000000000000000e+03
5.369935239841825414e-01,2.159000000000000000e+03
5.370508338586739150e-01,2.159000000000000000e+03
5.371081437331652886e-01,2.160000000000000000e+03
5.371654536076566622e-01,2.160000000000000000e+03
5.372227634821480358e-01,2.160000000000000000e+03
5.372800733566394094e-01,2.161000000000000000e+03
5.373373832311307829e-01,2.161000000000000000e+03
5.373946931056221565e-01,2.162000000000000000e+03
5.374520029801135301e-01,2.162000000000000000e+03
5.375093128546049037e-01,2.162000000000000000e+03
5.375666227290962773e-01,2.163000000000000000e+03
5.376239326035876509e-01,2.163000000000000000e+03
5.376812424780790245e-01,2.164000000000000000e+03
5.377385523525703981e-01,2.164000000000000000e+03
5.377958622270617717e-01,2.164000000000000000e+03
5.378531721015531453e-01,2.165000000000000000e+03
5.379104819760445189e-01,2.165000000000000000e+03
5.379677918505358925e-01,2.166000000000000000e+03
5.380251017250272660e-01,2.166000000000000000e+03
5.380824115995186396e-01,2.166000000000000000e+03
5.381397214740100132e-01,2.166000000000000000e+03
5.381970313485013868e-01,2.167000000000000000e+03
5.382543412229927604e-01,2.168000000000000000e+03
5.383116510974841340e-01,2.168000000000000000e+03
5.383689609719755076e-01,2.168000000000000000e+03
5.384262708464668812e-01,2.168000000000000000e+03
5.384835807209582548e-01,2.169000000000000000e+03
5.385408905954496284e-01,2.170000000000000000e+03
5.385982004699410020e-01,2.170000000000000000e+03
5.386555103444323755e-01,2.170000000000000000e+03
5.387128202189237491e-01,2.170000000000000000e+03
5.387701300934151227e-01,2.172000000000000000e+03
5.388274399679064963e-01,2.172000000000000000e+03
5.388847498423978699e-01,2.172000000000000000e+03
5.389420597168892435e-01,2.173000000000000000e+03
5.389993695913806171e-01,2.174000000000000000e+03
5.390566794658719907e-01,2.174000000000000000e+03
5.391139893403633643e-01,2.174000000000000000e+03
5.391712992148547379e-01,2.174000000000000000e+03
5.392286090893461115e-01,2.174000000000000000e+03
5.392859189638374851e-01,2.175000000000000000e+03
5.393432288383288586e-01,2.175000000000000000e+03
5.394005387128202322e-01,2.175000000000000000e+03
5.394578485873116058e-01,2.176000000000000000e+03
5.395151584618029794e-01,2.176000000000000000e+03
5.395724683362943530e-01,2.176000000000000000e+03
5.396297782107857266e-01,2.177000000000000000e+03
5.396870880852771002e-01,2.177000000000000000e+03
5.397443979597684738e-01,2.177000000000000000e+03
5.398017078342598474e-01,2.177000000000000000e+03
5.398590177087512210e-01,2.178000000000000000e+03
5.399163275832425946e-01,2.178000000000000000e+03
5.399736374577339681e-01,2.179000000000000000e+03
5.400309473322253417e-01,2.179000000000000000e+03
5.400882572067167153e-01,2.179000000000000000e+03
5.401455670812080889e-01,2.179000000000000000e+03
5.402028769556994625e-01,2.180000000000000000e+03
5.402601868301908361e-01,2.180000000000000000e+03
5.403174967046822097e-01,2.183000000000000000e+03
5.403748065791735833e-01,2.184000000000000000e+03
5.404321164536649569e-01,2.185000000000000000e+03
5.404894263281563305e-01,2.186000000000000000e+03
5.405467362026477041e-01,2.187000000000000000e+03
5.406040460771390777e-01,2.188000000000000000e+03
5.406613559516304512e-01,2.188000000000000000e+03
5.407186658261218248e-01,2.189000000000000000e+03
5.407759757006131984e-01,2.189000000000000000e+03
5.408332855751045720e-01,2.189000000000000000e+03
5.408905954495959456e-01,2.189000000000000000e+03
5.409479053240873192e-01,2.190000000000000000e+03
5.410052151985786928e-01,2.192000000000000000e+03
5.410625250730700664e-01,2.192000000000000000e+03
5.411198349475614400e-01,2.192000000000000000e+03
5.411771448220528136e-01,2.193000000000000000e+03
5.412344546965441872e-01,2.193000000000000000e+03
5.412917645710355607e-01,2.193000000000000000e+03
5.413490744455269343e-01,2.193000000000000000e+03
5.414063843200183079e-01,2.193000000000000000e+03
5.414636941945096815e-01,2.195000000000000000e+03
5.415210040690010551e-01,2.195000000000000000e+03
5.415783139434924287e-01,2.195000000000000000e+03
5.416356238179838023e-01,2.195000000000000000e+03
5.416929336924751759e-01,2.197000000000000000e+03
5.417502435669665495e-01,2.197000000000000000e+03
5.418075534414579231e-01,2.197000000000000000e+03
5.418648633159492967e-01,2.198000000000000000e+03
5.419221731904407813e-01,2.198000000000000000e+03
5.419794830649321549e-01,2.198000000000000000e+03
5.420367929394235285e-01,2.198000000000000000e+03
5.420941028139149021e-01,2.198000000000000000e+03
5.421514126884062756e-01,2.199000000000000000e+03
5.422087225628976492e-01,2.199000000000000000e+03
5.422660324373890228e-01,2.200000000000000000e+03
5.423233423118803964e-01,2.200000000000000000e+03
5.423806521863717700e-01,2.202000000000000000e+03
5.424379620608631436e-01,2.202000000000000000e+03
5.424952719353545172e-01,2.202000000000000000e+03
5.425525818098458908e-01,2.203000000000000000e+03
5.426098916843372644e-01,2.203000000000000000e+03
5.426672015588286380e-01,2.204000000000000000e+03
5.427245114333200116e-01,2.204000000000000000e+03
5.427818213078113851e-01,2.204000000000000000e+03
5.428391311823027587e-01,2.205000000000000000e+03
5.428964410567941323e-01,2.205000000000000000e+03
5.429537509312855059e-01,2.206000000000000000e+03
5.430110608057768795e-01,2.206000000000000000e+03
5.430683706802682531e-01,2.207000000000000000e+03
5.431256805547596267e-01,2.207000000000000000e+03
5.431829904292510003e-01,2.207000000000000000e+03
5.432403003037423739e-01,2.208000000000000000e+03
5.432976101782337475e-01,2.208000000000000000e+03
5.433549200527251211e-01,2.209000000000000000e+03
5.434122299272164947e-01,2.209000000000000000e+03
5.434695398017078682e-01,2.210000000000000000e+03
5.435268496761992418e-01,2.210000000000000000e+03
5.435841595506906154e-01,2.210000000000000000e+03
5.436414694251819890e-01,2.210000000000000000e+03
5.436987792996733626e-01,2.211000000000000000e+03
5.437560891741647362e-01,2.211000000000000000e+03
5.438133990486561098e-01,2.211000000000000000e+03
5.438707089231474834e-01,2.211000000000000000e+03
5.439280187976388570e-01,2.212000000000000000e+03
5.439853286721302306e-01,2.212000000000000000e+03
5.440426385466216042e-01,2.212000000000000000e+03
5.440999484211129777e-01,2.214000000000000000e+03
5.441572582956043513e-01,2.214000000000000000e+03
5.442145681700957249e-01,2.214000000000000000e+03
5.442718780445870985e-01,2.214000000000000000e+03
5.443291879190784721e-01,2.214000000000000000e+03
5.443864977935698457e-01,2.215000000000000000e+03
5.444438076680612193e-01,2.215000000000000000e+03
5.445011175425525929e-01,2.215000000000000000e+03
5.445584274170439665e-01,2.215000000000000000e+03
5.446157372915353401e-01,2.215000000000000000e+03
5.446730471660267137e-01,2.216000000000000000e+03
5.447303570405180873e-01,2.216000000000000000e+03
5.447876669150094608e-01,2.216000000000000000e+03
5.448449767895008344e-01,2.216000000000000000e+03
5.449022866639922080e-01,2.217000000000000000e+03
5.449595965384835816e-01,2.217000000000000000e+03
5.450169064129749552e-01,2.217000000000000000e+03
5.450742162874663288e-01,2.218000000000000000e+03
5.451315261619577024e-01,2.218000000000000000e+03
5.451888360364490760e-01,2.220000000000000000e+03
5.452461459109404496e-01,2.220000000000000000e+03
5.453034557854318232e-01,2.221000000000000000e+03
5.453607656599231968e-01,2.221000000000000000e+03
5.454180755344145703e-01,2.221000000000000000e+03
5.454753854089059439e-01,2.222000000000000000e+03
5.455326952833973175e-01,2.222000000000000000e+03
5.455900051578886911e-01,2.222000000000000000e+03
5.456473150323800647e-01,2.222000000000000000e+03
5.457046249068714383e-01,2.222000000000000000e+03
5.457619347813628119e-01,2.223000000000000000e+03
5.458192446558541855e-01,2.223000000000000000e+03
5.458765545303455591e-01,2.224000000000000000e+03
5.459338644048369327e-01,2.225000000000000000e+03
5.459911742793283063e-01,2.225000000000000000e+03
5.460484841538196799e-01,2.225000000000000000e+03
5.461057940283110534e-01,2.226000000000000000e+03
5.461631039028024270e-01,2.226000000000000000e+03
5.462204137772938006e-01,2.226000000000000000e+03
5.462777236517851742e-01,2.226000000000000000e+03
5.463350335262765478e-01,2.227000000000000000e+03
5.463923434007679214e-01,2.227000000000000000e+03
5.464496532752592950e-01,2.227000000000000000e+03
5.465069631497506686e-01,2.227000000000000000e+03
5.465642730242420422e-01,2.228000000000000000e+03
5.466215828987334158e-01,2.229000000000000000e+03
5.466788927732247894e-01,2.229000000000000000e+03
5.467362026477161630e-01,2.230000000000000000e+03
5.467935125222075365e-01,2.231000000000000000e+03
5.468508223966989101e-01,2.232000000000000000e+03
5.469081322711903947e-01,2.232000000000000000e+03
5.469654421456817683e-01,2.234000000000000000e+03
5.470227520201731419e-01,2.234000000000000000e+03
5.470800618946645155e-01,2.234000000000000000e+03
5.471373717691558891e-01,2.235000000000000000e+03
5.471946816436472627e-01,2.238000000000000000e+03
5.472519915181386363e-01,2.239000000000000000e+03
5.473093013926300099e-01,2.239000000000000000e+03
5.473666112671213835e-01,2.239000000000000000e+03
5.474239211416127571e-01,2.240000000000000000e+03
5.474812310161041307e-01,2.240000000000000000e+03
5.475385408905955043e-01,2.240000000000000000e+03
5.475958507650868778e-01,2.241000000000000000e+03
5.476531606395782514e-01,2.241000000000000000e+03
5.477104705140696250e-01,2.242000000000000000e+03
5.477677803885609986e-01,2.242000000000000000e+03
5.478250902630523722e-01,2.243000000000000000e+03
5.478824001375437458e-01,2.243000000000000000e+03
5.479397100120351194e-01,2.244000000000000000e+03
5.479970198865264930e-01,2.246000000000000000e+03
5.480543297610178666e-01,2.246000000000000000e+03
5.481116396355092402e-01,2.247000000000000000e+03
5.481689495100006138e-01,2.248000000000000000e+03
5.482262593844919873e-01,2.248000000000000000e+03
5.482835692589833609e-01,2.249000000000000000e+03
5.483408791334747345e-01,2.250000000000000000e+03
5.483981890079661081e-01,2.251000000000000000e+03
5.484554988824574817e-01,2.253000000000000000e+03
5.485128087569488553e-01,2.254000000000000000e+03
5.485701186314402289e-01,2.255000000000000000e+03
5.486274285059316025e-01,2.255000000000000000e+03
5.486847383804229761e-01,2.259000000000000000e+03
5.487420482549143497e-01,2.259000000000000000e+03
5.487993581294057233e-01,2.260000000000000000e+03
5.488566680038970969e-01,2.260000000000000000e+03
5.489139778783884704e-01,2.261000000000000000e+03
5.489712877528798440e-01,2.262000000000000000e+03
5.490285976273712176e-01,2.262000000000000000e+03
5.490859075018625912e-01,2.262000000000000000e+03
5.491432173763539648e-01,2.263000000000000000e+03
5.492005272508453384e-01,2.263000000000000000e+03
5.492578371253367120e-01,2.263000000000000000e+03
5.493151469998280856e-01,2.264000000000000000e+03
5.493724568743194592e-01,2.264000000000000000e+03
5.494297667488108328e-01,2.264000000000000000e+03
5.494870766233022064e-01,2.265000000000000000e+03
5.495443864977935799e-01,2.265000000000000000e+03
5.496016963722849535e-01,2.267000000000000000e+03
5.496590062467763271e-01,2.267000000000000000e+03
5.497163161212677007e-01,2.268000000000000000e+03
5.497736259957590743e-01,2.269000000000000000e+03
5.498309358702504479e-01,2.270000000000000000e+03
5.498882457447418215e-01,2.270000000000000000e+03
5.499455556192331951e-01,2.270000000000000000e+03
5.500028654937245687e-01,2.270000000000000000e+03
5.500601753682159423e-01,2.271000000000000000e+03
5.501174852427073159e-01,2.271000000000000000e+03
5.501747951171986895e-01,2.272000000000000000e+03
5.502321049916900630e-01,2.272000000000000000e+03
5.502894148661814366e-01,2.272000000000000000e+03
5.503467247406728102e-01,2.272000000000000000e+03
5.504040346151641838e-01,2.272000000000000000e+03
5.504613444896555574e-01,2.272000000000000000e+03
5.505186543641469310e-01,2.273000000000000000e+03
5.505759642386383046e-01,2.273000000000000000e+03
5.506332741131296782e-01,2.273000000000000000e+03
5.506905839876210518e-01,2.273000000000000000e+03
5.507478938621124254e-01,2.274000000000000000e+03
5.508052037366037990e-01,2.274000000000000000e+03
5.508625136110951725e-01,2.274000000000000000e+03
5.509198234855865461e-01,2.275000000000000000e+03
5.509771333600779197e-01,2.275000000000000000e+03
5.510344432345692933e-01,2.275000000000000000e+03
5.510917531090606669e-01,2.276000000000000000e+03
5.511490629835520405e-01,2.276000000000000000e+03
5.512063728580434141e-01,2.276000000000000000e+03
5.512636827325347877e-01,2.276000000000000000e+03
5.513209926070261613e-01,2.277000000000000000e+03
5.513783024815175349e-01,2.277000000000000000e+03
5.514356123560089085e-01,2.277000000000000000e+03
5.514929222305002821e-01,2.278000000000000000e+03
5.515502321049916556e-01,2.278000000000000000e+03
5.516075419794830292e-01,2.279000000000000000e+03
5.516648518539744028e-01,2.279000000000000000e+03
5.517221617284657764e-01,2.280000000000000000e+03
5.517794716029571500e-01,2.280000000000000000e+03
5.518367814774485236e-01,2.280000000000000000e+03
5.518940913519400082e-01,2.281000000000000000e+03
5.519514012264313818e-01,2.281000000000000000e+03
5.520087111009227554e-01,2.282000000000000000e+03
5.520660209754141290e-01,2.282000000000000000e+03
5.521233308499055026e-01,2.283000000000000000e+03
5.521806407243968762e-01,2.284000000000000000e+03
5.522379505988882498e-01,2.284000000000000000e+03
5.522952604733796234e-01,2.284000000000000000e+03
5.523525703478709969e-01,2.284000000000000000e+03
5.524098802223623705e-01,2.285000000000000000e+03
5.524671900968537441e-01,2.285000000000000000e+03
5.525244999713451177e-01,2.285000000000000000e+03
5.525818098458364913e-01,2.285000000000000000e+03
5.526391197203278649e-01,2.285000000000000000e+03
5.526964295948192385e-01,2.286000000000000000e+03
5.527537394693106121e-01,2.286000000000000000e+03
5.528110493438019857e-01,2.287000000000000000e+03
5.528683592182933593e-01,2.287000000000000000e+03
5.529256690927847329e-01,2.288000000000000000e+03
5.529829789672761065e-01,2.288000000000000000e+03
5.530402888417674800e-01,2.288000000000000000e+03
5.530975987162588536e-01,2.288000000000000000e+03
5.531549085907502272e-01,2.288000000000000000e+03
5.532122184652416008e-01,2.289000000000000000e+03
5.532695283397329744e-01,2.289000000000000000e+03
5.533268382142243480e-01,2.290000000000000000e+03
5.533841480887157216e-01,2.291000000000000000e+03
5.534414579632070952e-01,2.291000000000000000e+03
5.534987678376984688e-01,2.291000000000000000e+03
5.535560777121898424e-01,2.291000000000000000e+03
5.536133875866812160e-01,2.292000000000000000e+03
5.536706974611725895e-01,2.292000000000000000e+03
5.537280073356639631e-01,2.293000000000000000e+03
5.537853172101553367e-01,2.295000000000000000e+03
5.538426270846467103e-01,2.295000000000000000e+03
5.538999369591380839e-01,2.295000000000000000e+03
5.539572468336294575e-01,2.295000000000000000e+03
5.540145567081208311e-01,2.296000000000000000e+03
5.540718665826122047e-01,2.299000000000000000e+03
5.541291764571035783e-01,2.300000000000000000e+03
5.541864863315949519e-01,2.300000000000000000e+03
5.542437962060863255e-01,2.301000000000000000e+03
5.543011060805776991e-01,2.301000000000000000e+03
5.543584159550690726e-01,2.302000000000000000e+03
5.544157258295604462e-01,2.302000000000000000e+03
5.544730357040518198e-01,2.303000000000000000e+03
5.545303455785431934e-01,2.303000000000000000e+03
5.545876554530345670e-01,2.303000000000000000e+03
5.546449653275259406e-01,2.304000000000000000e+03
5.547022752020173142e-01,2.304000000000000000e+03
5.547595850765086878e-01,2.304000000000000000e+03
5.548168949510000614e-01,2.305000000000000000e+03
5.548742048254914350e-01,2.306000000000000000e+03
5.549315146999828086e-01,2.306000000000000000e+03
5.549888245744741821e-01,2.307000000000000000e+03
5.550461344489655557e-01,2.307000000000000000e+03
5.551034443234569293e-01,2.307000000000000000e+03
5.551607541979483029e-01,2.308000000000000000e+03
5.552180640724396765e-01,2.309000000000000000e+03
5.552753739469310501e-01,2.310000000000000000e+03
5.553326838214224237e-01,2.310000000000000000e+03
5.553899936959137973e-01,2.310000000000000000e+03
5.554473035704051709e-01,2.311000000000000000e+03
5.555046134448965445e-01,2.311000000000000000e+03
5.555619233193879181e-01,2.312000000000000000e+03
5.556192331938792917e-01,2.313000000000000000e+03
5.556765430683706652e-01,2.313000000000000000e+03
5.557338529428620388e-01,2.314000000000000000e+03
5.557911628173534124e-01,2.314000000000000000e+03
5.558484726918447860e-01,2.314000000000000000e+03
5.559057825663361596e-01,2.316000000000000000e+03
5.559630924408275332e-01,2.316000000000000000e+03
5.560204023153189068e-01,2.317000000000000000e+03
5.560777121898102804e-01,2.317000000000000000e+03
5.561350220643016540e-01,2.317000000000000000e+03
5.561923319387930276e-01,2.317000000000000000e+03
5.562496418132844012e-01,2.318000000000000000e+03
5.563069516877757748e-01,2.318000000000000000e+03
5.563642615622671483e-01,2.318000000000000000e+03
5.564215714367585219e-01,2.319000000000000000e+03
5.564788813112498955e-01,2.319000000000000000e+03
5.565361911857412691e-01,2.320000000000000000e+03
5.565935010602326427e-01,2.321000000000000000e+03
5.566508109347240163e-01,2.321000000000000000e+03
5.567081208092153899e-01,2.322000000000000000e+03
5.567654306837067635e-01,2.324000000000000000e+03
5.568227405581981371e-01,2.324000000000000000e+03
5.568800504326895107e-01,2.325000000000000000e+03
5.569373603071809953e-01,2.326000000000000000e+03
5.569946701816723689e-01,2.326000000000000000e+03
5.570519800561637425e-01,2.326000000000000000e+03
5.571092899306551161e-01,2.327000000000000000e+03
5.571665998051464896e-01,2.328000000000000000e+03
5.572239096796378632e-01,2.328000000000000000e+03
5.572812195541292368e-01,2.328000000000000000e+03
5.573385294286206104e-01,2.328000000000000000e+03
5.573958393031119840e-01,2.329000000000000000e+03
5.574531491776033576e-01,2.329000000000000000e+03
5.575104590520947312e-01,2.330000000000000000e+03
5.575677689265861048e-01,2.330000000000000000e+03
5.576250788010774784e-01,2.330000000000000000e+03
5.576823886755688520e-01,2.332000000000000000e+03
5.577396985500602256e-01,2.332000000000000000e+03
5.577970084245515991e-01,2.332000000000000000e+03
5.578543182990429727e-01,2.333000000000000000e+03
5.579116281735343463e-01,2.333000000000000000e+03
5.579689380480257199e-01,2.334000000000000000e+03
5.580262479225170935e-01,2.335000000000000000e+03
5.580835577970084671e-01,2.335000000000000000e+03
5.581408676714998407e-01,2.336000000000000000e+03
5.581981775459912143e-01,2.337000000000000000e+03
5.582554874204825879e-01,2.337000000000000000e+03
5.583127972949739615e-01,2.339000000000000000e+03
5.583701071694653351e-01,2.339000000000000000e+03
5.584274170439567087e-01,2.339000000000000000e+03
5.584847269184480822e-01,2.340000000000000000e+03
5.585420367929394558e-01,2.340000000000000000e+03
5.585993466674308294e-01,2.341000000000000000e+03
5.586566565419222030e-01,2.342000000000000000e+03
5.587139664164135766e-01,2.343000000000000000e+03
5.587712762909049502e-01,2.343000000000000000e+03
5.588285861653963238e-01,2.343000000000000000e+03
5.588858960398876974e-01,2.344000000000000000e+03
5.589432059143790710e-01,2.347000000000000000e+03
5.590005157888704446e-01,2.347000000000000000e+03
5.590578256633618182e-01,2.348000000000000000e+03
5.591151355378531917e-01,2.348000000000000000e+03
5.591724454123445653e-01,2.348000000000000000e+03
5.592297552868359389e-01,2.348000000000000000e+03
5.592870651613273125e-01,2.349000000000000000e+03
5.593443750358186861e-01,2.350000000000000000e+03
5.594016849103100597e-01,2.350000000000000000e+03
5.594589947848014333e-01,2.350000000000000000e+03
5.595163046592928069e-01,2.350000000000000000e+03
5.595736145337841805e-01,2.351000000000000000e+03
5.596309244082755541e-01,2.351000000000000000e+03
5.596882342827669277e-01,2.352000000000000000e+03
5.597455441572583013e-01,2.352000000000000000e+03
5.598028540317496748e-01,2.352000000000000000e+03
5.598601639062410484e-01,2.352000000000000000e+03
5.599174737807324220e-01,2.352000000000000000e+03
5.599747836552237956e-01,2.353000000000000000e+03
5.600320935297151692e-01,2.353000000000000000e+03
5.600894034042065428e-01,2.353000000000000000e+03
5.601467132786979164e-01,2.354000000000000000e+03
5.602040231531892900e-01,2.354000000000000000e+03
5.602613330276806636e-01,2.354000000000000000e+03
5.603186429021720372e-01,2.356000000000000000e+03
5.603759527766634108e-01,2.356000000000000000e+03
5.604332626511547844e-01,2.357000000000000000e+03
5.604905725256461579e-01,2.357000000000000000e+03
5.605478824001375315e-01,2.357000000000000000e+03
5.606051922746289051e-01,2.358000000000000000e+03
5.606625021491202787e-01,2.358000000000000000e+03
5.607198120236116523e-01,2.359000000000000000e+03
5.607771218981030259e-01,2.359000000000000000e+03
5.608344317725943995e-01,2.360000000000000000e+03
5.608917416470857731e-01,2.361000000000000000e+03
5.609490515215771467e-01,2.361000000000000000e+03
5.610063613960685203e-01,2.361000000000000000e+03
5.610636712705598939e-01,2.361000000000000000e+03
5.611209811450512674e-01,2.362000000000000000e+03
5.611782910195426410e-01,2.363000000000000000e+03
5.612356008940340146e-01,2.363000000000000000e+03
5.612929107685253882e-01,2.363000000000000000e+03
5.613502206430167618e-01,2.364000000000000000e+03
5.614075305175081354e-01,2.366000000000000000e+03
5.614648403919995090e-01,2.366000000000000000e+03
5.615221502664908826e-01,2.367000000000000000e+03
5.615794601409822562e-01,2.367000000000000000e+03
5.616367700154736298e-01,2.368000000000000000e+03
5.616940798899650034e-01,2.368000000000000000e+03
5.617513897644563770e-01,2.369000000000000000e+03
5.618086996389477505e-01,2.369000000000000000e+03
5.618660095134391241e-01,2.369000000000000000e+03
5.619233193879306087e-01,2.370000000000000000e+03
5.619806292624219823e-01,2.370000000000000000e+03
5.620379391369133559e-01,2.370000000000000000e+03
5.620952490114047295e-01,2.370000000000000000e+03
5.621525588858961031e-01,2.371000000000000000e+03
5.622098687603874767e-01,2.371000000000000000e+03
5.622671786348788503e-01,2.371000000000000000e+03
5.623244885093702239e-01,2.371000000000000000e+03
5.623817983838615975e-01,2.372000000000000000e+03
5.624391082583529711e-01,2.372000000000000000e+03
5.624964181328443447e-01,2.373000000000000000e+03
5.625537280073357183e-01,2.373000000000000000e+03
5.626110378818270918e-01,2.373000000000000000e+03
5.626683477563184654e-01,2.373000000000000000e+03
5.627256576308098390e-01,2.374000000000000000e+03
5.627829675053012126e-01,2.376000000000000000e+03
5.628402773797925862e-01,2.377000000000000000e+03
5.628975872542839598e-01,2.377000000000000000e+03
5.629548971287753334e-01,2.378000000000000000e+03
5.630122070032667070e-01,2.379000000000000000e+03
5.630695168777580806e-01,2.380000000000000000e+03
5.631268267522494542e-01,2.380000000000000000e+03
5.631841366267408278e-01,2.380000000000000000e+03
5.632414465012322013e-01,2.381000000000000000e+03
5.632987563757235749e-01,2.382000000000000000e+03
5.633560662502149485e-01,2.382000000000000000e+03
5.634133761247063221e-01,2.383000000000000000e+03
5.634706859991976957e-01,2.385000000000000000e+03
5.635279958736890693e-01,2.385000000000000000e+03
5.635853057481804429e-01,2.385000000000000000e+03
5.636426156226718165e-01,2.385000000000000000e+03
5.636999254971631901e-01,2.386000000000000000e+03
5.637572353716545637e-01,2.386000000000000000e+03
5.638145452461459373e-01,2.386000000000000000e+03
5.638718551206373109e-01,2.388000000000000000e+03
5.639291649951286844e-01,2.388000000000000000e+03
5.639864748696200580e-01,2.388000000000000000e+03
5.640437847441114316e-01,2.388000000000000000e+03
5.641010946186028052e-01,2.388000000000000000e+03
5.641584044930941788e-01,2.389000000000000000e+03
5.642157143675855524e-01,2.389000000000000000e+03
5.642730242420769260e-01,2.389000000000000000e+03
5.643303341165682996e-01,2.390000000000000000e+03
5.643876439910596732e-01,2.390000000000000000e+03
5.644449538655510468e-01,2.390000000000000000e+03
5.645022637400424204e-01,2.392000000000000000e+03
5.645595736145337940e-01,2.392000000000000000e+03
5.646168834890251675e-01,2.393000000000000000e+03
5.646741933635165411e-01,2.393000000000000000e+03
5.647315032380079147e-01,2.393000000000000000e+03
5.647888131124992883e-01,2.394000000000000000e+03
5.648461229869906619e-01,2.395000000000000000e+03
5.649034328614820355e-01,2.396000000000000000e+03
5.649607427359734091e-01,2.396000000000000000e+03
5.650180526104647827e-01,2.397000000000000000e+03
5.650753624849561563e-01,2.397000000000000000e+03
5.651326723594475299e-01,2.397000000000000000e+03
5.651899822339389035e-01,2.398000000000000000e+03
5.652472921084302770e-01,2.399000000000000000e+03
5.653046019829216506e-01,2.399000000000000000e+03
5.653619118574130242e-01,2.400000000000000000e+03
5.654192217319043978e-01,2.400000000000000000e+03
5.654765316063957714e-01,2.401000000000000000e+03
5.655338414808871450e-01,2.401000000000000000e+03
5.655911513553785186e-01,2.402000000000000000e+03
5.656484612298698922e-01,2.402000000000000000e+03
5.657057711043612658e-01,2.403000000000000000e+03
5.657630809788526394e-01,2.403000000000000000e+03
5.658203908533440130e-01,2.403000000000000000e+03
5.658777007278353866e-01,2.404000000000000000e+03
5.659350106023267601e-01,2.404000000000000000e+03
5.659923204768181337e-01,2.404000000000000000e+03
5.660496303513095073e-01,2.405000000000000000e+03
5.661069402258008809e-01,2.406000000000000000e+03
5.661642501002922545e-01,2.407000000000000000e+03
5.662215599747836281e-01,2.407000000000000000e+03
5.662788698492750017e-01,2.408000000000000000e+03
5.663361797237663753e-01,2.409000000000000000e+03
5.663934895982577489e-01,2.409000000000000000e+03
5.664507994727491225e-01,2.409000000000000000e+03
5.665081093472404961e-01,2.409000000000000000e+03
5.665654192217318696e-01,2.410000000000000000e+03
5.666227290962232432e-01,2.410000000000000000e+03
5.666800389707146168e-01,2.410000000000000000e+03
5.667373488452059904e-01,2.411000000000000000e+03
5.667946587196973640e-01,2.411000000000000000e+03
5.668519685941887376e-01,2.412000000000000000e+03
5.669092784686802222e-01,2.413000000000000000e+03
5.669665883431715958e-01,2.413000000000000000e+03
5.670238982176629694e-01,2.413000000000000000e+03
5.670812080921543430e-01,2.414000000000000000e+03
5.671385179666457166e-01,2.414000000000000000e+03
5.671958278411370902e-01,2.414000000000000000e+03
5.672531377156284638e-01,2.415000000000000000e+03
5.673104475901198374e-01,2.415000000000000000e+03
5.673677574646112109e-01,2.415000000000000000e+03
5.674250673391025845e-01,2.415000000000000000e+03
5.674823772135939581e-01,2.415000000000000000e+03
5.675396870880853317e-01,2.416000000000000000e+03
5.675969969625767053e-01,2.416000000000000000e+03
5.676543068370680789e-01,2.417000000000000000e+03
5.677116167115594525e-01,2.417000000000000000e+03
5.677689265860508261e-01,2.418000000000000000e+03
5.678262364605421997e-01,2.418000000000000000e+03
5.678835463350335733e-01,2.418000000000000000e+03
5.679408562095249469e-01,2.419000000000000000e+03
5.679981660840163205e-01,2.419000000000000000e+03
5.680554759585076940e-01,2.419000000000000000e+03
5.681127858329990676e-01,2.420000000000000000e+03
5.681700957074904412e-01,2.421000000000000000e+03
5.682274055819818148e-01,2.421000000000000000e+03
5.682847154564731884e-01,2.422000000000000000e+03
5.683420253309645620e-01,2.422000000000000000e+03
5.683993352054559356e-01,2.423000000000000000e+03
5.684566450799473092e-01,2.423000000000000000e+03
5.685139549544386828e-01,2.424000000000000000e+03
5.685712648289300564e-01,2.424000000000000000e+03
5.686285747034214300e-01,2.426000000000000000e+03
5.686858845779128036e-01,2.427000000000000000e+03
5.687431944524041771e-01,2.428000000000000000e+03
5.688005043268955507e-01,2.429000000000000000e+03
5.688578142013869243e-01,2.431000000000000000e+03
5.689151240758782979e-01,2.431000000000000000e+03
5.689724339503696715e-01,2.431000000000000000e+03
5.690297438248610451e-01,2.432000000000000000e+03
5.690870536993524187e-01,2.434000000000000000e+03
5.691443635738437923e-01,2.436000000000000000e+03
5.692016734483351659e-01,2.436000000000000000e+03
5.692589833228265395e-01,2.437000000000000000e+03
5.693162931973179131e-01,2.437000000000000000e+03
5.693736030718092866e-01,2.437000000000000000e+03
5.694309129463006602e-01,2.438000000000000000e+03
5.694882228207920338e-01,2.438000000000000000e+03
5.695455326952834074e-01,2.438000000000000000e+03
5.696028425697747810e-01,2.438000000000000000e+03
5.696601524442661546e-01,2.438000000000000000e+03
5.697174623187575282e-01,2.439000000000000000e+03
5.697747721932489018e-01,2.440000000000000000e+03
5.698320820677402754e-01,2.440000000000000000e+03
5.698893919422316490e-01,2.440000000000000000e+03
5.699467018167230226e-01,2.441000000000000000e+03
5.700040116912143962e-01,2.441000000000000000e+03
5.700613215657057697e-01,2.441000000000000000e+03
5.701186314401971433e-01,2.441000000000000000e+03
5.701759413146885169e-01,2.442000000000000000e+03
5.702332511891798905e-01,2.443000000000000000e+03
5.702905610636712641e-01,2.444000000000000000e+03
5.703478709381626377e-01,2.445000000000000000e+03
5.704051808126540113e-01,2.445000000000000000e+03
5.704624906871453849e-01,2.446000000000000000e+03
5.705198005616367585e-01,2.446000000000000000e+03
5.705771104361281321e-01,2.448000000000000000e+03
5.706344203106195057e-01,2.448000000000000000e+03
5.706917301851108792e-01,2.449000000000000000e+03
5.707490400596022528e-01,2.450000000000000000e+03
5.708063499340936264e-01,2.451000000000000000e+03
5.708636598085850000e-01,2.451000000000000000e+03
5.709209696830763736e-01,2.452000000000000000e+03
5.709782795575677472e-01,2.453000000000000000e+03
5.710355894320591208e-01,2.453000000000000000e+03
5.710928993065504944e-01,2.453000000000000000e+03
5.711502091810418680e-01,2.454000000000000000e+03
5.712075190555332416e-01,2.454000000000000000e+03
5.712648289300246152e-01,2.454000000000000000e+03
5.713221388045159888e-01,2.454000000000000000e+03
5.713794486790073623e-01,2.455000000000000000e+03
5.714367585534987359e-01,2.456000000000000000e+03
5.714940684279901095e-01,2.456000000000000000e+03
5.715513783024814831e-01,2.456000000000000000e+03
5.716086881769728567e-01,2.456000000000000000e+03
5.716659980514642303e-01,2.457000000000000000e+03
5.717233079259556039e-01,2.457000000000000000e+03
5.717806178004469775e-01,2.458000000000000000e+03
5.718379276749383511e-01,2.458000000000000000e+03
5.718952375494298357e-01,2.458000000000000000e+03
5.719525474239212093e-01,2.459000000000000000e+03
5.720098572984125829e-01,2.460000000000000000e+03
5.720671671729039565e-01,2.460000000000000000e+03
5.721244770473953301e-01,2.461000000000000000e+03
5.721817869218867036e-01,2.461000000000000000e+03
5.722390967963780772e-01,2.461000000000000000e+03
5.722964066708694508e-01,2.461000000000000000e+03
5.723537165453608244e-01,2.462000000000000000e+03
5.724110264198521980e-01,2.462000000000000000e+03
5.724683362943435716e-01,2.462000000000000000e+03
5.725256461688349452e-01,2.463000000000000000e+03
5.725829560433263188e-01,2.463000000000000000e+03
5.726402659178176924e-01,2.464000000000000000e+03
5.726975757923090660e-01,2.466000000000000000e+03
5.727548856668004396e-01,2.468000000000000000e+03
5.728121955412918132e-01,2.469000000000000000e+03
5.728695054157831867e-01,2.469000000000000000e+03
5.729268152902745603e-01,2.469000000000000000e+03
5.729841251647659339e-01,2.469000000000000000e+03
5.730414350392573075e-01,2.469000000000000000e+03
5.730987449137486811e-01,2.470000000000000000e+03
5.731560547882400547e-01,2.472000000000000000e+03
5.732133646627314283e-01,2.473000000000000000e+03
5.732706745372228019e-01,2.474000000000000000e+03
5.733279844117141755e-01,2.474000000000000000e+03
5.733852942862055491e-01,2.474000000000000000e+03
5.734426041606969227e-01,2.474000000000000000e+03
5.734999140351882962e-01,2.474000000000000000e+03
5.735572239096796698e-01,2.475000000000000000e+03
5.736145337841710434e-01,2.475000000000000000e+03
5.736718436586624170e-01,2.475000000000000000e+03
5.737291535331537906e-01,2.476000000000000000e+03
5.737864634076451642e-01,2.476000000000000000e+03
5.738437732821365378e-01,2.476000000000000000e+03
5.739010831566279114e-01,2.476000000000000000e+03
5.739583930311192850e-01,2.477000000000000000e+03
5.740157029056106586e-01,2.478000000000000000e+03
5.740730127801020322e-01,2.478000000000000000e+03
5.741303226545934058e-01,2.478000000000000000e+03
5.741876325290847793e-01,2.478000000000000000e+03
5.742449424035761529e-01,2.479000000000000000e+03
5.743022522780675265e-01,2.479000000000000000e+03
5.743595621525589001e-01,2.481000000000000000e+03
5.744168720270502737e-01,2.481000000000000000e+03
5.744741819015416473e-01,2.482000000000000000e+03
5.745314917760330209e-01,2.482000000000000000e+03
5.745888016505243945e-01,2.482000000000000000e+03
5.746461115250157681e-01,2.482000000000000000e+03
5.747034213995071417e-01,2.482000000000000000e+03
5.747607312739985153e-01,2.483000000000000000e+03
5.748180411484898888e-01,2.483000000000000000e+03
5.748753510229812624e-01,2.485000000000000000e+03
5.749326608974726360e-01,2.485000000000000000e+03
5.749899707719640096e-01,2.485000000000000000e+03
5.750472806464553832e-01,2.486000000000000000e+03
5.751045905209467568e-01,2.486000000000000000e+03
5.751619003954381304e-01,2.487000000000000000e+03
5.752192102699295040e-01,2.488000000000000000e+03
5.752765201444208776e-01,2.488000000000000000e+03
5.753338300189122512e-01,2.489000000000000000e+03
5.753911398934036248e-01,2.489000000000000000e+03
5.754484497678949984e-01,2.490000000000000000e+03
5.755057596423863719e-01,2.490000000000000000e+03
5.755630695168777455e-01,2.493000000000000000e+03
5.756203793913691191e-01,2.493000000000000000e+03
5.756776892658604927e-01,2.493000000000000000e+03
5.757349991403518663e-01,2.493000000000000000e+03
5.757923090148432399e-01,2.495000000000000000e+03
5.758496188893346135e-01,2.495000000000000000e+03
5.759069287638259871e-01,2.496000000000000000e+03
5.759642386383173607e-01,2.497000000000000000e+03
5.760215485128087343e-01,2.497000000000000000e+03
5.760788583873001079e-01,2.497000000000000000e+03
5.761361682617914814e-01,2.497000000000000000e+03
5.761934781362828550e-01,2.498000000000000000e+03
5.762507880107742286e-01,2.498000000000000000e+03
5.763080978852656022e-01,2.498000000000000000e+03
5.763654077597569758e-01,2.498000000000000000e+03
5.764227176342483494e-01,2.499000000000000000e+03
5.764800275087397230e-01,2.499000000000000000e+03
5.765373373832310966e-01,2.499000000000000000e+03
5.765946472577224702e-01,2.500000000000000000e+03
5.766519571322138438e-01,2.500000000000000000e+03
5.767092670067052174e-01,2.500000000000000000e+03
5.767665768811965910e-01,2.501000000000000000e+03
5.768238867556879645e-01,2.501000000000000000e+03
5.768811966301794492e-01,2.501000000000000000e+03
5.769385065046708227e-01,2.501000000000000000e+03
5.769958163791621963e-01,2.501000000000000000e+03
5.770531262536535699e-01,2.501000000000000000e+03
5.771104361281449435e-01,2.502000000000000000e+03
5.771677460026363171e-01,2.502000000000000000e+03
5.772250558771276907e-01,2.502000000000000000e+03
5.772823657516190643e-01,2.502000000000000000e+03
5.773396756261104379e-01,2.503000000000000000e+03
5.773969855006018115e-01,2.504000000000000000e+03
5.774542953750931851e-01,2.504000000000000000e+03
5.775116052495845587e-01,2.504000000000000000e+03
5.775689151240759323e-01,2.505000000000000000e+03
5.776262249985673058e-01,2.506000000000000000e+03
5.776835348730586794e-01,2.506000000000000000e+03
5.777408447475500530e-01,2.506000000000000000e+03
5.777981546220414266e-01,2.506000000000000000e+03
5.778554644965328002e-01,2.507000000000000000e+03
5.779127743710241738e-01,2.507000000000000000e+03
5.779700842455155474e-01,2.508000000000000000e+03
5.780273941200069210e-01,2.508000000000000000e+03
5.780847039944982946e-01,2.508000000000000000e+03
5.781420138689896682e-01,2.509000000000000000e+03
5.781993237434810418e-01,2.510000000000000000e+03
5.782566336179724154e-01,2.510000000000000000e+03
5.783139434924637889e-01,2.511000000000000000e+03
5.783712533669551625e-01,2.511000000000000000e+03
5.784285632414465361e-01,2.512000000000000000e+03
5.784858731159379097e-01,2.512000000000000000e+03
5.785431829904292833e-01,2.512000000000000000e+03
5.786004928649206569e-01,2.513000000000000000e+03
5.786578027394120305e-01,2.513000000000000000e+03
5.787151126139034041e-01,2.514000000000000000e+03
5.787724224883947777e-01,2.514000000000000000e+03
5.788297323628861513e-01,2.514000000000000000e+03
5.788870422373775249e-01,2.515000000000000000e+03
5.789443521118688984e-01,2.515000000000000000e+03
5.790016619863602720e-01,2.516000000000000000e+03
5.790589718608516456e-01,2.516000000000000000e+03
5.791162817353430192e-01,2.516000000000000000e+03
5.791735916098343928e-01,2.516000000000000000e+03
5.792309014843257664e-01,2.519000000000000000e+03
5.792882113588171400e-01,2.519000000000000000e+03
5.793455212333085136e-01,2.519000000000000000e+03
5.794028311077998872e-01,2.521000000000000000e+03
5.794601409822912608e-01,2.521000000000000000e+03
5.795174508567826344e-01,2.521000000000000000e+03
5.795747607312740080e-01,2.521000000000000000e+03
5.796320706057653815e-01,2.523000000000000000e+03
5.796893804802567551e-01,2.523000000000000000e+03
5.797466903547481287e-01,2.523000000000000000e+03
5.798040002292395023e-01,2.524000000000000000e+03
5.798613101037308759e-01,2.524000000000000000e+03
5.799186199782222495e-01,2.525000000000000000e+03
5.799759298527136231e-01,2.525000000000000000e+03
5.800332397272049967e-01,2.526000000000000000e+03
5.800905496016963703e-01,2.527000000000000000e+03
5.801478594761877439e-01,2.527000000000000000e+03
5.802051693506791175e-01,2.528000000000000000e+03
5.802624792251704910e-01,2.528000000000000000e+03
5.803197890996618646e-01,2.529000000000000000e+03
5.803770989741532382e-01,2.529000000000000000e+03
5.804344088486446118e-01,2.529000000000000000e+03
5.804917187231359854e-01,2.530000000000000000e+03
5.805490285976273590e-01,2.530000000000000000e+03
5.806063384721187326e-01,2.531000000000000000e+03
5.806636483466101062e-01,2.531000000000000000e+03
5.807209582211014798e-01,2.531000000000000000e+03
5.807782680955928534e-01,2.532000000000000000e+03
5.808355779700842270e-01,2.532000000000000000e+03
5.808928878445756006e-01,2.532000000000000000e+03
5.809501977190669741e-01,2.536000000000000000e+03
5.810075075935583477e-01,2.536000000000000000e+03
5.810648174680497213e-01,2.537000000000000000e+03
5.811221273425410949e-01,2.537000000000000000e+03
5.811794372170324685e-01,2.537000000000000000e+03
5.812367470915238421e-01,2.537000000000000000e+03
5.812940569660152157e-01,2.538000000000000000e+03
5.813513668405065893e-01,2.538000000000000000e+03
5.814086767149979629e-01,2.539000000000000000e+03
5.814659865894893365e-01,2.539000000000000000e+03
5.815232964639807101e-01,2.539000000000000000e+03
5.815806063384720836e-01,2.539000000000000000e+03
5.816379162129634572e-01,2.539000000000000000e+03
5.816952260874548308e-01,2.539000000000000000e+03
5.817525359619462044e-01,2.539000000000000000e+03
5.818098458364375780e-01,2.540000000000000000e+03
5.818671557109290626e-01,2.541000000000000000e+03
5.819244655854204362e-01,2.541000000000000000e+03
5.819817754599118098e-01,2.542000000000000000e+03
5.820390853344031834e-01,2.544000000000000000e+03
5.820963952088945570e-01,2.544000000000000000e+03
5.821537050833859306e-01,2.545000000000000000e+03
5.822110149578773042e-01,2.547000000000000000e+03
5.822683248323686778e-01,2.547000000000000000e+03
5.823256347068600514e-01,2.548000000000000000e+03
5.823829445813514250e-01,2.548000000000000000e+03
5.824402544558427985e-01,2.549000000000000000e+03
5.824975643303341721e-01,2.550000000000000000e+03
5.825548742048255457e-01,2.550000000000000000e+03
5.826121840793169193e-01,2.550000000000000000e+03
5.826694939538082929e-01,2.551000000000000000e+03
5.827268038282996665e-01,2.552000000000000000e+03
5.827841137027910401e-01,2.552000000000000000e+03
5.828414235772824137e-01,2.553000000000000000e+03
5.828987334517737873e-01,2.553000000000000000e+03
5.829560433262651609e-01,2.553000000000000000e+03
5.830133532007565345e-01,2.553000000000000000e+03
5.830706630752479080e-01,2.554000000000000000e+03
5.831279729497392816e-01,2.554000000000000000e+03
5.831852828242306552e-01,2.556000000000000000e+03
5.832425926987220288e-01,2.556000000000000000e+03
5.832999025732134024e-01,2.557000000000000000e+03
5.833572124477047760e-01,2.557000000000000000e+03
5.834145223221961496e-01,2.557000000000000000e+03
5.834718321966875232e-01,2.557000000000000000e+03
5.835291420711788968e-01,2.558000000000000000e+03
5.835864519456702704e-01,2.559000000000000000e+03
5.836437618201616440e-01,2.559000000000000000e+03
5.837010716946530176e-01,2.559000000000000000e+03
5.837583815691443911e-01,2.560000000000000000e+03
5.838156914436357647e-01,2.560000000000000000e+03
5.838730013181271383e-01,2.560000000000000000e+03
5.839303111926185119e-01,2.561000000000000000e+03
5.839876210671098855e-01,2.561000000000000000e+03
5.840449309416012591e-01,2.562000000000000000e+03
5.841022408160926327e-01,2.562000000000000000e+03
5.841595506905840063e-01,2.562000000000000000e+03
5.842168605650753799e-01,2.562000000000000000e+03
5.842741704395667535e-01,2.564000000000000000e+03
5.843314803140581271e-01,2.565000000000000000e+03
5.843887901885495006e-01,2.565000000000000000e+03
5.844461000630408742e-01,2.565000000000000000e+03
5.845034099375322478e-01,2.565000000000000000e+03
5.845607198120236214e-01,2.565000000000000000e+03
5.846180296865149950e-01,2.566000000000000000e+03
5.846753395610063686e-01,2.567000000000000000e+03
5.847326494354977422e-01,2.568000000000000000e+03
5.847899593099891158e-01,2.568000000000000000e+03
5.848472691844804894e-01,2.568000000000000000e+03
5.849045790589718630e-01,2.569000000000000000e+03
5.849618889334632366e-01,2.569000000000000000e+03
5.850191988079546102e-01,2.569000000000000000e+03
5.850765086824459837e-01,2.569000000000000000e+03
5.851338185569373573e-01,2.570000000000000000e+03
5.851911284314287309e-01,2.570000000000000000e+03
5.852484383059201045e-01,2.570000000000000000e+03
5.853057481804114781e-01,2.571000000000000000e+03
5.853630580549028517e-01,2.571000000000000000e+03
5.854203679293942253e-01,2.571000000000000000e+03
5.854776778038855989e-01,2.572000000000000000e+03
5.855349876783769725e-01,2.572000000000000000e+03
5.855922975528683461e-01,2.572000000000000000e+03
5.856496074273597197e-01,2.572000000000000000e+03
5.857069173018510932e-01,2.573000000000000000e+03
5.857642271763424668e-01,2.573000000000000000e+03
5.858215370508338404e-01,2.574000000000000000e+03
5.858788469253252140e-01,2.574000000000000000e+03
5.859361567998165876e-01,2.575000000000000000e+03
5.859934666743079612e-01,2.575000000000000000e+03
5.860507765487993348e-01,2.576000000000000000e+03
5.861080864232907084e-01,2.579000000000000000e+03
5.861653962977820820e-01,2.579000000000000000e+03
5.862227061722734556e-01,2.579000000000000000e+03
5.862800160467648292e-01,2.580000000000000000e+03
5.863373259212562028e-01,2.580000000000000000e+03
5.863946357957475763e-01,2.580000000000000000e+03
5.864519456702389499e-01,2.580000000000000000e+03
5.865092555447303235e-01,2.581000000000000000e+03
5.865665654192216971e-01,2.581000000000000000e+03
5.866238752937130707e-01,2.582000000000000000e+03
5.866811851682044443e-01,2.582000000000000000e+03
5.867384950426958179e-01,2.583000000000000000e+03
5.867958049171871915e-01,2.583000000000000000e+03
5.868531147916786761e-01,2.584000000000000000e+03
5.869104246661700497e-01,2.584000000000000000e+03
5.869677345406614233e-01,2.585000000000000000e+03
5.870250444151527969e-01,2.586000000000000000e+03
5.870823542896441705e-01,2.586000000000000000e+03
5.871396641641355441e-01,2.587000000000000000e+03
5.871969740386269176e-01,2.587000000000000000e+03
5.872542839131182912e-01,2.590000000000000000e+03
5.873115937876096648e-01,2.590000000000000000e+03
5.873689036621010384e-01,2.590000000000000000e+03
5.874262135365924120e-01,2.590000000000000000e+03
5.874835234110837856e-01,2.591000000000000000e+03
5.875408332855751592e-01,2.591000000000000000e+03
5.875981431600665328e-01,2.591000000000000000e+03
5.876554530345579064e-01,2.592000000000000000e+03
5.877127629090492800e-01,2.593000000000000000e+03
5.877700727835406536e-01,2.593000000000000000e+03
5.878273826580320272e-01,2.593000000000000000e+03
5.878846925325234007e-01,2.594000000000000000e+03
5.879420024070147743e-01,2.594000000000000000e+03
5.879993122815061479e-01,2.594000000000000000e+03
5.880566221559975215e-01,2.595000000000000000e+03
5.881139320304888951e-01,2.596000000000000000e+03
5.881712419049802687e-01,2.596000000000000000e+03
5.882285517794716423e-01,2.597000000000000000e+03
5.882858616539630159e-01,2.597000000000000000e+03
5.883431715284543895e-01,2.598000000000000000e+03
5.884004814029457631e-01,2.598000000000000000e+03
5.884577912774371367e-01,2.598000000000000000e+03
5.885151011519285102e-01,2.602000000000000000e+03
5.885724110264198838e-01,2.603000000000000000e+03
5.886297209009112574e-01,2.603000000000000000e+03
5.886870307754026310e-01,2.603000000000000000e+03
5.887443406498940046e-01,2.604000000000000000e+03
5.888016505243853782e-01,2.604000000000000000e+03
5.888589603988767518e-01,2.606000000000000000e+03
5.889162702733681254e-01,2.607000000000000000e+03
5.889735801478594990e-01,2.608000000000000000e+03
5.890308900223508726e-01,2.608000000000000000e+03
5.890881998968422462e-01,2.609000000000000000e+03
5.891455097713336198e-01,2.609000000000000000e+03
5.892028196458249933e-01,2.610000000000000000e+03
5.892601295203163669e-01,2.610000000000000000e+03
5.893174393948077405e-01,2.611000000000000000e+03
5.893747492692991141e-01,2.611000000000000000e+03
5.894320591437904877e-01,2.611000000000000000e+03
5.894893690182818613e-01,2.612000000000000000e+03
5.895466788927732349e-01,2.612000000000000000e+03
5.896039887672646085e-01,2.613000000000000000e+03
5.896612986417559821e-01,2.614000000000000000e+03
5.897186085162473557e-01,2.614000000000000000e+03
5.897759183907387293e-01,2.614000000000000000e+03
5.898332282652301028e-01,2.615000000000000000e+03
5.898905381397214764e-01,2.615000000000000000e+03
5.899478480142128500e-01,2.616000000000000000e+03
5.900051578887042236e-01,2.616000000000000000e+03
5.900624677631955972e-01,2.619000000000000000e+03
5.901197776376869708e-01,2.619000000000000000e+03
5.901770875121783444e-01,2.619000000000000000e+03
5.902343973866697180e-01,2.620000000000000000e+03
5.902917072611610916e-01,2.621000000000000000e+03
5.903490171356524652e-01,2.621000000000000000e+03
5.904063270101438388e-01,2.622000000000000000e+03
5.904636368846352124e-01,2.622000000000000000e+03
5.905209467591265859e-01,2.622000000000000000e+03
5.905782566336179595e-01,2.623000000000000000e+03
5.906355665081093331e-01,2.624000000000000000e+03
5.906928763826007067e-01,2.626000000000000000e+03
5.907501862570920803e-01,2.626000000000000000e+03
5.908074961315834539e-01,2.626000000000000000e+03
5.908648060060748275e-01,2.627000000000000000e+03
5.909221158805662011e-01,2.628000000000000000e+03
5.909794257550575747e-01,2.628000000000000000e+03
5.910367356295489483e-01,2.628000000000000000e+03
5.910940455040403219e-01,2.629000000000000000e+03
5.911513553785316955e-01,2.629000000000000000e+03
5.912086652530230690e-01,2.629000000000000000e+03
5.912659751275144426e-01,2.630000000000000000e+03
5.913232850020058162e-01,2.630000000000000000e+03
5.913805948764971898e-01,2.630000000000000000e+03
5.914379047509885634e-01,2.630000000000000000e+03
5.914952146254799370e-01,2.630000000000000000e+03
5.915525244999713106e-01,2.631000000000000000e+03
5.916098343744626842e-01,2.631000000000000000e+03
5.916671442489540578e-01,2.631000000000000000e+03
5.917244541234454314e-01,2.632000000000000000e+03
5.917817639979368050e-01,2.633000000000000000e+03
5.918390738724281785e-01,2.636000000000000000e+03
5.918963837469196632e-01,2.636000000000000000e+03
5.919536936214110368e-01,2.637000000000000000e+03
5.920110034959024103e-01,2.638000000000000000e+03
5.920683133703937839e-01,2.639000000000000000e+03
5.921256232448851575e-01,2.639000000000000000e+03
5.921829331193765311e-01,2.639000000000000000e+03
5.922402429938679047e-01,2.641000000000000000e+03
5.922975528683592783e-01,2.641000000000000000e+03
5.923548627428506519e-01,2.641000000000000000e+03
5.924121726173420255e-01,2.642000000000000000e+03
5.924694824918333991e-01,2.642000000000000000e+03
5.925267923663247727e-01,2.642000000000000000e+03
5.925841022408161463e-01,2.643000000000000000e+03
5.926414121153075198e-01,2.644000000000000000e+03
5.926987219897988934e-01,2.645000000000000000e+03
5.927560318642902670e-01,2.645000000000000000e+03
5.928133417387816406e-01,2.646000000000000000e+03
5.928706516132730142e-01,2.646000000000000000e+03
5.929279614877643878e-01,2.646000000000000000e+03
5.929852713622557614e-01,2.647000000000000000e+03
5.930425812367471350e-01,2.647000000000000000e+03
5.930998911112385086e-01,2.648000000000000000e+03
5.931572009857298822e-01,2.648000000000000000e+03
5.932145108602212558e-01,2.649000000000000000e+03
5.932718207347126294e-01,2.649000000000000000e+03
5.933291306092040029e-01,2.650000000000000000e+03
5.933864404836953765e-01,2.650000000000000000e+03
5.934437503581867501e-01,2.650000000000000000e+03
5.935010602326781237e-01,2.651000000000000000e+03
5.935583701071694973e-01,2.651000000000000000e+03
5.936156799816608709e-01,2.652000000000000000e+03
5.936729898561522445e-01,2.653000000000000000e+03
5.937302997306436181e-01,2.653000000000000000e+03
5.937876096051349917e-01,2.653000000000000000e+03
5.938449194796263653e-01,2.654000000000000000e+03
5.939022293541177389e-01,2.655000000000000000e+03
5.939595392286091124e-01,2.656000000000000000e+03
5.940168491031004860e-01,2.657000000000000000e+03
5.940741589775918596e-01,2.657000000000000000e+03
5.941314688520832332e-01,2.658000000000000000e+03
5.941887787265746068e-01,2.658000000000000000e+03
5.942460886010659804e-01,2.658000000000000000e+03
5.943033984755573540e-01,2.658000000000000000e+03
5.943607083500487276e-01,2.659000000000000000e+03
5.944180182245401012e-01,2.659000000000000000e+03
5.944753280990314748e-01,2.659000000000000000e+03
5.945326379735228484e-01,2.660000000000000000e+03
5.945899478480142220e-01,2.661000000000000000e+03
5.946472577225055955e-01,2.661000000000000000e+03
5.947045675969969691e-01,2.662000000000000000e+03
5.947618774714883427e-01,2.663000000000000000e+03
5.948191873459797163e-01,2.663000000000000000e+03
5.948764972204710899e-01,2.664000000000000000e+03
5.949338070949624635e-01,2.665000000000000000e+03
5.949911169694538371e-01,2.665000000000000000e+03
5.950484268439452107e-01,2.666000000000000000e+03
5.951057367184365843e-01,2.666000000000000000e+03
5.951630465929279579e-01,2.666000000000000000e+03
5.952203564674193315e-01,2.667000000000000000e+03
5.952776663419107051e-01,2.667000000000000000e+03
5.953349762164020786e-01,2.667000000000000000e+03
5.953922860908934522e-01,2.667000000000000000e+03
5.954495959653848258e-01,2.668000000000000000e+03
5.955069058398761994e-01,2.668000000000000000e+03
5.955642157143675730e-01,2.669000000000000000e+03
5.956215255888589466e-01,2.670000000000000000e+03
5.956788354633503202e-01,2.670000000000000000e+03
5.957361453378416938e-01,2.671000000000000000e+03
5.957934552123330674e-01,2.672000000000000000e+03
5.958507650868244410e-01,2.672000000000000000e+03
5.959080749613158146e-01,2.672000000000000000e+03
5.959653848358071881e-01,2.673000000000000000e+03
5.960226947102985617e-01,2.674000000000000000e+03
5.960800045847899353e-01,2.674000000000000000e+03
5.961373144592813089e-01,2.675000000000000000e+03
5.961946243337726825e-01,2.675000000000000000e+03
5.962519342082640561e-01,2.675000000000000000e+03
5.963092440827554297e-01,2.675000000000000000e+03
5.963665539572468033e-01,2.676000000000000000e+03
5.964238638317381769e-01,2.677000000000000000e+03
5.964811737062295505e-01,2.677000000000000000e+03
5.965384835807209241e-01,2.677000000000000000e+03
5.965957934552122977e-01,2.677000000000000000e+03
5.966531033297036712e-01,2.678000000000000000e+03
5.967104132041950448e-01,2.678000000000000000e+03
5.967677230786864184e-01,2.678000000000000000e+03
5.968250329531777920e-01,2.678000000000000000e+03
5.968823428276692766e-01,2.679000000000000000e+03
5.969396527021606502e-01,2.679000000000000000e+03
5.969969625766520238e-01,2.679000000000000000e+03
5.970542724511433974e-01,2.680000000000000000e+03
5.971115823256347710e-01,2.680000000000000000e+03
5.971688922001261446e-01,2.681000000000000000e+03
5.972262020746175182e-01,2.681000000000000000e+03
5.972835119491088918e-01,2.683000000000000000e+03
5.973408218236002654e-01,2.683000000000000000e+03
5.973981316980916390e-01,2.685000000000000000e+03
5.974554415725830125e-01,2.685000000000000000e+03
5.975127514470743861e-01,2.685000000000000000e+03
5.975700613215657597e-01,2.686000000000000000e+03
5.976273711960571333e-01,2.687000000000000000e+03
5.976846810705485069e-01,2.687000000000000000e+03
5.977419909450398805e-01,2.687000000000000000e+03
5.977993008195312541e-01,2.687000000000000000e+03
5.978566106940226277e-01,2.687000000000000000e+03
5.979139205685140013e-01,2.687000000000000000e+03
5.979712304430053749e-01,2.687000000000000000e+03
5.980285403174967485e-01,2.688000000000000000e+03
5.980858501919881220e-01,2.689000000000000000e+03
5.981431600664794956e-01,2.689000000000000000e+03
5.982004699409708692e-01,2.690000000000000000e+03
5.982577798154622428e-01,2.691000000000000000e+03
5.983150896899536164e-01,2.691000000000000000e+03
5.983723995644449900e-01,2.691000000000000000e+03
5.984297094389363636e-01,2.691000000000000000e+03
5.984870193134277372e-01,2.692000000000000000e+03
5.985443291879191108e-01,2.692000000000000000e+03
5.986016390624104844e-01,2.694000000000000000e+03
5.986589489369018580e-01,2.694000000000000000e+03
5.987162588113932316e-01,2.694000000000000000e+03
5.987735686858846051e-01,2.694000000000000000e+03
5.988308785603759787e-01,2.695000000000000000e+03
5.988881884348673523e-01,2.695000000000000000e+03
5.989454983093587259e-01,2.696000000000000000e+03
5.990028081838500995e-01,2.697000000000000000e+03
5.990601180583414731e-01,2.697000000000000000e+03
5.991174279328328467e-01,2.698000000000000000e+03
5.991747378073242203e-01,2.698000000000000000e+03
5.992320476818155939e-01,2.699000000000000000e+03
5.992893575563069675e-01,2.699000000000000000e+03
5.993466674307983411e-01,2.701000000000000000e+03
5.994039773052897146e-01,2.702000000000000000e+03
5.994612871797810882e-01,2.702000000000000000e+03
5.995185970542724618e-01,2.703000000000000000e+03
5.995759069287638354e-01,2.703000000000000000e+03
5.996332168032552090e-01,2.704000000000000000e+03
5.996905266777465826e-01,2.704000000000000000e+03
5.997478365522379562e-01,2.705000000000000000e+03
5.998051464267293298e-01,2.706000000000000000e+03
5.998624563012207034e-01,2.706000000000000000e+03
5.999197661757120770e-01,2.706000000000000000e+03
5.999770760502034506e-01,2.707000000000000000e+03
6.000343859246948242e-01,2.708000000000000000e+03
6.000916957991861977e-01,2.708000000000000000e+03
6.001490056736775713e-01,2.708000000000000000e+03
6.002063155481689449e-01,2.708000000000000000e+03
6.002636254226603185e-01,2.710000000000000000e+03
6.003209352971516921e-01,2.710000000000000000e+03
6.003782451716430657e-01,2.711000000000000000e+03
6.004355550461344393e-01,2.711000000000000000e+03
6.004928649206258129e-01,2.711000000000000000e+03
6.005501747951171865e-01,2.713000000000000000e+03
6.006074846696085601e-01,2.713000000000000000e+03
6.006647945440999337e-01,2.714000000000000000e+03
6.007221044185913073e-01,2.714000000000000000e+03
6.007794142930826808e-01,2.714000000000000000e+03
6.008367241675740544e-01,2.714000000000000000e+03
6.008940340420654280e-01,2.714000000000000000e+03
6.009513439165568016e-01,2.715000000000000000e+03
6.010086537910481752e-01,2.716000000000000000e+03
6.010659636655395488e-01,2.717000000000000000e+03
6.011232735400309224e-01,2.717000000000000000e+03
6.011805834145222960e-01,2.717000000000000000e+03
6.012378932890136696e-01,2.717000000000000000e+03
6.012952031635050432e-01,2.717000000000000000e+03
6.013525130379964168e-01,2.718000000000000000e+03
6.014098229124877903e-01,2.719000000000000000e+03
6.014671327869791639e-01,2.719000000000000000e+03
6.015244426614705375e-01,2.722000000000000000e+03
6.015817525359619111e-01,2.722000000000000000e+03
6.016390624104532847e-01,2.723000000000000000e+03
6.016963722849446583e-01,2.723000000000000000e+03
6.017536821594360319e-01,2.723000000000000000e+03
6.018109920339274055e-01,2.724000000000000000e+03
6.018683019084188901e-01,2.724000000000000000e+03
6.019256117829102637e-01,2.724000000000000000e+03
6.019829216574016373e-01,2.725000000000000000e+03
6.020402315318930109e-01,2.725000000000000000e+03
6.020975414063843845e-01,2.726000000000000000e+03
6.021548512808757581e-01,2.726000000000000000e+03
6.022121611553671316e-01,2.726000000000000000e+03
6.022694710298585052e-01,2.726000000000000000e+03
6.023267809043498788e-01,2.726000000000000000e+03
6.023840907788412524e-01,2.727000000000000000e+03
6.024414006533326260e-01,2.728000000000000000e+03
6.024987105278239996e-01,2.729000000000000000e+03
6.025560204023153732e-01,2.730000000000000000e+03
6.026133302768067468e-01,2.730000000000000000e+03
6.026706401512981204e-01,2.731000000000000000e+03
6.027279500257894940e-01,2.732000000000000000e+03
6.027852599002808676e-01,2.733000000000000000e+03
6.028425697747722412e-01,2.733000000000000000e+03
6.028998796492636147e-01,2.733000000000000000e+03
6.029571895237549883e-01,2.733000000000000000e+03
6.030144993982463619e-01,2.734000000000000000e+03
6.030718092727377355e-01,2.734000000000000000e+03
6.031291191472291091e-01,2.734000000000000000e+03
6.031864290217204827e-01,2.734000000000000000e+03
6.032437388962118563e-01,2.735000000000000000e+03
6.033010487707032299e-01,2.735000000000000000e+03
6.033583586451946035e-01,2.736000000000000000e+03
6.034156685196859771e-01,2.737000000000000000e+03
6.034729783941773507e-01,2.739000000000000000e+03
6.035302882686687242e-01,2.739000000000000000e+03
6.035875981431600978e-01,2.739000000000000000e+03
6.036449080176514714e-01,2.740000000000000000e+03
6.037022178921428450e-01,2.740000000000000000e+03
6.037595277666342186e-01,2.741000000000000000e+03
6.038168376411255922e-01,2.742000000000000000e+03
6.038741475156169658e-01,2.742000000000000000e+03
6.039314573901083394e-01,2.742000000000000000e+03
6.039887672645997130e-01,2.743000000000000000e+03
6.040460771390910866e-01,2.744000000000000000e+03
6.041033870135824602e-01,2.744000000000000000e+03
6.041606968880738338e-01,2.745000000000000000e+03
6.042180067625652073e-01,2.746000000000000000e+03
6.042753166370565809e-01,2.746000000000000000e+03
6.043326265115479545e-01,2.747000000000000000e+03
6.043899363860393281e-01,2.747000000000000000e+03
6.044472462605307017e-01,2.747000000000000000e+03
6.045045561350220753e-01,2.747000000000000000e+03
6.045618660095134489e-01,2.747000000000000000e+03
6.046191758840048225e-01,2.748000000000000000e+03
6.046764857584961961e-01,2.748000000000000000e+03
6.047337956329875697e-01,2.749000000000000000e+03
6.047911055074789433e-01,2.749000000000000000e+03
6.048484153819703169e-01,2.749000000000000000e+03
6.049057252564616904e-01,2.750000000000000000e+03
6.049630351309530640e-01,2.751000000000000000e+03
6.050203450054444376e-01,2.752000000000000000e+03
6.050776548799358112e-01,2.752000000000000000e+03
6.051349647544271848e-01,2.752000000000000000e+03
6.051922746289185584e-01,2.753000000000000000e+03
6.052495845034099320e-01,2.754000000000000000e+03
6.053068943779013056e-01,2.755000000000000000e+03
6.053642042523926792e-01,2.755000000000000000e+03
6.054215141268840528e-01,2.755000000000000000e+03
6.054788240013754264e-01,2.755000000000000000e+03
6.055361338758667999e-01,2.755000000000000000e+03
6.055934437503581735e-01,2.756000000000000000e+03
6.056507536248495471e-01,2.757000000000000000e+03
6.057080634993409207e-01,2.758000000000000000e+03
6.057653733738322943e-01,2.758000000000000000e+03
6.058226832483236679e-01,2.758000000000000000e+03
6.058799931228150415e-01,2.759000000000000000e+03
6.059373029973064151e-01,2.760000000000000000e+03
6.059946128717977887e-01,2.760000000000000000e+03
6.060519227462891623e-01,2.761000000000000000e+03
6.061092326207805359e-01,2.761000000000000000e+03
6.061665424952719095e-01,2.762000000000000000e+03
6.062238523697632830e-01,2.762000000000000000e+03
6.062811622442546566e-01,2.763000000000000000e+03
6.063384721187460302e-01,2.764000000000000000e+03
6.063957819932374038e-01,2.764000000000000000e+03
6.064530918677287774e-01,2.764000000000000000e+03
6.065104017422201510e-01,2.765000000000000000e+03
6.065677116167115246e-01,2.765000000000000000e+03
6.066250214912028982e-01,2.765000000000000000e+03
6.066823313656942718e-01,2.766000000000000000e+03
6.067396412401856454e-01,2.766000000000000000e+03
6.067969511146770190e-01,2.766000000000000000e+03
6.068542609891685036e-01,2.766000000000000000e+03
6.069115708636598772e-01,2.767000000000000000e+03
6.069688807381512508e-01,2.768000000000000000e+03
6.070261906126426243e-01,2.769000000000000000e+03
6.070835004871339979e-01,2.769000000000000000e+03
6.071408103616253715e-01,2.769000000000000000e+03
6.071981202361167451e-01,2.769000000000000000e+03
6.072554301106081187e-01,2.771000000000000000e+03
6.073127399850994923e-01,2.771000000000000000e+03
6.073700498595908659e-01,2.774000000000000000e+03
6.074273597340822395e-01,2.775000000000000000e+03
6.074846696085736131e-01,2.776000000000000000e+03
6.075419794830649867e-01,2.777000000000000000e+03
6.075992893575563603e-01,2.778000000000000000e+03
6.076565992320477338e-01,2.778000000000000000e+03
6.077139091065391074e-01,2.779000000000000000e+03
6.077712189810304810e-01,2.779000000000000000e+03
6.078285288555218546e-01,2.779000000000000000e+03
6.078858387300132282e-01,2.779000000000000000e+03
6.079431486045046018e-01,2.780000000000000000e+03
6.080004584789959754e-01,2.781000000000000000e+03
6.080577683534873490e-01,2.782000000000000000e+03
6.081150782279787226e-01,2.782000000000000000e+03
6.081723881024700962e-01,2.782000000000000000e+03
6.082296979769614698e-01,2.784000000000000000e+03
6.082870078514528434e-01,2.784000000000000000e+03
6.083443177259442169e-01,2.785000000000000000e+03
6.084016276004355905e-01,2.785000000000000000e+03
6.084589374749269641e-01,2.786000000000000000e+03
6.085162473494183377e-01,2.786000000000000000e+03
6.085735572239097113e-01,2.786000000000000000e+03
6.086308670984010849e-01,2.786000000000000000e+03
6.086881769728924585e-01,2.787000000000000000e+03
6.087454868473838321e-01,2.787000000000000000e+03
6.088027967218752057e-01,2.787000000000000000e+03
6.088601065963665793e-01,2.789000000000000000e+03
6.089174164708579529e-01,2.790000000000000000e+03
6.089747263453493265e-01,2.790000000000000000e+03
6.090320362198407000e-01,2.790000000000000000e+03
6.090893460943320736e-01,2.790000000000000000e+03
6.091466559688234472e-01,2.791000000000000000e+03
6.092039658433148208e-01,2.791000000000000000e+03
6.092612757178061944e-01,2.791000000000000000e+03
6.093185855922975680e-01,2.792000000000000000e+03
6.093758954667889416e-01,2.792000000000000000e+03
6.094332053412803152e-01,2.795000000000000000e+03
6.094905152157716888e-01,2.795000000000000000e+03
6.095478250902630624e-01,2.796000000000000000e+03
6.096051349647544360e-01,2.796000000000000000e+03
6.096624448392458095e-01,2.797000000000000000e+03
6.097197547137371831e-01,2.797000000000000000e+03
6.097770645882285567e-01,2.797000000000000000e+03
6.098343744627199303e-01,2.797000000000000000e+03
6.098916843372113039e-01,2.798000000000000000e+03
6.099489942117026775e-01,2.798000000000000000e+03
6.100063040861940511e-01,2.799000000000000000e+03
6.100636139606854247e-01,2.801000000000000000e+03
6.101209238351767983e-01,2.801000000000000000e+03
6.101782337096681719e-01,2.801000000000000000e+03
6.102355435841595455e-01,2.803000000000000000e+03
6.102928534586509191e-01,2.803000000000000000e+03
6.103501633331422926e-01,2.803000000000000000e+03
6.104074732076336662e-01,2.803000000000000000e+03
6.104647830821250398e-01,2.804000000000000000e+03
6.105220929566164134e-01,2.804000000000000000e+03
6.105794028311077870e-01,2.805000000000000000e+03
6.106367127055991606e-01,2.805000000000000000e+03
6.106940225800905342e-01,2.805000000000000000e+03
6.107513324545819078e-01,2.805000000000000000e+03
6.108086423290732814e-01,2.806000000000000000e+03
6.108659522035646550e-01,2.807000000000000000e+03
6.109232620780560286e-01,2.808000000000000000e+03
6.109805719525474021e-01,2.808000000000000000e+03
6.110378818270387757e-01,2.809000000000000000e+03
6.110951917015301493e-01,2.810000000000000000e+03
6.111525015760215229e-01,2.810000000000000000e+03
6.112098114505128965e-01,2.810000000000000000e+03
6.112671213250042701e-01,2.810000000000000000e+03
6.113244311994956437e-01,2.811000000000000000e+03
6.113817410739870173e-01,2.811000000000000000e+03
6.114390509484783909e-01,2.811000000000000000e+03
6.114963608229697645e-01,2.812000000000000000e+03
6.115536706974611381e-01,2.813000000000000000e+03
6.116109805719525117e-01,2.813000000000000000e+03
6.116682904464438852e-01,2.815000000000000000e+03
6.117256003209352588e-01,2.816000000000000000e+03
6.117829101954266324e-01,2.816000000000000000e+03
6.118402200699181170e-01,2.816000000000000000e+03
6.118975299444094906e-01,2.817000000000000000e+03
6.119548398189008642e-01,2.818000000000000000e+03
6.120121496933922378e-01,2.818000000000000000e+03
6.120694595678836114e-01,2.818000000000000000e+03
6.121267694423749850e-01,2.818000000000000000e+03
6.121840793168663586e-01,2.819000000000000000e+03
6.122413891913577322e-01,2.819000000000000000e+03
6.122986990658491058e-01,2.819000000000000000e+03
6.123560089403404794e-01,2.820000000000000000e+03
6.124133188148318530e-01,2.820000000000000000e+03
6.124706286893232265e-01,2.820000000000000000e+03
6.125279385638146001e-01,2.821000000000000000e+03
6.125852484383059737e-01,2.822000000000000000e+03
6.126425583127973473e-01,2.822000000000000000e+03
6.126998681872887209e-01,2.823000000000000000e+03
6.127571780617800945e-01,2.825000000000000000e+03
6.128144879362714681e-01,2.826000000000000000e+03
6.128717978107628417e-01,2.826000000000000000e+03
6.129291076852542153e-01,2.826000000000000000e+03
6.129864175597455889e-01,2.827000000000000000e+03
6.130437274342369625e-01,2.828000000000000000e+03
6.131010373087283361e-01,2.829000000000000000e+03
6.131583471832197096e-01,2.830000000000000000e+03
6.132156570577110832e-01,2.830000000000000000e+03
6.132729669322024568e-01,2.830000000000000000e+03
6.133302768066938304e-01,2.830000000000000000e+03
6.133875866811852040e-01,2.831000000000000000e+03
6.134448965556765776e-01,2.831000000000000000e+03
6.135022064301679512e-01,2.832000000000000000e+03
6.135595163046593248e-01,2.833000000000000000e+03
6.136168261791506984e-01,2.833000000000000000e+03
6.136741360536420720e-01,2.833000000000000000e+03
6.137314459281334456e-01,2.833000000000000000e+03
6.137887558026248191e-01,2.833000000000000000e+03
6.138460656771161927e-01,2.833000000000000000e+03
6.139033755516075663e-01,2.834000000000000000e+03
6.139606854260989399e-01,2.834000000000000000e+03
6.140179953005903135e-01,2.834000000000000000e+03
6.140753051750816871e-01,2.836000000000000000e+03
6.141326150495730607e-01,2.836000000000000000e+03
6.141899249240644343e-01,2.836000000000000000e+03
6.142472347985558079e-01,2.837000000000000000e+03
6.143045446730471815e-01,2.837000000000000000e+03
6.143618545475385551e-01,2.838000000000000000e+03
6.144191644220299287e-01,2.838000000000000000e+03
6.144764742965213022e-01,2.838000000000000000e+03
6.145337841710126758e-01,2.838000000000000000e+03
6.145910940455040494e-01,2.838000000000000000e+03
6.146484039199954230e-01,2.838000000000000000e+03
6.147057137944867966e-01,2.839000000000000000e+03
6.147630236689781702e-01,2.839000000000000000e+03
6.148203335434695438e-01,2.840000000000000000e+03
6.148776434179609174e-01,2.841000000000000000e+03
6.149349532924522910e-01,2.842000000000000000e+03
6.149922631669436646e-01,2.842000000000000000e+03
6.150495730414350382e-01,2.842000000000000000e+03
6.151068829159264117e-01,2.842000000000000000e+03
6.151641927904177853e-01,2.842000000000000000e+03
6.152215026649091589e-01,2.843000000000000000e+03
6.152788125394005325e-01,2.843000000000000000e+03
6.153361224138919061e-01,2.843000000000000000e+03
6.153934322883832797e-01,2.843000000000000000e+03
6.154507421628746533e-01,2.844000000000000000e+03
6.155080520373660269e-01,2.844000000000000000e+03
6.155653619118574005e-01,2.845000000000000000e+03
6.156226717863487741e-01,2.845000000000000000e+03
6.156799816608401477e-01,2.845000000000000000e+03
6.157372915353315213e-01,2.845000000000000000e+03
6.157946014098228948e-01,2.846000000000000000e+03
6.158519112843142684e-01,2.846000000000000000e+03
6.159092211588056420e-01,2.846000000000000000e+03
6.159665310332970156e-01,2.846000000000000000e+03
6.160238409077883892e-01,2.847000000000000000e+03
6.160811507822797628e-01,2.847000000000000000e+03
6.161384606567711364e-01,2.848000000000000000e+03
6.161957705312625100e-01,2.849000000000000000e+03
6.162530804057538836e-01,2.849000000000000000e+03
6.163103902802452572e-01,2.849000000000000000e+03
6.163677001547366308e-01,2.849000000000000000e+03
6.164250100292280043e-01,2.850000000000000000e+03
6.164823199037193779e-01,2.850000000000000000e+03
6.165396297782107515e-01,2.850000000000000000e+03
6.165969396527021251e-01,2.851000000000000000e+03
6.166542495271934987e-01,2.853000000000000000e+03
6.167115594016848723e-01,2.855000000000000000e+03
6.167688692761762459e-01,2.856000000000000000e+03
6.168261791506677305e-01,2.858000000000000000e+03
6.168834890251591041e-01,2.859000000000000000e+03
6.169407988996504777e-01,2.860000000000000000e+03
6.169981087741418513e-01,2.860000000000000000e+03
6.170554186486332249e-01,2.860000000000000000e+03
6.171127285231245985e-01,2.861000000000000000e+03
6.171700383976159721e-01,2.861000000000000000e+03
6.172273482721073457e-01,2.862000000000000000e+03
6.172846581465987192e-01,2.862000000000000000e+03
6.173419680210900928e-01,2.862000000000000000e+03
6.173992778955814664e-01,2.863000000000000000e+03
6.174565877700728400e-01,2.863000000000000000e+03
6.175138976445642136e-01,2.864000000000000000e+03
6.175712075190555872e-01,2.866000000000000000e+03
6.176285173935469608e-01,2.866000000000000000e+03
6.176858272680383344e-01,2.867000000000000000e+03
6.177431371425297080e-01,2.867000000000000000e+03
6.178004470170210816e-01,2.868000000000000000e+03
6.178577568915124552e-01,2.869000000000000000e+03
6.179150667660038287e-01,2.871000000000000000e+03
6.179723766404952023e-01,2.871000000000000000e+03
6.180296865149865759e-01,2.874000000000000000e+03
6.180869963894779495e-01,2.874000000000000000e+03
6.181443062639693231e-01,2.875000000000000000e+03
6.182016161384606967e-01,2.875000000000000000e+03
6.182589260129520703e-01,2.876000000000000000e+03
6.183162358874434439e-01,2.877000000000000000e+03
6.183735457619348175e-01,2.880000000000000000e+03
6.184308556364261911e-01,2.881000000000000000e+03
6.184881655109175647e-01,2.881000000000000000e+03
6.185454753854089383e-01,2.881000000000000000e+03
6.186027852599003118e-01,2.883000000000000000e+03
6.186600951343916854e-01,2.883000000000000000e+03
6.187174050088830590e-01,2.883000000000000000e+03
6.187747148833744326e-01,2.884000000000000000e+03
6.188320247578658062e-01,2.884000000000000000e+03
6.188893346323571798e-01,2.884000000000000000e+03
6.189466445068485534e-01,2.884000000000000000e+03
6.190039543813399270e-01,2.884000000000000000e+03
6.190612642558313006e-01,2.885000000000000000e+03
6.191185741303226742e-01,2.886000000000000000e+03
6.191758840048140478e-01,2.887000000000000000e+03
6.192331938793054213e-01,2.887000000000000000e+03
6.192905037537967949e-01,2.888000000000000000e+03
6.193478136282881685e-01,2.888000000000000000e+03
6.194051235027795421e-01,2.888000000000000000e+03
6.194624333772709157e-01,2.889000000000000000e+03
6.195197432517622893e-01,2.890000000000000000e+03
6.195770531262536629e-01,2.891000000000000000e+03
6.196343630007450365e-01,2.892000000000000000e+03
6.196916728752364101e-01,2.894000000000000000e+03
6.197489827497277837e-01,2.896000000000000000e+03
6.198062926242191573e-01,2.896000000000000000e+03
6.198636024987105309e-01,2.897000000000000000e+03
6.199209123732019044e-01,2.897000000000000000e+03
6.199782222476932780e-01,2.897000000000000000e+03
6.200355321221846516e-01,2.898000000000000000e+03
6.200928419966760252e-01,2.899000000000000000e+03
6.201501518711673988e-01,2.899000000000000000e+03
6.202074617456587724e-01,2.899000000000000000e+03
6.202647716201501460e-01,2.900000000000000000e+03
6.203220814946415196e-01,2.900000000000000000e+03
6.203793913691328932e-01,2.901000000000000000e+03
6.204367012436242668e-01,2.901000000000000000e+03
6.204940111181156404e-01,2.902000000000000000e+03
6.205513209926070139e-01,2.902000000000000000e+03
6.206086308670983875e-01,2.902000000000000000e+03
6.206659407415897611e-01,2.903000000000000000e+03
6.207232506160811347e-01,2.904000000000000000e+03
6.207805604905725083e-01,2.904000000000000000e+03
6.208378703650638819e-01,2.904000000000000000e+03
6.208951802395552555e-01,2.905000000000000000e+03
6.209524901140466291e-01,2.905000000000000000e+03
6.210097999885380027e-01,2.905000000000000000e+03
6.210671098630293763e-01,2.905000000000000000e+03
6.211244197375207499e-01,2.906000000000000000e+03
6.211817296120121235e-01,2.906000000000000000e+03
6.212390394865034970e-01,2.907000000000000000e+03
6.212963493609948706e-01,2.907000000000000000e+03
6.213536592354862442e-01,2.907000000000000000e+03
6.214109691099776178e-01,2.908000000000000000e+03
6.214682789844689914e-01,2.909000000000000000e+03
6.215255888589603650e-01,2.909000000000000000e+03
6.215828987334517386e-01,2.911000000000000000e+03
6.216402086079431122e-01,2.911000000000000000e+03
6.216975184824344858e-01,2.911000000000000000e+03
6.217548283569258594e-01,2.912000000000000000e+03
6.218121382314172330e-01,2.913000000000000000e+03
6.218694481059087176e-01,2.915000000000000000e+03
6.219267579804000912e-01,2.919000000000000000e+03
6.219840678548914648e-01,2.920000000000000000e+03
6.220413777293828383e-01,2.921000000000000000e+03
6.220986876038742119e-01,2.922000000000000000e+03
6.221559974783655855e-01,2.922000000000000000e+03
6.222133073528569591e-01,2.923000000000000000e+03
6.222706172273483327e-01,2.924000000000000000e+03
6.223279271018397063e-01,2.925000000000000000e+03
6.223852369763310799e-01,2.925000000000000000e+03
6.224425468508224535e-01,2.928000000000000000e+03
6.224998567253138271e-01,2.929000000000000000e+03
6.225571665998052007e-01,2.930000000000000000e+03
6.226144764742965743e-01,2.930000000000000000e+03
6.226717863487879479e-01,2.931000000000000000e+03
6.227290962232793214e-01,2.931000000000000000e+03
6.227864060977706950e-01,2.932000000000000000e+03
6.228437159722620686e-01,2.932000000000000000e+03
6.229010258467534422e-01,2.934000000000000000e+03
6.229583357212448158e-01,2.934000000000000000e+03
6.230156455957361894e-01,2.935000000000000000e+03
6.230729554702275630e-01,2.935000000000000000e+03
6.231302653447189366e-01,2.935000000000000000e+03
6.231875752192103102e-01,2.936000000000000000e+03
6.232448850937016838e-01,2.937000000000000000e+03
6.233021949681930574e-01,2.940000000000000000e+03
6.233595048426844309e-01,2.940000000000000000e+03
6.234168147171758045e-01,2.941000000000000000e+03
6.234741245916671781e-01,2.941000000000000000e+03
6.235314344661585517e-01,2.942000000000000000e+03
6.235887443406499253e-01,2.942000000000000000e+03
6.236460542151412989e-01,2.943000000000000000e+03
6.237033640896326725e-01,2.943000000000000000e+03
6.237606739641240461e-01,2.943000000000000000e+03
6.238179838386154197e-01,2.944000000000000000e+03
6.238752937131067933e-01,2.945000000000000000e+03
6.239326035875981669e-01,2.946000000000000000e+03
6.239899134620895405e-01,2.946000000000000000e+03
6.240472233365809140e-01,2.946000000000000000e+03
6.241045332110722876e-01,2.946000000000000000e+03
6.241618430855636612e-01,2.947000000000000000e+03
6.242191529600550348e-01,2.948000000000000000e+03
6.242764628345464084e-01,2.948000000000000000e+03
6.243337727090377820e-01,2.948000000000000000e+03
6.243910825835291556e-01,2.948000000000000000e+03
6.244483924580205292e-01,2.949000000000000000e+03
6.245057023325119028e-01,2.949000000000000000e+03
6.245630122070032764e-01,2.949000000000000000e+03
6.246203220814946500e-01,2.949000000000000000e+03
6.246776319559860235e-01,2.949000000000000000e+03
6.247349418304773971e-01,2.950000000000000000e+03
6.247922517049687707e-01,2.952000000000000000e+03
6.248495615794601443e-01,2.952000000000000000e+03
6.249068714539515179e-01,2.953000000000000000e+03
6.249641813284428915e-01,2.953000000000000000e+03
6.250214912029342651e-01,2.953000000000000000e+03
6.250788010774256387e-01,2.953000000000000000e+03
6.251361109519170123e-01,2.954000000000000000e+03
6.251934208264083859e-01,2.954000000000000000e+03
6.252507307008997595e-01,2.955000000000000000e+03
6.253080405753911331e-01,2.955000000000000000e+03
6.253653504498825066e-01,2.955000000000000000e+03
6.254226603243738802e-01,2.956000000000000000e+03
6.254799701988652538e-01,2.956000000000000000e+03
6.255372800733566274e-01,2.957000000000000000e+03
6.255945899478480010e-01,2.957000000000000000e+03
6.256518998223393746e-01,2.958000000000000000e+03
6.257092096968307482e-01,2.959000000000000000e+03
6.257665195713221218e-01,2.959000000000000000e+03
6.258238294458134954e-01,2.960000000000000000e+03
6.258811393203048690e-01,2.961000000000000000e+03
6.259384491947962426e-01,2.961000000000000000e+03
6.259957590692876161e-01,2.962000000000000000e+03
6.260530689437789897e-01,2.962000000000000000e+03
6.261103788182703633e-01,2.962000000000000000e+03
6.261676886927617369e-01,2.963000000000000000e+03
6.262249985672531105e-01,2.963000000000000000e+03
6.262823084417444841e-01,2.963000000000000000e+03
6.263396183162358577e-01,2.964000000000000000e+03
6.263969281907272313e-01,2.964000000000000000e+03
6.264542380652186049e-01,2.964000000000000000e+03
6.265115479397099785e-01,2.964000000000000000e+03
6.265688578142013521e-01,2.966000000000000000e+03
6.266261676886927257e-01,2.966000000000000000e+03
6.266834775631840992e-01,2.966000000000000000e+03
6.267407874376754728e-01,2.966000000000000000e+03
6.267980973121668464e-01,2.967000000000000000e+03
6.268554071866583310e-01,2.967000000000000000e+03
6.269127170611497046e-01,2.967000000000000000e+03
6.269700269356410782e-01,2.968000000000000000e+03
6.270273368101324518e-01,2.968000000000000000e+03
6.270846466846238254e-01,2.969000000000000000e+03
6.271419565591151990e-01,2.969000000000000000e+03
6.271992664336065726e-01,2.971000000000000000e+03
6.272565763080979462e-01,2.971000000000000000e+03
6.273138861825893198e-01,2.972000000000000000e+03
6.273711960570806934e-01,2.973000000000000000e+03
6.274285059315720670e-01,2.974000000000000000e+03
6.274858158060634405e-01,2.974000000000000000e+03
6.275431256805548141e-01,2.976000000000000000e+03
6.276004355550461877e-01,2.978000000000000000e+03
6.276577454295375613e-01,2.978000000000000000e+03
6.277150553040289349e-01,2.979000000000000000e+03
6.277723651785203085e-01,2.981000000000000000e+03
6.278296750530116821e-01,2.981000000000000000e+03
6.278869849275030557e-01,2.982000000000000000e+03
6.279442948019944293e-01,2.982000000000000000e+03
6.280016046764858029e-01,2.982000000000000000e+03
6.280589145509771765e-01,2.983000000000000000e+03
6.281162244254685501e-01,2.984000000000000000e+03
6.281735342999599236e-01,2.984000000000000000e+03
6.282308441744512972e-01,2.984000000000000000e+03
6.282881540489426708e-01,2.984000000000000000e+03
6.283454639234340444e-01,2.985000000000000000e+03
6.284027737979254180e-01,2.985000000000000000e+03
6.284600836724167916e-01,2.985000000000000000e+03
6.285173935469081652e-01,2.986000000000000000e+03
6.285747034213995388e-01,2.988000000000000000e+03
6.286320132958909124e-01,2.988000000000000000e+03
6.286893231703822860e-01,2.988000000000000000e+03
6.287466330448736596e-01,2.988000000000000000e+03
6.288039429193650331e-01,2.988000000000000000e+03
6.288612527938564067e-01,2.988000000000000000e+03
6.289185626683477803e-01,2.989000000000000000e+03
6.289758725428391539e-01,2.990000000000000000e+03
6.290331824173305275e-01,2.992000000000000000e+03
6.290904922918219011e-01,2.992000000000000000e+03
6.291478021663132747e-01,2.992000000000000000e+03
6.292051120408046483e-01,2.993000000000000000e+03
6.292624219152960219e-01,2.993000000000000000e+03
6.293197317897873955e-01,2.993000000000000000e+03
6.293770416642787691e-01,2.994000000000000000e+03
6.294343515387701427e-01,2.994000000000000000e+03
6.294916614132615162e-01,2.994000000000000000e+03
6.295489712877528898e-01,2.995000000000000000e+03
6.296062811622442634e-01,2.995000000000000000e+03
6.296635910367356370e-01,2.997000000000000000e+03
6.297209009112270106e-01,2.997000000000000000e+03
6.297782107857183842e-01,2.998000000000000000e+03
6.298355206602097578e-01,2.999000000000000000e+03
6.298928305347011314e-01,2.999000000000000000e+03
6.299501404091925050e-01,3.000000000000000000e+03
6.300074502836838786e-01,3.001000000000000000e+03
6.300647601581752522e-01,3.002000000000000000e+03
6.301220700326666257e-01,3.003000000000000000e+03
6.301793799071579993e-01,3.003000000000000000e+03
6.302366897816493729e-01,3.004000000000000000e+03
6.302939996561407465e-01,3.004000000000000000e+03
6.303513095306321201e-01,3.005000000000000000e+03
6.304086194051234937e-01,3.005000000000000000e+03
6.304659292796148673e-01,3.006000000000000000e+03
6.305232391541062409e-01,3.007000000000000000e+03
6.305805490285976145e-01,3.007000000000000000e+03
6.306378589030889881e-01,3.007000000000000000e+03
6.306951687775803617e-01,3.008000000000000000e+03
6.307524786520717353e-01,3.008000000000000000e+03
6.308097885265631088e-01,3.008000000000000000e+03
6.308670984010544824e-01,3.008000000000000000e+03
6.309244082755458560e-01,3.011000000000000000e+03
6.309817181500372296e-01,3.012000000000000000e+03
6.310390280245286032e-01,3.012000000000000000e+03
6.310963378990199768e-01,3.012000000000000000e+03
6.311536477735113504e-01,3.012000000000000000e+03
6.312109576480027240e-01,3.012000000000000000e+03
6.312682675224940976e-01,3.013000000000000000e+03
6.313255773969854712e-01,3.014000000000000000e+03
6.313828872714768448e-01,3.015000000000000000e+03
6.314401971459682184e-01,3.016000000000000000e+03
6.314975070204595919e-01,3.016000000000000000e+03
6.315548168949509655e-01,3.016000000000000000e+03
6.316121267694423391e-01,3.016000000000000000e+03
6.316694366439337127e-01,3.016000000000000000e+03
6.317267465184250863e-01,3.019000000000000000e+03
6.317840563929164599e-01,3.019000000000000000e+03
6.318413662674079445e-01,3.020000000000000000e+03
6.318986761418993181e-01,3.020000000000000000e+03
6.319559860163906917e-01,3.021000000000000000e+03
6.320132958908820653e-01,3.023000000000000000e+03
6.320706057653734389e-01,3.023000000000000000e+03
6.321279156398648125e-01,3.024000000000000000e+03
6.321852255143561861e-01,3.025000000000000000e+03
6.322425353888475597e-01,3.026000000000000000e+03
6.322998452633389332e-01,3.026000000000000000e+03
6.323571551378303068e-01,3.026000000000000000e+03
6.324144650123216804e-01,3.027000000000000000e+03
6.324717748868130540e-01,3.027000000000000000e+03
6.325290847613044276e-01,3.028000000000000000e+03
6.325863946357958012e-01,3.029000000000000000e+03
6.326437045102871748e-01,3.031000000000000000e+03
6.327010143847785484e-01,3.031000000000000000e+03
6.327583242592699220e-01,3.033000000000000000e+03
6.328156341337612956e-01,3.034000000000000000e+03
6.328729440082526692e-01,3.036000000000000000e+03
6.329302538827440427e-01,3.036000000000000000e+03
6.329875637572354163e-01,3.037000000000000000e+03
6.330448736317267899e-01,3.037000000000000000e+03
6.331021835062181635e-01,3.037000000000000000e+03
6.331594933807095371e-01,3.037000000000000000e+03
6.332168032552009107e-01,3.038000000000000000e+03
6.332741131296922843e-01,3.038000000000000000e+03
6.333314230041836579e-01,3.038000000000000000e+03
6.333887328786750315e-01,3.039000000000000000e+03
6.334460427531664051e-01,3.039000000000000000e+03
6.335033526276577787e-01,3.039000000000000000e+03
6.335606625021491523e-01,3.039000000000000000e+03
6.336179723766405258e-01,3.039000000000000000e+03
6.336752822511318994e-01,3.040000000000000000e+03
6.337325921256232730e-01,3.040000000000000000e+03
6.337899020001146466e-01,3.040000000000000000e+03
6.338472118746060202e-01,3.040000000000000000e+03
6.339045217490973938e-01,3.041000000000000000e+03
6.339618316235887674e-01,3.041000000000000000e+03
6.340191414980801410e-01,3.042000000000000000e+03
6.340764513725715146e-01,3.043000000000000000e+03
6.341337612470628882e-01,3.043000000000000000e+03
6.341910711215542618e-01,3.045000000000000000e+03
6.342483809960456353e-01,3.046000000000000000e+03
6.343056908705370089e-01,3.047000000000000000e+03
6.343630007450283825e-01,3.047000000000000000e+03
6.344203106195197561e-01,3.048000000000000000e+03
6.344776204940111297e-01,3.048000000000000000e+03
6.345349303685025033e-01,3.049000000000000000e+03
6.345922402429938769e-01,3.050000000000000000e+03
6.346495501174852505e-01,3.051000000000000000e+03
6.347068599919766241e-01,3.051000000000000000e+03
6.347641698664679977e-01,3.051000000000000000e+03
6.348214797409593713e-01,3.055000000000000000e+03
6.348787896154507449e-01,3.055000000000000000e+03
6.349360994899421184e-01,3.057000000000000000e+03
6.349934093644334920e-01,3.057000000000000000e+03
6.350507192389248656e-01,3.057000000000000000e+03
6.351080291134162392e-01,3.057000000000000000e+03
6.351653389879076128e-01,3.058000000000000000e+03
6.352226488623989864e-01,3.059000000000000000e+03
6.352799587368903600e-01,3.059000000000000000e+03
6.353372686113817336e-01,3.059000000000000000e+03
6.353945784858731072e-01,3.059000000000000000e+03
6.354518883603644808e-01,3.060000000000000000e+03
6.355091982348558544e-01,3.060000000000000000e+03
6.355665081093472280e-01,3.061000000000000000e+03
6.356238179838386015e-01,3.063000000000000000e+03
6.356811278583299751e-01,3.063000000000000000e+03
6.357384377328213487e-01,3.064000000000000000e+03
6.357957476073127223e-01,3.064000000000000000e+03
6.358530574818040959e-01,3.065000000000000000e+03
6.359103673562954695e-01,3.066000000000000000e+03
6.359676772307868431e-01,3.067000000000000000e+03
6.360249871052782167e-01,3.067000000000000000e+03
6.360822969797695903e-01,3.067000000000000000e+03
6.361396068542609639e-01,3.069000000000000000e+03
6.361969167287523375e-01,3.070000000000000000e+03
6.362542266032437110e-01,3.070000000000000000e+03
6.363115364777350846e-01,3.072000000000000000e+03
6.363688463522264582e-01,3.074000000000000000e+03
6.364261562267178318e-01,3.075000000000000000e+03
6.364834661012092054e-01,3.077000000000000000e+03
6.365407759757005790e-01,3.077000000000000000e+03
6.365980858501919526e-01,3.077000000000000000e+03
6.366553957246833262e-01,3.078000000000000000e+03
6.367127055991746998e-01,3.079000000000000000e+03
6.367700154736660734e-01,3.081000000000000000e+03
6.368273253481575580e-01,3.082000000000000000e+03
6.368846352226489316e-01,3.083000000000000000e+03
6.369419450971403052e-01,3.085000000000000000e+03
6.369992549716316788e-01,3.085000000000000000e+03
6.370565648461230523e-01,3.086000000000000000e+03
6.371138747206144259e-01,3.086000000000000000e+03
6.371711845951057995e-01,3.086000000000000000e+03
6.372284944695971731e-01,3.086000000000000000e+03
6.372858043440885467e-01,3.086000000000000000e+03
6.373431142185799203e-01,3.087000000000000000e+03
6.374004240930712939e-01,3.089000000000000000e+03
6.374577339675626675e-01,3.089000000000000000e+03
6.375150438420540411e-01,3.090000000000000000e+03
6.375723537165454147e-01,3.092000000000000000e+03
6.376296635910367883e-01,3.092000000000000000e+03
6.376869734655281619e-01,3.093000000000000000e+03
6.377442833400195354e-01,3.093000000000000000e+03
6.378015932145109090e-01,3.093000000000000000e+03
6.378589030890022826e-01,3.094000000000000000e+03
6.379162129634936562e-01,3.094000000000000000e+03
6.379735228379850298e-01,3.094000000000000000e+03
6.380308327124764034e-01,3.096000000000000000e+03
6.380881425869677770e-01,3.096000000000000000e+03
6.381454524614591506e-01,3.097000000000000000e+03
6.382027623359505242e-01,3.097000000000000000e+03
6.382600722104418978e-01,3.099000000000000000e+03
6.383173820849332714e-01,3.099000000000000000e+03
6.383746919594246449e-01,3.100000000000000000e+03
6.384320018339160185e-01,3.100000000000000000e+03
6.384893117084073921e-01,3.101000000000000000e+03
6.385466215828987657e-01,3.101000000000000000e+03
6.386039314573901393e-01,3.101000000000000000e+03
6.386612413318815129e-01,3.102000000000000000e+03
6.387185512063728865e-01,3.102000000000000000e+03
6.387758610808642601e-01,3.103000000000000000e+03
6.388331709553556337e-01,3.104000000000000000e+03
6.388904808298470073e-01,3.106000000000000000e+03
6.389477907043383809e-01,3.106000000000000000e+03
6.390051005788297545e-01,3.106000000000000000e+03
6.390624104533211280e-01,3.107000000000000000e+03
6.391197203278125016e-01,3.108000000000000000e+03
6.391770302023038752e-01,3.109000000000000000e+03
6.392343400767952488e-01,3.110000000000000000e+03
6.392916499512866224e-01,3.112000000000000000e+03
6.393489598257779960e-01,3.112000000000000000e+03
6.394062697002693696e-01,3.113000000000000000e+03
6.394635795747607432e-01,3.114000000000000000e+03
6.395208894492521168e-01,3.114000000000000000e+03
6.395781993237434904e-01,3.114000000000000000e+03
6.396355091982348640e-01,3.114000000000000000e+03
6.396928190727262376e-01,3.115000000000000000e+03
6.397501289472176111e-01,3.115000000000000000e+03
6.398074388217089847e-01,3.116000000000000000e+03
6.398647486962003583e-01,3.117000000000000000e+03
6.399220585706917319e-01,3.117000000000000000e+03
6.399793684451831055e-01,3.118000000000000000e+03
6.400366783196744791e-01,3.118000000000000000e+03
6.400939881941658527e-01,3.119000000000000000e+03
6.401512980686572263e-01,3.120000000000000000e+03
6.402086079431485999e-01,3.122000000000000000e+03
6.402659178176399735e-01,3.123000000000000000e+03
6.403232276921313471e-01,3.124000000000000000e+03
6.403805375666227206e-01,3.124000000000000000e+03
6.404378474411140942e-01,3.124000000000000000e+03
6.404951573156054678e-01,3.125000000000000000e+03
6.405524671900968414e-01,3.125000000000000000e+03
6.406097770645882150e-01,3.126000000000000000e+03
6.406670869390795886e-01,3.126000000000000000e+03
6.407243968135709622e-01,3.126000000000000000e+03
6.407817066880623358e-01,3.126000000000000000e+03
6.408390165625537094e-01,3.126000000000000000e+03
6.408963264370450830e-01,3.127000000000000000e+03
6.409536363115364566e-01,3.128000000000000000e+03
6.410109461860278302e-01,3.128000000000000000e+03
6.410682560605192037e-01,3.128000000000000000e+03
6.411255659350105773e-01,3.130000000000000000e+03
6.411828758095019509e-01,3.130000000000000000e+03
6.412401856839933245e-01,3.130000000000000000e+03
6.412974955584846981e-01,3.131000000000000000e+03
6.413548054329760717e-01,3.133000000000000000e+03
6.414121153074674453e-01,3.136000000000000000e+03
6.414694251819588189e-01,3.136000000000000000e+03
6.415267350564501925e-01,3.136000000000000000e+03
6.415840449309415661e-01,3.136000000000000000e+03
6.416413548054329397e-01,3.139000000000000000e+03
6.416986646799243132e-01,3.140000000000000000e+03
6.417559745544156868e-01,3.141000000000000000e+03
6.418132844289071715e-01,3.141000000000000000e+03
6.418705943033985450e-01,3.142000000000000000e+03
6.419279041778899186e-01,3.142000000000000000e+03
6.419852140523812922e-01,3.143000000000000000e+03
6.420425239268726658e-01,3.144000000000000000e+03
6.420998338013640394e-01,3.144000000000000000e+03
6.421571436758554130e-01,3.145000000000000000e+03
6.422144535503467866e-01,3.146000000000000000e+03
6.422717634248381602e-01,3.147000000000000000e+03
6.423290732993295338e-01,3.147000000000000000e+03
6.423863831738209074e-01,3.148000000000000000e+03
6.424436930483122810e-01,3.149000000000000000e+03
6.425010029228036545e-01,3.149000000000000000e+03
6.425583127972950281e-01,3.150000000000000000e+03
6.426156226717864017e-01,3.151000000000000000e+03
6.426729325462777753e-01,3.152000000000000000e+03
6.427302424207691489e-01,3.154000000000000000e+03
6.427875522952605225e-01,3.154000000000000000e+03
6.428448621697518961e-01,3.155000000000000000e+03
6.429021720442432697e-01,3.155000000000000000e+03
6.429594819187346433e-01,3.155000000000000000e+03
6.430167917932260169e-01,3.157000000000000000e+03
6.430741016677173905e-01,3.157000000000000000e+03
6.431314115422087641e-01,3.158000000000000000e+03
6.431887214167001376e-01,3.158000000000000000e+03
6.432460312911915112e-01,3.158000000000000000e+03
6.433033411656828848e-01,3.159000000000000000e+03
6.433606510401742584e-01,3.159000000000000000e+03
6.434179609146656320e-01,3.160000000000000000e+03
6.434752707891570056e-01,3.160000000000000000e+03
6.435325806636483792e-01,3.160000000000000000e+03
6.435898905381397528e-01,3.160000000000000000e+03
6.436472004126311264e-01,3.162000000000000000e+03
6.437045102871225000e-01,3.163000000000000000e+03
6.437618201616138736e-01,3.164000000000000000e+03
6.438191300361052472e-01,3.164000000000000000e+03
6.438764399105966207e-01,3.164000000000000000e+03
6.439337497850879943e-01,3.165000000000000000e+03
6.439910596595793679e-01,3.166000000000000000e+03
6.440483695340707415e-01,3.167000000000000000e+03
6.441056794085621151e-01,3.168000000000000000e+03
6.441629892830534887e-01,3.169000000000000000e+03
6.442202991575448623e-01,3.171000000000000000e+03
6.442776090320362359e-01,3.172000000000000000e+03
6.443349189065276095e-01,3.173000000000000000e+03
6.443922287810189831e-01,3.174000000000000000e+03
6.444495386555103567e-01,3.175000000000000000e+03
6.445068485300017302e-01,3.175000000000000000e+03
6.445641584044931038e-01,3.175000000000000000e+03
6.446214682789844774e-01,3.176000000000000000e+03
6.446787781534758510e-01,3.176000000000000000e+03
6.447360880279672246e-01,3.177000000000000000e+03
6.447933979024585982e-01,3.178000000000000000e+03
6.448507077769499718e-01,3.180000000000000000e+03
6.449080176514413454e-01,3.182000000000000000e+03
6.449653275259327190e-01,3.183000000000000000e+03
6.450226374004240926e-01,3.183000000000000000e+03
6.450799472749154662e-01,3.184000000000000000e+03
6.451372571494068398e-01,3.184000000000000000e+03
6.451945670238982133e-01,3.184000000000000000e+03
6.452518768983895869e-01,3.184000000000000000e+03
6.453091867728809605e-01,3.185000000000000000e+03
6.453664966473723341e-01,3.187000000000000000e+03
6.454238065218637077e-01,3.187000000000000000e+03
6.454811163963550813e-01,3.187000000000000000e+03
6.455384262708464549e-01,3.188000000000000000e+03
6.455957361453378285e-01,3.188000000000000000e+03
6.456530460198292021e-01,3.188000000000000000e+03
6.457103558943205757e-01,3.190000000000000000e+03
6.457676657688119493e-01,3.191000000000000000e+03
6.458249756433033228e-01,3.191000000000000000e+03
6.458822855177946964e-01,3.191000000000000000e+03
6.459395953922860700e-01,3.192000000000000000e+03
6.459969052667774436e-01,3.192000000000000000e+03
6.460542151412688172e-01,3.192000000000000000e+03
6.461115250157601908e-01,3.194000000000000000e+03
6.461688348902515644e-01,3.194000000000000000e+03
6.462261447647429380e-01,3.195000000000000000e+03
6.462834546392343116e-01,3.195000000000000000e+03
6.463407645137256852e-01,3.195000000000000000e+03
6.463980743882170588e-01,3.195000000000000000e+03
6.464553842627084324e-01,3.198000000000000000e+03
6.465126941371998059e-01,3.199000000000000000e+03
6.465700040116911795e-01,3.199000000000000000e+03
6.466273138861825531e-01,3.199000000000000000e+03
6.466846237606739267e-01,3.199000000000000000e+03
6.467419336351653003e-01,3.200000000000000000e+03
6.467992435096567849e-01,3.200000000000000000e+03
6.468565533841481585e-01,3.201000000000000000e+03
6.469138632586395321e-01,3.201000000000000000e+03
6.469711731331309057e-01,3.201000000000000000e+03
6.470284830076222793e-01,3.202000000000000000e+03
6.470857928821136529e-01,3.202000000000000000e+03
6.471431027566050265e-01,3.202000000000000000e+03
6.472004126310964001e-01,3.203000000000000000e+03
6.472577225055877737e-01,3.203000000000000000e+03
6.473150323800791472e-01,3.203000000000000000e+03
6.473723422545705208e-01,3.204000000000000000e+03
6.474296521290618944e-01,3.205000000000000000e+03
6.474869620035532680e-01,3.206000000000000000e+03
6.475442718780446416e-01,3.206000000000000000e+03
6.476015817525360152e-01,3.206000000000000000e+03
6.476588916270273888e-01,3.206000000000000000e+03
6.477162015015187624e-01,3.207000000000000000e+03
6.477735113760101360e-01,3.208000000000000000e+03
6.478308212505015096e-01,3.209000000000000000e+03
6.478881311249928832e-01,3.211000000000000000e+03
6.479454409994842567e-01,3.211000000000000000e+03
6.480027508739756303e-01,3.212000000000000000e+03
6.480600607484670039e-01,3.212000000000000000e+03
6.481173706229583775e-01,3.212000000000000000e+03
6.481746804974497511e-01,3.214000000000000000e+03
6.482319903719411247e-01,3.215000000000000000e+03
6.482893002464324983e-01,3.216000000000000000e+03
6.483466101209238719e-01,3.216000000000000000e+03
6.484039199954152455e-01,3.216000000000000000e+03
6.484612298699066191e-01,3.217000000000000000e+03
6.485185397443979927e-01,3.217000000000000000e+03
6.485758496188893663e-01,3.219000000000000000e+03
6.486331594933807398e-01,3.220000000000000000e+03
6.486904693678721134e-01,3.220000000000000000e+03
6.487477792423634870e-01,3.221000000000000000e+03
6.488050891168548606e-01,3.222000000000000000e+03
6.488623989913462342e-01,3.222000000000000000e+03
6.489197088658376078e-01,3.223000000000000000e+03
6.489770187403289814e-01,3.224000000000000000e+03
6.490343286148203550e-01,3.225000000000000000e+03
6.490916384893117286e-01,3.226000000000000000e+03
6.491489483638031022e-01,3.226000000000000000e+03
6.492062582382944758e-01,3.226000000000000000e+03
6.492635681127858494e-01,3.227000000000000000e+03
6.493208779872772229e-01,3.227000000000000000e+03
6.493781878617685965e-01,3.228000000000000000e+03
6.494354977362599701e-01,3.228000000000000000e+03
6.494928076107513437e-01,3.228000000000000000e+03
6.495501174852427173e-01,3.228000000000000000e+03
6.496074273597340909e-01,3.228000000000000000e+03
6.496647372342254645e-01,3.230000000000000000e+03
6.497220471087168381e-01,3.231000000000000000e+03
6.497793569832082117e-01,3.231000000000000000e+03
6.498366668576995853e-01,3.232000000000000000e+03
6.498939767321909589e-01,3.232000000000000000e+03
6.499512866066823324e-01,3.232000000000000000e+03
6.500085964811737060e-01,3.232000000000000000e+03
6.500659063556650796e-01,3.232000000000000000e+03
6.501232162301564532e-01,3.234000000000000000e+03
6.501805261046478268e-01,3.235000000000000000e+03
6.502378359791392004e-01,3.236000000000000000e+03
6.502951458536305740e-01,3.236000000000000000e+03
6.503524557281219476e-01,3.236000000000000000e+03
6.504097656026133212e-01,3.236000000000000000e+03
6.504670754771046948e-01,3.240000000000000000e+03
6.505243853515960684e-01,3.240000000000000000e+03
6.505816952260874420e-01,3.240000000000000000e+03
6.506390051005788155e-01,3.240000000000000000e+03
6.506963149750701891e-01,3.240000000000000000e+03
6.507536248495615627e-01,3.241000000000000000e+03
6.508109347240529363e-01,3.241000000000000000e+03
6.508682445985443099e-01,3.242000000000000000e+03
6.509255544730356835e-01,3.242000000000000000e+03
6.509828643475270571e-01,3.243000000000000000e+03
6.510401742220184307e-01,3.243000000000000000e+03
6.510974840965098043e-01,3.244000000000000000e+03
6.511547939710011779e-01,3.246000000000000000e+03
6.512121038454925515e-01,3.247000000000000000e+03
6.512694137199839250e-01,3.247000000000000000e+03
6.513267235944752986e-01,3.248000000000000000e+03
6.513840334689666722e-01,3.248000000000000000e+03
6.514413433434580458e-01,3.249000000000000000e+03
6.514986532179494194e-01,3.250000000000000000e+03
6.515559630924407930e-01,3.251000000000000000e+03
6.516132729669321666e-01,3.251000000000000000e+03
6.516705828414235402e-01,3.252000000000000000e+03
6.517278927159149138e-01,3.252000000000000000e+03
6.517852025904063984e-01,3.255000000000000000e+03
6.518425124648977720e-01,3.256000000000000000e+03
6.518998223393891456e-01,3.256000000000000000e+03
6.519571322138805192e-01,3.257000000000000000e+03
6.520144420883718928e-01,3.257000000000000000e+03
6.520717519628632663e-01,3.257000000000000000e+03
6.521290618373546399e-01,3.258000000000000000e+03
6.521863717118460135e-01,3.258000000000000000e+03
6.522436815863373871e-01,3.259000000000000000e+03
6.523009914608287607e-01,3.259000000000000000e+03
6.523583013353201343e-01,3.259000000000000000e+03
6.524156112098115079e-01,3.260000000000000000e+03
6.524729210843028815e-01,3.260000000000000000e+03
6.525302309587942551e-01,3.261000000000000000e+03
6.525875408332856287e-01,3.261000000000000000e+03
6.526448507077770023e-01,3.261000000000000000e+03
6.527021605822683759e-01,3.262000000000000000e+03
6.527594704567597494e-01,3.262000000000000000e+03
6.528167803312511230e-01,3.263000000000000000e+03
6.528740902057424966e-01,3.264000000000000000e+03
6.529314000802338702e-01,3.265000000000000000e+03
6.529887099547252438e-01,3.265000000000000000e+03
6.530460198292166174e-01,3.267000000000000000e+03
6.531033297037079910e-01,3.267000000000000000e+03
6.531606395781993646e-01,3.267000000000000000e+03
6.532179494526907382e-01,3.268000000000000000e+03
6.532752593271821118e-01,3.269000000000000000e+03
6.533325692016734854e-01,3.269000000000000000e+03
6.533898790761648590e-01,3.269000000000000000e+03
6.534471889506562325e-01,3.270000000000000000e+03
6.535044988251476061e-01,3.272000000000000000e+03
6.535618086996389797e-01,3.272000000000000000e+03
6.536191185741303533e-01,3.273000000000000000e+03
6.536764284486217269e-01,3.273000000000000000e+03
6.537337383231131005e-01,3.273000000000000000e+03
6.537910481976044741e-01,3.273000000000000000e+03
6.538483580720958477e-01,3.274000000000000000e+03
6.539056679465872213e-01,3.275000000000000000e+03
6.539629778210785949e-01,3.275000000000000000e+03
6.540202876955699685e-01,3.275000000000000000e+03
6.540775975700613420e-01,3.276000000000000000e+03
6.541349074445527156e-01,3.276000000000000000e+03
6.541922173190440892e-01,3.276000000000000000e+03
6.542495271935354628e-01,3.277000000000000000e+03
6.543068370680268364e-01,3.277000000000000000e+03
6.543641469425182100e-01,3.277000000000000000e+03
6.544214568170095836e-01,3.277000000000000000e+03
6.544787666915009572e-01,3.277000000000000000e+03
6.545360765659923308e-01,3.278000000000000000e+03
6.545933864404837044e-01,3.278000000000000000e+03
6.546506963149750780e-01,3.279000000000000000e+03
6.547080061894664516e-01,3.280000000000000000e+03
6.547653160639578251e-01,3.281000000000000000e+03
6.548226259384491987e-01,3.282000000000000000e+03
6.548799358129405723e-01,3.282000000000000000e+03
6.549372456874319459e-01,3.282000000000000000e+03
6.549945555619233195e-01,3.282000000000000000e+03
6.550518654364146931e-01,3.283000000000000000e+03
6.551091753109060667e-01,3.284000000000000000e+03
6.551664851853974403e-01,3.286000000000000000e+03
6.552237950598888139e-01,3.286000000000000000e+03
6.552811049343801875e-01,3.287000000000000000e+03
6.553384148088715611e-01,3.287000000000000000e+03
6.553957246833629346e-01,3.288000000000000000e+03
6.554530345578543082e-01,3.288000000000000000e+03
6.555103444323456818e-01,3.289000000000000000e+03
6.555676543068370554e-01,3.290000000000000000e+03
6.556249641813284290e-01,3.290000000000000000e+03
6.556822740558198026e-01,3.290000000000000000e+03
6.557395839303111762e-01,3.291000000000000000e+03
6.557968938048025498e-01,3.291000000000000000e+03
6.558542036792939234e-01,3.292000000000000000e+03
6.559115135537852970e-01,3.293000000000000000e+03
6.559688234282766706e-01,3.294000000000000000e+03
6.560261333027680442e-01,3.294000000000000000e+03
6.560834431772594177e-01,3.294000000000000000e+03
6.561407530517507913e-01,3.296000000000000000e+03
6.561980629262421649e-01,3.297000000000000000e+03
6.562553728007335385e-01,3.297000000000000000e+03
6.563126826752249121e-01,3.298000000000000000e+03
6.563699925497162857e-01,3.298000000000000000e+03
6.564273024242076593e-01,3.299000000000000000e+03
6.564846122986990329e-01,3.299000000000000000e+03
6.565419221731904065e-01,3.299000000000000000e+03
6.565992320476817801e-01,3.302000000000000000e+03
6.566565419221731537e-01,3.303000000000000000e+03
6.567138517966645272e-01,3.303000000000000000e+03
6.567711616711559008e-01,3.304000000000000000e+03
6.568284715456473855e-01,3.305000000000000000e+03
6.568857814201387590e-01,3.305000000000000000e+03
6.569430912946301326e-01,3.305000000000000000e+03
6.570004011691215062e-01,3.306000000000000000e+03
6.570577110436128798e-01,3.307000000000000000e+03
6.571150209181042534e-01,3.307000000000000000e+03
6.571723307925956270e-01,3.308000000000000000e+03
6.572296406670870006e-01,3.308000000000000000e+03
6.572869505415783742e-01,3.309000000000000000e+03
6.573442604160697478e-01,3.310000000000000000e+03
6.574015702905611214e-01,3.310000000000000000e+03
6.574588801650524950e-01,3.311000000000000000e+03
6.575161900395438686e-01,3.311000000000000000e+03
6.575734999140352421e-01,3.311000000000000000e+03
6.576308097885266157e-01,3.311000000000000000e+03
6.576881196630179893e-01,3.315000000000000000e+03
6.577454295375093629e-01,3.317000000000000000e+03
6.578027394120007365e-01,3.317000000000000000e+03
6.578600492864921101e-01,3.318000000000000000e+03
6.579173591609834837e-01,3.319000000000000000e+03
6.579746690354748573e-01,3.323000000000000000e+03
6.580319789099662309e-01,3.323000000000000000e+03
6.580892887844576045e-01,3.323000000000000000e+03
6.581465986589489781e-01,3.324000000000000000e+03
6.582039085334403516e-01,3.325000000000000000e+03
6.582612184079317252e-01,3.325000000000000000e+03
6.583185282824230988e-01,3.325000000000000000e+03
6.583758381569144724e-01,3.326000000000000000e+03
6.584331480314058460e-01,3.326000000000000000e+03
6.584904579058972196e-01,3.329000000000000000e+03
6.585477677803885932e-01,3.330000000000000000e+03
6.586050776548799668e-01,3.330000000000000000e+03
6.586623875293713404e-01,3.331000000000000000e+03
6.587196974038627140e-01,3.333000000000000000e+03
6.587770072783540876e-01,3.334000000000000000e+03
6.588343171528454612e-01,3.334000000000000000e+03
6.588916270273368347e-01,3.335000000000000000e+03
6.589489369018282083e-01,3.337000000000000000e+03
6.590062467763195819e-01,3.337000000000000000e+03
6.590635566508109555e-01,3.338000000000000000e+03
6.591208665253023291e-01,3.338000000000000000e+03
6.591781763997937027e-01,3.339000000000000000e+03
6.592354862742850763e-01,3.340000000000000000e+03
6.592927961487764499e-01,3.340000000000000000e+03
6.593501060232678235e-01,3.341000000000000000e+03
6.594074158977591971e-01,3.342000000000000000e+03
6.594647257722505707e-01,3.342000000000000000e+03
6.595220356467419442e-01,3.342000000000000000e+03
6.595793455212333178e-01,3.343000000000000000e+03
6.596366553957246914e-01,3.344000000000000000e+03
6.596939652702160650e-01,3.344000000000000000e+03
6.597512751447074386e-01,3.345000000000000000e+03
6.598085850191988122e-01,3.346000000000000000e+03
6.598658948936901858e-01,3.347000000000000000e+03
6.599232047681815594e-01,3.348000000000000000e+03
6.599805146426729330e-01,3.349000000000000000e+03
6.600378245171643066e-01,3.349000000000000000e+03
6.600951343916556802e-01,3.350000000000000000e+03
6.601524442661470538e-01,3.350000000000000000e+03
6.602097541406384273e-01,3.352000000000000000e+03
6.602670640151298009e-01,3.354000000000000000e+03
6.603243738896211745e-01,3.355000000000000000e+03
6.603816837641125481e-01,3.357000000000000000e+03
6.604389936386039217e-01,3.357000000000000000e+03
6.604963035130952953e-01,3.357000000000000000e+03
6.605536133875866689e-01,3.357000000000000000e+03
6.606109232620780425e-01,3.359000000000000000e+03
6.606682331365694161e-01,3.359000000000000000e+03
6.607255430110607897e-01,3.360000000000000000e+03
6.607828528855521633e-01,3.363000000000000000e+03
6.608401627600435368e-01,3.363000000000000000e+03
6.608974726345349104e-01,3.364000000000000000e+03
6.609547825090262840e-01,3.367000000000000000e+03
6.610120923835176576e-01,3.367000000000000000e+03
6.610694022580090312e-01,3.368000000000000000e+03
6.611267121325004048e-01,3.368000000000000000e+03
6.611840220069917784e-01,3.369000000000000000e+03
6.612413318814831520e-01,3.370000000000000000e+03
6.612986417559745256e-01,3.372000000000000000e+03
6.613559516304658992e-01,3.373000000000000000e+03
6.614132615049572728e-01,3.373000000000000000e+03
6.614705713794486464e-01,3.374000000000000000e+03
6.615278812539400199e-01,3.374000000000000000e+03
6.615851911284313935e-01,3.376000000000000000e+03
6.616425010029227671e-01,3.376000000000000000e+03
6.616998108774141407e-01,3.377000000000000000e+03
6.617571207519055143e-01,3.378000000000000000e+03
6.618144306263969989e-01,3.378000000000000000e+03
6.618717405008883725e-01,3.379000000000000000e+03
6.619290503753797461e-01,3.379000000000000000e+03
6.619863602498711197e-01,3.380000000000000000e+03
6.620436701243624933e-01,3.381000000000000000e+03
6.621009799988538669e-01,3.381000000000000000e+03
6.621582898733452405e-01,3.382000000000000000e+03
6.622155997478366141e-01,3.383000000000000000e+03
6.622729096223279877e-01,3.383000000000000000e+03
6.623302194968193612e-01,3.384000000000000000e+03
6.623875293713107348e-01,3.385000000000000000e+03
6.624448392458021084e-01,3.385000000000000000e+03
6.625021491202934820e-01,3.385000000000000000e+03
6.625594589947848556e-01,3.385000000000000000e+03
6.626167688692762292e-01,3.387000000000000000e+03
6.626740787437676028e-01,3.388000000000000000e+03
6.627313886182589764e-01,3.389000000000000000e+03
6.627886984927503500e-01,3.389000000000000000e+03
6.628460083672417236e-01,3.389000000000000000e+03
6.629033182417330972e-01,3.390000000000000000e+03
6.629606281162244708e-01,3.391000000000000000e+03
6.630179379907158443e-01,3.391000000000000000e+03
6.630752478652072179e-01,3.391000000000000000e+03
6.631325577396985915e-01,3.393000000000000000e+03
6.631898676141899651e-01,3.394000000000000000e+03
6.632471774886813387e-01,3.394000000000000000e+03
6.633044873631727123e-01,3.395000000000000000e+03
6.633617972376640859e-01,3.395000000000000000e+03
6.634191071121554595e-01,3.396000000000000000e+03
6.634764169866468331e-01,3.396000000000000000e+03
6.635337268611382067e-01,3.398000000000000000e+03
6.635910367356295803e-01,3.398000000000000000e+03
6.636483466101209538e-01,3.399000000000000000e+03
6.637056564846123274e-01,3.399000000000000000e+03
6.637629663591037010e-01,3.399000000000000000e+03
6.638202762335950746e-01,3.400000000000000000e+03
6.638775861080864482e-01,3.400000000000000000e+03
6.639348959825778218e-01,3.402000000000000000e+03
6.639922058570691954e-01,3.402000000000000000e+03
6.640495157315605690e-01,3.403000000000000000e+03
6.641068256060519426e-01,3.403000000000000000e+03
6.641641354805433162e-01,3.404000000000000000e+03
6.642214453550346898e-01,3.404000000000000000e+03
6.642787552295260634e-01,3.405000000000000000e+03
6.643360651040174369e-01,3.406000000000000000e+03
6.643933749785088105e-01,3.407000000000000000e+03
6.644506848530001841e-01,3.408000000000000000e+03
6.645079947274915577e-01,3.408000000000000000e+03
6.645653046019829313e-01,3.408000000000000000e+03
6.646226144764743049e-01,3.409000000000000000e+03
6.646799243509656785e-01,3.409000000000000000e+03
6.647372342254570521e-01,3.410000000000000000e+03
6.647945440999484257e-01,3.411000000000000000e+03
6.648518539744397993e-01,3.412000000000000000e+03
6.649091638489311729e-01,3.412000000000000000e+03
6.649664737234225464e-01,3.412000000000000000e+03
6.650237835979139200e-01,3.414000000000000000e+03
6.650810934724052936e-01,3.414000000000000000e+03
6.651384033468966672e-01,3.414000000000000000e+03
6.651957132213880408e-01,3.415000000000000000e+03
6.652530230958794144e-01,3.415000000000000000e+03
6.653103329703707880e-01,3.416000000000000000e+03
6.653676428448621616e-01,3.418000000000000000e+03
6.654249527193535352e-01,3.418000000000000000e+03
6.654822625938449088e-01,3.420000000000000000e+03
6.655395724683362824e-01,3.420000000000000000e+03
6.655968823428276560e-01,3.421000000000000000e+03
6.656541922173190295e-01,3.421000000000000000e+03
6.657115020918104031e-01,3.421000000000000000e+03
6.657688119663017767e-01,3.422000000000000000e+03
6.658261218407931503e-01,3.424000000000000000e+03
6.658834317152845239e-01,3.424000000000000000e+03
6.659407415897758975e-01,3.424000000000000000e+03
6.659980514642672711e-01,3.424000000000000000e+03
6.660553613387586447e-01,3.425000000000000000e+03
6.661126712132500183e-01,3.425000000000000000e+03
6.661699810877413919e-01,3.425000000000000000e+03
6.662272909622327655e-01,3.425000000000000000e+03
6.662846008367241391e-01,3.427000000000000000e+03
6.663419107112155126e-01,3.428000000000000000e+03
6.663992205857068862e-01,3.428000000000000000e+03
6.664565304601982598e-01,3.428000000000000000e+03
6.665138403346896334e-01,3.430000000000000000e+03
6.665711502091810070e-01,3.431000000000000000e+03
6.666284600836723806e-01,3.432000000000000000e+03
6.666857699581637542e-01,3.432000000000000000e+03
6.667430798326551278e-01,3.433000000000000000e+03
6.668003897071466124e-01,3.436000000000000000e+03
6.668576995816379860e-01,3.437000000000000000e+03
6.669150094561293596e-01,3.437000000000000000e+03
6.669723193306207332e-01,3.439000000000000000e+03
6.670296292051121068e-01,3.439000000000000000e+03
6.670869390796034804e-01,3.439000000000000000e+03
6.671442489540948539e-01,3.440000000000000000e+03
6.672015588285862275e-01,3.440000000000000000e+03
6.672588687030776011e-01,3.441000000000000000e+03
6.673161785775689747e-01,3.442000000000000000e+03
6.673734884520603483e-01,3.442000000000000000e+03
6.674307983265517219e-01,3.444000000000000000e+03
6.674881082010430955e-01,3.444000000000000000e+03
6.675454180755344691e-01,3.446000000000000000e+03
6.676027279500258427e-01,3.446000000000000000e+03
6.676600378245172163e-01,3.446000000000000000e+03
6.677173476990085899e-01,3.446000000000000000e+03
6.677746575734999634e-01,3.447000000000000000e+03
6.678319674479913370e-01,3.448000000000000000e+03
6.678892773224827106e-01,3.450000000000000000e+03
6.679465871969740842e-01,3.451000000000000000e+03
6.680038970714654578e-01,3.452000000000000000e+03
6.680612069459568314e-01,3.452000000000000000e+03
6.681185168204482050e-01,3.453000000000000000e+03
6.681758266949395786e-01,3.455000000000000000e+03
6.682331365694309522e-01,3.456000000000000000e+03
6.682904464439223258e-01,3.456000000000000000e+03
6.683477563184136994e-01,3.456000000000000000e+03
6.684050661929050730e-01,3.457000000000000000e+03
6.684623760673964465e-01,3.458000000000000000e+03
6.685196859418878201e-01,3.458000000000000000e+03
6.685769958163791937e-01,3.459000000000000000e+03
6.686343056908705673e-01,3.459000000000000000e+03
6.686916155653619409e-01,3.461000000000000000e+03
6.687489254398533145e-01,3.464000000000000000e+03
6.688062353143446881e-01,3.465000000000000000e+03
6.688635451888360617e-01,3.466000000000000000e+03
6.689208550633274353e-01,3.466000000000000000e+03
6.689781649378188089e-01,3.466000000000000000e+03
6.690354748123101825e-01,3.467000000000000000e+03
6.690927846868015560e-01,3.468000000000000000e+03
6.691500945612929296e-01,3.470000000000000000e+03
6.692074044357843032e-01,3.470000000000000000e+03
6.692647143102756768e-01,3.471000000000000000e+03
6.693220241847670504e-01,3.472000000000000000e+03
6.693793340592584240e-01,3.473000000000000000e+03
6.694366439337497976e-01,3.474000000000000000e+03
6.694939538082411712e-01,3.475000000000000000e+03
6.695512636827325448e-01,3.475000000000000000e+03
6.696085735572239184e-01,3.475000000000000000e+03
6.696658834317152920e-01,3.475000000000000000e+03
6.697231933062066656e-01,3.476000000000000000e+03
6.697805031806980391e-01,3.476000000000000000e+03
6.698378130551894127e-01,3.477000000000000000e+03
6.698951229296807863e-01,3.477000000000000000e+03
6.699524328041721599e-01,3.478000000000000000e+03
6.700097426786635335e-01,3.479000000000000000e+03
6.700670525531549071e-01,3.479000000000000000e+03
6.701243624276462807e-01,3.481000000000000000e+03
6.701816723021376543e-01,3.482000000000000000e+03
6.702389821766290279e-01,3.482000000000000000e+03
6.702962920511204015e-01,3.482000000000000000e+03
6.703536019256117751e-01,3.483000000000000000e+03
6.704109118001031487e-01,3.485000000000000000e+03
6.704682216745945222e-01,3.486000000000000000e+03
6.705255315490858958e-01,3.486000000000000000e+03
6.705828414235772694e-01,3.486000000000000000e+03
6.706401512980686430e-01,3.487000000000000000e+03
6.706974611725600166e-01,3.487000000000000000e+03
6.707547710470513902e-01,3.488000000000000000e+03
6.708120809215427638e-01,3.488000000000000000e+03
6.708693907960341374e-01,3.489000000000000000e+03
6.709267006705255110e-01,3.489000000000000000e+03
6.709840105450168846e-01,3.490000000000000000e+03
6.710413204195082582e-01,3.490000000000000000e+03
6.710986302939996317e-01,3.490000000000000000e+03
6.711559401684910053e-01,3.491000000000000000e+03
6.712132500429823789e-01,3.494000000000000000e+03
6.712705599174737525e-01,3.495000000000000000e+03
6.713278697919651261e-01,3.496000000000000000e+03
6.713851796664564997e-01,3.497000000000000000e+03
6.714424895409478733e-01,3.497000000000000000e+03
6.714997994154392469e-01,3.500000000000000000e+03
6.715571092899306205e-01,3.502000000000000000e+03
6.716144191644219941e-01,3.502000000000000000e+03
6.716717290389133677e-01,3.502000000000000000e+03
6.717290389134047413e-01,3.503000000000000000e+03
6.717863487878962259e-01,3.503000000000000000e+03
6.718436586623875995e-01,3.503000000000000000e+03
6.719009685368789730e-01,3.503000000000000000e+03
6.719582784113703466e-01,3.503000000000000000e+03
6.720155882858617202e-01,3.505000000000000000e+03
6.720728981603530938e-01,3.505000000000000000e+03
6.721302080348444674e-01,3.505000000000000000e+03
6.721875179093358410e-01,3.506000000000000000e+03
6.722448277838272146e-01,3.508000000000000000e+03
6.723021376583185882e-01,3.508000000000000000e+03
6.723594475328099618e-01,3.509000000000000000e+03
6.724167574073013354e-01,3.509000000000000000e+03
6.724740672817927090e-01,3.509000000000000000e+03
6.725313771562840826e-01,3.509000000000000000e+03
6.725886870307754561e-01,3.510000000000000000e+03
6.726459969052668297e-01,3.510000000000000000e+03
6.727033067797582033e-01,3.510000000000000000e+03
6.727606166542495769e-01,3.514000000000000000e+03
6.728179265287409505e-01,3.514000000000000000e+03
6.728752364032323241e-01,3.515000000000000000e+03
6.729325462777236977e-01,3.517000000000000000e+03
6.729898561522150713e-01,3.519000000000000000e+03
6.730471660267064449e-01,3.519000000000000000e+03
6.731044759011978185e-01,3.519000000000000000e+03
6.731617857756891921e-01,3.520000000000000000e+03
6.732190956501805656e-01,3.520000000000000000e+03
6.732764055246719392e-01,3.521000000000000000e+03
6.733337153991633128e-01,3.521000000000000000e+03
6.733910252736546864e-01,3.521000000000000000e+03
6.734483351481460600e-01,3.521000000000000000e+03
6.735056450226374336e-01,3.521000000000000000e+03
6.735629548971288072e-01,3.521000000000000000e+03
6.736202647716201808e-01,3.523000000000000000e+03
6.736775746461115544e-01,3.523000000000000000e+03
6.737348845206029280e-01,3.523000000000000000e+03
6.737921943950943016e-01,3.524000000000000000e+03
6.738495042695856752e-01,3.524000000000000000e+03
6.739068141440770487e-01,3.526000000000000000e+03
6.739641240185684223e-01,3.527000000000000000e+03
6.740214338930597959e-01,3.527000000000000000e+03
6.740787437675511695e-01,3.528000000000000000e+03
6.741360536420425431e-01,3.528000000000000000e+03
6.741933635165339167e-01,3.529000000000000000e+03
6.742506733910252903e-01,3.529000000000000000e+03
6.743079832655166639e-01,3.531000000000000000e+03
6.743652931400080375e-01,3.532000000000000000e+03
6.744226030144994111e-01,3.534000000000000000e+03
6.744799128889907847e-01,3.535000000000000000e+03
6.745372227634821582e-01,3.536000000000000000e+03
6.745945326379735318e-01,3.536000000000000000e+03
6.746518425124649054e-01,3.537000000000000000e+03
6.747091523869562790e-01,3.538000000000000000e+03
6.747664622614476526e-01,3.539000000000000000e+03
6.748237721359390262e-01,3.539000000000000000e+03
6.748810820104303998e-01,3.540000000000000000e+03
6.749383918849217734e-01,3.541000000000000000e+03
6.749957017594131470e-01,3.541000000000000000e+03
6.750530116339045206e-01,3.541000000000000000e+03
6.751103215083958942e-01,3.541000000000000000e+03
6.751676313828872678e-01,3.542000000000000000e+03
6.752249412573786413e-01,3.542000000000000000e+03
6.752822511318700149e-01,3.542000000000000000e+03
6.753395610063613885e-01,3.543000000000000000e+03
6.753968708808527621e-01,3.545000000000000000e+03
6.754541807553441357e-01,3.546000000000000000e+03
6.755114906298355093e-01,3.547000000000000000e+03
6.755688005043268829e-01,3.547000000000000000e+03
6.756261103788182565e-01,3.547000000000000000e+03
6.756834202533096301e-01,3.551000000000000000e+03
6.757407301278010037e-01,3.551000000000000000e+03
6.757980400022923773e-01,3.552000000000000000e+03
6.758553498767837509e-01,3.553000000000000000e+03
6.759126597512751244e-01,3.554000000000000000e+03
6.759699696257664980e-01,3.555000000000000000e+03
6.760272795002578716e-01,3.555000000000000000e+03
6.760845893747492452e-01,3.557000000000000000e+03
6.761418992492406188e-01,3.557000000000000000e+03
6.761992091237319924e-01,3.558000000000000000e+03
6.762565189982233660e-01,3.558000000000000000e+03
6.763138288727147396e-01,3.558000000000000000e+03
6.763711387472061132e-01,3.558000000000000000e+03
6.764284486216974868e-01,3.558000000000000000e+03
6.764857584961888604e-01,3.559000000000000000e+03
6.765430683706802339e-01,3.560000000000000000e+03
6.766003782451716075e-01,3.561000000000000000e+03
6.766576881196629811e-01,3.563000000000000000e+03
6.767149979941543547e-01,3.564000000000000000e+03
6.767723078686458393e-01,3.564000000000000000e+03
6.768296177431372129e-01,3.566000000000000000e+03
6.768869276176285865e-01,3.566000000000000000e+03
6.769442374921199601e-01,3.567000000000000000e+03
6.770015473666113337e-01,3.567000000000000000e+03
6.770588572411027073e-01,3.568000000000000000e+03
6.771161671155940809e-01,3.570000000000000000e+03
6.771734769900854545e-01,3.570000000000000000e+03
6.772307868645768281e-01,3.571000000000000000e+03
6.772880967390682017e-01,3.572000000000000000e+03
6.773454066135595752e-01,3.573000000000000000e+03
6.774027164880509488e-01,3.573000000000000000e+03
6.774600263625423224e-01,3.574000000000000000e+03
6.775173362370336960e-01,3.575000000000000000e+03
6.775746461115250696e-01,3.575000000000000000e+03
6.776319559860164432e-01,3.576000000000000000e+03
6.776892658605078168e-01,3.576000000000000000e+03
6.777465757349991904e-01,3.576000000000000000e+03
6.778038856094905640e-01,3.577000000000000000e+03
6.778611954839819376e-01,3.578000000000000000e+03
6.779185053584733112e-01,3.579000000000000000e+03
6.779758152329646848e-01,3.582000000000000000e+03
6.780331251074560583e-01,3.583000000000000000e+03
6.780904349819474319e-01,3.583000000000000000e+03
6.781477448564388055e-01,3.584000000000000000e+03
6.782050547309301791e-01,3.586000000000000000e+03
6.782623646054215527e-01,3.589000000000000000e+03
6.783196744799129263e-01,3.589000000000000000e+03
6.783769843544042999e-01,3.591000000000000000e+03
6.784342942288956735e-01,3.592000000000000000e+03
6.784916041033870471e-01,3.592000000000000000e+03
6.785489139778784207e-01,3.593000000000000000e+03
6.786062238523697943e-01,3.593000000000000000e+03
6.786635337268611678e-01,3.593000000000000000e+03
6.787208436013525414e-01,3.594000000000000000e+03
6.787781534758439150e-01,3.594000000000000000e+03
6.788354633503352886e-01,3.594000000000000000e+03
6.788927732248266622e-01,3.595000000000000000e+03
6.789500830993180358e-01,3.597000000000000000e+03
6.790073929738094094e-01,3.597000000000000000e+03
6.790647028483007830e-01,3.597000000000000000e+03
6.791220127227921566e-01,3.599000000000000000e+03
6.791793225972835302e-01,3.601000000000000000e+03
6.792366324717749038e-01,3.604000000000000000e+03
6.792939423462662774e-01,3.604000000000000000e+03
6.793512522207576509e-01,3.605000000000000000e+03
6.794085620952490245e-01,3.606000000000000000e+03
6.794658719697403981e-01,3.607000000000000000e+03
6.795231818442317717e-01,3.608000000000000000e+03
6.795804917187231453e-01,3.609000000000000000e+03
6.796378015932145189e-01,3.609000000000000000e+03
6.796951114677058925e-01,3.610000000000000000e+03
6.797524213421972661e-01,3.611000000000000000e+03
6.798097312166886397e-01,3.611000000000000000e+03
6.798670410911800133e-01,3.611000000000000000e+03
6.799243509656713869e-01,3.612000000000000000e+03
6.799816608401627605e-01,3.612000000000000000e+03
6.800389707146541340e-01,3.613000000000000000e+03
6.800962805891455076e-01,3.614000000000000000e+03
6.801535904636368812e-01,3.614000000000000000e+03
6.802109003381282548e-01,3.615000000000000000e+03
6.802682102126196284e-01,3.615000000000000000e+03
6.803255200871110020e-01,3.615000000000000000e+03
6.803828299616023756e-01,3.616000000000000000e+03
6.804401398360937492e-01,3.616000000000000000e+03
6.804974497105851228e-01,3.616000000000000000e+03
6.805547595850764964e-01,3.617000000000000000e+03
6.806120694595678700e-01,3.618000000000000000e+03
6.806693793340592435e-01,3.618000000000000000e+03
6.807266892085506171e-01,3.618000000000000000e+03
6.807839990830419907e-01,3.620000000000000000e+03
6.808413089575333643e-01,3.620000000000000000e+03
6.808986188320247379e-01,3.622000000000000000e+03
6.809559287065161115e-01,3.624000000000000000e+03
6.810132385810074851e-01,3.624000000000000000e+03
6.810705484554988587e-01,3.624000000000000000e+03
6.811278583299902323e-01,3.625000000000000000e+03
6.811851682044816059e-01,3.626000000000000000e+03
6.812424780789729795e-01,3.626000000000000000e+03
6.812997879534643531e-01,3.626000000000000000e+03
6.813570978279557266e-01,3.627000000000000000e+03
6.814144077024471002e-01,3.627000000000000000e+03
6.814717175769384738e-01,3.628000000000000000e+03
6.815290274514298474e-01,3.628000000000000000e+03
6.815863373259212210e-01,3.630000000000000000e+03
6.816436472004125946e-01,3.636000000000000000e+03
6.817009570749039682e-01,3.637000000000000000e+03
6.817582669493954528e-01,3.638000000000000000e+03
6.818155768238868264e-01,3.639000000000000000e+03
6.818728866983782000e-01,3.639000000000000000e+03
6.819301965728695736e-01,3.640000000000000000e+03
6.819875064473609472e-01,3.640000000000000000e+03
6.820448163218523208e-01,3.641000000000000000e+03
6.821021261963436944e-01,3.641000000000000000e+03
6.821594360708350679e-01,3.642000000000000000e+03
6.822167459453264415e-01,3.642000000000000000e+03
6.822740558198178151e-01,3.642000000000000000e+03
6.823313656943091887e-01,3.642000000000000000e+03
6.823886755688005623e-01,3.643000000000000000e+03
6.824459854432919359e-01,3.644000000000000000e+03
6.825032953177833095e-01,3.645000000000000000e+03
6.825606051922746831e-01,3.646000000000000000e+03
6.826179150667660567e-01,3.647000000000000000e+03
6.826752249412574303e-01,3.648000000000000000e+03
6.827325348157488039e-01,3.650000000000000000e+03
6.827898446902401774e-01,3.653000000000000000e+03
6.828471545647315510e-01,3.653000000000000000e+03
6.829044644392229246e-01,3.654000000000000000e+03
6.829617743137142982e-01,3.654000000000000000e+03
6.830190841882056718e-01,3.654000000000000000e+03
6.830763940626970454e-01,3.657000000000000000e+03
6.831337039371884190e-01,3.657000000000000000e+03
6.831910138116797926e-01,3.659000000000000000e+03
6.832483236861711662e-01,3.661000000000000000e+03
6.833056335606625398e-01,3.662000000000000000e+03
6.833629434351539134e-01,3.662000000000000000e+03
6.834202533096452870e-01,3.663000000000000000e+03
6.834775631841366605e-01,3.664000000000000000e+03
6.835348730586280341e-01,3.665000000000000000e+03
6.835921829331194077e-01,3.665000000000000000e+03
6.836494928076107813e-01,3.666000000000000000e+03
6.837068026821021549e-01,3.668000000000000000e+03
6.837641125565935285e-01,3.669000000000000000e+03
6.838214224310849021e-01,3.669000000000000000e+03
6.838787323055762757e-01,3.669000000000000000e+03
6.839360421800676493e-01,3.670000000000000000e+03
6.839933520545590229e-01,3.670000000000000000e+03
6.840506619290503965e-01,3.670000000000000000e+03
6.841079718035417701e-01,3.673000000000000000e+03
6.841652816780331436e-01,3.674000000000000000e+03
6.842225915525245172e-01,3.674000000000000000e+03
6.842799014270158908e-01,3.674000000000000000e+03
6.843372113015072644e-01,3.675000000000000000e+03
6.843945211759986380e-01,3.676000000000000000e+03
6.844518310504900116e-01,3.676000000000000000e+03
6.845091409249813852e-01,3.676000000000000000e+03
6.845664507994727588e-01,3.677000000000000000e+03
6.846237606739641324e-01,3.677000000000000000e+03
6.846810705484555060e-01,3.681000000000000000e+03
6.847383804229468796e-01,3.681000000000000000e+03
6.847956902974382531e-01,3.683000000000000000e+03
6.848530001719296267e-01,3.683000000000000000e+03
6.849103100464210003e-01,3.686000000000000000e+03
6.849676199209123739e-01,3.686000000000000000e+03
6.850249297954037475e-01,3.687000000000000000e+03
6.850822396698951211e-01,3.687000000000000000e+03
6.851395495443864947e-01,3.687000000000000000e+03
6.851968594188778683e-01,3.689000000000000000e+03
6.852541692933692419e-01,3.689000000000000000e+03
6.853114791678606155e-01,3.690000000000000000e+03
6.853687890423519891e-01,3.690000000000000000e+03
6.854260989168433627e-01,3.692000000000000000e+03
6.854834087913347362e-01,3.693000000000000000e+03
6.855407186658261098e-01,3.693000000000000000e+03
6.855980285403174834e-01,3.695000000000000000e+03
6.856553384148088570e-01,3.696000000000000000e+03
6.857126482893002306e-01,3.699000000000000000e+03
6.857699581637916042e-01,3.700000000000000000e+03
6.858272680382829778e-01,3.701000000000000000e+03
6.858845779127743514e-01,3.701000000000000000e+03
6.859418877872657250e-01,3.704000000000000000e+03
6.859991976617570986e-01,3.706000000000000000e+03
6.860565075362484722e-01,3.706000000000000000e+03
6.861138174107398457e-01,3.707000000000000000e+03
6.861711272852312193e-01,3.708000000000000000e+03
6.862284371597225929e-01,3.709000000000000000e+03
6.862857470342139665e-01,3.711000000000000000e+03
6.863430569087053401e-01,3.711000000000000000e+03
6.864003667831967137e-01,3.712000000000000000e+03
6.864576766576880873e-01,3.713000000000000000e+03
6.865149865321794609e-01,3.713000000000000000e+03
6.865722964066708345e-01,3.713000000000000000e+03
6.866296062811622081e-01,3.714000000000000000e+03
6.866869161556535817e-01,3.714000000000000000e+03
6.867442260301450663e-01,3.714000000000000000e+03
6.868015359046364399e-01,3.715000000000000000e+03
6.868588457791278135e-01,3.715000000000000000e+03
6.869161556536191870e-01,3.716000000000000000e+03
6.869734655281105606e-01,3.716000000000000000e+03
6.870307754026019342e-01,3.718000000000000000e+03
6.870880852770933078e-01,3.719000000000000000e+03
6.871453951515846814e-01,3.719000000000000000e+03
6.872027050260760550e-01,3.720000000000000000e+03
6.872600149005674286e-01,3.720000000000000000e+03
6.873173247750588022e-01,3.720000000000000000e+03
6.873746346495501758e-01,3.720000000000000000e+03
6.874319445240415494e-01,3.721000000000000000e+03
6.874892543985329230e-01,3.721000000000000000e+03
6.875465642730242966e-01,3.724000000000000000e+03
6.876038741475156701e-01,3.724000000000000000e+03
6.876611840220070437e-01,3.725000000000000000e+03
6.877184938964984173e-01,3.725000000000000000e+03
6.877758037709897909e-01,3.725000000000000000e+03
6.878331136454811645e-01,3.725000000000000000e+03
6.878904235199725381e-01,3.726000000000000000e+03
6.879477333944639117e-01,3.726000000000000000e+03
6.880050432689552853e-01,3.728000000000000000e+03
6.880623531434466589e-01,3.729000000000000000e+03
6.881196630179380325e-01,3.729000000000000000e+03
6.881769728924294061e-01,3.729000000000000000e+03
6.882342827669207797e-01,3.729000000000000000e+03
6.882915926414121532e-01,3.730000000000000000e+03
6.883489025159035268e-01,3.730000000000000000e+03
6.884062123903949004e-01,3.730000000000000000e+03
6.884635222648862740e-01,3.730000000000000000e+03
6.885208321393776476e-01,3.732000000000000000e+03
6.885781420138690212e-01,3.733000000000000000e+03
6.886354518883603948e-01,3.733000000000000000e+03
6.886927617628517684e-01,3.735000000000000000e+03
6.887500716373431420e-01,3.737000000000000000e+03
6.888073815118345156e-01,3.738000000000000000e+03
6.888646913863258892e-01,3.738000000000000000e+03
6.889220012608172627e-01,3.743000000000000000e+03
6.889793111353086363e-01,3.744000000000000000e+03
6.890366210098000099e-01,3.744000000000000000e+03
6.890939308842913835e-01,3.745000000000000000e+03
6.891512407587827571e-01,3.747000000000000000e+03
6.892085506332741307e-01,3.747000000000000000e+03
6.892658605077655043e-01,3.747000000000000000e+03
6.893231703822568779e-01,3.747000000000000000e+03
6.893804802567482515e-01,3.748000000000000000e+03
6.894377901312396251e-01,3.750000000000000000e+03
6.894951000057309987e-01,3.750000000000000000e+03
6.895524098802223723e-01,3.750000000000000000e+03
6.896097197547137458e-01,3.751000000000000000e+03
6.896670296292051194e-01,3.752000000000000000e+03
6.897243395036964930e-01,3.753000000000000000e+03
6.897816493781878666e-01,3.753000000000000000e+03
6.898389592526792402e-01,3.753000000000000000e+03
6.898962691271706138e-01,3.753000000000000000e+03
6.899535790016619874e-01,3.754000000000000000e+03
6.900108888761533610e-01,3.755000000000000000e+03
6.900681987506447346e-01,3.757000000000000000e+03
6.901255086251361082e-01,3.757000000000000000e+03
6.901828184996274818e-01,3.764000000000000000e+03
6.902401283741188553e-01,3.764000000000000000e+03
6.902974382486102289e-01,3.765000000000000000e+03
6.903547481231016025e-01,3.766000000000000000e+03
6.904120579975929761e-01,3.767000000000000000e+03
6.904693678720843497e-01,3.769000000000000000e+03
6.905266777465757233e-01,3.769000000000000000e+03
6.905839876210670969e-01,3.770000000000000000e+03
6.906412974955584705e-01,3.770000000000000000e+03
6.906986073700498441e-01,3.770000000000000000e+03
6.907559172445412177e-01,3.770000000000000000e+03
6.908132271190325913e-01,3.771000000000000000e+03
6.908705369935239649e-01,3.771000000000000000e+03
6.909278468680153384e-01,3.771000000000000000e+03
6.909851567425067120e-01,3.773000000000000000e+03
6.910424666169980856e-01,3.774000000000000000e+03
6.910997764914894592e-01,3.775000000000000000e+03
6.911570863659808328e-01,3.777000000000000000e+03
6.912143962404722064e-01,3.777000000000000000e+03
6.912717061149635800e-01,3.778000000000000000e+03
6.913290159894549536e-01,3.780000000000000000e+03
6.913863258639463272e-01,3.780000000000000000e+03
6.914436357384377008e-01,3.781000000000000000e+03
6.915009456129290744e-01,3.785000000000000000e+03
6.915582554874204479e-01,3.785000000000000000e+03
6.916155653619118215e-01,3.785000000000000000e+03
6.916728752364031951e-01,3.785000000000000000e+03
6.917301851108945687e-01,3.786000000000000000e+03
6.917874949853860533e-01,3.788000000000000000e+03
6.918448048598774269e-01,3.788000000000000000e+03
6.919021147343688005e-01,3.788000000000000000e+03
6.919594246088601741e-01,3.788000000000000000e+03
6.920167344833515477e-01,3.789000000000000000e+03
6.920740443578429213e-01,3.790000000000000000e+03
6.921313542323342949e-01,3.790000000000000000e+03
6.921886641068256685e-01,3.790000000000000000e+03
6.922459739813170421e-01,3.790000000000000000e+03
6.923032838558084157e-01,3.790000000000000000e+03
6.923605937302997893e-01,3.791000000000000000e+03
6.924179036047911628e-01,3.791000000000000000e+03
6.924752134792825364e-01,3.792000000000000000e+03
6.925325233537739100e-01,3.794000000000000000e+03
6.925898332282652836e-01,3.795000000000000000e+03
6.926471431027566572e-01,3.796000000000000000e+03
6.927044529772480308e-01,3.797000000000000000e+03
6.927617628517394044e-01,3.798000000000000000e+03
6.928190727262307780e-01,3.803000000000000000e+03
6.928763826007221516e-01,3.804000000000000000e+03
6.929336924752135252e-01,3.805000000000000000e+03
6.929910023497048988e-01,3.805000000000000000e+03
6.930483122241962723e-01,3.806000000000000000e+03
6.931056220986876459e-01,3.806000000000000000e+03
6.931629319731790195e-01,3.807000000000000000e+03
6.932202418476703931e-01,3.808000000000000000e+03
6.932775517221617667e-01,3.808000000000000000e+03
6.933348615966531403e-01,3.809000000000000000e+03
6.933921714711445139e-01,3.810000000000000000e+03
6.934494813456358875e-01,3.816000000000000000e+03
6.935067912201272611e-01,3.816000000000000000e+03
6.935641010946186347e-01,3.817000000000000000e+03
6.936214109691100083e-01,3.817000000000000000e+03
6.936787208436013819e-01,3.819000000000000000e+03
6.937360307180927554e-01,3.819000000000000000e+03
6.937933405925841290e-01,3.820000000000000000e+03
6.938506504670755026e-01,3.820000000000000000e+03
6.939079603415668762e-01,3.821000000000000000e+03
6.939652702160582498e-01,3.821000000000000000e+03
6.940225800905496234e-01,3.823000000000000000e+03
6.940798899650409970e-01,3.825000000000000000e+03
6.941371998395323706e-01,3.825000000000000000e+03
6.941945097140237442e-01,3.826000000000000000e+03
6.942518195885151178e-01,3.826000000000000000e+03
6.943091294630064914e-01,3.826000000000000000e+03
6.943664393374978649e-01,3.826000000000000000e+03
6.944237492119892385e-01,3.827000000000000000e+03
6.944810590864806121e-01,3.827000000000000000e+03
6.945383689609719857e-01,3.829000000000000000e+03
6.945956788354633593e-01,3.829000000000000000e+03
6.946529887099547329e-01,3.829000000000000000e+03
6.947102985844461065e-01,3.830000000000000000e+03
6.947676084589374801e-01,3.831000000000000000e+03
6.948249183334288537e-01,3.832000000000000000e+03
6.948822282079202273e-01,3.832000000000000000e+03
6.949395380824116009e-01,3.835000000000000000e+03
6.949968479569029745e-01,3.835000000000000000e+03
6.950541578313943480e-01,3.836000000000000000e+03
6.951114677058857216e-01,3.837000000000000000e+03
6.951687775803770952e-01,3.838000000000000000e+03
6.952260874548684688e-01,3.838000000000000000e+03
6.952833973293598424e-01,3.838000000000000000e+03
6.953407072038512160e-01,3.840000000000000000e+03
6.953980170783425896e-01,3.840000000000000000e+03
6.954553269528339632e-01,3.842000000000000000e+03
6.955126368273253368e-01,3.844000000000000000e+03
6.955699467018167104e-01,3.844000000000000000e+03
6.956272565763080840e-01,3.845000000000000000e+03
6.956845664507994575e-01,3.846000000000000000e+03
6.957418763252908311e-01,3.846000000000000000e+03
6.957991861997822047e-01,3.847000000000000000e+03
6.958564960742735783e-01,3.847000000000000000e+03
6.959138059487649519e-01,3.848000000000000000e+03
6.959711158232563255e-01,3.848000000000000000e+03
6.960284256977476991e-01,3.849000000000000000e+03
6.960857355722390727e-01,3.850000000000000000e+03
6.961430454467304463e-01,3.853000000000000000e+03
6.962003553212218199e-01,3.854000000000000000e+03
6.962576651957131935e-01,3.854000000000000000e+03
6.963149750702045671e-01,3.855000000000000000e+03
6.963722849446959406e-01,3.855000000000000000e+03
6.964295948191873142e-01,3.857000000000000000e+03
6.964869046936786878e-01,3.858000000000000000e+03
6.965442145681700614e-01,3.858000000000000000e+03
6.966015244426614350e-01,3.858000000000000000e+03
6.966588343171528086e-01,3.858000000000000000e+03
6.967161441916441822e-01,3.859000000000000000e+03
6.967734540661356668e-01,3.859000000000000000e+03
6.968307639406270404e-01,3.859000000000000000e+03
6.968880738151184140e-01,3.859000000000000000e+03
6.969453836896097876e-01,3.859000000000000000e+03
6.970026935641011612e-01,3.860000000000000000e+03
6.970600034385925348e-01,3.860000000000000000e+03
6.971173133130839084e-01,3.860000000000000000e+03
6.971746231875752819e-01,3.861000000000000000e+03
6.972319330620666555e-01,3.861000000000000000e+03
6.972892429365580291e-01,3.861000000000000000e+03
6.973465528110494027e-01,3.864000000000000000e+03
6.974038626855407763e-01,3.864000000000000000e+03
6.974611725600321499e-01,3.865000000000000000e+03
6.975184824345235235e-01,3.865000000000000000e+03
6.975757923090148971e-01,3.866000000000000000e+03
6.976331021835062707e-01,3.866000000000000000e+03
6.976904120579976443e-01,3.866000000000000000e+03
6.977477219324890179e-01,3.867000000000000000e+03
6.978050318069803915e-01,3.868000000000000000e+03
6.978623416814717650e-01,3.869000000000000000e+03
6.979196515559631386e-01,3.869000000000000000e+03
6.979769614304545122e-01,3.869000000000000000e+03
6.980342713049458858e-01,3.870000000000000000e+03
6.980915811794372594e-01,3.871000000000000000e+03
6.981488910539286330e-01,3.871000000000000000e+03
6.982062009284200066e-01,3.871000000000000000e+03
6.982635108029113802e-01,3.873000000000000000e+03
6.983208206774027538e-01,3.874000000000000000e+03
6.983781305518941274e-01,3.876000000000000000e+03
6.984354404263855010e-01,3.877000000000000000e+03
6.984927503008768745e-01,3.878000000000000000e+03
6.985500601753682481e-01,3.879000000000000000e+03
6.986073700498596217e-01,3.879000000000000000e+03
6.986646799243509953e-01,3.879000000000000000e+03
6.987219897988423689e-01,3.879000000000000000e+03
6.987792996733337425e-01,3.880000000000000000e+03
6.988366095478251161e-01,3.882000000000000000e+03
6.988939194223164897e-01,3.883000000000000000e+03
6.989512292968078633e-01,3.885000000000000000e+03
6.990085391712992369e-01,3.886000000000000000e+03
6.990658490457906105e-01,3.886000000000000000e+03
6.991231589202819841e-01,3.888000000000000000e+03
6.991804687947733576e-01,3.890000000000000000e+03
6.992377786692647312e-01,3.890000000000000000e+03
6.992950885437561048e-01,3.891000000000000000e+03
6.993523984182474784e-01,3.891000000000000000e+03
6.994097082927388520e-01,3.892000000000000000e+03
6.994670181672302256e-01,3.892000000000000000e+03
6.995243280417215992e-01,3.893000000000000000e+03
6.995816379162129728e-01,3.897000000000000000e+03
6.996389477907043464e-01,3.898000000000000000e+03
6.996962576651957200e-01,3.899000000000000000e+03
6.997535675396870936e-01,3.901000000000000000e+03
6.998108774141784671e-01,3.901000000000000000e+03
6.998681872886698407e-01,3.903000000000000000e+03
6.999254971631612143e-01,3.903000000000000000e+03
6.999828070376525879e-01,3.903000000000000000e+03
7.000401169121439615e-01,3.904000000000000000e+03
7.000974267866353351e-01,3.905000000000000000e+03
7.001547366611267087e-01,3.907000000000000000e+03
7.002120465356180823e-01,3.907000000000000000e+03
7.002693564101094559e-01,3.908000000000000000e+03
7.003266662846008295e-01,3.908000000000000000e+03
7.003839761590922031e-01,3.908000000000000000e+03
7.004412860335835767e-01,3.909000000000000000e+03
7.004985959080749502e-01,3.909000000000000000e+03
7.005559057825663238e-01,3.910000000000000000e+03
7.006132156570576974e-01,3.910000000000000000e+03
7.006705255315490710e-01,3.912000000000000000e+03
7.007278354060404446e-01,3.915000000000000000e+03
7.007851452805318182e-01,3.916000000000000000e+03
7.008424551550231918e-01,3.917000000000000000e+03
7.008997650295145654e-01,3.917000000000000000e+03
7.009570749040059390e-01,3.917000000000000000e+03
7.010143847784973126e-01,3.918000000000000000e+03
7.010716946529886862e-01,3.918000000000000000e+03
7.011290045274800597e-01,3.918000000000000000e+03
7.011863144019714333e-01,3.918000000000000000e+03
7.012436242764628069e-01,3.919000000000000000e+03
7.013009341509541805e-01,3.919000000000000000e+03
7.013582440254455541e-01,3.920000000000000000e+03
7.014155538999369277e-01,3.920000000000000000e+03
7.014728637744283013e-01,3.921000000000000000e+03
7.015301736489196749e-01,3.921000000000000000e+03
7.015874835234110485e-01,3.924000000000000000e+03
7.016447933979024221e-01,3.925000000000000000e+03
7.017021032723937957e-01,3.925000000000000000e+03
7.017594131468852803e-01,3.926000000000000000e+03
7.018167230213766539e-01,3.931000000000000000e+03
7.018740328958680275e-01,3.931000000000000000e+03
7.019313427703594011e-01,3.931000000000000000e+03
7.019886526448507746e-01,3.932000000000000000e+03
7.020459625193421482e-01,3.933000000000000000e+03
7.021032723938335218e-01,3.934000000000000000e+03
7.021605822683248954e-01,3.935000000000000000e+03
7.022178921428162690e-01,3.935000000000000000e+03
7.022752020173076426e-01,3.936000000000000000e+03
7.023325118917990162e-01,3.937000000000000000e+03
7.023898217662903898e-01,3.938000000000000000e+03
7.024471316407817634e-01,3.938000000000000000e+03
7.025044415152731370e-01,3.938000000000000000e+03
7.025617513897645106e-01,3.938000000000000000e+03
7.026190612642558841e-01,3.941000000000000000e+03
7.026763711387472577e-01,3.943000000000000000e+03
7.027336810132386313e-01,3.943000000000000000e+03
7.027909908877300049e-01,3.944000000000000000e+03
7.028483007622213785e-01,3.944000000000000000e+03
7.029056106367127521e-01,3.944000000000000000e+03
7.029629205112041257e-01,3.946000000000000000e+03
7.030202303856954993e-01,3.948000000000000000e+03
7.030775402601868729e-01,3.949000000000000000e+03
7.031348501346782465e-01,3.949000000000000000e+03
7.031921600091696201e-01,3.949000000000000000e+03
7.032494698836609937e-01,3.950000000000000000e+03
7.033067797581523672e-01,3.951000000000000000e+03
7.033640896326437408e-01,3.951000000000000000e+03
7.034213995071351144e-01,3.951000000000000000e+03
7.034787093816264880e-01,3.952000000000000000e+03
7.035360192561178616e-01,3.952000000000000000e+03
7.035933291306092352e-01,3.952000000000000000e+03
7.036506390051006088e-01,3.952000000000000000e+03
7.037079488795919824e-01,3.953000000000000000e+03
7.037652587540833560e-01,3.954000000000000000e+03
7.038225686285747296e-01,3.955000000000000000e+03
7.038798785030661032e-01,3.956000000000000000e+03
7.039371883775574767e-01,3.957000000000000000e+03
7.039944982520488503e-01,3.961000000000000000e+03
7.040518081265402239e-01,3.963000000000000000e+03
7.041091180010315975e-01,3.965000000000000000e+03
7.041664278755229711e-01,3.966000000000000000e+03
7.042237377500143447e-01,3.966000000000000000e+03
7.042810476245057183e-01,3.967000000000000000e+03
7.043383574989970919e-01,3.969000000000000000e+03
7.043956673734884655e-01,3.970000000000000000e+03
7.044529772479798391e-01,3.970000000000000000e+03
7.045102871224712127e-01,3.970000000000000000e+03
7.045675969969625863e-01,3.974000000000000000e+03
7.046249068714539598e-01,3.974000000000000000e+03
7.046822167459453334e-01,3.975000000000000000e+03
7.047395266204367070e-01,3.975000000000000000e+03
7.047968364949280806e-01,3.977000000000000000e+03
7.048541463694194542e-01,3.977000000000000000e+03
7.049114562439108278e-01,3.978000000000000000e+03
7.049687661184022014e-01,3.979000000000000000e+03
7.050260759928935750e-01,3.979000000000000000e+03
7.050833858673849486e-01,3.980000000000000000e+03
7.051406957418763222e-01,3.980000000000000000e+03
7.051980056163676958e-01,3.982000000000000000e+03
7.052553154908590693e-01,3.982000000000000000e+03
7.053126253653504429e-01,3.983000000000000000e+03
7.053699352398418165e-01,3.983000000000000000e+03
7.054272451143331901e-01,3.984000000000000000e+03
7.054845549888245637e-01,3.985000000000000000e+03
7.055418648633159373e-01,3.985000000000000000e+03
7.055991747378073109e-01,3.987000000000000000e+03
7.056564846122986845e-01,3.989000000000000000e+03
7.057137944867900581e-01,3.993000000000000000e+03
7.057711043612814317e-01,3.995000000000000000e+03
7.058284142357728053e-01,3.995000000000000000e+03
7.058857241102641789e-01,3.997000000000000000e+03
7.059430339847555524e-01,3.997000000000000000e+03
7.060003438592469260e-01,3.998000000000000000e+03
7.060576537337382996e-01,3.998000000000000000e+03
7.061149636082296732e-01,3.999000000000000000e+03
7.061722734827210468e-01,4.000000000000000000e+03
7.062295833572124204e-01,4.002000000000000000e+03
7.062868932317037940e-01,4.003000000000000000e+03
7.063442031061951676e-01,4.005000000000000000e+03
7.064015129806865412e-01,4.007000000000000000e+03
7.064588228551779148e-01,4.008000000000000000e+03
7.065161327296692884e-01,4.010000000000000000e+03
7.065734426041606620e-01,4.014000000000000000e+03
7.066307524786520355e-01,4.014000000000000000e+03
7.066880623531434091e-01,4.015000000000000000e+03
7.067453722276348937e-01,4.016000000000000000e+03
7.068026821021262673e-01,4.017000000000000000e+03
7.068599919766176409e-01,4.017000000000000000e+03
7.069173018511090145e-01,4.018000000000000000e+03
7.069746117256003881e-01,4.019000000000000000e+03
7.070319216000917617e-01,4.019000000000000000e+03
7.070892314745831353e-01,4.021000000000000000e+03
7.071465413490745089e-01,4.022000000000000000e+03
7.072038512235658825e-01,4.023000000000000000e+03
7.072611610980572561e-01,4.023000000000000000e+03
7.073184709725486297e-01,4.026000000000000000e+03
7.073757808470400033e-01,4.027000000000000000e+03
7.074330907215313768e-01,4.027000000000000000e+03
7.074904005960227504e-01,4.030000000000000000e+03
7.075477104705141240e-01,4.033000000000000000e+03
7.076050203450054976e-01,4.033000000000000000e+03
7.076623302194968712e-01,4.033000000000000000e+03
7.077196400939882448e-01,4.033000000000000000e+03
7.077769499684796184e-01,4.035000000000000000e+03
7.078342598429709920e-01,4.036000000000000000e+03
7.078915697174623656e-01,4.036000000000000000e+03
7.079488795919537392e-01,4.038000000000000000e+03
7.080061894664451128e-01,4.039000000000000000e+03
7.080634993409364863e-01,4.039000000000000000e+03
7.081208092154278599e-01,4.039000000000000000e+03
7.081781190899192335e-01,4.039000000000000000e+03
7.082354289644106071e-01,4.040000000000000000e+03
7.082927388389019807e-01,4.041000000000000000e+03
7.083500487133933543e-01,4.041000000000000000e+03
7.084073585878847279e-01,4.041000000000000000e+03
7.084646684623761015e-01,4.042000000000000000e+03
7.085219783368674751e-01,4.042000000000000000e+03
7.085792882113588487e-01,4.043000000000000000e+03
7.086365980858502223e-01,4.044000000000000000e+03
7.086939079603415959e-01,4.045000000000000000e+03
7.087512178348329694e-01,4.045000000000000000e+03
7.088085277093243430e-01,4.047000000000000000e+03
7.088658375838157166e-01,4.048000000000000000e+03
7.089231474583070902e-01,4.049000000000000000e+03
7.089804573327984638e-01,4.050000000000000000e+03
7.090377672072898374e-01,4.051000000000000000e+03
7.090950770817812110e-01,4.051000000000000000e+03
7.091523869562725846e-01,4.053000000000000000e+03
7.092096968307639582e-01,4.054000000000000000e+03
7.092670067052553318e-01,4.054000000000000000e+03
7.093243165797467054e-01,4.055000000000000000e+03
7.093816264542380789e-01,4.056000000000000000e+03
7.094389363287294525e-01,4.056000000000000000e+03
7.094962462032208261e-01,4.057000000000000000e+03
7.095535560777121997e-01,4.058000000000000000e+03
7.096108659522035733e-01,4.058000000000000000e+03
7.096681758266949469e-01,4.060000000000000000e+03
7.097254857011863205e-01,4.060000000000000000e+03
7.097827955756776941e-01,4.060000000000000000e+03
7.098401054501690677e-01,4.061000000000000000e+03
7.098974153246604413e-01,4.064000000000000000e+03
7.099547251991518149e-01,4.064000000000000000e+03
7.100120350736431885e-01,4.066000000000000000e+03
7.100693449481345620e-01,4.066000000000000000e+03
7.101266548226259356e-01,4.067000000000000000e+03
7.101839646971173092e-01,4.067000000000000000e+03
7.102412745716086828e-01,4.069000000000000000e+03
7.102985844461000564e-01,4.071000000000000000e+03
7.103558943205914300e-01,4.071000000000000000e+03
7.104132041950828036e-01,4.072000000000000000e+03
7.104705140695741772e-01,4.072000000000000000e+03
7.105278239440655508e-01,4.072000000000000000e+03
7.105851338185569244e-01,4.072000000000000000e+03
7.106424436930482980e-01,4.073000000000000000e+03
7.106997535675396716e-01,4.074000000000000000e+03
7.107570634420310451e-01,4.075000000000000000e+03
7.108143733165224187e-01,4.076000000000000000e+03
7.108716831910137923e-01,4.077000000000000000e+03
7.109289930655051659e-01,4.079000000000000000e+03
7.109863029399965395e-01,4.081000000000000000e+03
7.110436128144879131e-01,4.081000000000000000e+03
7.111009226889792867e-01,4.082000000000000000e+03
7.111582325634706603e-01,4.082000000000000000e+03
7.112155424379620339e-01,4.082000000000000000e+03
7.112728523124534075e-01,4.087000000000000000e+03
7.113301621869447811e-01,4.087000000000000000e+03
7.113874720614361546e-01,4.087000000000000000e+03
7.114447819359275282e-01,4.089000000000000000e+03
7.115020918104189018e-01,4.089000000000000000e+03
7.115594016849102754e-01,4.091000000000000000e+03
7.116167115594016490e-01,4.091000000000000000e+03
7.116740214338930226e-01,4.092000000000000000e+03
7.117313313083845072e-01,4.093000000000000000e+03
7.117886411828758808e-01,4.093000000000000000e+03
7.118459510573672544e-01,4.093000000000000000e+03
7.119032609318586280e-01,4.094000000000000000e+03
7.119605708063500016e-01,4.094000000000000000e+03
7.120178806808413752e-01,4.094000000000000000e+03
7.120751905553327488e-01,4.095000000000000000e+03
7.121325004298241224e-01,4.096000000000000000e+03
7.121898103043154959e-01,4.099000000000000000e+03
7.122471201788068695e-01,4.099000000000000000e+03
7.123044300532982431e-01,4.100000000000000000e+03
7.123617399277896167e-01,4.102000000000000000e+03
7.124190498022809903e-01,4.103000000000000000e+03
7.124763596767723639e-01,4.105000000000000000e+03
7.125336695512637375e-01,4.107000000000000000e+03
7.125909794257551111e-01,4.108000000000000000e+03
7.126482893002464847e-01,4.109000000000000000e+03
7.127055991747378583e-01,4.110000000000000000e+03
7.127629090492292319e-01,4.112000000000000000e+03
7.128202189237206055e-01,4.112000000000000000e+03
7.128775287982119790e-01,4.113000000000000000e+03
7.129348386727033526e-01,4.114000000000000000e+03
7.129921485471947262e-01,4.114000000000000000e+03
7.130494584216860998e-01,4.115000000000000000e+03
7.131067682961774734e-01,4.117000000000000000e+03
7.131640781706688470e-01,4.118000000000000000e+03
7.132213880451602206e-01,4.119000000000000000e+03
7.132786979196515942e-01,4.120000000000000000e+03
7.133360077941429678e-01,4.121000000000000000e+03
7.133933176686343414e-01,4.122000000000000000e+03
7.134506275431257150e-01,4.123000000000000000e+03
7.135079374176170885e-01,4.124000000000000000e+03
7.135652472921084621e-01,4.124000000000000000e+03
7.136225571665998357e-01,4.126000000000000000e+03
7.136798670410912093e-01,4.126000000000000000e+03
7.137371769155825829e-01,4.127000000000000000e+03
7.137944867900739565e-01,4.128000000000000000e+03
7.138517966645653301e-01,4.128000000000000000e+03
7.139091065390567037e-01,4.129000000000000000e+03
7.139664164135480773e-01,4.129000000000000000e+03
7.140237262880394509e-01,4.129000000000000000e+03
7.140810361625308245e-01,4.130000000000000000e+03
7.141383460370221981e-01,4.131000000000000000e+03
7.141956559115135716e-01,4.131000000000000000e+03
7.142529657860049452e-01,4.132000000000000000e+03
7.143102756604963188e-01,4.133000000000000000e+03
7.143675855349876924e-01,4.133000000000000000e+03
7.144248954094790660e-01,4.135000000000000000e+03
7.144822052839704396e-01,4.135000000000000000e+03
7.145395151584618132e-01,4.135000000000000000e+03
7.145968250329531868e-01,4.136000000000000000e+03
7.146541349074445604e-01,4.138000000000000000e+03
7.147114447819359340e-01,4.139000000000000000e+03
7.147687546564273076e-01,4.139000000000000000e+03
7.148260645309186812e-01,4.141000000000000000e+03
7.148833744054100547e-01,4.142000000000000000e+03
7.149406842799014283e-01,4.143000000000000000e+03
7.149979941543928019e-01,4.147000000000000000e+03
7.150553040288841755e-01,4.148000000000000000e+03
7.151126139033755491e-01,4.149000000000000000e+03
7.151699237778669227e-01,4.149000000000000000e+03
7.152272336523582963e-01,4.150000000000000000e+03
7.152845435268496699e-01,4.152000000000000000e+03
7.153418534013410435e-01,4.152000000000000000e+03
7.153991632758324171e-01,4.152000000000000000e+03
7.154564731503237907e-01,4.152000000000000000e+03
7.155137830248151642e-01,4.153000000000000000e+03
7.155710928993065378e-01,4.154000000000000000e+03
7.156284027737979114e-01,4.154000000000000000e+03
7.156857126482892850e-01,4.154000000000000000e+03
7.157430225227806586e-01,4.155000000000000000e+03
7.158003323972720322e-01,4.155000000000000000e+03
7.158576422717634058e-01,4.157000000000000000e+03
7.159149521462547794e-01,4.157000000000000000e+03
7.159722620207461530e-01,4.157000000000000000e+03
7.160295718952375266e-01,4.158000000000000000e+03
7.160868817697289002e-01,4.161000000000000000e+03
7.161441916442202738e-01,4.162000000000000000e+03
7.162015015187116473e-01,4.164000000000000000e+03
7.162588113932030209e-01,4.165000000000000000e+03
7.163161212676943945e-01,4.166000000000000000e+03
7.163734311421857681e-01,4.167000000000000000e+03
7.164307410166771417e-01,4.167000000000000000e+03
7.164880508911685153e-01,4.167000000000000000e+03
7.165453607656598889e-01,4.168000000000000000e+03
7.166026706401512625e-01,4.170000000000000000e+03
7.166599805146426361e-01,4.171000000000000000e+03
7.167172903891341207e-01,4.171000000000000000e+03
7.167746002636254943e-01,4.171000000000000000e+03
7.168319101381168679e-01,4.172000000000000000e+03
7.168892200126082415e-01,4.172000000000000000e+03
7.169465298870996151e-01,4.175000000000000000e+03
7.170038397615909886e-01,4.175000000000000000e+03
7.170611496360823622e-01,4.176000000000000000e+03
7.171184595105737358e-01,4.177000000000000000e+03
7.171757693850651094e-01,4.177000000000000000e+03
7.172330792595564830e-01,4.178000000000000000e+03
7.172903891340478566e-01,4.178000000000000000e+03
7.173476990085392302e-01,4.179000000000000000e+03
7.174050088830306038e-01,4.181000000000000000e+03
7.174623187575219774e-01,4.181000000000000000e+03
7.175196286320133510e-01,4.181000000000000000e+03
7.175769385065047246e-01,4.183000000000000000e+03
7.176342483809960981e-01,4.185000000000000000e+03
7.176915582554874717e-01,4.187000000000000000e+03
7.177488681299788453e-01,4.188000000000000000e+03
7.178061780044702189e-01,4.191000000000000000e+03
7.178634878789615925e-01,4.191000000000000000e+03
7.179207977534529661e-01,4.192000000000000000e+03
7.179781076279443397e-01,4.195000000000000000e+03
7.180354175024357133e-01,4.196000000000000000e+03
7.180927273769270869e-01,4.198000000000000000e+03
7.181500372514184605e-01,4.198000000000000000e+03
7.182073471259098341e-01,4.199000000000000000e+03
7.182646570004012077e-01,4.199000000000000000e+03
7.183219668748925812e-01,4.199000000000000000e+03
7.183792767493839548e-01,4.201000000000000000e+03
7.184365866238753284e-01,4.202000000000000000e+03
7.184938964983667020e-01,4.203000000000000000e+03
7.185512063728580756e-01,4.203000000000000000e+03
7.186085162473494492e-01,4.204000000000000000e+03
7.186658261218408228e-01,4.204000000000000000e+03
7.187231359963321964e-01,4.205000000000000000e+03
7.187804458708235700e-01,4.206000000000000000e+03
7.188377557453149436e-01,4.206000000000000000e+03
7.188950656198063172e-01,4.206000000000000000e+03
7.189523754942976908e-01,4.207000000000000000e+03
7.190096853687890643e-01,4.207000000000000000e+03
7.190669952432804379e-01,4.208000000000000000e+03
7.191243051177718115e-01,4.211000000000000000e+03
7.191816149922631851e-01,4.211000000000000000e+03
7.192389248667545587e-01,4.212000000000000000e+03
7.192962347412459323e-01,4.213000000000000000e+03
7.193535446157373059e-01,4.215000000000000000e+03
7.194108544902286795e-01,4.216000000000000000e+03
7.194681643647200531e-01,4.218000000000000000e+03
7.195254742392114267e-01,4.218000000000000000e+03
7.195827841137028003e-01,4.218000000000000000e+03
7.196400939881941738e-01,4.219000000000000000e+03
7.196974038626855474e-01,4.219000000000000000e+03
7.197547137371769210e-01,4.220000000000000000e+03
7.198120236116682946e-01,4.220000000000000000e+03
7.198693334861596682e-01,4.221000000000000000e+03
7.199266433606510418e-01,4.221000000000000000e+03
7.199839532351424154e-01,4.221000000000000000e+03
7.200412631096337890e-01,4.222000000000000000e+03
7.200985729841251626e-01,4.223000000000000000e+03
7.201558828586165362e-01,4.223000000000000000e+03
7.202131927331079098e-01,4.224000000000000000e+03
7.202705026075992834e-01,4.225000000000000000e+03
7.203278124820906569e-01,4.226000000000000000e+03
7.203851223565820305e-01,4.229000000000000000e+03
7.204424322310734041e-01,4.230000000000000000e+03
7.204997421055647777e-01,4.233000000000000000e+03
7.205570519800561513e-01,4.236000000000000000e+03
7.206143618545475249e-01,4.236000000000000000e+03
7.206716717290388985e-01,4.237000000000000000e+03
7.207289816035302721e-01,4.242000000000000000e+03
7.207862914780216457e-01,4.243000000000000000e+03
7.208436013525130193e-01,4.244000000000000000e+03
7.209009112270043929e-01,4.244000000000000000e+03
7.209582211014957664e-01,4.246000000000000000e+03
7.210155309759871400e-01,4.247000000000000000e+03
7.210728408504785136e-01,4.247000000000000000e+03
7.211301507249698872e-01,4.248000000000000000e+03
7.211874605994612608e-01,4.248000000000000000e+03
7.212447704739526344e-01,4.252000000000000000e+03
7.213020803484440080e-01,4.252000000000000000e+03
7.213593902229353816e-01,4.253000000000000000e+03
7.214167000974267552e-01,4.254000000000000000e+03
7.214740099719181288e-01,4.254000000000000000e+03
7.215313198464095024e-01,4.254000000000000000e+03
7.215886297209008760e-01,4.255000000000000000e+03
7.216459395953922495e-01,4.255000000000000000e+03
7.217032494698836231e-01,4.257000000000000000e+03
7.217605593443751077e-01,4.259000000000000000e+03
7.218178692188664813e-01,4.259000000000000000e+03
7.218751790933578549e-01,4.260000000000000000e+03
7.219324889678492285e-01,4.261000000000000000e+03
7.219897988423406021e-01,4.261000000000000000e+03
7.220471087168319757e-01,4.262000000000000000e+03
7.221044185913233493e-01,4.265000000000000000e+03
7.221617284658147229e-01,4.266000000000000000e+03
7.222190383403060965e-01,4.267000000000000000e+03
7.222763482147974701e-01,4.267000000000000000e+03
7.223336580892888437e-01,4.267000000000000000e+03
7.223909679637802173e-01,4.268000000000000000e+03
7.224482778382715908e-01,4.268000000000000000e+03
7.225055877127629644e-01,4.271000000000000000e+03
7.225628975872543380e-01,4.271000000000000000e+03
7.226202074617457116e-01,4.273000000000000000e+03
7.226775173362370852e-01,4.274000000000000000e+03
7.227348272107284588e-01,4.276000000000000000e+03
7.227921370852198324e-01,4.276000000000000000e+03
7.228494469597112060e-01,4.276000000000000000e+03
7.229067568342025796e-01,4.278000000000000000e+03
7.229640667086939532e-01,4.278000000000000000e+03
7.230213765831853268e-01,4.280000000000000000e+03
7.230786864576767003e-01,4.281000000000000000e+03
7.231359963321680739e-01,4.282000000000000000e+03
7.231933062066594475e-01,4.282000000000000000e+03
7.232506160811508211e-01,4.283000000000000000e+03
7.233079259556421947e-01,4.283000000000000000e+03
7.233652358301335683e-01,4.284000000000000000e+03
7.234225457046249419e-01,4.284000000000000000e+03
7.234798555791163155e-01,4.284000000000000000e+03
7.235371654536076891e-01,4.285000000000000000e+03
7.235944753280990627e-01,4.286000000000000000e+03
7.236517852025904363e-01,4.287000000000000000e+03
7.237090950770818099e-01,4.287000000000000000e+03
7.237664049515731834e-01,4.288000000000000000e+03
7.238237148260645570e-01,4.288000000000000000e+03
7.238810247005559306e-01,4.289000000000000000e+03
7.239383345750473042e-01,4.290000000000000000e+03
7.239956444495386778e-01,4.291000000000000000e+03
7.240529543240300514e-01,4.291000000000000000e+03
7.241102641985214250e-01,4.292000000000000000e+03
7.241675740730127986e-01,4.293000000000000000e+03
7.242248839475041722e-01,4.296000000000000000e+03
7.242821938219955458e-01,4.299000000000000000e+03
7.243395036964869194e-01,4.300000000000000000e+03
7.243968135709782930e-01,4.304000000000000000e+03
7.244541234454696665e-01,4.304000000000000000e+03
7.245114333199610401e-01,4.304000000000000000e+03
7.245687431944524137e-01,4.304000000000000000e+03
7.246260530689437873e-01,4.305000000000000000e+03
7.246833629434351609e-01,4.305000000000000000e+03
7.247406728179265345e-01,4.305000000000000000e+03
7.247979826924179081e-01,4.307000000000000000e+03
7.248552925669092817e-01,4.307000000000000000e+03
7.249126024414006553e-01,4.307000000000000000e+03
7.249699123158920289e-01,4.308000000000000000e+03
7.250272221903834025e-01,4.308000000000000000e+03
7.250845320648747760e-01,4.308000000000000000e+03
7.251418419393661496e-01,4.310000000000000000e+03
7.251991518138575232e-01,4.311000000000000000e+03
7.252564616883488968e-01,4.311000000000000000e+03
7.253137715628402704e-01,4.311000000000000000e+03
7.253710814373316440e-01,4.311000000000000000e+03
7.254283913118230176e-01,4.312000000000000000e+03
7.254857011863143912e-01,4.313000000000000000e+03
7.255430110608057648e-01,4.315000000000000000e+03
7.256003209352971384e-01,4.316000000000000000e+03
7.256576308097885120e-01,4.316000000000000000e+03
7.257149406842798856e-01,4.317000000000000000e+03
7.257722505587712591e-01,4.318000000000000000e+03
7.258295604332626327e-01,4.318000000000000000e+03
7.258868703077540063e-01,4.318000000000000000e+03
7.259441801822453799e-01,4.319000000000000000e+03
7.260014900567367535e-01,4.320000000000000000e+03
7.260587999312281271e-01,4.324000000000000000e+03
7.261161098057195007e-01,4.324000000000000000e+03
7.261734196802108743e-01,4.324000000000000000e+03
7.262307295547022479e-01,4.325000000000000000e+03
7.262880394291936215e-01,4.327000000000000000e+03
7.263453493036849951e-01,4.327000000000000000e+03
7.264026591781763686e-01,4.328000000000000000e+03
7.264599690526677422e-01,4.329000000000000000e+03
7.265172789271591158e-01,4.329000000000000000e+03
7.265745888016504894e-01,4.329000000000000000e+03
7.266318986761418630e-01,4.330000000000000000e+03
7.266892085506332366e-01,4.332000000000000000e+03
7.267465184251247212e-01,4.332000000000000000e+03
7.268038282996160948e-01,4.333000000000000000e+03
7.268611381741074684e-01,4.333000000000000000e+03
7.269184480485988420e-01,4.334000000000000000e+03
7.269757579230902156e-01,4.334000000000000000e+03
7.270330677975815892e-01,4.334000000000000000e+03
7.270903776720729628e-01,4.334000000000000000e+03
7.271476875465643364e-01,4.335000000000000000e+03
7.272049974210557099e-01,4.335000000000000000e+03
7.272623072955470835e-01,4.335000000000000000e+03
7.273196171700384571e-01,4.337000000000000000e+03
7.273769270445298307e-01,4.338000000000000000e+03
7.274342369190212043e-01,4.338000000000000000e+03
7.274915467935125779e-01,4.339000000000000000e+03
7.275488566680039515e-01,4.340000000000000000e+03
7.276061665424953251e-01,4.342000000000000000e+03
7.276634764169866987e-01,4.342000000000000000e+03
7.277207862914780723e-01,4.343000000000000000e+03
7.277780961659694459e-01,4.343000000000000000e+03
7.278354060404608195e-01,4.343000000000000000e+03
7.278927159149521930e-01,4.344000000000000000e+03
7.279500257894435666e-01,4.350000000000000000e+03
7.280073356639349402e-01,4.350000000000000000e+03
7.280646455384263138e-01,4.352000000000000000e+03
7.281219554129176874e-01,4.353000000000000000e+03
7.281792652874090610e-01,4.357000000000000000e+03
7.282365751619004346e-01,4.357000000000000000e+03
7.282938850363918082e-01,4.358000000000000000e+03
7.283511949108831818e-01,4.358000000000000000e+03
7.284085047853745554e-01,4.358000000000000000e+03
7.284658146598659290e-01,4.359000000000000000e+03
7.285231245343573026e-01,4.360000000000000000e+03
7.285804344088486761e-01,4.360000000000000000e+03
7.286377442833400497e-01,4.362000000000000000e+03
7.286950541578314233e-01,4.362000000000000000e+03
7.287523640323227969e-01,4.363000000000000000e+03
7.288096739068141705e-01,4.363000000000000000e+03
7.288669837813055441e-01,4.363000000000000000e+03
7.289242936557969177e-01,4.365000000000000000e+03
7.289816035302882913e-01,4.366000000000000000e+03
7.290389134047796649e-01,4.368000000000000000e+03
7.290962232792710385e-01,4.368000000000000000e+03
7.291535331537624121e-01,4.368000000000000000e+03
7.292108430282537856e-01,4.369000000000000000e+03
7.292681529027451592e-01,4.371000000000000000e+03
7.293254627772365328e-01,4.371000000000000000e+03
7.293827726517279064e-01,4.372000000000000000e+03
7.294400825262192800e-01,4.372000000000000000e+03
7.294973924007106536e-01,4.374000000000000000e+03
7.295547022752020272e-01,4.374000000000000000e+03
7.296120121496934008e-01,4.374000000000000000e+03
7.296693220241847744e-01,4.374000000000000000e+03
7.297266318986761480e-01,4.376000000000000000e+03
7.297839417731675216e-01,4.378000000000000000e+03
7.298412516476588952e-01,4.378000000000000000e+03
7.298985615221502687e-01,4.378000000000000000e+03
7.299558713966416423e-01,4.378000000000000000e+03
7.300131812711330159e-01,4.379000000000000000e+03
7.300704911456243895e-01,4.380000000000000000e+03
7.301278010201157631e-01,4.382000000000000000e+03
7.301851108946071367e-01,4.384000000000000000e+03
7.302424207690985103e-01,4.384000000000000000e+03
7.302997306435898839e-01,4.387000000000000000e+03
7.303570405180812575e-01,4.387000000000000000e+03
7.304143503925726311e-01,4.388000000000000000e+03
7.304716602670640047e-01,4.389000000000000000e+03
7.305289701415553782e-01,4.390000000000000000e+03
7.305862800160467518e-01,4.392000000000000000e+03
7.306435898905381254e-01,4.393000000000000000e+03
7.307008997650294990e-01,4.395000000000000000e+03
7.307582096395208726e-01,4.396000000000000000e+03
7.308155195140122462e-01,4.399000000000000000e+03
7.308728293885036198e-01,4.399000000000000000e+03
7.309301392629949934e-01,4.400000000000000000e+03
7.309874491374863670e-01,4.401000000000000000e+03
7.310447590119777406e-01,4.401000000000000000e+03
7.311020688864691142e-01,4.402000000000000000e+03
7.311593787609604878e-01,4.403000000000000000e+03
7.312166886354518613e-01,4.403000000000000000e+03
7.312739985099432349e-01,4.405000000000000000e+03
7.313313083844346085e-01,4.408000000000000000e+03
7.313886182589259821e-01,4.408000000000000000e+03
7.314459281334173557e-01,4.409000000000000000e+03
7.315032380079087293e-01,4.410000000000000000e+03
7.315605478824001029e-01,4.411000000000000000e+03
7.316178577568914765e-01,4.412000000000000000e+03
7.316751676313828501e-01,4.413000000000000000e+03
7.317324775058743347e-01,4.414000000000000000e+03
7.317897873803657083e-01,4.414000000000000000e+03
7.318470972548570819e-01,4.417000000000000000e+03
7.319044071293484555e-01,4.419000000000000000e+03
7.319617170038398291e-01,4.420000000000000000e+03
7.320190268783312026e-01,4.420000000000000000e+03
7.320763367528225762e-01,4.421000000000000000e+03
7.321336466273139498e-01,4.423000000000000000e+03
7.321909565018053234e-01,4.424000000000000000e+03
7.322482663762966970e-01,4.427000000000000000e+03
7.323055762507880706e-01,4.429000000000000000e+03
7.323628861252794442e-01,4.431000000000000000e+03
7.324201959997708178e-01,4.432000000000000000e+03
7.324775058742621914e-01,4.432000000000000000e+03
7.325348157487535650e-01,4.432000000000000000e+03
7.325921256232449386e-01,4.432000000000000000e+03
7.326494354977363122e-01,4.437000000000000000e+03
7.327067453722276857e-01,4.437000000000000000e+03
7.327640552467190593e-01,4.441000000000000000e+03
7.328213651212104329e-01,4.445000000000000000e+03
7.328786749957018065e-01,4.447000000000000000e+03
7.329359848701931801e-01,4.447000000000000000e+03
7.329932947446845537e-01,4.447000000000000000e+03
7.330506046191759273e-01,4.449000000000000000e+03
7.331079144936673009e-01,4.452000000000000000e+03
7.331652243681586745e-01,4.453000000000000000e+03
7.332225342426500481e-01,4.453000000000000000e+03
7.332798441171414217e-01,4.454000000000000000e+03
7.333371539916327952e-01,4.456000000000000000e+03
7.333944638661241688e-01,4.457000000000000000e+03
7.334517737406155424e-01,4.458000000000000000e+03
7.335090836151069160e-01,4.460000000000000000e+03
7.335663934895982896e-01,4.462000000000000000e+03
7.336237033640896632e-01,4.462000000000000000e+03
7.336810132385810368e-01,4.462000000000000000e+03
7.337383231130724104e-01,4.463000000000000000e+03
7.337956329875637840e-01,4.463000000000000000e+03
7.338529428620551576e-01,4.465000000000000000e+03
7.339102527365465312e-01,4.465000000000000000e+03
7.339675626110379048e-01,4.466000000000000000e+03
7.340248724855292783e-01,4.467000000000000000e+03
7.340821823600206519e-01,4.467000000000000000e+03
7.341394922345120255e-01,4.467000000000000000e+03
7.341968021090033991e-01,4.468000000000000000e+03
7.342541119834947727e-01,4.470000000000000000e+03
7.343114218579861463e-01,4.470000000000000000e+03
7.343687317324775199e-01,4.471000000000000000e+03
7.344260416069688935e-01,4.472000000000000000e+03
7.344833514814602671e-01,4.472000000000000000e+03
7.345406613559516407e-01,4.472000000000000000e+03
7.345979712304430143e-01,4.473000000000000000e+03
7.346552811049343878e-01,4.473000000000000000e+03
7.347125909794257614e-01,4.473000000000000000e+03
7.347699008539171350e-01,4.476000000000000000e+03
7.348272107284085086e-01,4.479000000000000000e+03
7.348845206028998822e-01,4.480000000000000000e+03
7.349418304773912558e-01,4.480000000000000000e+03
7.349991403518826294e-01,4.481000000000000000e+03
7.350564502263740030e-01,4.481000000000000000e+03
7.351137601008653766e-01,4.482000000000000000e+03
7.351710699753567502e-01,4.484000000000000000e+03
7.352283798498481238e-01,4.486000000000000000e+03
7.352856897243394974e-01,4.486000000000000000e+03
7.353429995988308709e-01,4.487000000000000000e+03
7.354003094733222445e-01,4.490000000000000000e+03
7.354576193478136181e-01,4.491000000000000000e+03
7.355149292223049917e-01,4.491000000000000000e+03
7.355722390967963653e-01,4.493000000000000000e+03
7.356295489712877389e-01,4.493000000000000000e+03
7.356868588457791125e-01,4.494000000000000000e+03
7.357441687202704861e-01,4.496000000000000000e+03
7.358014785947618597e-01,4.498000000000000000e+03
7.358587884692532333e-01,4.498000000000000000e+03
7.359160983437446069e-01,4.499000000000000000e+03
7.359734082182359804e-01,4.500000000000000000e+03
7.360307180927273540e-01,4.505000000000000000e+03
7.360880279672187276e-01,4.505000000000000000e+03
7.361453378417101012e-01,4.511000000000000000e+03
7.362026477162014748e-01,4.513000000000000000e+03
7.362599575906928484e-01,4.514000000000000000e+03
7.363172674651842220e-01,4.515000000000000000e+03
7.363745773396755956e-01,4.515000000000000000e+03
7.364318872141669692e-01,4.516000000000000000e+03
7.364891970886583428e-01,4.517000000000000000e+03
7.365465069631497164e-01,4.518000000000000000e+03
7.366038168376410900e-01,4.520000000000000000e+03
7.366611267121324635e-01,4.520000000000000000e+03
7.367184365866239482e-01,4.521000000000000000e+03
7.367757464611153218e-01,4.521000000000000000e+03
7.368330563356066953e-01,4.523000000000000000e+03
7.368903662100980689e-01,4.525000000000000000e+03
7.369476760845894425e-01,4.528000000000000000e+03
7.370049859590808161e-01,4.529000000000000000e+03
7.370622958335721897e-01,4.529000000000000000e+03
7.371196057080635633e-01,4.529000000000000000e+03
7.371769155825549369e-01,4.530000000000000000e+03
7.372342254570463105e-01,4.532000000000000000e+03
7.372915353315376841e-01,4.533000000000000000e+03
7.373488452060290577e-01,4.533000000000000000e+03
7.374061550805204313e-01,4.535000000000000000e+03
7.374634649550118048e-01,4.535000000000000000e+03
7.375207748295031784e-01,4.535000000000000000e+03
7.375780847039945520e-01,4.535000000000000000e+03
7.376353945784859256e-01,4.537000000000000000e+03
7.376927044529772992e-01,4.538000000000000000e+03
7.377500143274686728e-01,4.539000000000000000e+03
7.378073242019600464e-01,4.539000000000000000e+03
7.378646340764514200e-01,4.539000000000000000e+03
7.379219439509427936e-01,4.540000000000000000e+03
7.379792538254341672e-01,4.540000000000000000e+03
7.380365636999255408e-01,4.542000000000000000e+03
7.380938735744169144e-01,4.542000000000000000e+03
7.381511834489082879e-01,4.543000000000000000e+03
7.382084933233996615e-01,4.544000000000000000e+03
7.382658031978910351e-01,4.544000000000000000e+03
7.383231130723824087e-01,4.545000000000000000e+03
7.383804229468737823e-01,4.545000000000000000e+03
7.384377328213651559e-01,4.545000000000000000e+03
7.384950426958565295e-01,4.547000000000000000e+03
7.385523525703479031e-01,4.549000000000000000e+03
7.386096624448392767e-01,4.550000000000000000e+03
7.386669723193306503e-01,4.551000000000000000e+03
7.387242821938220239e-01,4.551000000000000000e+03
7.387815920683133974e-01,4.551000000000000000e+03
7.388389019428047710e-01,4.552000000000000000e+03
7.388962118172961446e-01,4.552000000000000000e+03
7.389535216917875182e-01,4.555000000000000000e+03
7.390108315662788918e-01,4.556000000000000000e+03
7.390681414407702654e-01,4.558000000000000000e+03
7.391254513152616390e-01,4.558000000000000000e+03
7.391827611897530126e-01,4.559000000000000000e+03
7.392400710642443862e-01,4.561000000000000000e+03
7.392973809387357598e-01,4.563000000000000000e+03
7.393546908132271334e-01,4.564000000000000000e+03
7.394120006877185070e-01,4.564000000000000000e+03
7.394693105622098805e-01,4.566000000000000000e+03
7.395266204367012541e-01,4.567000000000000000e+03
7.395839303111926277e-01,4.568000000000000000e+03
7.396412401856840013e-01,4.569000000000000000e+03
7.396985500601753749e-01,4.569000000000000000e+03
7.397558599346667485e-01,4.570000000000000000e+03
7.398131698091581221e-01,4.570000000000000000e+03
7.398704796836494957e-01,4.571000000000000000e+03
7.399277895581408693e-01,4.571000000000000000e+03
7.399850994326322429e-01,4.572000000000000000e+03
7.400424093071236165e-01,4.572000000000000000e+03
7.400997191816149900e-01,4.573000000000000000e+03
7.401570290561063636e-01,4.573000000000000000e+03
7.402143389305977372e-01,4.574000000000000000e+03
7.402716488050891108e-01,4.576000000000000000e+03
7.403289586795804844e-01,4.580000000000000000e+03
7.403862685540718580e-01,4.580000000000000000e+03
7.404435784285632316e-01,4.583000000000000000e+03
7.405008883030546052e-01,4.584000000000000000e+03
7.405581981775459788e-01,4.584000000000000000e+03
7.406155080520373524e-01,4.586000000000000000e+03
7.406728179265287260e-01,4.587000000000000000e+03
7.407301278010200996e-01,4.589000000000000000e+03
7.407874376755114731e-01,4.591000000000000000e+03
7.408447475500028467e-01,4.592000000000000000e+03
7.409020574244942203e-01,4.594000000000000000e+03
7.409593672989855939e-01,4.598000000000000000e+03
7.410166771734769675e-01,4.599000000000000000e+03
7.410739870479683411e-01,4.600000000000000000e+03
7.411312969224597147e-01,4.601000000000000000e+03
7.411886067969510883e-01,4.602000000000000000e+03
7.412459166714424619e-01,4.602000000000000000e+03
7.413032265459338355e-01,4.602000000000000000e+03
7.413605364204252091e-01,4.603000000000000000e+03
7.414178462949165827e-01,4.607000000000000000e+03
7.414751561694079562e-01,4.608000000000000000e+03
7.415324660438993298e-01,4.610000000000000000e+03
7.415897759183907034e-01,4.611000000000000000e+03
7.416470857928820770e-01,4.611000000000000000e+03
7.417043956673735616e-01,4.612000000000000000e+03
7.417617055418649352e-01,4.613000000000000000e+03
7.418190154163563088e-01,4.613000000000000000e+03
7.418763252908476824e-01,4.616000000000000000e+03
7.419336351653390560e-01,4.617000000000000000e+03
7.419909450398304296e-01,4.617000000000000000e+03
7.420482549143218032e-01,4.617000000000000000e+03
7.421055647888131768e-01,4.618000000000000000e+03
7.421628746633045504e-01,4.618000000000000000e+03
7.422201845377959240e-01,4.619000000000000000e+03
7.422774944122872975e-01,4.624000000000000000e+03
7.423348042867786711e-01,4.626000000000000000e+03
7.423921141612700447e-01,4.627000000000000000e+03
7.424494240357614183e-01,4.628000000000000000e+03
7.425067339102527919e-01,4.628000000000000000e+03
7.425640437847441655e-01,4.629000000000000000e+03
7.426213536592355391e-01,4.632000000000000000e+03
7.426786635337269127e-01,4.634000000000000000e+03
7.427359734082182863e-01,4.635000000000000000e+03
7.427932832827096599e-01,4.635000000000000000e+03
7.428505931572010335e-01,4.636000000000000000e+03
7.429079030316924070e-01,4.636000000000000000e+03
7.429652129061837806e-01,4.636000000000000000e+03
7.430225227806751542e-01,4.637000000000000000e+03
7.430798326551665278e-01,4.638000000000000000e+03
7.431371425296579014e-01,4.639000000000000000e+03
7.431944524041492750e-01,4.640000000000000000e+03
7.432517622786406486e-01,4.641000000000000000e+03
7.433090721531320222e-01,4.643000000000000000e+03
7.433663820276233958e-01,4.645000000000000000e+03
7.434236919021147694e-01,4.646000000000000000e+03
7.434810017766061430e-01,4.650000000000000000e+03
7.435383116510975166e-01,4.650000000000000000e+03
7.435956215255888901e-01,4.651000000000000000e+03
7.436529314000802637e-01,4.654000000000000000e+03
7.437102412745716373e-01,4.654000000000000000e+03
7.437675511490630109e-01,4.654000000000000000e+03
7.438248610235543845e-01,4.654000000000000000e+03
7.438821708980457581e-01,4.660000000000000000e+03
7.439394807725371317e-01,4.664000000000000000e+03
7.439967906470285053e-01,4.664000000000000000e+03
7.440541005215198789e-01,4.665000000000000000e+03
7.441114103960112525e-01,4.668000000000000000e+03
7.441687202705026261e-01,4.669000000000000000e+03
7.442260301449939996e-01,4.669000000000000000e+03
7.442833400194853732e-01,4.670000000000000000e+03
7.443406498939767468e-01,4.670000000000000000e+03
7.443979597684681204e-01,4.671000000000000000e+03
7.444552696429594940e-01,4.671000000000000000e+03
7.445125795174508676e-01,4.672000000000000000e+03
7.445698893919422412e-01,4.673000000000000000e+03
7.446271992664336148e-01,4.674000000000000000e+03
7.446845091409249884e-01,4.674000000000000000e+03
7.447418190154163620e-01,4.675000000000000000e+03
7.447991288899077356e-01,4.675000000000000000e+03
7.448564387643991092e-01,4.676000000000000000e+03
7.449137486388904827e-01,4.676000000000000000e+03
7.449710585133818563e-01,4.678000000000000000e+03
7.450283683878732299e-01,4.679000000000000000e+03
7.450856782623646035e-01,4.679000000000000000e+03
7.451429881368559771e-01,4.681000000000000000e+03
7.452002980113473507e-01,4.682000000000000000e+03
7.452576078858387243e-01,4.683000000000000000e+03
7.453149177603300979e-01,4.684000000000000000e+03
7.453722276348214715e-01,4.684000000000000000e+03
7.454295375093128451e-01,4.686000000000000000e+03
7.454868473838042187e-01,4.688000000000000000e+03
7.455441572582955922e-01,4.689000000000000000e+03
7.456014671327869658e-01,4.691000000000000000e+03
7.456587770072783394e-01,4.691000000000000000e+03
7.457160868817697130e-01,4.692000000000000000e+03
7.457733967562610866e-01,4.695000000000000000e+03
7.458307066307524602e-01,4.695000000000000000e+03
7.458880165052438338e-01,4.696000000000000000e+03
7.459453263797352074e-01,4.696000000000000000e+03
7.460026362542265810e-01,4.699000000000000000e+03
7.460599461287179546e-01,4.700000000000000000e+03
7.461172560032093282e-01,4.701000000000000000e+03
7.461745658777007018e-01,4.710000000000000000e+03
7.462318757521920753e-01,4.711000000000000000e+03
7.462891856266834489e-01,4.713000000000000000e+03
7.463464955011748225e-01,4.713000000000000000e+03
7.464038053756661961e-01,4.716000000000000000e+03
7.464611152501575697e-01,4.718000000000000000e+03
7.465184251246489433e-01,4.718000000000000000e+03
7.465757349991403169e-01,4.719000000000000000e+03
7.466330448736316905e-01,4.722000000000000000e+03
7.466903547481231751e-01,4.723000000000000000e+03
7.467476646226145487e-01,4.723000000000000000e+03
7.468049744971059223e-01,4.724000000000000000e+03
7.468622843715972959e-01,4.727000000000000000e+03
7.469195942460886695e-01,4.731000000000000000e+03
7.469769041205800431e-01,4.732000000000000000e+03
7.470342139950714166e-01,4.733000000000000000e+03
7.470915238695627902e-01,4.734000000000000000e+03
7.471488337440541638e-01,4.735000000000000000e+03
7.472061436185455374e-01,4.736000000000000000e+03
7.472634534930369110e-01,4.737000000000000000e+03
7.473207633675282846e-01,4.739000000000000000e+03
7.473780732420196582e-01,4.741000000000000000e+03
7.474353831165110318e-01,4.742000000000000000e+03
7.474926929910024054e-01,4.743000000000000000e+03
7.475500028654937790e-01,4.744000000000000000e+03
7.476073127399851526e-01,4.744000000000000000e+03
7.476646226144765262e-01,4.744000000000000000e+03
7.477219324889678997e-01,4.746000000000000000e+03
7.477792423634592733e-01,4.748000000000000000e+03
7.478365522379506469e-01,4.748000000000000000e+03
7.478938621124420205e-01,4.749000000000000000e+03
7.479511719869333941e-01,4.751000000000000000e+03
7.480084818614247677e-01,4.756000000000000000e+03
7.480657917359161413e-01,4.757000000000000000e+03
7.481231016104075149e-01,4.758000000000000000e+03
7.481804114848988885e-01,4.760000000000000000e+03
7.482377213593902621e-01,4.762000000000000000e+03
7.482950312338816357e-01,4.762000000000000000e+03
7.483523411083730092e-01,4.763000000000000000e+03
7.484096509828643828e-01,4.766000000000000000e+03
7.484669608573557564e-01,4.767000000000000000e+03
7.485242707318471300e-01,4.768000000000000000e+03
7.485815806063385036e-01,4.771000000000000000e+03
7.486388904808298772e-01,4.773000000000000000e+03
7.486962003553212508e-01,4.773000000000000000e+03
7.487535102298126244e-01,4.776000000000000000e+03
7.488108201043039980e-01,4.777000000000000000e+03
7.488681299787953716e-01,4.777000000000000000e+03
7.489254398532867452e-01,4.778000000000000000e+03
7.489827497277781188e-01,4.778000000000000000e+03
7.490400596022694923e-01,4.779000000000000000e+03
7.490973694767608659e-01,4.781000000000000000e+03
7.491546793512522395e-01,4.783000000000000000e+03
7.492119892257436131e-01,4.784000000000000000e+03
7.492692991002349867e-01,4.785000000000000000e+03
7.493266089747263603e-01,4.786000000000000000e+03
7.493839188492177339e-01,4.786000000000000000e+03
7.494412287237091075e-01,4.788000000000000000e+03
7.494985385982004811e-01,4.788000000000000000e+03
7.495558484726918547e-01,4.788000000000000000e+03
7.496131583471832283e-01,4.788000000000000000e+03
7.496704682216746018e-01,4.789000000000000000e+03
7.497277780961659754e-01,4.791000000000000000e+03
7.497850879706573490e-01,4.791000000000000000e+03
7.498423978451487226e-01,4.792000000000000000e+03
7.498997077196400962e-01,4.794000000000000000e+03
7.499570175941314698e-01,4.796000000000000000e+03
7.500143274686228434e-01,4.796000000000000000e+03
7.500716373431142170e-01,4.801000000000000000e+03
7.501289472176055906e-01,4.803000000000000000e+03
7.501862570920969642e-01,4.803000000000000000e+03
7.502435669665883378e-01,4.805000000000000000e+03
7.503008768410797114e-01,4.806000000000000000e+03
7.503581867155710849e-01,4.807000000000000000e+03
7.504154965900624585e-01,4.808000000000000000e+03
7.504728064645538321e-01,4.808000000000000000e+03
7.505301163390452057e-01,4.812000000000000000e+03
7.505874262135365793e-01,4.813000000000000000e+03
7.506447360880279529e-01,4.814000000000000000e+03
7.507020459625193265e-01,4.814000000000000000e+03
7.507593558370107001e-01,4.814000000000000000e+03
7.508166657115020737e-01,4.816000000000000000e+03
7.508739755859934473e-01,4.819000000000000000e+03
7.509312854604848209e-01,4.819000000000000000e+03
7.509885953349761945e-01,4.820000000000000000e+03
7.510459052094675680e-01,4.822000000000000000e+03
7.511032150839589416e-01,4.823000000000000000e+03
7.511605249584503152e-01,4.825000000000000000e+03
7.512178348329416888e-01,4.829000000000000000e+03
7.512751447074330624e-01,4.830000000000000000e+03
7.513324545819244360e-01,4.830000000000000000e+03
7.513897644564158096e-01,4.830000000000000000e+03
7.514470743309071832e-01,4.831000000000000000e+03
7.515043842053985568e-01,4.832000000000000000e+03
7.515616940798899304e-01,4.832000000000000000e+03
7.516190039543813040e-01,4.834000000000000000e+03
7.516763138288727886e-01,4.835000000000000000e+03
7.517336237033641622e-01,4.836000000000000000e+03
7.517909335778555358e-01,4.836000000000000000e+03
7.518482434523469093e-01,4.838000000000000000e+03
7.519055533268382829e-01,4.839000000000000000e+03
7.519628632013296565e-01,4.841000000000000000e+03
7.520201730758210301e-01,4.843000000000000000e+03
7.520774829503124037e-01,4.844000000000000000e+03
7.521347928248037773e-01,4.845000000000000000e+03
7.521921026992951509e-01,4.845000000000000000e+03
7.522494125737865245e-01,4.846000000000000000e+03
7.523067224482778981e-01,4.846000000000000000e+03
7.523640323227692717e-01,4.846000000000000000e+03
7.524213421972606453e-01,4.846000000000000000e+03
7.524786520717520188e-01,4.846000000000000000e+03
7.525359619462433924e-01,4.847000000000000000e+03
7.525932718207347660e-01,4.847000000000000000e+03
7.526505816952261396e-01,4.848000000000000000e+03
7.527078915697175132e-01,4.848000000000000000e+03
7.527652014442088868e-01,4.849000000000000000e+03
7.528225113187002604e-01,4.853000000000000000e+03
7.528798211931916340e-01,4.854000000000000000e+03
7.529371310676830076e-01,4.855000000000000000e+03
7.529944409421743812e-01,4.856000000000000000e+03
7.530517508166657548e-01,4.856000000000000000e+03
7.531090606911571284e-01,4.860000000000000000e+03
7.531663705656485019e-01,4.863000000000000000e+03
7.532236804401398755e-01,4.865000000000000000e+03
7.532809903146312491e-01,4.866000000000000000e+03
7.533383001891226227e-01,4.869000000000000000e+03
7.533956100636139963e-01,4.870000000000000000e+03
7.534529199381053699e-01,4.872000000000000000e+03
7.535102298125967435e-01,4.873000000000000000e+03
7.535675396870881171e-01,4.874000000000000000e+03
7.536248495615794907e-01,4.874000000000000000e+03
7.536821594360708643e-01,4.875000000000000000e+03
7.537394693105622379e-01,4.875000000000000000e+03
7.537967791850536114e-01,4.875000000000000000e+03
7.538540890595449850e-01,4.875000000000000000e+03
7.539113989340363586e-01,4.876000000000000000e+03
7.539687088085277322e-01,4.876000000000000000e+03
7.540260186830191058e-01,4.876000000000000000e+03
7.540833285575104794e-01,4.878000000000000000e+03
7.541406384320018530e-01,4.878000000000000000e+03
7.541979483064932266e-01,4.879000000000000000e+03
7.542552581809846002e-01,4.881000000000000000e+03
7.543125680554759738e-01,4.882000000000000000e+03
7.543698779299673474e-01,4.883000000000000000e+03
7.544271878044587210e-01,4.884000000000000000e+03
7.544844976789500945e-01,4.885000000000000000e+03
7.545418075534414681e-01,4.886000000000000000e+03
7.545991174279328417e-01,4.886000000000000000e+03
7.546564273024242153e-01,4.886000000000000000e+03
7.547137371769155889e-01,4.887000000000000000e+03
7.547710470514069625e-01,4.887000000000000000e+03
7.548283569258983361e-01,4.888000000000000000e+03
7.548856668003897097e-01,4.889000000000000000e+03
7.549429766748810833e-01,4.889000000000000000e+03
7.550002865493724569e-01,4.889000000000000000e+03
7.550575964238638305e-01,4.890000000000000000e+03
7.551149062983552041e-01,4.891000000000000000e+03
7.551722161728465776e-01,4.891000000000000000e+03
7.552295260473379512e-01,4.891000000000000000e+03
7.552868359218293248e-01,4.895000000000000000e+03
7.553441457963206984e-01,4.895000000000000000e+03
7.554014556708120720e-01,4.896000000000000000e+03
7.554587655453034456e-01,4.897000000000000000e+03
7.555160754197948192e-01,4.897000000000000000e+03
7.555733852942861928e-01,4.897000000000000000e+03
7.556306951687775664e-01,4.897000000000000000e+03
7.556880050432689400e-01,4.900000000000000000e+03
7.557453149177603136e-01,4.902000000000000000e+03
7.558026247922516871e-01,4.906000000000000000e+03
7.558599346667430607e-01,4.907000000000000000e+03
7.559172445412344343e-01,4.909000000000000000e+03
7.559745544157258079e-01,4.911000000000000000e+03
7.560318642902171815e-01,4.911000000000000000e+03
7.560891741647085551e-01,4.911000000000000000e+03
7.561464840391999287e-01,4.912000000000000000e+03
7.562037939136913023e-01,4.912000000000000000e+03
7.562611037881826759e-01,4.912000000000000000e+03
7.563184136626740495e-01,4.912000000000000000e+03
7.563757235371654231e-01,4.913000000000000000e+03
7.564330334116567967e-01,4.913000000000000000e+03
7.564903432861481702e-01,4.915000000000000000e+03
7.565476531606395438e-01,4.918000000000000000e+03
7.566049630351309174e-01,4.919000000000000000e+03
7.566622729096222910e-01,4.920000000000000000e+03
7.567195827841137756e-01,4.921000000000000000e+03
7.567768926586051492e-01,4.921000000000000000e+03
7.568342025330965228e-01,4.922000000000000000e+03
7.568915124075878964e-01,4.924000000000000000e+03
7.569488222820792700e-01,4.927000000000000000e+03
7.570061321565706436e-01,4.928000000000000000e+03
7.570634420310620172e-01,4.932000000000000000e+03
7.571207519055533908e-01,4.936000000000000000e+03
7.571780617800447644e-01,4.938000000000000000e+03
7.572353716545361380e-01,4.939000000000000000e+03
7.572926815290275115e-01,4.940000000000000000e+03
7.573499914035188851e-01,4.940000000000000000e+03
7.574073012780102587e-01,4.941000000000000000e+03
7.574646111525016323e-01,4.941000000000000000e+03
7.575219210269930059e-01,4.942000000000000000e+03
7.575792309014843795e-01,4.944000000000000000e+03
7.576365407759757531e-01,4.950000000000000000e+03
7.576938506504671267e-01,4.953000000000000000e+03
7.577511605249585003e-01,4.956000000000000000e+03
7.578084703994498739e-01,4.959000000000000000e+03
7.578657802739412475e-01,4.959000000000000000e+03
7.579230901484326210e-01,4.960000000000000000e+03
7.579804000229239946e-01,4.962000000000000000e+03
7.580377098974153682e-01,4.962000000000000000e+03
7.580950197719067418e-01,4.963000000000000000e+03
7.581523296463981154e-01,4.964000000000000000e+03
7.582096395208894890e-01,4.966000000000000000e+03
7.582669493953808626e-01,4.968000000000000000e+03
7.583242592698722362e-01,4.968000000000000000e+03
7.583815691443636098e-01,4.969000000000000000e+03
7.584388790188549834e-01,4.971000000000000000e+03
7.584961888933463570e-01,4.973000000000000000e+03
7.585534987678377306e-01,4.977000000000000000e+03
7.586108086423291041e-01,4.978000000000000000e+03
7.586681185168204777e-01,4.979000000000000000e+03
7.587254283913118513e-01,4.982000000000000000e+03
7.587827382658032249e-01,4.985000000000000000e+03
7.588400481402945985e-01,4.986000000000000000e+03
7.588973580147859721e-01,4.987000000000000000e+03
7.589546678892773457e-01,4.987000000000000000e+03
7.590119777637687193e-01,4.988000000000000000e+03
7.590692876382600929e-01,4.990000000000000000e+03
7.591265975127514665e-01,4.990000000000000000e+03
7.591839073872428401e-01,4.992000000000000000e+03
7.592412172617342137e-01,4.993000000000000000e+03
7.592985271362255872e-01,4.994000000000000000e+03
7.593558370107169608e-01,4.998000000000000000e+03
7.594131468852083344e-01,4.999000000000000000e+03
7.594704567596997080e-01,5.001000000000000000e+03
7.595277666341910816e-01,5.001000000000000000e+03
7.595850765086824552e-01,5.003000000000000000e+03
7.596423863831738288e-01,5.003000000000000000e+03
7.596996962576652024e-01,5.004000000000000000e+03
7.597570061321565760e-01,5.004000000000000000e+03
7.598143160066479496e-01,5.004000000000000000e+03
7.598716258811393232e-01,5.006000000000000000e+03
7.599289357556306967e-01,5.006000000000000000e+03
7.599862456301220703e-01,5.006000000000000000e+03
7.600435555046134439e-01,5.007000000000000000e+03
7.601008653791048175e-01,5.007000000000000000e+03
7.601581752535961911e-01,5.007000000000000000e+03
7.602154851280875647e-01,5.008000000000000000e+03
7.602727950025789383e-01,5.008000000000000000e+03
7.603301048770703119e-01,5.009000000000000000e+03
7.603874147515616855e-01,5.011000000000000000e+03
7.604447246260530591e-01,5.012000000000000000e+03
7.605020345005444327e-01,5.013000000000000000e+03
7.605593443750358063e-01,5.016000000000000000e+03
7.606166542495271798e-01,5.017000000000000000e+03
7.606739641240185534e-01,5.018000000000000000e+03
7.607312739985099270e-01,5.019000000000000000e+03
7.607885838730013006e-01,5.019000000000000000e+03
7.608458937474926742e-01,5.026000000000000000e+03
7.609032036219840478e-01,5.027000000000000000e+03
7.609605134964754214e-01,5.027000000000000000e+03
7.610178233709667950e-01,5.028000000000000000e+03
7.610751332454581686e-01,5.029000000000000000e+03
7.611324431199495422e-01,5.032000000000000000e+03
7.611897529944409158e-01,5.032000000000000000e+03
7.612470628689322893e-01,5.033000000000000000e+03
7.613043727434236629e-01,5.034000000000000000e+03
7.613616826179150365e-01,5.034000000000000000e+03
7.614189924924064101e-01,5.035000000000000000e+03
7.614763023668977837e-01,5.037000000000000000e+03
7.615336122413891573e-01,5.037000000000000000e+03
7.615909221158805309e-01,5.038000000000000000e+03
7.616482319903719045e-01,5.039000000000000000e+03
7.617055418648633891e-01,5.039000000000000000e+03
7.617628517393547627e-01,5.040000000000000000e+03
7.618201616138461363e-01,5.042000000000000000e+03
7.618774714883375099e-01,5.043000000000000000e+03
7.619347813628288835e-01,5.043000000000000000e+03
7.619920912373202571e-01,5.043000000000000000e+03
7.620494011118116306e-01,5.043000000000000000e+03
7.621067109863030042e-01,5.043000000000000000e+03
7.621640208607943778e-01,5.045000000000000000e+03
7.622213307352857514e-01,5.048000000000000000e+03
7.622786406097771250e-01,5.048000000000000000e+03
7.623359504842684986e-01,5.050000000000000000e+03
7.623932603587598722e-01,5.051000000000000000e+03
7.624505702332512458e-01,5.051000000000000000e+03
7.625078801077426194e-01,5.051000000000000000e+03
7.625651899822339930e-01,5.051000000000000000e+03
7.626224998567253666e-01,5.053000000000000000e+03
7.626798097312167402e-01,5.053000000000000000e+03
7.627371196057081137e-01,5.054000000000000000e+03
7.627944294801994873e-01,5.054000000000000000e+03
7.628517393546908609e-01,5.055000000000000000e+03
7.629090492291822345e-01,5.056000000000000000e+03
7.629663591036736081e-01,5.057000000000000000e+03
7.630236689781649817e-01,5.057000000000000000e+03
7.630809788526563553e-01,5.058000000000000000e+03
7.631382887271477289e-01,5.065000000000000000e+03
7.631955986016391025e-01,5.065000000000000000e+03
7.632529084761304761e-01,5.065000000000000000e+03
7.633102183506218497e-01,5.065000000000000000e+03
7.633675282251132233e-01,5.066000000000000000e+03
7.634248380996045968e-01,5.067000000000000000e+03
7.634821479740959704e-01,5.068000000000000000e+03
7.635394578485873440e-01,5.068000000000000000e+03
7.635967677230787176e-01,5.071000000000000000e+03
7.636540775975700912e-01,5.072000000000000000e+03
7.637113874720614648e-01,5.072000000000000000e+03
7.637686973465528384e-01,5.073000000000000000e+03
7.638260072210442120e-01,5.074000000000000000e+03
7.638833170955355856e-01,5.074000000000000000e+03
7.639406269700269592e-01,5.075000000000000000e+03
7.639979368445183328e-01,5.078000000000000000e+03
7.640552467190097063e-01,5.078000000000000000e+03
7.641125565935010799e-01,5.080000000000000000e+03
7.641698664679924535e-01,5.086000000000000000e+03
7.642271763424838271e-01,5.087000000000000000e+03
7.642844862169752007e-01,5.087000000000000000e+03
7.643417960914665743e-01,5.088000000000000000e+03
7.643991059659579479e-01,5.090000000000000000e+03
7.644564158404493215e-01,5.091000000000000000e+03
7.645137257149406951e-01,5.094000000000000000e+03
7.645710355894320687e-01,5.094000000000000000e+03
7.646283454639234423e-01,5.094000000000000000e+03
7.646856553384148159e-01,5.094000000000000000e+03
7.647429652129061894e-01,5.095000000000000000e+03
7.648002750873975630e-01,5.099000000000000000e+03
7.648575849618889366e-01,5.100000000000000000e+03
7.649148948363803102e-01,5.100000000000000000e+03
7.649722047108716838e-01,5.100000000000000000e+03
7.650295145853630574e-01,5.101000000000000000e+03
7.650868244598544310e-01,5.101000000000000000e+03
7.651441343343458046e-01,5.107000000000000000e+03
7.652014442088371782e-01,5.108000000000000000e+03
7.652587540833285518e-01,5.109000000000000000e+03
7.653160639578199254e-01,5.110000000000000000e+03
7.653733738323112989e-01,5.112000000000000000e+03
7.654306837068026725e-01,5.112000000000000000e+03
7.654879935812940461e-01,5.115000000000000000e+03
7.655453034557854197e-01,5.115000000000000000e+03
7.656026133302767933e-01,5.117000000000000000e+03
7.656599232047681669e-01,5.120000000000000000e+03
7.657172330792595405e-01,5.121000000000000000e+03
7.657745429537509141e-01,5.121000000000000000e+03
7.658318528282422877e-01,5.121000000000000000e+03
7.658891627027336613e-01,5.121000000000000000e+03
7.659464725772250349e-01,5.121000000000000000e+03
7.660037824517164085e-01,5.122000000000000000e+03
7.660610923262077820e-01,5.123000000000000000e+03
7.661184022006991556e-01,5.124000000000000000e+03
7.661757120751905292e-01,5.124000000000000000e+03
7.662330219496819028e-01,5.129000000000000000e+03
7.662903318241732764e-01,5.129000000000000000e+03
7.663476416986646500e-01,5.129000000000000000e+03
7.664049515731560236e-01,5.130000000000000000e+03
7.664622614476473972e-01,5.137000000000000000e+03
7.665195713221387708e-01,5.138000000000000000e+03
7.665768811966301444e-01,5.140000000000000000e+03
7.666341910711215180e-01,5.140000000000000000e+03
7.666915009456130026e-01,5.141000000000000000e+03
7.667488108201043762e-01,5.141000000000000000e+03
7.668061206945957498e-01,5.142000000000000000e+03
7.668634305690871233e-01,5.146000000000000000e+03
7.669207404435784969e-01,5.149000000000000000e+03
7.669780503180698705e-01,5.151000000000000000e+03
7.670353601925612441e-01,5.151000000000000000e+03
7.670926700670526177e-01,5.153000000000000000e+03
7.671499799415439913e-01,5.154000000000000000e+03
7.672072898160353649e-01,5.155000000000000000e+03
7.672645996905267385e-01,5.157000000000000000e+03
7.673219095650181121e-01,5.157000000000000000e+03
7.673792194395094857e-01,5.157000000000000000e+03
7.674365293140008593e-01,5.158000000000000000e+03
7.674938391884922329e-01,5.162000000000000000e+03
7.675511490629836064e-01,5.164000000000000000e+03
7.676084589374749800e-01,5.164000000000000000e+03
7.676657688119663536e-01,5.165000000000000000e+03
7.677230786864577272e-01,5.166000000000000000e+03
7.677803885609491008e-01,5.168000000000000000e+03
7.678376984354404744e-01,5.168000000000000000e+03
7.678950083099318480e-01,5.169000000000000000e+03
7.679523181844232216e-01,5.172000000000000000e+03
7.680096280589145952e-01,5.176000000000000000e+03
7.680669379334059688e-01,5.178000000000000000e+03
7.681242478078973424e-01,5.178000000000000000e+03
7.681815576823887159e-01,5.178000000000000000e+03
7.682388675568800895e-01,5.180000000000000000e+03
7.682961774313714631e-01,5.181000000000000000e+03
7.683534873058628367e-01,5.187000000000000000e+03
7.684107971803542103e-01,5.187000000000000000e+03
7.684681070548455839e-01,5.188000000000000000e+03
7.685254169293369575e-01,5.188000000000000000e+03
7.685827268038283311e-01,5.189000000000000000e+03
7.686400366783197047e-01,5.194000000000000000e+03
7.686973465528110783e-01,5.195000000000000000e+03
7.687546564273024519e-01,5.195000000000000000e+03
7.688119663017938255e-01,5.197000000000000000e+03
7.688692761762851990e-01,5.199000000000000000e+03
7.689265860507765726e-01,5.199000000000000000e+03
7.689838959252679462e-01,5.199000000000000000e+03
7.690412057997593198e-01,5.199000000000000000e+03
7.690985156742506934e-01,5.200000000000000000e+03
7.691558255487420670e-01,5.200000000000000000e+03
7.692131354232334406e-01,5.202000000000000000e+03
7.692704452977248142e-01,5.204000000000000000e+03
7.693277551722161878e-01,5.206000000000000000e+03
7.693850650467075614e-01,5.207000000000000000e+03
7.694423749211989350e-01,5.209000000000000000e+03
7.694996847956903085e-01,5.210000000000000000e+03
7.695569946701816821e-01,5.211000000000000000e+03
7.696143045446730557e-01,5.212000000000000000e+03
7.696716144191644293e-01,5.215000000000000000e+03
7.697289242936558029e-01,5.216000000000000000e+03
7.697862341681471765e-01,5.218000000000000000e+03
7.698435440426385501e-01,5.218000000000000000e+03
7.699008539171299237e-01,5.219000000000000000e+03
7.699581637916212973e-01,5.219000000000000000e+03
7.700154736661126709e-01,5.219000000000000000e+03
7.700727835406040445e-01,5.221000000000000000e+03
7.701300934150954181e-01,5.221000000000000000e+03
7.701874032895867916e-01,5.224000000000000000e+03
7.702447131640781652e-01,5.227000000000000000e+03
7.703020230385695388e-01,5.229000000000000000e+03
7.703593329130609124e-01,5.229000000000000000e+03
7.704166427875522860e-01,5.230000000000000000e+03
7.704739526620436596e-01,5.232000000000000000e+03
7.705312625365350332e-01,5.232000000000000000e+03
7.705885724110264068e-01,5.233000000000000000e+03
7.706458822855177804e-01,5.234000000000000000e+03
7.707031921600091540e-01,5.234000000000000000e+03
7.707605020345005276e-01,5.234000000000000000e+03
7.708178119089919011e-01,5.237000000000000000e+03
7.708751217834832747e-01,5.237000000000000000e+03
7.709324316579746483e-01,5.239000000000000000e+03
7.709897415324660219e-01,5.241000000000000000e+03
7.710470514069573955e-01,5.241000000000000000e+03
7.711043612814487691e-01,5.242000000000000000e+03
7.711616711559401427e-01,5.243000000000000000e+03
7.712189810304315163e-01,5.244000000000000000e+03
7.712762909049228899e-01,5.245000000000000000e+03
7.713336007794142635e-01,5.247000000000000000e+03
7.713909106539056371e-01,5.251000000000000000e+03
7.714482205283970107e-01,5.252000000000000000e+03
7.715055304028883842e-01,5.255000000000000000e+03
7.715628402773797578e-01,5.255000000000000000e+03
7.716201501518711314e-01,5.256000000000000000e+03
7.716774600263626160e-01,5.257000000000000000e+03
7.717347699008539896e-01,5.257000000000000000e+03
7.717920797753453632e-01,5.257000000000000000e+03
7.718493896498367368e-01,5.258000000000000000e+03
7.719066995243281104e-01,5.258000000000000000e+03
7.719640093988194840e-01,5.259000000000000000e+03
7.720213192733108576e-01,5.261000000000000000e+03
7.720786291478022312e-01,5.264000000000000000e+03
7.721359390222936048e-01,5.266000000000000000e+03
7.721932488967849784e-01,5.268000000000000000e+03
7.722505587712763520e-01,5.269000000000000000e+03
7.723078686457677255e-01,5.274000000000000000e+03
7.723651785202590991e-01,5.274000000000000000e+03
7.724224883947504727e-01,5.275000000000000000e+03
7.724797982692418463e-01,5.277000000000000000e+03
7.725371081437332199e-01,5.278000000000000000e+03
7.725944180182245935e-01,5.278000000000000000e+03
7.726517278927159671e-01,5.281000000000000000e+03
7.727090377672073407e-01,5.281000000000000000e+03
7.727663476416987143e-01,5.281000000000000000e+03
7.728236575161900879e-01,5.282000000000000000e+03
7.728809673906814615e-01,5.283000000000000000e+03
7.729382772651728351e-01,5.283000000000000000e+03
7.729955871396642086e-01,5.284000000000000000e+03
7.730528970141555822e-01,5.288000000000000000e+03
7.731102068886469558e-01,5.288000000000000000e+03
7.731675167631383294e-01,5.288000000000000000e+03
7.732248266376297030e-01,5.290000000000000000e+03
7.732821365121210766e-01,5.292000000000000000e+03
7.733394463866124502e-01,5.293000000000000000e+03
7.733967562611038238e-01,5.298000000000000000e+03
7.734540661355951974e-01,5.298000000000000000e+03
7.735113760100865710e-01,5.298000000000000000e+03
7.735686858845779446e-01,5.300000000000000000e+03
7.736259957590693181e-01,5.300000000000000000e+03
7.736833056335606917e-01,5.300000000000000000e+03
7.737406155080520653e-01,5.307000000000000000e+03
7.737979253825434389e-01,5.311000000000000000e+03
7.738552352570348125e-01,5.314000000000000000e+03
7.739125451315261861e-01,5.315000000000000000e+03
7.739698550060175597e-01,5.317000000000000000e+03
7.740271648805089333e-01,5.318000000000000000e+03
7.740844747550003069e-01,5.319000000000000000e+03
7.741417846294916805e-01,5.320000000000000000e+03
7.741990945039830541e-01,5.321000000000000000e+03
7.742564043784744277e-01,5.322000000000000000e+03
7.743137142529658012e-01,5.323000000000000000e+03
7.743710241274571748e-01,5.323000000000000000e+03
7.744283340019485484e-01,5.324000000000000000e+03
7.744856438764399220e-01,5.327000000000000000e+03
7.745429537509312956e-01,5.330000000000000000e+03
7.746002636254226692e-01,5.331000000000000000e+03
7.746575734999140428e-01,5.331000000000000000e+03
7.747148833744054164e-01,5.331000000000000000e+03
7.747721932488967900e-01,5.331000000000000000e+03
7.748295031233881636e-01,5.334000000000000000e+03
7.748868129978795372e-01,5.334000000000000000e+03
7.749441228723709107e-01,5.334000000000000000e+03
7.750014327468622843e-01,5.335000000000000000e+03
7.750587426213536579e-01,5.335000000000000000e+03
7.751160524958450315e-01,5.336000000000000000e+03
7.751733623703364051e-01,5.336000000000000000e+03
7.752306722448277787e-01,5.337000000000000000e+03
7.752879821193191523e-01,5.338000000000000000e+03
7.753452919938105259e-01,5.339000000000000000e+03
7.754026018683018995e-01,5.339000000000000000e+03
7.754599117427932731e-01,5.339000000000000000e+03
7.755172216172846467e-01,5.340000000000000000e+03
7.755745314917760203e-01,5.342000000000000000e+03
7.756318413662673938e-01,5.344000000000000000e+03
7.756891512407587674e-01,5.345000000000000000e+03
7.757464611152501410e-01,5.345000000000000000e+03
7.758037709897415146e-01,5.346000000000000000e+03
7.758610808642328882e-01,5.346000000000000000e+03
7.759183907387242618e-01,5.346000000000000000e+03
7.759757006132156354e-01,5.349000000000000000e+03
7.760330104877070090e-01,5.349000000000000000e+03
7.760903203621983826e-01,5.349000000000000000e+03
7.761476302366897562e-01,5.350000000000000000e+03
7.762049401111811298e-01,5.352000000000000000e+03
7.762622499856725033e-01,5.353000000000000000e+03
7.763195598601638769e-01,5.357000000000000000e+03
7.763768697346552505e-01,5.358000000000000000e+03
7.764341796091466241e-01,5.358000000000000000e+03
7.764914894836379977e-01,5.360000000000000000e+03
7.765487993581293713e-01,5.361000000000000000e+03
7.766061092326207449e-01,5.365000000000000000e+03
7.766634191071122295e-01,5.365000000000000000e+03
7.767207289816036031e-01,5.366000000000000000e+03
7.767780388560949767e-01,5.367000000000000000e+03
7.768353487305863503e-01,5.369000000000000000e+03
7.768926586050777239e-01,5.370000000000000000e+03
7.769499684795690975e-01,5.371000000000000000e+03
7.770072783540604711e-01,5.371000000000000000e+03
7.770645882285518447e-01,5.372000000000000000e+03
7.771218981030432182e-01,5.372000000000000000e+03
7.771792079775345918e-01,5.374000000000000000e+03
7.772365178520259654e-01,5.378000000000000000e+03
7.772938277265173390e-01,5.378000000000000000e+03
7.773511376010087126e-01,5.379000000000000000e+03
7.774084474755000862e-01,5.380000000000000000e+03
7.774657573499914598e-01,5.380000000000000000e+03
7.775230672244828334e-01,5.383000000000000000e+03
7.775803770989742070e-01,5.384000000000000000e+03
7.776376869734655806e-01,5.384000000000000000e+03
7.776949968479569542e-01,5.385000000000000000e+03
7.777523067224483277e-01,5.393000000000000000e+03
7.778096165969397013e-01,5.395000000000000000e+03
7.778669264714310749e-01,5.397000000000000000e+03
7.779242363459224485e-01,5.398000000000000000e+03
7.779815462204138221e-01,5.399000000000000000e+03
7.780388560949051957e-01,5.399000000000000000e+03
7.780961659693965693e-01,5.399000000000000000e+03
7.781534758438879429e-01,5.400000000000000000e+03
7.782107857183793165e-01,5.401000000000000000e+03
7.782680955928706901e-01,5.401000000000000000e+03
7.783254054673620637e-01,5.402000000000000000e+03
7.783827153418534373e-01,5.402000000000000000e+03
7.784400252163448108e-01,5.403000000000000000e+03
7.784973350908361844e-01,5.403000000000000000e+03
7.785546449653275580e-01,5.407000000000000000e+03
7.786119548398189316e-01,5.408000000000000000e+03
7.786692647143103052e-01,5.408000000000000000e+03
7.787265745888016788e-01,5.410000000000000000e+03
7.787838844632930524e-01,5.411000000000000000e+03
7.788411943377844260e-01,5.412000000000000000e+03
7.788985042122757996e-01,5.413000000000000000e+03
7.789558140867671732e-01,5.413000000000000000e+03
7.790131239612585468e-01,5.415000000000000000e+03
7.790704338357499203e-01,5.416000000000000000e+03
7.791277437102412939e-01,5.418000000000000000e+03
7.791850535847326675e-01,5.420000000000000000e+03
7.792423634592240411e-01,5.420000000000000000e+03
7.792996733337154147e-01,5.427000000000000000e+03
7.793569832082067883e-01,5.432000000000000000e+03
7.794142930826981619e-01,5.433000000000000000e+03
7.794716029571895355e-01,5.434000000000000000e+03
7.795289128316809091e-01,5.435000000000000000e+03
7.795862227061722827e-01,5.436000000000000000e+03
7.796435325806636563e-01,5.436000000000000000e+03
7.797008424551550299e-01,5.437000000000000000e+03
7.797581523296464034e-01,5.439000000000000000e+03
7.798154622041377770e-01,5.440000000000000000e+03
7.798727720786291506e-01,5.441000000000000000e+03
7.799300819531205242e-01,5.441000000000000000e+03
7.799873918276118978e-01,5.442000000000000000e+03
7.800447017021032714e-01,5.445000000000000000e+03
7.801020115765946450e-01,5.445000000000000000e+03
7.801593214510860186e-01,5.446000000000000000e+03
7.802166313255773922e-01,5.448000000000000000e+03
7.802739412000687658e-01,5.450000000000000000e+03
7.803312510745601394e-01,5.452000000000000000e+03
7.803885609490515129e-01,5.452000000000000000e+03
7.804458708235428865e-01,5.458000000000000000e+03
7.805031806980342601e-01,5.459000000000000000e+03
7.805604905725256337e-01,5.462000000000000000e+03
7.806178004470170073e-01,5.462000000000000000e+03
7.806751103215083809e-01,5.462000000000000000e+03
7.807324201959997545e-01,5.463000000000000000e+03
7.807897300704911281e-01,5.464000000000000000e+03
7.808470399449825017e-01,5.467000000000000000e+03
7.809043498194738753e-01,5.468000000000000000e+03
7.809616596939652489e-01,5.469000000000000000e+03
7.810189695684566225e-01,5.469000000000000000e+03
7.810762794429479960e-01,5.469000000000000000e+03
7.811335893174393696e-01,5.470000000000000000e+03
7.811908991919307432e-01,5.473000000000000000e+03
7.812482090664221168e-01,5.473000000000000000e+03
7.813055189409134904e-01,5.474000000000000000e+03
7.813628288154048640e-01,5.474000000000000000e+03
7.814201386898962376e-01,5.477000000000000000e+03
7.814774485643876112e-01,5.478000000000000000e+03
7.815347584388789848e-01,5.478000000000000000e+03
7.815920683133703584e-01,5.481000000000000000e+03
7.816493781878618430e-01,5.482000000000000000e+03
7.817066880623532166e-01,5.485000000000000000e+03
7.817639979368445902e-01,5.486000000000000000e+03
7.818213078113359638e-01,5.486000000000000000e+03
7.818786176858273373e-01,5.487000000000000000e+03
7.819359275603187109e-01,5.490000000000000000e+03
7.819932374348100845e-01,5.491000000000000000e+03
7.820505473093014581e-01,5.491000000000000000e+03
7.821078571837928317e-01,5.493000000000000000e+03
7.821651670582842053e-01,5.495000000000000000e+03
7.822224769327755789e-01,5.497000000000000000e+03
7.822797868072669525e-01,5.498000000000000000e+03
7.823370966817583261e-01,5.500000000000000000e+03
7.823944065562496997e-01,5.500000000000000000e+03
7.824517164307410733e-01,5.502000000000000000e+03
7.825090263052324469e-01,5.503000000000000000e+03
7.825663361797238204e-01,5.503000000000000000e+03
7.826236460542151940e-01,5.503000000000000000e+03
7.826809559287065676e-01,5.505000000000000000e+03
7.827382658031979412e-01,5.508000000000000000e+03
7.827955756776893148e-01,5.511000000000000000e+03
7.828528855521806884e-01,5.514000000000000000e+03
7.829101954266720620e-01,5.516000000000000000e+03
7.829675053011634356e-01,5.516000000000000000e+03
7.830248151756548092e-01,5.516000000000000000e+03
7.830821250501461828e-01,5.517000000000000000e+03
7.831394349246375564e-01,5.526000000000000000e+03
7.831967447991289299e-01,5.530000000000000000e+03
7.832540546736203035e-01,5.535000000000000000e+03
7.833113645481116771e-01,5.537000000000000000e+03
7.833686744226030507e-01,5.537000000000000000e+03
7.834259842970944243e-01,5.540000000000000000e+03
7.834832941715857979e-01,5.540000000000000000e+03
7.835406040460771715e-01,5.541000000000000000e+03
7.835979139205685451e-01,5.542000000000000000e+03
7.836552237950599187e-01,5.542000000000000000e+03
7.837125336695512923e-01,5.545000000000000000e+03
7.837698435440426659e-01,5.549000000000000000e+03
7.838271534185340395e-01,5.549000000000000000e+03
7.838844632930254130e-01,5.551000000000000000e+03
7.839417731675167866e-01,5.552000000000000000e+03
7.839990830420081602e-01,5.552000000000000000e+03
7.840563929164995338e-01,5.553000000000000000e+03
7.841137027909909074e-01,5.555000000000000000e+03
7.841710126654822810e-01,5.555000000000000000e+03
7.842283225399736546e-01,5.555000000000000000e+03
7.842856324144650282e-01,5.557000000000000000e+03
7.843429422889564018e-01,5.558000000000000000e+03
7.844002521634477754e-01,5.558000000000000000e+03
7.844575620379391490e-01,5.558000000000000000e+03
7.845148719124305225e-01,5.560000000000000000e+03
7.845721817869218961e-01,5.561000000000000000e+03
7.846294916614132697e-01,5.561000000000000000e+03
7.846868015359046433e-01,5.561000000000000000e+03
7.847441114103960169e-01,5.562000000000000000e+03
7.848014212848873905e-01,5.567000000000000000e+03
7.848587311593787641e-01,5.568000000000000000e+03
7.849160410338701377e-01,5.568000000000000000e+03
7.849733509083615113e-01,5.569000000000000000e+03
7.850306607828528849e-01,5.570000000000000000e+03
7.850879706573442585e-01,5.573000000000000000e+03
7.851452805318356321e-01,5.573000000000000000e+03
7.852025904063270056e-01,5.574000000000000000e+03
7.852599002808183792e-01,5.575000000000000000e+03
7.853172101553097528e-01,5.576000000000000000e+03
7.853745200298011264e-01,5.576000000000000000e+03
7.854318299042925000e-01,5.579000000000000000e+03
7.854891397787838736e-01,5.579000000000000000e+03
7.855464496532752472e-01,5.580000000000000000e+03
7.856037595277666208e-01,5.584000000000000000e+03
7.856610694022579944e-01,5.586000000000000000e+03
7.857183792767493680e-01,5.587000000000000000e+03
7.857756891512407416e-01,5.591000000000000000e+03
7.858329990257321152e-01,5.592000000000000000e+03
7.858903089002234887e-01,5.592000000000000000e+03
7.859476187747148623e-01,5.597000000000000000e+03
7.860049286492062359e-01,5.598000000000000000e+03
7.860622385236976095e-01,5.599000000000000000e+03
7.861195483981889831e-01,5.599000000000000000e+03
7.861768582726803567e-01,5.600000000000000000e+03
7.862341681471717303e-01,5.600000000000000000e+03
7.862914780216631039e-01,5.607000000000000000e+03
7.863487878961544775e-01,5.609000000000000000e+03
7.864060977706458511e-01,5.611000000000000000e+03
7.864634076451372247e-01,5.611000000000000000e+03
7.865207175196285982e-01,5.612000000000000000e+03
7.865780273941199718e-01,5.613000000000000000e+03
7.866353372686114565e-01,5.616000000000000000e+03
7.866926471431028300e-01,5.619000000000000000e+03
7.867499570175942036e-01,5.620000000000000000e+03
7.868072668920855772e-01,5.620000000000000000e+03
7.868645767665769508e-01,5.623000000000000000e+03
7.869218866410683244e-01,5.624000000000000000e+03
7.869791965155596980e-01,5.624000000000000000e+03
7.870365063900510716e-01,5.624000000000000000e+03
7.870938162645424452e-01,5.625000000000000000e+03
7.871511261390338188e-01,5.627000000000000000e+03
7.872084360135251924e-01,5.628000000000000000e+03
7.872657458880165660e-01,5.629000000000000000e+03
7.873230557625079395e-01,5.629000000000000000e+03
7.873803656369993131e-01,5.630000000000000000e+03
7.874376755114906867e-01,5.631000000000000000e+03
7.874949853859820603e-01,5.632000000000000000e+03
7.875522952604734339e-01,5.634000000000000000e+03
7.876096051349648075e-01,5.638000000000000000e+03
7.876669150094561811e-01,5.641000000000000000e+03
7.877242248839475547e-01,5.643000000000000000e+03
7.877815347584389283e-01,5.645000000000000000e+03
7.878388446329303019e-01,5.647000000000000000e+03
7.878961545074216755e-01,5.648000000000000000e+03
7.879534643819130491e-01,5.649000000000000000e+03
7.880107742564044226e-01,5.649000000000000000e+03
7.880680841308957962e-01,5.650000000000000000e+03
7.881253940053871698e-01,5.654000000000000000e+03
7.881827038798785434e-01,5.654000000000000000e+03
7.882400137543699170e-01,5.655000000000000000e+03
7.882973236288612906e-01,5.657000000000000000e+03
7.883546335033526642e-01,5.661000000000000000e+03
7.884119433778440378e-01,5.661000000000000000e+03
7.884692532523354114e-01,5.661000000000000000e+03
7.885265631268267850e-01,5.663000000000000000e+03
7.885838730013181586e-01,5.664000000000000000e+03
7.886411828758095321e-01,5.665000000000000000e+03
7.886984927503009057e-01,5.667000000000000000e+03
7.887558026247922793e-01,5.670000000000000000e+03
7.888131124992836529e-01,5.672000000000000000e+03
7.888704223737750265e-01,5.673000000000000000e+03
7.889277322482664001e-01,5.674000000000000000e+03
7.889850421227577737e-01,5.677000000000000000e+03
7.890423519972491473e-01,5.677000000000000000e+03
7.890996618717405209e-01,5.677000000000000000e+03
7.891569717462318945e-01,5.677000000000000000e+03
7.892142816207232681e-01,5.680000000000000000e+03
7.892715914952146417e-01,5.681000000000000000e+03
7.893289013697060152e-01,5.683000000000000000e+03
7.893862112441973888e-01,5.683000000000000000e+03
7.894435211186887624e-01,5.683000000000000000e+03
7.895008309931801360e-01,5.685000000000000000e+03
7.895581408676715096e-01,5.685000000000000000e+03
7.896154507421628832e-01,5.687000000000000000e+03
7.896727606166542568e-01,5.687000000000000000e+03
7.897300704911456304e-01,5.690000000000000000e+03
7.897873803656370040e-01,5.691000000000000000e+03
7.898446902401283776e-01,5.692000000000000000e+03
7.899020001146197512e-01,5.694000000000000000e+03
7.899593099891111248e-01,5.695000000000000000e+03
7.900166198636024983e-01,5.697000000000000000e+03
7.900739297380938719e-01,5.699000000000000000e+03
7.901312396125852455e-01,5.700000000000000000e+03
7.901885494870766191e-01,5.701000000000000000e+03
7.902458593615679927e-01,5.702000000000000000e+03
7.903031692360593663e-01,5.703000000000000000e+03
7.903604791105507399e-01,5.704000000000000000e+03
7.904177889850421135e-01,5.706000000000000000e+03
7.904750988595334871e-01,5.707000000000000000e+03
7.905324087340248607e-01,5.710000000000000000e+03
7.905897186085162343e-01,5.710000000000000000e+03
7.906470284830076078e-01,5.711000000000000000e+03
7.907043383574989814e-01,5.714000000000000000e+03
7.907616482319903550e-01,5.714000000000000000e+03
7.908189581064817286e-01,5.715000000000000000e+03
7.908762679809731022e-01,5.717000000000000000e+03
7.909335778554644758e-01,5.717000000000000000e+03
7.909908877299558494e-01,5.719000000000000000e+03
7.910481976044472230e-01,5.722000000000000000e+03
7.911055074789385966e-01,5.728000000000000000e+03
7.911628173534299702e-01,5.730000000000000000e+03
7.912201272279213438e-01,5.730000000000000000e+03
7.912774371024127174e-01,5.732000000000000000e+03
7.913347469769040909e-01,5.732000000000000000e+03
7.913920568513954645e-01,5.732000000000000000e+03
7.914493667258868381e-01,5.735000000000000000e+03
7.915066766003782117e-01,5.735000000000000000e+03
7.915639864748695853e-01,5.736000000000000000e+03
7.916212963493609589e-01,5.736000000000000000e+03
7.916786062238524435e-01,5.737000000000000000e+03
7.917359160983438171e-01,5.741000000000000000e+03
7.917932259728351907e-01,5.742000000000000000e+03
7.918505358473265643e-01,5.745000000000000000e+03
7.919078457218179379e-01,5.747000000000000000e+03
7.919651555963093115e-01,5.751000000000000000e+03
7.920224654708006851e-01,5.752000000000000000e+03
7.920797753452920587e-01,5.752000000000000000e+03
7.921370852197834322e-01,5.753000000000000000e+03
7.921943950942748058e-01,5.754000000000000000e+03
7.922517049687661794e-01,5.756000000000000000e+03
7.923090148432575530e-01,5.757000000000000000e+03
7.923663247177489266e-01,5.759000000000000000e+03
7.924236345922403002e-01,5.760000000000000000e+03
7.924809444667316738e-01,5.760000000000000000e+03
7.925382543412230474e-01,5.761000000000000000e+03
7.925955642157144210e-01,5.761000000000000000e+03
7.926528740902057946e-01,5.762000000000000000e+03
7.927101839646971682e-01,5.764000000000000000e+03
7.927674938391885417e-01,5.764000000000000000e+03
7.928248037136799153e-01,5.764000000000000000e+03
7.928821135881712889e-01,5.765000000000000000e+03
7.929394234626626625e-01,5.767000000000000000e+03
7.929967333371540361e-01,5.768000000000000000e+03
7.930540432116454097e-01,5.773000000000000000e+03
7.931113530861367833e-01,5.773000000000000000e+03
7.931686629606281569e-01,5.774000000000000000e+03
7.932259728351195305e-01,5.774000000000000000e+03
7.932832827096109041e-01,5.776000000000000000e+03
7.933405925841022777e-01,5.778000000000000000e+03
7.933979024585936513e-01,5.778000000000000000e+03
7.934552123330850248e-01,5.785000000000000000e+03
7.935125222075763984e-01,5.785000000000000000e+03
7.935698320820677720e-01,5.787000000000000000e+03
7.936271419565591456e-01,5.787000000000000000e+03
7.936844518310505192e-01,5.788000000000000000e+03
7.937417617055418928e-01,5.792000000000000000e+03
7.937990715800332664e-01,5.793000000000000000e+03
7.938563814545246400e-01,5.793000000000000000e+03
7.939136913290160136e-01,5.794000000000000000e+03
7.939710012035073872e-01,5.796000000000000000e+03
7.940283110779987608e-01,5.798000000000000000e+03
7.940856209524901343e-01,5.798000000000000000e+03
7.941429308269815079e-01,5.800000000000000000e+03
7.942002407014728815e-01,5.811000000000000000e+03
7.942575505759642551e-01,5.811000000000000000e+03
7.943148604504556287e-01,5.815000000000000000e+03
7.943721703249470023e-01,5.815000000000000000e+03
7.944294801994383759e-01,5.816000000000000000e+03
7.944867900739297495e-01,5.817000000000000000e+03
7.945440999484211231e-01,5.822000000000000000e+03
7.946014098229124967e-01,5.822000000000000000e+03
7.946587196974038703e-01,5.825000000000000000e+03
7.947160295718952439e-01,5.827000000000000000e+03
7.947733394463866174e-01,5.831000000000000000e+03
7.948306493208779910e-01,5.832000000000000000e+03
7.948879591953693646e-01,5.837000000000000000e+03
7.949452690698607382e-01,5.838000000000000000e+03
7.950025789443521118e-01,5.839000000000000000e+03
7.950598888188434854e-01,5.839000000000000000e+03
7.951171986933348590e-01,5.840000000000000000e+03
7.951745085678262326e-01,5.842000000000000000e+03
7.952318184423176062e-01,5.843000000000000000e+03
7.952891283168089798e-01,5.846000000000000000e+03
7.953464381913003534e-01,5.847000000000000000e+03
7.954037480657917270e-01,5.849000000000000000e+03
7.954610579402831005e-01,5.850000000000000000e+03
7.955183678147744741e-01,5.851000000000000000e+03
7.955756776892658477e-01,5.851000000000000000e+03
7.956329875637572213e-01,5.855000000000000000e+03
7.956902974382485949e-01,5.855000000000000000e+03
7.957476073127399685e-01,5.857000000000000000e+03
7.958049171872313421e-01,5.860000000000000000e+03
7.958622270617227157e-01,5.861000000000000000e+03
7.959195369362140893e-01,5.861000000000000000e+03
7.959768468107054629e-01,5.862000000000000000e+03
7.960341566851968365e-01,5.865000000000000000e+03
7.960914665596882100e-01,5.866000000000000000e+03
7.961487764341795836e-01,5.866000000000000000e+03
7.962060863086709572e-01,5.869000000000000000e+03
7.962633961831623308e-01,5.870000000000000000e+03
7.963207060576537044e-01,5.871000000000000000e+03
7.963780159321450780e-01,5.871000000000000000e+03
7.964353258066364516e-01,5.872000000000000000e+03
7.964926356811278252e-01,5.875000000000000000e+03
7.965499455556191988e-01,5.878000000000000000e+03
7.966072554301105724e-01,5.881000000000000000e+03
7.966645653046020570e-01,5.884000000000000000e+03
7.967218751790934306e-01,5.886000000000000000e+03
7.967791850535848042e-01,5.886000000000000000e+03
7.968364949280761778e-01,5.890000000000000000e+03
7.968938048025675513e-01,5.890000000000000000e+03
7.969511146770589249e-01,5.891000000000000000e+03
7.970084245515502985e-01,5.891000000000000000e+03
7.970657344260416721e-01,5.892000000000000000e+03
7.971230443005330457e-01,5.893000000000000000e+03
7.971803541750244193e-01,5.894000000000000000e+03
7.972376640495157929e-01,5.894000000000000000e+03
7.972949739240071665e-01,5.895000000000000000e+03
7.973522837984985401e-01,5.896000000000000000e+03
7.974095936729899137e-01,5.897000000000000000e+03
7.974669035474812873e-01,5.898000000000000000e+03
7.975242134219726609e-01,5.899000000000000000e+03
7.975815232964640344e-01,5.899000000000000000e+03
7.976388331709554080e-01,5.903000000000000000e+03
7.976961430454467816e-01,5.903000000000000000e+03
7.977534529199381552e-01,5.907000000000000000e+03
7.978107627944295288e-01,5.908000000000000000e+03
7.978680726689209024e-01,5.909000000000000000e+03
7.979253825434122760e-01,5.910000000000000000e+03
7.979826924179036496e-01,5.911000000000000000e+03
7.980400022923950232e-01,5.911000000000000000e+03
7.980973121668863968e-01,5.915000000000000000e+03
7.981546220413777704e-01,5.915000000000000000e+03
7.982119319158691439e-01,5.916000000000000000e+03
7.982692417903605175e-01,5.917000000000000000e+03
7.983265516648518911e-01,5.919000000000000000e+03
7.983838615393432647e-01,5.920000000000000000e+03
7.984411714138346383e-01,5.925000000000000000e+03
7.984984812883260119e-01,5.925000000000000000e+03
7.985557911628173855e-01,5.927000000000000000e+03
7.986131010373087591e-01,5.927000000000000000e+03
7.986704109118001327e-01,5.927000000000000000e+03
7.987277207862915063e-01,5.928000000000000000e+03
7.987850306607828799e-01,5.930000000000000000e+03
7.988423405352742535e-01,5.930000000000000000e+03
7.988996504097656270e-01,5.931000000000000000e+03
7.989569602842570006e-01,5.932000000000000000e+03
7.990142701587483742e-01,5.933000000000000000e+03
7.990715800332397478e-01,5.940000000000000000e+03
7.991288899077311214e-01,5.940000000000000000e+03
7.991861997822224950e-01,5.940000000000000000e+03
7.992435096567138686e-01,5.945000000000000000e+03
7.993008195312052422e-01,5.946000000000000000e+03
7.993581294056966158e-01,5.950000000000000000e+03
7.994154392801879894e-01,5.957000000000000000e+03
7.994727491546793630e-01,5.961000000000000000e+03
7.995300590291707366e-01,5.961000000000000000e+03
7.995873689036621101e-01,5.965000000000000000e+03
7.996446787781534837e-01,5.966000000000000000e+03
7.997019886526448573e-01,5.969000000000000000e+03
7.997592985271362309e-01,5.969000000000000000e+03
7.998166084016276045e-01,5.973000000000000000e+03
7.998739182761189781e-01,5.973000000000000000e+03
7.999312281506103517e-01,5.974000000000000000e+03
7.999885380251017253e-01,5.977000000000000000e+03
8.000458478995930989e-01,5.984000000000000000e+03
8.001031577740844725e-01,5.984000000000000000e+03
8.001604676485758461e-01,5.984000000000000000e+03
8.002177775230672196e-01,5.988000000000000000e+03
8.002750873975585932e-01,5.990000000000000000e+03
8.003323972720499668e-01,5.994000000000000000e+03
8.003897071465413404e-01,5.995000000000000000e+03
8.004470170210327140e-01,5.995000000000000000e+03
8.005043268955240876e-01,5.996000000000000000e+03
8.005616367700154612e-01,5.997000000000000000e+03
8.006189466445068348e-01,5.998000000000000000e+03
8.006762565189982084e-01,5.999000000000000000e+03
8.007335663934895820e-01,5.999000000000000000e+03
8.007908762679809556e-01,5.999000000000000000e+03
8.008481861424723292e-01,6.000000000000000000e+03
8.009054960169637027e-01,6.001000000000000000e+03
8.009628058914550763e-01,6.005000000000000000e+03
8.010201157659464499e-01,6.005000000000000000e+03
8.010774256404378235e-01,6.006000000000000000e+03
8.011347355149291971e-01,6.007000000000000000e+03
8.011920453894205707e-01,6.008000000000000000e+03
8.012493552639119443e-01,6.009000000000000000e+03
8.013066651384033179e-01,6.009000000000000000e+03
8.013639750128946915e-01,6.014000000000000000e+03
8.014212848873860651e-01,6.015000000000000000e+03
8.014785947618774387e-01,6.024000000000000000e+03
8.015359046363688122e-01,6.026000000000000000e+03
8.015932145108601858e-01,6.026000000000000000e+03
8.016505243853516705e-01,6.026000000000000000e+03
8.017078342598430440e-01,6.030000000000000000e+03
8.017651441343344176e-01,6.030000000000000000e+03
8.018224540088257912e-01,6.031000000000000000e+03
8.018797638833171648e-01,6.031000000000000000e+03
8.019370737578085384e-01,6.034000000000000000e+03
8.019943836322999120e-01,6.035000000000000000e+03
8.020516935067912856e-01,6.039000000000000000e+03
8.021090033812826592e-01,6.039000000000000000e+03
8.021663132557740328e-01,6.042000000000000000e+03
8.022236231302654064e-01,6.043000000000000000e+03
8.022809330047567800e-01,6.045000000000000000e+03
8.023382428792481535e-01,6.045000000000000000e+03
8.023955527537395271e-01,6.047000000000000000e+03
8.024528626282309007e-01,6.048000000000000000e+03
8.025101725027222743e-01,6.050000000000000000e+03
8.025674823772136479e-01,6.051000000000000000e+03
8.026247922517050215e-01,6.052000000000000000e+03
8.026821021261963951e-01,6.052000000000000000e+03
8.027394120006877687e-01,6.054000000000000000e+03
8.027967218751791423e-01,6.058000000000000000e+03
8.028540317496705159e-01,6.059000000000000000e+03
8.029113416241618895e-01,6.060000000000000000e+03
8.029686514986532631e-01,6.060000000000000000e+03
8.030259613731446366e-01,6.063000000000000000e+03
8.030832712476360102e-01,6.066000000000000000e+03
8.031405811221273838e-01,6.067000000000000000e+03
8.031978909966187574e-01,6.071000000000000000e+03
8.032552008711101310e-01,6.073000000000000000e+03
8.033125107456015046e-01,6.073000000000000000e+03
8.033698206200928782e-01,6.073000000000000000e+03
8.034271304945842518e-01,6.079000000000000000e+03
8.034844403690756254e-01,6.080000000000000000e+03
8.035417502435669990e-01,6.083000000000000000e+03
8.035990601180583726e-01,6.084000000000000000e+03
8.036563699925497462e-01,6.084000000000000000e+03
8.037136798670411197e-01,6.089000000000000000e+03
8.037709897415324933e-01,6.091000000000000000e+03
8.038282996160238669e-01,6.091000000000000000e+03
8.038856094905152405e-01,6.094000000000000000e+03
8.039429193650066141e-01,6.098000000000000000e+03
8.040002292394979877e-01,6.099000000000000000e+03
8.040575391139893613e-01,6.100000000000000000e+03
8.041148489884807349e-01,6.101000000000000000e+03
8.041721588629721085e-01,6.101000000000000000e+03
8.042294687374634821e-01,6.102000000000000000e+03
8.042867786119548557e-01,6.103000000000000000e+03
8.043440884864462292e-01,6.104000000000000000e+03
8.044013983609376028e-01,6.110000000000000000e+03
8.044587082354289764e-01,6.110000000000000000e+03
8.045160181099203500e-01,6.111000000000000000e+03
8.045733279844117236e-01,6.114000000000000000e+03
8.046306378589030972e-01,6.116000000000000000e+03
8.046879477333944708e-01,6.117000000000000000e+03
8.047452576078858444e-01,6.118000000000000000e+03
8.048025674823772180e-01,6.122000000000000000e+03
8.048598773568685916e-01,6.122000000000000000e+03
8.049171872313599652e-01,6.124000000000000000e+03
8.049744971058513388e-01,6.124000000000000000e+03
8.050318069803427123e-01,6.126000000000000000e+03
8.050891168548340859e-01,6.126000000000000000e+03
8.051464267293254595e-01,6.132000000000000000e+03
8.052037366038168331e-01,6.132000000000000000e+03
8.052610464783082067e-01,6.133000000000000000e+03
8.053183563527995803e-01,6.137000000000000000e+03
8.053756662272909539e-01,6.139000000000000000e+03
8.054329761017823275e-01,6.141000000000000000e+03
8.054902859762737011e-01,6.141000000000000000e+03
8.055475958507650747e-01,6.141000000000000000e+03
8.056049057252564483e-01,6.143000000000000000e+03
8.056622155997478218e-01,6.145000000000000000e+03
8.057195254742391954e-01,6.146000000000000000e+03
8.057768353487305690e-01,6.147000000000000000e+03
8.058341452232219426e-01,6.148000000000000000e+03
8.058914550977133162e-01,6.151000000000000000e+03
8.059487649722046898e-01,6.151000000000000000e+03
8.060060748466960634e-01,6.152000000000000000e+03
8.060633847211874370e-01,6.156000000000000000e+03
8.061206945956788106e-01,6.156000000000000000e+03
8.061780044701701842e-01,6.157000000000000000e+03
8.062353143446615578e-01,6.157000000000000000e+03
8.062926242191529314e-01,6.160000000000000000e+03
8.063499340936443049e-01,6.163000000000000000e+03
8.064072439681356785e-01,6.163000000000000000e+03
8.064645538426270521e-01,6.170000000000000000e+03
8.065218637171184257e-01,6.171000000000000000e+03
8.065791735916097993e-01,6.171000000000000000e+03
8.066364834661012839e-01,6.173000000000000000e+03
8.066937933405926575e-01,6.176000000000000000e+03
8.067511032150840311e-01,6.178000000000000000e+03
8.068084130895754047e-01,6.178000000000000000e+03
8.068657229640667783e-01,6.179000000000000000e+03
8.069230328385581519e-01,6.179000000000000000e+03
8.069803427130495255e-01,6.186000000000000000e+03
8.070376525875408991e-01,6.187000000000000000e+03
8.070949624620322727e-01,6.187000000000000000e+03
8.071522723365236462e-01,6.188000000000000000e+03
8.072095822110150198e-01,6.189000000000000000e+03
8.072668920855063934e-01,6.191000000000000000e+03
8.073242019599977670e-01,6.192000000000000000e+03
8.073815118344891406e-01,6.195000000000000000e+03
8.074388217089805142e-01,6.196000000000000000e+03
8.074961315834718878e-01,6.197000000000000000e+03
8.075534414579632614e-01,6.197000000000000000e+03
8.076107513324546350e-01,6.197000000000000000e+03
8.076680612069460086e-01,6.198000000000000000e+03
8.077253710814373822e-01,6.199000000000000000e+03
8.077826809559287558e-01,6.199000000000000000e+03
8.078399908304201293e-01,6.200000000000000000e+03
8.078973007049115029e-01,6.200000000000000000e+03
8.079546105794028765e-01,6.201000000000000000e+03
8.080119204538942501e-01,6.202000000000000000e+03
8.080692303283856237e-01,6.204000000000000000e+03
8.081265402028769973e-01,6.207000000000000000e+03
8.081838500773683709e-01,6.207000000000000000e+03
8.082411599518597445e-01,6.208000000000000000e+03
8.082984698263511181e-01,6.209000000000000000e+03
8.083557797008424917e-01,6.211000000000000000e+03
8.084130895753338653e-01,6.212000000000000000e+03
8.084703994498252388e-01,6.213000000000000000e+03
8.085277093243166124e-01,6.217000000000000000e+03
8.085850191988079860e-01,6.217000000000000000e+03
8.086423290732993596e-01,6.218000000000000000e+03
8.086996389477907332e-01,6.222000000000000000e+03
8.087569488222821068e-01,6.222000000000000000e+03
8.088142586967734804e-01,6.224000000000000000e+03
8.088715685712648540e-01,6.224000000000000000e+03
8.089288784457562276e-01,6.225000000000000000e+03
8.089861883202476012e-01,6.225000000000000000e+03
8.090434981947389748e-01,6.226000000000000000e+03
8.091008080692303484e-01,6.228000000000000000e+03
8.091581179437217219e-01,6.229000000000000000e+03
8.092154278182130955e-01,6.229000000000000000e+03
8.092727376927044691e-01,6.230000000000000000e+03
8.093300475671958427e-01,6.237000000000000000e+03
8.093873574416872163e-01,6.238000000000000000e+03
8.094446673161785899e-01,6.239000000000000000e+03
8.095019771906699635e-01,6.240000000000000000e+03
8.095592870651613371e-01,6.242000000000000000e+03
8.096165969396527107e-01,6.242000000000000000e+03
8.096739068141440843e-01,6.244000000000000000e+03
8.097312166886354579e-01,6.244000000000000000e+03
8.097885265631268314e-01,6.245000000000000000e+03
8.098458364376182050e-01,6.246000000000000000e+03
8.099031463121095786e-01,6.246000000000000000e+03
8.099604561866009522e-01,6.247000000000000000e+03
8.100177660610923258e-01,6.247000000000000000e+03
8.100750759355836994e-01,6.249000000000000000e+03
8.101323858100750730e-01,6.249000000000000000e+03
8.101896956845664466e-01,6.251000000000000000e+03
8.102470055590578202e-01,6.257000000000000000e+03
8.103043154335491938e-01,6.260000000000000000e+03
8.103616253080405674e-01,6.261000000000000000e+03
8.104189351825319410e-01,6.262000000000000000e+03
8.104762450570233145e-01,6.265000000000000000e+03
8.105335549315146881e-01,6.265000000000000000e+03
8.105908648060060617e-01,6.265000000000000000e+03
8.106481746804974353e-01,6.265000000000000000e+03
8.107054845549888089e-01,6.266000000000000000e+03
8.107627944294801825e-01,6.269000000000000000e+03
8.108201043039715561e-01,6.269000000000000000e+03
8.108774141784629297e-01,6.269000000000000000e+03
8.109347240529543033e-01,6.270000000000000000e+03
8.109920339274456769e-01,6.273000000000000000e+03
8.110493438019370505e-01,6.274000000000000000e+03
8.111066536764284240e-01,6.279000000000000000e+03
8.111639635509197976e-01,6.279000000000000000e+03
8.112212734254111712e-01,6.282000000000000000e+03
8.112785832999025448e-01,6.283000000000000000e+03
8.113358931743939184e-01,6.283000000000000000e+03
8.113932030488852920e-01,6.285000000000000000e+03
8.114505129233766656e-01,6.286000000000000000e+03
8.115078227978680392e-01,6.286000000000000000e+03
8.115651326723594128e-01,6.286000000000000000e+03
8.116224425468508974e-01,6.287000000000000000e+03
8.116797524213422710e-01,6.289000000000000000e+03
8.117370622958336446e-01,6.290000000000000000e+03
8.117943721703250182e-01,6.294000000000000000e+03
8.118516820448163918e-01,6.298000000000000000e+03
8.119089919193077654e-01,6.299000000000000000e+03
8.119663017937991389e-01,6.303000000000000000e+03
8.120236116682905125e-01,6.303000000000000000e+03
8.120809215427818861e-01,6.305000000000000000e+03
8.121382314172732597e-01,6.307000000000000000e+03
8.121955412917646333e-01,6.308000000000000000e+03
8.122528511662560069e-01,6.309000000000000000e+03
8.123101610407473805e-01,6.309000000000000000e+03
8.123674709152387541e-01,6.310000000000000000e+03
8.124247807897301277e-01,6.311000000000000000e+03
8.124820906642215013e-01,6.312000000000000000e+03
8.125394005387128749e-01,6.312000000000000000e+03
8.125967104132042484e-01,6.312000000000000000e+03
8.126540202876956220e-01,6.314000000000000000e+03
8.127113301621869956e-01,6.314000000000000000e+03
8.127686400366783692e-01,6.317000000000000000e+03
8.128259499111697428e-01,6.318000000000000000e+03
8.128832597856611164e-01,6.326000000000000000e+03
8.129405696601524900e-01,6.326000000000000000e+03
8.129978795346438636e-01,6.327000000000000000e+03
8.130551894091352372e-01,6.329000000000000000e+03
8.131124992836266108e-01,6.330000000000000000e+03
8.131698091581179844e-01,6.333000000000000000e+03
8.132271190326093580e-01,6.336000000000000000e+03
8.132844289071007315e-01,6.338000000000000000e+03
8.133417387815921051e-01,6.339000000000000000e+03
8.133990486560834787e-01,6.341000000000000000e+03
8.134563585305748523e-01,6.342000000000000000e+03
8.135136684050662259e-01,6.343000000000000000e+03
8.135709782795575995e-01,6.345000000000000000e+03
8.136282881540489731e-01,6.348000000000000000e+03
8.136855980285403467e-01,6.349000000000000000e+03
8.137429079030317203e-01,6.351000000000000000e+03
8.138002177775230939e-01,6.351000000000000000e+03
8.138575276520144675e-01,6.353000000000000000e+03
8.139148375265058410e-01,6.355000000000000000e+03
8.139721474009972146e-01,6.357000000000000000e+03
8.140294572754885882e-01,6.357000000000000000e+03
8.140867671499799618e-01,6.361000000000000000e+03
8.141440770244713354e-01,6.363000000000000000e+03
8.142013868989627090e-01,6.363000000000000000e+03
8.142586967734540826e-01,6.367000000000000000e+03
8.143160066479454562e-01,6.371000000000000000e+03
8.143733165224368298e-01,6.373000000000000000e+03
8.144306263969282034e-01,6.374000000000000000e+03
8.144879362714195770e-01,6.376000000000000000e+03
8.145452461459109506e-01,6.376000000000000000e+03
8.146025560204023241e-01,6.378000000000000000e+03
8.146598658948936977e-01,6.380000000000000000e+03
8.147171757693850713e-01,6.382000000000000000e+03
8.147744856438764449e-01,6.386000000000000000e+03
8.148317955183678185e-01,6.386000000000000000e+03
8.148891053928591921e-01,6.387000000000000000e+03
8.149464152673505657e-01,6.389000000000000000e+03
8.150037251418419393e-01,6.391000000000000000e+03
8.150610350163333129e-01,6.391000000000000000e+03
8.151183448908246865e-01,6.391000000000000000e+03
8.151756547653160601e-01,6.392000000000000000e+03
8.152329646398074336e-01,6.396000000000000000e+03
8.152902745142988072e-01,6.397000000000000000e+03
8.153475843887901808e-01,6.397000000000000000e+03
8.154048942632815544e-01,6.401000000000000000e+03
8.154622041377729280e-01,6.403000000000000000e+03
8.155195140122643016e-01,6.406000000000000000e+03
8.155768238867556752e-01,6.406000000000000000e+03
8.156341337612470488e-01,6.407000000000000000e+03
8.156914436357384224e-01,6.408000000000000000e+03
8.157487535102297960e-01,6.408000000000000000e+03
8.158060633847211696e-01,6.410000000000000000e+03
8.158633732592125432e-01,6.411000000000000000e+03
8.159206831337039167e-01,6.413000000000000000e+03
8.159779930081952903e-01,6.413000000000000000e+03
8.160353028826866639e-01,6.416000000000000000e+03
8.160926127571780375e-01,6.419000000000000000e+03
8.161499226316694111e-01,6.420000000000000000e+03
8.162072325061607847e-01,6.420000000000000000e+03
8.162645423806521583e-01,6.423000000000000000e+03
8.163218522551435319e-01,6.430000000000000000e+03
8.163791621296349055e-01,6.432000000000000000e+03
8.164364720041262791e-01,6.436000000000000000e+03
8.164937818786176527e-01,6.438000000000000000e+03
8.165510917531090263e-01,6.439000000000000000e+03
8.166084016276005109e-01,6.442000000000000000e+03
8.166657115020918845e-01,6.442000000000000000e+03
8.167230213765832580e-01,6.443000000000000000e+03
8.167803312510746316e-01,6.444000000000000000e+03
8.168376411255660052e-01,6.446000000000000000e+03
8.168949510000573788e-01,6.447000000000000000e+03
8.169522608745487524e-01,6.448000000000000000e+03
8.170095707490401260e-01,6.452000000000000000e+03
8.170668806235314996e-01,6.452000000000000000e+03
8.171241904980228732e-01,6.453000000000000000e+03
8.171815003725142468e-01,6.454000000000000000e+03
8.172388102470056204e-01,6.454000000000000000e+03
8.172961201214969940e-01,6.463000000000000000e+03
8.173534299959883676e-01,6.463000000000000000e+03
8.174107398704797411e-01,6.464000000000000000e+03
8.174680497449711147e-01,6.464000000000000000e+03
8.175253596194624883e-01,6.465000000000000000e+03
8.175826694939538619e-01,6.466000000000000000e+03
8.176399793684452355e-01,6.468000000000000000e+03
8.176972892429366091e-01,6.471000000000000000e+03
8.177545991174279827e-01,6.472000000000000000e+03
8.178119089919193563e-01,6.474000000000000000e+03
8.178692188664107299e-01,6.475000000000000000e+03
8.179265287409021035e-01,6.480000000000000000e+03
8.179838386153934771e-01,6.483000000000000000e+03
8.180411484898848506e-01,6.483000000000000000e+03
8.180984583643762242e-01,6.484000000000000000e+03
8.181557682388675978e-01,6.484000000000000000e+03
8.182130781133589714e-01,6.486000000000000000e+03
8.182703879878503450e-01,6.487000000000000000e+03
8.183276978623417186e-01,6.488000000000000000e+03
8.183850077368330922e-01,6.491000000000000000e+03
8.184423176113244658e-01,6.497000000000000000e+03
8.184996274858158394e-01,6.505000000000000000e+03
8.185569373603072130e-01,6.507000000000000000e+03
8.186142472347985866e-01,6.507000000000000000e+03
8.186715571092899602e-01,6.513000000000000000e+03
8.187288669837813337e-01,6.514000000000000000e+03
8.187861768582727073e-01,6.514000000000000000e+03
8.188434867327640809e-01,6.516000000000000000e+03
8.189007966072554545e-01,6.516000000000000000e+03
8.189581064817468281e-01,6.518000000000000000e+03
8.190154163562382017e-01,6.519000000000000000e+03
8.190727262307295753e-01,6.520000000000000000e+03
8.191300361052209489e-01,6.523000000000000000e+03
8.191873459797123225e-01,6.524000000000000000e+03
8.192446558542036961e-01,6.525000000000000000e+03
8.193019657286950697e-01,6.527000000000000000e+03
8.193592756031864432e-01,6.529000000000000000e+03
8.194165854776778168e-01,6.529000000000000000e+03
8.194738953521691904e-01,6.529000000000000000e+03
8.195312052266605640e-01,6.535000000000000000e+03
8.195885151011519376e-01,6.536000000000000000e+03
8.196458249756433112e-01,6.539000000000000000e+03
8.197031348501346848e-01,6.542000000000000000e+03
8.197604447246260584e-01,6.544000000000000000e+03
8.198177545991174320e-01,6.545000000000000000e+03
8.198750644736088056e-01,6.545000000000000000e+03
8.199323743481001792e-01,6.546000000000000000e+03
8.199896842225915528e-01,6.546000000000000000e+03
8.200469940970829263e-01,6.547000000000000000e+03
8.201043039715742999e-01,6.548000000000000000e+03
8.201616138460656735e-01,6.553000000000000000e+03
8.202189237205570471e-01,6.553000000000000000e+03
8.202762335950484207e-01,6.554000000000000000e+03
8.203335434695397943e-01,6.555000000000000000e+03
8.203908533440311679e-01,6.557000000000000000e+03
8.204481632185225415e-01,6.557000000000000000e+03
8.205054730930139151e-01,6.558000000000000000e+03
8.205627829675052887e-01,6.562000000000000000e+03
8.206200928419966623e-01,6.564000000000000000e+03
8.206774027164880358e-01,6.565000000000000000e+03
8.207347125909794094e-01,6.566000000000000000e+03
8.207920224654707830e-01,6.568000000000000000e+03
8.208493323399621566e-01,6.569000000000000000e+03
8.209066422144535302e-01,6.569000000000000000e+03
8.209639520889449038e-01,6.570000000000000000e+03
8.210212619634362774e-01,6.574000000000000000e+03
8.210785718379276510e-01,6.574000000000000000e+03
8.211358817124190246e-01,6.582000000000000000e+03
8.211931915869103982e-01,6.584000000000000000e+03
8.212505014614017718e-01,6.588000000000000000e+03
8.213078113358931454e-01,6.589000000000000000e+03
8.213651212103845189e-01,6.591000000000000000e+03
8.214224310848758925e-01,6.591000000000000000e+03
8.214797409593672661e-01,6.595000000000000000e+03
8.215370508338586397e-01,6.595000000000000000e+03
8.215943607083500133e-01,6.596000000000000000e+03
8.216516705828414979e-01,6.597000000000000000e+03
8.217089804573328715e-01,6.598000000000000000e+03
8.217662903318242451e-01,6.598000000000000000e+03
8.218236002063156187e-01,6.602000000000000000e+03
8.218809100808069923e-01,6.603000000000000000e+03
8.219382199552983659e-01,6.604000000000000000e+03
8.219955298297897395e-01,6.605000000000000000e+03
8.220528397042811131e-01,6.605000000000000000e+03
8.221101495787724867e-01,6.607000000000000000e+03
8.221674594532638602e-01,6.607000000000000000e+03
8.222247693277552338e-01,6.609000000000000000e+03
8.222820792022466074e-01,6.610000000000000000e+03
8.223393890767379810e-01,6.615000000000000000e+03
8.223966989512293546e-01,6.615000000000000000e+03
8.224540088257207282e-01,6.616000000000000000e+03
8.225113187002121018e-01,6.618000000000000000e+03
8.225686285747034754e-01,6.620000000000000000e+03
8.226259384491948490e-01,6.621000000000000000e+03
8.226832483236862226e-01,6.622000000000000000e+03
8.227405581981775962e-01,6.624000000000000000e+03
8.227978680726689698e-01,6.625000000000000000e+03
8.228551779471603433e-01,6.628000000000000000e+03
8.229124878216517169e-01,6.628000000000000000e+03
8.229697976961430905e-01,6.630000000000000000e+03
8.230271075706344641e-01,6.631000000000000000e+03
8.230844174451258377e-01,6.632000000000000000e+03
8.231417273196172113e-01,6.633000000000000000e+03
8.231990371941085849e-01,6.648000000000000000e+03
8.232563470685999585e-01,6.651000000000000000e+03
8.233136569430913321e-01,6.651000000000000000e+03
8.233709668175827057e-01,6.652000000000000000e+03
8.234282766920740793e-01,6.652000000000000000e+03
8.234855865665654528e-01,6.656000000000000000e+03
8.235428964410568264e-01,6.656000000000000000e+03
8.236002063155482000e-01,6.659000000000000000e+03
8.236575161900395736e-01,6.659000000000000000e+03
8.237148260645309472e-01,6.665000000000000000e+03
8.237721359390223208e-01,6.666000000000000000e+03
8.238294458135136944e-01,6.666000000000000000e+03
8.238867556880050680e-01,6.669000000000000000e+03
8.239440655624964416e-01,6.670000000000000000e+03
8.240013754369878152e-01,6.672000000000000000e+03
8.240586853114791888e-01,6.675000000000000000e+03
8.241159951859705624e-01,6.677000000000000000e+03
8.241733050604619359e-01,6.677000000000000000e+03
8.242306149349533095e-01,6.677000000000000000e+03
8.242879248094446831e-01,6.682000000000000000e+03
8.243452346839360567e-01,6.684000000000000000e+03
8.244025445584274303e-01,6.685000000000000000e+03
8.244598544329188039e-01,6.689000000000000000e+03
8.245171643074101775e-01,6.693000000000000000e+03
8.245744741819015511e-01,6.694000000000000000e+03
8.246317840563929247e-01,6.695000000000000000e+03
8.246890939308842983e-01,6.696000000000000000e+03
8.247464038053756719e-01,6.702000000000000000e+03
8.248037136798670454e-01,6.707000000000000000e+03
8.248610235543584190e-01,6.709000000000000000e+03
8.249183334288497926e-01,6.711000000000000000e+03
8.249756433033411662e-01,6.713000000000000000e+03
8.250329531778325398e-01,6.714000000000000000e+03
8.250902630523239134e-01,6.717000000000000000e+03
8.251475729268152870e-01,6.718000000000000000e+03
8.252048828013066606e-01,6.719000000000000000e+03
8.252621926757980342e-01,6.733000000000000000e+03
8.253195025502894078e-01,6.738000000000000000e+03
8.253768124247807814e-01,6.742000000000000000e+03
8.254341222992721550e-01,6.744000000000000000e+03
8.254914321737635285e-01,6.744000000000000000e+03
8.255487420482549021e-01,6.744000000000000000e+03
8.256060519227462757e-01,6.745000000000000000e+03
8.256633617972376493e-01,6.747000000000000000e+03
8.257206716717290229e-01,6.749000000000000000e+03
8.257779815462203965e-01,6.750000000000000000e+03
8.258352914207117701e-01,6.753000000000000000e+03
8.258926012952031437e-01,6.754000000000000000e+03
8.259499111696945173e-01,6.758000000000000000e+03
8.260072210441858909e-01,6.758000000000000000e+03
8.260645309186772645e-01,6.763000000000000000e+03
8.261218407931686381e-01,6.763000000000000000e+03
8.261791506676600116e-01,6.765000000000000000e+03
8.262364605421513852e-01,6.770000000000000000e+03
8.262937704166427588e-01,6.773000000000000000e+03
8.263510802911341324e-01,6.775000000000000000e+03
8.264083901656255060e-01,6.776000000000000000e+03
8.264657000401168796e-01,6.776000000000000000e+03
8.265230099146082532e-01,6.782000000000000000e+03
8.265803197890996268e-01,6.784000000000000000e+03
8.266376296635911114e-01,6.786000000000000000e+03
8.266949395380824850e-01,6.786000000000000000e+03
8.267522494125738586e-01,6.786000000000000000e+03
8.268095592870652322e-01,6.787000000000000000e+03
8.268668691615566058e-01,6.789000000000000000e+03
8.269241790360479794e-01,6.790000000000000000e+03
8.269814889105393529e-01,6.792000000000000000e+03
8.270387987850307265e-01,6.794000000000000000e+03
8.270961086595221001e-01,6.797000000000000000e+03
8.271534185340134737e-01,6.797000000000000000e+03
8.272107284085048473e-01,6.798000000000000000e+03
8.272680382829962209e-01,6.804000000000000000e+03
8.273253481574875945e-01,6.804000000000000000e+03
8.273826580319789681e-01,6.808000000000000000e+03
8.274399679064703417e-01,6.808000000000000000e+03
8.274972777809617153e-01,6.811000000000000000e+03
8.275545876554530889e-01,6.816000000000000000e+03
8.276118975299444624e-01,6.821000000000000000e+03
8.276692074044358360e-01,6.823000000000000000e+03
8.277265172789272096e-01,6.823000000000000000e+03
8.277838271534185832e-01,6.824000000000000000e+03
8.278411370279099568e-01,6.824000000000000000e+03
8.278984469024013304e-01,6.829000000000000000e+03
8.279557567768927040e-01,6.829000000000000000e+03
8.280130666513840776e-01,6.831000000000000000e+03
8.280703765258754512e-01,6.833000000000000000e+03
8.281276864003668248e-01,6.834000000000000000e+03
8.281849962748581984e-01,6.840000000000000000e+03
8.282423061493495720e-01,6.843000000000000000e+03
8.282996160238409455e-01,6.845000000000000000e+03
8.283569258983323191e-01,6.845000000000000000e+03
8.284142357728236927e-01,6.846000000000000000e+03
8.284715456473150663e-01,6.847000000000000000e+03
8.285288555218064399e-01,6.847000000000000000e+03
8.285861653962978135e-01,6.852000000000000000e+03
8.286434752707891871e-01,6.853000000000000000e+03
8.287007851452805607e-01,6.855000000000000000e+03
8.287580950197719343e-01,6.856000000000000000e+03
8.288154048942633079e-01,6.858000000000000000e+03
8.288727147687546815e-01,6.860000000000000000e+03
8.289300246432460550e-01,6.860000000000000000e+03
8.289873345177374286e-01,6.860000000000000000e+03
8.290446443922288022e-01,6.862000000000000000e+03
8.291019542667201758e-01,6.864000000000000000e+03
8.291592641412115494e-01,6.864000000000000000e+03
8.292165740157029230e-01,6.866000000000000000e+03
8.292738838901942966e-01,6.867000000000000000e+03
8.293311937646856702e-01,6.869000000000000000e+03
8.293885036391770438e-01,6.869000000000000000e+03
8.294458135136684174e-01,6.870000000000000000e+03
8.295031233881597910e-01,6.872000000000000000e+03
8.295604332626511646e-01,6.875000000000000000e+03
8.296177431371425381e-01,6.875000000000000000e+03
8.296750530116339117e-01,6.880000000000000000e+03
8.297323628861252853e-01,6.881000000000000000e+03
8.297896727606166589e-01,6.882000000000000000e+03
8.298469826351080325e-01,6.884000000000000000e+03
8.299042925095994061e-01,6.885000000000000000e+03
8.299616023840907797e-01,6.885000000000000000e+03
8.300189122585821533e-01,6.885000000000000000e+03
8.300762221330735269e-01,6.891000000000000000e+03
8.301335320075649005e-01,6.892000000000000000e+03
8.301908418820562741e-01,6.892000000000000000e+03
8.302481517565476477e-01,6.893000000000000000e+03
8.303054616310390212e-01,6.897000000000000000e+03
8.303627715055303948e-01,6.902000000000000000e+03
8.304200813800217684e-01,6.902000000000000000e+03
8.304773912545131420e-01,6.904000000000000000e+03
8.305347011290045156e-01,6.905000000000000000e+03
8.305920110034958892e-01,6.906000000000000000e+03
8.306493208779872628e-01,6.909000000000000000e+03
8.307066307524786364e-01,6.911000000000000000e+03
8.307639406269700100e-01,6.914000000000000000e+03
8.308212505014613836e-01,6.914000000000000000e+03
8.308785603759527572e-01,6.923000000000000000e+03
8.309358702504441307e-01,6.925000000000000000e+03
8.309931801249355043e-01,6.925000000000000000e+03
8.310504899994268779e-01,6.928000000000000000e+03
8.311077998739182515e-01,6.928000000000000000e+03
8.311651097484096251e-01,6.929000000000000000e+03
8.312224196229009987e-01,6.930000000000000000e+03
8.312797294973923723e-01,6.936000000000000000e+03
8.313370393718837459e-01,6.938000000000000000e+03
8.313943492463751195e-01,6.938000000000000000e+03
8.314516591208664931e-01,6.944000000000000000e+03
8.315089689953578667e-01,6.946000000000000000e+03
8.315662788698492403e-01,6.946000000000000000e+03
8.316235887443407249e-01,6.950000000000000000e+03
8.316808986188320985e-01,6.952000000000000000e+03
8.317382084933234720e-01,6.954000000000000000e+03
8.317955183678148456e-01,6.960000000000000000e+03
8.318528282423062192e-01,6.962000000000000000e+03
8.319101381167975928e-01,6.965000000000000000e+03
8.319674479912889664e-01,6.966000000000000000e+03
8.320247578657803400e-01,6.966000000000000000e+03
8.320820677402717136e-01,6.967000000000000000e+03
8.321393776147630872e-01,6.968000000000000000e+03
8.321966874892544608e-01,6.968000000000000000e+03
8.322539973637458344e-01,6.971000000000000000e+03
8.323113072382372080e-01,6.972000000000000000e+03
8.323686171127285816e-01,6.976000000000000000e+03
8.324259269872199551e-01,6.977000000000000000e+03
8.324832368617113287e-01,6.978000000000000000e+03
8.325405467362027023e-01,6.985000000000000000e+03
8.325978566106940759e-01,6.985000000000000000e+03
8.326551664851854495e-01,6.987000000000000000e+03
8.327124763596768231e-01,6.990000000000000000e+03
8.327697862341681967e-01,6.990000000000000000e+03
8.328270961086595703e-01,6.992000000000000000e+03
8.328844059831509439e-01,6.993000000000000000e+03
8.329417158576423175e-01,6.995000000000000000e+03
8.329990257321336911e-01,6.997000000000000000e+03
8.330563356066250646e-01,6.998000000000000000e+03
8.331136454811164382e-01,6.999000000000000000e+03
8.331709553556078118e-01,6.999000000000000000e+03
8.332282652300991854e-01,7.003000000000000000e+03
8.332855751045905590e-01,7.005000000000000000e+03
8.333428849790819326e-01,7.007000000000000000e+03
8.334001948535733062e-01,7.011000000000000000e+03
8.334575047280646798e-01,7.012000000000000000e+03
8.335148146025560534e-01,7.015000000000000000e+03
8.335721244770474270e-01,7.015000000000000000e+03
8.336294343515388006e-01,7.016000000000000000e+03
8.336867442260301742e-01,7.019000000000000000e+03
8.337440541005215477e-01,7.026000000000000000e+03
8.338013639750129213e-01,7.031000000000000000e+03
8.338586738495042949e-01,7.031000000000000000e+03
8.339159837239956685e-01,7.050000000000000000e+03
8.339732935984870421e-01,7.051000000000000000e+03
8.340306034729784157e-01,7.052000000000000000e+03
8.340879133474697893e-01,7.054000000000000000e+03
8.341452232219611629e-01,7.056000000000000000e+03
8.342025330964525365e-01,7.059000000000000000e+03
8.342598429709439101e-01,7.059000000000000000e+03
8.343171528454352837e-01,7.061000000000000000e+03
8.343744627199266573e-01,7.063000000000000000e+03
8.344317725944180308e-01,7.075000000000000000e+03
8.344890824689094044e-01,7.075000000000000000e+03
8.345463923434007780e-01,7.075000000000000000e+03
8.346037022178921516e-01,7.077000000000000000e+03
8.346610120923835252e-01,7.081000000000000000e+03
8.347183219668748988e-01,7.081000000000000000e+03
8.347756318413662724e-01,7.082000000000000000e+03
8.348329417158576460e-01,7.083000000000000000e+03
8.348902515903490196e-01,7.085000000000000000e+03
8.349475614648403932e-01,7.088000000000000000e+03
8.350048713393317668e-01,7.090000000000000000e+03
8.350621812138231403e-01,7.093000000000000000e+03
8.351194910883145139e-01,7.094000000000000000e+03
8.351768009628058875e-01,7.095000000000000000e+03
8.352341108372972611e-01,7.095000000000000000e+03
8.352914207117886347e-01,7.095000000000000000e+03
8.353487305862800083e-01,7.098000000000000000e+03
8.354060404607713819e-01,7.100000000000000000e+03
8.354633503352627555e-01,7.104000000000000000e+03
8.355206602097541291e-01,7.104000000000000000e+03
8.355779700842455027e-01,7.104000000000000000e+03
8.356352799587368763e-01,7.106000000000000000e+03
8.356925898332282499e-01,7.107000000000000000e+03
8.357498997077196234e-01,7.111000000000000000e+03
8.358072095822109970e-01,7.112000000000000000e+03
8.358645194567023706e-01,7.117000000000000000e+03
8.359218293311937442e-01,7.117000000000000000e+03
8.359791392056851178e-01,7.119000000000000000e+03
8.360364490801764914e-01,7.119000000000000000e+03
8.360937589546678650e-01,7.120000000000000000e+03
8.361510688291592386e-01,7.121000000000000000e+03
8.362083787036506122e-01,7.126000000000000000e+03
8.362656885781419858e-01,7.127000000000000000e+03
8.363229984526333594e-01,7.128000000000000000e+03
8.363803083271247329e-01,7.130000000000000000e+03
8.364376182016161065e-01,7.134000000000000000e+03
8.364949280761074801e-01,7.138000000000000000e+03
8.365522379505988537e-01,7.139000000000000000e+03
8.366095478250903383e-01,7.145000000000000000e+03
8.366668576995817119e-01,7.146000000000000000e+03
8.367241675740730855e-01,7.152000000000000000e+03
8.367814774485644591e-01,7.154000000000000000e+03
8.368387873230558327e-01,7.155000000000000000e+03
8.368960971975472063e-01,7.157000000000000000e+03
8.369534070720385799e-01,7.158000000000000000e+03
8.370107169465299535e-01,7.161000000000000000e+03
8.370680268210213271e-01,7.164000000000000000e+03
8.371253366955127007e-01,7.166000000000000000e+03
8.371826465700040742e-01,7.168000000000000000e+03
8.372399564444954478e-01,7.169000000000000000e+03
8.372972663189868214e-01,7.170000000000000000e+03
8.373545761934781950e-01,7.171000000000000000e+03
8.374118860679695686e-01,7.171000000000000000e+03
8.374691959424609422e-01,7.175000000000000000e+03
8.375265058169523158e-01,7.178000000000000000e+03
8.375838156914436894e-01,7.178000000000000000e+03
8.376411255659350630e-01,7.181000000000000000e+03
8.376984354404264366e-01,7.181000000000000000e+03
8.377557453149178102e-01,7.183000000000000000e+03
8.378130551894091838e-01,7.184000000000000000e+03
8.378703650639005573e-01,7.186000000000000000e+03
8.379276749383919309e-01,7.186000000000000000e+03
8.379849848128833045e-01,7.190000000000000000e+03
8.380422946873746781e-01,7.193000000000000000e+03
8.380996045618660517e-01,7.193000000000000000e+03
8.381569144363574253e-01,7.194000000000000000e+03
8.382142243108487989e-01,7.195000000000000000e+03
8.382715341853401725e-01,7.196000000000000000e+03
8.383288440598315461e-01,7.197000000000000000e+03
8.383861539343229197e-01,7.200000000000000000e+03
8.384434638088142933e-01,7.202000000000000000e+03
8.385007736833056669e-01,7.204000000000000000e+03
8.385580835577970404e-01,7.204000000000000000e+03
8.386153934322884140e-01,7.205000000000000000e+03
8.386727033067797876e-01,7.205000000000000000e+03
8.387300131812711612e-01,7.205000000000000000e+03
8.387873230557625348e-01,7.206000000000000000e+03
8.388446329302539084e-01,7.206000000000000000e+03
8.389019428047452820e-01,7.209000000000000000e+03
8.389592526792366556e-01,7.210000000000000000e+03
8.390165625537280292e-01,7.211000000000000000e+03
8.390738724282194028e-01,7.220000000000000000e+03
8.391311823027107764e-01,7.221000000000000000e+03
8.391884921772021499e-01,7.225000000000000000e+03
8.392458020516935235e-01,7.232000000000000000e+03
8.393031119261848971e-01,7.235000000000000000e+03
8.393604218006762707e-01,7.236000000000000000e+03
8.394177316751676443e-01,7.237000000000000000e+03
8.394750415496590179e-01,7.237000000000000000e+03
8.395323514241503915e-01,7.239000000000000000e+03
8.395896612986417651e-01,7.239000000000000000e+03
8.396469711731331387e-01,7.241000000000000000e+03
8.397042810476245123e-01,7.241000000000000000e+03
8.397615909221158859e-01,7.242000000000000000e+03
8.398189007966072595e-01,7.242000000000000000e+03
8.398762106710986330e-01,7.243000000000000000e+03
8.399335205455900066e-01,7.254000000000000000e+03
8.399908304200813802e-01,7.255000000000000000e+03
8.400481402945727538e-01,7.256000000000000000e+03
8.401054501690641274e-01,7.256000000000000000e+03
8.401627600435555010e-01,7.256000000000000000e+03
8.402200699180468746e-01,7.261000000000000000e+03
8.402773797925382482e-01,7.264000000000000000e+03
8.403346896670296218e-01,7.271000000000000000e+03
8.403919995415209954e-01,7.272000000000000000e+03
8.404493094160123690e-01,7.276000000000000000e+03
8.405066192905037425e-01,7.276000000000000000e+03
8.405639291649951161e-01,7.279000000000000000e+03
8.406212390394864897e-01,7.286000000000000000e+03
8.406785489139778633e-01,7.288000000000000000e+03
8.407358587884692369e-01,7.291000000000000000e+03
8.407931686629606105e-01,7.291000000000000000e+03
8.408504785374519841e-01,7.293000000000000000e+03
8.409077884119433577e-01,7.294000000000000000e+03
8.409650982864347313e-01,7.298000000000000000e+03
8.410224081609261049e-01,7.298000000000000000e+03
8.410797180354174785e-01,7.302000000000000000e+03
8.411370279099088521e-01,7.305000000000000000e+03
8.411943377844002256e-01,7.305000000000000000e+03
8.412516476588915992e-01,7.308000000000000000e+03
8.413089575333829728e-01,7.309000000000000000e+03
8.413662674078743464e-01,7.311000000000000000e+03
8.414235772823657200e-01,7.311000000000000000e+03
8.414808871568570936e-01,7.315000000000000000e+03
8.415381970313484672e-01,7.316000000000000000e+03
8.415955069058399518e-01,7.321000000000000000e+03
8.416528167803313254e-01,7.324000000000000000e+03
8.417101266548226990e-01,7.327000000000000000e+03
8.417674365293140726e-01,7.330000000000000000e+03
8.418247464038054462e-01,7.331000000000000000e+03
8.418820562782968198e-01,7.331000000000000000e+03
8.419393661527881934e-01,7.332000000000000000e+03
8.419966760272795669e-01,7.333000000000000000e+03
8.420539859017709405e-01,7.336000000000000000e+03
8.421112957762623141e-01,7.336000000000000000e+03
8.421686056507536877e-01,7.339000000000000000e+03
8.422259155252450613e-01,7.340000000000000000e+03
8.422832253997364349e-01,7.341000000000000000e+03
8.423405352742278085e-01,7.346000000000000000e+03
8.423978451487191821e-01,7.349000000000000000e+03
8.424551550232105557e-01,7.351000000000000000e+03
8.425124648977019293e-01,7.355000000000000000e+03
8.425697747721933029e-01,7.362000000000000000e+03
8.426270846466846764e-01,7.363000000000000000e+03
8.426843945211760500e-01,7.367000000000000000e+03
8.427417043956674236e-01,7.367000000000000000e+03
8.427990142701587972e-01,7.381000000000000000e+03
8.428563241446501708e-01,7.381000000000000000e+03
8.429136340191415444e-01,7.382000000000000000e+03
8.429709438936329180e-01,7.383000000000000000e+03
8.430282537681242916e-01,7.386000000000000000e+03
8.430855636426156652e-01,7.387000000000000000e+03
8.431428735171070388e-01,7.388000000000000000e+03
8.432001833915984124e-01,7.391000000000000000e+03
8.432574932660897860e-01,7.393000000000000000e+03
8.433148031405811595e-01,7.396000000000000000e+03
8.433721130150725331e-01,7.400000000000000000e+03
8.434294228895639067e-01,7.401000000000000000e+03
8.434867327640552803e-01,7.403000000000000000e+03
8.435440426385466539e-01,7.405000000000000000e+03
8.436013525130380275e-01,7.406000000000000000e+03
8.436586623875294011e-01,7.406000000000000000e+03
8.437159722620207747e-01,7.407000000000000000e+03
8.437732821365121483e-01,7.411000000000000000e+03
8.438305920110035219e-01,7.412000000000000000e+03
8.438879018854948955e-01,7.412000000000000000e+03
8.439452117599862691e-01,7.418000000000000000e+03
8.440025216344776426e-01,7.418000000000000000e+03
8.440598315089690162e-01,7.424000000000000000e+03
8.441171413834603898e-01,7.431000000000000000e+03
8.441744512579517634e-01,7.436000000000000000e+03
8.442317611324431370e-01,7.442000000000000000e+03
8.442890710069345106e-01,7.444000000000000000e+03
8.443463808814258842e-01,7.449000000000000000e+03
8.444036907559172578e-01,7.449000000000000000e+03
8.444610006304086314e-01,7.450000000000000000e+03
8.445183105049000050e-01,7.457000000000000000e+03
8.445756203793913786e-01,7.458000000000000000e+03
8.446329302538827521e-01,7.458000000000000000e+03
8.446902401283741257e-01,7.461000000000000000e+03
8.447475500028654993e-01,7.463000000000000000e+03
8.448048598773568729e-01,7.464000000000000000e+03
8.448621697518482465e-01,7.469000000000000000e+03
8.449194796263396201e-01,7.474000000000000000e+03
8.449767895008309937e-01,7.481000000000000000e+03
8.450340993753223673e-01,7.484000000000000000e+03
8.450914092498137409e-01,7.484000000000000000e+03
8.451487191243051145e-01,7.494000000000000000e+03
8.452060289987964881e-01,7.494000000000000000e+03
8.452633388732878617e-01,7.498000000000000000e+03
8.453206487477792352e-01,7.498000000000000000e+03
8.453779586222706088e-01,7.502000000000000000e+03
8.454352684967619824e-01,7.504000000000000000e+03
8.454925783712533560e-01,7.507000000000000000e+03
8.455498882457447296e-01,7.509000000000000000e+03
8.456071981202361032e-01,7.510000000000000000e+03
8.456645079947274768e-01,7.514000000000000000e+03
8.457218178692188504e-01,7.517000000000000000e+03
8.457791277437102240e-01,7.524000000000000000e+03
8.458364376182015976e-01,7.526000000000000000e+03
8.458937474926929712e-01,7.531000000000000000e+03
8.459510573671843447e-01,7.532000000000000000e+03
8.460083672416757183e-01,7.532000000000000000e+03
8.460656771161670919e-01,7.533000000000000000e+03
8.461229869906584655e-01,7.537000000000000000e+03
8.461802968651498391e-01,7.540000000000000000e+03
8.462376067396412127e-01,7.540000000000000000e+03
8.462949166141325863e-01,7.542000000000000000e+03
8.463522264886239599e-01,7.543000000000000000e+03
8.464095363631153335e-01,7.548000000000000000e+03
8.464668462376067071e-01,7.551000000000000000e+03
8.465241561120980807e-01,7.552000000000000000e+03
8.465814659865895653e-01,7.556000000000000000e+03
8.466387758610809389e-01,7.556000000000000000e+03
8.466960857355723125e-01,7.557000000000000000e+03
8.467533956100636860e-01,7.561000000000000000e+03
8.468107054845550596e-01,7.562000000000000000e+03
8.468680153590464332e-01,7.563000000000000000e+03
8.469253252335378068e-01,7.567000000000000000e+03
8.469826351080291804e-01,7.581000000000000000e+03
8.470399449825205540e-01,7.582000000000000000e+03
8.470972548570119276e-01,7.584000000000000000e+03
8.471545647315033012e-01,7.586000000000000000e+03
8.472118746059946748e-01,7.590000000000000000e+03
8.472691844804860484e-01,7.595000000000000000e+03
8.473264943549774220e-01,7.599000000000000000e+03
8.473838042294687956e-01,7.599000000000000000e+03
8.474411141039601691e-01,7.601000000000000000e+03
8.474984239784515427e-01,7.602000000000000000e+03
8.475557338529429163e-01,7.603000000000000000e+03
8.476130437274342899e-01,7.607000000000000000e+03
8.476703536019256635e-01,7.608000000000000000e+03
8.477276634764170371e-01,7.608000000000000000e+03
8.477849733509084107e-01,7.609000000000000000e+03
8.478422832253997843e-01,7.609000000000000000e+03
8.478995930998911579e-01,7.612000000000000000e+03
8.479569029743825315e-01,7.613000000000000000e+03
8.480142128488739051e-01,7.614000000000000000e+03
8.480715227233652787e-01,7.615000000000000000e+03
8.481288325978566522e-01,7.615000000000000000e+03
8.481861424723480258e-01,7.619000000000000000e+03
8.482434523468393994e-01,7.622000000000000000e+03
8.483007622213307730e-01,7.633000000000000000e+03
8.483580720958221466e-01,7.634000000000000000e+03
8.484153819703135202e-01,7.634000000000000000e+03
8.484726918448048938e-01,7.635000000000000000e+03
8.485300017192962674e-01,7.635000000000000000e+03
8.485873115937876410e-01,7.636000000000000000e+03
8.486446214682790146e-01,7.637000000000000000e+03
8.487019313427703882e-01,7.642000000000000000e+03
8.487592412172617617e-01,7.644000000000000000e+03
8.488165510917531353e-01,7.645000000000000000e+03
8.488738609662445089e-01,7.648000000000000000e+03
8.489311708407358825e-01,7.649000000000000000e+03
8.489884807152272561e-01,7.651000000000000000e+03
8.490457905897186297e-01,7.651000000000000000e+03
8.491031004642100033e-01,7.653000000000000000e+03
8.491604103387013769e-01,7.653000000000000000e+03
8.492177202131927505e-01,7.657000000000000000e+03
8.492750300876841241e-01,7.658000000000000000e+03
8.493323399621754977e-01,7.662000000000000000e+03
8.493896498366668713e-01,7.666000000000000000e+03
8.494469597111582448e-01,7.669000000000000000e+03
8.495042695856496184e-01,7.673000000000000000e+03
8.495615794601409920e-01,7.677000000000000000e+03
8.496188893346323656e-01,7.680000000000000000e+03
8.496761992091237392e-01,7.682000000000000000e+03
8.497335090836151128e-01,7.682000000000000000e+03
8.497908189581064864e-01,7.688000000000000000e+03
8.498481288325978600e-01,7.689000000000000000e+03
8.499054387070892336e-01,7.689000000000000000e+03
8.499627485815806072e-01,7.691000000000000000e+03
8.500200584560719808e-01,7.691000000000000000e+03
8.500773683305633543e-01,7.692000000000000000e+03
8.501346782050547279e-01,7.692000000000000000e+03
8.501919880795461015e-01,7.692000000000000000e+03
8.502492979540374751e-01,7.695000000000000000e+03
8.503066078285288487e-01,7.698000000000000000e+03
8.503639177030202223e-01,7.698000000000000000e+03
8.504212275775115959e-01,7.699000000000000000e+03
8.504785374520029695e-01,7.700000000000000000e+03
8.505358473264943431e-01,7.701000000000000000e+03
8.505931572009857167e-01,7.701000000000000000e+03
8.506504670754770903e-01,7.704000000000000000e+03
8.507077769499684639e-01,7.704000000000000000e+03
8.507650868244598374e-01,7.706000000000000000e+03
8.508223966989512110e-01,7.707000000000000000e+03
8.508797065734425846e-01,7.707000000000000000e+03
8.509370164479339582e-01,7.711000000000000000e+03
8.509943263224253318e-01,7.713000000000000000e+03
8.510516361969167054e-01,7.713000000000000000e+03
8.511089460714080790e-01,7.714000000000000000e+03
8.511662559458994526e-01,7.715000000000000000e+03
8.512235658203908262e-01,7.716000000000000000e+03
8.512808756948821998e-01,7.716000000000000000e+03
8.513381855693735734e-01,7.718000000000000000e+03
8.513954954438649469e-01,7.720000000000000000e+03
8.514528053183563205e-01,7.722000000000000000e+03
8.515101151928476941e-01,7.729000000000000000e+03
8.515674250673391787e-01,7.731000000000000000e+03
8.516247349418305523e-01,7.731000000000000000e+03
8.516820448163219259e-01,7.736000000000000000e+03
8.517393546908132995e-01,7.737000000000000000e+03
8.517966645653046731e-01,7.743000000000000000e+03
8.518539744397960467e-01,7.746000000000000000e+03
8.519112843142874203e-01,7.748000000000000000e+03
8.519685941887787939e-01,7.753000000000000000e+03
8.520259040632701675e-01,7.753000000000000000e+03
8.520832139377615411e-01,7.753000000000000000e+03
8.521405238122529147e-01,7.754000000000000000e+03
8.521978336867442883e-01,7.754000000000000000e+03
8.522551435612356618e-01,7.754000000000000000e+03
8.523124534357270354e-01,7.755000000000000000e+03
8.523697633102184090e-01,7.756000000000000000e+03
8.524270731847097826e-01,7.756000000000000000e+03
8.524843830592011562e-01,7.757000000000000000e+03
8.525416929336925298e-01,7.765000000000000000e+03
8.525990028081839034e-01,7.770000000000000000e+03
8.526563126826752770e-01,7.774000000000000000e+03
8.527136225571666506e-01,7.775000000000000000e+03
8.527709324316580242e-01,7.775000000000000000e+03
8.528282423061493978e-01,7.776000000000000000e+03
8.528855521806407713e-01,7.777000000000000000e+03
8.529428620551321449e-01,7.778000000000000000e+03
8.530001719296235185e-01,7.778000000000000000e+03
8.530574818041148921e-01,7.784000000000000000e+03
8.531147916786062657e-01,7.785000000000000000e+03
8.531721015530976393e-01,7.786000000000000000e+03
8.532294114275890129e-01,7.790000000000000000e+03
8.532867213020803865e-01,7.791000000000000000e+03
8.533440311765717601e-01,7.793000000000000000e+03
8.534013410510631337e-01,7.799000000000000000e+03
8.534586509255545073e-01,7.799000000000000000e+03
8.535159608000458809e-01,7.801000000000000000e+03
8.535732706745372544e-01,7.802000000000000000e+03
8.536305805490286280e-01,7.809000000000000000e+03
8.536878904235200016e-01,7.817000000000000000e+03
8.537452002980113752e-01,7.819000000000000000e+03
8.538025101725027488e-01,7.819000000000000000e+03
8.538598200469941224e-01,7.821000000000000000e+03
8.539171299214854960e-01,7.828000000000000000e+03
8.539744397959768696e-01,7.828000000000000000e+03
8.540317496704682432e-01,7.829000000000000000e+03
8.540890595449596168e-01,7.829000000000000000e+03
8.541463694194509904e-01,7.832000000000000000e+03
8.542036792939423639e-01,7.832000000000000000e+03
8.542609891684337375e-01,7.832000000000000000e+03
8.543182990429251111e-01,7.834000000000000000e+03
8.543756089174164847e-01,7.837000000000000000e+03
8.544329187919078583e-01,7.838000000000000000e+03
8.544902286663992319e-01,7.839000000000000000e+03
8.545475385408906055e-01,7.844000000000000000e+03
8.546048484153819791e-01,7.844000000000000000e+03
8.546621582898733527e-01,7.848000000000000000e+03
8.547194681643647263e-01,7.851000000000000000e+03
8.547767780388560999e-01,7.851000000000000000e+03
8.548340879133474735e-01,7.852000000000000000e+03
8.548913977878388470e-01,7.854000000000000000e+03
8.549487076623302206e-01,7.856000000000000000e+03
8.550060175368215942e-01,7.859000000000000000e+03
8.550633274113129678e-01,7.860000000000000000e+03
8.551206372858043414e-01,7.861000000000000000e+03
8.551779471602957150e-01,7.861000000000000000e+03
8.552352570347870886e-01,7.862000000000000000e+03
8.552925669092784622e-01,7.865000000000000000e+03
8.553498767837698358e-01,7.867000000000000000e+03
8.554071866582612094e-01,7.867000000000000000e+03
8.554644965327525830e-01,7.868000000000000000e+03
8.555218064072439565e-01,7.869000000000000000e+03
8.555791162817353301e-01,7.871000000000000000e+03
8.556364261562267037e-01,7.872000000000000000e+03
8.556937360307180773e-01,7.872000000000000000e+03
8.557510459052094509e-01,7.875000000000000000e+03
8.558083557797008245e-01,7.875000000000000000e+03
8.558656656541921981e-01,7.876000000000000000e+03
8.559229755286835717e-01,7.877000000000000000e+03
8.559802854031749453e-01,7.878000000000000000e+03
8.560375952776663189e-01,7.880000000000000000e+03
8.560949051521576925e-01,7.883000000000000000e+03
8.561522150266490661e-01,7.884000000000000000e+03
8.562095249011404396e-01,7.886000000000000000e+03
8.562668347756318132e-01,7.886000000000000000e+03
8.563241446501231868e-01,7.888000000000000000e+03
8.563814545246145604e-01,7.889000000000000000e+03
8.564387643991059340e-01,7.890000000000000000e+03
8.564960742735973076e-01,7.892000000000000000e+03
8.565533841480886812e-01,7.893000000000000000e+03
8.566106940225801658e-01,7.894000000000000000e+03
8.566680038970715394e-01,7.896000000000000000e+03
8.567253137715629130e-01,7.897000000000000000e+03
8.567826236460542866e-01,7.898000000000000000e+03
8.568399335205456602e-01,7.898000000000000000e+03
8.568972433950370338e-01,7.907000000000000000e+03
8.569545532695284074e-01,7.909000000000000000e+03
8.570118631440197809e-01,7.916000000000000000e+03
8.570691730185111545e-01,7.917000000000000000e+03
8.571264828930025281e-01,7.919000000000000000e+03
8.571837927674939017e-01,7.919000000000000000e+03
8.572411026419852753e-01,7.920000000000000000e+03
8.572984125164766489e-01,7.927000000000000000e+03
8.573557223909680225e-01,7.933000000000000000e+03
8.574130322654593961e-01,7.936000000000000000e+03
8.574703421399507697e-01,7.939000000000000000e+03
8.575276520144421433e-01,7.942000000000000000e+03
8.575849618889335169e-01,7.943000000000000000e+03
8.576422717634248905e-01,7.943000000000000000e+03
8.576995816379162640e-01,7.948000000000000000e+03
8.577568915124076376e-01,7.950000000000000000e+03
8.578142013868990112e-01,7.956000000000000000e+03
8.578715112613903848e-01,7.958000000000000000e+03
8.579288211358817584e-01,7.959000000000000000e+03
8.579861310103731320e-01,7.960000000000000000e+03
8.580434408848645056e-01,7.963000000000000000e+03
8.581007507593558792e-01,7.965000000000000000e+03
8.581580606338472528e-01,7.968000000000000000e+03
8.582153705083386264e-01,7.969000000000000000e+03
8.582726803828300000e-01,7.969000000000000000e+03
8.583299902573213735e-01,7.970000000000000000e+03
8.583873001318127471e-01,7.972000000000000000e+03
8.584446100063041207e-01,7.972000000000000000e+03
8.585019198807954943e-01,7.978000000000000000e+03
8.585592297552868679e-01,7.979000000000000000e+03
8.586165396297782415e-01,7.979000000000000000e+03
8.586738495042696151e-01,7.982000000000000000e+03
8.587311593787609887e-01,7.986000000000000000e+03
8.587884692532523623e-01,7.986000000000000000e+03
8.588457791277437359e-01,7.987000000000000000e+03
8.589030890022351095e-01,7.991000000000000000e+03
8.589603988767264831e-01,8.000000000000000000e+03
8.590177087512178566e-01,8.003000000000000000e+03
8.590750186257092302e-01,8.004000000000000000e+03
8.591323285002006038e-01,8.005000000000000000e+03
8.591896383746919774e-01,8.008000000000000000e+03
8.592469482491833510e-01,8.012000000000000000e+03
8.593042581236747246e-01,8.013000000000000000e+03
8.593615679981660982e-01,8.015000000000000000e+03
8.594188778726574718e-01,8.015000000000000000e+03
8.594761877471488454e-01,8.016000000000000000e+03
8.595334976216402190e-01,8.019000000000000000e+03
8.595908074961315926e-01,8.021000000000000000e+03
8.596481173706229661e-01,8.026000000000000000e+03
8.597054272451143397e-01,8.027000000000000000e+03
8.597627371196057133e-01,8.027000000000000000e+03
8.598200469940970869e-01,8.028000000000000000e+03
8.598773568685884605e-01,8.031000000000000000e+03
8.599346667430798341e-01,8.031000000000000000e+03
8.599919766175712077e-01,8.033000000000000000e+03
8.600492864920625813e-01,8.036000000000000000e+03
8.601065963665539549e-01,8.041000000000000000e+03
8.601639062410453285e-01,8.042000000000000000e+03
8.602212161155367021e-01,8.043000000000000000e+03
8.602785259900280757e-01,8.045000000000000000e+03
8.603358358645194492e-01,8.051000000000000000e+03
8.603931457390108228e-01,8.068000000000000000e+03
8.604504556135021964e-01,8.079000000000000000e+03
8.605077654879935700e-01,8.091000000000000000e+03
8.605650753624849436e-01,8.092000000000000000e+03
8.606223852369763172e-01,8.098000000000000000e+03
8.606796951114676908e-01,8.101000000000000000e+03
8.607370049859590644e-01,8.104000000000000000e+03
8.607943148604504380e-01,8.105000000000000000e+03
8.608516247349418116e-01,8.106000000000000000e+03
8.609089346094331852e-01,8.108000000000000000e+03
8.609662444839245588e-01,8.109000000000000000e+03
8.610235543584159323e-01,8.110000000000000000e+03
8.610808642329073059e-01,8.110000000000000000e+03
8.611381741073986795e-01,8.113000000000000000e+03
8.611954839818900531e-01,8.113000000000000000e+03
8.612527938563814267e-01,8.117000000000000000e+03
8.613101037308728003e-01,8.118000000000000000e+03
8.613674136053641739e-01,8.118000000000000000e+03
8.614247234798555475e-01,8.131000000000000000e+03
8.614820333543469211e-01,8.132000000000000000e+03
8.615393432288382947e-01,8.133000000000000000e+03
8.615966531033297793e-01,8.135000000000000000e+03
8.616539629778211529e-01,8.139000000000000000e+03
8.617112728523125265e-01,8.142000000000000000e+03
8.617685827268039001e-01,8.145000000000000000e+03
8.618258926012952736e-01,8.145000000000000000e+03
8.618832024757866472e-01,8.148000000000000000e+03
8.619405123502780208e-01,8.150000000000000000e+03
8.619978222247693944e-01,8.154000000000000000e+03
8.620551320992607680e-01,8.156000000000000000e+03
8.621124419737521416e-01,8.159000000000000000e+03
8.621697518482435152e-01,8.161000000000000000e+03
8.622270617227348888e-01,8.163000000000000000e+03
8.622843715972262624e-01,8.163000000000000000e+03
8.623416814717176360e-01,8.164000000000000000e+03
8.623989913462090096e-01,8.170000000000000000e+03
8.624563012207003831e-01,8.174000000000000000e+03
8.625136110951917567e-01,8.180000000000000000e+03
8.625709209696831303e-01,8.184000000000000000e+03
8.626282308441745039e-01,8.188000000000000000e+03
8.626855407186658775e-01,8.189000000000000000e+03
8.627428505931572511e-01,8.191000000000000000e+03
8.628001604676486247e-01,8.193000000000000000e+03
8.628574703421399983e-01,8.197000000000000000e+03
8.629147802166313719e-01,8.199000000000000000e+03
8.629720900911227455e-01,8.201000000000000000e+03
8.630293999656141191e-01,8.204000000000000000e+03
8.630867098401054927e-01,8.206000000000000000e+03
8.631440197145968662e-01,8.207000000000000000e+03
8.632013295890882398e-01,8.209000000000000000e+03
8.632586394635796134e-01,8.210000000000000000e+03
8.633159493380709870e-01,8.213000000000000000e+03
8.633732592125623606e-01,8.213000000000000000e+03
8.634305690870537342e-01,8.213000000000000000e+03
8.634878789615451078e-01,8.214000000000000000e+03
8.635451888360364814e-01,8.217000000000000000e+03
8.636024987105278550e-01,8.223000000000000000e+03
8.636598085850192286e-01,8.229000000000000000e+03
8.637171184595106022e-01,8.230000000000000000e+03
8.637744283340019757e-01,8.235000000000000000e+03
8.638317382084933493e-01,8.235000000000000000e+03
8.638890480829847229e-01,8.239000000000000000e+03
8.639463579574760965e-01,8.245000000000000000e+03
8.640036678319674701e-01,8.246000000000000000e+03
8.640609777064588437e-01,8.249000000000000000e+03
8.641182875809502173e-01,8.249000000000000000e+03
8.641755974554415909e-01,8.252000000000000000e+03
8.642329073299329645e-01,8.253000000000000000e+03
8.642902172044243381e-01,8.253000000000000000e+03
8.643475270789157117e-01,8.258000000000000000e+03
8.644048369534070853e-01,8.259000000000000000e+03
8.644621468278984588e-01,8.259000000000000000e+03
8.645194567023898324e-01,8.260000000000000000e+03
8.645767665768812060e-01,8.261000000000000000e+03
8.646340764513725796e-01,8.263000000000000000e+03
8.646913863258639532e-01,8.266000000000000000e+03
8.647486962003553268e-01,8.267000000000000000e+03
8.648060060748467004e-01,8.269000000000000000e+03
8.648633159493380740e-01,8.271000000000000000e+03
8.649206258238294476e-01,8.272000000000000000e+03
8.649779356983208212e-01,8.273000000000000000e+03
8.650352455728121948e-01,8.275000000000000000e+03
8.650925554473035684e-01,8.280000000000000000e+03
8.651498653217949419e-01,8.282000000000000000e+03
8.652071751962863155e-01,8.283000000000000000e+03
8.652644850707776891e-01,8.285000000000000000e+03
8.653217949452690627e-01,8.285000000000000000e+03
8.653791048197604363e-01,8.290000000000000000e+03
8.654364146942518099e-01,8.300000000000000000e+03
8.654937245687431835e-01,8.306000000000000000e+03
8.655510344432345571e-01,8.307000000000000000e+03
8.656083443177259307e-01,8.316000000000000000e+03
8.656656541922173043e-01,8.316000000000000000e+03
8.657229640667086779e-01,8.317000000000000000e+03
8.657802739412000514e-01,8.322000000000000000e+03
8.658375838156914250e-01,8.326000000000000000e+03
8.658948936901827986e-01,8.330000000000000000e+03
8.659522035646741722e-01,8.332000000000000000e+03
8.660095134391655458e-01,8.335000000000000000e+03
8.660668233136569194e-01,8.339000000000000000e+03
8.661241331881482930e-01,8.339000000000000000e+03
8.661814430626396666e-01,8.346000000000000000e+03
8.662387529371310402e-01,8.351000000000000000e+03
8.662960628116224138e-01,8.356000000000000000e+03
8.663533726861137874e-01,8.357000000000000000e+03
8.664106825606051610e-01,8.361000000000000000e+03
8.664679924350965345e-01,8.362000000000000000e+03
8.665253023095879081e-01,8.363000000000000000e+03
8.665826121840793927e-01,8.373000000000000000e+03
8.666399220585707663e-01,8.375000000000000000e+03
8.666972319330621399e-01,8.377000000000000000e+03
8.667545418075535135e-01,8.380000000000000000e+03
8.668118516820448871e-01,8.386000000000000000e+03
8.668691615565362607e-01,8.387000000000000000e+03
8.669264714310276343e-01,8.390000000000000000e+03
8.669837813055190079e-01,8.394000000000000000e+03
8.670410911800103815e-01,8.395000000000000000e+03
8.670984010545017551e-01,8.396000000000000000e+03
8.671557109289931287e-01,8.397000000000000000e+03
8.672130208034845023e-01,8.399000000000000000e+03
8.672703306779758758e-01,8.400000000000000000e+03
8.673276405524672494e-01,8.400000000000000000e+03
8.673849504269586230e-01,8.400000000000000000e+03
8.674422603014499966e-01,8.401000000000000000e+03
8.674995701759413702e-01,8.403000000000000000e+03
8.675568800504327438e-01,8.404000000000000000e+03
8.676141899249241174e-01,8.408000000000000000e+03
8.676714997994154910e-01,8.414000000000000000e+03
8.677288096739068646e-01,8.420000000000000000e+03
8.677861195483982382e-01,8.421000000000000000e+03
8.678434294228896118e-01,8.422000000000000000e+03
8.679007392973809853e-01,8.423000000000000000e+03
8.679580491718723589e-01,8.423000000000000000e+03
8.680153590463637325e-01,8.424000000000000000e+03
8.680726689208551061e-01,8.430000000000000000e+03
8.681299787953464797e-01,8.432000000000000000e+03
8.681872886698378533e-01,8.433000000000000000e+03
8.682445985443292269e-01,8.434000000000000000e+03
8.683019084188206005e-01,8.435000000000000000e+03
8.683592182933119741e-01,8.451000000000000000e+03
8.684165281678033477e-01,8.452000000000000000e+03
8.684738380422947213e-01,8.453000000000000000e+03
8.685311479167860949e-01,8.453000000000000000e+03
8.685884577912774684e-01,8.458000000000000000e+03
8.686457676657688420e-01,8.463000000000000000e+03
8.687030775402602156e-01,8.465000000000000000e+03
8.687603874147515892e-01,8.469000000000000000e+03
8.688176972892429628e-01,8.470000000000000000e+03
8.688750071637343364e-01,8.480000000000000000e+03
8.689323170382257100e-01,8.484000000000000000e+03
8.689896269127170836e-01,8.486000000000000000e+03
8.690469367872084572e-01,8.487000000000000000e+03
8.691042466616998308e-01,8.495000000000000000e+03
8.691615565361912044e-01,8.495000000000000000e+03
8.692188664106825779e-01,8.496000000000000000e+03
8.692761762851739515e-01,8.497000000000000000e+03
8.693334861596653251e-01,8.504000000000000000e+03
8.693907960341566987e-01,8.516000000000000000e+03
8.694481059086480723e-01,8.521000000000000000e+03
8.695054157831394459e-01,8.522000000000000000e+03
8.695627256576308195e-01,8.523000000000000000e+03
8.696200355321221931e-01,8.524000000000000000e+03
8.696773454066135667e-01,8.526000000000000000e+03
8.697346552811049403e-01,8.529000000000000000e+03
8.697919651555963139e-01,8.532000000000000000e+03
8.698492750300876875e-01,8.538000000000000000e+03
8.699065849045790610e-01,8.538000000000000000e+03
8.699638947790704346e-01,8.540000000000000000e+03
8.700212046535618082e-01,8.540000000000000000e+03
8.700785145280531818e-01,8.541000000000000000e+03
8.701358244025445554e-01,8.541000000000000000e+03
8.701931342770359290e-01,8.542000000000000000e+03
8.702504441515273026e-01,8.543000000000000000e+03
8.703077540260186762e-01,8.543000000000000000e+03
8.703650639005100498e-01,8.544000000000000000e+03
8.704223737750014234e-01,8.548000000000000000e+03
8.704796836494927970e-01,8.548000000000000000e+03
8.705369935239841706e-01,8.549000000000000000e+03
8.705943033984755441e-01,8.549000000000000000e+03
8.706516132729669177e-01,8.551000000000000000e+03
8.707089231474582913e-01,8.554000000000000000e+03
8.707662330219496649e-01,8.555000000000000000e+03
8.708235428964410385e-01,8.562000000000000000e+03
8.708808527709324121e-01,8.572000000000000000e+03
8.709381626454237857e-01,8.579000000000000000e+03
8.709954725199151593e-01,8.588000000000000000e+03
8.710527823944065329e-01,8.593000000000000000e+03
8.711100922688979065e-01,8.595000000000000000e+03
8.711674021433892801e-01,8.596000000000000000e+03
8.712247120178806536e-01,8.596000000000000000e+03
8.712820218923720272e-01,8.597000000000000000e+03
8.713393317668634008e-01,8.603000000000000000e+03
8.713966416413547744e-01,8.607000000000000000e+03
8.714539515158461480e-01,8.612000000000000000e+03
8.715112613903375216e-01,8.617000000000000000e+03
8.715685712648290062e-01,8.618000000000000000e+03
8.716258811393203798e-01,8.626000000000000000e+03
8.716831910138117534e-01,8.626000000000000000e+03
8.717405008883031270e-01,8.628000000000000000e+03
8.717978107627945006e-01,8.628000000000000000e+03
8.718551206372858742e-01,8.631000000000000000e+03
8.719124305117772478e-01,8.632000000000000000e+03
8.719697403862686214e-01,8.639000000000000000e+03
8.720270502607599949e-01,8.641000000000000000e+03
8.720843601352513685e-01,8.646000000000000000e+03
8.721416700097427421e-01,8.646000000000000000e+03
8.721989798842341157e-01,8.649000000000000000e+03
8.722562897587254893e-01,8.652000000000000000e+03
8.723135996332168629e-01,8.655000000000000000e+03
8.723709095077082365e-01,8.655000000000000000e+03
8.724282193821996101e-01,8.657000000000000000e+03
8.724855292566909837e-01,8.658000000000000000e+03
8.725428391311823573e-01,8.666000000000000000e+03
8.726001490056737309e-01,8.668000000000000000e+03
8.726574588801651045e-01,8.669000000000000000e+03
8.727147687546564780e-01,8.670000000000000000e+03
8.727720786291478516e-01,8.681000000000000000e+03
8.728293885036392252e-01,8.685000000000000000e+03
8.728866983781305988e-01,8.685000000000000000e+03
8.729440082526219724e-01,8.686000000000000000e+03
8.730013181271133460e-01,8.687000000000000000e+03
8.730586280016047196e-01,8.692000000000000000e+03
8.731159378760960932e-01,8.693000000000000000e+03
8.731732477505874668e-01,8.694000000000000000e+03
8.732305576250788404e-01,8.694000000000000000e+03
8.732878674995702140e-01,8.698000000000000000e+03
8.733451773740615875e-01,8.700000000000000000e+03
8.734024872485529611e-01,8.700000000000000000e+03
8.734597971230443347e-01,8.700000000000000000e+03
8.735171069975357083e-01,8.701000000000000000e+03
8.735744168720270819e-01,8.708000000000000000e+03
8.736317267465184555e-01,8.708000000000000000e+03
8.736890366210098291e-01,8.709000000000000000e+03
8.737463464955012027e-01,8.711000000000000000e+03
8.738036563699925763e-01,8.711000000000000000e+03
8.738609662444839499e-01,8.713000000000000000e+03
8.739182761189753235e-01,8.718000000000000000e+03
8.739755859934666971e-01,8.719000000000000000e+03
8.740328958679580706e-01,8.722000000000000000e+03
8.740902057424494442e-01,8.722000000000000000e+03
8.741475156169408178e-01,8.723000000000000000e+03
8.742048254914321914e-01,8.723000000000000000e+03
8.742621353659235650e-01,8.724000000000000000e+03
8.743194452404149386e-01,8.728000000000000000e+03
8.743767551149063122e-01,8.731000000000000000e+03
8.744340649893976858e-01,8.736000000000000000e+03
8.744913748638890594e-01,8.737000000000000000e+03
8.745486847383804330e-01,8.738000000000000000e+03
8.746059946128718066e-01,8.742000000000000000e+03
8.746633044873631802e-01,8.745000000000000000e+03
8.747206143618545537e-01,8.746000000000000000e+03
8.747779242363459273e-01,8.752000000000000000e+03
8.748352341108373009e-01,8.754000000000000000e+03
8.748925439853286745e-01,8.756000000000000000e+03
8.749498538598200481e-01,8.757000000000000000e+03
8.750071637343114217e-01,8.767000000000000000e+03
8.750644736088027953e-01,8.769000000000000000e+03
8.751217834832941689e-01,8.776000000000000000e+03
8.751790933577855425e-01,8.779000000000000000e+03
8.752364032322769161e-01,8.781000000000000000e+03
8.752937131067682897e-01,8.784000000000000000e+03
8.753510229812596632e-01,8.784000000000000000e+03
8.754083328557510368e-01,8.787000000000000000e+03
8.754656427302424104e-01,8.788000000000000000e+03
8.755229526047337840e-01,8.788000000000000000e+03
8.755802624792251576e-01,8.791000000000000000e+03
8.756375723537165312e-01,8.799000000000000000e+03
8.756948822282079048e-01,8.806000000000000000e+03
8.757521921026992784e-01,8.807000000000000000e+03
8.758095019771906520e-01,8.811000000000000000e+03
8.758668118516820256e-01,8.817000000000000000e+03
8.759241217261733992e-01,8.830000000000000000e+03
8.759814316006647728e-01,8.833000000000000000e+03
8.760387414751561463e-01,8.833000000000000000e+03
8.760960513496475199e-01,8.834000000000000000e+03
8.761533612241388935e-01,8.838000000000000000e+03
8.762106710986302671e-01,8.839000000000000000e+03
8.762679809731216407e-01,8.841000000000000000e+03
8.763252908476130143e-01,8.841000000000000000e+03
8.763826007221043879e-01,8.848000000000000000e+03
8.764399105965957615e-01,8.855000000000000000e+03
8.764972204710871351e-01,8.855000000000000000e+03
8.765545303455786197e-01,8.856000000000000000e+03
8.766118402200699933e-01,8.858000000000000000e+03
8.766691500945613669e-01,8.869000000000000000e+03
8.767264599690527405e-01,8.872000000000000000e+03
8.767837698435441141e-01,8.876000000000000000e+03
8.768410797180354876e-01,8.877000000000000000e+03
8.768983895925268612e-01,8.882000000000000000e+03
8.769556994670182348e-01,8.883000000000000000e+03
8.770130093415096084e-01,8.894000000000000000e+03
8.770703192160009820e-01,8.894000000000000000e+03
8.771276290904923556e-01,8.895000000000000000e+03
8.771849389649837292e-01,8.897000000000000000e+03
8.772422488394751028e-01,8.899000000000000000e+03
8.772995587139664764e-01,8.912000000000000000e+03
8.773568685884578500e-01,8.912000000000000000e+03
8.774141784629492236e-01,8.915000000000000000e+03
8.774714883374405971e-01,8.921000000000000000e+03
8.775287982119319707e-01,8.926000000000000000e+03
8.775861080864233443e-01,8.927000000000000000e+03
8.776434179609147179e-01,8.936000000000000000e+03
8.777007278354060915e-01,8.937000000000000000e+03
8.777580377098974651e-01,8.941000000000000000e+03
8.778153475843888387e-01,8.942000000000000000e+03
8.778726574588802123e-01,8.942000000000000000e+03
8.779299673333715859e-01,8.946000000000000000e+03
8.779872772078629595e-01,8.948000000000000000e+03
8.780445870823543331e-01,8.949000000000000000e+03
8.781018969568457067e-01,8.954000000000000000e+03
8.781592068313370802e-01,8.958000000000000000e+03
8.782165167058284538e-01,8.959000000000000000e+03
8.782738265803198274e-01,8.967000000000000000e+03
8.783311364548112010e-01,8.974000000000000000e+03
8.783884463293025746e-01,8.981000000000000000e+03
8.784457562037939482e-01,8.982000000000000000e+03
8.785030660782853218e-01,8.986000000000000000e+03
8.785603759527766954e-01,8.986000000000000000e+03
8.786176858272680690e-01,8.989000000000000000e+03
8.786749957017594426e-01,8.989000000000000000e+03
8.787323055762508162e-01,8.990000000000000000e+03
8.787896154507421898e-01,8.999000000000000000e+03
8.788469253252335633e-01,8.999000000000000000e+03
8.789042351997249369e-01,8.999000000000000000e+03
8.789615450742163105e-01,9.003000000000000000e+03
8.790188549487076841e-01,9.009000000000000000e+03
8.790761648231990577e-01,9.016000000000000000e+03
8.791334746976904313e-01,9.019000000000000000e+03
8.791907845721818049e-01,9.022000000000000000e+03
8.792480944466731785e-01,9.025000000000000000e+03
8.793054043211645521e-01,9.025000000000000000e+03
8.793627141956559257e-01,9.025000000000000000e+03
8.794200240701472993e-01,9.030000000000000000e+03
8.794773339446386728e-01,9.033000000000000000e+03
8.795346438191300464e-01,9.034000000000000000e+03
8.795919536936214200e-01,9.035000000000000000e+03
8.796492635681127936e-01,9.041000000000000000e+03
8.797065734426041672e-01,9.044000000000000000e+03
8.797638833170955408e-01,9.045000000000000000e+03
8.798211931915869144e-01,9.051000000000000000e+03
8.798785030660782880e-01,9.056000000000000000e+03
8.799358129405696616e-01,9.057000000000000000e+03
8.799931228150610352e-01,9.060000000000000000e+03
8.800504326895524088e-01,9.060000000000000000e+03
8.801077425640437824e-01,9.061000000000000000e+03
8.801650524385351559e-01,9.065000000000000000e+03
8.802223623130265295e-01,9.067000000000000000e+03
8.802796721875179031e-01,9.068000000000000000e+03
8.803369820620092767e-01,9.071000000000000000e+03
8.803942919365006503e-01,9.072000000000000000e+03
8.804516018109920239e-01,9.078000000000000000e+03
8.805089116854833975e-01,9.083000000000000000e+03
8.805662215599747711e-01,9.084000000000000000e+03
8.806235314344661447e-01,9.087000000000000000e+03
8.806808413089575183e-01,9.090000000000000000e+03
8.807381511834488919e-01,9.104000000000000000e+03
8.807954610579402654e-01,9.106000000000000000e+03
8.808527709324316390e-01,9.106000000000000000e+03
8.809100808069230126e-01,9.107000000000000000e+03
8.809673906814143862e-01,9.127000000000000000e+03
8.810247005559057598e-01,9.127000000000000000e+03
8.810820104303971334e-01,9.128000000000000000e+03
8.811393203048885070e-01,9.132000000000000000e+03
8.811966301793798806e-01,9.133000000000000000e+03
8.812539400538712542e-01,9.139000000000000000e+03
8.813112499283626278e-01,9.143000000000000000e+03
8.813685598028540014e-01,9.144000000000000000e+03
8.814258696773453750e-01,9.146000000000000000e+03
8.814831795518367485e-01,9.149000000000000000e+03
8.815404894263282332e-01,9.153000000000000000e+03
8.815977993008196067e-01,9.154000000000000000e+03
8.816551091753109803e-01,9.156000000000000000e+03
8.817124190498023539e-01,9.161000000000000000e+03
8.817697289242937275e-01,9.162000000000000000e+03
8.818270387987851011e-01,9.165000000000000000e+03
8.818843486732764747e-01,9.166000000000000000e+03
8.819416585477678483e-01,9.170000000000000000e+03
8.819989684222592219e-01,9.173000000000000000e+03
8.820562782967505955e-01,9.174000000000000000e+03
8.821135881712419691e-01,9.176000000000000000e+03
8.821708980457333427e-01,9.179000000000000000e+03
8.822282079202247163e-01,9.181000000000000000e+03
8.822855177947160898e-01,9.183000000000000000e+03
8.823428276692074634e-01,9.185000000000000000e+03
8.824001375436988370e-01,9.186000000000000000e+03
8.824574474181902106e-01,9.187000000000000000e+03
8.825147572926815842e-01,9.192000000000000000e+03
8.825720671671729578e-01,9.194000000000000000e+03
8.826293770416643314e-01,9.199000000000000000e+03
8.826866869161557050e-01,9.211000000000000000e+03
8.827439967906470786e-01,9.212000000000000000e+03
8.828013066651384522e-01,9.217000000000000000e+03
8.828586165396298258e-01,9.219000000000000000e+03
8.829159264141211994e-01,9.219000000000000000e+03
8.829732362886125729e-01,9.223000000000000000e+03
8.830305461631039465e-01,9.231000000000000000e+03
8.830878560375953201e-01,9.232000000000000000e+03
8.831451659120866937e-01,9.236000000000000000e+03
8.832024757865780673e-01,9.241000000000000000e+03
8.832597856610694409e-01,9.243000000000000000e+03
8.833170955355608145e-01,9.246000000000000000e+03
8.833744054100521881e-01,9.261000000000000000e+03
8.834317152845435617e-01,9.273000000000000000e+03
8.834890251590349353e-01,9.274000000000000000e+03
8.835463350335263089e-01,9.275000000000000000e+03
8.836036449080176824e-01,9.284000000000000000e+03
8.836609547825090560e-01,9.285000000000000000e+03
8.837182646570004296e-01,9.291000000000000000e+03
8.837755745314918032e-01,9.291000000000000000e+03
8.838328844059831768e-01,9.293000000000000000e+03
8.838901942804745504e-01,9.293000000000000000e+03
8.839475041549659240e-01,9.295000000000000000e+03
8.840048140294572976e-01,9.298000000000000000e+03
8.840621239039486712e-01,9.299000000000000000e+03
8.841194337784400448e-01,9.301000000000000000e+03
8.841767436529314184e-01,9.309000000000000000e+03
8.842340535274227920e-01,9.309000000000000000e+03
8.842913634019141655e-01,9.309000000000000000e+03
8.843486732764055391e-01,9.310000000000000000e+03
8.844059831508969127e-01,9.319000000000000000e+03
8.844632930253882863e-01,9.320000000000000000e+03
8.845206028998796599e-01,9.325000000000000000e+03
8.845779127743710335e-01,9.327000000000000000e+03
8.846352226488624071e-01,9.327000000000000000e+03
8.846925325233537807e-01,9.357000000000000000e+03
8.847498423978451543e-01,9.360000000000000000e+03
8.848071522723365279e-01,9.361000000000000000e+03
8.848644621468279015e-01,9.363000000000000000e+03
8.849217720213192750e-01,9.367000000000000000e+03
8.849790818958106486e-01,9.368000000000000000e+03
8.850363917703020222e-01,9.371000000000000000e+03
8.850937016447933958e-01,9.379000000000000000e+03
8.851510115192847694e-01,9.383000000000000000e+03
8.852083213937761430e-01,9.388000000000000000e+03
8.852656312682675166e-01,9.393000000000000000e+03
8.853229411427588902e-01,9.395000000000000000e+03
8.853802510172502638e-01,9.405000000000000000e+03
8.854375608917416374e-01,9.405000000000000000e+03
8.854948707662330110e-01,9.410000000000000000e+03
8.855521806407243846e-01,9.415000000000000000e+03
8.856094905152157581e-01,9.417000000000000000e+03
8.856668003897071317e-01,9.417000000000000000e+03
8.857241102641985053e-01,9.419000000000000000e+03
8.857814201386898789e-01,9.421000000000000000e+03
8.858387300131812525e-01,9.422000000000000000e+03
8.858960398876726261e-01,9.426000000000000000e+03
8.859533497621639997e-01,9.427000000000000000e+03
8.860106596366553733e-01,9.434000000000000000e+03
8.860679695111467469e-01,9.436000000000000000e+03
8.861252793856381205e-01,9.456000000000000000e+03
8.861825892601294941e-01,9.462000000000000000e+03
8.862398991346208676e-01,9.463000000000000000e+03
8.862972090091122412e-01,9.466000000000000000e+03
8.863545188836036148e-01,9.466000000000000000e+03
8.864118287580949884e-01,9.470000000000000000e+03
8.864691386325863620e-01,9.477000000000000000e+03
8.865264485070778466e-01,9.482000000000000000e+03
8.865837583815692202e-01,9.483000000000000000e+03
8.866410682560605938e-01,9.507000000000000000e+03
8.866983781305519674e-01,9.511000000000000000e+03
8.867556880050433410e-01,9.512000000000000000e+03
8.868129978795347146e-01,9.514000000000000000e+03
8.868703077540260882e-01,9.522000000000000000e+03
8.869276176285174618e-01,9.524000000000000000e+03
8.869849275030088354e-01,9.525000000000000000e+03
8.870422373775002090e-01,9.533000000000000000e+03
8.870995472519915825e-01,9.536000000000000000e+03
8.871568571264829561e-01,9.537000000000000000e+03
8.872141670009743297e-01,9.542000000000000000e+03
8.872714768754657033e-01,9.547000000000000000e+03
8.873287867499570769e-01,9.551000000000000000e+03
8.873860966244484505e-01,9.553000000000000000e+03
8.874434064989398241e-01,9.555000000000000000e+03
8.875007163734311977e-01,9.555000000000000000e+03
8.875580262479225713e-01,9.560000000000000000e+03
8.876153361224139449e-01,9.571000000000000000e+03
8.876726459969053185e-01,9.573000000000000000e+03
8.877299558713966920e-01,9.576000000000000000e+03
8.877872657458880656e-01,9.577000000000000000e+03
8.878445756203794392e-01,9.587000000000000000e+03
8.879018854948708128e-01,9.588000000000000000e+03
8.879591953693621864e-01,9.592000000000000000e+03
8.880165052438535600e-01,9.604000000000000000e+03
8.880738151183449336e-01,9.605000000000000000e+03
8.881311249928363072e-01,9.607000000000000000e+03
8.881884348673276808e-01,9.611000000000000000e+03
8.882457447418190544e-01,9.612000000000000000e+03
8.883030546163104280e-01,9.614000000000000000e+03
8.883603644908018016e-01,9.619000000000000000e+03
8.884176743652931751e-01,9.621000000000000000e+03
8.884749842397845487e-01,9.621000000000000000e+03
8.885322941142759223e-01,9.628000000000000000e+03
8.885896039887672959e-01,9.630000000000000000e+03
8.886469138632586695e-01,9.638000000000000000e+03
8.887042237377500431e-01,9.649000000000000000e+03
8.887615336122414167e-01,9.650000000000000000e+03
8.888188434867327903e-01,9.651000000000000000e+03
8.888761533612241639e-01,9.661000000000000000e+03
8.889334632357155375e-01,9.667000000000000000e+03
8.889907731102069111e-01,9.678000000000000000e+03
8.890480829846982846e-01,9.681000000000000000e+03
8.891053928591896582e-01,9.688000000000000000e+03
8.891627027336810318e-01,9.694000000000000000e+03
8.892200126081724054e-01,9.698000000000000000e+03
8.892773224826637790e-01,9.699000000000000000e+03
8.893346323571551526e-01,9.704000000000000000e+03
8.893919422316465262e-01,9.711000000000000000e+03
8.894492521061378998e-01,9.712000000000000000e+03
8.895065619806292734e-01,9.713000000000000000e+03
8.895638718551206470e-01,9.714000000000000000e+03
8.896211817296120206e-01,9.714000000000000000e+03
8.896784916041033942e-01,9.718000000000000000e+03
8.897358014785947677e-01,9.721000000000000000e+03
8.897931113530861413e-01,9.724000000000000000e+03
8.898504212275775149e-01,9.729000000000000000e+03
8.899077311020688885e-01,9.729000000000000000e+03
8.899650409765602621e-01,9.734000000000000000e+03
8.900223508510516357e-01,9.737000000000000000e+03
8.900796607255430093e-01,9.743000000000000000e+03
8.901369706000343829e-01,9.743000000000000000e+03
8.901942804745257565e-01,9.757000000000000000e+03
8.902515903490171301e-01,9.761000000000000000e+03
8.903089002235085037e-01,9.764000000000000000e+03
8.903662100979998772e-01,9.767000000000000000e+03
8.904235199724912508e-01,9.779000000000000000e+03
8.904808298469826244e-01,9.783000000000000000e+03
8.905381397214739980e-01,9.783000000000000000e+03
8.905954495959653716e-01,9.784000000000000000e+03
8.906527594704567452e-01,9.786000000000000000e+03
8.907100693449481188e-01,9.793000000000000000e+03
8.907673792194394924e-01,9.794000000000000000e+03
8.908246890939308660e-01,9.795000000000000000e+03
8.908819989684222396e-01,9.799000000000000000e+03
8.909393088429136132e-01,9.800000000000000000e+03
8.909966187174049868e-01,9.805000000000000000e+03
8.910539285918963603e-01,9.808000000000000000e+03
8.911112384663877339e-01,9.808000000000000000e+03
8.911685483408791075e-01,9.811000000000000000e+03
8.912258582153704811e-01,9.814000000000000000e+03
8.912831680898618547e-01,9.817000000000000000e+03
8.913404779643532283e-01,9.819000000000000000e+03
8.913977878388446019e-01,9.825000000000000000e+03
8.914550977133359755e-01,9.837000000000000000e+03
8.915124075878273491e-01,9.839000000000000000e+03
8.915697174623188337e-01,9.840000000000000000e+03
8.916270273368102073e-01,9.847000000000000000e+03
8.916843372113015809e-01,9.847000000000000000e+03
8.917416470857929545e-01,9.848000000000000000e+03
8.917989569602843281e-01,9.851000000000000000e+03
8.918562668347757016e-01,9.867000000000000000e+03
8.919135767092670752e-01,9.871000000000000000e+03
8.919708865837584488e-01,9.871000000000000000e+03
8.920281964582498224e-01,9.878000000000000000e+03
8.920855063327411960e-01,9.881000000000000000e+03
8.921428162072325696e-01,9.885000000000000000e+03
8.922001260817239432e-01,9.885000000000000000e+03
8.922574359562153168e-01,9.888000000000000000e+03
8.923147458307066904e-01,9.890000000000000000e+03
8.923720557051980640e-01,9.897000000000000000e+03
8.924293655796894376e-01,9.901000000000000000e+03
8.924866754541808112e-01,9.901000000000000000e+03
8.925439853286721847e-01,9.907000000000000000e+03
8.926012952031635583e-01,9.910000000000000000e+03
8.926586050776549319e-01,9.913000000000000000e+03
8.927159149521463055e-01,9.921000000000000000e+03
8.927732248266376791e-01,9.922000000000000000e+03
8.928305347011290527e-01,9.925000000000000000e+03
8.928878445756204263e-01,9.929000000000000000e+03
8.929451544501117999e-01,9.930000000000000000e+03
8.930024643246031735e-01,9.933000000000000000e+03
8.930597741990945471e-01,9.937000000000000000e+03
8.931170840735859207e-01,9.940000000000000000e+03
8.931743939480772942e-01,9.944000000000000000e+03
8.932317038225686678e-01,9.945000000000000000e+03
8.932890136970600414e-01,9.945000000000000000e+03
8.933463235715514150e-01,9.949000000000000000e+03
8.934036334460427886e-01,9.959000000000000000e+03
8.934609433205341622e-01,9.960000000000000000e+03
8.935182531950255358e-01,9.962000000000000000e+03
8.935755630695169094e-01,9.981000000000000000e+03
8.936328729440082830e-01,9.983000000000000000e+03
8.936901828184996566e-01,9.983000000000000000e+03
8.937474926929910302e-01,9.991000000000000000e+03
8.938048025674824038e-01,9.993000000000000000e+03
8.938621124419737773e-01,9.993000000000000000e+03
8.939194223164651509e-01,1.001600000000000000e+04
8.939767321909565245e-01,1.002200000000000000e+04
8.940340420654478981e-01,1.002700000000000000e+04
8.940913519399392717e-01,1.003100000000000000e+04
8.941486618144306453e-01,1.003300000000000000e+04
8.942059716889220189e-01,1.003800000000000000e+04
8.942632815634133925e-01,1.003800000000000000e+04
8.943205914379047661e-01,1.003800000000000000e+04
8.943779013123961397e-01,1.005100000000000000e+04
8.944352111868875133e-01,1.005400000000000000e+04
8.944925210613788868e-01,1.005900000000000000e+04
8.945498309358702604e-01,1.006000000000000000e+04
8.946071408103616340e-01,1.006800000000000000e+04
8.946644506848530076e-01,1.007600000000000000e+04
8.947217605593443812e-01,1.008100000000000000e+04
8.947790704338357548e-01,1.008600000000000000e+04
8.948363803083271284e-01,1.009400000000000000e+04
8.948936901828185020e-01,1.009700000000000000e+04
8.949510000573098756e-01,1.011300000000000000e+04
8.950083099318012492e-01,1.012200000000000000e+04
8.950656198062926228e-01,1.012300000000000000e+04
8.951229296807839964e-01,1.012700000000000000e+04
8.951802395552753699e-01,1.012900000000000000e+04
8.952375494297667435e-01,1.013400000000000000e+04
8.952948593042581171e-01,1.013800000000000000e+04
8.953521691787494907e-01,1.014200000000000000e+04
8.954094790532408643e-01,1.014200000000000000e+04
8.954667889277322379e-01,1.014300000000000000e+04
8.955240988022236115e-01,1.014800000000000000e+04
8.955814086767149851e-01,1.015200000000000000e+04
8.956387185512063587e-01,1.015700000000000000e+04
8.956960284256977323e-01,1.016800000000000000e+04
8.957533383001891059e-01,1.017200000000000000e+04
8.958106481746804794e-01,1.017300000000000000e+04
8.958679580491718530e-01,1.017600000000000000e+04
8.959252679236632266e-01,1.017800000000000000e+04
8.959825777981546002e-01,1.018300000000000000e+04
8.960398876726459738e-01,1.018400000000000000e+04
8.960971975471373474e-01,1.019100000000000000e+04
8.961545074216287210e-01,1.019400000000000000e+04
8.962118172961200946e-01,1.019500000000000000e+04
8.962691271706114682e-01,1.019800000000000000e+04
8.963264370451028418e-01,1.020500000000000000e+04
8.963837469195942154e-01,1.021000000000000000e+04
8.964410567940855890e-01,1.021100000000000000e+04
8.964983666685769625e-01,1.021400000000000000e+04
8.965556765430684472e-01,1.021600000000000000e+04
8.966129864175598208e-01,1.021800000000000000e+04
8.966702962920511943e-01,1.021800000000000000e+04
8.967276061665425679e-01,1.022900000000000000e+04
8.967849160410339415e-01,1.023000000000000000e+04
8.968422259155253151e-01,1.023300000000000000e+04
8.968995357900166887e-01,1.024100000000000000e+04
8.969568456645080623e-01,1.024600000000000000e+04
8.970141555389994359e-01,1.024900000000000000e+04
8.970714654134908095e-01,1.025000000000000000e+04
8.971287752879821831e-01,1.025200000000000000e+04
8.971860851624735567e-01,1.025400000000000000e+04
8.972433950369649303e-01,1.025600000000000000e+04
8.973007049114563038e-01,1.026200000000000000e+04
8.973580147859476774e-01,1.027100000000000000e+04
8.974153246604390510e-01,1.027300000000000000e+04
8.974726345349304246e-01,1.027600000000000000e+04
8.975299444094217982e-01,1.027800000000000000e+04
8.975872542839131718e-01,1.028000000000000000e+04
8.976445641584045454e-01,1.028000000000000000e+04
8.977018740328959190e-01,1.028700000000000000e+04
8.977591839073872926e-01,1.029000000000000000e+04
8.978164937818786662e-01,1.029200000000000000e+04
8.978738036563700398e-01,1.029400000000000000e+04
8.979311135308614134e-01,1.029700000000000000e+04
8.979884234053527869e-01,1.030800000000000000e+04
8.980457332798441605e-01,1.031800000000000000e+04
8.981030431543355341e-01,1.032300000000000000e+04
8.981603530288269077e-01,1.032400000000000000e+04
8.982176629033182813e-01,1.032800000000000000e+04
8.982749727778096549e-01,1.033000000000000000e+04
8.983322826523010285e-01,1.033400000000000000e+04
8.983895925267924021e-01,1.033500000000000000e+04
8.984469024012837757e-01,1.033500000000000000e+04
8.985042122757751493e-01,1.034000000000000000e+04
8.985615221502665229e-01,1.034600000000000000e+04
8.986188320247578964e-01,1.035000000000000000e+04
8.986761418992492700e-01,1.037400000000000000e+04
8.987334517737406436e-01,1.038100000000000000e+04
8.987907616482320172e-01,1.038200000000000000e+04
8.988480715227233908e-01,1.038200000000000000e+04
8.989053813972147644e-01,1.038700000000000000e+04
8.989626912717061380e-01,1.039000000000000000e+04
8.990200011461975116e-01,1.039200000000000000e+04
8.990773110206888852e-01,1.039300000000000000e+04
8.991346208951802588e-01,1.039700000000000000e+04
8.991919307696716324e-01,1.039900000000000000e+04
8.992492406441630060e-01,1.040700000000000000e+04
8.993065505186543795e-01,1.040800000000000000e+04
8.993638603931457531e-01,1.041500000000000000e+04
8.994211702676371267e-01,1.041800000000000000e+04
8.994784801421285003e-01,1.042000000000000000e+04
8.995357900166198739e-01,1.042100000000000000e+04
8.995930998911112475e-01,1.042300000000000000e+04
8.996504097656026211e-01,1.042600000000000000e+04
8.997077196400939947e-01,1.042600000000000000e+04
8.997650295145853683e-01,1.042800000000000000e+04
8.998223393890767419e-01,1.042800000000000000e+04
8.998796492635681155e-01,1.043400000000000000e+04
8.999369591380594890e-01,1.043700000000000000e+04
8.999942690125508626e-01,1.044000000000000000e+04
9.000515788870422362e-01,1.044100000000000000e+04
9.001088887615336098e-01,1.044100000000000000e+04
9.001661986360249834e-01,1.044300000000000000e+04
9.002235085105163570e-01,1.044900000000000000e+04
9.002808183850077306e-01,1.045000000000000000e+04
9.003381282594991042e-01,1.046100000000000000e+04
9.003954381339904778e-01,1.046300000000000000e+04
9.004527480084818514e-01,1.048000000000000000e+04
9.005100578829732250e-01,1.048100000000000000e+04
9.005673677574645986e-01,1.048300000000000000e+04
9.006246776319559721e-01,1.048800000000000000e+04
9.006819875064473457e-01,1.049000000000000000e+04
9.007392973809387193e-01,1.049200000000000000e+04
9.007966072554300929e-01,1.049600000000000000e+04
9.008539171299214665e-01,1.049800000000000000e+04
9.009112270044128401e-01,1.050100000000000000e+04
9.009685368789042137e-01,1.050300000000000000e+04
9.010258467533955873e-01,1.051000000000000000e+04
9.010831566278869609e-01,1.051100000000000000e+04
9.011404665023783345e-01,1.051300000000000000e+04
9.011977763768697081e-01,1.051800000000000000e+04
9.012550862513610817e-01,1.051800000000000000e+04
9.013123961258524552e-01,1.052000000000000000e+04
9.013697060003438288e-01,1.052500000000000000e+04
9.014270158748352024e-01,1.053300000000000000e+04
9.014843257493265760e-01,1.055000000000000000e+04
9.015416356238180606e-01,1.055200000000000000e+04
9.015989454983094342e-01,1.056500000000000000e+04
9.016562553728008078e-01,1.056500000000000000e+04
9.017135652472921814e-01,1.057300000000000000e+04
9.017708751217835550e-01,1.057400000000000000e+04
9.018281849962749286e-01,1.057400000000000000e+04
9.018854948707663022e-01,1.057400000000000000e+04
9.019428047452576758e-01,1.057400000000000000e+04
9.020001146197490494e-01,1.057600000000000000e+04
9.020574244942404230e-01,1.057700000000000000e+04
9.021147343687317965e-01,1.058300000000000000e+04
9.021720442432231701e-01,1.059300000000000000e+04
9.022293541177145437e-01,1.059700000000000000e+04
9.022866639922059173e-01,1.060000000000000000e+04
9.023439738666972909e-01,1.060700000000000000e+04
9.024012837411886645e-01,1.061800000000000000e+04
9.024585936156800381e-01,1.063100000000000000e+04
9.025159034901714117e-01,1.064100000000000000e+04
9.025732133646627853e-01,1.064400000000000000e+04
9.026305232391541589e-01,1.064700000000000000e+04
9.026878331136455325e-01,1.064800000000000000e+04
9.027451429881369060e-01,1.065000000000000000e+04
9.028024528626282796e-01,1.065300000000000000e+04
9.028597627371196532e-01,1.065400000000000000e+04
9.029170726116110268e-01,1.065500000000000000e+04
9.029743824861024004e-01,1.065700000000000000e+04
9.030316923605937740e-01,1.065800000000000000e+04
9.030890022350851476e-01,1.066000000000000000e+04
9.031463121095765212e-01,1.066600000000000000e+04
9.032036219840678948e-01,1.066900000000000000e+04
9.032609318585592684e-01,1.067500000000000000e+04
9.033182417330506420e-01,1.067500000000000000e+04
9.033755516075420156e-01,1.068700000000000000e+04
9.034328614820333891e-01,1.068800000000000000e+04
9.034901713565247627e-01,1.069000000000000000e+04
9.035474812310161363e-01,1.070000000000000000e+04
9.036047911055075099e-01,1.070100000000000000e+04
9.036621009799988835e-01,1.070200000000000000e+04
9.037194108544902571e-01,1.071300000000000000e+04
9.037767207289816307e-01,1.072400000000000000e+04
9.038340306034730043e-01,1.072500000000000000e+04
9.038913404779643779e-01,1.072600000000000000e+04
9.039486503524557515e-01,1.072900000000000000e+04
9.040059602269471251e-01,1.073200000000000000e+04
9.040632701014384986e-01,1.073300000000000000e+04
9.041205799759298722e-01,1.073400000000000000e+04
9.041778898504212458e-01,1.074000000000000000e+04
9.042351997249126194e-01,1.074100000000000000e+04
9.042925095994039930e-01,1.074300000000000000e+04
9.043498194738953666e-01,1.074500000000000000e+04
9.044071293483867402e-01,1.076400000000000000e+04
9.044644392228781138e-01,1.076800000000000000e+04
9.045217490973694874e-01,1.077100000000000000e+04
9.045790589718608610e-01,1.078100000000000000e+04
9.046363688463522346e-01,1.078400000000000000e+04
9.046936787208436082e-01,1.078900000000000000e+04
9.047509885953349817e-01,1.079000000000000000e+04
9.048082984698263553e-01,1.080400000000000000e+04
9.048656083443177289e-01,1.080500000000000000e+04
9.049229182188091025e-01,1.080700000000000000e+04
9.049802280933004761e-01,1.081000000000000000e+04
9.050375379677918497e-01,1.081600000000000000e+04
9.050948478422832233e-01,1.081900000000000000e+04
9.051521577167745969e-01,1.083900000000000000e+04
9.052094675912659705e-01,1.083900000000000000e+04
9.052667774657573441e-01,1.084400000000000000e+04
9.053240873402487177e-01,1.085200000000000000e+04
9.053813972147400913e-01,1.086000000000000000e+04
9.054387070892314648e-01,1.086500000000000000e+04
9.054960169637228384e-01,1.086600000000000000e+04
9.055533268382142120e-01,1.086900000000000000e+04
9.056106367127055856e-01,1.087500000000000000e+04
9.056679465871969592e-01,1.087800000000000000e+04
9.057252564616883328e-01,1.088100000000000000e+04
9.057825663361797064e-01,1.088400000000000000e+04
9.058398762106710800e-01,1.088800000000000000e+04
9.058971860851624536e-01,1.089000000000000000e+04
9.059544959596538272e-01,1.089400000000000000e+04
9.060118058341452008e-01,1.090400000000000000e+04
9.060691157086365743e-01,1.090500000000000000e+04
9.061264255831279479e-01,1.090600000000000000e+04
9.061837354576193215e-01,1.091000000000000000e+04
9.062410453321106951e-01,1.091000000000000000e+04
9.062983552066020687e-01,1.091100000000000000e+04
9.063556650810934423e-01,1.091200000000000000e+04
9.064129749555848159e-01,1.091400000000000000e+04
9.064702848300761895e-01,1.092100000000000000e+04
9.065275947045676741e-01,1.092200000000000000e+04
9.065849045790590477e-01,1.092400000000000000e+04
9.066422144535504213e-01,1.092500000000000000e+04
9.066995243280417949e-01,1.092600000000000000e+04
9.067568342025331685e-01,1.093200000000000000e+04
9.068141440770245421e-01,1.093200000000000000e+04
9.068714539515159156e-01,1.093300000000000000e+04
9.069287638260072892e-01,1.093600000000000000e+04
9.069860737004986628e-01,1.093600000000000000e+04
9.070433835749900364e-01,1.094000000000000000e+04
9.071006934494814100e-01,1.094300000000000000e+04
9.071580033239727836e-01,1.095600000000000000e+04
9.072153131984641572e-01,1.095900000000000000e+04
9.072726230729555308e-01,1.095900000000000000e+04
9.073299329474469044e-01,1.096300000000000000e+04
9.073872428219382780e-01,1.096500000000000000e+04
9.074445526964296516e-01,1.096600000000000000e+04
9.075018625709210252e-01,1.096900000000000000e+04
9.075591724454123987e-01,1.097500000000000000e+04
9.076164823199037723e-01,1.097500000000000000e+04
9.076737921943951459e-01,1.099500000000000000e+04
9.077311020688865195e-01,1.099700000000000000e+04
9.077884119433778931e-01,1.100100000000000000e+04
9.078457218178692667e-01,1.100600000000000000e+04
9.079030316923606403e-01,1.102600000000000000e+04
9.079603415668520139e-01,1.102700000000000000e+04
9.080176514413433875e-01,1.103400000000000000e+04
9.080749613158347611e-01,1.104100000000000000e+04
9.081322711903261347e-01,1.104300000000000000e+04
9.081895810648175082e-01,1.104800000000000000e+04
9.082468909393088818e-01,1.105200000000000000e+04
9.083042008138002554e-01,1.105900000000000000e+04
9.083615106882916290e-01,1.106400000000000000e+04
9.084188205627830026e-01,1.106500000000000000e+04
9.084761304372743762e-01,1.106900000000000000e+04
9.085334403117657498e-01,1.107300000000000000e+04
9.085907501862571234e-01,1.107700000000000000e+04
9.086480600607484970e-01,1.107800000000000000e+04
9.087053699352398706e-01,1.108200000000000000e+04
9.087626798097312442e-01,1.110100000000000000e+04
9.088199896842226178e-01,1.110300000000000000e+04
9.088772995587139913e-01,1.110600000000000000e+04
9.089346094332053649e-01,1.110800000000000000e+04
9.089919193076967385e-01,1.111100000000000000e+04
9.090492291821881121e-01,1.111500000000000000e+04
9.091065390566794857e-01,1.111500000000000000e+04
9.091638489311708593e-01,1.112000000000000000e+04
9.092211588056622329e-01,1.112500000000000000e+04
9.092784686801536065e-01,1.113000000000000000e+04
9.093357785546449801e-01,1.114100000000000000e+04
9.093930884291363537e-01,1.114700000000000000e+04
9.094503983036277273e-01,1.114900000000000000e+04
9.095077081781191009e-01,1.115200000000000000e+04
9.095650180526104744e-01,1.115800000000000000e+04
9.096223279271018480e-01,1.117500000000000000e+04
9.096796378015932216e-01,1.117700000000000000e+04
9.097369476760845952e-01,1.117900000000000000e+04
9.097942575505759688e-01,1.118700000000000000e+04
9.098515674250673424e-01,1.118800000000000000e+04
9.099088772995587160e-01,1.118800000000000000e+04
9.099661871740500896e-01,1.118800000000000000e+04
9.100234970485414632e-01,1.119600000000000000e+04
9.100808069230328368e-01,1.120200000000000000e+04
9.101381167975242104e-01,1.120300000000000000e+04
9.101954266720155839e-01,1.120500000000000000e+04
9.102527365465069575e-01,1.121100000000000000e+04
9.103100464209983311e-01,1.121400000000000000e+04
9.103673562954897047e-01,1.122000000000000000e+04
9.104246661699810783e-01,1.123700000000000000e+04
9.104819760444724519e-01,1.124300000000000000e+04
9.105392859189638255e-01,1.124800000000000000e+04
9.105965957934551991e-01,1.124900000000000000e+04
9.106539056679465727e-01,1.125100000000000000e+04
9.107112155424379463e-01,1.125200000000000000e+04
9.107685254169293199e-01,1.125700000000000000e+04
9.108258352914206935e-01,1.126200000000000000e+04
9.108831451659120670e-01,1.127000000000000000e+04
9.109404550404034406e-01,1.127300000000000000e+04
9.109977649148948142e-01,1.128400000000000000e+04
9.110550747893861878e-01,1.128800000000000000e+04
9.111123846638775614e-01,1.130000000000000000e+04
9.111696945383689350e-01,1.130700000000000000e+04
9.112270044128603086e-01,1.131100000000000000e+04
9.112843142873516822e-01,1.131300000000000000e+04
9.113416241618430558e-01,1.131400000000000000e+04
9.113989340363344294e-01,1.131600000000000000e+04
9.114562439108258030e-01,1.133800000000000000e+04
9.115135537853172876e-01,1.134200000000000000e+04
9.115708636598086612e-01,1.134400000000000000e+04
9.116281735343000348e-01,1.134900000000000000e+04
9.116854834087914083e-01,1.135000000000000000e+04
9.117427932832827819e-01,1.135300000000000000e+04
9.118001031577741555e-01,1.135600000000000000e+04
9.118574130322655291e-01,1.135800000000000000e+04
9.119147229067569027e-01,1.136200000000000000e+04
9.119720327812482763e-01,1.136500000000000000e+04
9.120293426557396499e-01,1.136600000000000000e+04
9.120866525302310235e-01,1.139200000000000000e+04
9.121439624047223971e-01,1.139600000000000000e+04
9.122012722792137707e-01,1.140400000000000000e+04
9.122585821537051443e-01,1.140600000000000000e+04
9.123158920281965178e-01,1.142500000000000000e+04
9.123732019026878914e-01,1.143200000000000000e+04
9.124305117771792650e-01,1.143400000000000000e+04
9.124878216516706386e-01,1.143500000000000000e+04
9.125451315261620122e-01,1.143800000000000000e+04
9.126024414006533858e-01,1.144300000000000000e+04
9.126597512751447594e-01,1.144400000000000000e+04
9.127170611496361330e-01,1.144800000000000000e+04
9.127743710241275066e-01,1.145800000000000000e+04
9.128316808986188802e-01,1.145900000000000000e+04
9.128889907731102538e-01,1.146600000000000000e+04
9.129463006476016274e-01,1.146900000000000000e+04
9.130036105220930009e-01,1.147500000000000000e+04
9.130609203965843745e-01,1.148800000000000000e+04
9.131182302710757481e-01,1.149700000000000000e+04
9.131755401455671217e-01,1.150800000000000000e+04
9.132328500200584953e-01,1.150900000000000000e+04
9.132901598945498689e-01,1.151000000000000000e+04
9.133474697690412425e-01,1.151700000000000000e+04
9.134047796435326161e-01,1.151900000000000000e+04
9.134620895180239897e-01,1.152100000000000000e+04
9.135193993925153633e-01,1.152100000000000000e+04
9.135767092670067369e-01,1.153300000000000000e+04
9.136340191414981105e-01,1.153600000000000000e+04
9.136913290159894840e-01,1.154300000000000000e+04
9.137486388904808576e-01,1.154400000000000000e+04
9.138059487649722312e-01,1.154400000000000000e+04
9.138632586394636048e-01,1.154600000000000000e+04
9.139205685139549784e-01,1.155300000000000000e+04
9.139778783884463520e-01,1.155400000000000000e+04
9.140351882629377256e-01,1.157600000000000000e+04
9.140924981374290992e-01,1.157600000000000000e+04
9.141498080119204728e-01,1.157700000000000000e+04
9.142071178864118464e-01,1.158200000000000000e+04
9.142644277609032200e-01,1.158400000000000000e+04
9.143217376353945935e-01,1.158600000000000000e+04
9.143790475098859671e-01,1.158600000000000000e+04
9.144363573843773407e-01,1.158700000000000000e+04
9.144936672588687143e-01,1.159600000000000000e+04
9.145509771333600879e-01,1.159800000000000000e+04
9.146082870078514615e-01,1.159800000000000000e+04
9.146655968823428351e-01,1.159900000000000000e+04
9.147229067568342087e-01,1.160100000000000000e+04
9.147802166313255823e-01,1.161100000000000000e+04
9.148375265058169559e-01,1.161800000000000000e+04
9.148948363803083295e-01,1.161800000000000000e+04
9.149521462547997031e-01,1.162600000000000000e+04
9.150094561292910766e-01,1.163300000000000000e+04
9.150667660037824502e-01,1.164800000000000000e+04
9.151240758782738238e-01,1.165200000000000000e+04
9.151813857527651974e-01,1.165300000000000000e+04
9.152386956272565710e-01,1.165900000000000000e+04
9.152960055017479446e-01,1.167100000000000000e+04
9.153533153762393182e-01,1.167400000000000000e+04
9.154106252507306918e-01,1.168100000000000000e+04
9.154679351252220654e-01,1.168200000000000000e+04
9.155252449997134390e-01,1.169700000000000000e+04
9.155825548742048126e-01,1.171200000000000000e+04
9.156398647486961861e-01,1.171500000000000000e+04
9.156971746231875597e-01,1.172800000000000000e+04
9.157544844976789333e-01,1.174800000000000000e+04
9.158117943721703069e-01,1.175000000000000000e+04
9.158691042466616805e-01,1.175400000000000000e+04
9.159264141211530541e-01,1.176000000000000000e+04
9.159837239956444277e-01,1.176200000000000000e+04
9.160410338701358013e-01,1.176800000000000000e+04
9.160983437446271749e-01,1.176900000000000000e+04
9.161556536191185485e-01,1.178500000000000000e+04
9.162129634936099221e-01,1.178500000000000000e+04
9.162702733681012957e-01,1.178600000000000000e+04
9.163275832425926692e-01,1.179300000000000000e+04
9.163848931170840428e-01,1.179400000000000000e+04
9.164422029915754164e-01,1.180100000000000000e+04
9.164995128660669010e-01,1.180100000000000000e+04
9.165568227405582746e-01,1.181900000000000000e+04
9.166141326150496482e-01,1.182100000000000000e+04
9.166714424895410218e-01,1.183300000000000000e+04
9.167287523640323954e-01,1.183500000000000000e+04
9.167860622385237690e-01,1.183700000000000000e+04
9.168433721130151426e-01,1.184500000000000000e+04
9.169006819875065162e-01,1.184800000000000000e+04
9.169579918619978898e-01,1.185400000000000000e+04
9.170153017364892634e-01,1.185500000000000000e+04
9.170726116109806370e-01,1.186800000000000000e+04
9.171299214854720105e-01,1.187500000000000000e+04
9.171872313599633841e-01,1.187900000000000000e+04
9.172445412344547577e-01,1.187900000000000000e+04
9.173018511089461313e-01,1.188000000000000000e+04
9.173591609834375049e-01,1.188900000000000000e+04
9.174164708579288785e-01,1.189900000000000000e+04
9.174737807324202521e-01,1.190400000000000000e+04
9.175310906069116257e-01,1.191500000000000000e+04
9.175884004814029993e-01,1.191500000000000000e+04
9.176457103558943729e-01,1.193600000000000000e+04
9.177030202303857465e-01,1.193900000000000000e+04
9.177603301048771200e-01,1.194500000000000000e+04
9.178176399793684936e-01,1.194700000000000000e+04
9.178749498538598672e-01,1.195800000000000000e+04
9.179322597283512408e-01,1.196100000000000000e+04
9.179895696028426144e-01,1.196300000000000000e+04
9.180468794773339880e-01,1.197400000000000000e+04
9.181041893518253616e-01,1.197700000000000000e+04
9.181614992263167352e-01,1.198800000000000000e+04
9.182188091008081088e-01,1.199200000000000000e+04
9.182761189752994824e-01,1.199400000000000000e+04
9.183334288497908560e-01,1.199600000000000000e+04
9.183907387242822296e-01,1.201400000000000000e+04
9.184480485987736031e-01,1.202500000000000000e+04
9.185053584732649767e-01,1.202800000000000000e+04
9.185626683477563503e-01,1.204200000000000000e+04
9.186199782222477239e-01,1.204800000000000000e+04
9.186772880967390975e-01,1.204800000000000000e+04
9.187345979712304711e-01,1.206000000000000000e+04
9.187919078457218447e-01,1.206100000000000000e+04
9.188492177202132183e-01,1.206500000000000000e+04
9.189065275947045919e-01,1.206700000000000000e+04
9.189638374691959655e-01,1.207400000000000000e+04
9.190211473436873391e-01,1.209500000000000000e+04
9.190784572181787127e-01,1.210800000000000000e+04
9.191357670926700862e-01,1.210900000000000000e+04
9.191930769671614598e-01,1.211100000000000000e+04
9.192503868416528334e-01,1.211200000000000000e+04
9.193076967161442070e-01,1.211200000000000000e+04
9.193650065906355806e-01,1.211900000000000000e+04
9.194223164651269542e-01,1.212100000000000000e+04
9.194796263396183278e-01,1.212100000000000000e+04
9.195369362141097014e-01,1.212300000000000000e+04
9.195942460886010750e-01,1.212600000000000000e+04
9.196515559630924486e-01,1.212900000000000000e+04
9.197088658375838222e-01,1.213500000000000000e+04
9.197661757120751957e-01,1.214200000000000000e+04
9.198234855865665693e-01,1.214900000000000000e+04
9.198807954610579429e-01,1.216000000000000000e+04
9.199381053355493165e-01,1.216100000000000000e+04
9.199954152100406901e-01,1.216500000000000000e+04
9.200527250845320637e-01,1.216600000000000000e+04
9.201100349590234373e-01,1.216600000000000000e+04
9.201673448335148109e-01,1.216900000000000000e+04
9.202246547080061845e-01,1.217500000000000000e+04
9.202819645824975581e-01,1.218900000000000000e+04
9.203392744569889317e-01,1.219800000000000000e+04
9.203965843314803053e-01,1.220700000000000000e+04
9.204538942059716788e-01,1.221400000000000000e+04
9.205112040804630524e-01,1.221400000000000000e+04
9.205685139549544260e-01,1.221500000000000000e+04
9.206258238294457996e-01,1.222600000000000000e+04
9.206831337039371732e-01,1.222700000000000000e+04
9.207404435784285468e-01,1.222800000000000000e+04
9.207977534529199204e-01,1.223000000000000000e+04
9.208550633274112940e-01,1.223100000000000000e+04
9.209123732019026676e-01,1.223100000000000000e+04
9.209696830763940412e-01,1.223900000000000000e+04
9.210269929508854148e-01,1.224000000000000000e+04
9.210843028253767883e-01,1.224900000000000000e+04
9.211416126998681619e-01,1.225200000000000000e+04
9.211989225743595355e-01,1.225700000000000000e+04
9.212562324488509091e-01,1.227600000000000000e+04
9.213135423233422827e-01,1.228500000000000000e+04
9.213708521978336563e-01,1.228800000000000000e+04
9.214281620723250299e-01,1.229800000000000000e+04
9.214854719468165145e-01,1.231100000000000000e+04
9.215427818213078881e-01,1.231300000000000000e+04
9.216000916957992617e-01,1.232100000000000000e+04
9.216574015702906353e-01,1.232100000000000000e+04
9.217147114447820089e-01,1.232200000000000000e+04
9.217720213192733825e-01,1.232200000000000000e+04
9.218293311937647561e-01,1.232300000000000000e+04
9.218866410682561296e-01,1.235500000000000000e+04
9.219439509427475032e-01,1.236100000000000000e+04
9.220012608172388768e-01,1.237600000000000000e+04
9.220585706917302504e-01,1.237900000000000000e+04
9.221158805662216240e-01,1.239600000000000000e+04
9.221731904407129976e-01,1.240000000000000000e+04
9.222305003152043712e-01,1.240200000000000000e+04
9.222878101896957448e-01,1.241000000000000000e+04
9.223451200641871184e-01,1.241200000000000000e+04
9.224024299386784920e-01,1.243300000000000000e+04
9.224597398131698656e-01,1.243400000000000000e+04
9.225170496876612392e-01,1.243500000000000000e+04
9.225743595621526127e-01,1.243700000000000000e+04
9.226316694366439863e-01,1.244500000000000000e+04
9.226889793111353599e-01,1.244900000000000000e+04
9.227462891856267335e-01,1.245700000000000000e+04
9.228035990601181071e-01,1.246600000000000000e+04
9.228609089346094807e-01,1.248100000000000000e+04
9.229182188091008543e-01,1.248100000000000000e+04
9.229755286835922279e-01,1.249300000000000000e+04
9.230328385580836015e-01,1.249400000000000000e+04
9.230901484325749751e-01,1.252800000000000000e+04
9.231474583070663487e-01,1.253000000000000000e+04
9.232047681815577223e-01,1.253600000000000000e+04
9.232620780560490958e-01,1.253800000000000000e+04
9.233193879305404694e-01,1.254300000000000000e+04
9.233766978050318430e-01,1.254400000000000000e+04
9.234340076795232166e-01,1.254700000000000000e+04
9.234913175540145902e-01,1.256000000000000000e+04
9.235486274285059638e-01,1.256200000000000000e+04
9.236059373029973374e-01,1.256400000000000000e+04
9.236632471774887110e-01,1.256400000000000000e+04
9.237205570519800846e-01,1.256700000000000000e+04
9.237778669264714582e-01,1.257400000000000000e+04
9.238351768009628318e-01,1.257600000000000000e+04
9.238924866754542053e-01,1.259300000000000000e+04
9.239497965499455789e-01,1.260100000000000000e+04
9.240071064244369525e-01,1.260300000000000000e+04
9.240644162989283261e-01,1.260900000000000000e+04
9.241217261734196997e-01,1.261200000000000000e+04
9.241790360479110733e-01,1.261900000000000000e+04
9.242363459224024469e-01,1.262100000000000000e+04
9.242936557968938205e-01,1.264200000000000000e+04
9.243509656713851941e-01,1.264700000000000000e+04
9.244082755458765677e-01,1.264900000000000000e+04
9.244655854203679413e-01,1.265200000000000000e+04
9.245228952948593149e-01,1.267300000000000000e+04
9.245802051693506884e-01,1.267500000000000000e+04
9.246375150438420620e-01,1.267800000000000000e+04
9.246948249183334356e-01,1.267900000000000000e+04
9.247521347928248092e-01,1.269100000000000000e+04
9.248094446673161828e-01,1.270300000000000000e+04
9.248667545418075564e-01,1.270300000000000000e+04
9.249240644162989300e-01,1.272500000000000000e+04
9.249813742907903036e-01,1.273300000000000000e+04
9.250386841652816772e-01,1.274100000000000000e+04
9.250959940397730508e-01,1.274500000000000000e+04
9.251533039142644244e-01,1.275400000000000000e+04
9.252106137887557979e-01,1.276300000000000000e+04
9.252679236632471715e-01,1.276700000000000000e+04
9.253252335377385451e-01,1.278400000000000000e+04
9.253825434122299187e-01,1.279000000000000000e+04
9.254398532867212923e-01,1.279600000000000000e+04
9.254971631612126659e-01,1.279700000000000000e+04
9.255544730357040395e-01,1.279800000000000000e+04
9.256117829101954131e-01,1.280900000000000000e+04
9.256690927846867867e-01,1.281000000000000000e+04
9.257264026591781603e-01,1.282100000000000000e+04
9.257837125336695339e-01,1.282700000000000000e+04
9.258410224081609075e-01,1.283100000000000000e+04
9.258983322826522810e-01,1.284400000000000000e+04
9.259556421571436546e-01,1.284700000000000000e+04
9.260129520316350282e-01,1.284800000000000000e+04
9.260702619061264018e-01,1.286400000000000000e+04
9.261275717806177754e-01,1.287400000000000000e+04
9.261848816551091490e-01,1.287600000000000000e+04
9.262421915296005226e-01,1.288000000000000000e+04
9.262995014040918962e-01,1.288300000000000000e+04
9.263568112785832698e-01,1.289000000000000000e+04
9.264141211530746434e-01,1.290300000000000000e+04
9.264714310275660170e-01,1.290700000000000000e+04
9.265287409020575016e-01,1.291100000000000000e+04
9.265860507765488752e-01,1.292100000000000000e+04
9.266433606510402488e-01,1.293700000000000000e+04
9.267006705255316223e-01,1.294000000000000000e+04
9.267579804000229959e-01,1.296000000000000000e+04
9.268152902745143695e-01,1.296600000000000000e+04
9.268726001490057431e-01,1.296600000000000000e+04
9.269299100234971167e-01,1.296800000000000000e+04
9.269872198979884903e-01,1.297200000000000000e+04
9.270445297724798639e-01,1.297500000000000000e+04
9.271018396469712375e-01,1.298000000000000000e+04
9.271591495214626111e-01,1.299900000000000000e+04
9.272164593959539847e-01,1.300100000000000000e+04
9.272737692704453583e-01,1.300100000000000000e+04
9.273310791449367319e-01,1.300900000000000000e+04
9.273883890194281054e-01,1.301100000000000000e+04
9.274456988939194790e-01,1.302700000000000000e+04
9.275030087684108526e-01,1.304000000000000000e+04
9.275603186429022262e-01,1.304200000000000000e+04
9.276176285173935998e-01,1.304700000000000000e+04
9.276749383918849734e-01,1.306800000000000000e+04
9.277322482663763470e-01,1.306900000000000000e+04
9.277895581408677206e-01,1.307300000000000000e+04
9.278468680153590942e-01,1.308100000000000000e+04
9.279041778898504678e-01,1.308200000000000000e+04
9.279614877643418414e-01,1.309100000000000000e+04
9.280187976388332149e-01,1.311300000000000000e+04
9.280761075133245885e-01,1.312100000000000000e+04
9.281334173878159621e-01,1.312100000000000000e+04
9.281907272623073357e-01,1.312600000000000000e+04
9.282480371367987093e-01,1.313100000000000000e+04
9.283053470112900829e-01,1.314200000000000000e+04
9.283626568857814565e-01,1.314600000000000000e+04
9.284199667602728301e-01,1.315600000000000000e+04
9.284772766347642037e-01,1.317200000000000000e+04
9.285345865092555773e-01,1.317200000000000000e+04
9.285918963837469509e-01,1.317800000000000000e+04
9.286492062582383245e-01,1.322900000000000000e+04
9.287065161327296980e-01,1.324400000000000000e+04
9.287638260072210716e-01,1.326900000000000000e+04
9.288211358817124452e-01,1.327800000000000000e+04
9.288784457562038188e-01,1.327900000000000000e+04
9.289357556306951924e-01,1.328200000000000000e+04
9.289930655051865660e-01,1.328500000000000000e+04
9.290503753796779396e-01,1.328800000000000000e+04
9.291076852541693132e-01,1.329300000000000000e+04
9.291649951286606868e-01,1.329400000000000000e+04
9.292223050031520604e-01,1.331400000000000000e+04
9.292796148776434340e-01,1.332000000000000000e+04
9.293369247521348075e-01,1.333000000000000000e+04
9.293942346266261811e-01,1.333600000000000000e+04
9.294515445011175547e-01,1.333600000000000000e+04
9.295088543756089283e-01,1.333700000000000000e+04
9.295661642501003019e-01,1.334000000000000000e+04
9.296234741245916755e-01,1.334000000000000000e+04
9.296807839990830491e-01,1.334100000000000000e+04
9.297380938735744227e-01,1.335000000000000000e+04
9.297954037480657963e-01,1.335500000000000000e+04
9.298527136225571699e-01,1.335700000000000000e+04
9.299100234970485435e-01,1.336300000000000000e+04
9.299673333715399171e-01,1.336800000000000000e+04
9.300246432460312906e-01,1.337400000000000000e+04
9.300819531205226642e-01,1.338800000000000000e+04
9.301392629950140378e-01,1.338800000000000000e+04
9.301965728695054114e-01,1.339300000000000000e+04
9.302538827439967850e-01,1.340100000000000000e+04
9.303111926184881586e-01,1.340800000000000000e+04
9.303685024929795322e-01,1.340900000000000000e+04
9.304258123674709058e-01,1.341000000000000000e+04
9.304831222419622794e-01,1.341900000000000000e+04
9.305404321164536530e-01,1.342300000000000000e+04
9.305977419909450266e-01,1.342500000000000000e+04
9.306550518654364001e-01,1.342700000000000000e+04
9.307123617399277737e-01,1.343000000000000000e+04
9.307696716144191473e-01,1.345200000000000000e+04
9.308269814889105209e-01,1.347100000000000000e+04
9.308842913634018945e-01,1.347100000000000000e+04
9.309416012378932681e-01,1.348700000000000000e+04
9.309989111123846417e-01,1.349600000000000000e+04
9.310562209868760153e-01,1.349700000000000000e+04
9.311135308613673889e-01,1.349900000000000000e+04
9.311708407358587625e-01,1.350000000000000000e+04
9.312281506103501361e-01,1.351800000000000000e+04
9.312854604848415097e-01,1.351900000000000000e+04
9.313427703593328832e-01,1.355800000000000000e+04
9.314000802338242568e-01,1.356200000000000000e+04
9.314573901083156304e-01,1.356800000000000000e+04
9.315146999828071150e-01,1.357600000000000000e+04
9.315720098572984886e-01,1.357700000000000000e+04
9.316293197317898622e-01,1.358100000000000000e+04
9.316866296062812358e-01,1.358100000000000000e+04
9.317439394807726094e-01,1.359400000000000000e+04
9.318012493552639830e-01,1.359600000000000000e+04
9.318585592297553566e-01,1.360800000000000000e+04
9.319158691042467302e-01,1.361200000000000000e+04
9.319731789787381038e-01,1.362300000000000000e+04
9.320304888532294774e-01,1.362300000000000000e+04
9.320877987277208510e-01,1.364200000000000000e+04
9.321451086022122245e-01,1.364700000000000000e+04
9.322024184767035981e-01,1.365600000000000000e+04
9.322597283511949717e-01,1.366300000000000000e+04
9.323170382256863453e-01,1.366400000000000000e+04
9.323743481001777189e-01,1.367800000000000000e+04
9.324316579746690925e-01,1.368900000000000000e+04
9.324889678491604661e-01,1.369300000000000000e+04
9.325462777236518397e-01,1.369900000000000000e+04
9.326035875981432133e-01,1.370900000000000000e+04
9.326608974726345869e-01,1.372400000000000000e+04
9.327182073471259605e-01,1.372500000000000000e+04
9.327755172216173341e-01,1.372500000000000000e+04
9.328328270961087076e-01,1.372600000000000000e+04
9.328901369706000812e-01,1.373300000000000000e+04
9.329474468450914548e-01,1.374500000000000000e+04
9.330047567195828284e-01,1.375300000000000000e+04
9.330620665940742020e-01,1.375300000000000000e+04
9.331193764685655756e-01,1.375600000000000000e+04
9.331766863430569492e-01,1.378300000000000000e+04
9.332339962175483228e-01,1.378800000000000000e+04
9.332913060920396964e-01,1.379200000000000000e+04
9.333486159665310700e-01,1.379700000000000000e+04
9.334059258410224436e-01,1.381200000000000000e+04
9.334632357155138171e-01,1.382200000000000000e+04
9.335205455900051907e-01,1.382300000000000000e+04
9.335778554644965643e-01,1.384400000000000000e+04
9.336351653389879379e-01,1.386300000000000000e+04
9.336924752134793115e-01,1.387100000000000000e+04
9.337497850879706851e-01,1.387600000000000000e+04
9.338070949624620587e-01,1.388400000000000000e+04
9.338644048369534323e-01,1.389100000000000000e+04
9.339217147114448059e-01,1.392500000000000000e+04
9.339790245859361795e-01,1.393700000000000000e+04
9.340363344604275531e-01,1.397300000000000000e+04
9.340936443349189267e-01,1.398000000000000000e+04
9.341509542094103002e-01,1.398400000000000000e+04
9.342082640839016738e-01,1.400000000000000000e+04
9.342655739583930474e-01,1.401300000000000000e+04
9.343228838328844210e-01,1.401600000000000000e+04
9.343801937073757946e-01,1.401700000000000000e+04
9.344375035818671682e-01,1.402300000000000000e+04
9.344948134563585418e-01,1.402400000000000000e+04
9.345521233308499154e-01,1.403400000000000000e+04
9.346094332053412890e-01,1.404100000000000000e+04
9.346667430798326626e-01,1.405800000000000000e+04
9.347240529543240362e-01,1.406000000000000000e+04
9.347813628288154097e-01,1.406200000000000000e+04
9.348386727033067833e-01,1.407600000000000000e+04
9.348959825777981569e-01,1.408600000000000000e+04
9.349532924522895305e-01,1.409600000000000000e+04
9.350106023267809041e-01,1.409600000000000000e+04
9.350679122012722777e-01,1.409900000000000000e+04
9.351252220757636513e-01,1.411800000000000000e+04
9.351825319502550249e-01,1.412100000000000000e+04
9.352398418247463985e-01,1.413700000000000000e+04
9.352971516992377721e-01,1.415500000000000000e+04
9.353544615737291457e-01,1.415700000000000000e+04
9.354117714482205193e-01,1.415800000000000000e+04
9.354690813227118928e-01,1.416100000000000000e+04
9.355263911972032664e-01,1.417900000000000000e+04
9.355837010716946400e-01,1.419100000000000000e+04
9.356410109461860136e-01,1.421900000000000000e+04
9.356983208206773872e-01,1.424800000000000000e+04
9.357556306951687608e-01,1.424900000000000000e+04
9.358129405696601344e-01,1.427100000000000000e+04
9.358702504441515080e-01,1.428000000000000000e+04
9.359275603186428816e-01,1.428200000000000000e+04
9.359848701931342552e-01,1.429200000000000000e+04
9.360421800676256288e-01,1.429600000000000000e+04
9.360994899421170024e-01,1.430900000000000000e+04
9.361567998166083759e-01,1.431900000000000000e+04
9.362141096910997495e-01,1.432300000000000000e+04
9.362714195655911231e-01,1.434500000000000000e+04
9.363287294400824967e-01,1.434700000000000000e+04
9.363860393145738703e-01,1.434900000000000000e+04
9.364433491890652439e-01,1.435700000000000000e+04
9.365006590635567285e-01,1.436000000000000000e+04
9.365579689380481021e-01,1.436600000000000000e+04
9.366152788125394757e-01,1.436700000000000000e+04
9.366725886870308493e-01,1.436900000000000000e+04
9.367298985615222229e-01,1.437000000000000000e+04
9.367872084360135965e-01,1.437600000000000000e+04
9.368445183105049701e-01,1.438600000000000000e+04
9.369018281849963437e-01,1.438900000000000000e+04
9.369591380594877172e-01,1.441000000000000000e+04
9.370164479339790908e-01,1.442000000000000000e+04
9.370737578084704644e-01,1.444400000000000000e+04
9.371310676829618380e-01,1.444700000000000000e+04
9.371883775574532116e-01,1.444800000000000000e+04
9.372456874319445852e-01,1.446900000000000000e+04
9.373029973064359588e-01,1.447600000000000000e+04
9.373603071809273324e-01,1.447900000000000000e+04
9.374176170554187060e-01,1.448500000000000000e+04
9.374749269299100796e-01,1.449000000000000000e+04
9.375322368044014532e-01,1.450400000000000000e+04
9.375895466788928267e-01,1.451200000000000000e+04
9.376468565533842003e-01,1.455700000000000000e+04
9.377041664278755739e-01,1.456500000000000000e+04
9.377614763023669475e-01,1.457000000000000000e+04
9.378187861768583211e-01,1.458600000000000000e+04
9.378760960513496947e-01,1.459300000000000000e+04
9.379334059258410683e-01,1.459400000000000000e+04
9.379907158003324419e-01,1.461000000000000000e+04
9.380480256748238155e-01,1.461300000000000000e+04
9.381053355493151891e-01,1.462600000000000000e+04
9.381626454238065627e-01,1.464400000000000000e+04
9.382199552982979363e-01,1.464600000000000000e+04
9.382772651727893098e-01,1.472100000000000000e+04
9.383345750472806834e-01,1.472700000000000000e+04
9.383918849217720570e-01,1.476200000000000000e+04
9.384491947962634306e-01,1.476800000000000000e+04
9.385065046707548042e-01,1.477700000000000000e+04
9.385638145452461778e-01,1.477800000000000000e+04
9.386211244197375514e-01,1.483200000000000000e+04
9.386784342942289250e-01,1.484000000000000000e+04
9.387357441687202986e-01,1.484600000000000000e+04
9.387930540432116722e-01,1.484600000000000000e+04
9.388503639177030458e-01,1.484800000000000000e+04
9.389076737921944193e-01,1.485400000000000000e+04
9.389649836666857929e-01,1.485500000000000000e+04
9.390222935411771665e-01,1.487400000000000000e+04
9.390796034156685401e-01,1.487600000000000000e+04
9.391369132901599137e-01,1.488200000000000000e+04
9.391942231646512873e-01,1.492400000000000000e+04
9.392515330391426609e-01,1.492400000000000000e+04
9.393088429136340345e-01,1.496000000000000000e+04
9.393661527881254081e-01,1.496100000000000000e+04
9.394234626626167817e-01,1.496100000000000000e+04
9.394807725371081553e-01,1.496700000000000000e+04
9.395380824115995289e-01,1.497700000000000000e+04
9.395953922860909024e-01,1.498000000000000000e+04
9.396527021605822760e-01,1.501600000000000000e+04
9.397100120350736496e-01,1.503000000000000000e+04
9.397673219095650232e-01,1.503300000000000000e+04
9.398246317840563968e-01,1.505000000000000000e+04
9.398819416585477704e-01,1.505100000000000000e+04
9.399392515330391440e-01,1.505700000000000000e+04
9.399965614075305176e-01,1.505800000000000000e+04
9.400538712820218912e-01,1.505900000000000000e+04
9.401111811565132648e-01,1.506200000000000000e+04
9.401684910310046384e-01,1.507700000000000000e+04
9.402258009054960119e-01,1.507900000000000000e+04
9.402831107799873855e-01,1.508400000000000000e+04
9.403404206544787591e-01,1.508500000000000000e+04
9.403977305289701327e-01,1.508700000000000000e+04
9.404550404034615063e-01,1.508900000000000000e+04
9.405123502779528799e-01,1.513000000000000000e+04
9.405696601524442535e-01,1.515900000000000000e+04
9.406269700269356271e-01,1.515900000000000000e+04
9.406842799014270007e-01,1.516700000000000000e+04
9.407415897759183743e-01,1.517500000000000000e+04
9.407988996504097479e-01,1.518700000000000000e+04
9.408562095249011215e-01,1.519100000000000000e+04
9.409135193993924950e-01,1.519400000000000000e+04
9.409708292738838686e-01,1.519600000000000000e+04
9.410281391483752422e-01,1.520700000000000000e+04
9.410854490228666158e-01,1.521000000000000000e+04
9.411427588973579894e-01,1.525100000000000000e+04
9.412000687718493630e-01,1.525700000000000000e+04
9.412573786463407366e-01,1.527200000000000000e+04
9.413146885208321102e-01,1.530300000000000000e+04
9.413719983953234838e-01,1.530500000000000000e+04
9.414293082698148574e-01,1.531000000000000000e+04
9.414866181443063420e-01,1.531400000000000000e+04
9.415439280187977156e-01,1.531600000000000000e+04
9.416012378932890892e-01,1.532000000000000000e+04
9.416585477677804628e-01,1.533900000000000000e+04
9.417158576422718363e-01,1.534400000000000000e+04
9.417731675167632099e-01,1.535200000000000000e+04
9.418304773912545835e-01,1.535700000000000000e+04
9.418877872657459571e-01,1.536200000000000000e+04
9.419450971402373307e-01,1.537200000000000000e+04
9.420024070147287043e-01,1.537800000000000000e+04
9.420597168892200779e-01,1.538300000000000000e+04
9.421170267637114515e-01,1.539500000000000000e+04
9.421743366382028251e-01,1.539700000000000000e+04
9.422316465126941987e-01,1.541500000000000000e+04
9.422889563871855723e-01,1.541800000000000000e+04
9.423462662616769459e-01,1.544300000000000000e+04
9.424035761361683194e-01,1.548200000000000000e+04
9.424608860106596930e-01,1.548700000000000000e+04
9.425181958851510666e-01,1.548900000000000000e+04
9.425755057596424402e-01,1.550200000000000000e+04
9.426328156341338138e-01,1.551900000000000000e+04
9.426901255086251874e-01,1.552700000000000000e+04
9.427474353831165610e-01,1.553200000000000000e+04
9.428047452576079346e-01,1.553500000000000000e+04
9.428620551320993082e-01,1.553900000000000000e+04
9.429193650065906818e-01,1.554400000000000000e+04
9.429766748810820554e-01,1.555100000000000000e+04
9.430339847555734289e-01,1.555400000000000000e+04
9.430912946300648025e-01,1.556500000000000000e+04
9.431486045045561761e-01,1.557200000000000000e+04
9.432059143790475497e-01,1.557600000000000000e+04
9.432632242535389233e-01,1.558900000000000000e+04
9.433205341280302969e-01,1.560700000000000000e+04
9.433778440025216705e-01,1.561100000000000000e+04
9.434351538770130441e-01,1.561400000000000000e+04
9.434924637515044177e-01,1.567200000000000000e+04
9.435497736259957913e-01,1.567600000000000000e+04
9.436070835004871649e-01,1.567800000000000000e+04
9.436643933749785385e-01,1.567900000000000000e+04
9.437217032494699120e-01,1.568100000000000000e+04
9.437790131239612856e-01,1.568300000000000000e+04
9.438363229984526592e-01,1.570100000000000000e+04
9.438936328729440328e-01,1.570500000000000000e+04
9.439509427474354064e-01,1.571800000000000000e+04
9.440082526219267800e-01,1.574600000000000000e+04
9.440655624964181536e-01,1.576700000000000000e+04
9.441228723709095272e-01,1.577200000000000000e+04
9.441801822454009008e-01,1.577900000000000000e+04
9.442374921198922744e-01,1.579700000000000000e+04
9.442948019943836480e-01,1.584000000000000000e+04
9.443521118688750215e-01,1.586300000000000000e+04
9.444094217433663951e-01,1.586500000000000000e+04
9.444667316178577687e-01,1.587400000000000000e+04
9.445240414923491423e-01,1.587900000000000000e+04
9.445813513668405159e-01,1.588000000000000000e+04
9.446386612413318895e-01,1.590200000000000000e+04
9.446959711158232631e-01,1.590700000000000000e+04
9.447532809903146367e-01,1.592100000000000000e+04
9.448105908648060103e-01,1.593900000000000000e+04
9.448679007392973839e-01,1.596700000000000000e+04
9.449252106137887575e-01,1.597200000000000000e+04
9.449825204882801311e-01,1.598100000000000000e+04
9.450398303627715046e-01,1.598600000000000000e+04
9.450971402372628782e-01,1.599100000000000000e+04
9.451544501117542518e-01,1.601000000000000000e+04
9.452117599862456254e-01,1.602200000000000000e+04
9.452690698607369990e-01,1.602500000000000000e+04
9.453263797352283726e-01,1.603400000000000000e+04
9.453836896097197462e-01,1.604800000000000000e+04
9.454409994842111198e-01,1.605100000000000000e+04
9.454983093587024934e-01,1.606300000000000000e+04
9.455556192331938670e-01,1.607100000000000000e+04
9.456129291076852406e-01,1.607600000000000000e+04
9.456702389821766142e-01,1.609200000000000000e+04
9.457275488566679877e-01,1.609700000000000000e+04
9.457848587311593613e-01,1.610300000000000000e+04
9.458421686056507349e-01,1.611000000000000000e+04
9.458994784801421085e-01,1.611600000000000000e+04
9.459567883546334821e-01,1.611800000000000000e+04
9.460140982291248557e-01,1.614000000000000000e+04
9.460714081036162293e-01,1.614100000000000000e+04
9.461287179781076029e-01,1.615400000000000000e+04
9.461860278525989765e-01,1.615700000000000000e+04
9.462433377270903501e-01,1.616300000000000000e+04
9.463006476015817237e-01,1.616600000000000000e+04
9.463579574760730972e-01,1.616600000000000000e+04
9.464152673505644708e-01,1.616900000000000000e+04
9.464725772250559555e-01,1.617000000000000000e+04
9.465298870995473290e-01,1.618600000000000000e+04
9.465871969740387026e-01,1.619500000000000000e+04
9.466445068485300762e-01,1.620900000000000000e+04
9.467018167230214498e-01,1.621400000000000000e+04
9.467591265975128234e-01,1.621900000000000000e+04
9.468164364720041970e-01,1.622500000000000000e+04
9.468737463464955706e-01,1.622600000000000000e+04
9.469310562209869442e-01,1.622700000000000000e+04
9.469883660954783178e-01,1.625300000000000000e+04
9.470456759699696914e-01,1.627100000000000000e+04
9.471029858444610650e-01,1.628900000000000000e+04
9.471602957189524385e-01,1.629600000000000000e+04
9.472176055934438121e-01,1.629700000000000000e+04
9.472749154679351857e-01,1.631900000000000000e+04
9.473322253424265593e-01,1.633900000000000000e+04
9.473895352169179329e-01,1.637800000000000000e+04
9.474468450914093065e-01,1.639700000000000000e+04
9.475041549659006801e-01,1.640900000000000000e+04
9.475614648403920537e-01,1.641400000000000000e+04
9.476187747148834273e-01,1.645300000000000000e+04
9.476760845893748009e-01,1.646200000000000000e+04
9.477333944638661745e-01,1.648200000000000000e+04
9.477907043383575481e-01,1.648700000000000000e+04
9.478480142128489216e-01,1.649500000000000000e+04
9.479053240873402952e-01,1.651200000000000000e+04
9.479626339618316688e-01,1.652100000000000000e+04
9.480199438363230424e-01,1.652400000000000000e+04
9.480772537108144160e-01,1.652600000000000000e+04
9.481345635853057896e-01,1.654800000000000000e+04
9.481918734597971632e-01,1.655000000000000000e+04
9.482491833342885368e-01,1.656200000000000000e+04
9.483064932087799104e-01,1.656900000000000000e+04
9.483638030832712840e-01,1.658100000000000000e+04
9.484211129577626576e-01,1.658300000000000000e+04
9.484784228322540311e-01,1.658900000000000000e+04
9.485357327067454047e-01,1.659000000000000000e+04
9.485930425812367783e-01,1.660900000000000000e+04
9.486503524557281519e-01,1.661200000000000000e+04
9.487076623302195255e-01,1.661500000000000000e+04
9.487649722047108991e-01,1.661600000000000000e+04
9.488222820792022727e-01,1.662700000000000000e+04
9.488795919536936463e-01,1.666200000000000000e+04
9.489369018281850199e-01,1.669200000000000000e+04
9.489942117026763935e-01,1.669800000000000000e+04
9.490515215771677671e-01,1.670200000000000000e+04
9.491088314516591407e-01,1.670500000000000000e+04
9.491661413261505142e-01,1.671000000000000000e+04
9.492234512006418878e-01,1.671900000000000000e+04
9.492807610751332614e-01,1.671900000000000000e+04
9.493380709496246350e-01,1.676900000000000000e+04
9.493953808241160086e-01,1.678500000000000000e+04
9.494526906986073822e-01,1.678900000000000000e+04
9.495100005730987558e-01,1.679200000000000000e+04
9.495673104475901294e-01,1.679900000000000000e+04
9.496246203220815030e-01,1.680300000000000000e+04
9.496819301965728766e-01,1.681900000000000000e+04
9.497392400710642502e-01,1.681900000000000000e+04
9.497965499455556238e-01,1.683900000000000000e+04
9.498538598200469973e-01,1.684100000000000000e+04
9.499111696945383709e-01,1.685600000000000000e+04
9.499684795690297445e-01,1.687100000000000000e+04
9.500257894435211181e-01,1.687200000000000000e+04
9.500830993180124917e-01,1.687800000000000000e+04
9.501404091925038653e-01,1.691100000000000000e+04
9.501977190669952389e-01,1.691500000000000000e+04
9.502550289414866125e-01,1.693000000000000000e+04
9.503123388159779861e-01,1.695400000000000000e+04
9.503696486904693597e-01,1.696400000000000000e+04
9.504269585649607333e-01,1.696900000000000000e+04
9.504842684394521068e-01,1.697100000000000000e+04
9.505415783139434804e-01,1.698100000000000000e+04
9.505988881884348540e-01,1.698200000000000000e+04
9.506561980629262276e-01,1.698900000000000000e+04
9.507135079374176012e-01,1.699900000000000000e+04
9.507708178119089748e-01,1.700000000000000000e+04
9.508281276864003484e-01,1.700100000000000000e+04
9.508854375608917220e-01,1.700300000000000000e+04
9.509427474353830956e-01,1.700800000000000000e+04
9.510000573098744692e-01,1.701400000000000000e+04
9.510573671843658428e-01,1.701500000000000000e+04
9.511146770588572164e-01,1.703100000000000000e+04
9.511719869333485899e-01,1.703700000000000000e+04
9.512292968078399635e-01,1.704600000000000000e+04
9.512866066823313371e-01,1.705700000000000000e+04
9.513439165568227107e-01,1.706400000000000000e+04
9.514012264313140843e-01,1.706500000000000000e+04
9.514585363058055689e-01,1.707200000000000000e+04
9.515158461802969425e-01,1.707400000000000000e+04
9.515731560547883161e-01,1.708300000000000000e+04
9.516304659292796897e-01,1.710100000000000000e+04
9.516877758037710633e-01,1.712800000000000000e+04
9.517450856782624369e-01,1.713500000000000000e+04
9.518023955527538105e-01,1.714100000000000000e+04
9.518597054272451841e-01,1.718500000000000000e+04
9.519170153017365577e-01,1.718600000000000000e+04
9.519743251762279312e-01,1.718700000000000000e+04
9.520316350507193048e-01,1.721500000000000000e+04
9.520889449252106784e-01,1.723400000000000000e+04
9.521462547997020520e-01,1.724200000000000000e+04
9.522035646741934256e-01,1.729300000000000000e+04
9.522608745486847992e-01,1.729600000000000000e+04
9.523181844231761728e-01,1.731100000000000000e+04
9.523754942976675464e-01,1.731300000000000000e+04
9.524328041721589200e-01,1.731600000000000000e+04
9.524901140466502936e-01,1.731700000000000000e+04
9.525474239211416672e-01,1.732500000000000000e+04
9.526047337956330407e-01,1.733900000000000000e+04
9.526620436701244143e-01,1.735800000000000000e+04
9.527193535446157879e-01,1.738300000000000000e+04
9.527766634191071615e-01,1.739100000000000000e+04
9.528339732935985351e-01,1.739100000000000000e+04
9.528912831680899087e-01,1.742700000000000000e+04
9.529485930425812823e-01,1.743000000000000000e+04
9.530059029170726559e-01,1.744100000000000000e+04
9.530632127915640295e-01,1.744900000000000000e+04
9.531205226660554031e-01,1.745000000000000000e+04
9.531778325405467767e-01,1.745300000000000000e+04
9.532351424150381503e-01,1.749800000000000000e+04
9.532924522895295238e-01,1.750500000000000000e+04
9.533497621640208974e-01,1.750800000000000000e+04
9.534070720385122710e-01,1.751600000000000000e+04
9.534643819130036446e-01,1.752400000000000000e+04
9.535216917874950182e-01,1.753200000000000000e+04
9.535790016619863918e-01,1.753600000000000000e+04
9.536363115364777654e-01,1.754600000000000000e+04
9.536936214109691390e-01,1.755100000000000000e+04
9.537509312854605126e-01,1.757200000000000000e+04
9.538082411599518862e-01,1.758800000000000000e+04
9.538655510344432598e-01,1.759200000000000000e+04
9.539228609089346334e-01,1.761900000000000000e+04
9.539801707834260069e-01,1.768100000000000000e+04
9.540374806579173805e-01,1.768300000000000000e+04
9.540947905324087541e-01,1.772000000000000000e+04
9.541521004069001277e-01,1.772100000000000000e+04
9.542094102813915013e-01,1.772600000000000000e+04
9.542667201558828749e-01,1.773000000000000000e+04
9.543240300303742485e-01,1.773300000000000000e+04
9.543813399048656221e-01,1.775100000000000000e+04
9.544386497793569957e-01,1.776900000000000000e+04
9.544959596538483693e-01,1.780100000000000000e+04
9.545532695283397429e-01,1.784800000000000000e+04
9.546105794028311164e-01,1.785200000000000000e+04
9.546678892773224900e-01,1.785300000000000000e+04
9.547251991518138636e-01,1.785600000000000000e+04
9.547825090263052372e-01,1.786000000000000000e+04
9.548398189007966108e-01,1.786000000000000000e+04
9.548971287752879844e-01,1.786200000000000000e+04
9.549544386497793580e-01,1.787100000000000000e+04
9.550117485242707316e-01,1.787700000000000000e+04
9.550690583987621052e-01,1.789900000000000000e+04
9.551263682732534788e-01,1.790700000000000000e+04
9.551836781477448524e-01,1.790800000000000000e+04
9.552409880222362260e-01,1.792000000000000000e+04
9.552982978967275995e-01,1.792300000000000000e+04
9.553556077712189731e-01,1.792400000000000000e+04
9.554129176457103467e-01,1.792700000000000000e+04
9.554702275202017203e-01,1.793900000000000000e+04
9.555275373946930939e-01,1.796300000000000000e+04
9.555848472691844675e-01,1.797100000000000000e+04
9.556421571436758411e-01,1.798200000000000000e+04
9.556994670181672147e-01,1.798200000000000000e+04
9.557567768926585883e-01,1.798500000000000000e+04
9.558140867671499619e-01,1.800100000000000000e+04
9.558713966416413355e-01,1.808800000000000000e+04
9.559287065161327090e-01,1.808800000000000000e+04
9.559860163906240826e-01,1.809400000000000000e+04
9.560433262651154562e-01,1.810100000000000000e+04
9.561006361396068298e-01,1.811700000000000000e+04
9.561579460140982034e-01,1.812300000000000000e+04
9.562152558885895770e-01,1.814400000000000000e+04
9.562725657630809506e-01,1.817500000000000000e+04
9.563298756375723242e-01,1.820200000000000000e+04
9.563871855120636978e-01,1.821300000000000000e+04
9.564444953865550714e-01,1.821400000000000000e+04
9.565018052610465560e-01,1.822100000000000000e+04
9.565591151355379296e-01,1.823500000000000000e+04
9.566164250100293032e-01,1.825400000000000000e+04
9.566737348845206768e-01,1.825700000000000000e+04
9.567310447590120503e-01,1.826600000000000000e+04
9.567883546335034239e-01,1.829800000000000000e+04
9.568456645079947975e-01,1.830200000000000000e+04
9.569029743824861711e-01,1.830800000000000000e+04
9.569602842569775447e-01,1.833400000000000000e+04
9.570175941314689183e-01,1.833600000000000000e+04
9.570749040059602919e-01,1.837000000000000000e+04
9.571322138804516655e-01,1.837600000000000000e+04
9.571895237549430391e-01,1.838000000000000000e+04
9.572468336294344127e-01,1.840300000000000000e+04
9.573041435039257863e-01,1.842400000000000000e+04
9.573614533784171599e-01,1.843000000000000000e+04
9.574187632529085334e-01,1.844500000000000000e+04
9.574760731273999070e-01,1.846600000000000000e+04
9.575333830018912806e-01,1.846700000000000000e+04
9.575906928763826542e-01,1.847200000000000000e+04
9.576480027508740278e-01,1.850500000000000000e+04
9.577053126253654014e-01,1.851500000000000000e+04
9.577626224998567750e-01,1.852000000000000000e+04
9.578199323743481486e-01,1.852300000000000000e+04
9.578772422488395222e-01,1.853600000000000000e+04
9.579345521233308958e-01,1.857600000000000000e+04
9.579918619978222694e-01,1.859600000000000000e+04
9.580491718723136430e-01,1.861300000000000000e+04
9.581064817468050165e-01,1.862600000000000000e+04
9.581637916212963901e-01,1.863300000000000000e+04
9.582211014957877637e-01,1.864200000000000000e+04
9.582784113702791373e-01,1.866900000000000000e+04
9.583357212447705109e-01,1.867500000000000000e+04
9.583930311192618845e-01,1.867600000000000000e+04
9.584503409937532581e-01,1.867600000000000000e+04
9.585076508682446317e-01,1.871300000000000000e+04
9.585649607427360053e-01,1.877100000000000000e+04
9.586222706172273789e-01,1.877800000000000000e+04
9.586795804917187525e-01,1.879700000000000000e+04
9.587368903662101260e-01,1.882900000000000000e+04
9.587942002407014996e-01,1.888100000000000000e+04
9.588515101151928732e-01,1.889700000000000000e+04
9.589088199896842468e-01,1.891300000000000000e+04
9.589661298641756204e-01,1.893400000000000000e+04
9.590234397386669940e-01,1.896400000000000000e+04
9.590807496131583676e-01,1.897100000000000000e+04
9.591380594876497412e-01,1.899000000000000000e+04
9.591953693621411148e-01,1.902000000000000000e+04
9.592526792366324884e-01,1.903300000000000000e+04
9.593099891111238620e-01,1.904000000000000000e+04
9.593672989856152356e-01,1.905100000000000000e+04
9.594246088601066091e-01,1.906900000000000000e+04
9.594819187345979827e-01,1.909100000000000000e+04
9.595392286090893563e-01,1.910300000000000000e+04
9.595965384835807299e-01,1.911700000000000000e+04
9.596538483580721035e-01,1.913700000000000000e+04
9.597111582325634771e-01,1.916600000000000000e+04
9.597684681070548507e-01,1.917100000000000000e+04
9.598257779815462243e-01,1.920800000000000000e+04
9.598830878560375979e-01,1.921700000000000000e+04
9.599403977305289715e-01,1.922300000000000000e+04
9.599977076050203451e-01,1.923500000000000000e+04
9.600550174795117186e-01,1.924400000000000000e+04
9.601123273540030922e-01,1.925200000000000000e+04
9.601696372284944658e-01,1.929400000000000000e+04
9.602269471029858394e-01,1.930000000000000000e+04
9.602842569774772130e-01,1.934700000000000000e+04
9.603415668519685866e-01,1.936600000000000000e+04
9.603988767264599602e-01,1.937100000000000000e+04
9.604561866009513338e-01,1.938300000000000000e+04
9.605134964754427074e-01,1.938800000000000000e+04
9.605708063499340810e-01,1.942700000000000000e+04
9.606281162244254546e-01,1.944300000000000000e+04
9.606854260989168282e-01,1.944900000000000000e+04
9.607427359734082017e-01,1.945400000000000000e+04
9.608000458478995753e-01,1.945500000000000000e+04
9.608573557223909489e-01,1.946300000000000000e+04
9.609146655968823225e-01,1.949800000000000000e+04
9.609719754713736961e-01,1.950400000000000000e+04
9.610292853458650697e-01,1.950700000000000000e+04
9.610865952203564433e-01,1.952500000000000000e+04
9.611439050948478169e-01,1.953200000000000000e+04
9.612012149693391905e-01,1.953500000000000000e+04
9.612585248438305641e-01,1.954700000000000000e+04
9.613158347183219377e-01,1.956100000000000000e+04
9.613731445928133112e-01,1.956300000000000000e+04
9.614304544673046848e-01,1.960300000000000000e+04
9.614877643417961695e-01,1.962400000000000000e+04
9.615450742162875430e-01,1.963400000000000000e+04
9.616023840907789166e-01,1.967600000000000000e+04
9.616596939652702902e-01,1.968700000000000000e+04
9.617170038397616638e-01,1.970000000000000000e+04
9.617743137142530374e-01,1.972100000000000000e+04
9.618316235887444110e-01,1.975800000000000000e+04
9.618889334632357846e-01,1.975900000000000000e+04
9.619462433377271582e-01,1.977400000000000000e+04
9.620035532122185318e-01,1.978400000000000000e+04
9.620608630867099054e-01,1.979300000000000000e+04
9.621181729612012790e-01,1.982200000000000000e+04
9.621754828356926526e-01,1.983400000000000000e+04
9.622327927101840261e-01,1.983800000000000000e+04
9.622901025846753997e-01,1.984400000000000000e+04
9.623474124591667733e-01,1.985300000000000000e+04
9.624047223336581469e-01,1.987500000000000000e+04
9.624620322081495205e-01,1.995800000000000000e+04
9.625193420826408941e-01,1.996500000000000000e+04
9.625766519571322677e-01,1.998500000000000000e+04
9.626339618316236413e-01,1.998600000000000000e+04
9.626912717061150149e-01,1.999400000000000000e+04
9.627485815806063885e-01,2.002600000000000000e+04
9.628058914550977621e-01,2.005300000000000000e+04
9.628632013295891356e-01,2.006000000000000000e+04
9.629205112040805092e-01,2.008400000000000000e+04
9.629778210785718828e-01,2.011100000000000000e+04
9.630351309530632564e-01,2.012000000000000000e+04
9.630924408275546300e-01,2.019200000000000000e+04
9.631497507020460036e-01,2.022700000000000000e+04
9.632070605765373772e-01,2.025800000000000000e+04
9.632643704510287508e-01,2.026300000000000000e+04
9.633216803255201244e-01,2.026400000000000000e+04
9.633789902000114980e-01,2.031800000000000000e+04
9.634363000745028716e-01,2.032000000000000000e+04
9.634936099489942452e-01,2.032700000000000000e+04
9.635509198234856187e-01,2.033000000000000000e+04
9.636082296979769923e-01,2.033400000000000000e+04
9.636655395724683659e-01,2.034800000000000000e+04
9.637228494469597395e-01,2.044600000000000000e+04
9.637801593214511131e-01,2.045300000000000000e+04
9.638374691959424867e-01,2.046000000000000000e+04
9.638947790704338603e-01,2.046700000000000000e+04
9.639520889449252339e-01,2.047600000000000000e+04
9.640093988194166075e-01,2.052000000000000000e+04
9.640667086939079811e-01,2.055500000000000000e+04
9.641240185683993547e-01,2.057500000000000000e+04
9.641813284428907282e-01,2.057900000000000000e+04
9.642386383173821018e-01,2.058300000000000000e+04
9.642959481918734754e-01,2.059300000000000000e+04
9.643532580663648490e-01,2.063800000000000000e+04
9.644105679408562226e-01,2.063900000000000000e+04
9.644678778153475962e-01,2.068100000000000000e+04
9.645251876898389698e-01,2.068500000000000000e+04
9.645824975643303434e-01,2.068600000000000000e+04
9.646398074388217170e-01,2.075900000000000000e+04
9.646971173133130906e-01,2.077300000000000000e+04
9.647544271878044642e-01,2.079000000000000000e+04
9.648117370622958378e-01,2.079300000000000000e+04
9.648690469367872113e-01,2.080200000000000000e+04
9.649263568112785849e-01,2.082600000000000000e+04
9.649836666857699585e-01,2.082900000000000000e+04
9.650409765602613321e-01,2.089700000000000000e+04
9.650982864347527057e-01,2.090300000000000000e+04
9.651555963092440793e-01,2.090400000000000000e+04
9.652129061837354529e-01,2.090700000000000000e+04
9.652702160582268265e-01,2.091500000000000000e+04
9.653275259327182001e-01,2.092000000000000000e+04
9.653848358072095737e-01,2.094700000000000000e+04
9.654421456817009473e-01,2.096300000000000000e+04
9.654994555561923208e-01,2.098100000000000000e+04
9.655567654306836944e-01,2.099200000000000000e+04
9.656140753051750680e-01,2.099600000000000000e+04
9.656713851796664416e-01,2.102200000000000000e+04
9.657286950541578152e-01,2.105400000000000000e+04
9.657860049286491888e-01,2.106500000000000000e+04
9.658433148031405624e-01,2.107900000000000000e+04
9.659006246776319360e-01,2.108300000000000000e+04
9.659579345521233096e-01,2.109100000000000000e+04
9.660152444266146832e-01,2.110300000000000000e+04
9.660725543011060568e-01,2.113600000000000000e+04
9.661298641755974304e-01,2.115100000000000000e+04
9.661871740500888039e-01,2.116800000000000000e+04
9.662444839245801775e-01,2.121100000000000000e+04
9.663017937990715511e-01,2.123000000000000000e+04
9.663591036735629247e-01,2.126400000000000000e+04
9.664164135480542983e-01,2.127800000000000000e+04
9.664737234225457829e-01,2.129300000000000000e+04
9.665310332970371565e-01,2.129600000000000000e+04
9.665883431715285301e-01,2.129900000000000000e+04
9.666456530460199037e-01,2.131700000000000000e+04
9.667029629205112773e-01,2.133700000000000000e+04
9.667602727950026509e-01,2.134000000000000000e+04
9.668175826694940245e-01,2.135600000000000000e+04
9.668748925439853981e-01,2.135900000000000000e+04
9.669322024184767717e-01,2.137400000000000000e+04
9.669895122929681452e-01,2.137800000000000000e+04
9.670468221674595188e-01,2.140700000000000000e+04
9.671041320419508924e-01,2.141700000000000000e+04
9.671614419164422660e-01,2.142100000000000000e+04
9.672187517909336396e-01,2.143000000000000000e+04
9.672760616654250132e-01,2.143800000000000000e+04
9.673333715399163868e-01,2.144300000000000000e+04
9.673906814144077604e-01,2.145100000000000000e+04
9.674479912888991340e-01,2.146300000000000000e+04
9.675053011633905076e-01,2.146900000000000000e+04
9.675626110378818812e-01,2.149400000000000000e+04
9.676199209123732548e-01,2.151600000000000000e+04
9.676772307868646283e-01,2.153100000000000000e+04
9.677345406613560019e-01,2.156900000000000000e+04
9.677918505358473755e-01,2.158000000000000000e+04
9.678491604103387491e-01,2.159900000000000000e+04
9.679064702848301227e-01,2.169600000000000000e+04
9.679637801593214963e-01,2.170900000000000000e+04
9.680210900338128699e-01,2.173100000000000000e+04
9.680783999083042435e-01,2.173500000000000000e+04
9.681357097827956171e-01,2.173600000000000000e+04
9.681930196572869907e-01,2.177500000000000000e+04
9.682503295317783643e-01,2.179200000000000000e+04
9.683076394062697378e-01,2.180900000000000000e+04
9.683649492807611114e-01,2.182700000000000000e+04
9.684222591552524850e-01,2.183600000000000000e+04
9.684795690297438586e-01,2.187500000000000000e+04
9.685368789042352322e-01,2.187700000000000000e+04
9.685941887787266058e-01,2.197600000000000000e+04
9.686514986532179794e-01,2.199000000000000000e+04
9.687088085277093530e-01,2.204500000000000000e+04
9.687661184022007266e-01,2.205100000000000000e+04
9.688234282766921002e-01,2.205200000000000000e+04
9.688807381511834738e-01,2.208700000000000000e+04
9.689380480256748474e-01,2.210300000000000000e+04
9.689953579001662209e-01,2.213000000000000000e+04
9.690526677746575945e-01,2.217300000000000000e+04
9.691099776491489681e-01,2.217800000000000000e+04
9.691672875236403417e-01,2.218000000000000000e+04
9.692245973981317153e-01,2.220300000000000000e+04
9.692819072726230889e-01,2.223500000000000000e+04
9.693392171471144625e-01,2.224300000000000000e+04
9.693965270216058361e-01,2.224800000000000000e+04
9.694538368960972097e-01,2.225000000000000000e+04
9.695111467705885833e-01,2.225300000000000000e+04
9.695684566450799569e-01,2.227000000000000000e+04
9.696257665195713304e-01,2.227900000000000000e+04
9.696830763940627040e-01,2.228900000000000000e+04
9.697403862685540776e-01,2.232200000000000000e+04
9.697976961430454512e-01,2.232600000000000000e+04
9.698550060175368248e-01,2.233200000000000000e+04
9.699123158920281984e-01,2.234400000000000000e+04
9.699696257665195720e-01,2.234900000000000000e+04
9.700269356410109456e-01,2.234900000000000000e+04
9.700842455155023192e-01,2.235300000000000000e+04
9.701415553899936928e-01,2.238700000000000000e+04
9.701988652644850664e-01,2.238800000000000000e+04
9.702561751389764400e-01,2.246800000000000000e+04
9.703134850134678135e-01,2.247800000000000000e+04
9.703707948879591871e-01,2.255000000000000000e+04
9.704281047624505607e-01,2.261900000000000000e+04
9.704854146369419343e-01,2.262200000000000000e+04
9.705427245114333079e-01,2.262500000000000000e+04
9.706000343859246815e-01,2.273100000000000000e+04
9.706573442604160551e-01,2.274500000000000000e+04
9.707146541349074287e-01,2.274900000000000000e+04
9.707719640093988023e-01,2.276000000000000000e+04
9.708292738838901759e-01,2.279200000000000000e+04
9.708865837583815495e-01,2.283000000000000000e+04
9.709438936328729230e-01,2.286600000000000000e+04
9.710012035073642966e-01,2.287500000000000000e+04
9.710585133818556702e-01,2.289200000000000000e+04
9.711158232563470438e-01,2.293300000000000000e+04
9.711731331308384174e-01,2.293600000000000000e+04
9.712304430053297910e-01,2.303500000000000000e+04
9.712877528798211646e-01,2.308600000000000000e+04
9.713450627543125382e-01,2.309400000000000000e+04
9.714023726288039118e-01,2.310700000000000000e+04
9.714596825032953964e-01,2.311900000000000000e+04
9.715169923777867700e-01,2.312000000000000000e+04
9.715743022522781436e-01,2.312000000000000000e+04
9.716316121267695172e-01,2.312500000000000000e+04
9.716889220012608908e-01,2.314200000000000000e+04
9.717462318757522644e-01,2.316100000000000000e+04
9.718035417502436379e-01,2.317000000000000000e+04
9.718608516247350115e-01,2.319900000000000000e+04
9.719181614992263851e-01,2.324500000000000000e+04
9.719754713737177587e-01,2.325200000000000000e+04
9.720327812482091323e-01,2.326000000000000000e+04
9.720900911227005059e-01,2.327800000000000000e+04
9.721474009971918795e-01,2.328900000000000000e+04
9.722047108716832531e-01,2.333400000000000000e+04
9.722620207461746267e-01,2.333700000000000000e+04
9.723193306206660003e-01,2.336800000000000000e+04
9.723766404951573739e-01,2.337400000000000000e+04
9.724339503696487474e-01,2.339700000000000000e+04
9.724912602441401210e-01,2.341600000000000000e+04
9.725485701186314946e-01,2.346100000000000000e+04
9.726058799931228682e-01,2.346400000000000000e+04
9.726631898676142418e-01,2.346800000000000000e+04
9.727204997421056154e-01,2.347200000000000000e+04
9.727778096165969890e-01,2.349000000000000000e+04
9.728351194910883626e-01,2.353000000000000000e+04
9.728924293655797362e-01,2.353500000000000000e+04
9.729497392400711098e-01,2.356800000000000000e+04
9.730070491145624834e-01,2.367800000000000000e+04
9.730643589890538570e-01,2.367900000000000000e+04
9.731216688635452305e-01,2.369100000000000000e+04
9.731789787380366041e-01,2.370100000000000000e+04
9.732362886125279777e-01,2.370700000000000000e+04
9.732935984870193513e-01,2.377800000000000000e+04
9.733509083615107249e-01,2.378800000000000000e+04
9.734082182360020985e-01,2.384000000000000000e+04
9.734655281104934721e-01,2.389100000000000000e+04
9.735228379849848457e-01,2.393400000000000000e+04
9.735801478594762193e-01,2.400900000000000000e+04
9.736374577339675929e-01,2.402600000000000000e+04
9.736947676084589665e-01,2.403700000000000000e+04
9.737520774829503400e-01,2.406500000000000000e+04
9.738093873574417136e-01,2.407000000000000000e+04
9.738666972319330872e-01,2.407800000000000000e+04
9.739240071064244608e-01,2.413200000000000000e+04
9.739813169809158344e-01,2.417200000000000000e+04
9.740386268554072080e-01,2.419400000000000000e+04
9.740959367298985816e-01,2.422100000000000000e+04
9.741532466043899552e-01,2.422800000000000000e+04
9.742105564788813288e-01,2.429300000000000000e+04
9.742678663533727024e-01,2.429800000000000000e+04
9.743251762278640760e-01,2.432600000000000000e+04
9.743824861023554496e-01,2.435600000000000000e+04
9.744397959768468231e-01,2.436500000000000000e+04
9.744971058513381967e-01,2.438000000000000000e+04
9.745544157258295703e-01,2.438600000000000000e+04
9.746117256003209439e-01,2.439600000000000000e+04
9.746690354748123175e-01,2.443000000000000000e+04
9.747263453493036911e-01,2.445700000000000000e+04
9.747836552237950647e-01,2.446300000000000000e+04
9.748409650982864383e-01,2.448500000000000000e+04
9.748982749727778119e-01,2.449200000000000000e+04
9.749555848472691855e-01,2.453100000000000000e+04
9.750128947217605591e-01,2.457700000000000000e+04
9.750702045962519326e-01,2.461800000000000000e+04
9.751275144707433062e-01,2.462900000000000000e+04
9.751848243452346798e-01,2.465400000000000000e+04
9.752421342197260534e-01,2.467200000000000000e+04
9.752994440942174270e-01,2.467400000000000000e+04
9.753567539687088006e-01,2.470700000000000000e+04
9.754140638432001742e-01,2.473600000000000000e+04
9.754713737176915478e-01,2.473800000000000000e+04
9.755286835921829214e-01,2.474000000000000000e+04
9.755859934666742950e-01,2.476500000000000000e+04
9.756433033411656686e-01,2.480800000000000000e+04
9.757006132156570422e-01,2.503900000000000000e+04
9.757579230901484157e-01,2.511700000000000000e+04
9.758152329646397893e-01,2.513700000000000000e+04
9.758725428391311629e-01,2.523200000000000000e+04
9.759298527136225365e-01,2.529000000000000000e+04
9.759871625881139101e-01,2.532000000000000000e+04
9.760444724626052837e-01,2.536600000000000000e+04
9.761017823370966573e-01,2.537300000000000000e+04
9.761590922115880309e-01,2.537500000000000000e+04
9.762164020860794045e-01,2.548000000000000000e+04
9.762737119605707781e-01,2.563300000000000000e+04
9.763310218350621517e-01,2.568800000000000000e+04
9.763883317095535253e-01,2.568900000000000000e+04
9.764456415840450099e-01,2.574600000000000000e+04
9.765029514585363835e-01,2.577300000000000000e+04
9.765602613330277570e-01,2.584400000000000000e+04
9.766175712075191306e-01,2.587500000000000000e+04
9.766748810820105042e-01,2.589900000000000000e+04
9.767321909565018778e-01,2.608900000000000000e+04
9.767895008309932514e-01,2.612000000000000000e+04
9.768468107054846250e-01,2.617700000000000000e+04
9.769041205799759986e-01,2.617800000000000000e+04
9.769614304544673722e-01,2.625500000000000000e+04
9.770187403289587458e-01,2.626400000000000000e+04
9.770760502034501194e-01,2.627200000000000000e+04
9.771333600779414930e-01,2.628300000000000000e+04
9.771906699524328666e-01,2.632100000000000000e+04
9.772479798269242401e-01,2.633700000000000000e+04
9.773052897014156137e-01,2.635200000000000000e+04
9.773625995759069873e-01,2.656700000000000000e+04
9.774199094503983609e-01,2.664600000000000000e+04
9.774772193248897345e-01,2.666300000000000000e+04
9.775345291993811081e-01,2.667700000000000000e+04
9.775918390738724817e-01,2.667700000000000000e+04
9.776491489483638553e-01,2.677100000000000000e+04
9.777064588228552289e-01,2.677600000000000000e+04
9.777637686973466025e-01,2.678600000000000000e+04
9.778210785718379761e-01,2.681100000000000000e+04
9.778783884463293496e-01,2.684200000000000000e+04
9.779356983208207232e-01,2.695100000000000000e+04
9.779930081953120968e-01,2.695200000000000000e+04
9.780503180698034704e-01,2.701900000000000000e+04
9.781076279442948440e-01,2.703900000000000000e+04
9.781649378187862176e-01,2.715400000000000000e+04
9.782222476932775912e-01,2.717100000000000000e+04
9.782795575677689648e-01,2.720200000000000000e+04
9.783368674422603384e-01,2.720500000000000000e+04
9.783941773167517120e-01,2.724800000000000000e+04
9.784514871912430856e-01,2.725800000000000000e+04
9.785087970657344592e-01,2.729500000000000000e+04
9.785661069402258327e-01,2.734900000000000000e+04
9.786234168147172063e-01,2.736700000000000000e+04
9.786807266892085799e-01,2.738600000000000000e+04
9.787380365636999535e-01,2.743200000000000000e+04
9.787953464381913271e-01,2.745900000000000000e+04
9.788526563126827007e-01,2.758300000000000000e+04
9.789099661871740743e-01,2.763300000000000000e+04
9.789672760616654479e-01,2.768200000000000000e+04
9.790245859361568215e-01,2.770900000000000000e+04
9.790818958106481951e-01,2.771100000000000000e+04
9.791392056851395687e-01,2.773000000000000000e+04
9.791965155596309422e-01,2.773300000000000000e+04
9.792538254341223158e-01,2.773900000000000000e+04
9.793111353086136894e-01,2.778300000000000000e+04
9.793684451831050630e-01,2.783800000000000000e+04
9.794257550575964366e-01,2.785400000000000000e+04
9.794830649320878102e-01,2.796300000000000000e+04
9.795403748065791838e-01,2.800600000000000000e+04
9.795976846810705574e-01,2.800700000000000000e+04
9.796549945555619310e-01,2.803200000000000000e+04
9.797123044300533046e-01,2.809900000000000000e+04
9.797696143045446782e-01,2.813400000000000000e+04
9.798269241790360518e-01,2.824500000000000000e+04
9.798842340535274253e-01,2.827900000000000000e+04
9.799415439280187989e-01,2.829000000000000000e+04
9.799988538025101725e-01,2.836000000000000000e+04
9.800561636770015461e-01,2.839200000000000000e+04
9.801134735514929197e-01,2.843900000000000000e+04
9.801707834259842933e-01,2.845200000000000000e+04
9.802280933004756669e-01,2.858600000000000000e+04
9.802854031749670405e-01,2.863600000000000000e+04
9.803427130494584141e-01,2.867700000000000000e+04
9.804000229239497877e-01,2.870100000000000000e+04
9.804573327984411613e-01,2.873500000000000000e+04
9.805146426729325349e-01,2.875500000000000000e+04
9.805719525474239084e-01,2.879600000000000000e+04
9.806292624219152820e-01,2.880000000000000000e+04
9.806865722964066556e-01,2.883400000000000000e+04
9.807438821708980292e-01,2.888700000000000000e+04
9.808011920453894028e-01,2.889300000000000000e+04
9.808585019198807764e-01,2.892900000000000000e+04
9.809158117943721500e-01,2.904200000000000000e+04
9.809731216688635236e-01,2.905600000000000000e+04
9.810304315433548972e-01,2.906100000000000000e+04
9.810877414178462708e-01,2.908700000000000000e+04
9.811450512923376444e-01,2.908900000000000000e+04
9.812023611668290179e-01,2.916000000000000000e+04
9.812596710413203915e-01,2.917000000000000000e+04
9.813169809158117651e-01,2.917600000000000000e+04
9.813742907903031387e-01,2.922500000000000000e+04
9.814316006647946233e-01,2.937000000000000000e+04
9.814889105392859969e-01,2.940500000000000000e+04
9.815462204137773705e-01,2.941900000000000000e+04
9.816035302882687441e-01,2.958100000000000000e+04
9.816608401627601177e-01,2.961300000000000000e+04
9.817181500372514913e-01,2.968200000000000000e+04
9.817754599117428649e-01,2.972400000000000000e+04
9.818327697862342385e-01,2.977900000000000000e+04
9.818900796607256121e-01,2.981600000000000000e+04
9.819473895352169857e-01,2.989700000000000000e+04
9.820046994097083592e-01,2.991300000000000000e+04
9.820620092841997328e-01,2.992000000000000000e+04
9.821193191586911064e-01,2.995000000000000000e+04
9.821766290331824800e-01,2.995800000000000000e+04
9.822339389076738536e-01,2.998200000000000000e+04
9.822912487821652272e-01,3.002400000000000000e+04
9.823485586566566008e-01,3.004700000000000000e+04
9.824058685311479744e-01,3.005700000000000000e+04
9.824631784056393480e-01,3.006300000000000000e+04
9.825204882801307216e-01,3.009800000000000000e+04
9.825777981546220952e-01,3.010400000000000000e+04
9.826351080291134688e-01,3.014100000000000000e+04
9.826924179036048423e-01,3.016200000000000000e+04
9.827497277780962159e-01,3.020600000000000000e+04
9.828070376525875895e-01,3.026600000000000000e+04
9.828643475270789631e-01,3.028900000000000000e+04
9.829216574015703367e-01,3.029600000000000000e+04
9.829789672760617103e-01,3.033000000000000000e+04
9.830362771505530839e-01,3.035500000000000000e+04
9.830935870250444575e-01,3.040200000000000000e+04
9.831508968995358311e-01,3.049500000000000000e+04
9.832082067740272047e-01,3.051000000000000000e+04
9.832655166485185783e-01,3.051900000000000000e+04
9.833228265230099518e-01,3.053700000000000000e+04
9.833801363975013254e-01,3.054800000000000000e+04
9.834374462719926990e-01,3.070500000000000000e+04
9.834947561464840726e-01,3.074400000000000000e+04
9.835520660209754462e-01,3.075500000000000000e+04
9.836093758954668198e-01,3.082300000000000000e+04
9.836666857699581934e-01,3.082500000000000000e+04
9.837239956444495670e-01,3.083100000000000000e+04
9.837813055189409406e-01,3.089500000000000000e+04
9.838386153934323142e-01,3.100800000000000000e+04
9.838959252679236878e-01,3.113800000000000000e+04
9.839532351424150614e-01,3.115200000000000000e+04
9.840105450169064349e-01,3.122900000000000000e+04
9.840678548913978085e-01,3.124700000000000000e+04
9.841251647658891821e-01,3.125600000000000000e+04
9.841824746403805557e-01,3.131300000000000000e+04
9.842397845148719293e-01,3.132000000000000000e+04
9.842970943893633029e-01,3.134100000000000000e+04
9.843544042638546765e-01,3.134500000000000000e+04
9.844117141383460501e-01,3.135700000000000000e+04
9.844690240128374237e-01,3.138900000000000000e+04
9.845263338873287973e-01,3.143800000000000000e+04
9.845836437618201709e-01,3.157600000000000000e+04
9.846409536363115445e-01,3.158300000000000000e+04
9.846982635108029180e-01,3.161000000000000000e+04
9.847555733852942916e-01,3.167500000000000000e+04
9.848128832597856652e-01,3.171700000000000000e+04
9.848701931342770388e-01,3.175900000000000000e+04
9.849275030087684124e-01,3.186000000000000000e+04
9.849848128832597860e-01,3.189600000000000000e+04
9.850421227577511596e-01,3.204500000000000000e+04
9.850994326322425332e-01,3.211800000000000000e+04
9.851567425067339068e-01,3.214900000000000000e+04
9.852140523812252804e-01,3.216800000000000000e+04
9.852713622557166540e-01,3.230900000000000000e+04
9.853286721302080275e-01,3.249900000000000000e+04
9.853859820046994011e-01,3.251400000000000000e+04
9.854432918791907747e-01,3.258200000000000000e+04
9.855006017536821483e-01,3.268400000000000000e+04
9.855579116281735219e-01,3.268400000000000000e+04
9.856152215026648955e-01,3.269000000000000000e+04
9.856725313771562691e-01,3.269900000000000000e+04
9.857298412516476427e-01,3.273200000000000000e+04
9.857871511261390163e-01,3.274300000000000000e+04
9.858444610006303899e-01,3.277300000000000000e+04
9.859017708751217635e-01,3.292300000000000000e+04
9.859590807496131371e-01,3.292800000000000000e+04
9.860163906241045106e-01,3.293100000000000000e+04
9.860737004985958842e-01,3.295500000000000000e+04
9.861310103730872578e-01,3.297000000000000000e+04
9.861883202475786314e-01,3.297700000000000000e+04
9.862456301220700050e-01,3.298600000000000000e+04
9.863029399965613786e-01,3.305000000000000000e+04
9.863602498710527522e-01,3.309600000000000000e+04
9.864175597455442368e-01,3.310800000000000000e+04
9.864748696200356104e-01,3.311300000000000000e+04
9.865321794945269840e-01,3.319400000000000000e+04
9.865894893690183576e-01,3.325600000000000000e+04
9.866467992435097312e-01,3.338900000000000000e+04
9.867041091180011048e-01,3.345200000000000000e+04
9.867614189924924784e-01,3.358100000000000000e+04
9.868187288669838519e-01,3.358500000000000000e+04
9.868760387414752255e-01,3.378700000000000000e+04
9.869333486159665991e-01,3.379400000000000000e+04
9.869906584904579727e-01,3.390100000000000000e+04
9.870479683649493463e-01,3.390100000000000000e+04
9.871052782394407199e-01,3.394300000000000000e+04
9.871625881139320935e-01,3.395600000000000000e+04
9.872198979884234671e-01,3.397800000000000000e+04
9.872772078629148407e-01,3.397900000000000000e+04
9.873345177374062143e-01,3.401900000000000000e+04
9.873918276118975879e-01,3.410000000000000000e+04
9.874491374863889614e-01,3.420900000000000000e+04
9.875064473608803350e-01,3.421800000000000000e+04
9.875637572353717086e-01,3.425500000000000000e+04
9.876210671098630822e-01,3.427700000000000000e+04
9.876783769843544558e-01,3.430500000000000000e+04
9.877356868588458294e-01,3.441300000000000000e+04
9.877929967333372030e-01,3.453700000000000000e+04
9.878503066078285766e-01,3.458800000000000000e+04
9.879076164823199502e-01,3.461900000000000000e+04
9.879649263568113238e-01,3.468700000000000000e+04
9.880222362313026974e-01,3.479800000000000000e+04
9.880795461057940710e-01,3.483900000000000000e+04
9.881368559802854445e-01,3.501900000000000000e+04
9.881941658547768181e-01,3.502900000000000000e+04
9.882514757292681917e-01,3.506200000000000000e+04
9.883087856037595653e-01,3.506800000000000000e+04
9.883660954782509389e-01,3.511300000000000000e+04
9.884234053527423125e-01,3.516000000000000000e+04
9.884807152272336861e-01,3.516700000000000000e+04
9.885380251017250597e-01,3.520000000000000000e+04
9.885953349762164333e-01,3.527300000000000000e+04
9.886526448507078069e-01,3.527400000000000000e+04
9.887099547251991805e-01,3.527500000000000000e+04
9.887672645996905540e-01,3.533600000000000000e+04
9.888245744741819276e-01,3.558900000000000000e+04
9.888818843486733012e-01,3.564500000000000000e+04
9.889391942231646748e-01,3.567100000000000000e+04
9.889965040976560484e-01,3.575500000000000000e+04
9.890538139721474220e-01,3.581300000000000000e+04
9.891111238466387956e-01,3.592000000000000000e+04
9.891684337211301692e-01,3.598300000000000000e+04
9.892257435956215428e-01,3.602700000000000000e+04
9.892830534701129164e-01,3.606500000000000000e+04
9.893403633446042900e-01,3.617600000000000000e+04
9.893976732190956636e-01,3.620200000000000000e+04
9.894549830935870371e-01,3.629800000000000000e+04
9.895122929680784107e-01,3.678900000000000000e+04
9.895696028425697843e-01,3.687900000000000000e+04
9.896269127170611579e-01,3.693600000000000000e+04
9.896842225915525315e-01,3.708000000000000000e+04
9.897415324660439051e-01,3.711400000000000000e+04
9.897988423405352787e-01,3.712000000000000000e+04
9.898561522150266523e-01,3.736800000000000000e+04
9.899134620895180259e-01,3.746900000000000000e+04
9.899707719640093995e-01,3.783600000000000000e+04
9.900280818385007731e-01,3.790000000000000000e+04
9.900853917129921467e-01,3.821200000000000000e+04
9.901427015874835202e-01,3.841200000000000000e+04
9.902000114619748938e-01,3.847100000000000000e+04
9.902573213364662674e-01,3.895000000000000000e+04
9.903146312109576410e-01,3.904400000000000000e+04
9.903719410854490146e-01,3.916000000000000000e+04
9.904292509599403882e-01,3.916000000000000000e+04
9.904865608344317618e-01,3.929500000000000000e+04
9.905438707089231354e-01,3.930400000000000000e+04
9.906011805834145090e-01,3.938300000000000000e+04
9.906584904579058826e-01,3.949700000000000000e+04
9.907158003323972562e-01,3.951600000000000000e+04
9.907731102068886297e-01,3.952200000000000000e+04
9.908304200813800033e-01,3.988100000000000000e+04
9.908877299558713769e-01,3.991500000000000000e+04
9.909450398303627505e-01,3.992900000000000000e+04
9.910023497048541241e-01,4.017700000000000000e+04
9.910596595793454977e-01,4.043600000000000000e+04
9.911169694538368713e-01,4.053200000000000000e+04
9.911742793283282449e-01,4.079000000000000000e+04
9.912315892028196185e-01,4.086400000000000000e+04
9.912888990773109921e-01,4.111500000000000000e+04
9.913462089518023657e-01,4.112200000000000000e+04
9.914035188262937393e-01,4.114100000000000000e+04
9.914608287007852239e-01,4.117400000000000000e+04
9.915181385752765975e-01,4.120900000000000000e+04
9.915754484497679710e-01,4.122600000000000000e+04
9.916327583242593446e-01,4.127800000000000000e+04
9.916900681987507182e-01,4.136600000000000000e+04
9.917473780732420918e-01,4.151200000000000000e+04
9.918046879477334654e-01,4.157400000000000000e+04
9.918619978222248390e-01,4.180100000000000000e+04
9.919193076967162126e-01,4.189800000000000000e+04
9.919766175712075862e-01,4.216900000000000000e+04
9.920339274456989598e-01,4.227600000000000000e+04
9.920912373201903334e-01,4.232800000000000000e+04
9.921485471946817070e-01,4.240400000000000000e+04
9.922058570691730806e-01,4.269300000000000000e+04
9.922631669436644541e-01,4.281200000000000000e+04
9.923204768181558277e-01,4.288000000000000000e+04
9.923777866926472013e-01,4.289500000000000000e+04
9.924350965671385749e-01,4.293800000000000000e+04
9.924924064416299485e-01,4.297700000000000000e+04
9.925497163161213221e-01,4.300500000000000000e+04
9.926070261906126957e-01,4.308300000000000000e+04
9.926643360651040693e-01,4.337100000000000000e+04
9.927216459395954429e-01,4.362300000000000000e+04
9.927789558140868165e-01,4.385900000000000000e+04
9.928362656885781901e-01,4.395500000000000000e+04
9.928935755630695636e-01,4.398100000000000000e+04
9.929508854375609372e-01,4.409900000000000000e+04
9.930081953120523108e-01,4.414000000000000000e+04
9.930655051865436844e-01,4.442200000000000000e+04
9.931228150610350580e-01,4.468300000000000000e+04
9.931801249355264316e-01,4.473600000000000000e+04
9.932374348100178052e-01,4.485500000000000000e+04
9.932947446845091788e-01,4.509700000000000000e+04
9.933520545590005524e-01,4.581500000000000000e+04
9.934093644334919260e-01,4.581600000000000000e+04
9.934666743079832996e-01,4.607700000000000000e+04
9.935239841824746732e-01,4.609300000000000000e+04
9.935812940569660467e-01,4.638000000000000000e+04
9.936386039314574203e-01,4.667800000000000000e+04
9.936959138059487939e-01,4.670900000000000000e+04
9.937532236804401675e-01,4.671400000000000000e+04
9.938105335549315411e-01,4.673400000000000000e+04
9.938678434294229147e-01,4.682800000000000000e+04
9.939251533039142883e-01,4.696400000000000000e+04
9.939824631784056619e-01,4.710800000000000000e+04
9.940397730528970355e-01,4.745200000000000000e+04
9.940970829273884091e-01,4.755200000000000000e+04
9.941543928018797827e-01,4.776900000000000000e+04
9.942117026763711563e-01,4.784900000000000000e+04
9.942690125508625298e-01,4.806900000000000000e+04
9.943263224253539034e-01,4.818800000000000000e+04
9.943836322998452770e-01,4.832000000000000000e+04
9.944409421743366506e-01,4.846400000000000000e+04
9.944982520488280242e-01,4.860500000000000000e+04
9.945555619233193978e-01,4.876300000000000000e+04
9.946128717978107714e-01,4.898100000000000000e+04
9.946701816723021450e-01,4.911500000000000000e+04
9.947274915467935186e-01,4.952800000000000000e+04
9.947848014212848922e-01,4.964500000000000000e+04
9.948421112957762658e-01,4.967100000000000000e+04
9.948994211702676393e-01,4.968200000000000000e+04
9.949567310447590129e-01,4.968300000000000000e+04
9.950140409192503865e-01,4.973800000000000000e+04
9.950713507937417601e-01,4.976500000000000000e+04
9.951286606682331337e-01,5.010300000000000000e+04
9.951859705427245073e-01,5.036800000000000000e+04
9.952432804172158809e-01,5.040200000000000000e+04
9.953005902917072545e-01,5.051900000000000000e+04
9.953579001661986281e-01,5.053800000000000000e+04
9.954152100406900017e-01,5.088700000000000000e+04
9.954725199151813753e-01,5.091200000000000000e+04
9.955298297896727489e-01,5.094200000000000000e+04
9.955871396641641224e-01,5.127700000000000000e+04
9.956444495386554960e-01,5.155300000000000000e+04
9.957017594131468696e-01,5.189200000000000000e+04
9.957590692876382432e-01,5.248400000000000000e+04
9.958163791621296168e-01,5.274500000000000000e+04
9.958736890366209904e-01,5.287000000000000000e+04
9.959309989111123640e-01,5.423200000000000000e+04
9.959883087856037376e-01,5.455500000000000000e+04
9.960456186600951112e-01,5.465700000000000000e+04
9.961029285345864848e-01,5.490100000000000000e+04
9.961602384090778584e-01,5.492800000000000000e+04
9.962175482835692319e-01,5.493300000000000000e+04
9.962748581580606055e-01,5.577100000000000000e+04
9.963321680325519791e-01,5.638000000000000000e+04
9.963894779070433527e-01,5.649200000000000000e+04
9.964467877815348373e-01,5.671600000000000000e+04
9.965040976560262109e-01,5.682900000000000000e+04
9.965614075305175845e-01,5.700300000000000000e+04
9.966187174050089581e-01,5.715600000000000000e+04
9.966760272795003317e-01,5.719400000000000000e+04
9.967333371539917053e-01,5.818100000000000000e+04
9.967906470284830789e-01,5.839800000000000000e+04
9.968479569029744525e-01,5.845100000000000000e+04
9.969052667774658261e-01,5.900200000000000000e+04
9.969625766519571997e-01,5.995400000000000000e+04
9.970198865264485732e-01,6.032300000000000000e+04
9.970771964009399468e-01,6.094500000000000000e+04
9.971345062754313204e-01,6.239800000000000000e+04
9.971918161499226940e-01,6.273400000000000000e+04
9.972491260244140676e-01,6.286900000000000000e+04
9.973064358989054412e-01,6.329300000000000000e+04
9.973637457733968148e-01,6.389300000000000000e+04
9.974210556478881884e-01,6.408500000000000000e+04
9.974783655223795620e-01,6.425300000000000000e+04
9.975356753968709356e-01,6.612100000000000000e+04
9.975929852713623092e-01,6.649200000000000000e+04
9.976502951458536828e-01,6.709500000000000000e+04
9.977076050203450563e-01,6.724100000000000000e+04
9.977649148948364299e-01,7.175300000000000000e+04
9.978222247693278035e-01,7.194900000000000000e+04
9.978795346438191771e-01,7.211000000000000000e+04
9.979368445183105507e-01,7.216500000000000000e+04
9.979941543928019243e-01,7.281400000000000000e+04
9.980514642672932979e-01,7.508600000000000000e+04
9.981087741417846715e-01,7.603200000000000000e+04
9.981660840162760451e-01,7.648600000000000000e+04
9.982233938907674187e-01,7.649300000000000000e+04
9.982807037652587923e-01,7.692400000000000000e+04
9.983380136397501659e-01,7.703300000000000000e+04
9.983953235142415394e-01,8.234600000000000000e+04
9.984526333887329130e-01,8.444000000000000000e+04
9.985099432632242866e-01,8.452600000000000000e+04
9.985672531377156602e-01,8.455900000000000000e+04
9.986245630122070338e-01,8.695000000000000000e+04
9.986818728866984074e-01,8.824700000000000000e+04
9.987391827611897810e-01,8.898500000000000000e+04
9.987964926356811546e-01,8.901500000000000000e+04
9.988538025101725282e-01,8.938500000000000000e+04
9.989111123846639018e-01,9.079400000000000000e+04
9.989684222591552754e-01,9.192100000000000000e+04
9.990257321336466489e-01,9.418200000000000000e+04
9.990830420081380225e-01,9.509400000000000000e+04
9.991403518826293961e-01,9.588000000000000000e+04
9.991976617571207697e-01,9.989200000000000000e+04
9.992549716316121433e-01,1.077720000000000000e+05
9.993122815061035169e-01,1.098140000000000000e+05
9.993695913805948905e-01,1.106310000000000000e+05
9.994269012550862641e-01,1.129610000000000000e+05
9.994842111295776377e-01,1.169270000000000000e+05
9.995415210040690113e-01,1.171750000000000000e+05
9.995988308785603849e-01,1.234130000000000000e+05
9.996561407530517585e-01,1.244000000000000000e+05
9.997134506275431320e-01,1.258580000000000000e+05
9.997707605020345056e-01,1.401860000000000000e+05
9.998280703765258792e-01,1.563470000000000000e+05
9.998853802510172528e-01,2.108950000000000000e+05
9.999426901255086264e-01,2.156810000000000000e+05
1.000000000000000000e+00,2.219580000000000000e+05
