0.000000000000000000e+00,2.000000000000000000e+00
1.214919207872676470e-04,2.000000000000000000e+00
2.429838415745352940e-04,2.000000000000000000e+00
3.644757623618029275e-04,3.000000000000000000e+00
4.859676831490705880e-04,4.000000000000000000e+00
6.074596039363381944e-04,5.000000000000000000e+00
7.289515247236058549e-04,5.000000000000000000e+00
8.504434455108735155e-04,6.000000000000000000e+00
9.719353662981411760e-04,6.000000000000000000e+00
1.093427287085408728e-03,7.000000000000000000e+00
1.214919207872676389e-03,9.000000000000000000e+00
1.336411128659944049e-03,9.000000000000000000e+00
1.457903049447211710e-03,9.000000000000000000e+00
1.579394970234479370e-03,1.000000000000000000e+01
1.700886891021747031e-03,1.100000000000000000e+01
1.822378811809014692e-03,1.200000000000000000e+01
1.943870732596282352e-03,1.500000000000000000e+01
2.065362653383549796e-03,1.500000000000000000e+01
2.186854574170817456e-03,1.500000000000000000e+01
2.308346494958085117e-03,1.700000000000000000e+01
2.429838415745352777e-03,1.800000000000000000e+01
2.551330336532620438e-03,2.000000000000000000e+01
2.672822257319888099e-03,2.000000000000000000e+01
2.794314178107155759e-03,2.000000000000000000e+01
2.915806098894423420e-03,2.100000000000000000e+01
3.037298019681691080e-03,2.100000000000000000e+01
3.158789940468958741e-03,2.100000000000000000e+01
3.280281861256226401e-03,2.200000000000000000e+01
3.401773782043494062e-03,2.300000000000000000e+01
3.523265702830761723e-03,2.400000000000000000e+01
3.644757623618029383e-03,2.500000000000000000e+01
3.766249544405297044e-03,2.600000000000000000e+01
3.887741465192564704e-03,2.700000000000000000e+01
4.009233385979832365e-03,2.700000000000000000e+01
4.130725306767099592e-03,2.700000000000000000e+01
4.252217227554367686e-03,2.700000000000000000e+01
4.373709148341634913e-03,2.900000000000000000e+01
4.495201069128903007e-03,2.900000000000000000e+01
4.616692989916170234e-03,3.100000000000000000e+01
4.738184910703438328e-03,3.100000000000000000e+01
4.859676831490705555e-03,3.200000000000000000e+01
4.981168752277973649e-03,3.200000000000000000e+01
5.102660673065240876e-03,3.300000000000000000e+01
5.224152593852508970e-03,3.400000000000000000e+01
5.345644514639776197e-03,3.400000000000000000e+01
5.467136435427044291e-03,3.400000000000000000e+01
5.588628356214311518e-03,3.400000000000000000e+01
5.710120277001579613e-03,3.400000000000000000e+01
5.831612197788846839e-03,3.400000000000000000e+01
5.953104118576114934e-03,3.500000000000000000e+01
6.074596039363382161e-03,3.500000000000000000e+01
6.196087960150650255e-03,3.500000000000000000e+01
6.317579880937917482e-03,3.600000000000000000e+01
6.439071801725185576e-03,3.600000000000000000e+01
6.560563722512452803e-03,3.700000000000000000e+01
6.682055643299720897e-03,3.700000000000000000e+01
6.803547564086988124e-03,3.800000000000000000e+01
6.925039484874256218e-03,3.900000000000000000e+01
7.046531405661523445e-03,3.900000000000000000e+01
7.168023326448791539e-03,3.900000000000000000e+01
7.289515247236058766e-03,4.000000000000000000e+01
7.411007168023326860e-03,4.000000000000000000e+01
7.532499088810594087e-03,4.100000000000000000e+01
7.653991009597862182e-03,4.100000000000000000e+01
7.775482930385129408e-03,4.200000000000000000e+01
7.896974851172397503e-03,4.200000000000000000e+01
8.018466771959664730e-03,4.200000000000000000e+01
8.139958692746931956e-03,4.300000000000000000e+01
8.261450613534199183e-03,4.300000000000000000e+01
8.382942534321468145e-03,4.300000000000000000e+01
8.504434455108735372e-03,4.300000000000000000e+01
8.625926375896002599e-03,4.400000000000000000e+01
8.747418296683269825e-03,4.400000000000000000e+01
8.868910217470538787e-03,4.400000000000000000e+01
8.990402138257806014e-03,4.400000000000000000e+01
9.111894059045073241e-03,4.500000000000000000e+01
9.233385979832340468e-03,4.500000000000000000e+01
9.354877900619609429e-03,4.500000000000000000e+01
9.476369821406876656e-03,4.500000000000000000e+01
9.597861742194143883e-03,4.600000000000000000e+01
9.719353662981411110e-03,4.600000000000000000e+01
9.840845583768680072e-03,4.600000000000000000e+01
9.962337504555947298e-03,4.600000000000000000e+01
1.008382942534321453e-02,4.600000000000000000e+01
1.020532134613048175e-02,4.700000000000000000e+01
1.032681326691775071e-02,4.700000000000000000e+01
1.044830518770501794e-02,4.800000000000000000e+01
1.056979710849228517e-02,4.800000000000000000e+01
1.069128902927955239e-02,4.800000000000000000e+01
1.081278095006682136e-02,4.900000000000000000e+01
1.093427287085408858e-02,4.900000000000000000e+01
1.105576479164135581e-02,5.000000000000000000e+01
1.117725671242862304e-02,5.000000000000000000e+01
1.129874863321589200e-02,5.000000000000000000e+01
1.142024055400315923e-02,5.000000000000000000e+01
1.154173247479042645e-02,5.100000000000000000e+01
1.166322439557769368e-02,5.200000000000000000e+01
1.178471631636496091e-02,5.200000000000000000e+01
1.190620823715222987e-02,5.300000000000000000e+01
1.202770015793949709e-02,5.300000000000000000e+01
1.214919207872676432e-02,5.300000000000000000e+01
1.227068399951403155e-02,5.400000000000000000e+01
1.239217592030130051e-02,5.400000000000000000e+01
1.251366784108856774e-02,5.400000000000000000e+01
1.263515976187583496e-02,5.500000000000000000e+01
1.275665168266310219e-02,5.500000000000000000e+01
1.287814360345037115e-02,5.600000000000000000e+01
1.299963552423763838e-02,5.600000000000000000e+01
1.312112744502490561e-02,5.600000000000000000e+01
1.324261936581217283e-02,5.600000000000000000e+01
1.336411128659944179e-02,5.700000000000000000e+01
1.348560320738670902e-02,5.700000000000000000e+01
1.360709512817397625e-02,5.700000000000000000e+01
1.372858704896124347e-02,5.700000000000000000e+01
1.385007896974851244e-02,5.700000000000000000e+01
1.397157089053577966e-02,5.700000000000000000e+01
1.409306281132304689e-02,5.700000000000000000e+01
1.421455473211031412e-02,5.700000000000000000e+01
1.433604665289758308e-02,5.800000000000000000e+01
1.445753857368485031e-02,5.800000000000000000e+01
1.457903049447211753e-02,5.900000000000000000e+01
1.470052241525938476e-02,6.000000000000000000e+01
1.482201433604665372e-02,6.000000000000000000e+01
1.494350625683392095e-02,6.100000000000000000e+01
1.506499817762118817e-02,6.100000000000000000e+01
1.518649009840845540e-02,6.100000000000000000e+01
1.530798201919572436e-02,6.200000000000000000e+01
1.542947393998299159e-02,6.300000000000000000e+01
1.555096586077025882e-02,6.400000000000000000e+01
1.567245778155752778e-02,6.400000000000000000e+01
1.579394970234479501e-02,6.400000000000000000e+01
1.591544162313206223e-02,6.400000000000000000e+01
1.603693354391932946e-02,6.500000000000000000e+01
1.615842546470659669e-02,6.500000000000000000e+01
1.627991738549386391e-02,6.600000000000000000e+01
1.640140930628113114e-02,6.600000000000000000e+01
1.652290122706839837e-02,6.800000000000000000e+01
1.664439314785566906e-02,6.900000000000000000e+01
1.676588506864293629e-02,6.900000000000000000e+01
1.688737698943020352e-02,7.000000000000000000e+01
1.700886891021747074e-02,7.200000000000000000e+01
1.713036083100473797e-02,7.300000000000000000e+01
1.725185275179200520e-02,7.300000000000000000e+01
1.737334467257927242e-02,7.500000000000000000e+01
1.749483659336653965e-02,7.500000000000000000e+01
1.761632851415381035e-02,7.600000000000000000e+01
1.773782043494107757e-02,7.700000000000000000e+01
1.785931235572834480e-02,7.700000000000000000e+01
1.798080427651561203e-02,7.700000000000000000e+01
1.810229619730287925e-02,7.800000000000000000e+01
1.822378811809014648e-02,7.800000000000000000e+01
1.834528003887741371e-02,7.800000000000000000e+01
1.846677195966468094e-02,7.800000000000000000e+01
1.858826388045195163e-02,7.800000000000000000e+01
1.870975580123921886e-02,7.800000000000000000e+01
1.883124772202648609e-02,8.000000000000000000e+01
1.895273964281375331e-02,8.000000000000000000e+01
1.907423156360102054e-02,8.200000000000000000e+01
1.919572348438828777e-02,8.200000000000000000e+01
1.931721540517555499e-02,8.400000000000000000e+01
1.943870732596282222e-02,8.400000000000000000e+01
1.956019924675008945e-02,8.500000000000000000e+01
1.968169116753736014e-02,8.500000000000000000e+01
1.980318308832462737e-02,8.500000000000000000e+01
1.992467500911189460e-02,8.500000000000000000e+01
2.004616692989916182e-02,8.700000000000000000e+01
2.016765885068642905e-02,8.700000000000000000e+01
2.028915077147369628e-02,9.000000000000000000e+01
2.041064269226096350e-02,9.200000000000000000e+01
2.053213461304823073e-02,9.200000000000000000e+01
2.065362653383550143e-02,9.200000000000000000e+01
2.077511845462276865e-02,9.300000000000000000e+01
2.089661037541003588e-02,9.400000000000000000e+01
2.101810229619730311e-02,9.400000000000000000e+01
2.113959421698457034e-02,9.400000000000000000e+01
2.126108613777183756e-02,9.400000000000000000e+01
2.138257805855910479e-02,9.500000000000000000e+01
2.150406997934637202e-02,9.600000000000000000e+01
2.162556190013364271e-02,9.600000000000000000e+01
2.174705382092090994e-02,9.800000000000000000e+01
2.186854574170817717e-02,9.900000000000000000e+01
2.199003766249544439e-02,9.900000000000000000e+01
2.211152958328271162e-02,9.900000000000000000e+01
2.223302150406997885e-02,1.000000000000000000e+02
2.235451342485724607e-02,1.000000000000000000e+02
2.247600534564451330e-02,1.000000000000000000e+02
2.259749726643178400e-02,1.010000000000000000e+02
2.271898918721905122e-02,1.010000000000000000e+02
2.284048110800631845e-02,1.020000000000000000e+02
2.296197302879358568e-02,1.020000000000000000e+02
2.308346494958085290e-02,1.020000000000000000e+02
2.320495687036812013e-02,1.030000000000000000e+02
2.332644879115538736e-02,1.030000000000000000e+02
2.344794071194265458e-02,1.050000000000000000e+02
2.356943263272992181e-02,1.050000000000000000e+02
2.369092455351719251e-02,1.060000000000000000e+02
2.381241647430445973e-02,1.060000000000000000e+02
2.393390839509172696e-02,1.060000000000000000e+02
2.405540031587899419e-02,1.060000000000000000e+02
2.417689223666626142e-02,1.080000000000000000e+02
2.429838415745352864e-02,1.080000000000000000e+02
2.441987607824079587e-02,1.080000000000000000e+02
2.454136799902806310e-02,1.090000000000000000e+02
2.466285991981533379e-02,1.090000000000000000e+02
2.478435184060260102e-02,1.090000000000000000e+02
2.490584376138986825e-02,1.100000000000000000e+02
2.502733568217713547e-02,1.110000000000000000e+02
2.514882760296440270e-02,1.110000000000000000e+02
2.527031952375166993e-02,1.120000000000000000e+02
2.539181144453893715e-02,1.120000000000000000e+02
2.551330336532620438e-02,1.130000000000000000e+02
2.563479528611347508e-02,1.140000000000000000e+02
2.575628720690074230e-02,1.140000000000000000e+02
2.587777912768800953e-02,1.150000000000000000e+02
2.599927104847527676e-02,1.160000000000000000e+02
2.612076296926254398e-02,1.170000000000000000e+02
2.624225489004981121e-02,1.170000000000000000e+02
2.636374681083707844e-02,1.180000000000000000e+02
2.648523873162434566e-02,1.180000000000000000e+02
2.660673065241161636e-02,1.190000000000000000e+02
2.672822257319888359e-02,1.200000000000000000e+02
2.684971449398615082e-02,1.200000000000000000e+02
2.697120641477341804e-02,1.210000000000000000e+02
2.709269833556068527e-02,1.210000000000000000e+02
2.721419025634795250e-02,1.220000000000000000e+02
2.733568217713521972e-02,1.230000000000000000e+02
2.745717409792248695e-02,1.230000000000000000e+02
2.757866601870975418e-02,1.240000000000000000e+02
2.770015793949702487e-02,1.240000000000000000e+02
2.782164986028429210e-02,1.240000000000000000e+02
2.794314178107155933e-02,1.250000000000000000e+02
2.806463370185882655e-02,1.260000000000000000e+02
2.818612562264609378e-02,1.260000000000000000e+02
2.830761754343336101e-02,1.270000000000000000e+02
2.842910946422062823e-02,1.270000000000000000e+02
2.855060138500789546e-02,1.270000000000000000e+02
2.867209330579516616e-02,1.280000000000000000e+02
2.879358522658243338e-02,1.280000000000000000e+02
2.891507714736970061e-02,1.280000000000000000e+02
2.903656906815696784e-02,1.290000000000000000e+02
2.915806098894423506e-02,1.290000000000000000e+02
2.927955290973150229e-02,1.300000000000000000e+02
2.940104483051876952e-02,1.300000000000000000e+02
2.952253675130603675e-02,1.300000000000000000e+02
2.964402867209330744e-02,1.310000000000000000e+02
2.976552059288057467e-02,1.310000000000000000e+02
2.988701251366784190e-02,1.310000000000000000e+02
3.000850443445510912e-02,1.320000000000000000e+02
3.012999635524237635e-02,1.320000000000000000e+02
3.025148827602964358e-02,1.320000000000000000e+02
3.037298019681691080e-02,1.330000000000000000e+02
3.049447211760417803e-02,1.330000000000000000e+02
3.061596403839144873e-02,1.350000000000000000e+02
3.073745595917871595e-02,1.360000000000000000e+02
3.085894787996598318e-02,1.370000000000000000e+02
3.098043980075325041e-02,1.370000000000000000e+02
3.110193172154051763e-02,1.370000000000000000e+02
3.122342364232778486e-02,1.380000000000000000e+02
3.134491556311505556e-02,1.380000000000000000e+02
3.146640748390232278e-02,1.380000000000000000e+02
3.158789940468959001e-02,1.390000000000000000e+02
3.170939132547685724e-02,1.390000000000000000e+02
3.183088324626412446e-02,1.390000000000000000e+02
3.195237516705139169e-02,1.400000000000000000e+02
3.207386708783865892e-02,1.400000000000000000e+02
3.219535900862592614e-02,1.410000000000000000e+02
3.231685092941319337e-02,1.410000000000000000e+02
3.243834285020046060e-02,1.410000000000000000e+02
3.255983477098772783e-02,1.410000000000000000e+02
3.268132669177499505e-02,1.420000000000000000e+02
3.280281861256226228e-02,1.420000000000000000e+02
3.292431053334952951e-02,1.440000000000000000e+02
3.304580245413679673e-02,1.460000000000000000e+02
3.316729437492407090e-02,1.460000000000000000e+02
3.328878629571133813e-02,1.470000000000000000e+02
3.341027821649860535e-02,1.470000000000000000e+02
3.353177013728587258e-02,1.470000000000000000e+02
3.365326205807313981e-02,1.470000000000000000e+02
3.377475397886040703e-02,1.480000000000000000e+02
3.389624589964767426e-02,1.480000000000000000e+02
3.401773782043494149e-02,1.500000000000000000e+02
3.413922974122220871e-02,1.510000000000000000e+02
3.426072166200947594e-02,1.510000000000000000e+02
3.438221358279674317e-02,1.510000000000000000e+02
3.450370550358401039e-02,1.510000000000000000e+02
3.462519742437127762e-02,1.520000000000000000e+02
3.474668934515854485e-02,1.530000000000000000e+02
3.486818126594581208e-02,1.530000000000000000e+02
3.498967318673307930e-02,1.530000000000000000e+02
3.511116510752034653e-02,1.530000000000000000e+02
3.523265702830762069e-02,1.550000000000000000e+02
3.535414894909488792e-02,1.550000000000000000e+02
3.547564086988215515e-02,1.560000000000000000e+02
3.559713279066942238e-02,1.560000000000000000e+02
3.571862471145668960e-02,1.570000000000000000e+02
3.584011663224395683e-02,1.570000000000000000e+02
3.596160855303122406e-02,1.580000000000000000e+02
3.608310047381849128e-02,1.580000000000000000e+02
3.620459239460575851e-02,1.580000000000000000e+02
3.632608431539302574e-02,1.580000000000000000e+02
3.644757623618029296e-02,1.590000000000000000e+02
3.656906815696756019e-02,1.590000000000000000e+02
3.669056007775482742e-02,1.600000000000000000e+02
3.681205199854209464e-02,1.600000000000000000e+02
3.693354391932936187e-02,1.610000000000000000e+02
3.705503584011662910e-02,1.610000000000000000e+02
3.717652776090390326e-02,1.610000000000000000e+02
3.729801968169117049e-02,1.610000000000000000e+02
3.741951160247843772e-02,1.610000000000000000e+02
3.754100352326570494e-02,1.610000000000000000e+02
3.766249544405297217e-02,1.630000000000000000e+02
3.778398736484023940e-02,1.630000000000000000e+02
3.790547928562750662e-02,1.630000000000000000e+02
3.802697120641477385e-02,1.640000000000000000e+02
3.814846312720204108e-02,1.660000000000000000e+02
3.826995504798930831e-02,1.660000000000000000e+02
3.839144696877657553e-02,1.680000000000000000e+02
3.851293888956384276e-02,1.680000000000000000e+02
3.863443081035110999e-02,1.690000000000000000e+02
3.875592273113837721e-02,1.700000000000000000e+02
3.887741465192564444e-02,1.700000000000000000e+02
3.899890657271291167e-02,1.710000000000000000e+02
3.912039849350017889e-02,1.720000000000000000e+02
3.924189041428745306e-02,1.730000000000000000e+02
3.936338233507472029e-02,1.730000000000000000e+02
3.948487425586198751e-02,1.730000000000000000e+02
3.960636617664925474e-02,1.740000000000000000e+02
3.972785809743652197e-02,1.740000000000000000e+02
3.984935001822378919e-02,1.740000000000000000e+02
3.997084193901105642e-02,1.740000000000000000e+02
4.009233385979832365e-02,1.740000000000000000e+02
4.021382578058559087e-02,1.740000000000000000e+02
4.033531770137285810e-02,1.740000000000000000e+02
4.045680962216012533e-02,1.740000000000000000e+02
4.057830154294739256e-02,1.750000000000000000e+02
4.069979346373465978e-02,1.750000000000000000e+02
4.082128538452192701e-02,1.750000000000000000e+02
4.094277730530919424e-02,1.750000000000000000e+02
4.106426922609646146e-02,1.760000000000000000e+02
4.118576114688373563e-02,1.770000000000000000e+02
4.130725306767100286e-02,1.790000000000000000e+02
4.142874498845827008e-02,1.790000000000000000e+02
4.155023690924553731e-02,1.800000000000000000e+02
4.167172883003280454e-02,1.820000000000000000e+02
4.179322075082007176e-02,1.830000000000000000e+02
4.191471267160733899e-02,1.830000000000000000e+02
4.203620459239460622e-02,1.830000000000000000e+02
4.215769651318187344e-02,1.840000000000000000e+02
4.227918843396914067e-02,1.840000000000000000e+02
4.240068035475640790e-02,1.850000000000000000e+02
4.252217227554367512e-02,1.850000000000000000e+02
4.264366419633094235e-02,1.860000000000000000e+02
4.276515611711820958e-02,1.860000000000000000e+02
4.288664803790547680e-02,1.870000000000000000e+02
4.300813995869274403e-02,1.870000000000000000e+02
4.312963187948001126e-02,1.880000000000000000e+02
4.325112380026728542e-02,1.890000000000000000e+02
4.337261572105455265e-02,1.890000000000000000e+02
4.349410764184181988e-02,1.890000000000000000e+02
4.361559956262908710e-02,1.900000000000000000e+02
4.373709148341635433e-02,1.900000000000000000e+02
4.385858340420362156e-02,1.900000000000000000e+02
4.398007532499088879e-02,1.920000000000000000e+02
4.410156724577815601e-02,1.920000000000000000e+02
4.422305916656542324e-02,1.920000000000000000e+02
4.434455108735269047e-02,1.930000000000000000e+02
4.446604300813995769e-02,1.930000000000000000e+02
4.458753492892722492e-02,1.930000000000000000e+02
4.470902684971449215e-02,1.930000000000000000e+02
4.483051877050175937e-02,1.930000000000000000e+02
4.495201069128902660e-02,1.940000000000000000e+02
4.507350261207629383e-02,1.940000000000000000e+02
4.519499453286356799e-02,1.940000000000000000e+02
4.531648645365083522e-02,1.960000000000000000e+02
4.543797837443810245e-02,1.960000000000000000e+02
4.555947029522536967e-02,1.960000000000000000e+02
4.568096221601263690e-02,1.970000000000000000e+02
4.580245413679990413e-02,1.970000000000000000e+02
4.592394605758717135e-02,1.970000000000000000e+02
4.604543797837443858e-02,1.970000000000000000e+02
4.616692989916170581e-02,1.970000000000000000e+02
4.628842181994897303e-02,1.980000000000000000e+02
4.640991374073624026e-02,1.990000000000000000e+02
4.653140566152350749e-02,2.000000000000000000e+02
4.665289758231077472e-02,2.010000000000000000e+02
4.677438950309804194e-02,2.010000000000000000e+02
4.689588142388530917e-02,2.020000000000000000e+02
4.701737334467257640e-02,2.030000000000000000e+02
4.713886526545984362e-02,2.030000000000000000e+02
4.726035718624711779e-02,2.040000000000000000e+02
4.738184910703438502e-02,2.040000000000000000e+02
4.750334102782165224e-02,2.040000000000000000e+02
4.762483294860891947e-02,2.040000000000000000e+02
4.774632486939618670e-02,2.040000000000000000e+02
4.786781679018345392e-02,2.040000000000000000e+02
4.798930871097072115e-02,2.050000000000000000e+02
4.811080063175798838e-02,2.050000000000000000e+02
4.823229255254525560e-02,2.060000000000000000e+02
4.835378447333252283e-02,2.070000000000000000e+02
4.847527639411979006e-02,2.070000000000000000e+02
4.859676831490705728e-02,2.090000000000000000e+02
4.871826023569432451e-02,2.110000000000000000e+02
4.883975215648159174e-02,2.120000000000000000e+02
4.896124407726885897e-02,2.130000000000000000e+02
4.908273599805612619e-02,2.130000000000000000e+02
4.920422791884340036e-02,2.140000000000000000e+02
4.932571983963066758e-02,2.140000000000000000e+02
4.944721176041793481e-02,2.140000000000000000e+02
4.956870368120520204e-02,2.150000000000000000e+02
4.969019560199246927e-02,2.150000000000000000e+02
4.981168752277973649e-02,2.150000000000000000e+02
4.993317944356700372e-02,2.170000000000000000e+02
5.005467136435427095e-02,2.180000000000000000e+02
5.017616328514153817e-02,2.180000000000000000e+02
5.029765520592880540e-02,2.180000000000000000e+02
5.041914712671607263e-02,2.180000000000000000e+02
5.054063904750333985e-02,2.180000000000000000e+02
5.066213096829060708e-02,2.200000000000000000e+02
5.078362288907787431e-02,2.210000000000000000e+02
5.090511480986514153e-02,2.210000000000000000e+02
5.102660673065240876e-02,2.210000000000000000e+02
5.114809865143967599e-02,2.220000000000000000e+02
5.126959057222695015e-02,2.220000000000000000e+02
5.139108249301421738e-02,2.220000000000000000e+02
5.151257441380148461e-02,2.220000000000000000e+02
5.163406633458875183e-02,2.230000000000000000e+02
5.175555825537601906e-02,2.230000000000000000e+02
5.187705017616328629e-02,2.240000000000000000e+02
5.199854209695055351e-02,2.240000000000000000e+02
5.212003401773782074e-02,2.250000000000000000e+02
5.224152593852508797e-02,2.260000000000000000e+02
5.236301785931235520e-02,2.280000000000000000e+02
5.248450978009962242e-02,2.280000000000000000e+02
5.260600170088688965e-02,2.280000000000000000e+02
5.272749362167415688e-02,2.280000000000000000e+02
5.284898554246142410e-02,2.280000000000000000e+02
5.297047746324869133e-02,2.290000000000000000e+02
5.309196938403595856e-02,2.300000000000000000e+02
5.321346130482323272e-02,2.300000000000000000e+02
5.333495322561049995e-02,2.300000000000000000e+02
5.345644514639776718e-02,2.300000000000000000e+02
5.357793706718503440e-02,2.310000000000000000e+02
5.369942898797230163e-02,2.310000000000000000e+02
5.382092090875956886e-02,2.320000000000000000e+02
5.394241282954683608e-02,2.330000000000000000e+02
5.406390475033410331e-02,2.330000000000000000e+02
5.418539667112137054e-02,2.340000000000000000e+02
5.430688859190863776e-02,2.350000000000000000e+02
5.442838051269590499e-02,2.350000000000000000e+02
5.454987243348317222e-02,2.350000000000000000e+02
5.467136435427043945e-02,2.360000000000000000e+02
5.479285627505770667e-02,2.360000000000000000e+02
5.491434819584497390e-02,2.370000000000000000e+02
5.503584011663224113e-02,2.380000000000000000e+02
5.515733203741950835e-02,2.380000000000000000e+02
5.527882395820678252e-02,2.390000000000000000e+02
5.540031587899404975e-02,2.400000000000000000e+02
5.552180779978131697e-02,2.410000000000000000e+02
5.564329972056858420e-02,2.410000000000000000e+02
5.576479164135585143e-02,2.410000000000000000e+02
5.588628356214311865e-02,2.410000000000000000e+02
5.600777548293038588e-02,2.420000000000000000e+02
5.612926740371765311e-02,2.430000000000000000e+02
5.625075932450492033e-02,2.430000000000000000e+02
5.637225124529218756e-02,2.440000000000000000e+02
5.649374316607945479e-02,2.440000000000000000e+02
5.661523508686672201e-02,2.440000000000000000e+02
5.673672700765398924e-02,2.440000000000000000e+02
5.685821892844125647e-02,2.450000000000000000e+02
5.697971084922852369e-02,2.450000000000000000e+02
5.710120277001579092e-02,2.450000000000000000e+02
5.722269469080306509e-02,2.460000000000000000e+02
5.734418661159033231e-02,2.460000000000000000e+02
5.746567853237759954e-02,2.460000000000000000e+02
5.758717045316486677e-02,2.470000000000000000e+02
5.770866237395213399e-02,2.470000000000000000e+02
5.783015429473940122e-02,2.490000000000000000e+02
5.795164621552666845e-02,2.490000000000000000e+02
5.807313813631393568e-02,2.490000000000000000e+02
5.819463005710120290e-02,2.500000000000000000e+02
5.831612197788847013e-02,2.510000000000000000e+02
5.843761389867573736e-02,2.520000000000000000e+02
5.855910581946300458e-02,2.530000000000000000e+02
5.868059774025027181e-02,2.530000000000000000e+02
5.880208966103753904e-02,2.540000000000000000e+02
5.892358158182480626e-02,2.550000000000000000e+02
5.904507350261207349e-02,2.550000000000000000e+02
5.916656542339934072e-02,2.550000000000000000e+02
5.928805734418661488e-02,2.560000000000000000e+02
5.940954926497388211e-02,2.560000000000000000e+02
5.953104118576114934e-02,2.560000000000000000e+02
5.965253310654841656e-02,2.560000000000000000e+02
5.977402502733568379e-02,2.560000000000000000e+02
5.989551694812295102e-02,2.570000000000000000e+02
6.001700886891021824e-02,2.570000000000000000e+02
6.013850078969748547e-02,2.570000000000000000e+02
6.025999271048475270e-02,2.570000000000000000e+02
6.038148463127201993e-02,2.570000000000000000e+02
6.050297655205928715e-02,2.580000000000000000e+02
6.062446847284655438e-02,2.580000000000000000e+02
6.074596039363382161e-02,2.590000000000000000e+02
6.086745231442108883e-02,2.590000000000000000e+02
6.098894423520835606e-02,2.600000000000000000e+02
6.111043615599562329e-02,2.610000000000000000e+02
6.123192807678289745e-02,2.610000000000000000e+02
6.135341999757016468e-02,2.620000000000000000e+02
6.147491191835743191e-02,2.630000000000000000e+02
6.159640383914469913e-02,2.630000000000000000e+02
6.171789575993196636e-02,2.640000000000000000e+02
6.183938768071923359e-02,2.650000000000000000e+02
6.196087960150650081e-02,2.650000000000000000e+02
6.208237152229376804e-02,2.660000000000000000e+02
6.220386344308103527e-02,2.670000000000000000e+02
6.232535536386830249e-02,2.670000000000000000e+02
6.244684728465556972e-02,2.680000000000000000e+02
6.256833920544284389e-02,2.680000000000000000e+02
6.268983112623011111e-02,2.690000000000000000e+02
6.281132304701737834e-02,2.690000000000000000e+02
6.293281496780464557e-02,2.690000000000000000e+02
6.305430688859191279e-02,2.700000000000000000e+02
6.317579880937918002e-02,2.700000000000000000e+02
6.329729073016644725e-02,2.710000000000000000e+02
6.341878265095371447e-02,2.720000000000000000e+02
6.354027457174098170e-02,2.730000000000000000e+02
6.366176649252824893e-02,2.730000000000000000e+02
6.378325841331551616e-02,2.730000000000000000e+02
6.390475033410278338e-02,2.730000000000000000e+02
6.402624225489005061e-02,2.740000000000000000e+02
6.414773417567731784e-02,2.740000000000000000e+02
6.426922609646458506e-02,2.750000000000000000e+02
6.439071801725185229e-02,2.750000000000000000e+02
6.451220993803911952e-02,2.750000000000000000e+02
6.463370185882638674e-02,2.750000000000000000e+02
6.475519377961365397e-02,2.750000000000000000e+02
6.487668570040092120e-02,2.760000000000000000e+02
6.499817762118818842e-02,2.760000000000000000e+02
6.511966954197545565e-02,2.760000000000000000e+02
6.524116146276272288e-02,2.770000000000000000e+02
6.536265338354999010e-02,2.780000000000000000e+02
6.548414530433725733e-02,2.790000000000000000e+02
6.560563722512452456e-02,2.790000000000000000e+02
6.572712914591179179e-02,2.800000000000000000e+02
6.584862106669905901e-02,2.800000000000000000e+02
6.597011298748632624e-02,2.800000000000000000e+02
6.609160490827359347e-02,2.800000000000000000e+02
6.621309682906086069e-02,2.810000000000000000e+02
6.633458874984814180e-02,2.810000000000000000e+02
6.645608067063540902e-02,2.810000000000000000e+02
6.657757259142267625e-02,2.810000000000000000e+02
6.669906451220994348e-02,2.820000000000000000e+02
6.682055643299721071e-02,2.820000000000000000e+02
6.694204835378447793e-02,2.820000000000000000e+02
6.706354027457174516e-02,2.830000000000000000e+02
6.718503219535901239e-02,2.830000000000000000e+02
6.730652411614627961e-02,2.830000000000000000e+02
6.742801603693354684e-02,2.840000000000000000e+02
6.754950795772081407e-02,2.850000000000000000e+02
6.767099987850808129e-02,2.850000000000000000e+02
6.779249179929534852e-02,2.850000000000000000e+02
6.791398372008261575e-02,2.860000000000000000e+02
6.803547564086988297e-02,2.860000000000000000e+02
6.815696756165715020e-02,2.870000000000000000e+02
6.827845948244441743e-02,2.880000000000000000e+02
6.839995140323168465e-02,2.880000000000000000e+02
6.852144332401895188e-02,2.890000000000000000e+02
6.864293524480621911e-02,2.890000000000000000e+02
6.876442716559348634e-02,2.890000000000000000e+02
6.888591908638075356e-02,2.910000000000000000e+02
6.900741100716802079e-02,2.910000000000000000e+02
6.912890292795528802e-02,2.920000000000000000e+02
6.925039484874255524e-02,2.920000000000000000e+02
6.937188676952982247e-02,2.930000000000000000e+02
6.949337869031708970e-02,2.930000000000000000e+02
6.961487061110435692e-02,2.930000000000000000e+02
6.973636253189162415e-02,2.940000000000000000e+02
6.985785445267889138e-02,2.940000000000000000e+02
6.997934637346615860e-02,2.940000000000000000e+02
7.010083829425342583e-02,2.950000000000000000e+02
7.022233021504069306e-02,2.950000000000000000e+02
7.034382213582797416e-02,2.970000000000000000e+02
7.046531405661524139e-02,2.970000000000000000e+02
7.058680597740250862e-02,2.980000000000000000e+02
7.070829789818977584e-02,2.990000000000000000e+02
7.082978981897704307e-02,2.990000000000000000e+02
7.095128173976431030e-02,2.990000000000000000e+02
7.107277366055157752e-02,2.990000000000000000e+02
7.119426558133884475e-02,3.000000000000000000e+02
7.131575750212611198e-02,3.000000000000000000e+02
7.143724942291337920e-02,3.010000000000000000e+02
7.155874134370064643e-02,3.010000000000000000e+02
7.168023326448791366e-02,3.010000000000000000e+02
7.180172518527518088e-02,3.020000000000000000e+02
7.192321710606244811e-02,3.030000000000000000e+02
7.204470902684971534e-02,3.030000000000000000e+02
7.216620094763698257e-02,3.050000000000000000e+02
7.228769286842424979e-02,3.060000000000000000e+02
7.240918478921151702e-02,3.060000000000000000e+02
7.253067670999878425e-02,3.060000000000000000e+02
7.265216863078605147e-02,3.060000000000000000e+02
7.277366055157331870e-02,3.070000000000000000e+02
7.289515247236058593e-02,3.080000000000000000e+02
7.301664439314785315e-02,3.080000000000000000e+02
7.313813631393512038e-02,3.080000000000000000e+02
7.325962823472238761e-02,3.090000000000000000e+02
7.338112015550965483e-02,3.100000000000000000e+02
7.350261207629692206e-02,3.100000000000000000e+02
7.362410399708418929e-02,3.100000000000000000e+02
7.374559591787145651e-02,3.100000000000000000e+02
7.386708783865872374e-02,3.100000000000000000e+02
7.398857975944599097e-02,3.110000000000000000e+02
7.411007168023325820e-02,3.110000000000000000e+02
7.423156360102052542e-02,3.120000000000000000e+02
7.435305552180780653e-02,3.120000000000000000e+02
7.447454744259507375e-02,3.140000000000000000e+02
7.459603936338234098e-02,3.140000000000000000e+02
7.471753128416960821e-02,3.140000000000000000e+02
7.483902320495687543e-02,3.140000000000000000e+02
7.496051512574414266e-02,3.150000000000000000e+02
7.508200704653140989e-02,3.150000000000000000e+02
7.520349896731867712e-02,3.150000000000000000e+02
7.532499088810594434e-02,3.170000000000000000e+02
7.544648280889321157e-02,3.170000000000000000e+02
7.556797472968047880e-02,3.170000000000000000e+02
7.568946665046774602e-02,3.170000000000000000e+02
7.581095857125501325e-02,3.170000000000000000e+02
7.593245049204228048e-02,3.180000000000000000e+02
7.605394241282954770e-02,3.200000000000000000e+02
7.617543433361681493e-02,3.210000000000000000e+02
7.629692625440408216e-02,3.220000000000000000e+02
7.641841817519134938e-02,3.220000000000000000e+02
7.653991009597861661e-02,3.230000000000000000e+02
7.666140201676588384e-02,3.230000000000000000e+02
7.678289393755315106e-02,3.230000000000000000e+02
7.690438585834041829e-02,3.240000000000000000e+02
7.702587777912768552e-02,3.260000000000000000e+02
7.714736969991495275e-02,3.270000000000000000e+02
7.726886162070221997e-02,3.280000000000000000e+02
7.739035354148948720e-02,3.290000000000000000e+02
7.751184546227675443e-02,3.290000000000000000e+02
7.763333738306402165e-02,3.290000000000000000e+02
7.775482930385128888e-02,3.290000000000000000e+02
7.787632122463855611e-02,3.300000000000000000e+02
7.799781314542582333e-02,3.310000000000000000e+02
7.811930506621309056e-02,3.330000000000000000e+02
7.824079698700035779e-02,3.330000000000000000e+02
7.836228890778763889e-02,3.340000000000000000e+02
7.848378082857490612e-02,3.340000000000000000e+02
7.860527274936217335e-02,3.350000000000000000e+02
7.872676467014944057e-02,3.350000000000000000e+02
7.884825659093670780e-02,3.370000000000000000e+02
7.896974851172397503e-02,3.380000000000000000e+02
7.909124043251124225e-02,3.380000000000000000e+02
7.921273235329850948e-02,3.380000000000000000e+02
7.933422427408577671e-02,3.380000000000000000e+02
7.945571619487304393e-02,3.380000000000000000e+02
7.957720811566031116e-02,3.380000000000000000e+02
7.969870003644757839e-02,3.390000000000000000e+02
7.982019195723484561e-02,3.400000000000000000e+02
7.994168387802211284e-02,3.400000000000000000e+02
8.006317579880938007e-02,3.430000000000000000e+02
8.018466771959664730e-02,3.440000000000000000e+02
8.030615964038391452e-02,3.450000000000000000e+02
8.042765156117118175e-02,3.450000000000000000e+02
8.054914348195844898e-02,3.450000000000000000e+02
8.067063540274571620e-02,3.450000000000000000e+02
8.079212732353298343e-02,3.460000000000000000e+02
8.091361924432025066e-02,3.460000000000000000e+02
8.103511116510751788e-02,3.470000000000000000e+02
8.115660308589478511e-02,3.470000000000000000e+02
8.127809500668205234e-02,3.480000000000000000e+02
8.139958692746931956e-02,3.480000000000000000e+02
8.152107884825658679e-02,3.490000000000000000e+02
8.164257076904385402e-02,3.500000000000000000e+02
8.176406268983112124e-02,3.500000000000000000e+02
8.188555461061838847e-02,3.500000000000000000e+02
8.200704653140565570e-02,3.500000000000000000e+02
8.212853845219292293e-02,3.510000000000000000e+02
8.225003037298019015e-02,3.520000000000000000e+02
8.237152229376747126e-02,3.530000000000000000e+02
8.249301421455473848e-02,3.550000000000000000e+02
8.261450613534200571e-02,3.560000000000000000e+02
8.273599805612927294e-02,3.570000000000000000e+02
8.285748997691654016e-02,3.580000000000000000e+02
8.297898189770380739e-02,3.580000000000000000e+02
8.310047381849107462e-02,3.580000000000000000e+02
8.322196573927834184e-02,3.580000000000000000e+02
8.334345766006560907e-02,3.590000000000000000e+02
8.346494958085287630e-02,3.590000000000000000e+02
8.358644150164014353e-02,3.590000000000000000e+02
8.370793342242741075e-02,3.600000000000000000e+02
8.382942534321467798e-02,3.600000000000000000e+02
8.395091726400194521e-02,3.600000000000000000e+02
8.407240918478921243e-02,3.610000000000000000e+02
8.419390110557647966e-02,3.630000000000000000e+02
8.431539302636374689e-02,3.630000000000000000e+02
8.443688494715101411e-02,3.630000000000000000e+02
8.455837686793828134e-02,3.640000000000000000e+02
8.467986878872554857e-02,3.640000000000000000e+02
8.480136070951281579e-02,3.660000000000000000e+02
8.492285263030008302e-02,3.670000000000000000e+02
8.504434455108735025e-02,3.670000000000000000e+02
8.516583647187461747e-02,3.680000000000000000e+02
8.528732839266188470e-02,3.690000000000000000e+02
8.540882031344915193e-02,3.700000000000000000e+02
8.553031223423641916e-02,3.700000000000000000e+02
8.565180415502368638e-02,3.700000000000000000e+02
8.577329607581095361e-02,3.730000000000000000e+02
8.589478799659822084e-02,3.740000000000000000e+02
8.601627991738548806e-02,3.750000000000000000e+02
8.613777183817275529e-02,3.750000000000000000e+02
8.625926375896002252e-02,3.750000000000000000e+02
8.638075567974730362e-02,3.760000000000000000e+02
8.650224760053457085e-02,3.770000000000000000e+02
8.662373952132183808e-02,3.780000000000000000e+02
8.674523144210910530e-02,3.780000000000000000e+02
8.686672336289637253e-02,3.780000000000000000e+02
8.698821528368363976e-02,3.780000000000000000e+02
8.710970720447090698e-02,3.790000000000000000e+02
8.723119912525817421e-02,3.790000000000000000e+02
8.735269104604544144e-02,3.790000000000000000e+02
8.747418296683270866e-02,3.800000000000000000e+02
8.759567488761997589e-02,3.810000000000000000e+02
8.771716680840724312e-02,3.820000000000000000e+02
8.783865872919451034e-02,3.830000000000000000e+02
8.796015064998177757e-02,3.830000000000000000e+02
8.808164257076904480e-02,3.840000000000000000e+02
8.820313449155631202e-02,3.840000000000000000e+02
8.832462641234357925e-02,3.850000000000000000e+02
8.844611833313084648e-02,3.870000000000000000e+02
8.856761025391811371e-02,3.880000000000000000e+02
8.868910217470538093e-02,3.880000000000000000e+02
8.881059409549264816e-02,3.890000000000000000e+02
8.893208601627991539e-02,3.890000000000000000e+02
8.905357793706718261e-02,3.900000000000000000e+02
8.917506985785444984e-02,3.910000000000000000e+02
8.929656177864171707e-02,3.920000000000000000e+02
8.941805369942898429e-02,3.920000000000000000e+02
8.953954562021625152e-02,3.930000000000000000e+02
8.966103754100351875e-02,3.930000000000000000e+02
8.978252946179078597e-02,3.930000000000000000e+02
8.990402138257805320e-02,3.940000000000000000e+02
9.002551330336532043e-02,3.950000000000000000e+02
9.014700522415258765e-02,3.950000000000000000e+02
9.026849714493985488e-02,3.960000000000000000e+02
9.038998906572713599e-02,3.960000000000000000e+02
9.051148098651440321e-02,3.970000000000000000e+02
9.063297290730167044e-02,3.980000000000000000e+02
9.075446482808893767e-02,3.980000000000000000e+02
9.087595674887620489e-02,3.980000000000000000e+02
9.099744866966347212e-02,4.010000000000000000e+02
9.111894059045073935e-02,4.010000000000000000e+02
9.124043251123800657e-02,4.010000000000000000e+02
9.136192443202527380e-02,4.020000000000000000e+02
9.148341635281254103e-02,4.020000000000000000e+02
9.160490827359980825e-02,4.020000000000000000e+02
9.172640019438707548e-02,4.030000000000000000e+02
9.184789211517434271e-02,4.040000000000000000e+02
9.196938403596160994e-02,4.050000000000000000e+02
9.209087595674887716e-02,4.060000000000000000e+02
9.221236787753614439e-02,4.070000000000000000e+02
9.233385979832341162e-02,4.070000000000000000e+02
9.245535171911067884e-02,4.070000000000000000e+02
9.257684363989794607e-02,4.090000000000000000e+02
9.269833556068521330e-02,4.100000000000000000e+02
9.281982748147248052e-02,4.110000000000000000e+02
9.294131940225974775e-02,4.120000000000000000e+02
9.306281132304701498e-02,4.120000000000000000e+02
9.318430324383428220e-02,4.120000000000000000e+02
9.330579516462154943e-02,4.120000000000000000e+02
9.342728708540881666e-02,4.120000000000000000e+02
9.354877900619608388e-02,4.130000000000000000e+02
9.367027092698335111e-02,4.130000000000000000e+02
9.379176284777061834e-02,4.140000000000000000e+02
9.391325476855788557e-02,4.140000000000000000e+02
9.403474668934515279e-02,4.150000000000000000e+02
9.415623861013242002e-02,4.150000000000000000e+02
9.427773053091968725e-02,4.150000000000000000e+02
9.439922245170696835e-02,4.160000000000000000e+02
9.452071437249423558e-02,4.160000000000000000e+02
9.464220629328150280e-02,4.170000000000000000e+02
9.476369821406877003e-02,4.180000000000000000e+02
9.488519013485603726e-02,4.180000000000000000e+02
9.500668205564330449e-02,4.190000000000000000e+02
9.512817397643057171e-02,4.190000000000000000e+02
9.524966589721783894e-02,4.210000000000000000e+02
9.537115781800510617e-02,4.220000000000000000e+02
9.549264973879237339e-02,4.220000000000000000e+02
9.561414165957964062e-02,4.240000000000000000e+02
9.573563358036690785e-02,4.240000000000000000e+02
9.585712550115417507e-02,4.240000000000000000e+02
9.597861742194144230e-02,4.250000000000000000e+02
9.610010934272870953e-02,4.260000000000000000e+02
9.622160126351597675e-02,4.260000000000000000e+02
9.634309318430324398e-02,4.260000000000000000e+02
9.646458510509051121e-02,4.260000000000000000e+02
9.658607702587777843e-02,4.280000000000000000e+02
9.670756894666504566e-02,4.290000000000000000e+02
9.682906086745231289e-02,4.290000000000000000e+02
9.695055278823958012e-02,4.310000000000000000e+02
9.707204470902684734e-02,4.320000000000000000e+02
9.719353662981411457e-02,4.340000000000000000e+02
9.731502855060138180e-02,4.340000000000000000e+02
9.743652047138864902e-02,4.340000000000000000e+02
9.755801239217591625e-02,4.340000000000000000e+02
9.767950431296318348e-02,4.360000000000000000e+02
9.780099623375045070e-02,4.360000000000000000e+02
9.792248815453771793e-02,4.370000000000000000e+02
9.804398007532498516e-02,4.380000000000000000e+02
9.816547199611225238e-02,4.390000000000000000e+02
9.828696391689951961e-02,4.400000000000000000e+02
9.840845583768680072e-02,4.400000000000000000e+02
9.852994775847406794e-02,4.410000000000000000e+02
9.865143967926133517e-02,4.410000000000000000e+02
9.877293160004860240e-02,4.430000000000000000e+02
9.889442352083586962e-02,4.440000000000000000e+02
9.901591544162313685e-02,4.440000000000000000e+02
9.913740736241040408e-02,4.450000000000000000e+02
9.925889928319767130e-02,4.460000000000000000e+02
9.938039120398493853e-02,4.460000000000000000e+02
9.950188312477220576e-02,4.470000000000000000e+02
9.962337504555947298e-02,4.480000000000000000e+02
9.974486696634674021e-02,4.480000000000000000e+02
9.986635888713400744e-02,4.490000000000000000e+02
9.998785080792127467e-02,4.490000000000000000e+02
1.001093427287085419e-01,4.490000000000000000e+02
1.002308346494958091e-01,4.500000000000000000e+02
1.003523265702830763e-01,4.500000000000000000e+02
1.004738184910703436e-01,4.510000000000000000e+02
1.005953104118576108e-01,4.510000000000000000e+02
1.007168023326448780e-01,4.510000000000000000e+02
1.008382942534321453e-01,4.510000000000000000e+02
1.009597861742194125e-01,4.520000000000000000e+02
1.010812780950066797e-01,4.520000000000000000e+02
1.012027700157939469e-01,4.530000000000000000e+02
1.013242619365812142e-01,4.540000000000000000e+02
1.014457538573684814e-01,4.540000000000000000e+02
1.015672457781557486e-01,4.550000000000000000e+02
1.016887376989430158e-01,4.550000000000000000e+02
1.018102296197302831e-01,4.550000000000000000e+02
1.019317215405175503e-01,4.560000000000000000e+02
1.020532134613048175e-01,4.570000000000000000e+02
1.021747053820920847e-01,4.580000000000000000e+02
1.022961973028793520e-01,4.590000000000000000e+02
1.024176892236666331e-01,4.620000000000000000e+02
1.025391811444539003e-01,4.620000000000000000e+02
1.026606730652411675e-01,4.630000000000000000e+02
1.027821649860284348e-01,4.630000000000000000e+02
1.029036569068157020e-01,4.640000000000000000e+02
1.030251488276029692e-01,4.640000000000000000e+02
1.031466407483902364e-01,4.640000000000000000e+02
1.032681326691775037e-01,4.650000000000000000e+02
1.033896245899647709e-01,4.650000000000000000e+02
1.035111165107520381e-01,4.650000000000000000e+02
1.036326084315393053e-01,4.660000000000000000e+02
1.037541003523265726e-01,4.660000000000000000e+02
1.038755922731138398e-01,4.660000000000000000e+02
1.039970841939011070e-01,4.670000000000000000e+02
1.041185761146883743e-01,4.680000000000000000e+02
1.042400680354756415e-01,4.680000000000000000e+02
1.043615599562629087e-01,4.690000000000000000e+02
1.044830518770501759e-01,4.710000000000000000e+02
1.046045437978374432e-01,4.710000000000000000e+02
1.047260357186247104e-01,4.710000000000000000e+02
1.048475276394119776e-01,4.710000000000000000e+02
1.049690195601992448e-01,4.720000000000000000e+02
1.050905114809865121e-01,4.720000000000000000e+02
1.052120034017737793e-01,4.730000000000000000e+02
1.053334953225610465e-01,4.740000000000000000e+02
1.054549872433483138e-01,4.750000000000000000e+02
1.055764791641355810e-01,4.750000000000000000e+02
1.056979710849228482e-01,4.750000000000000000e+02
1.058194630057101154e-01,4.760000000000000000e+02
1.059409549264973827e-01,4.760000000000000000e+02
1.060624468472846499e-01,4.780000000000000000e+02
1.061839387680719171e-01,4.780000000000000000e+02
1.063054306888591843e-01,4.810000000000000000e+02
1.064269226096464654e-01,4.830000000000000000e+02
1.065484145304337327e-01,4.830000000000000000e+02
1.066699064512209999e-01,4.840000000000000000e+02
1.067913983720082671e-01,4.840000000000000000e+02
1.069128902927955344e-01,4.860000000000000000e+02
1.070343822135828016e-01,4.860000000000000000e+02
1.071558741343700688e-01,4.860000000000000000e+02
1.072773660551573360e-01,4.880000000000000000e+02
1.073988579759446033e-01,4.880000000000000000e+02
1.075203498967318705e-01,4.880000000000000000e+02
1.076418418175191377e-01,4.890000000000000000e+02
1.077633337383064049e-01,4.900000000000000000e+02
1.078848256590936722e-01,4.900000000000000000e+02
1.080063175798809394e-01,4.910000000000000000e+02
1.081278095006682066e-01,4.930000000000000000e+02
1.082493014214554738e-01,4.940000000000000000e+02
1.083707933422427411e-01,4.940000000000000000e+02
1.084922852630300083e-01,4.940000000000000000e+02
1.086137771838172755e-01,4.960000000000000000e+02
1.087352691046045428e-01,4.960000000000000000e+02
1.088567610253918100e-01,4.960000000000000000e+02
1.089782529461790772e-01,4.970000000000000000e+02
1.090997448669663444e-01,4.970000000000000000e+02
1.092212367877536117e-01,4.980000000000000000e+02
1.093427287085408789e-01,4.990000000000000000e+02
1.094642206293281461e-01,5.000000000000000000e+02
1.095857125501154133e-01,5.010000000000000000e+02
1.097072044709026806e-01,5.010000000000000000e+02
1.098286963916899478e-01,5.030000000000000000e+02
1.099501883124772150e-01,5.040000000000000000e+02
1.100716802332644823e-01,5.040000000000000000e+02
1.101931721540517495e-01,5.050000000000000000e+02
1.103146640748390167e-01,5.060000000000000000e+02
1.104361559956262978e-01,5.060000000000000000e+02
1.105576479164135650e-01,5.070000000000000000e+02
1.106791398372008323e-01,5.070000000000000000e+02
1.108006317579880995e-01,5.070000000000000000e+02
1.109221236787753667e-01,5.080000000000000000e+02
1.110436155995626339e-01,5.080000000000000000e+02
1.111651075203499012e-01,5.090000000000000000e+02
1.112865994411371684e-01,5.090000000000000000e+02
1.114080913619244356e-01,5.100000000000000000e+02
1.115295832827117029e-01,5.110000000000000000e+02
1.116510752034989701e-01,5.110000000000000000e+02
1.117725671242862373e-01,5.110000000000000000e+02
1.118940590450735045e-01,5.110000000000000000e+02
1.120155509658607718e-01,5.110000000000000000e+02
1.121370428866480390e-01,5.110000000000000000e+02
1.122585348074353062e-01,5.120000000000000000e+02
1.123800267282225734e-01,5.130000000000000000e+02
1.125015186490098407e-01,5.140000000000000000e+02
1.126230105697971079e-01,5.140000000000000000e+02
1.127445024905843751e-01,5.140000000000000000e+02
1.128659944113716423e-01,5.160000000000000000e+02
1.129874863321589096e-01,5.170000000000000000e+02
1.131089782529461768e-01,5.200000000000000000e+02
1.132304701737334440e-01,5.210000000000000000e+02
1.133519620945207113e-01,5.210000000000000000e+02
1.134734540153079785e-01,5.210000000000000000e+02
1.135949459360952457e-01,5.210000000000000000e+02
1.137164378568825129e-01,5.220000000000000000e+02
1.138379297776697802e-01,5.230000000000000000e+02
1.139594216984570474e-01,5.230000000000000000e+02
1.140809136192443146e-01,5.240000000000000000e+02
1.142024055400315818e-01,5.240000000000000000e+02
1.143238974608188491e-01,5.250000000000000000e+02
1.144453893816061302e-01,5.250000000000000000e+02
1.145668813023933974e-01,5.250000000000000000e+02
1.146883732231806646e-01,5.260000000000000000e+02
1.148098651439679319e-01,5.280000000000000000e+02
1.149313570647551991e-01,5.280000000000000000e+02
1.150528489855424663e-01,5.280000000000000000e+02
1.151743409063297335e-01,5.300000000000000000e+02
1.152958328271170008e-01,5.300000000000000000e+02
1.154173247479042680e-01,5.310000000000000000e+02
1.155388166686915352e-01,5.320000000000000000e+02
1.156603085894788024e-01,5.320000000000000000e+02
1.157818005102660697e-01,5.320000000000000000e+02
1.159032924310533369e-01,5.330000000000000000e+02
1.160247843518406041e-01,5.330000000000000000e+02
1.161462762726278714e-01,5.330000000000000000e+02
1.162677681934151386e-01,5.330000000000000000e+02
1.163892601142024058e-01,5.340000000000000000e+02
1.165107520349896730e-01,5.340000000000000000e+02
1.166322439557769403e-01,5.350000000000000000e+02
1.167537358765642075e-01,5.350000000000000000e+02
1.168752277973514747e-01,5.360000000000000000e+02
1.169967197181387419e-01,5.370000000000000000e+02
1.171182116389260092e-01,5.380000000000000000e+02
1.172397035597132764e-01,5.390000000000000000e+02
1.173611954805005436e-01,5.390000000000000000e+02
1.174826874012878108e-01,5.400000000000000000e+02
1.176041793220750781e-01,5.400000000000000000e+02
1.177256712428623453e-01,5.400000000000000000e+02
1.178471631636496125e-01,5.400000000000000000e+02
1.179686550844368798e-01,5.400000000000000000e+02
1.180901470052241470e-01,5.410000000000000000e+02
1.182116389260114142e-01,5.410000000000000000e+02
1.183331308467986814e-01,5.410000000000000000e+02
1.184546227675859625e-01,5.420000000000000000e+02
1.185761146883732298e-01,5.420000000000000000e+02
1.186976066091604970e-01,5.420000000000000000e+02
1.188190985299477642e-01,5.430000000000000000e+02
1.189405904507350314e-01,5.450000000000000000e+02
1.190620823715222987e-01,5.450000000000000000e+02
1.191835742923095659e-01,5.460000000000000000e+02
1.193050662130968331e-01,5.470000000000000000e+02
1.194265581338841004e-01,5.490000000000000000e+02
1.195480500546713676e-01,5.500000000000000000e+02
1.196695419754586348e-01,5.510000000000000000e+02
1.197910338962459020e-01,5.510000000000000000e+02
1.199125258170331693e-01,5.510000000000000000e+02
1.200340177378204365e-01,5.530000000000000000e+02
1.201555096586077037e-01,5.540000000000000000e+02
1.202770015793949709e-01,5.540000000000000000e+02
1.203984935001822382e-01,5.550000000000000000e+02
1.205199854209695054e-01,5.570000000000000000e+02
1.206414773417567726e-01,5.570000000000000000e+02
1.207629692625440399e-01,5.580000000000000000e+02
1.208844611833313071e-01,5.580000000000000000e+02
1.210059531041185743e-01,5.580000000000000000e+02
1.211274450249058415e-01,5.590000000000000000e+02
1.212489369456931088e-01,5.590000000000000000e+02
1.213704288664803760e-01,5.590000000000000000e+02
1.214919207872676432e-01,5.600000000000000000e+02
1.216134127080549104e-01,5.600000000000000000e+02
1.217349046288421777e-01,5.600000000000000000e+02
1.218563965496294449e-01,5.610000000000000000e+02
1.219778884704167121e-01,5.610000000000000000e+02
1.220993803912039793e-01,5.620000000000000000e+02
1.222208723119912466e-01,5.620000000000000000e+02
1.223423642327785138e-01,5.620000000000000000e+02
1.224638561535657949e-01,5.620000000000000000e+02
1.225853480743530621e-01,5.630000000000000000e+02
1.227068399951403294e-01,5.650000000000000000e+02
1.228283319159275966e-01,5.650000000000000000e+02
1.229498238367148638e-01,5.660000000000000000e+02
1.230713157575021310e-01,5.660000000000000000e+02
1.231928076782893983e-01,5.690000000000000000e+02
1.233142995990766655e-01,5.690000000000000000e+02
1.234357915198639327e-01,5.690000000000000000e+02
1.235572834406511999e-01,5.710000000000000000e+02
1.236787753614384672e-01,5.710000000000000000e+02
1.238002672822257344e-01,5.720000000000000000e+02
1.239217592030130016e-01,5.740000000000000000e+02
1.240432511238002689e-01,5.750000000000000000e+02
1.241647430445875361e-01,5.770000000000000000e+02
1.242862349653748033e-01,5.770000000000000000e+02
1.244077268861620705e-01,5.770000000000000000e+02
1.245292188069493378e-01,5.790000000000000000e+02
1.246507107277366050e-01,5.790000000000000000e+02
1.247722026485238722e-01,5.800000000000000000e+02
1.248936945693111394e-01,5.810000000000000000e+02
1.250151864900984067e-01,5.810000000000000000e+02
1.251366784108856878e-01,5.830000000000000000e+02
1.252581703316729411e-01,5.830000000000000000e+02
1.253796622524602222e-01,5.850000000000000000e+02
1.255011541732474756e-01,5.850000000000000000e+02
1.256226460940347567e-01,5.870000000000000000e+02
1.257441380148220100e-01,5.870000000000000000e+02
1.258656299356092911e-01,5.880000000000000000e+02
1.259871218563965445e-01,5.880000000000000000e+02
1.261086137771838256e-01,5.880000000000000000e+02
1.262301056979710789e-01,5.890000000000000000e+02
1.263515976187583600e-01,5.900000000000000000e+02
1.264730895395456134e-01,5.910000000000000000e+02
1.265945814603328945e-01,5.920000000000000000e+02
1.267160733811201478e-01,5.920000000000000000e+02
1.268375653019074289e-01,5.930000000000000000e+02
1.269590572226946823e-01,5.940000000000000000e+02
1.270805491434819634e-01,5.960000000000000000e+02
1.272020410642692168e-01,5.970000000000000000e+02
1.273235329850564979e-01,5.970000000000000000e+02
1.274450249058437512e-01,5.980000000000000000e+02
1.275665168266310323e-01,5.980000000000000000e+02
1.276880087474182857e-01,5.990000000000000000e+02
1.278095006682055668e-01,5.990000000000000000e+02
1.279309925889928201e-01,6.010000000000000000e+02
1.280524845097801012e-01,6.020000000000000000e+02
1.281739764305673546e-01,6.030000000000000000e+02
1.282954683513546357e-01,6.030000000000000000e+02
1.284169602721418890e-01,6.040000000000000000e+02
1.285384521929291701e-01,6.050000000000000000e+02
1.286599441137164512e-01,6.060000000000000000e+02
1.287814360345037046e-01,6.060000000000000000e+02
1.289029279552909857e-01,6.070000000000000000e+02
1.290244198760782390e-01,6.080000000000000000e+02
1.291459117968655201e-01,6.080000000000000000e+02
1.292674037176527735e-01,6.090000000000000000e+02
1.293888956384400546e-01,6.090000000000000000e+02
1.295103875592273079e-01,6.100000000000000000e+02
1.296318794800145890e-01,6.100000000000000000e+02
1.297533714008018424e-01,6.100000000000000000e+02
1.298748633215891235e-01,6.120000000000000000e+02
1.299963552423763768e-01,6.130000000000000000e+02
1.301178471631636580e-01,6.130000000000000000e+02
1.302393390839509113e-01,6.130000000000000000e+02
1.303608310047381924e-01,6.150000000000000000e+02
1.304823229255254458e-01,6.160000000000000000e+02
1.306038148463127269e-01,6.170000000000000000e+02
1.307253067670999802e-01,6.170000000000000000e+02
1.308467986878872613e-01,6.180000000000000000e+02
1.309682906086745147e-01,6.190000000000000000e+02
1.310897825294617958e-01,6.190000000000000000e+02
1.312112744502490491e-01,6.200000000000000000e+02
1.313327663710363302e-01,6.200000000000000000e+02
1.314542582918235836e-01,6.210000000000000000e+02
1.315757502126108647e-01,6.240000000000000000e+02
1.316972421333981180e-01,6.240000000000000000e+02
1.318187340541853991e-01,6.250000000000000000e+02
1.319402259749726525e-01,6.260000000000000000e+02
1.320617178957599336e-01,6.270000000000000000e+02
1.321832098165471869e-01,6.300000000000000000e+02
1.323047017373344680e-01,6.300000000000000000e+02
1.324261936581217214e-01,6.320000000000000000e+02
1.325476855789090025e-01,6.320000000000000000e+02
1.326691774996962836e-01,6.330000000000000000e+02
1.327906694204835369e-01,6.330000000000000000e+02
1.329121613412708180e-01,6.330000000000000000e+02
1.330336532620580714e-01,6.330000000000000000e+02
1.331551451828453525e-01,6.340000000000000000e+02
1.332766371036326059e-01,6.340000000000000000e+02
1.333981290244198870e-01,6.350000000000000000e+02
1.335196209452071403e-01,6.360000000000000000e+02
1.336411128659944214e-01,6.370000000000000000e+02
1.337626047867816748e-01,6.380000000000000000e+02
1.338840967075689559e-01,6.400000000000000000e+02
1.340055886283562092e-01,6.400000000000000000e+02
1.341270805491434903e-01,6.400000000000000000e+02
1.342485724699307437e-01,6.400000000000000000e+02
1.343700643907180248e-01,6.400000000000000000e+02
1.344915563115052781e-01,6.430000000000000000e+02
1.346130482322925592e-01,6.440000000000000000e+02
1.347345401530798126e-01,6.440000000000000000e+02
1.348560320738670937e-01,6.450000000000000000e+02
1.349775239946543470e-01,6.460000000000000000e+02
1.350990159154416281e-01,6.480000000000000000e+02
1.352205078362288815e-01,6.480000000000000000e+02
1.353419997570161626e-01,6.480000000000000000e+02
1.354634916778034159e-01,6.500000000000000000e+02
1.355849835985906970e-01,6.500000000000000000e+02
1.357064755193779504e-01,6.510000000000000000e+02
1.358279674401652315e-01,6.510000000000000000e+02
1.359494593609524848e-01,6.520000000000000000e+02
1.360709512817397659e-01,6.530000000000000000e+02
1.361924432025270193e-01,6.530000000000000000e+02
1.363139351233143004e-01,6.540000000000000000e+02
1.364354270441015538e-01,6.540000000000000000e+02
1.365569189648888349e-01,6.540000000000000000e+02
1.366784108856761160e-01,6.540000000000000000e+02
1.367999028064633693e-01,6.550000000000000000e+02
1.369213947272506504e-01,6.560000000000000000e+02
1.370428866480379038e-01,6.560000000000000000e+02
1.371643785688251849e-01,6.560000000000000000e+02
1.372858704896124382e-01,6.560000000000000000e+02
1.374073624103997193e-01,6.580000000000000000e+02
1.375288543311869727e-01,6.600000000000000000e+02
1.376503462519742538e-01,6.610000000000000000e+02
1.377718381727615071e-01,6.610000000000000000e+02
1.378933300935487882e-01,6.620000000000000000e+02
1.380148220143360416e-01,6.620000000000000000e+02
1.381363139351233227e-01,6.630000000000000000e+02
1.382578058559105760e-01,6.630000000000000000e+02
1.383792977766978571e-01,6.630000000000000000e+02
1.385007896974851105e-01,6.640000000000000000e+02
1.386222816182723916e-01,6.640000000000000000e+02
1.387437735390596449e-01,6.640000000000000000e+02
1.388652654598469260e-01,6.650000000000000000e+02
1.389867573806341794e-01,6.650000000000000000e+02
1.391082493014214605e-01,6.650000000000000000e+02
1.392297412222087138e-01,6.660000000000000000e+02
1.393512331429959950e-01,6.660000000000000000e+02
1.394727250637832483e-01,6.670000000000000000e+02
1.395942169845705294e-01,6.680000000000000000e+02
1.397157089053577828e-01,6.690000000000000000e+02
1.398372008261450639e-01,6.690000000000000000e+02
1.399586927469323172e-01,6.710000000000000000e+02
1.400801846677195983e-01,6.710000000000000000e+02
1.402016765885068517e-01,6.730000000000000000e+02
1.403231685092941328e-01,6.750000000000000000e+02
1.404446604300813861e-01,6.750000000000000000e+02
1.405661523508686672e-01,6.760000000000000000e+02
1.406876442716559483e-01,6.770000000000000000e+02
1.408091361924432017e-01,6.780000000000000000e+02
1.409306281132304828e-01,6.780000000000000000e+02
1.410521200340177361e-01,6.780000000000000000e+02
1.411736119548050172e-01,6.790000000000000000e+02
1.412951038755922706e-01,6.800000000000000000e+02
1.414165957963795517e-01,6.800000000000000000e+02
1.415380877171668050e-01,6.810000000000000000e+02
1.416595796379540861e-01,6.810000000000000000e+02
1.417810715587413395e-01,6.810000000000000000e+02
1.419025634795286206e-01,6.820000000000000000e+02
1.420240554003158739e-01,6.830000000000000000e+02
1.421455473211031550e-01,6.840000000000000000e+02
1.422670392418904084e-01,6.840000000000000000e+02
1.423885311626776895e-01,6.850000000000000000e+02
1.425100230834649429e-01,6.870000000000000000e+02
1.426315150042522240e-01,6.880000000000000000e+02
1.427530069250394773e-01,6.890000000000000000e+02
1.428744988458267584e-01,6.900000000000000000e+02
1.429959907666140118e-01,6.910000000000000000e+02
1.431174826874012929e-01,6.920000000000000000e+02
1.432389746081885462e-01,6.920000000000000000e+02
1.433604665289758273e-01,6.930000000000000000e+02
1.434819584497630807e-01,6.930000000000000000e+02
1.436034503705503618e-01,6.940000000000000000e+02
1.437249422913376151e-01,6.950000000000000000e+02
1.438464342121248962e-01,6.950000000000000000e+02
1.439679261329121496e-01,6.950000000000000000e+02
1.440894180536994307e-01,6.960000000000000000e+02
1.442109099744866840e-01,6.960000000000000000e+02
1.443324018952739651e-01,6.960000000000000000e+02
1.444538938160612185e-01,7.000000000000000000e+02
1.445753857368484996e-01,7.010000000000000000e+02
1.446968776576357807e-01,7.020000000000000000e+02
1.448183695784230340e-01,7.040000000000000000e+02
1.449398614992103151e-01,7.040000000000000000e+02
1.450613534199975685e-01,7.040000000000000000e+02
1.451828453407848496e-01,7.050000000000000000e+02
1.453043372615721029e-01,7.050000000000000000e+02
1.454258291823593841e-01,7.050000000000000000e+02
1.455473211031466374e-01,7.060000000000000000e+02
1.456688130239339185e-01,7.070000000000000000e+02
1.457903049447211719e-01,7.080000000000000000e+02
1.459117968655084530e-01,7.080000000000000000e+02
1.460332887862957063e-01,7.090000000000000000e+02
1.461547807070829874e-01,7.090000000000000000e+02
1.462762726278702408e-01,7.100000000000000000e+02
1.463977645486575219e-01,7.100000000000000000e+02
1.465192564694447752e-01,7.130000000000000000e+02
1.466407483902320563e-01,7.130000000000000000e+02
1.467622403110193097e-01,7.130000000000000000e+02
1.468837322318065908e-01,7.150000000000000000e+02
1.470052241525938441e-01,7.150000000000000000e+02
1.471267160733811252e-01,7.150000000000000000e+02
1.472482079941683786e-01,7.150000000000000000e+02
1.473696999149556597e-01,7.160000000000000000e+02
1.474911918357429130e-01,7.170000000000000000e+02
1.476126837565301941e-01,7.180000000000000000e+02
1.477341756773174475e-01,7.180000000000000000e+02
1.478556675981047286e-01,7.190000000000000000e+02
1.479771595188919819e-01,7.200000000000000000e+02
1.480986514396792630e-01,7.210000000000000000e+02
1.482201433604665164e-01,7.210000000000000000e+02
1.483416352812537975e-01,7.210000000000000000e+02
1.484631272020410508e-01,7.230000000000000000e+02
1.485846191228283319e-01,7.230000000000000000e+02
1.487061110436156131e-01,7.240000000000000000e+02
1.488276029644028664e-01,7.250000000000000000e+02
1.489490948851901475e-01,7.250000000000000000e+02
1.490705868059774009e-01,7.250000000000000000e+02
1.491920787267646820e-01,7.260000000000000000e+02
1.493135706475519353e-01,7.300000000000000000e+02
1.494350625683392164e-01,7.300000000000000000e+02
1.495565544891264698e-01,7.310000000000000000e+02
1.496780464099137509e-01,7.310000000000000000e+02
1.497995383307010042e-01,7.320000000000000000e+02
1.499210302514882853e-01,7.320000000000000000e+02
1.500425221722755387e-01,7.330000000000000000e+02
1.501640140930628198e-01,7.340000000000000000e+02
1.502855060138500731e-01,7.340000000000000000e+02
1.504069979346373542e-01,7.340000000000000000e+02
1.505284898554246076e-01,7.340000000000000000e+02
1.506499817762118887e-01,7.350000000000000000e+02
1.507714736969991420e-01,7.360000000000000000e+02
1.508929656177864231e-01,7.360000000000000000e+02
1.510144575385736765e-01,7.370000000000000000e+02
1.511359494593609576e-01,7.370000000000000000e+02
1.512574413801482109e-01,7.370000000000000000e+02
1.513789333009354920e-01,7.370000000000000000e+02
1.515004252217227454e-01,7.370000000000000000e+02
1.516219171425100265e-01,7.380000000000000000e+02
1.517434090632972798e-01,7.390000000000000000e+02
1.518649009840845610e-01,7.400000000000000000e+02
1.519863929048718143e-01,7.420000000000000000e+02
1.521078848256590954e-01,7.420000000000000000e+02
1.522293767464463488e-01,7.420000000000000000e+02
1.523508686672336299e-01,7.430000000000000000e+02
1.524723605880208832e-01,7.460000000000000000e+02
1.525938525088081643e-01,7.460000000000000000e+02
1.527153444295954454e-01,7.470000000000000000e+02
1.528368363503826988e-01,7.480000000000000000e+02
1.529583282711699799e-01,7.490000000000000000e+02
1.530798201919572332e-01,7.500000000000000000e+02
1.532013121127445143e-01,7.500000000000000000e+02
1.533228040335317677e-01,7.500000000000000000e+02
1.534442959543190488e-01,7.500000000000000000e+02
1.535657878751063021e-01,7.510000000000000000e+02
1.536872797958935832e-01,7.530000000000000000e+02
1.538087717166808366e-01,7.540000000000000000e+02
1.539302636374681177e-01,7.540000000000000000e+02
1.540517555582553710e-01,7.550000000000000000e+02
1.541732474790426521e-01,7.580000000000000000e+02
1.542947393998299055e-01,7.580000000000000000e+02
1.544162313206171866e-01,7.580000000000000000e+02
1.545377232414044399e-01,7.610000000000000000e+02
1.546592151621917210e-01,7.620000000000000000e+02
1.547807070829789744e-01,7.620000000000000000e+02
1.549021990037662555e-01,7.630000000000000000e+02
1.550236909245535089e-01,7.630000000000000000e+02
1.551451828453407900e-01,7.630000000000000000e+02
1.552666747661280433e-01,7.630000000000000000e+02
1.553881666869153244e-01,7.640000000000000000e+02
1.555096586077025778e-01,7.640000000000000000e+02
1.556311505284898589e-01,7.650000000000000000e+02
1.557526424492771122e-01,7.650000000000000000e+02
1.558741343700643933e-01,7.680000000000000000e+02
1.559956262908516467e-01,7.690000000000000000e+02
1.561171182116389278e-01,7.710000000000000000e+02
1.562386101324261811e-01,7.720000000000000000e+02
1.563601020532134622e-01,7.730000000000000000e+02
1.564815939740007156e-01,7.730000000000000000e+02
1.566030858947879967e-01,7.740000000000000000e+02
1.567245778155752778e-01,7.750000000000000000e+02
1.568460697363625311e-01,7.750000000000000000e+02
1.569675616571498122e-01,7.760000000000000000e+02
1.570890535779370656e-01,7.770000000000000000e+02
1.572105454987243467e-01,7.770000000000000000e+02
1.573320374195116000e-01,7.780000000000000000e+02
1.574535293402988811e-01,7.800000000000000000e+02
1.575750212610861345e-01,7.810000000000000000e+02
1.576965131818734156e-01,7.810000000000000000e+02
1.578180051026606689e-01,7.810000000000000000e+02
1.579394970234479501e-01,7.810000000000000000e+02
1.580609889442352034e-01,7.810000000000000000e+02
1.581824808650224845e-01,7.810000000000000000e+02
1.583039727858097379e-01,7.820000000000000000e+02
1.584254647065970190e-01,7.830000000000000000e+02
1.585469566273842723e-01,7.850000000000000000e+02
1.586684485481715534e-01,7.870000000000000000e+02
1.587899404689588068e-01,7.880000000000000000e+02
1.589114323897460879e-01,7.890000000000000000e+02
1.590329243105333412e-01,7.900000000000000000e+02
1.591544162313206223e-01,7.900000000000000000e+02
1.592759081521078757e-01,7.910000000000000000e+02
1.593974000728951568e-01,7.920000000000000000e+02
1.595188919936824101e-01,7.920000000000000000e+02
1.596403839144696912e-01,7.920000000000000000e+02
1.597618758352569446e-01,7.920000000000000000e+02
1.598833677560442257e-01,7.920000000000000000e+02
1.600048596768314790e-01,7.930000000000000000e+02
1.601263515976187601e-01,7.930000000000000000e+02
1.602478435184060135e-01,7.940000000000000000e+02
1.603693354391932946e-01,7.940000000000000000e+02
1.604908273599805479e-01,7.940000000000000000e+02
1.606123192807678290e-01,7.960000000000000000e+02
1.607338112015551101e-01,7.960000000000000000e+02
1.608553031223423635e-01,7.960000000000000000e+02
1.609767950431296446e-01,7.970000000000000000e+02
1.610982869639168980e-01,7.980000000000000000e+02
1.612197788847041791e-01,7.990000000000000000e+02
1.613412708054914324e-01,7.990000000000000000e+02
1.614627627262787135e-01,8.000000000000000000e+02
1.615842546470659669e-01,8.010000000000000000e+02
1.617057465678532480e-01,8.020000000000000000e+02
1.618272384886405013e-01,8.030000000000000000e+02
1.619487304094277824e-01,8.060000000000000000e+02
1.620702223302150358e-01,8.070000000000000000e+02
1.621917142510023169e-01,8.070000000000000000e+02
1.623132061717895702e-01,8.070000000000000000e+02
1.624346980925768513e-01,8.080000000000000000e+02
1.625561900133641047e-01,8.100000000000000000e+02
1.626776819341513858e-01,8.110000000000000000e+02
1.627991738549386391e-01,8.110000000000000000e+02
1.629206657757259202e-01,8.140000000000000000e+02
1.630421576965131736e-01,8.140000000000000000e+02
1.631636496173004547e-01,8.140000000000000000e+02
1.632851415380877080e-01,8.150000000000000000e+02
1.634066334588749891e-01,8.160000000000000000e+02
1.635281253796622425e-01,8.160000000000000000e+02
1.636496173004495236e-01,8.180000000000000000e+02
1.637711092212367769e-01,8.180000000000000000e+02
1.638926011420240580e-01,8.180000000000000000e+02
1.640140930628113114e-01,8.180000000000000000e+02
1.641355849835985925e-01,8.180000000000000000e+02
1.642570769043858459e-01,8.190000000000000000e+02
1.643785688251731270e-01,8.190000000000000000e+02
1.645000607459603803e-01,8.190000000000000000e+02
1.646215526667476614e-01,8.190000000000000000e+02
1.647430445875349425e-01,8.210000000000000000e+02
1.648645365083221959e-01,8.220000000000000000e+02
1.649860284291094770e-01,8.220000000000000000e+02
1.651075203498967303e-01,8.220000000000000000e+02
1.652290122706840114e-01,8.220000000000000000e+02
1.653505041914712648e-01,8.230000000000000000e+02
1.654719961122585459e-01,8.240000000000000000e+02
1.655934880330457992e-01,8.240000000000000000e+02
1.657149799538330803e-01,8.240000000000000000e+02
1.658364718746203337e-01,8.240000000000000000e+02
1.659579637954076148e-01,8.250000000000000000e+02
1.660794557161948681e-01,8.250000000000000000e+02
1.662009476369821492e-01,8.280000000000000000e+02
1.663224395577694026e-01,8.290000000000000000e+02
1.664439314785566837e-01,8.290000000000000000e+02
1.665654233993439370e-01,8.300000000000000000e+02
1.666869153201312181e-01,8.310000000000000000e+02
1.668084072409184715e-01,8.320000000000000000e+02
1.669298991617057526e-01,8.350000000000000000e+02
1.670513910824930059e-01,8.350000000000000000e+02
1.671728830032802871e-01,8.350000000000000000e+02
1.672943749240675404e-01,8.360000000000000000e+02
1.674158668448548215e-01,8.370000000000000000e+02
1.675373587656420749e-01,8.380000000000000000e+02
1.676588506864293560e-01,8.380000000000000000e+02
1.677803426072166093e-01,8.390000000000000000e+02
1.679018345280038904e-01,8.390000000000000000e+02
1.680233264487911438e-01,8.390000000000000000e+02
1.681448183695784249e-01,8.400000000000000000e+02
1.682663102903656782e-01,8.410000000000000000e+02
1.683878022111529593e-01,8.410000000000000000e+02
1.685092941319402127e-01,8.420000000000000000e+02
1.686307860527274938e-01,8.420000000000000000e+02
1.687522779735147749e-01,8.440000000000000000e+02
1.688737698943020282e-01,8.450000000000000000e+02
1.689952618150893093e-01,8.450000000000000000e+02
1.691167537358765627e-01,8.480000000000000000e+02
1.692382456566638438e-01,8.490000000000000000e+02
1.693597375774510971e-01,8.500000000000000000e+02
1.694812294982383782e-01,8.500000000000000000e+02
1.696027214190256316e-01,8.500000000000000000e+02
1.697242133398129127e-01,8.510000000000000000e+02
1.698457052606001660e-01,8.520000000000000000e+02
1.699671971813874471e-01,8.560000000000000000e+02
1.700886891021747005e-01,8.560000000000000000e+02
1.702101810229619816e-01,8.570000000000000000e+02
1.703316729437492349e-01,8.570000000000000000e+02
1.704531648645365161e-01,8.580000000000000000e+02
1.705746567853237694e-01,8.580000000000000000e+02
1.706961487061110505e-01,8.590000000000000000e+02
1.708176406268983039e-01,8.600000000000000000e+02
1.709391325476855850e-01,8.610000000000000000e+02
1.710606244684728383e-01,8.640000000000000000e+02
1.711821163892601194e-01,8.640000000000000000e+02
1.713036083100473728e-01,8.650000000000000000e+02
1.714251002308346539e-01,8.670000000000000000e+02
1.715465921516219072e-01,8.670000000000000000e+02
1.716680840724091883e-01,8.670000000000000000e+02
1.717895759931964417e-01,8.680000000000000000e+02
1.719110679139837228e-01,8.680000000000000000e+02
1.720325598347709761e-01,8.680000000000000000e+02
1.721540517555582572e-01,8.690000000000000000e+02
1.722755436763455106e-01,8.690000000000000000e+02
1.723970355971327917e-01,8.690000000000000000e+02
1.725185275179200450e-01,8.700000000000000000e+02
1.726400194387073261e-01,8.710000000000000000e+02
1.727615113594946072e-01,8.740000000000000000e+02
1.728830032802818606e-01,8.750000000000000000e+02
1.730044952010691417e-01,8.750000000000000000e+02
1.731259871218563950e-01,8.760000000000000000e+02
1.732474790426436762e-01,8.760000000000000000e+02
1.733689709634309295e-01,8.760000000000000000e+02
1.734904628842182106e-01,8.770000000000000000e+02
1.736119548050054640e-01,8.780000000000000000e+02
1.737334467257927451e-01,8.800000000000000000e+02
1.738549386465799984e-01,8.810000000000000000e+02
1.739764305673672795e-01,8.810000000000000000e+02
1.740979224881545329e-01,8.820000000000000000e+02
1.742194144089418140e-01,8.830000000000000000e+02
1.743409063297290673e-01,8.830000000000000000e+02
1.744623982505163484e-01,8.840000000000000000e+02
1.745838901713036018e-01,8.840000000000000000e+02
1.747053820920908829e-01,8.840000000000000000e+02
1.748268740128781362e-01,8.860000000000000000e+02
1.749483659336654173e-01,8.870000000000000000e+02
1.750698578544526707e-01,8.870000000000000000e+02
1.751913497752399518e-01,8.880000000000000000e+02
1.753128416960272051e-01,8.890000000000000000e+02
1.754343336168144862e-01,8.890000000000000000e+02
1.755558255376017396e-01,8.900000000000000000e+02
1.756773174583890207e-01,8.900000000000000000e+02
1.757988093791762740e-01,8.910000000000000000e+02
1.759203012999635551e-01,8.910000000000000000e+02
1.760417932207508085e-01,8.910000000000000000e+02
1.761632851415380896e-01,8.910000000000000000e+02
1.762847770623253429e-01,8.920000000000000000e+02
1.764062689831126240e-01,8.920000000000000000e+02
1.765277609038998774e-01,8.920000000000000000e+02
1.766492528246871585e-01,8.930000000000000000e+02
1.767707447454744396e-01,8.940000000000000000e+02
1.768922366662616930e-01,8.950000000000000000e+02
1.770137285870489741e-01,8.950000000000000000e+02
1.771352205078362274e-01,8.950000000000000000e+02
1.772567124286235085e-01,8.950000000000000000e+02
1.773782043494107619e-01,8.960000000000000000e+02
1.774996962701980430e-01,8.970000000000000000e+02
1.776211881909852963e-01,8.970000000000000000e+02
1.777426801117725774e-01,8.990000000000000000e+02
1.778641720325598308e-01,8.990000000000000000e+02
1.779856639533471119e-01,8.990000000000000000e+02
1.781071558741343652e-01,9.000000000000000000e+02
1.782286477949216463e-01,9.020000000000000000e+02
1.783501397157088997e-01,9.020000000000000000e+02
1.784716316364961808e-01,9.020000000000000000e+02
1.785931235572834341e-01,9.030000000000000000e+02
1.787146154780707152e-01,9.030000000000000000e+02
1.788361073988579686e-01,9.030000000000000000e+02
1.789575993196452497e-01,9.040000000000000000e+02
1.790790912404325030e-01,9.040000000000000000e+02
1.792005831612197841e-01,9.050000000000000000e+02
1.793220750820070375e-01,9.050000000000000000e+02
1.794435670027943186e-01,9.060000000000000000e+02
1.795650589235815719e-01,9.070000000000000000e+02
1.796865508443688531e-01,9.070000000000000000e+02
1.798080427651561064e-01,9.100000000000000000e+02
1.799295346859433875e-01,9.100000000000000000e+02
1.800510266067306409e-01,9.120000000000000000e+02
1.801725185275179220e-01,9.130000000000000000e+02
1.802940104483051753e-01,9.130000000000000000e+02
1.804155023690924564e-01,9.130000000000000000e+02
1.805369942898797098e-01,9.140000000000000000e+02
1.806584862106669909e-01,9.140000000000000000e+02
1.807799781314542720e-01,9.140000000000000000e+02
1.809014700522415253e-01,9.140000000000000000e+02
1.810229619730288064e-01,9.140000000000000000e+02
1.811444538938160598e-01,9.140000000000000000e+02
1.812659458146033409e-01,9.150000000000000000e+02
1.813874377353905942e-01,9.170000000000000000e+02
1.815089296561778753e-01,9.170000000000000000e+02
1.816304215769651287e-01,9.180000000000000000e+02
1.817519134977524098e-01,9.190000000000000000e+02
1.818734054185396631e-01,9.190000000000000000e+02
1.819948973393269442e-01,9.200000000000000000e+02
1.821163892601141976e-01,9.200000000000000000e+02
1.822378811809014787e-01,9.230000000000000000e+02
1.823593731016887320e-01,9.230000000000000000e+02
1.824808650224760131e-01,9.240000000000000000e+02
1.826023569432632665e-01,9.250000000000000000e+02
1.827238488640505476e-01,9.270000000000000000e+02
1.828453407848378010e-01,9.270000000000000000e+02
1.829668327056250821e-01,9.310000000000000000e+02
1.830883246264123354e-01,9.320000000000000000e+02
1.832098165471996165e-01,9.330000000000000000e+02
1.833313084679868699e-01,9.340000000000000000e+02
1.834528003887741510e-01,9.340000000000000000e+02
1.835742923095614043e-01,9.350000000000000000e+02
1.836957842303486854e-01,9.350000000000000000e+02
1.838172761511359388e-01,9.350000000000000000e+02
1.839387680719232199e-01,9.350000000000000000e+02
1.840602599927104732e-01,9.350000000000000000e+02
1.841817519134977543e-01,9.360000000000000000e+02
1.843032438342850077e-01,9.360000000000000000e+02
1.844247357550722888e-01,9.360000000000000000e+02
1.845462276758595421e-01,9.370000000000000000e+02
1.846677195966468232e-01,9.370000000000000000e+02
1.847892115174341043e-01,9.390000000000000000e+02
1.849107034382213577e-01,9.390000000000000000e+02
1.850321953590086388e-01,9.410000000000000000e+02
1.851536872797958921e-01,9.410000000000000000e+02
1.852751792005831732e-01,9.430000000000000000e+02
1.853966711213704266e-01,9.440000000000000000e+02
1.855181630421577077e-01,9.440000000000000000e+02
1.856396549629449610e-01,9.440000000000000000e+02
1.857611468837322422e-01,9.450000000000000000e+02
1.858826388045194955e-01,9.450000000000000000e+02
1.860041307253067766e-01,9.460000000000000000e+02
1.861256226460940300e-01,9.480000000000000000e+02
1.862471145668813111e-01,9.490000000000000000e+02
1.863686064876685644e-01,9.500000000000000000e+02
1.864900984084558455e-01,9.500000000000000000e+02
1.866115903292430989e-01,9.510000000000000000e+02
1.867330822500303800e-01,9.510000000000000000e+02
1.868545741708176333e-01,9.530000000000000000e+02
1.869760660916049144e-01,9.530000000000000000e+02
1.870975580123921678e-01,9.530000000000000000e+02
1.872190499331794489e-01,9.530000000000000000e+02
1.873405418539667022e-01,9.550000000000000000e+02
1.874620337747539833e-01,9.560000000000000000e+02
1.875835256955412367e-01,9.570000000000000000e+02
1.877050176163285178e-01,9.590000000000000000e+02
1.878265095371157711e-01,9.590000000000000000e+02
1.879480014579030522e-01,9.600000000000000000e+02
1.880694933786903056e-01,9.600000000000000000e+02
1.881909852994775867e-01,9.610000000000000000e+02
1.883124772202648400e-01,9.620000000000000000e+02
1.884339691410521211e-01,9.640000000000000000e+02
1.885554610618393745e-01,9.640000000000000000e+02
1.886769529826266556e-01,9.660000000000000000e+02
1.887984449034139367e-01,9.660000000000000000e+02
1.889199368242011901e-01,9.660000000000000000e+02
1.890414287449884712e-01,9.670000000000000000e+02
1.891629206657757245e-01,9.680000000000000000e+02
1.892844125865630056e-01,9.700000000000000000e+02
1.894059045073502590e-01,9.710000000000000000e+02
1.895273964281375401e-01,9.720000000000000000e+02
1.896488883489247934e-01,9.730000000000000000e+02
1.897703802697120745e-01,9.730000000000000000e+02
1.898918721904993279e-01,9.750000000000000000e+02
1.900133641112866090e-01,9.760000000000000000e+02
1.901348560320738623e-01,9.770000000000000000e+02
1.902563479528611434e-01,9.790000000000000000e+02
1.903778398736483968e-01,9.800000000000000000e+02
1.904993317944356779e-01,9.800000000000000000e+02
1.906208237152229312e-01,9.810000000000000000e+02
1.907423156360102123e-01,9.810000000000000000e+02
1.908638075567974657e-01,9.820000000000000000e+02
1.909852994775847468e-01,9.830000000000000000e+02
1.911067913983720001e-01,9.850000000000000000e+02
1.912282833191592812e-01,9.890000000000000000e+02
1.913497752399465346e-01,9.910000000000000000e+02
1.914712671607338157e-01,9.910000000000000000e+02
1.915927590815210690e-01,9.910000000000000000e+02
1.917142510023083501e-01,9.910000000000000000e+02
1.918357429230956035e-01,9.930000000000000000e+02
1.919572348438828846e-01,9.930000000000000000e+02
1.920787267646701379e-01,9.940000000000000000e+02
1.922002186854574191e-01,9.940000000000000000e+02
1.923217106062446724e-01,9.940000000000000000e+02
1.924432025270319535e-01,9.950000000000000000e+02
1.925646944478192069e-01,9.960000000000000000e+02
1.926861863686064880e-01,9.970000000000000000e+02
1.928076782893937691e-01,9.970000000000000000e+02
1.929291702101810224e-01,9.980000000000000000e+02
1.930506621309683035e-01,1.000000000000000000e+03
1.931721540517555569e-01,1.002000000000000000e+03
1.932936459725428380e-01,1.002000000000000000e+03
1.934151378933300913e-01,1.007000000000000000e+03
1.935366298141173724e-01,1.008000000000000000e+03
1.936581217349046258e-01,1.008000000000000000e+03
1.937796136556919069e-01,1.010000000000000000e+03
1.939011055764791602e-01,1.010000000000000000e+03
1.940225974972664413e-01,1.011000000000000000e+03
1.941440894180536947e-01,1.012000000000000000e+03
1.942655813388409758e-01,1.013000000000000000e+03
1.943870732596282291e-01,1.013000000000000000e+03
1.945085651804155102e-01,1.018000000000000000e+03
1.946300571012027636e-01,1.019000000000000000e+03
1.947515490219900447e-01,1.019000000000000000e+03
1.948730409427772980e-01,1.019000000000000000e+03
1.949945328635645792e-01,1.019000000000000000e+03
1.951160247843518325e-01,1.020000000000000000e+03
1.952375167051391136e-01,1.021000000000000000e+03
1.953590086259263670e-01,1.022000000000000000e+03
1.954805005467136481e-01,1.025000000000000000e+03
1.956019924675009014e-01,1.030000000000000000e+03
1.957234843882881825e-01,1.031000000000000000e+03
1.958449763090754359e-01,1.031000000000000000e+03
1.959664682298627170e-01,1.032000000000000000e+03
1.960879601506499703e-01,1.032000000000000000e+03
1.962094520714372514e-01,1.039000000000000000e+03
1.963309439922245048e-01,1.040000000000000000e+03
1.964524359130117859e-01,1.041000000000000000e+03
1.965739278337990392e-01,1.041000000000000000e+03
1.966954197545863203e-01,1.042000000000000000e+03
1.968169116753736014e-01,1.042000000000000000e+03
1.969384035961608548e-01,1.045000000000000000e+03
1.970598955169481359e-01,1.046000000000000000e+03
1.971813874377353892e-01,1.047000000000000000e+03
1.973028793585226703e-01,1.048000000000000000e+03
1.974243712793099237e-01,1.050000000000000000e+03
1.975458632000972048e-01,1.050000000000000000e+03
1.976673551208844581e-01,1.052000000000000000e+03
1.977888470416717392e-01,1.052000000000000000e+03
1.979103389624589926e-01,1.054000000000000000e+03
1.980318308832462737e-01,1.055000000000000000e+03
1.981533228040335270e-01,1.056000000000000000e+03
1.982748147248208082e-01,1.057000000000000000e+03
1.983963066456080615e-01,1.058000000000000000e+03
1.985177985663953426e-01,1.058000000000000000e+03
1.986392904871825960e-01,1.058000000000000000e+03
1.987607824079698771e-01,1.058000000000000000e+03
1.988822743287571304e-01,1.059000000000000000e+03
1.990037662495444115e-01,1.060000000000000000e+03
1.991252581703316649e-01,1.061000000000000000e+03
1.992467500911189460e-01,1.061000000000000000e+03
1.993682420119061993e-01,1.061000000000000000e+03
1.994897339326934804e-01,1.062000000000000000e+03
1.996112258534807338e-01,1.062000000000000000e+03
1.997327177742680149e-01,1.063000000000000000e+03
1.998542096950552682e-01,1.063000000000000000e+03
1.999757016158425493e-01,1.066000000000000000e+03
2.000971935366298027e-01,1.066000000000000000e+03
2.002186854574170838e-01,1.070000000000000000e+03
2.003401773782043371e-01,1.070000000000000000e+03
2.004616692989916182e-01,1.072000000000000000e+03
2.005831612197788716e-01,1.073000000000000000e+03
2.007046531405661527e-01,1.076000000000000000e+03
2.008261450613534338e-01,1.077000000000000000e+03
2.009476369821406871e-01,1.078000000000000000e+03
2.010691289029279682e-01,1.078000000000000000e+03
2.011906208237152216e-01,1.079000000000000000e+03
2.013121127445025027e-01,1.079000000000000000e+03
2.014336046652897561e-01,1.080000000000000000e+03
2.015550965860770372e-01,1.080000000000000000e+03
2.016765885068642905e-01,1.081000000000000000e+03
2.017980804276515716e-01,1.082000000000000000e+03
2.019195723484388250e-01,1.082000000000000000e+03
2.020410642692261061e-01,1.082000000000000000e+03
2.021625561900133594e-01,1.083000000000000000e+03
2.022840481108006405e-01,1.084000000000000000e+03
2.024055400315878939e-01,1.085000000000000000e+03
2.025270319523751750e-01,1.086000000000000000e+03
2.026485238731624283e-01,1.087000000000000000e+03
2.027700157939497094e-01,1.088000000000000000e+03
2.028915077147369628e-01,1.089000000000000000e+03
2.030129996355242439e-01,1.092000000000000000e+03
2.031344915563114972e-01,1.092000000000000000e+03
2.032559834770987783e-01,1.093000000000000000e+03
2.033774753978860317e-01,1.094000000000000000e+03
2.034989673186733128e-01,1.096000000000000000e+03
2.036204592394605661e-01,1.098000000000000000e+03
2.037419511602478472e-01,1.098000000000000000e+03
2.038634430810351006e-01,1.098000000000000000e+03
2.039849350018223817e-01,1.098000000000000000e+03
2.041064269226096350e-01,1.099000000000000000e+03
2.042279188433969161e-01,1.099000000000000000e+03
2.043494107641841695e-01,1.101000000000000000e+03
2.044709026849714506e-01,1.101000000000000000e+03
2.045923946057587040e-01,1.101000000000000000e+03
2.047138865265459851e-01,1.104000000000000000e+03
2.048353784473332662e-01,1.104000000000000000e+03
2.049568703681205195e-01,1.106000000000000000e+03
2.050783622889078006e-01,1.106000000000000000e+03
2.051998542096950540e-01,1.107000000000000000e+03
2.053213461304823351e-01,1.107000000000000000e+03
2.054428380512695884e-01,1.108000000000000000e+03
2.055643299720568695e-01,1.108000000000000000e+03
2.056858218928441229e-01,1.109000000000000000e+03
2.058073138136314040e-01,1.109000000000000000e+03
2.059288057344186573e-01,1.110000000000000000e+03
2.060502976552059384e-01,1.111000000000000000e+03
2.061717895759931918e-01,1.112000000000000000e+03
2.062932814967804729e-01,1.113000000000000000e+03
2.064147734175677262e-01,1.113000000000000000e+03
2.065362653383550073e-01,1.115000000000000000e+03
2.066577572591422607e-01,1.116000000000000000e+03
2.067792491799295418e-01,1.117000000000000000e+03
2.069007411007167951e-01,1.118000000000000000e+03
2.070222330215040762e-01,1.124000000000000000e+03
2.071437249422913296e-01,1.124000000000000000e+03
2.072652168630786107e-01,1.124000000000000000e+03
2.073867087838658640e-01,1.124000000000000000e+03
2.075082007046531452e-01,1.125000000000000000e+03
2.076296926254403985e-01,1.125000000000000000e+03
2.077511845462276796e-01,1.125000000000000000e+03
2.078726764670149330e-01,1.126000000000000000e+03
2.079941683878022141e-01,1.126000000000000000e+03
2.081156603085894674e-01,1.127000000000000000e+03
2.082371522293767485e-01,1.128000000000000000e+03
2.083586441501640019e-01,1.128000000000000000e+03
2.084801360709512830e-01,1.129000000000000000e+03
2.086016279917385363e-01,1.129000000000000000e+03
2.087231199125258174e-01,1.131000000000000000e+03
2.088446118333130985e-01,1.131000000000000000e+03
2.089661037541003519e-01,1.131000000000000000e+03
2.090875956748876330e-01,1.132000000000000000e+03
2.092090875956748863e-01,1.133000000000000000e+03
2.093305795164621674e-01,1.133000000000000000e+03
2.094520714372494208e-01,1.135000000000000000e+03
2.095735633580367019e-01,1.135000000000000000e+03
2.096950552788239552e-01,1.136000000000000000e+03
2.098165471996112363e-01,1.136000000000000000e+03
2.099380391203984897e-01,1.138000000000000000e+03
2.100595310411857708e-01,1.139000000000000000e+03
2.101810229619730241e-01,1.143000000000000000e+03
2.103025148827603052e-01,1.144000000000000000e+03
2.104240068035475586e-01,1.144000000000000000e+03
2.105454987243348397e-01,1.144000000000000000e+03
2.106669906451220931e-01,1.148000000000000000e+03
2.107884825659093742e-01,1.149000000000000000e+03
2.109099744866966275e-01,1.149000000000000000e+03
2.110314664074839086e-01,1.150000000000000000e+03
2.111529583282711620e-01,1.152000000000000000e+03
2.112744502490584431e-01,1.152000000000000000e+03
2.113959421698456964e-01,1.152000000000000000e+03
2.115174340906329775e-01,1.153000000000000000e+03
2.116389260114202309e-01,1.154000000000000000e+03
2.117604179322075120e-01,1.154000000000000000e+03
2.118819098529947653e-01,1.155000000000000000e+03
2.120034017737820464e-01,1.156000000000000000e+03
2.121248936945692998e-01,1.157000000000000000e+03
2.122463856153565809e-01,1.157000000000000000e+03
2.123678775361438342e-01,1.160000000000000000e+03
2.124893694569311153e-01,1.161000000000000000e+03
2.126108613777183687e-01,1.161000000000000000e+03
2.127323532985056498e-01,1.163000000000000000e+03
2.128538452192929309e-01,1.166000000000000000e+03
2.129753371400801842e-01,1.167000000000000000e+03
2.130968290608674653e-01,1.167000000000000000e+03
2.132183209816547187e-01,1.168000000000000000e+03
2.133398129024419998e-01,1.169000000000000000e+03
2.134613048232292531e-01,1.170000000000000000e+03
2.135827967440165343e-01,1.170000000000000000e+03
2.137042886648037876e-01,1.171000000000000000e+03
2.138257805855910687e-01,1.172000000000000000e+03
2.139472725063783221e-01,1.172000000000000000e+03
2.140687644271656032e-01,1.172000000000000000e+03
2.141902563479528565e-01,1.172000000000000000e+03
2.143117482687401376e-01,1.173000000000000000e+03
2.144332401895273910e-01,1.174000000000000000e+03
2.145547321103146721e-01,1.174000000000000000e+03
2.146762240311019254e-01,1.175000000000000000e+03
2.147977159518892065e-01,1.175000000000000000e+03
2.149192078726764599e-01,1.175000000000000000e+03
2.150406997934637410e-01,1.176000000000000000e+03
2.151621917142509943e-01,1.178000000000000000e+03
2.152836836350382754e-01,1.180000000000000000e+03
2.154051755558255288e-01,1.181000000000000000e+03
2.155266674766128099e-01,1.181000000000000000e+03
2.156481593974000632e-01,1.181000000000000000e+03
2.157696513181873443e-01,1.181000000000000000e+03
2.158911432389745977e-01,1.182000000000000000e+03
2.160126351597618788e-01,1.182000000000000000e+03
2.161341270805491321e-01,1.184000000000000000e+03
2.162556190013364132e-01,1.184000000000000000e+03
2.163771109221236666e-01,1.185000000000000000e+03
2.164986028429109477e-01,1.186000000000000000e+03
2.166200947636982010e-01,1.187000000000000000e+03
2.167415866844854822e-01,1.190000000000000000e+03
2.168630786052727633e-01,1.191000000000000000e+03
2.169845705260600166e-01,1.192000000000000000e+03
2.171060624468472977e-01,1.193000000000000000e+03
2.172275543676345511e-01,1.193000000000000000e+03
2.173490462884218322e-01,1.193000000000000000e+03
2.174705382092090855e-01,1.194000000000000000e+03
2.175920301299963666e-01,1.196000000000000000e+03
2.177135220507836200e-01,1.196000000000000000e+03
2.178350139715709011e-01,1.197000000000000000e+03
2.179565058923581544e-01,1.198000000000000000e+03
2.180779978131454355e-01,1.202000000000000000e+03
2.181994897339326889e-01,1.202000000000000000e+03
2.183209816547199700e-01,1.202000000000000000e+03
2.184424735755072233e-01,1.204000000000000000e+03
2.185639654962945044e-01,1.207000000000000000e+03
2.186854574170817578e-01,1.208000000000000000e+03
2.188069493378690389e-01,1.208000000000000000e+03
2.189284412586562922e-01,1.209000000000000000e+03
2.190499331794435733e-01,1.211000000000000000e+03
2.191714251002308267e-01,1.212000000000000000e+03
2.192929170210181078e-01,1.212000000000000000e+03
2.194144089418053611e-01,1.213000000000000000e+03
2.195359008625926422e-01,1.213000000000000000e+03
2.196573927833798956e-01,1.214000000000000000e+03
2.197788847041671767e-01,1.215000000000000000e+03
2.199003766249544300e-01,1.215000000000000000e+03
2.200218685457417112e-01,1.217000000000000000e+03
2.201433604665289645e-01,1.217000000000000000e+03
2.202648523873162456e-01,1.218000000000000000e+03
2.203863443081034990e-01,1.218000000000000000e+03
2.205078362288907801e-01,1.221000000000000000e+03
2.206293281496780334e-01,1.223000000000000000e+03
2.207508200704653145e-01,1.223000000000000000e+03
2.208723119912525956e-01,1.223000000000000000e+03
2.209938039120398490e-01,1.225000000000000000e+03
2.211152958328271301e-01,1.226000000000000000e+03
2.212367877536143834e-01,1.227000000000000000e+03
2.213582796744016645e-01,1.228000000000000000e+03
2.214797715951889179e-01,1.229000000000000000e+03
2.216012635159761990e-01,1.229000000000000000e+03
2.217227554367634523e-01,1.229000000000000000e+03
2.218442473575507334e-01,1.229000000000000000e+03
2.219657392783379868e-01,1.230000000000000000e+03
2.220872311991252679e-01,1.230000000000000000e+03
2.222087231199125212e-01,1.231000000000000000e+03
2.223302150406998023e-01,1.231000000000000000e+03
2.224517069614870557e-01,1.231000000000000000e+03
2.225731988822743368e-01,1.235000000000000000e+03
2.226946908030615901e-01,1.237000000000000000e+03
2.228161827238488712e-01,1.238000000000000000e+03
2.229376746446361246e-01,1.238000000000000000e+03
2.230591665654234057e-01,1.240000000000000000e+03
2.231806584862106591e-01,1.240000000000000000e+03
2.233021504069979402e-01,1.242000000000000000e+03
2.234236423277851935e-01,1.244000000000000000e+03
2.235451342485724746e-01,1.245000000000000000e+03
2.236666261693597280e-01,1.245000000000000000e+03
2.237881180901470091e-01,1.246000000000000000e+03
2.239096100109342624e-01,1.246000000000000000e+03
2.240311019317215435e-01,1.247000000000000000e+03
2.241525938525087969e-01,1.247000000000000000e+03
2.242740857732960780e-01,1.247000000000000000e+03
2.243955776940833313e-01,1.249000000000000000e+03
2.245170696148706124e-01,1.249000000000000000e+03
2.246385615356578658e-01,1.250000000000000000e+03
2.247600534564451469e-01,1.250000000000000000e+03
2.248815453772324280e-01,1.251000000000000000e+03
2.250030372980196813e-01,1.251000000000000000e+03
2.251245292188069624e-01,1.252000000000000000e+03
2.252460211395942158e-01,1.255000000000000000e+03
2.253675130603814969e-01,1.257000000000000000e+03
2.254890049811687502e-01,1.257000000000000000e+03
2.256104969019560313e-01,1.258000000000000000e+03
2.257319888227432847e-01,1.259000000000000000e+03
2.258534807435305658e-01,1.259000000000000000e+03
2.259749726643178191e-01,1.260000000000000000e+03
2.260964645851051003e-01,1.261000000000000000e+03
2.262179565058923536e-01,1.264000000000000000e+03
2.263394484266796347e-01,1.264000000000000000e+03
2.264609403474668881e-01,1.265000000000000000e+03
2.265824322682541692e-01,1.265000000000000000e+03
2.267039241890414225e-01,1.266000000000000000e+03
2.268254161098287036e-01,1.267000000000000000e+03
2.269469080306159570e-01,1.268000000000000000e+03
2.270683999514032381e-01,1.269000000000000000e+03
2.271898918721904914e-01,1.269000000000000000e+03
2.273113837929777725e-01,1.270000000000000000e+03
2.274328757137650259e-01,1.270000000000000000e+03
2.275543676345523070e-01,1.272000000000000000e+03
2.276758595553395603e-01,1.272000000000000000e+03
2.277973514761268414e-01,1.273000000000000000e+03
2.279188433969140948e-01,1.273000000000000000e+03
2.280403353177013759e-01,1.274000000000000000e+03
2.281618272384886292e-01,1.274000000000000000e+03
2.282833191592759103e-01,1.276000000000000000e+03
2.284048110800631637e-01,1.277000000000000000e+03
2.285263030008504448e-01,1.277000000000000000e+03
2.286477949216376981e-01,1.279000000000000000e+03
2.287692868424249792e-01,1.279000000000000000e+03
2.288907787632122603e-01,1.279000000000000000e+03
2.290122706839995137e-01,1.281000000000000000e+03
2.291337626047867948e-01,1.284000000000000000e+03
2.292552545255740482e-01,1.285000000000000000e+03
2.293767464463613293e-01,1.286000000000000000e+03
2.294982383671485826e-01,1.288000000000000000e+03
2.296197302879358637e-01,1.289000000000000000e+03
2.297412222087231171e-01,1.289000000000000000e+03
2.298627141295103982e-01,1.290000000000000000e+03
2.299842060502976515e-01,1.293000000000000000e+03
2.301056979710849326e-01,1.295000000000000000e+03
2.302271898918721860e-01,1.299000000000000000e+03
2.303486818126594671e-01,1.299000000000000000e+03
2.304701737334467204e-01,1.299000000000000000e+03
2.305916656542340015e-01,1.299000000000000000e+03
2.307131575750212549e-01,1.301000000000000000e+03
2.308346494958085360e-01,1.302000000000000000e+03
2.309561414165957893e-01,1.303000000000000000e+03
2.310776333373830704e-01,1.304000000000000000e+03
2.311991252581703238e-01,1.305000000000000000e+03
2.313206171789576049e-01,1.309000000000000000e+03
2.314421090997448582e-01,1.310000000000000000e+03
2.315636010205321393e-01,1.312000000000000000e+03
2.316850929413193927e-01,1.314000000000000000e+03
2.318065848621066738e-01,1.315000000000000000e+03
2.319280767828939271e-01,1.315000000000000000e+03
2.320495687036812082e-01,1.315000000000000000e+03
2.321710606244684616e-01,1.316000000000000000e+03
2.322925525452557427e-01,1.317000000000000000e+03
2.324140444660429961e-01,1.317000000000000000e+03
2.325355363868302772e-01,1.318000000000000000e+03
2.326570283076175305e-01,1.320000000000000000e+03
2.327785202284048116e-01,1.320000000000000000e+03
2.329000121491920927e-01,1.320000000000000000e+03
2.330215040699793461e-01,1.322000000000000000e+03
2.331429959907666272e-01,1.322000000000000000e+03
2.332644879115538805e-01,1.323000000000000000e+03
2.333859798323411616e-01,1.324000000000000000e+03
2.335074717531284150e-01,1.324000000000000000e+03
2.336289636739156961e-01,1.324000000000000000e+03
2.337504555947029494e-01,1.327000000000000000e+03
2.338719475154902305e-01,1.327000000000000000e+03
2.339934394362774839e-01,1.327000000000000000e+03
2.341149313570647650e-01,1.328000000000000000e+03
2.342364232778520183e-01,1.329000000000000000e+03
2.343579151986392994e-01,1.335000000000000000e+03
2.344794071194265528e-01,1.336000000000000000e+03
2.346008990402138339e-01,1.337000000000000000e+03
2.347223909610010872e-01,1.337000000000000000e+03
2.348438828817883683e-01,1.337000000000000000e+03
2.349653748025756217e-01,1.338000000000000000e+03
2.350868667233629028e-01,1.339000000000000000e+03
2.352083586441501561e-01,1.341000000000000000e+03
2.353298505649374373e-01,1.341000000000000000e+03
2.354513424857246906e-01,1.342000000000000000e+03
2.355728344065119717e-01,1.344000000000000000e+03
2.356943263272992251e-01,1.345000000000000000e+03
2.358158182480865062e-01,1.345000000000000000e+03
2.359373101688737595e-01,1.346000000000000000e+03
2.360588020896610406e-01,1.349000000000000000e+03
2.361802940104482940e-01,1.349000000000000000e+03
2.363017859312355751e-01,1.350000000000000000e+03
2.364232778520228284e-01,1.350000000000000000e+03
2.365447697728101095e-01,1.351000000000000000e+03
2.366662616935973629e-01,1.352000000000000000e+03
2.367877536143846440e-01,1.353000000000000000e+03
2.369092455351719251e-01,1.353000000000000000e+03
2.370307374559591784e-01,1.353000000000000000e+03
2.371522293767464595e-01,1.354000000000000000e+03
2.372737212975337129e-01,1.354000000000000000e+03
2.373952132183209940e-01,1.355000000000000000e+03
2.375167051391082473e-01,1.356000000000000000e+03
2.376381970598955284e-01,1.356000000000000000e+03
2.377596889806827818e-01,1.357000000000000000e+03
2.378811809014700629e-01,1.357000000000000000e+03
2.380026728222573162e-01,1.358000000000000000e+03
2.381241647430445973e-01,1.359000000000000000e+03
2.382456566638318507e-01,1.363000000000000000e+03
2.383671485846191318e-01,1.364000000000000000e+03
2.384886405054063852e-01,1.365000000000000000e+03
2.386101324261936663e-01,1.365000000000000000e+03
2.387316243469809196e-01,1.366000000000000000e+03
2.388531162677682007e-01,1.366000000000000000e+03
2.389746081885554541e-01,1.368000000000000000e+03
2.390961001093427352e-01,1.368000000000000000e+03
2.392175920301299885e-01,1.370000000000000000e+03
2.393390839509172696e-01,1.370000000000000000e+03
2.394605758717045230e-01,1.371000000000000000e+03
2.395820677924918041e-01,1.371000000000000000e+03
2.397035597132790574e-01,1.375000000000000000e+03
2.398250516340663385e-01,1.375000000000000000e+03
2.399465435548535919e-01,1.376000000000000000e+03
2.400680354756408730e-01,1.378000000000000000e+03
2.401895273964281263e-01,1.379000000000000000e+03
2.403110193172154074e-01,1.380000000000000000e+03
2.404325112380026608e-01,1.380000000000000000e+03
2.405540031587899419e-01,1.380000000000000000e+03
2.406754950795771952e-01,1.380000000000000000e+03
2.407969870003644763e-01,1.380000000000000000e+03
2.409184789211517574e-01,1.380000000000000000e+03
2.410399708419390108e-01,1.380000000000000000e+03
2.411614627627262919e-01,1.381000000000000000e+03
2.412829546835135452e-01,1.381000000000000000e+03
2.414044466043008264e-01,1.383000000000000000e+03
2.415259385250880797e-01,1.383000000000000000e+03
2.416474304458753608e-01,1.383000000000000000e+03
2.417689223666626142e-01,1.384000000000000000e+03
2.418904142874498953e-01,1.385000000000000000e+03
2.420119062082371486e-01,1.385000000000000000e+03
2.421333981290244297e-01,1.386000000000000000e+03
2.422548900498116831e-01,1.387000000000000000e+03
2.423763819705989642e-01,1.388000000000000000e+03
2.424978738913862175e-01,1.389000000000000000e+03
2.426193658121734986e-01,1.390000000000000000e+03
2.427408577329607520e-01,1.390000000000000000e+03
2.428623496537480331e-01,1.391000000000000000e+03
2.429838415745352864e-01,1.391000000000000000e+03
2.431053334953225675e-01,1.396000000000000000e+03
2.432268254161098209e-01,1.396000000000000000e+03
2.433483173368971020e-01,1.397000000000000000e+03
2.434698092576843553e-01,1.397000000000000000e+03
2.435913011784716364e-01,1.397000000000000000e+03
2.437127930992588898e-01,1.398000000000000000e+03
2.438342850200461709e-01,1.399000000000000000e+03
2.439557769408334242e-01,1.400000000000000000e+03
2.440772688616207053e-01,1.401000000000000000e+03
2.441987607824079587e-01,1.402000000000000000e+03
2.443202527031952398e-01,1.402000000000000000e+03
2.444417446239824931e-01,1.402000000000000000e+03
2.445632365447697742e-01,1.402000000000000000e+03
2.446847284655570276e-01,1.403000000000000000e+03
2.448062203863443087e-01,1.405000000000000000e+03
2.449277123071315898e-01,1.408000000000000000e+03
2.450492042279188432e-01,1.408000000000000000e+03
2.451706961487061243e-01,1.408000000000000000e+03
2.452921880694933776e-01,1.410000000000000000e+03
2.454136799902806587e-01,1.410000000000000000e+03
2.455351719110679121e-01,1.410000000000000000e+03
2.456566638318551932e-01,1.411000000000000000e+03
2.457781557526424465e-01,1.412000000000000000e+03
2.458996476734297276e-01,1.413000000000000000e+03
2.460211395942169810e-01,1.413000000000000000e+03
2.461426315150042621e-01,1.415000000000000000e+03
2.462641234357915154e-01,1.415000000000000000e+03
2.463856153565787965e-01,1.415000000000000000e+03
2.465071072773660499e-01,1.415000000000000000e+03
2.466285991981533310e-01,1.416000000000000000e+03
2.467500911189405843e-01,1.417000000000000000e+03
2.468715830397278654e-01,1.417000000000000000e+03
2.469930749605151188e-01,1.420000000000000000e+03
2.471145668813023999e-01,1.421000000000000000e+03
2.472360588020896532e-01,1.424000000000000000e+03
2.473575507228769343e-01,1.425000000000000000e+03
2.474790426436641877e-01,1.425000000000000000e+03
2.476005345644514688e-01,1.425000000000000000e+03
2.477220264852387221e-01,1.425000000000000000e+03
2.478435184060260033e-01,1.427000000000000000e+03
2.479650103268132566e-01,1.427000000000000000e+03
2.480865022476005377e-01,1.433000000000000000e+03
2.482079941683877911e-01,1.433000000000000000e+03
2.483294860891750722e-01,1.433000000000000000e+03
2.484509780099623255e-01,1.434000000000000000e+03
2.485724699307496066e-01,1.434000000000000000e+03
2.486939618515368600e-01,1.434000000000000000e+03
2.488154537723241411e-01,1.435000000000000000e+03
2.489369456931114222e-01,1.435000000000000000e+03
2.490584376138986755e-01,1.437000000000000000e+03
2.491799295346859566e-01,1.437000000000000000e+03
2.493014214554732100e-01,1.438000000000000000e+03
2.494229133762604911e-01,1.440000000000000000e+03
2.495444052970477444e-01,1.441000000000000000e+03
2.496658972178350255e-01,1.441000000000000000e+03
2.497873891386222789e-01,1.441000000000000000e+03
2.499088810594095600e-01,1.441000000000000000e+03
2.500303729801968133e-01,1.442000000000000000e+03
2.501518649009840667e-01,1.442000000000000000e+03
2.502733568217713755e-01,1.443000000000000000e+03
2.503948487425586289e-01,1.444000000000000000e+03
2.505163406633458822e-01,1.447000000000000000e+03
2.506378325841331356e-01,1.447000000000000000e+03
2.507593245049204445e-01,1.448000000000000000e+03
2.508808164257076978e-01,1.449000000000000000e+03
2.510023083464949512e-01,1.449000000000000000e+03
2.511238002672822045e-01,1.450000000000000000e+03
2.512452921880695134e-01,1.451000000000000000e+03
2.513667841088567667e-01,1.452000000000000000e+03
2.514882760296440201e-01,1.453000000000000000e+03
2.516097679504312734e-01,1.455000000000000000e+03
2.517312598712185823e-01,1.455000000000000000e+03
2.518527517920058356e-01,1.459000000000000000e+03
2.519742437127930890e-01,1.459000000000000000e+03
2.520957356335803423e-01,1.459000000000000000e+03
2.522172275543676512e-01,1.467000000000000000e+03
2.523387194751549045e-01,1.467000000000000000e+03
2.524602113959421579e-01,1.468000000000000000e+03
2.525817033167294112e-01,1.469000000000000000e+03
2.527031952375167201e-01,1.470000000000000000e+03
2.528246871583039734e-01,1.471000000000000000e+03
2.529461790790912268e-01,1.472000000000000000e+03
2.530676709998785356e-01,1.474000000000000000e+03
2.531891629206657890e-01,1.475000000000000000e+03
2.533106548414530423e-01,1.475000000000000000e+03
2.534321467622402957e-01,1.476000000000000000e+03
2.535536386830276046e-01,1.476000000000000000e+03
2.536751306038148579e-01,1.476000000000000000e+03
2.537966225246021112e-01,1.478000000000000000e+03
2.539181144453893646e-01,1.479000000000000000e+03
2.540396063661766735e-01,1.480000000000000000e+03
2.541610982869639268e-01,1.480000000000000000e+03
2.542825902077511802e-01,1.480000000000000000e+03
2.544040821285384335e-01,1.480000000000000000e+03
2.545255740493257424e-01,1.481000000000000000e+03
2.546470659701129957e-01,1.481000000000000000e+03
2.547685578909002491e-01,1.483000000000000000e+03
2.548900498116875024e-01,1.483000000000000000e+03
2.550115417324748113e-01,1.485000000000000000e+03
2.551330336532620646e-01,1.485000000000000000e+03
2.552545255740493180e-01,1.486000000000000000e+03
2.553760174948365713e-01,1.487000000000000000e+03
2.554975094156238802e-01,1.487000000000000000e+03
2.556190013364111335e-01,1.487000000000000000e+03
2.557404932571983869e-01,1.487000000000000000e+03
2.558619851779856402e-01,1.490000000000000000e+03
2.559834770987729491e-01,1.491000000000000000e+03
2.561049690195602024e-01,1.493000000000000000e+03
2.562264609403474558e-01,1.493000000000000000e+03
2.563479528611347091e-01,1.493000000000000000e+03
2.564694447819220180e-01,1.495000000000000000e+03
2.565909367027092713e-01,1.496000000000000000e+03
2.567124286234965247e-01,1.497000000000000000e+03
2.568339205442837780e-01,1.500000000000000000e+03
2.569554124650710869e-01,1.501000000000000000e+03
2.570769043858583403e-01,1.504000000000000000e+03
2.571983963066455936e-01,1.505000000000000000e+03
2.573198882274329025e-01,1.505000000000000000e+03
2.574413801482201558e-01,1.506000000000000000e+03
2.575628720690074092e-01,1.507000000000000000e+03
2.576843639897946625e-01,1.508000000000000000e+03
2.578058559105819714e-01,1.509000000000000000e+03
2.579273478313692247e-01,1.511000000000000000e+03
2.580488397521564781e-01,1.511000000000000000e+03
2.581703316729437314e-01,1.514000000000000000e+03
2.582918235937310403e-01,1.514000000000000000e+03
2.584133155145182936e-01,1.515000000000000000e+03
2.585348074353055470e-01,1.516000000000000000e+03
2.586562993560928003e-01,1.516000000000000000e+03
2.587777912768801092e-01,1.517000000000000000e+03
2.588992831976673625e-01,1.518000000000000000e+03
2.590207751184546159e-01,1.518000000000000000e+03
2.591422670392418692e-01,1.519000000000000000e+03
2.592637589600291781e-01,1.519000000000000000e+03
2.593852508808164314e-01,1.519000000000000000e+03
2.595067428016036848e-01,1.519000000000000000e+03
2.596282347223909381e-01,1.521000000000000000e+03
2.597497266431782470e-01,1.522000000000000000e+03
2.598712185639655003e-01,1.523000000000000000e+03
2.599927104847527537e-01,1.524000000000000000e+03
2.601142024055400070e-01,1.524000000000000000e+03
2.602356943263273159e-01,1.524000000000000000e+03
2.603571862471145693e-01,1.527000000000000000e+03
2.604786781679018226e-01,1.528000000000000000e+03
2.606001700886890760e-01,1.529000000000000000e+03
2.607216620094763848e-01,1.529000000000000000e+03
2.608431539302636382e-01,1.530000000000000000e+03
2.609646458510508915e-01,1.530000000000000000e+03
2.610861377718382004e-01,1.530000000000000000e+03
2.612076296926254537e-01,1.531000000000000000e+03
2.613291216134127071e-01,1.534000000000000000e+03
2.614506135341999604e-01,1.535000000000000000e+03
2.615721054549872693e-01,1.540000000000000000e+03
2.616935973757745226e-01,1.540000000000000000e+03
2.618150892965617760e-01,1.542000000000000000e+03
2.619365812173490293e-01,1.542000000000000000e+03
2.620580731381363382e-01,1.543000000000000000e+03
2.621795650589235915e-01,1.544000000000000000e+03
2.623010569797108449e-01,1.544000000000000000e+03
2.624225489004980982e-01,1.545000000000000000e+03
2.625440408212854071e-01,1.545000000000000000e+03
2.626655327420726604e-01,1.546000000000000000e+03
2.627870246628599138e-01,1.546000000000000000e+03
2.629085165836471671e-01,1.547000000000000000e+03
2.630300085044344760e-01,1.547000000000000000e+03
2.631515004252217294e-01,1.547000000000000000e+03
2.632729923460089827e-01,1.549000000000000000e+03
2.633944842667962360e-01,1.550000000000000000e+03
2.635159761875835449e-01,1.550000000000000000e+03
2.636374681083707983e-01,1.550000000000000000e+03
2.637589600291580516e-01,1.550000000000000000e+03
2.638804519499453050e-01,1.551000000000000000e+03
2.640019438707326138e-01,1.552000000000000000e+03
2.641234357915198672e-01,1.552000000000000000e+03
2.642449277123071205e-01,1.553000000000000000e+03
2.643664196330943739e-01,1.553000000000000000e+03
2.644879115538816827e-01,1.553000000000000000e+03
2.646094034746689361e-01,1.554000000000000000e+03
2.647308953954561894e-01,1.554000000000000000e+03
2.648523873162434428e-01,1.555000000000000000e+03
2.649738792370307516e-01,1.555000000000000000e+03
2.650953711578180050e-01,1.555000000000000000e+03
2.652168630786052583e-01,1.559000000000000000e+03
2.653383549993925672e-01,1.562000000000000000e+03
2.654598469201798205e-01,1.562000000000000000e+03
2.655813388409670739e-01,1.563000000000000000e+03
2.657028307617543272e-01,1.563000000000000000e+03
2.658243226825416361e-01,1.564000000000000000e+03
2.659458146033288894e-01,1.564000000000000000e+03
2.660673065241161428e-01,1.564000000000000000e+03
2.661887984449033961e-01,1.564000000000000000e+03
2.663102903656907050e-01,1.568000000000000000e+03
2.664317822864779584e-01,1.569000000000000000e+03
2.665532742072652117e-01,1.570000000000000000e+03
2.666747661280524651e-01,1.571000000000000000e+03
2.667962580488397739e-01,1.573000000000000000e+03
2.669177499696270273e-01,1.574000000000000000e+03
2.670392418904142806e-01,1.576000000000000000e+03
2.671607338112015340e-01,1.576000000000000000e+03
2.672822257319888428e-01,1.577000000000000000e+03
2.674037176527760962e-01,1.579000000000000000e+03
2.675252095735633495e-01,1.580000000000000000e+03
2.676467014943506029e-01,1.584000000000000000e+03
2.677681934151379117e-01,1.587000000000000000e+03
2.678896853359251651e-01,1.588000000000000000e+03
2.680111772567124184e-01,1.589000000000000000e+03
2.681326691774996718e-01,1.589000000000000000e+03
2.682541610982869806e-01,1.590000000000000000e+03
2.683756530190742340e-01,1.593000000000000000e+03
2.684971449398614873e-01,1.595000000000000000e+03
2.686186368606487407e-01,1.595000000000000000e+03
2.687401287814360495e-01,1.596000000000000000e+03
2.688616207022233029e-01,1.597000000000000000e+03
2.689831126230105562e-01,1.601000000000000000e+03
2.691046045437978651e-01,1.601000000000000000e+03
2.692260964645851185e-01,1.602000000000000000e+03
2.693475883853723718e-01,1.602000000000000000e+03
2.694690803061596251e-01,1.603000000000000000e+03
2.695905722269469340e-01,1.604000000000000000e+03
2.697120641477341874e-01,1.604000000000000000e+03
2.698335560685214407e-01,1.605000000000000000e+03
2.699550479893086941e-01,1.606000000000000000e+03
2.700765399100960029e-01,1.609000000000000000e+03
2.701980318308832563e-01,1.612000000000000000e+03
2.703195237516705096e-01,1.612000000000000000e+03
2.704410156724577630e-01,1.612000000000000000e+03
2.705625075932450718e-01,1.612000000000000000e+03
2.706839995140323252e-01,1.616000000000000000e+03
2.708054914348195785e-01,1.618000000000000000e+03
2.709269833556068319e-01,1.619000000000000000e+03
2.710484752763941407e-01,1.620000000000000000e+03
2.711699671971813941e-01,1.620000000000000000e+03
2.712914591179686474e-01,1.621000000000000000e+03
2.714129510387559008e-01,1.622000000000000000e+03
2.715344429595432096e-01,1.622000000000000000e+03
2.716559348803304630e-01,1.623000000000000000e+03
2.717774268011177163e-01,1.627000000000000000e+03
2.718989187219049697e-01,1.628000000000000000e+03
2.720204106426922785e-01,1.632000000000000000e+03
2.721419025634795319e-01,1.632000000000000000e+03
2.722633944842667852e-01,1.633000000000000000e+03
2.723848864050540386e-01,1.633000000000000000e+03
2.725063783258413475e-01,1.634000000000000000e+03
2.726278702466286008e-01,1.635000000000000000e+03
2.727493621674158542e-01,1.636000000000000000e+03
2.728708540882031075e-01,1.636000000000000000e+03
2.729923460089904164e-01,1.640000000000000000e+03
2.731138379297776697e-01,1.640000000000000000e+03
2.732353298505649231e-01,1.642000000000000000e+03
2.733568217713522319e-01,1.642000000000000000e+03
2.734783136921394853e-01,1.643000000000000000e+03
2.735998056129267386e-01,1.644000000000000000e+03
2.737212975337139920e-01,1.644000000000000000e+03
2.738427894545013008e-01,1.646000000000000000e+03
2.739642813752885542e-01,1.646000000000000000e+03
2.740857732960758075e-01,1.649000000000000000e+03
2.742072652168630609e-01,1.649000000000000000e+03
2.743287571376503697e-01,1.650000000000000000e+03
2.744502490584376231e-01,1.650000000000000000e+03
2.745717409792248764e-01,1.651000000000000000e+03
2.746932329000121298e-01,1.653000000000000000e+03
2.748147248207994386e-01,1.653000000000000000e+03
2.749362167415866920e-01,1.653000000000000000e+03
2.750577086623739453e-01,1.653000000000000000e+03
2.751792005831611987e-01,1.655000000000000000e+03
2.753006925039485076e-01,1.656000000000000000e+03
2.754221844247357609e-01,1.656000000000000000e+03
2.755436763455230142e-01,1.661000000000000000e+03
2.756651682663102676e-01,1.662000000000000000e+03
2.757866601870975765e-01,1.664000000000000000e+03
2.759081521078848298e-01,1.665000000000000000e+03
2.760296440286720832e-01,1.665000000000000000e+03
2.761511359494593365e-01,1.666000000000000000e+03
2.762726278702466454e-01,1.668000000000000000e+03
2.763941197910338987e-01,1.668000000000000000e+03
2.765156117118211521e-01,1.669000000000000000e+03
2.766371036326084054e-01,1.669000000000000000e+03
2.767585955533957143e-01,1.670000000000000000e+03
2.768800874741829676e-01,1.671000000000000000e+03
2.770015793949702210e-01,1.671000000000000000e+03
2.771230713157575298e-01,1.673000000000000000e+03
2.772445632365447832e-01,1.674000000000000000e+03
2.773660551573320365e-01,1.674000000000000000e+03
2.774875470781192899e-01,1.674000000000000000e+03
2.776090389989065987e-01,1.676000000000000000e+03
2.777305309196938521e-01,1.677000000000000000e+03
2.778520228404811054e-01,1.678000000000000000e+03
2.779735147612683588e-01,1.680000000000000000e+03
2.780950066820556676e-01,1.681000000000000000e+03
2.782164986028429210e-01,1.683000000000000000e+03
2.783379905236301743e-01,1.684000000000000000e+03
2.784594824444174277e-01,1.685000000000000000e+03
2.785809743652047366e-01,1.685000000000000000e+03
2.787024662859919899e-01,1.686000000000000000e+03
2.788239582067792433e-01,1.686000000000000000e+03
2.789454501275664966e-01,1.687000000000000000e+03
2.790669420483538055e-01,1.687000000000000000e+03
2.791884339691410588e-01,1.688000000000000000e+03
2.793099258899283122e-01,1.688000000000000000e+03
2.794314178107155655e-01,1.688000000000000000e+03
2.795529097315028744e-01,1.690000000000000000e+03
2.796744016522901277e-01,1.691000000000000000e+03
2.797958935730773811e-01,1.692000000000000000e+03
2.799173854938646344e-01,1.695000000000000000e+03
2.800388774146519433e-01,1.695000000000000000e+03
2.801603693354391966e-01,1.695000000000000000e+03
2.802818612562264500e-01,1.696000000000000000e+03
2.804033531770137033e-01,1.699000000000000000e+03
2.805248450978010122e-01,1.700000000000000000e+03
2.806463370185882655e-01,1.700000000000000000e+03
2.807678289393755189e-01,1.701000000000000000e+03
2.808893208601627722e-01,1.702000000000000000e+03
2.810108127809500811e-01,1.702000000000000000e+03
2.811323047017373344e-01,1.705000000000000000e+03
2.812537966225245878e-01,1.706000000000000000e+03
2.813752885433118966e-01,1.707000000000000000e+03
2.814967804640991500e-01,1.709000000000000000e+03
2.816182723848864033e-01,1.710000000000000000e+03
2.817397643056736567e-01,1.711000000000000000e+03
2.818612562264609656e-01,1.712000000000000000e+03
2.819827481472482189e-01,1.713000000000000000e+03
2.821042400680354723e-01,1.714000000000000000e+03
2.822257319888227256e-01,1.715000000000000000e+03
2.823472239096100345e-01,1.715000000000000000e+03
2.824687158303972878e-01,1.715000000000000000e+03
2.825902077511845412e-01,1.718000000000000000e+03
2.827116996719717945e-01,1.719000000000000000e+03
2.828331915927591034e-01,1.719000000000000000e+03
2.829546835135463567e-01,1.722000000000000000e+03
2.830761754343336101e-01,1.724000000000000000e+03
2.831976673551208634e-01,1.726000000000000000e+03
2.833191592759081723e-01,1.727000000000000000e+03
2.834406511966954256e-01,1.727000000000000000e+03
2.835621431174826790e-01,1.727000000000000000e+03
2.836836350382699323e-01,1.727000000000000000e+03
2.838051269590572412e-01,1.728000000000000000e+03
2.839266188798444945e-01,1.729000000000000000e+03
2.840481108006317479e-01,1.729000000000000000e+03
2.841696027214190012e-01,1.731000000000000000e+03
2.842910946422063101e-01,1.731000000000000000e+03
2.844125865629935634e-01,1.732000000000000000e+03
2.845340784837808168e-01,1.733000000000000000e+03
2.846555704045680701e-01,1.736000000000000000e+03
2.847770623253553790e-01,1.736000000000000000e+03
2.848985542461426324e-01,1.736000000000000000e+03
2.850200461669298857e-01,1.737000000000000000e+03
2.851415380877171946e-01,1.739000000000000000e+03
2.852630300085044479e-01,1.749000000000000000e+03
2.853845219292917013e-01,1.751000000000000000e+03
2.855060138500789546e-01,1.753000000000000000e+03
2.856275057708662635e-01,1.754000000000000000e+03
2.857489976916535168e-01,1.756000000000000000e+03
2.858704896124407702e-01,1.756000000000000000e+03
2.859919815332280235e-01,1.756000000000000000e+03
2.861134734540153324e-01,1.757000000000000000e+03
2.862349653748025857e-01,1.757000000000000000e+03
2.863564572955898391e-01,1.758000000000000000e+03
2.864779492163770924e-01,1.760000000000000000e+03
2.865994411371644013e-01,1.763000000000000000e+03
2.867209330579516546e-01,1.763000000000000000e+03
2.868424249787389080e-01,1.763000000000000000e+03
2.869639168995261613e-01,1.763000000000000000e+03
2.870854088203134702e-01,1.764000000000000000e+03
2.872069007411007235e-01,1.764000000000000000e+03
2.873283926618879769e-01,1.770000000000000000e+03
2.874498845826752302e-01,1.771000000000000000e+03
2.875713765034625391e-01,1.771000000000000000e+03
2.876928684242497924e-01,1.773000000000000000e+03
2.878143603450370458e-01,1.774000000000000000e+03
2.879358522658242991e-01,1.774000000000000000e+03
2.880573441866116080e-01,1.777000000000000000e+03
2.881788361073988614e-01,1.780000000000000000e+03
2.883003280281861147e-01,1.781000000000000000e+03
2.884218199489733681e-01,1.781000000000000000e+03
2.885433118697606769e-01,1.786000000000000000e+03
2.886648037905479303e-01,1.786000000000000000e+03
2.887862957113351836e-01,1.787000000000000000e+03
2.889077876321224370e-01,1.788000000000000000e+03
2.890292795529097458e-01,1.789000000000000000e+03
2.891507714736969992e-01,1.789000000000000000e+03
2.892722633944842525e-01,1.789000000000000000e+03
2.893937553152715614e-01,1.790000000000000000e+03
2.895152472360588147e-01,1.792000000000000000e+03
2.896367391568460681e-01,1.793000000000000000e+03
2.897582310776333214e-01,1.796000000000000000e+03
2.898797229984206303e-01,1.798000000000000000e+03
2.900012149192078836e-01,1.799000000000000000e+03
2.901227068399951370e-01,1.799000000000000000e+03
2.902441987607823903e-01,1.802000000000000000e+03
2.903656906815696992e-01,1.802000000000000000e+03
2.904871826023569525e-01,1.803000000000000000e+03
2.906086745231442059e-01,1.806000000000000000e+03
2.907301664439314592e-01,1.808000000000000000e+03
2.908516583647187681e-01,1.813000000000000000e+03
2.909731502855060215e-01,1.814000000000000000e+03
2.910946422062932748e-01,1.815000000000000000e+03
2.912161341270805281e-01,1.815000000000000000e+03
2.913376260478678370e-01,1.816000000000000000e+03
2.914591179686550904e-01,1.817000000000000000e+03
2.915806098894423437e-01,1.817000000000000000e+03
2.917021018102295971e-01,1.819000000000000000e+03
2.918235937310169059e-01,1.819000000000000000e+03
2.919450856518041593e-01,1.820000000000000000e+03
2.920665775725914126e-01,1.820000000000000000e+03
2.921880694933786660e-01,1.824000000000000000e+03
2.923095614141659748e-01,1.826000000000000000e+03
2.924310533349532282e-01,1.828000000000000000e+03
2.925525452557404815e-01,1.829000000000000000e+03
2.926740371765277349e-01,1.830000000000000000e+03
2.927955290973150437e-01,1.831000000000000000e+03
2.929170210181022971e-01,1.832000000000000000e+03
2.930385129388895504e-01,1.834000000000000000e+03
2.931600048596768593e-01,1.834000000000000000e+03
2.932814967804641126e-01,1.836000000000000000e+03
2.934029887012513660e-01,1.838000000000000000e+03
2.935244806220386193e-01,1.838000000000000000e+03
2.936459725428259282e-01,1.838000000000000000e+03
2.937674644636131815e-01,1.840000000000000000e+03
2.938889563844004349e-01,1.840000000000000000e+03
2.940104483051876882e-01,1.840000000000000000e+03
2.941319402259749971e-01,1.841000000000000000e+03
2.942534321467622505e-01,1.842000000000000000e+03
2.943749240675495038e-01,1.843000000000000000e+03
2.944964159883367572e-01,1.844000000000000000e+03
2.946179079091240660e-01,1.845000000000000000e+03
2.947393998299113194e-01,1.845000000000000000e+03
2.948608917506985727e-01,1.846000000000000000e+03
2.949823836714858261e-01,1.846000000000000000e+03
2.951038755922731349e-01,1.847000000000000000e+03
2.952253675130603883e-01,1.849000000000000000e+03
2.953468594338476416e-01,1.850000000000000000e+03
2.954683513546348950e-01,1.850000000000000000e+03
2.955898432754222038e-01,1.853000000000000000e+03
2.957113351962094572e-01,1.853000000000000000e+03
2.958328271169967105e-01,1.854000000000000000e+03
2.959543190377839639e-01,1.856000000000000000e+03
2.960758109585712727e-01,1.856000000000000000e+03
2.961973028793585261e-01,1.856000000000000000e+03
2.963187948001457794e-01,1.857000000000000000e+03
2.964402867209330328e-01,1.857000000000000000e+03
2.965617786417203416e-01,1.857000000000000000e+03
2.966832705625075950e-01,1.858000000000000000e+03
2.968047624832948483e-01,1.859000000000000000e+03
2.969262544040821017e-01,1.860000000000000000e+03
2.970477463248694106e-01,1.862000000000000000e+03
2.971692382456566639e-01,1.863000000000000000e+03
2.972907301664439172e-01,1.863000000000000000e+03
2.974122220872312261e-01,1.864000000000000000e+03
2.975337140080184795e-01,1.865000000000000000e+03
2.976552059288057328e-01,1.866000000000000000e+03
2.977766978495929862e-01,1.866000000000000000e+03
2.978981897703802950e-01,1.866000000000000000e+03
2.980196816911675484e-01,1.867000000000000000e+03
2.981411736119548017e-01,1.868000000000000000e+03
2.982626655327420551e-01,1.869000000000000000e+03
2.983841574535293639e-01,1.870000000000000000e+03
2.985056493743166173e-01,1.874000000000000000e+03
2.986271412951038706e-01,1.875000000000000000e+03
2.987486332158911240e-01,1.875000000000000000e+03
2.988701251366784328e-01,1.875000000000000000e+03
2.989916170574656862e-01,1.877000000000000000e+03
2.991131089782529395e-01,1.878000000000000000e+03
2.992346008990401929e-01,1.878000000000000000e+03
2.993560928198275017e-01,1.879000000000000000e+03
2.994775847406147551e-01,1.881000000000000000e+03
2.995990766614020084e-01,1.884000000000000000e+03
2.997205685821892618e-01,1.885000000000000000e+03
2.998420605029765706e-01,1.885000000000000000e+03
2.999635524237638240e-01,1.885000000000000000e+03
3.000850443445510773e-01,1.886000000000000000e+03
3.002065362653383307e-01,1.886000000000000000e+03
3.003280281861256396e-01,1.886000000000000000e+03
3.004495201069128929e-01,1.886000000000000000e+03
3.005710120277001463e-01,1.886000000000000000e+03
3.006925039484873996e-01,1.887000000000000000e+03
3.008139958692747085e-01,1.890000000000000000e+03
3.009354877900619618e-01,1.895000000000000000e+03
3.010569797108492152e-01,1.896000000000000000e+03
3.011784716316365240e-01,1.898000000000000000e+03
3.012999635524237774e-01,1.899000000000000000e+03
3.014214554732110307e-01,1.900000000000000000e+03
3.015429473939982841e-01,1.905000000000000000e+03
3.016644393147855929e-01,1.905000000000000000e+03
3.017859312355728463e-01,1.905000000000000000e+03
3.019074231563600996e-01,1.908000000000000000e+03
3.020289150771473530e-01,1.909000000000000000e+03
3.021504069979346618e-01,1.909000000000000000e+03
3.022718989187219152e-01,1.910000000000000000e+03
3.023933908395091685e-01,1.911000000000000000e+03
3.025148827602964219e-01,1.911000000000000000e+03
3.026363746810837307e-01,1.912000000000000000e+03
3.027578666018709841e-01,1.912000000000000000e+03
3.028793585226582374e-01,1.913000000000000000e+03
3.030008504434454908e-01,1.914000000000000000e+03
3.031223423642327996e-01,1.916000000000000000e+03
3.032438342850200530e-01,1.916000000000000000e+03
3.033653262058073063e-01,1.917000000000000000e+03
3.034868181265945597e-01,1.918000000000000000e+03
3.036083100473818686e-01,1.923000000000000000e+03
3.037298019681691219e-01,1.926000000000000000e+03
3.038512938889563753e-01,1.926000000000000000e+03
3.039727858097436286e-01,1.927000000000000000e+03
3.040942777305309375e-01,1.929000000000000000e+03
3.042157696513181908e-01,1.929000000000000000e+03
3.043372615721054442e-01,1.931000000000000000e+03
3.044587534928926975e-01,1.934000000000000000e+03
3.045802454136800064e-01,1.936000000000000000e+03
3.047017373344672597e-01,1.936000000000000000e+03
3.048232292552545131e-01,1.937000000000000000e+03
3.049447211760417664e-01,1.938000000000000000e+03
3.050662130968290753e-01,1.939000000000000000e+03
3.051877050176163286e-01,1.941000000000000000e+03
3.053091969384035820e-01,1.942000000000000000e+03
3.054306888591908908e-01,1.948000000000000000e+03
3.055521807799781442e-01,1.949000000000000000e+03
3.056736727007653975e-01,1.949000000000000000e+03
3.057951646215526509e-01,1.951000000000000000e+03
3.059166565423399597e-01,1.952000000000000000e+03
3.060381484631272131e-01,1.954000000000000000e+03
3.061596403839144664e-01,1.954000000000000000e+03
3.062811323047017198e-01,1.955000000000000000e+03
3.064026242254890287e-01,1.956000000000000000e+03
3.065241161462762820e-01,1.957000000000000000e+03
3.066456080670635354e-01,1.958000000000000000e+03
3.067670999878507887e-01,1.958000000000000000e+03
3.068885919086380976e-01,1.958000000000000000e+03
3.070100838294253509e-01,1.959000000000000000e+03
3.071315757502126043e-01,1.960000000000000000e+03
3.072530676709998576e-01,1.964000000000000000e+03
3.073745595917871665e-01,1.964000000000000000e+03
3.074960515125744198e-01,1.965000000000000000e+03
3.076175434333616732e-01,1.966000000000000000e+03
3.077390353541489265e-01,1.970000000000000000e+03
3.078605272749362354e-01,1.970000000000000000e+03
3.079820191957234887e-01,1.970000000000000000e+03
3.081035111165107421e-01,1.971000000000000000e+03
3.082250030372979954e-01,1.973000000000000000e+03
3.083464949580853043e-01,1.973000000000000000e+03
3.084679868788725576e-01,1.973000000000000000e+03
3.085894787996598110e-01,1.974000000000000000e+03
3.087109707204470643e-01,1.974000000000000000e+03
3.088324626412343732e-01,1.974000000000000000e+03
3.089539545620216265e-01,1.975000000000000000e+03
3.090754464828088799e-01,1.977000000000000000e+03
3.091969384035961887e-01,1.978000000000000000e+03
3.093184303243834421e-01,1.978000000000000000e+03
3.094399222451706954e-01,1.979000000000000000e+03
3.095614141659579488e-01,1.979000000000000000e+03
3.096829060867452577e-01,1.979000000000000000e+03
3.098043980075325110e-01,1.980000000000000000e+03
3.099258899283197644e-01,1.982000000000000000e+03
3.100473818491070177e-01,1.982000000000000000e+03
3.101688737698943266e-01,1.982000000000000000e+03
3.102903656906815799e-01,1.982000000000000000e+03
3.104118576114688333e-01,1.982000000000000000e+03
3.105333495322560866e-01,1.986000000000000000e+03
3.106548414530433955e-01,1.989000000000000000e+03
3.107763333738306488e-01,1.990000000000000000e+03
3.108978252946179022e-01,1.991000000000000000e+03
3.110193172154051555e-01,1.993000000000000000e+03
3.111408091361924644e-01,1.997000000000000000e+03
3.112623010569797177e-01,1.997000000000000000e+03
3.113837929777669711e-01,1.999000000000000000e+03
3.115052848985542244e-01,2.001000000000000000e+03
3.116267768193415333e-01,2.005000000000000000e+03
3.117482687401287866e-01,2.006000000000000000e+03
3.118697606609160400e-01,2.006000000000000000e+03
3.119912525817032933e-01,2.006000000000000000e+03
3.121127445024906022e-01,2.006000000000000000e+03
3.122342364232778555e-01,2.008000000000000000e+03
3.123557283440651089e-01,2.011000000000000000e+03
3.124772202648523622e-01,2.011000000000000000e+03
3.125987121856396711e-01,2.011000000000000000e+03
3.127202041064269245e-01,2.013000000000000000e+03
3.128416960272141778e-01,2.013000000000000000e+03
3.129631879480014311e-01,2.014000000000000000e+03
3.130846798687887400e-01,2.015000000000000000e+03
3.132061717895759934e-01,2.015000000000000000e+03
3.133276637103632467e-01,2.017000000000000000e+03
3.134491556311505556e-01,2.017000000000000000e+03
3.135706475519378089e-01,2.021000000000000000e+03
3.136921394727250623e-01,2.024000000000000000e+03
3.138136313935123156e-01,2.024000000000000000e+03
3.139351233142996245e-01,2.027000000000000000e+03
3.140566152350868778e-01,2.028000000000000000e+03
3.141781071558741312e-01,2.028000000000000000e+03
3.142995990766613845e-01,2.029000000000000000e+03
3.144210909974486934e-01,2.029000000000000000e+03
3.145425829182359467e-01,2.032000000000000000e+03
3.146640748390232001e-01,2.032000000000000000e+03
3.147855667598104534e-01,2.033000000000000000e+03
3.149070586805977623e-01,2.036000000000000000e+03
3.150285506013850156e-01,2.036000000000000000e+03
3.151500425221722690e-01,2.036000000000000000e+03
3.152715344429595223e-01,2.037000000000000000e+03
3.153930263637468312e-01,2.039000000000000000e+03
3.155145182845340845e-01,2.040000000000000000e+03
3.156360102053213379e-01,2.041000000000000000e+03
3.157575021261085912e-01,2.041000000000000000e+03
3.158789940468959001e-01,2.042000000000000000e+03
3.160004859676831535e-01,2.044000000000000000e+03
3.161219778884704068e-01,2.044000000000000000e+03
3.162434698092576602e-01,2.044000000000000000e+03
3.163649617300449690e-01,2.045000000000000000e+03
3.164864536508322224e-01,2.046000000000000000e+03
3.166079455716194757e-01,2.046000000000000000e+03
3.167294374924067291e-01,2.046000000000000000e+03
3.168509294131940379e-01,2.047000000000000000e+03
3.169724213339812913e-01,2.047000000000000000e+03
3.170939132547685446e-01,2.047000000000000000e+03
3.172154051755558535e-01,2.047000000000000000e+03
3.173368970963431068e-01,2.048000000000000000e+03
3.174583890171303602e-01,2.050000000000000000e+03
3.175798809379176135e-01,2.051000000000000000e+03
3.177013728587049224e-01,2.051000000000000000e+03
3.178228647794921757e-01,2.052000000000000000e+03
3.179443567002794291e-01,2.053000000000000000e+03
3.180658486210666824e-01,2.053000000000000000e+03
3.181873405418539913e-01,2.054000000000000000e+03
3.183088324626412446e-01,2.056000000000000000e+03
3.184303243834284980e-01,2.057000000000000000e+03
3.185518163042157513e-01,2.058000000000000000e+03
3.186733082250030602e-01,2.059000000000000000e+03
3.187948001457903136e-01,2.060000000000000000e+03
3.189162920665775669e-01,2.062000000000000000e+03
3.190377839873648202e-01,2.063000000000000000e+03
3.191592759081521291e-01,2.064000000000000000e+03
3.192807678289393825e-01,2.064000000000000000e+03
3.194022597497266358e-01,2.064000000000000000e+03
3.195237516705138892e-01,2.065000000000000000e+03
3.196452435913011980e-01,2.066000000000000000e+03
3.197667355120884514e-01,2.068000000000000000e+03
3.198882274328757047e-01,2.068000000000000000e+03
3.200097193536629581e-01,2.070000000000000000e+03
3.201312112744502669e-01,2.072000000000000000e+03
3.202527031952375203e-01,2.072000000000000000e+03
3.203741951160247736e-01,2.072000000000000000e+03
3.204956870368120270e-01,2.073000000000000000e+03
3.206171789575993358e-01,2.073000000000000000e+03
3.207386708783865892e-01,2.073000000000000000e+03
3.208601627991738425e-01,2.073000000000000000e+03
3.209816547199610959e-01,2.074000000000000000e+03
3.211031466407484047e-01,2.075000000000000000e+03
3.212246385615356581e-01,2.076000000000000000e+03
3.213461304823229114e-01,2.077000000000000000e+03
3.214676224031102203e-01,2.079000000000000000e+03
3.215891143238974736e-01,2.079000000000000000e+03
3.217106062446847270e-01,2.081000000000000000e+03
3.218320981654719803e-01,2.082000000000000000e+03
3.219535900862592892e-01,2.083000000000000000e+03
3.220750820070465426e-01,2.083000000000000000e+03
3.221965739278337959e-01,2.085000000000000000e+03
3.223180658486210493e-01,2.087000000000000000e+03
3.224395577694083581e-01,2.089000000000000000e+03
3.225610496901956115e-01,2.089000000000000000e+03
3.226825416109828648e-01,2.091000000000000000e+03
3.228040335317701182e-01,2.091000000000000000e+03
3.229255254525574270e-01,2.093000000000000000e+03
3.230470173733446804e-01,2.093000000000000000e+03
3.231685092941319337e-01,2.094000000000000000e+03
3.232900012149191871e-01,2.095000000000000000e+03
3.234114931357064959e-01,2.097000000000000000e+03
3.235329850564937493e-01,2.098000000000000000e+03
3.236544769772810026e-01,2.099000000000000000e+03
3.237759688980682560e-01,2.101000000000000000e+03
3.238974608188555648e-01,2.103000000000000000e+03
3.240189527396428182e-01,2.107000000000000000e+03
3.241404446604300715e-01,2.109000000000000000e+03
3.242619365812173249e-01,2.110000000000000000e+03
3.243834285020046337e-01,2.114000000000000000e+03
3.245049204227918871e-01,2.114000000000000000e+03
3.246264123435791404e-01,2.116000000000000000e+03
3.247479042643663938e-01,2.119000000000000000e+03
3.248693961851537026e-01,2.120000000000000000e+03
3.249908881059409560e-01,2.122000000000000000e+03
3.251123800267282093e-01,2.122000000000000000e+03
3.252338719475155182e-01,2.123000000000000000e+03
3.253553638683027716e-01,2.125000000000000000e+03
3.254768557890900249e-01,2.127000000000000000e+03
3.255983477098772783e-01,2.135000000000000000e+03
3.257198396306645871e-01,2.135000000000000000e+03
3.258413315514518405e-01,2.136000000000000000e+03
3.259628234722390938e-01,2.136000000000000000e+03
3.260843153930263472e-01,2.138000000000000000e+03
3.262058073138136560e-01,2.138000000000000000e+03
3.263272992346009094e-01,2.140000000000000000e+03
3.264487911553881627e-01,2.140000000000000000e+03
3.265702830761754161e-01,2.141000000000000000e+03
3.266917749969627249e-01,2.142000000000000000e+03
3.268132669177499783e-01,2.144000000000000000e+03
3.269347588385372316e-01,2.148000000000000000e+03
3.270562507593244850e-01,2.148000000000000000e+03
3.271777426801117938e-01,2.148000000000000000e+03
3.272992346008990472e-01,2.149000000000000000e+03
3.274207265216863005e-01,2.151000000000000000e+03
3.275422184424735539e-01,2.153000000000000000e+03
3.276637103632608627e-01,2.154000000000000000e+03
3.277852022840481161e-01,2.154000000000000000e+03
3.279066942048353694e-01,2.155000000000000000e+03
3.280281861256226228e-01,2.157000000000000000e+03
3.281496780464099317e-01,2.158000000000000000e+03
3.282711699671971850e-01,2.161000000000000000e+03
3.283926618879844384e-01,2.167000000000000000e+03
3.285141538087716917e-01,2.168000000000000000e+03
3.286356457295590006e-01,2.170000000000000000e+03
3.287571376503462539e-01,2.170000000000000000e+03
3.288786295711335073e-01,2.171000000000000000e+03
3.290001214919207606e-01,2.171000000000000000e+03
3.291216134127080695e-01,2.173000000000000000e+03
3.292431053334953228e-01,2.174000000000000000e+03
3.293645972542825762e-01,2.174000000000000000e+03
3.294860891750698850e-01,2.178000000000000000e+03
3.296075810958571384e-01,2.178000000000000000e+03
3.297290730166443917e-01,2.179000000000000000e+03
3.298505649374316451e-01,2.180000000000000000e+03
3.299720568582189539e-01,2.181000000000000000e+03
3.300935487790062073e-01,2.182000000000000000e+03
3.302150406997934606e-01,2.183000000000000000e+03
3.303365326205807140e-01,2.184000000000000000e+03
3.304580245413680228e-01,2.185000000000000000e+03
3.305795164621552762e-01,2.187000000000000000e+03
3.307010083829425295e-01,2.187000000000000000e+03
3.308225003037297829e-01,2.187000000000000000e+03
3.309439922245170917e-01,2.193000000000000000e+03
3.310654841453043451e-01,2.194000000000000000e+03
3.311869760660915984e-01,2.200000000000000000e+03
3.313084679868788518e-01,2.200000000000000000e+03
3.314299599076661607e-01,2.201000000000000000e+03
3.315514518284534140e-01,2.203000000000000000e+03
3.316729437492406674e-01,2.204000000000000000e+03
3.317944356700279207e-01,2.204000000000000000e+03
3.319159275908152296e-01,2.206000000000000000e+03
3.320374195116024829e-01,2.208000000000000000e+03
3.321589114323897363e-01,2.209000000000000000e+03
3.322804033531769896e-01,2.209000000000000000e+03
3.324018952739642985e-01,2.211000000000000000e+03
3.325233871947515518e-01,2.211000000000000000e+03
3.326448791155388052e-01,2.213000000000000000e+03
3.327663710363260585e-01,2.216000000000000000e+03
3.328878629571133674e-01,2.216000000000000000e+03
3.330093548779006207e-01,2.217000000000000000e+03
3.331308467986878741e-01,2.221000000000000000e+03
3.332523387194751829e-01,2.226000000000000000e+03
3.333738306402624363e-01,2.226000000000000000e+03
3.334953225610496896e-01,2.226000000000000000e+03
3.336168144818369430e-01,2.227000000000000000e+03
3.337383064026242518e-01,2.228000000000000000e+03
3.338597983234115052e-01,2.229000000000000000e+03
3.339812902441987585e-01,2.233000000000000000e+03
3.341027821649860119e-01,2.233000000000000000e+03
3.342242740857733208e-01,2.236000000000000000e+03
3.343457660065605741e-01,2.237000000000000000e+03
3.344672579273478275e-01,2.238000000000000000e+03
3.345887498481350808e-01,2.240000000000000000e+03
3.347102417689223897e-01,2.241000000000000000e+03
3.348317336897096430e-01,2.242000000000000000e+03
3.349532256104968964e-01,2.243000000000000000e+03
3.350747175312841497e-01,2.244000000000000000e+03
3.351962094520714586e-01,2.245000000000000000e+03
3.353177013728587119e-01,2.245000000000000000e+03
3.354391932936459653e-01,2.245000000000000000e+03
3.355606852144332186e-01,2.247000000000000000e+03
3.356821771352205275e-01,2.248000000000000000e+03
3.358036690560077808e-01,2.251000000000000000e+03
3.359251609767950342e-01,2.251000000000000000e+03
3.360466528975822875e-01,2.252000000000000000e+03
3.361681448183695964e-01,2.253000000000000000e+03
3.362896367391568497e-01,2.253000000000000000e+03
3.364111286599441031e-01,2.254000000000000000e+03
3.365326205807313564e-01,2.255000000000000000e+03
3.366541125015186653e-01,2.257000000000000000e+03
3.367756044223059186e-01,2.258000000000000000e+03
3.368970963430931720e-01,2.261000000000000000e+03
3.370185882638804253e-01,2.263000000000000000e+03
3.371400801846677342e-01,2.264000000000000000e+03
3.372615721054549875e-01,2.264000000000000000e+03
3.373830640262422409e-01,2.265000000000000000e+03
3.375045559470295498e-01,2.265000000000000000e+03
3.376260478678168031e-01,2.266000000000000000e+03
3.377475397886040565e-01,2.267000000000000000e+03
3.378690317093913098e-01,2.267000000000000000e+03
3.379905236301786187e-01,2.267000000000000000e+03
3.381120155509658720e-01,2.268000000000000000e+03
3.382335074717531254e-01,2.268000000000000000e+03
3.383549993925403787e-01,2.273000000000000000e+03
3.384764913133276876e-01,2.273000000000000000e+03
3.385979832341149409e-01,2.275000000000000000e+03
3.387194751549021943e-01,2.280000000000000000e+03
3.388409670756894476e-01,2.282000000000000000e+03
3.389624589964767565e-01,2.288000000000000000e+03
3.390839509172640098e-01,2.288000000000000000e+03
3.392054428380512632e-01,2.289000000000000000e+03
3.393269347588385165e-01,2.289000000000000000e+03
3.394484266796258254e-01,2.291000000000000000e+03
3.395699186004130787e-01,2.294000000000000000e+03
3.396914105212003321e-01,2.298000000000000000e+03
3.398129024419875854e-01,2.298000000000000000e+03
3.399343943627748943e-01,2.298000000000000000e+03
3.400558862835621476e-01,2.299000000000000000e+03
3.401773782043494010e-01,2.299000000000000000e+03
3.402988701251366543e-01,2.300000000000000000e+03
3.404203620459239632e-01,2.301000000000000000e+03
3.405418539667112166e-01,2.302000000000000000e+03
3.406633458874984699e-01,2.308000000000000000e+03
3.407848378082857232e-01,2.309000000000000000e+03
3.409063297290730321e-01,2.310000000000000000e+03
3.410278216498602855e-01,2.311000000000000000e+03
3.411493135706475388e-01,2.312000000000000000e+03
3.412708054914348477e-01,2.312000000000000000e+03
3.413922974122221010e-01,2.314000000000000000e+03
3.415137893330093544e-01,2.318000000000000000e+03
3.416352812537966077e-01,2.318000000000000000e+03
3.417567731745839166e-01,2.322000000000000000e+03
3.418782650953711699e-01,2.322000000000000000e+03
3.419997570161584233e-01,2.323000000000000000e+03
3.421212489369456766e-01,2.324000000000000000e+03
3.422427408577329855e-01,2.330000000000000000e+03
3.423642327785202388e-01,2.330000000000000000e+03
3.424857246993074922e-01,2.330000000000000000e+03
3.426072166200947455e-01,2.331000000000000000e+03
3.427287085408820544e-01,2.331000000000000000e+03
3.428502004616693077e-01,2.335000000000000000e+03
3.429716923824565611e-01,2.335000000000000000e+03
3.430931843032438144e-01,2.336000000000000000e+03
3.432146762240311233e-01,2.337000000000000000e+03
3.433361681448183766e-01,2.337000000000000000e+03
3.434576600656056300e-01,2.338000000000000000e+03
3.435791519863928833e-01,2.338000000000000000e+03
3.437006439071801922e-01,2.338000000000000000e+03
3.438221358279674456e-01,2.341000000000000000e+03
3.439436277487546989e-01,2.341000000000000000e+03
3.440651196695419523e-01,2.342000000000000000e+03
3.441866115903292611e-01,2.342000000000000000e+03
3.443081035111165145e-01,2.345000000000000000e+03
3.444295954319037678e-01,2.346000000000000000e+03
3.445510873526910212e-01,2.347000000000000000e+03
3.446725792734783300e-01,2.348000000000000000e+03
3.447940711942655834e-01,2.348000000000000000e+03
3.449155631150528367e-01,2.348000000000000000e+03
3.450370550358400901e-01,2.352000000000000000e+03
3.451585469566273989e-01,2.352000000000000000e+03
3.452800388774146523e-01,2.353000000000000000e+03
3.454015307982019056e-01,2.353000000000000000e+03
3.455230227189892145e-01,2.353000000000000000e+03
3.456445146397764678e-01,2.355000000000000000e+03
3.457660065605637212e-01,2.356000000000000000e+03
3.458874984813509745e-01,2.357000000000000000e+03
3.460089904021382834e-01,2.357000000000000000e+03
3.461304823229255367e-01,2.357000000000000000e+03
3.462519742437127901e-01,2.358000000000000000e+03
3.463734661645000434e-01,2.358000000000000000e+03
3.464949580852873523e-01,2.359000000000000000e+03
3.466164500060746056e-01,2.361000000000000000e+03
3.467379419268618590e-01,2.362000000000000000e+03
3.468594338476491123e-01,2.364000000000000000e+03
3.469809257684364212e-01,2.365000000000000000e+03
3.471024176892236746e-01,2.366000000000000000e+03
3.472239096100109279e-01,2.368000000000000000e+03
3.473454015307981813e-01,2.368000000000000000e+03
3.474668934515854901e-01,2.369000000000000000e+03
3.475883853723727435e-01,2.371000000000000000e+03
3.477098772931599968e-01,2.374000000000000000e+03
3.478313692139472502e-01,2.374000000000000000e+03
3.479528611347345590e-01,2.377000000000000000e+03
3.480743530555218124e-01,2.378000000000000000e+03
3.481958449763090657e-01,2.378000000000000000e+03
3.483173368970963191e-01,2.378000000000000000e+03
3.484388288178836279e-01,2.382000000000000000e+03
3.485603207386708813e-01,2.383000000000000000e+03
3.486818126594581346e-01,2.385000000000000000e+03
3.488033045802453880e-01,2.386000000000000000e+03
3.489247965010326968e-01,2.387000000000000000e+03
3.490462884218199502e-01,2.388000000000000000e+03
3.491677803426072035e-01,2.391000000000000000e+03
3.492892722633945124e-01,2.391000000000000000e+03
3.494107641841817657e-01,2.391000000000000000e+03
3.495322561049690191e-01,2.394000000000000000e+03
3.496537480257562724e-01,2.397000000000000000e+03
3.497752399465435813e-01,2.399000000000000000e+03
3.498967318673308347e-01,2.400000000000000000e+03
3.500182237881180880e-01,2.401000000000000000e+03
3.501397157089053414e-01,2.403000000000000000e+03
3.502612076296926502e-01,2.404000000000000000e+03
3.503826995504799036e-01,2.409000000000000000e+03
3.505041914712671569e-01,2.411000000000000000e+03
3.506256833920544103e-01,2.411000000000000000e+03
3.507471753128417191e-01,2.411000000000000000e+03
3.508686672336289725e-01,2.412000000000000000e+03
3.509901591544162258e-01,2.413000000000000000e+03
3.511116510752034792e-01,2.414000000000000000e+03
3.512331429959907880e-01,2.415000000000000000e+03
3.513546349167780414e-01,2.415000000000000000e+03
3.514761268375652947e-01,2.415000000000000000e+03
3.515976187583525481e-01,2.415000000000000000e+03
3.517191106791398569e-01,2.417000000000000000e+03
3.518406025999271103e-01,2.418000000000000000e+03
3.519620945207143636e-01,2.420000000000000000e+03
3.520835864415016170e-01,2.423000000000000000e+03
3.522050783622889258e-01,2.424000000000000000e+03
3.523265702830761792e-01,2.426000000000000000e+03
3.524480622038634325e-01,2.426000000000000000e+03
3.525695541246506859e-01,2.426000000000000000e+03
3.526910460454379947e-01,2.426000000000000000e+03
3.528125379662252481e-01,2.431000000000000000e+03
3.529340298870125014e-01,2.439000000000000000e+03
3.530555218077997548e-01,2.442000000000000000e+03
3.531770137285870637e-01,2.442000000000000000e+03
3.532985056493743170e-01,2.443000000000000000e+03
3.534199975701615704e-01,2.445000000000000000e+03
3.535414894909488792e-01,2.448000000000000000e+03
3.536629814117361326e-01,2.450000000000000000e+03
3.537844733325233859e-01,2.452000000000000000e+03
3.539059652533106393e-01,2.453000000000000000e+03
3.540274571740979481e-01,2.457000000000000000e+03
3.541489490948852015e-01,2.459000000000000000e+03
3.542704410156724548e-01,2.460000000000000000e+03
3.543919329364597082e-01,2.462000000000000000e+03
3.545134248572470170e-01,2.462000000000000000e+03
3.546349167780342704e-01,2.462000000000000000e+03
3.547564086988215237e-01,2.465000000000000000e+03
3.548779006196087771e-01,2.466000000000000000e+03
3.549993925403960859e-01,2.468000000000000000e+03
3.551208844611833393e-01,2.469000000000000000e+03
3.552423763819705926e-01,2.469000000000000000e+03
3.553638683027578460e-01,2.469000000000000000e+03
3.554853602235451548e-01,2.471000000000000000e+03
3.556068521443324082e-01,2.472000000000000000e+03
3.557283440651196615e-01,2.474000000000000000e+03
3.558498359859069149e-01,2.475000000000000000e+03
3.559713279066942238e-01,2.477000000000000000e+03
3.560928198274814771e-01,2.477000000000000000e+03
3.562143117482687305e-01,2.477000000000000000e+03
3.563358036690559838e-01,2.479000000000000000e+03
3.564572955898432927e-01,2.480000000000000000e+03
3.565787875106305460e-01,2.481000000000000000e+03
3.567002794314177994e-01,2.481000000000000000e+03
3.568217713522050527e-01,2.482000000000000000e+03
3.569432632729923616e-01,2.483000000000000000e+03
3.570647551937796149e-01,2.484000000000000000e+03
3.571862471145668683e-01,2.485000000000000000e+03
3.573077390353541771e-01,2.486000000000000000e+03
3.574292309561414305e-01,2.486000000000000000e+03
3.575507228769286838e-01,2.487000000000000000e+03
3.576722147977159372e-01,2.487000000000000000e+03
3.577937067185032460e-01,2.488000000000000000e+03
3.579151986392904994e-01,2.488000000000000000e+03
3.580366905600777527e-01,2.488000000000000000e+03
3.581581824808650061e-01,2.489000000000000000e+03
3.582796744016523149e-01,2.489000000000000000e+03
3.584011663224395683e-01,2.490000000000000000e+03
3.585226582432268216e-01,2.491000000000000000e+03
3.586441501640140750e-01,2.493000000000000000e+03
3.587656420848013838e-01,2.496000000000000000e+03
3.588871340055886372e-01,2.496000000000000000e+03
3.590086259263758905e-01,2.497000000000000000e+03
3.591301178471631439e-01,2.498000000000000000e+03
3.592516097679504528e-01,2.503000000000000000e+03
3.593731016887377061e-01,2.503000000000000000e+03
3.594945936095249595e-01,2.503000000000000000e+03
3.596160855303122128e-01,2.504000000000000000e+03
3.597375774510995217e-01,2.505000000000000000e+03
3.598590693718867750e-01,2.506000000000000000e+03
3.599805612926740284e-01,2.506000000000000000e+03
3.601020532134612817e-01,2.509000000000000000e+03
3.602235451342485906e-01,2.515000000000000000e+03
3.603450370550358439e-01,2.517000000000000000e+03
3.604665289758230973e-01,2.518000000000000000e+03
3.605880208966103506e-01,2.519000000000000000e+03
3.607095128173976595e-01,2.520000000000000000e+03
3.608310047381849128e-01,2.523000000000000000e+03
3.609524966589721662e-01,2.523000000000000000e+03
3.610739885797594195e-01,2.524000000000000000e+03
3.611954805005467284e-01,2.524000000000000000e+03
3.613169724213339817e-01,2.524000000000000000e+03
3.614384643421212351e-01,2.525000000000000000e+03
3.615599562629085439e-01,2.527000000000000000e+03
3.616814481836957973e-01,2.528000000000000000e+03
3.618029401044830506e-01,2.529000000000000000e+03
3.619244320252703040e-01,2.530000000000000000e+03
3.620459239460576129e-01,2.536000000000000000e+03
3.621674158668448662e-01,2.537000000000000000e+03
3.622889077876321196e-01,2.538000000000000000e+03
3.624103997084193729e-01,2.539000000000000000e+03
3.625318916292066818e-01,2.540000000000000000e+03
3.626533835499939351e-01,2.541000000000000000e+03
3.627748754707811885e-01,2.542000000000000000e+03
3.628963673915684418e-01,2.545000000000000000e+03
3.630178593123557507e-01,2.546000000000000000e+03
3.631393512331430040e-01,2.548000000000000000e+03
3.632608431539302574e-01,2.550000000000000000e+03
3.633823350747175107e-01,2.550000000000000000e+03
3.635038269955048196e-01,2.550000000000000000e+03
3.636253189162920729e-01,2.550000000000000000e+03
3.637468108370793263e-01,2.551000000000000000e+03
3.638683027578665796e-01,2.551000000000000000e+03
3.639897946786538885e-01,2.552000000000000000e+03
3.641112865994411418e-01,2.552000000000000000e+03
3.642327785202283952e-01,2.553000000000000000e+03
3.643542704410156485e-01,2.555000000000000000e+03
3.644757623618029574e-01,2.555000000000000000e+03
3.645972542825902107e-01,2.559000000000000000e+03
3.647187462033774641e-01,2.560000000000000000e+03
3.648402381241647174e-01,2.560000000000000000e+03
3.649617300449520263e-01,2.564000000000000000e+03
3.650832219657392796e-01,2.564000000000000000e+03
3.652047138865265330e-01,2.564000000000000000e+03
3.653262058073138419e-01,2.566000000000000000e+03
3.654476977281010952e-01,2.568000000000000000e+03
3.655691896488883486e-01,2.569000000000000000e+03
3.656906815696756019e-01,2.572000000000000000e+03
3.658121734904629108e-01,2.573000000000000000e+03
3.659336654112501641e-01,2.575000000000000000e+03
3.660551573320374175e-01,2.576000000000000000e+03
3.661766492528246708e-01,2.577000000000000000e+03
3.662981411736119797e-01,2.578000000000000000e+03
3.664196330943992330e-01,2.580000000000000000e+03
3.665411250151864864e-01,2.581000000000000000e+03
3.666626169359737397e-01,2.584000000000000000e+03
3.667841088567610486e-01,2.585000000000000000e+03
3.669056007775483019e-01,2.586000000000000000e+03
3.670270926983355553e-01,2.586000000000000000e+03
3.671485846191228086e-01,2.588000000000000000e+03
3.672700765399101175e-01,2.588000000000000000e+03
3.673915684606973708e-01,2.590000000000000000e+03
3.675130603814846242e-01,2.590000000000000000e+03
3.676345523022718775e-01,2.591000000000000000e+03
3.677560442230591864e-01,2.591000000000000000e+03
3.678775361438464397e-01,2.592000000000000000e+03
3.679990280646336931e-01,2.595000000000000000e+03
3.681205199854209464e-01,2.596000000000000000e+03
3.682420119062082553e-01,2.597000000000000000e+03
3.683635038269955086e-01,2.599000000000000000e+03
3.684849957477827620e-01,2.600000000000000000e+03
3.686064876685700153e-01,2.602000000000000000e+03
3.687279795893573242e-01,2.602000000000000000e+03
3.688494715101445776e-01,2.604000000000000000e+03
3.689709634309318309e-01,2.608000000000000000e+03
3.690924553517190843e-01,2.609000000000000000e+03
3.692139472725063931e-01,2.609000000000000000e+03
3.693354391932936465e-01,2.609000000000000000e+03
3.694569311140808998e-01,2.613000000000000000e+03
3.695784230348682087e-01,2.617000000000000000e+03
3.696999149556554620e-01,2.619000000000000000e+03
3.698214068764427154e-01,2.620000000000000000e+03
3.699428987972299687e-01,2.621000000000000000e+03
3.700643907180172776e-01,2.622000000000000000e+03
3.701858826388045309e-01,2.622000000000000000e+03
3.703073745595917843e-01,2.623000000000000000e+03
3.704288664803790376e-01,2.625000000000000000e+03
3.705503584011663465e-01,2.625000000000000000e+03
3.706718503219535998e-01,2.626000000000000000e+03
3.707933422427408532e-01,2.626000000000000000e+03
3.709148341635281065e-01,2.628000000000000000e+03
3.710363260843154154e-01,2.636000000000000000e+03
3.711578180051026687e-01,2.636000000000000000e+03
3.712793099258899221e-01,2.636000000000000000e+03
3.714008018466771754e-01,2.638000000000000000e+03
3.715222937674644843e-01,2.640000000000000000e+03
3.716437856882517377e-01,2.641000000000000000e+03
3.717652776090389910e-01,2.644000000000000000e+03
3.718867695298262444e-01,2.644000000000000000e+03
3.720082614506135532e-01,2.645000000000000000e+03
3.721297533714008066e-01,2.647000000000000000e+03
3.722512452921880599e-01,2.648000000000000000e+03
3.723727372129753133e-01,2.650000000000000000e+03
3.724942291337626221e-01,2.651000000000000000e+03
3.726157210545498755e-01,2.656000000000000000e+03
3.727372129753371288e-01,2.658000000000000000e+03
3.728587048961243822e-01,2.663000000000000000e+03
3.729801968169116910e-01,2.663000000000000000e+03
3.731016887376989444e-01,2.663000000000000000e+03
3.732231806584861977e-01,2.667000000000000000e+03
3.733446725792735066e-01,2.668000000000000000e+03
3.734661645000607599e-01,2.669000000000000000e+03
3.735876564208480133e-01,2.669000000000000000e+03
3.737091483416352666e-01,2.670000000000000000e+03
3.738306402624225755e-01,2.672000000000000000e+03
3.739521321832098288e-01,2.673000000000000000e+03
3.740736241039970822e-01,2.673000000000000000e+03
3.741951160247843355e-01,2.675000000000000000e+03
3.743166079455716444e-01,2.675000000000000000e+03
3.744380998663588977e-01,2.677000000000000000e+03
3.745595917871461511e-01,2.678000000000000000e+03
3.746810837079334044e-01,2.678000000000000000e+03
3.748025756287207133e-01,2.678000000000000000e+03
3.749240675495079667e-01,2.679000000000000000e+03
3.750455594702952200e-01,2.680000000000000000e+03
3.751670513910824734e-01,2.681000000000000000e+03
3.752885433118697822e-01,2.683000000000000000e+03
3.754100352326570356e-01,2.683000000000000000e+03
3.755315271534442889e-01,2.686000000000000000e+03
3.756530190742315423e-01,2.687000000000000000e+03
3.757745109950188511e-01,2.688000000000000000e+03
3.758960029158061045e-01,2.692000000000000000e+03
3.760174948365933578e-01,2.692000000000000000e+03
3.761389867573806112e-01,2.700000000000000000e+03
3.762604786781679200e-01,2.704000000000000000e+03
3.763819705989551734e-01,2.705000000000000000e+03
3.765034625197424267e-01,2.706000000000000000e+03
3.766249544405296801e-01,2.706000000000000000e+03
3.767464463613169889e-01,2.707000000000000000e+03
3.768679382821042423e-01,2.707000000000000000e+03
3.769894302028914956e-01,2.709000000000000000e+03
3.771109221236787490e-01,2.709000000000000000e+03
3.772324140444660578e-01,2.710000000000000000e+03
3.773539059652533112e-01,2.711000000000000000e+03
3.774753978860405645e-01,2.711000000000000000e+03
3.775968898068278734e-01,2.713000000000000000e+03
3.777183817276151268e-01,2.714000000000000000e+03
3.778398736484023801e-01,2.714000000000000000e+03
3.779613655691896335e-01,2.714000000000000000e+03
3.780828574899769423e-01,2.715000000000000000e+03
3.782043494107641957e-01,2.719000000000000000e+03
3.783258413315514490e-01,2.720000000000000000e+03
3.784473332523387024e-01,2.720000000000000000e+03
3.785688251731260112e-01,2.723000000000000000e+03
3.786903170939132646e-01,2.724000000000000000e+03
3.788118090147005179e-01,2.725000000000000000e+03
3.789333009354877713e-01,2.725000000000000000e+03
3.790547928562750801e-01,2.727000000000000000e+03
3.791762847770623335e-01,2.730000000000000000e+03
3.792977766978495868e-01,2.732000000000000000e+03
3.794192686186368402e-01,2.735000000000000000e+03
3.795407605394241490e-01,2.736000000000000000e+03
3.796622524602114024e-01,2.738000000000000000e+03
3.797837443809986557e-01,2.738000000000000000e+03
3.799052363017859091e-01,2.739000000000000000e+03
3.800267282225732179e-01,2.739000000000000000e+03
3.801482201433604713e-01,2.743000000000000000e+03
3.802697120641477246e-01,2.745000000000000000e+03
3.803912039849349780e-01,2.746000000000000000e+03
3.805126959057222868e-01,2.747000000000000000e+03
3.806341878265095402e-01,2.750000000000000000e+03
3.807556797472967935e-01,2.751000000000000000e+03
3.808771716680840469e-01,2.751000000000000000e+03
3.809986635888713558e-01,2.752000000000000000e+03
3.811201555096586091e-01,2.752000000000000000e+03
3.812416474304458625e-01,2.753000000000000000e+03
3.813631393512331713e-01,2.753000000000000000e+03
3.814846312720204247e-01,2.754000000000000000e+03
3.816061231928076780e-01,2.756000000000000000e+03
3.817276151135949314e-01,2.756000000000000000e+03
3.818491070343822402e-01,2.756000000000000000e+03
3.819705989551694936e-01,2.759000000000000000e+03
3.820920908759567469e-01,2.762000000000000000e+03
3.822135827967440003e-01,2.762000000000000000e+03
3.823350747175313091e-01,2.764000000000000000e+03
3.824565666383185625e-01,2.768000000000000000e+03
3.825780585591058158e-01,2.768000000000000000e+03
3.826995504798930692e-01,2.769000000000000000e+03
3.828210424006803780e-01,2.770000000000000000e+03
3.829425343214676314e-01,2.773000000000000000e+03
3.830640262422548847e-01,2.773000000000000000e+03
3.831855181630421381e-01,2.778000000000000000e+03
3.833070100838294469e-01,2.780000000000000000e+03
3.834285020046167003e-01,2.782000000000000000e+03
3.835499939254039536e-01,2.785000000000000000e+03
3.836714858461912070e-01,2.785000000000000000e+03
3.837929777669785159e-01,2.787000000000000000e+03
3.839144696877657692e-01,2.788000000000000000e+03
3.840359616085530226e-01,2.788000000000000000e+03
3.841574535293402759e-01,2.789000000000000000e+03
3.842789454501275848e-01,2.790000000000000000e+03
3.844004373709148381e-01,2.790000000000000000e+03
3.845219292917020915e-01,2.793000000000000000e+03
3.846434212124893448e-01,2.795000000000000000e+03
3.847649131332766537e-01,2.798000000000000000e+03
3.848864050540639070e-01,2.799000000000000000e+03
3.850078969748511604e-01,2.800000000000000000e+03
3.851293888956384137e-01,2.802000000000000000e+03
3.852508808164257226e-01,2.804000000000000000e+03
3.853723727372129759e-01,2.805000000000000000e+03
3.854938646580002293e-01,2.807000000000000000e+03
3.856153565787875381e-01,2.808000000000000000e+03
3.857368484995747915e-01,2.809000000000000000e+03
3.858583404203620448e-01,2.809000000000000000e+03
3.859798323411492982e-01,2.810000000000000000e+03
3.861013242619366070e-01,2.812000000000000000e+03
3.862228161827238604e-01,2.812000000000000000e+03
3.863443081035111137e-01,2.814000000000000000e+03
3.864658000242983671e-01,2.815000000000000000e+03
3.865872919450856759e-01,2.816000000000000000e+03
3.867087838658729293e-01,2.817000000000000000e+03
3.868302757866601826e-01,2.819000000000000000e+03
3.869517677074474360e-01,2.819000000000000000e+03
3.870732596282347449e-01,2.822000000000000000e+03
3.871947515490219982e-01,2.827000000000000000e+03
3.873162434698092516e-01,2.831000000000000000e+03
3.874377353905965049e-01,2.836000000000000000e+03
3.875592273113838138e-01,2.836000000000000000e+03
3.876807192321710671e-01,2.837000000000000000e+03
3.878022111529583205e-01,2.839000000000000000e+03
3.879237030737455738e-01,2.840000000000000000e+03
3.880451949945328827e-01,2.840000000000000000e+03
3.881666869153201360e-01,2.841000000000000000e+03
3.882881788361073894e-01,2.842000000000000000e+03
3.884096707568946427e-01,2.843000000000000000e+03
3.885311626776819516e-01,2.844000000000000000e+03
3.886526545984692049e-01,2.844000000000000000e+03
3.887741465192564583e-01,2.846000000000000000e+03
3.888956384400437116e-01,2.846000000000000000e+03
3.890171303608310205e-01,2.846000000000000000e+03
3.891386222816182738e-01,2.847000000000000000e+03
3.892601142024055272e-01,2.848000000000000000e+03
3.893816061231928360e-01,2.849000000000000000e+03
3.895030980439800894e-01,2.850000000000000000e+03
3.896245899647673427e-01,2.851000000000000000e+03
3.897460818855545961e-01,2.851000000000000000e+03
3.898675738063419050e-01,2.852000000000000000e+03
3.899890657271291583e-01,2.855000000000000000e+03
3.901105576479164116e-01,2.855000000000000000e+03
3.902320495687036650e-01,2.858000000000000000e+03
3.903535414894909739e-01,2.859000000000000000e+03
3.904750334102782272e-01,2.860000000000000000e+03
3.905965253310654806e-01,2.861000000000000000e+03
3.907180172518527339e-01,2.863000000000000000e+03
3.908395091726400428e-01,2.864000000000000000e+03
3.909610010934272961e-01,2.865000000000000000e+03
3.910824930142145495e-01,2.869000000000000000e+03
3.912039849350018028e-01,2.870000000000000000e+03
3.913254768557891117e-01,2.870000000000000000e+03
3.914469687765763650e-01,2.874000000000000000e+03
3.915684606973636184e-01,2.875000000000000000e+03
3.916899526181508717e-01,2.875000000000000000e+03
3.918114445389381806e-01,2.877000000000000000e+03
3.919329364597254339e-01,2.877000000000000000e+03
3.920544283805126873e-01,2.878000000000000000e+03
3.921759203012999406e-01,2.879000000000000000e+03
3.922974122220872495e-01,2.880000000000000000e+03
3.924189041428745028e-01,2.881000000000000000e+03
3.925403960636617562e-01,2.884000000000000000e+03
3.926618879844490095e-01,2.887000000000000000e+03
3.927833799052363184e-01,2.887000000000000000e+03
3.929048718260235717e-01,2.888000000000000000e+03
3.930263637468108251e-01,2.889000000000000000e+03
3.931478556675980784e-01,2.889000000000000000e+03
3.932693475883853873e-01,2.891000000000000000e+03
3.933908395091726407e-01,2.893000000000000000e+03
3.935123314299598940e-01,2.894000000000000000e+03
3.936338233507472029e-01,2.897000000000000000e+03
3.937553152715344562e-01,2.898000000000000000e+03
3.938768071923217096e-01,2.898000000000000000e+03
3.939982991131089629e-01,2.900000000000000000e+03
3.941197910338962718e-01,2.901000000000000000e+03
3.942412829546835251e-01,2.901000000000000000e+03
3.943627748754707785e-01,2.902000000000000000e+03
3.944842667962580318e-01,2.902000000000000000e+03
3.946057587170453407e-01,2.902000000000000000e+03
3.947272506378325940e-01,2.903000000000000000e+03
3.948487425586198474e-01,2.903000000000000000e+03
3.949702344794071007e-01,2.911000000000000000e+03
3.950917264001944096e-01,2.912000000000000000e+03
3.952132183209816629e-01,2.915000000000000000e+03
3.953347102417689163e-01,2.915000000000000000e+03
3.954562021625561696e-01,2.915000000000000000e+03
3.955776940833434785e-01,2.915000000000000000e+03
3.956991860041307318e-01,2.916000000000000000e+03
3.958206779249179852e-01,2.919000000000000000e+03
3.959421698457052385e-01,2.919000000000000000e+03
3.960636617664925474e-01,2.919000000000000000e+03
3.961851536872798007e-01,2.922000000000000000e+03
3.963066456080670541e-01,2.923000000000000000e+03
3.964281375288543074e-01,2.923000000000000000e+03
3.965496294496416163e-01,2.926000000000000000e+03
3.966711213704288697e-01,2.928000000000000000e+03
3.967926132912161230e-01,2.930000000000000000e+03
3.969141052120033764e-01,2.930000000000000000e+03
3.970355971327906852e-01,2.930000000000000000e+03
3.971570890535779386e-01,2.931000000000000000e+03
3.972785809743651919e-01,2.932000000000000000e+03
3.974000728951525008e-01,2.933000000000000000e+03
3.975215648159397541e-01,2.934000000000000000e+03
3.976430567367270075e-01,2.935000000000000000e+03
3.977645486575142608e-01,2.946000000000000000e+03
3.978860405783015697e-01,2.948000000000000000e+03
3.980075324990888230e-01,2.949000000000000000e+03
3.981290244198760764e-01,2.950000000000000000e+03
3.982505163406633297e-01,2.951000000000000000e+03
3.983720082614506386e-01,2.952000000000000000e+03
3.984935001822378919e-01,2.952000000000000000e+03
3.986149921030251453e-01,2.953000000000000000e+03
3.987364840238123986e-01,2.953000000000000000e+03
3.988579759445997075e-01,2.954000000000000000e+03
3.989794678653869608e-01,2.954000000000000000e+03
3.991009597861742142e-01,2.956000000000000000e+03
3.992224517069614675e-01,2.956000000000000000e+03
3.993439436277487764e-01,2.957000000000000000e+03
3.994654355485360298e-01,2.957000000000000000e+03
3.995869274693232831e-01,2.958000000000000000e+03
3.997084193901105365e-01,2.960000000000000000e+03
3.998299113108978453e-01,2.960000000000000000e+03
3.999514032316850987e-01,2.961000000000000000e+03
4.000728951524723520e-01,2.961000000000000000e+03
4.001943870732596054e-01,2.966000000000000000e+03
4.003158789940469142e-01,2.970000000000000000e+03
4.004373709148341676e-01,2.970000000000000000e+03
4.005588628356214209e-01,2.974000000000000000e+03
4.006803547564086743e-01,2.978000000000000000e+03
4.008018466771959831e-01,2.978000000000000000e+03
4.009233385979832365e-01,2.981000000000000000e+03
4.010448305187704898e-01,2.983000000000000000e+03
4.011663224395577432e-01,2.984000000000000000e+03
4.012878143603450520e-01,2.985000000000000000e+03
4.014093062811323054e-01,2.986000000000000000e+03
4.015307982019195587e-01,2.986000000000000000e+03
4.016522901227068676e-01,2.986000000000000000e+03
4.017737820434941209e-01,2.988000000000000000e+03
4.018952739642813743e-01,2.989000000000000000e+03
4.020167658850686276e-01,2.989000000000000000e+03
4.021382578058559365e-01,2.992000000000000000e+03
4.022597497266431898e-01,2.996000000000000000e+03
4.023812416474304432e-01,2.998000000000000000e+03
4.025027335682176965e-01,3.002000000000000000e+03
4.026242254890050054e-01,3.003000000000000000e+03
4.027457174097922588e-01,3.003000000000000000e+03
4.028672093305795121e-01,3.003000000000000000e+03
4.029887012513667655e-01,3.004000000000000000e+03
4.031101931721540743e-01,3.006000000000000000e+03
4.032316850929413277e-01,3.008000000000000000e+03
4.033531770137285810e-01,3.009000000000000000e+03
4.034746689345158344e-01,3.010000000000000000e+03
4.035961608553031432e-01,3.013000000000000000e+03
4.037176527760903966e-01,3.013000000000000000e+03
4.038391446968776499e-01,3.014000000000000000e+03
4.039606366176649033e-01,3.014000000000000000e+03
4.040821285384522121e-01,3.015000000000000000e+03
4.042036204592394655e-01,3.017000000000000000e+03
4.043251123800267188e-01,3.019000000000000000e+03
4.044466043008139722e-01,3.020000000000000000e+03
4.045680962216012810e-01,3.028000000000000000e+03
4.046895881423885344e-01,3.030000000000000000e+03
4.048110800631757877e-01,3.031000000000000000e+03
4.049325719839630411e-01,3.032000000000000000e+03
4.050540639047503499e-01,3.034000000000000000e+03
4.051755558255376033e-01,3.034000000000000000e+03
4.052970477463248566e-01,3.036000000000000000e+03
4.054185396671121655e-01,3.039000000000000000e+03
4.055400315878994189e-01,3.039000000000000000e+03
4.056615235086866722e-01,3.042000000000000000e+03
4.057830154294739256e-01,3.043000000000000000e+03
4.059045073502612344e-01,3.043000000000000000e+03
4.060259992710484878e-01,3.044000000000000000e+03
4.061474911918357411e-01,3.044000000000000000e+03
4.062689831126229945e-01,3.045000000000000000e+03
4.063904750334103033e-01,3.045000000000000000e+03
4.065119669541975567e-01,3.045000000000000000e+03
4.066334588749848100e-01,3.046000000000000000e+03
4.067549507957720634e-01,3.048000000000000000e+03
4.068764427165593722e-01,3.048000000000000000e+03
4.069979346373466256e-01,3.050000000000000000e+03
4.071194265581338789e-01,3.050000000000000000e+03
4.072409184789211323e-01,3.052000000000000000e+03
4.073624103997084411e-01,3.053000000000000000e+03
4.074839023204956945e-01,3.053000000000000000e+03
4.076053942412829478e-01,3.054000000000000000e+03
4.077268861620702012e-01,3.056000000000000000e+03
4.078483780828575100e-01,3.058000000000000000e+03
4.079698700036447634e-01,3.058000000000000000e+03
4.080913619244320167e-01,3.060000000000000000e+03
4.082128538452192701e-01,3.060000000000000000e+03
4.083343457660065789e-01,3.060000000000000000e+03
4.084558376867938323e-01,3.062000000000000000e+03
4.085773296075810856e-01,3.063000000000000000e+03
4.086988215283683390e-01,3.063000000000000000e+03
4.088203134491556479e-01,3.064000000000000000e+03
4.089418053699429012e-01,3.065000000000000000e+03
4.090632972907301546e-01,3.065000000000000000e+03
4.091847892115174079e-01,3.065000000000000000e+03
4.093062811323047168e-01,3.065000000000000000e+03
4.094277730530919701e-01,3.066000000000000000e+03
4.095492649738792235e-01,3.069000000000000000e+03
4.096707568946665323e-01,3.069000000000000000e+03
4.097922488154537857e-01,3.069000000000000000e+03
4.099137407362410390e-01,3.071000000000000000e+03
4.100352326570282924e-01,3.073000000000000000e+03
4.101567245778156012e-01,3.074000000000000000e+03
4.102782164986028546e-01,3.075000000000000000e+03
4.103997084193901079e-01,3.079000000000000000e+03
4.105212003401773613e-01,3.080000000000000000e+03
4.106426922609646701e-01,3.082000000000000000e+03
4.107641841817519235e-01,3.087000000000000000e+03
4.108856761025391768e-01,3.088000000000000000e+03
4.110071680233264302e-01,3.089000000000000000e+03
4.111286599441137390e-01,3.090000000000000000e+03
4.112501518649009924e-01,3.091000000000000000e+03
4.113716437856882457e-01,3.092000000000000000e+03
4.114931357064754991e-01,3.094000000000000000e+03
4.116146276272628080e-01,3.094000000000000000e+03
4.117361195480500613e-01,3.098000000000000000e+03
4.118576114688373146e-01,3.098000000000000000e+03
4.119791033896245680e-01,3.100000000000000000e+03
4.121005953104118769e-01,3.103000000000000000e+03
4.122220872311991302e-01,3.103000000000000000e+03
4.123435791519863836e-01,3.104000000000000000e+03
4.124650710727736369e-01,3.104000000000000000e+03
4.125865629935609458e-01,3.106000000000000000e+03
4.127080549143481991e-01,3.109000000000000000e+03
4.128295468351354525e-01,3.116000000000000000e+03
4.129510387559227058e-01,3.118000000000000000e+03
4.130725306767100147e-01,3.118000000000000000e+03
4.131940225974972680e-01,3.119000000000000000e+03
4.133155145182845214e-01,3.120000000000000000e+03
4.134370064390718302e-01,3.125000000000000000e+03
4.135584983598590836e-01,3.127000000000000000e+03
4.136799902806463369e-01,3.127000000000000000e+03
4.138014822014335903e-01,3.127000000000000000e+03
4.139229741222208991e-01,3.129000000000000000e+03
4.140444660430081525e-01,3.131000000000000000e+03
4.141659579637954058e-01,3.136000000000000000e+03
4.142874498845826592e-01,3.136000000000000000e+03
4.144089418053699680e-01,3.139000000000000000e+03
4.145304337261572214e-01,3.140000000000000000e+03
4.146519256469444747e-01,3.140000000000000000e+03
4.147734175677317281e-01,3.140000000000000000e+03
4.148949094885190370e-01,3.141000000000000000e+03
4.150164014093062903e-01,3.141000000000000000e+03
4.151378933300935437e-01,3.142000000000000000e+03
4.152593852508807970e-01,3.145000000000000000e+03
4.153808771716681059e-01,3.145000000000000000e+03
4.155023690924553592e-01,3.147000000000000000e+03
4.156238610132426126e-01,3.147000000000000000e+03
4.157453529340298659e-01,3.152000000000000000e+03
4.158668448548171748e-01,3.153000000000000000e+03
4.159883367756044281e-01,3.156000000000000000e+03
4.161098286963916815e-01,3.157000000000000000e+03
4.162313206171789348e-01,3.157000000000000000e+03
4.163528125379662437e-01,3.159000000000000000e+03
4.164743044587534970e-01,3.160000000000000000e+03
4.165957963795407504e-01,3.164000000000000000e+03
4.167172883003280037e-01,3.166000000000000000e+03
4.168387802211153126e-01,3.166000000000000000e+03
4.169602721419025659e-01,3.166000000000000000e+03
4.170817640626898193e-01,3.167000000000000000e+03
4.172032559834770726e-01,3.167000000000000000e+03
4.173247479042643815e-01,3.169000000000000000e+03
4.174462398250516348e-01,3.170000000000000000e+03
4.175677317458388882e-01,3.171000000000000000e+03
4.176892236666261971e-01,3.171000000000000000e+03
4.178107155874134504e-01,3.171000000000000000e+03
4.179322075082007037e-01,3.172000000000000000e+03
4.180536994289879571e-01,3.173000000000000000e+03
4.181751913497752660e-01,3.176000000000000000e+03
4.182966832705625193e-01,3.178000000000000000e+03
4.184181751913497727e-01,3.179000000000000000e+03
4.185396671121370260e-01,3.180000000000000000e+03
4.186611590329243349e-01,3.181000000000000000e+03
4.187826509537115882e-01,3.187000000000000000e+03
4.189041428744988416e-01,3.191000000000000000e+03
4.190256347952860949e-01,3.193000000000000000e+03
4.191471267160734038e-01,3.193000000000000000e+03
4.192686186368606571e-01,3.194000000000000000e+03
4.193901105576479105e-01,3.194000000000000000e+03
4.195116024784351638e-01,3.194000000000000000e+03
4.196330943992224727e-01,3.196000000000000000e+03
4.197545863200097260e-01,3.196000000000000000e+03
4.198760782407969794e-01,3.200000000000000000e+03
4.199975701615842327e-01,3.202000000000000000e+03
4.201190620823715416e-01,3.202000000000000000e+03
4.202405540031587949e-01,3.205000000000000000e+03
4.203620459239460483e-01,3.205000000000000000e+03
4.204835378447333016e-01,3.205000000000000000e+03
4.206050297655206105e-01,3.206000000000000000e+03
4.207265216863078638e-01,3.209000000000000000e+03
4.208480136070951172e-01,3.212000000000000000e+03
4.209695055278823705e-01,3.214000000000000000e+03
4.210909974486696794e-01,3.214000000000000000e+03
4.212124893694569328e-01,3.215000000000000000e+03
4.213339812902441861e-01,3.220000000000000000e+03
4.214554732110314950e-01,3.223000000000000000e+03
4.215769651318187483e-01,3.223000000000000000e+03
4.216984570526060017e-01,3.223000000000000000e+03
4.218199489733932550e-01,3.224000000000000000e+03
4.219414408941805639e-01,3.225000000000000000e+03
4.220629328149678172e-01,3.230000000000000000e+03
4.221844247357550706e-01,3.233000000000000000e+03
4.223059166565423239e-01,3.239000000000000000e+03
4.224274085773296328e-01,3.241000000000000000e+03
4.225489004981168861e-01,3.242000000000000000e+03
4.226703924189041395e-01,3.243000000000000000e+03
4.227918843396913928e-01,3.246000000000000000e+03
4.229133762604787017e-01,3.246000000000000000e+03
4.230348681812659550e-01,3.246000000000000000e+03
4.231563601020532084e-01,3.247000000000000000e+03
4.232778520228404617e-01,3.252000000000000000e+03
4.233993439436277706e-01,3.253000000000000000e+03
4.235208358644150239e-01,3.256000000000000000e+03
4.236423277852022773e-01,3.257000000000000000e+03
4.237638197059895306e-01,3.259000000000000000e+03
4.238853116267768395e-01,3.259000000000000000e+03
4.240068035475640928e-01,3.259000000000000000e+03
4.241282954683513462e-01,3.261000000000000000e+03
4.242497873891385995e-01,3.263000000000000000e+03
4.243712793099259084e-01,3.267000000000000000e+03
4.244927712307131618e-01,3.268000000000000000e+03
4.246142631515004151e-01,3.268000000000000000e+03
4.247357550722876685e-01,3.271000000000000000e+03
4.248572469930749773e-01,3.274000000000000000e+03
4.249787389138622307e-01,3.275000000000000000e+03
4.251002308346494840e-01,3.278000000000000000e+03
4.252217227554367374e-01,3.278000000000000000e+03
4.253432146762240462e-01,3.282000000000000000e+03
4.254647065970112996e-01,3.282000000000000000e+03
4.255861985177985529e-01,3.283000000000000000e+03
4.257076904385858618e-01,3.283000000000000000e+03
4.258291823593731151e-01,3.285000000000000000e+03
4.259506742801603685e-01,3.285000000000000000e+03
4.260721662009476218e-01,3.286000000000000000e+03
4.261936581217349307e-01,3.289000000000000000e+03
4.263151500425221840e-01,3.297000000000000000e+03
4.264366419633094374e-01,3.299000000000000000e+03
4.265581338840966907e-01,3.300000000000000000e+03
4.266796258048839996e-01,3.300000000000000000e+03
4.268011177256712529e-01,3.302000000000000000e+03
4.269226096464585063e-01,3.304000000000000000e+03
4.270441015672457596e-01,3.304000000000000000e+03
4.271655934880330685e-01,3.304000000000000000e+03
4.272870854088203219e-01,3.305000000000000000e+03
4.274085773296075752e-01,3.306000000000000000e+03
4.275300692503948286e-01,3.307000000000000000e+03
4.276515611711821374e-01,3.307000000000000000e+03
4.277730530919693908e-01,3.308000000000000000e+03
4.278945450127566441e-01,3.308000000000000000e+03
4.280160369335438975e-01,3.308000000000000000e+03
4.281375288543312063e-01,3.308000000000000000e+03
4.282590207751184597e-01,3.309000000000000000e+03
4.283805126959057130e-01,3.311000000000000000e+03
4.285020046166929664e-01,3.313000000000000000e+03
4.286234965374802752e-01,3.317000000000000000e+03
4.287449884582675286e-01,3.318000000000000000e+03
4.288664803790547819e-01,3.320000000000000000e+03
4.289879722998420353e-01,3.323000000000000000e+03
4.291094642206293441e-01,3.323000000000000000e+03
4.292309561414165975e-01,3.323000000000000000e+03
4.293524480622038508e-01,3.325000000000000000e+03
4.294739399829911597e-01,3.328000000000000000e+03
4.295954319037784130e-01,3.329000000000000000e+03
4.297169238245656664e-01,3.330000000000000000e+03
4.298384157453529197e-01,3.333000000000000000e+03
4.299599076661402286e-01,3.335000000000000000e+03
4.300813995869274819e-01,3.337000000000000000e+03
4.302028915077147353e-01,3.338000000000000000e+03
4.303243834285019886e-01,3.339000000000000000e+03
4.304458753492892975e-01,3.339000000000000000e+03
4.305673672700765509e-01,3.339000000000000000e+03
4.306888591908638042e-01,3.340000000000000000e+03
4.308103511116510576e-01,3.341000000000000000e+03
4.309318430324383664e-01,3.341000000000000000e+03
4.310533349532256198e-01,3.342000000000000000e+03
4.311748268740128731e-01,3.344000000000000000e+03
4.312963187948001265e-01,3.345000000000000000e+03
4.314178107155874353e-01,3.346000000000000000e+03
4.315393026363746887e-01,3.349000000000000000e+03
4.316607945571619420e-01,3.349000000000000000e+03
4.317822864779491954e-01,3.351000000000000000e+03
4.319037783987365042e-01,3.355000000000000000e+03
4.320252703195237576e-01,3.355000000000000000e+03
4.321467622403110109e-01,3.363000000000000000e+03
4.322682541610982643e-01,3.363000000000000000e+03
4.323897460818855731e-01,3.365000000000000000e+03
4.325112380026728265e-01,3.366000000000000000e+03
4.326327299234600798e-01,3.367000000000000000e+03
4.327542218442473332e-01,3.367000000000000000e+03
4.328757137650346420e-01,3.368000000000000000e+03
4.329972056858218954e-01,3.368000000000000000e+03
4.331186976066091487e-01,3.369000000000000000e+03
4.332401895273964021e-01,3.372000000000000000e+03
4.333616814481837110e-01,3.377000000000000000e+03
4.334831733689709643e-01,3.377000000000000000e+03
4.336046652897582177e-01,3.378000000000000000e+03
4.337261572105455265e-01,3.378000000000000000e+03
4.338476491313327799e-01,3.378000000000000000e+03
4.339691410521200332e-01,3.378000000000000000e+03
4.340906329729072866e-01,3.379000000000000000e+03
4.342121248936945954e-01,3.379000000000000000e+03
4.343336168144818488e-01,3.380000000000000000e+03
4.344551087352691021e-01,3.381000000000000000e+03
4.345766006560563555e-01,3.383000000000000000e+03
4.346980925768436643e-01,3.383000000000000000e+03
4.348195844976309177e-01,3.383000000000000000e+03
4.349410764184181710e-01,3.384000000000000000e+03
4.350625683392054244e-01,3.384000000000000000e+03
4.351840602599927332e-01,3.386000000000000000e+03
4.353055521807799866e-01,3.389000000000000000e+03
4.354270441015672399e-01,3.390000000000000000e+03
4.355485360223544933e-01,3.390000000000000000e+03
4.356700279431418021e-01,3.391000000000000000e+03
4.357915198639290555e-01,3.395000000000000000e+03
4.359130117847163088e-01,3.396000000000000000e+03
4.360345037055035622e-01,3.398000000000000000e+03
4.361559956262908710e-01,3.398000000000000000e+03
4.362774875470781244e-01,3.399000000000000000e+03
4.363989794678653777e-01,3.400000000000000000e+03
4.365204713886526311e-01,3.402000000000000000e+03
4.366419633094399400e-01,3.403000000000000000e+03
4.367634552302271933e-01,3.404000000000000000e+03
4.368849471510144467e-01,3.404000000000000000e+03
4.370064390718017000e-01,3.408000000000000000e+03
4.371279309925890089e-01,3.409000000000000000e+03
4.372494229133762622e-01,3.412000000000000000e+03
4.373709148341635156e-01,3.414000000000000000e+03
4.374924067549508244e-01,3.415000000000000000e+03
4.376138986757380778e-01,3.415000000000000000e+03
4.377353905965253311e-01,3.419000000000000000e+03
4.378568825173125845e-01,3.422000000000000000e+03
4.379783744380998933e-01,3.423000000000000000e+03
4.380998663588871467e-01,3.428000000000000000e+03
4.382213582796744000e-01,3.429000000000000000e+03
4.383428502004616534e-01,3.429000000000000000e+03
4.384643421212489622e-01,3.432000000000000000e+03
4.385858340420362156e-01,3.433000000000000000e+03
4.387073259628234689e-01,3.434000000000000000e+03
4.388288178836107223e-01,3.437000000000000000e+03
4.389503098043980311e-01,3.439000000000000000e+03
4.390718017251852845e-01,3.440000000000000000e+03
4.391932936459725378e-01,3.442000000000000000e+03
4.393147855667597912e-01,3.446000000000000000e+03
4.394362774875471001e-01,3.448000000000000000e+03
4.395577694083343534e-01,3.449000000000000000e+03
4.396792613291216067e-01,3.449000000000000000e+03
4.398007532499088601e-01,3.451000000000000000e+03
4.399222451706961690e-01,3.455000000000000000e+03
4.400437370914834223e-01,3.459000000000000000e+03
4.401652290122706757e-01,3.460000000000000000e+03
4.402867209330579290e-01,3.462000000000000000e+03
4.404082128538452379e-01,3.462000000000000000e+03
4.405297047746324912e-01,3.464000000000000000e+03
4.406511966954197446e-01,3.466000000000000000e+03
4.407726886162069979e-01,3.467000000000000000e+03
4.408941805369943068e-01,3.469000000000000000e+03
4.410156724577815601e-01,3.469000000000000000e+03
4.411371643785688135e-01,3.469000000000000000e+03
4.412586562993560668e-01,3.473000000000000000e+03
4.413801482201433757e-01,3.473000000000000000e+03
4.415016401409306290e-01,3.475000000000000000e+03
4.416231320617178824e-01,3.478000000000000000e+03
4.417446239825051912e-01,3.480000000000000000e+03
4.418661159032924446e-01,3.484000000000000000e+03
4.419876078240796979e-01,3.486000000000000000e+03
4.421090997448669513e-01,3.487000000000000000e+03
4.422305916656542601e-01,3.489000000000000000e+03
4.423520835864415135e-01,3.490000000000000000e+03
4.424735755072287668e-01,3.492000000000000000e+03
4.425950674280160202e-01,3.494000000000000000e+03
4.427165593488033291e-01,3.496000000000000000e+03
4.428380512695905824e-01,3.498000000000000000e+03
4.429595431903778358e-01,3.500000000000000000e+03
4.430810351111650891e-01,3.500000000000000000e+03
4.432025270319523980e-01,3.501000000000000000e+03
4.433240189527396513e-01,3.502000000000000000e+03
4.434455108735269047e-01,3.503000000000000000e+03
4.435670027943141580e-01,3.509000000000000000e+03
4.436884947151014669e-01,3.510000000000000000e+03
4.438099866358887202e-01,3.511000000000000000e+03
4.439314785566759736e-01,3.513000000000000000e+03
4.440529704774632269e-01,3.515000000000000000e+03
4.441744623982505358e-01,3.518000000000000000e+03
4.442959543190377891e-01,3.519000000000000000e+03
4.444174462398250425e-01,3.520000000000000000e+03
4.445389381606122958e-01,3.522000000000000000e+03
4.446604300813996047e-01,3.524000000000000000e+03
4.447819220021868580e-01,3.525000000000000000e+03
4.449034139229741114e-01,3.528000000000000000e+03
4.450249058437613647e-01,3.528000000000000000e+03
4.451463977645486736e-01,3.529000000000000000e+03
4.452678896853359269e-01,3.537000000000000000e+03
4.453893816061231803e-01,3.538000000000000000e+03
4.455108735269104892e-01,3.538000000000000000e+03
4.456323654476977425e-01,3.541000000000000000e+03
4.457538573684849958e-01,3.547000000000000000e+03
4.458753492892722492e-01,3.548000000000000000e+03
4.459968412100595581e-01,3.548000000000000000e+03
4.461183331308468114e-01,3.550000000000000000e+03
4.462398250516340648e-01,3.553000000000000000e+03
4.463613169724213181e-01,3.554000000000000000e+03
4.464828088932086270e-01,3.557000000000000000e+03
4.466043008139958803e-01,3.557000000000000000e+03
4.467257927347831337e-01,3.559000000000000000e+03
4.468472846555703870e-01,3.560000000000000000e+03
4.469687765763576959e-01,3.560000000000000000e+03
4.470902684971449492e-01,3.565000000000000000e+03
4.472117604179322026e-01,3.565000000000000000e+03
4.473332523387194559e-01,3.568000000000000000e+03
4.474547442595067648e-01,3.569000000000000000e+03
4.475762361802940181e-01,3.570000000000000000e+03
4.476977281010812715e-01,3.571000000000000000e+03
4.478192200218685248e-01,3.574000000000000000e+03
4.479407119426558337e-01,3.577000000000000000e+03
4.480622038634430870e-01,3.577000000000000000e+03
4.481836957842303404e-01,3.579000000000000000e+03
4.483051877050175937e-01,3.580000000000000000e+03
4.484266796258049026e-01,3.584000000000000000e+03
4.485481715465921559e-01,3.585000000000000000e+03
4.486696634673794093e-01,3.587000000000000000e+03
4.487911553881666626e-01,3.591000000000000000e+03
4.489126473089539715e-01,3.594000000000000000e+03
4.490341392297412249e-01,3.595000000000000000e+03
4.491556311505284782e-01,3.599000000000000000e+03
4.492771230713157316e-01,3.600000000000000000e+03
4.493986149921030404e-01,3.603000000000000000e+03
4.495201069128902938e-01,3.606000000000000000e+03
4.496415988336775471e-01,3.606000000000000000e+03
4.497630907544648560e-01,3.613000000000000000e+03
4.498845826752521093e-01,3.620000000000000000e+03
4.500060745960393627e-01,3.621000000000000000e+03
4.501275665168266160e-01,3.621000000000000000e+03
4.502490584376139249e-01,3.621000000000000000e+03
4.503705503584011782e-01,3.622000000000000000e+03
4.504920422791884316e-01,3.623000000000000000e+03
4.506135341999756849e-01,3.624000000000000000e+03
4.507350261207629938e-01,3.627000000000000000e+03
4.508565180415502471e-01,3.627000000000000000e+03
4.509780099623375005e-01,3.628000000000000000e+03
4.510995018831247538e-01,3.628000000000000000e+03
4.512209938039120627e-01,3.630000000000000000e+03
4.513424857246993160e-01,3.633000000000000000e+03
4.514639776454865694e-01,3.635000000000000000e+03
4.515854695662738227e-01,3.637000000000000000e+03
4.517069614870611316e-01,3.637000000000000000e+03
4.518284534078483849e-01,3.638000000000000000e+03
4.519499453286356383e-01,3.640000000000000000e+03
4.520714372494228916e-01,3.641000000000000000e+03
4.521929291702102005e-01,3.642000000000000000e+03
4.523144210909974539e-01,3.644000000000000000e+03
4.524359130117847072e-01,3.645000000000000000e+03
4.525574049325719606e-01,3.647000000000000000e+03
4.526788968533592694e-01,3.648000000000000000e+03
4.528003887741465228e-01,3.652000000000000000e+03
4.529218806949337761e-01,3.652000000000000000e+03
4.530433726157210295e-01,3.654000000000000000e+03
4.531648645365083383e-01,3.655000000000000000e+03
4.532863564572955917e-01,3.656000000000000000e+03
4.534078483780828450e-01,3.660000000000000000e+03
4.535293402988701539e-01,3.661000000000000000e+03
4.536508322196574072e-01,3.661000000000000000e+03
4.537723241404446606e-01,3.665000000000000000e+03
4.538938160612319139e-01,3.667000000000000000e+03
4.540153079820192228e-01,3.668000000000000000e+03
4.541367999028064761e-01,3.674000000000000000e+03
4.542582918235937295e-01,3.677000000000000000e+03
4.543797837443809828e-01,3.677000000000000000e+03
4.545012756651682917e-01,3.678000000000000000e+03
4.546227675859555450e-01,3.680000000000000000e+03
4.547442595067427984e-01,3.681000000000000000e+03
4.548657514275300517e-01,3.681000000000000000e+03
4.549872433483173606e-01,3.682000000000000000e+03
4.551087352691046140e-01,3.683000000000000000e+03
4.552302271898918673e-01,3.683000000000000000e+03
4.553517191106791207e-01,3.684000000000000000e+03
4.554732110314664295e-01,3.687000000000000000e+03
4.555947029522536829e-01,3.688000000000000000e+03
4.557161948730409362e-01,3.690000000000000000e+03
4.558376867938281896e-01,3.690000000000000000e+03
4.559591787146154984e-01,3.690000000000000000e+03
4.560806706354027518e-01,3.693000000000000000e+03
4.562021625561900051e-01,3.695000000000000000e+03
4.563236544769772585e-01,3.697000000000000000e+03
4.564451463977645673e-01,3.698000000000000000e+03
4.565666383185518207e-01,3.699000000000000000e+03
4.566881302393390740e-01,3.701000000000000000e+03
4.568096221601263274e-01,3.703000000000000000e+03
4.569311140809136362e-01,3.704000000000000000e+03
4.570526060017008896e-01,3.705000000000000000e+03
4.571740979224881429e-01,3.705000000000000000e+03
4.572955898432753963e-01,3.708000000000000000e+03
4.574170817640627051e-01,3.710000000000000000e+03
4.575385736848499585e-01,3.713000000000000000e+03
4.576600656056372118e-01,3.717000000000000000e+03
4.577815575264245207e-01,3.718000000000000000e+03
4.579030494472117740e-01,3.721000000000000000e+03
4.580245413679990274e-01,3.725000000000000000e+03
4.581460332887862807e-01,3.727000000000000000e+03
4.582675252095735896e-01,3.728000000000000000e+03
4.583890171303608430e-01,3.730000000000000000e+03
4.585105090511480963e-01,3.732000000000000000e+03
4.586320009719353497e-01,3.733000000000000000e+03
4.587534928927226585e-01,3.742000000000000000e+03
4.588749848135099119e-01,3.743000000000000000e+03
4.589964767342971652e-01,3.745000000000000000e+03
4.591179686550844186e-01,3.747000000000000000e+03
4.592394605758717274e-01,3.747000000000000000e+03
4.593609524966589808e-01,3.748000000000000000e+03
4.594824444174462341e-01,3.748000000000000000e+03
4.596039363382334875e-01,3.751000000000000000e+03
4.597254282590207963e-01,3.752000000000000000e+03
4.598469201798080497e-01,3.753000000000000000e+03
4.599684121005953030e-01,3.754000000000000000e+03
4.600899040213825564e-01,3.755000000000000000e+03
4.602113959421698652e-01,3.756000000000000000e+03
4.603328878629571186e-01,3.756000000000000000e+03
4.604543797837443719e-01,3.757000000000000000e+03
4.605758717045316253e-01,3.757000000000000000e+03
4.606973636253189341e-01,3.758000000000000000e+03
4.608188555461061875e-01,3.759000000000000000e+03
4.609403474668934408e-01,3.763000000000000000e+03
4.610618393876806942e-01,3.767000000000000000e+03
4.611833313084680031e-01,3.770000000000000000e+03
4.613048232292552564e-01,3.770000000000000000e+03
4.614263151500425097e-01,3.770000000000000000e+03
4.615478070708298186e-01,3.771000000000000000e+03
4.616692989916170720e-01,3.776000000000000000e+03
4.617907909124043253e-01,3.776000000000000000e+03
4.619122828331915787e-01,3.777000000000000000e+03
4.620337747539788875e-01,3.777000000000000000e+03
4.621552666747661409e-01,3.778000000000000000e+03
4.622767585955533942e-01,3.779000000000000000e+03
4.623982505163406476e-01,3.792000000000000000e+03
4.625197424371279564e-01,3.794000000000000000e+03
4.626412343579152098e-01,3.795000000000000000e+03
4.627627262787024631e-01,3.795000000000000000e+03
4.628842181994897165e-01,3.796000000000000000e+03
4.630057101202770253e-01,3.801000000000000000e+03
4.631272020410642787e-01,3.802000000000000000e+03
4.632486939618515320e-01,3.806000000000000000e+03
4.633701858826387854e-01,3.809000000000000000e+03
4.634916778034260942e-01,3.812000000000000000e+03
4.636131697242133476e-01,3.815000000000000000e+03
4.637346616450006009e-01,3.816000000000000000e+03
4.638561535657878543e-01,3.818000000000000000e+03
4.639776454865751631e-01,3.821000000000000000e+03
4.640991374073624165e-01,3.822000000000000000e+03
4.642206293281496698e-01,3.823000000000000000e+03
4.643421212489369232e-01,3.824000000000000000e+03
4.644636131697242321e-01,3.826000000000000000e+03
4.645851050905114854e-01,3.826000000000000000e+03
4.647065970112987388e-01,3.827000000000000000e+03
4.648280889320859921e-01,3.832000000000000000e+03
4.649495808528733010e-01,3.832000000000000000e+03
4.650710727736605543e-01,3.833000000000000000e+03
4.651925646944478077e-01,3.833000000000000000e+03
4.653140566152350610e-01,3.837000000000000000e+03
4.654355485360223699e-01,3.839000000000000000e+03
4.655570404568096232e-01,3.841000000000000000e+03
4.656785323775968766e-01,3.842000000000000000e+03
4.658000242983841854e-01,3.842000000000000000e+03
4.659215162191714388e-01,3.844000000000000000e+03
4.660430081399586921e-01,3.844000000000000000e+03
4.661645000607459455e-01,3.850000000000000000e+03
4.662859919815332543e-01,3.850000000000000000e+03
4.664074839023205077e-01,3.854000000000000000e+03
4.665289758231077610e-01,3.858000000000000000e+03
4.666504677438950144e-01,3.860000000000000000e+03
4.667719596646823232e-01,3.863000000000000000e+03
4.668934515854695766e-01,3.866000000000000000e+03
4.670149435062568299e-01,3.872000000000000000e+03
4.671364354270440833e-01,3.874000000000000000e+03
4.672579273478313922e-01,3.876000000000000000e+03
4.673794192686186455e-01,3.878000000000000000e+03
4.675009111894058988e-01,3.879000000000000000e+03
4.676224031101931522e-01,3.880000000000000000e+03
4.677438950309804611e-01,3.882000000000000000e+03
4.678653869517677144e-01,3.884000000000000000e+03
4.679868788725549678e-01,3.885000000000000000e+03
4.681083707933422211e-01,3.885000000000000000e+03
4.682298627141295300e-01,3.886000000000000000e+03
4.683513546349167833e-01,3.886000000000000000e+03
4.684728465557040367e-01,3.887000000000000000e+03
4.685943384764912900e-01,3.887000000000000000e+03
4.687158303972785989e-01,3.887000000000000000e+03
4.688373223180658522e-01,3.891000000000000000e+03
4.689588142388531056e-01,3.892000000000000000e+03
4.690803061596403589e-01,3.892000000000000000e+03
4.692017980804276678e-01,3.896000000000000000e+03
4.693232900012149211e-01,3.901000000000000000e+03
4.694447819220021745e-01,3.908000000000000000e+03
4.695662738427894833e-01,3.909000000000000000e+03
4.696877657635767367e-01,3.913000000000000000e+03
4.698092576843639900e-01,3.917000000000000000e+03
4.699307496051512434e-01,3.919000000000000000e+03
4.700522415259385522e-01,3.922000000000000000e+03
4.701737334467258056e-01,3.926000000000000000e+03
4.702952253675130589e-01,3.927000000000000000e+03
4.704167172883003123e-01,3.927000000000000000e+03
4.705382092090876212e-01,3.928000000000000000e+03
4.706597011298748745e-01,3.929000000000000000e+03
4.707811930506621279e-01,3.931000000000000000e+03
4.709026849714493812e-01,3.933000000000000000e+03
4.710241768922366901e-01,3.938000000000000000e+03
4.711456688130239434e-01,3.942000000000000000e+03
4.712671607338111968e-01,3.944000000000000000e+03
4.713886526545984501e-01,3.946000000000000000e+03
4.715101445753857590e-01,3.946000000000000000e+03
4.716316364961730123e-01,3.948000000000000000e+03
4.717531284169602657e-01,3.950000000000000000e+03
4.718746203377475190e-01,3.952000000000000000e+03
4.719961122585348279e-01,3.953000000000000000e+03
4.721176041793220812e-01,3.955000000000000000e+03
4.722390961001093346e-01,3.957000000000000000e+03
4.723605880208965879e-01,3.958000000000000000e+03
4.724820799416838968e-01,3.959000000000000000e+03
4.726035718624711501e-01,3.961000000000000000e+03
4.727250637832584035e-01,3.966000000000000000e+03
4.728465557040456568e-01,3.966000000000000000e+03
4.729680476248329657e-01,3.969000000000000000e+03
4.730895395456202190e-01,3.970000000000000000e+03
4.732110314664074724e-01,3.971000000000000000e+03
4.733325233871947257e-01,3.973000000000000000e+03
4.734540153079820346e-01,3.974000000000000000e+03
4.735755072287692879e-01,3.974000000000000000e+03
4.736969991495565413e-01,3.975000000000000000e+03
4.738184910703438502e-01,3.977000000000000000e+03
4.739399829911311035e-01,3.978000000000000000e+03
4.740614749119183569e-01,3.978000000000000000e+03
4.741829668327056102e-01,3.978000000000000000e+03
4.743044587534929191e-01,3.979000000000000000e+03
4.744259506742801724e-01,3.979000000000000000e+03
4.745474425950674258e-01,3.983000000000000000e+03
4.746689345158546791e-01,3.991000000000000000e+03
4.747904264366419880e-01,3.991000000000000000e+03
4.749119183574292413e-01,3.996000000000000000e+03
4.750334102782164947e-01,4.001000000000000000e+03
4.751549021990037480e-01,4.003000000000000000e+03
4.752763941197910569e-01,4.004000000000000000e+03
4.753978860405783102e-01,4.005000000000000000e+03
4.755193779613655636e-01,4.011000000000000000e+03
4.756408698821528169e-01,4.012000000000000000e+03
4.757623618029401258e-01,4.013000000000000000e+03
4.758838537237273791e-01,4.013000000000000000e+03
4.760053456445146325e-01,4.017000000000000000e+03
4.761268375653018858e-01,4.017000000000000000e+03
4.762483294860891947e-01,4.020000000000000000e+03
4.763698214068764480e-01,4.022000000000000000e+03
4.764913133276637014e-01,4.024000000000000000e+03
4.766128052484509547e-01,4.025000000000000000e+03
4.767342971692382636e-01,4.027000000000000000e+03
4.768557890900255170e-01,4.028000000000000000e+03
4.769772810108127703e-01,4.029000000000000000e+03
4.770987729316000237e-01,4.029000000000000000e+03
4.772202648523873325e-01,4.032000000000000000e+03
4.773417567731745859e-01,4.039000000000000000e+03
4.774632486939618392e-01,4.041000000000000000e+03
4.775847406147491481e-01,4.041000000000000000e+03
4.777062325355364014e-01,4.041000000000000000e+03
4.778277244563236548e-01,4.041000000000000000e+03
4.779492163771109081e-01,4.043000000000000000e+03
4.780707082978982170e-01,4.046000000000000000e+03
4.781922002186854703e-01,4.047000000000000000e+03
4.783136921394727237e-01,4.048000000000000000e+03
4.784351840602599770e-01,4.050000000000000000e+03
4.785566759810472859e-01,4.050000000000000000e+03
4.786781679018345392e-01,4.056000000000000000e+03
4.787996598226217926e-01,4.063000000000000000e+03
4.789211517434090459e-01,4.064000000000000000e+03
4.790426436641963548e-01,4.065000000000000000e+03
4.791641355849836081e-01,4.068000000000000000e+03
4.792856275057708615e-01,4.070000000000000000e+03
4.794071194265581148e-01,4.072000000000000000e+03
4.795286113473454237e-01,4.073000000000000000e+03
4.796501032681326770e-01,4.073000000000000000e+03
4.797715951889199304e-01,4.076000000000000000e+03
4.798930871097071837e-01,4.077000000000000000e+03
4.800145790304944926e-01,4.079000000000000000e+03
4.801360709512817460e-01,4.080000000000000000e+03
4.802575628720689993e-01,4.081000000000000000e+03
4.803790547928562527e-01,4.081000000000000000e+03
4.805005467136435615e-01,4.082000000000000000e+03
4.806220386344308149e-01,4.082000000000000000e+03
4.807435305552180682e-01,4.083000000000000000e+03
4.808650224760053216e-01,4.084000000000000000e+03
4.809865143967926304e-01,4.087000000000000000e+03
4.811080063175798838e-01,4.093000000000000000e+03
4.812294982383671371e-01,4.093000000000000000e+03
4.813509901591543905e-01,4.094000000000000000e+03
4.814724820799416993e-01,4.095000000000000000e+03
4.815939740007289527e-01,4.096000000000000000e+03
4.817154659215162060e-01,4.097000000000000000e+03
4.818369578423035149e-01,4.100000000000000000e+03
4.819584497630907682e-01,4.101000000000000000e+03
4.820799416838780216e-01,4.102000000000000000e+03
4.822014336046652749e-01,4.104000000000000000e+03
4.823229255254525838e-01,4.108000000000000000e+03
4.824444174462398371e-01,4.113000000000000000e+03
4.825659093670270905e-01,4.114000000000000000e+03
4.826874012878143438e-01,4.114000000000000000e+03
4.828088932086016527e-01,4.115000000000000000e+03
4.829303851293889061e-01,4.120000000000000000e+03
4.830518770501761594e-01,4.121000000000000000e+03
4.831733689709634127e-01,4.122000000000000000e+03
4.832948608917507216e-01,4.124000000000000000e+03
4.834163528125379750e-01,4.125000000000000000e+03
4.835378447333252283e-01,4.129000000000000000e+03
4.836593366541124817e-01,4.130000000000000000e+03
4.837808285748997905e-01,4.130000000000000000e+03
4.839023204956870439e-01,4.131000000000000000e+03
4.840238124164742972e-01,4.137000000000000000e+03
4.841453043372615506e-01,4.137000000000000000e+03
4.842667962580488594e-01,4.140000000000000000e+03
4.843882881788361128e-01,4.141000000000000000e+03
4.845097800996233661e-01,4.143000000000000000e+03
4.846312720204106195e-01,4.145000000000000000e+03
4.847527639411979283e-01,4.147000000000000000e+03
4.848742558619851817e-01,4.150000000000000000e+03
4.849957477827724350e-01,4.155000000000000000e+03
4.851172397035596884e-01,4.157000000000000000e+03
4.852387316243469972e-01,4.158000000000000000e+03
4.853602235451342506e-01,4.158000000000000000e+03
4.854817154659215039e-01,4.158000000000000000e+03
4.856032073867088128e-01,4.161000000000000000e+03
4.857246993074960661e-01,4.162000000000000000e+03
4.858461912282833195e-01,4.163000000000000000e+03
4.859676831490705728e-01,4.164000000000000000e+03
4.860891750698578817e-01,4.166000000000000000e+03
4.862106669906451351e-01,4.167000000000000000e+03
4.863321589114323884e-01,4.170000000000000000e+03
4.864536508322196418e-01,4.179000000000000000e+03
4.865751427530069506e-01,4.179000000000000000e+03
4.866966346737942040e-01,4.183000000000000000e+03
4.868181265945814573e-01,4.184000000000000000e+03
4.869396185153687107e-01,4.185000000000000000e+03
4.870611104361560195e-01,4.187000000000000000e+03
4.871826023569432729e-01,4.187000000000000000e+03
4.873040942777305262e-01,4.187000000000000000e+03
4.874255861985177796e-01,4.188000000000000000e+03
4.875470781193050884e-01,4.189000000000000000e+03
4.876685700400923418e-01,4.192000000000000000e+03
4.877900619608795951e-01,4.193000000000000000e+03
4.879115538816668485e-01,4.195000000000000000e+03
4.880330458024541573e-01,4.195000000000000000e+03
4.881545377232414107e-01,4.198000000000000000e+03
4.882760296440286640e-01,4.201000000000000000e+03
4.883975215648159174e-01,4.203000000000000000e+03
4.885190134856032262e-01,4.203000000000000000e+03
4.886405054063904796e-01,4.204000000000000000e+03
4.887619973271777329e-01,4.204000000000000000e+03
4.888834892479649863e-01,4.205000000000000000e+03
4.890049811687522952e-01,4.208000000000000000e+03
4.891264730895395485e-01,4.208000000000000000e+03
4.892479650103268018e-01,4.208000000000000000e+03
4.893694569311140552e-01,4.210000000000000000e+03
4.894909488519013641e-01,4.211000000000000000e+03
4.896124407726886174e-01,4.217000000000000000e+03
4.897339326934758708e-01,4.219000000000000000e+03
4.898554246142631796e-01,4.221000000000000000e+03
4.899769165350504330e-01,4.222000000000000000e+03
4.900984084558376863e-01,4.222000000000000000e+03
4.902199003766249397e-01,4.222000000000000000e+03
4.903413922974122485e-01,4.225000000000000000e+03
4.904628842181995019e-01,4.225000000000000000e+03
4.905843761389867552e-01,4.227000000000000000e+03
4.907058680597740086e-01,4.237000000000000000e+03
4.908273599805613174e-01,4.239000000000000000e+03
4.909488519013485708e-01,4.242000000000000000e+03
4.910703438221358241e-01,4.243000000000000000e+03
4.911918357429230775e-01,4.244000000000000000e+03
4.913133276637103863e-01,4.244000000000000000e+03
4.914348195844976397e-01,4.245000000000000000e+03
4.915563115052848930e-01,4.248000000000000000e+03
4.916778034260721464e-01,4.249000000000000000e+03
4.917992953468594552e-01,4.253000000000000000e+03
4.919207872676467086e-01,4.261000000000000000e+03
4.920422791884339619e-01,4.262000000000000000e+03
4.921637711092212153e-01,4.267000000000000000e+03
4.922852630300085242e-01,4.270000000000000000e+03
4.924067549507957775e-01,4.270000000000000000e+03
4.925282468715830309e-01,4.270000000000000000e+03
4.926497387923702842e-01,4.273000000000000000e+03
4.927712307131575931e-01,4.273000000000000000e+03
4.928927226339448464e-01,4.274000000000000000e+03
4.930142145547320998e-01,4.276000000000000000e+03
4.931357064755193531e-01,4.279000000000000000e+03
4.932571983963066620e-01,4.280000000000000000e+03
4.933786903170939153e-01,4.281000000000000000e+03
4.935001822378811687e-01,4.282000000000000000e+03
4.936216741586684775e-01,4.285000000000000000e+03
4.937431660794557309e-01,4.290000000000000000e+03
4.938646580002429842e-01,4.293000000000000000e+03
4.939861499210302376e-01,4.294000000000000000e+03
4.941076418418175464e-01,4.294000000000000000e+03
4.942291337626047998e-01,4.298000000000000000e+03
4.943506256833920531e-01,4.300000000000000000e+03
4.944721176041793065e-01,4.300000000000000000e+03
4.945936095249666153e-01,4.300000000000000000e+03
4.947151014457538687e-01,4.302000000000000000e+03
4.948365933665411220e-01,4.304000000000000000e+03
4.949580852873283754e-01,4.307000000000000000e+03
4.950795772081156843e-01,4.307000000000000000e+03
4.952010691289029376e-01,4.310000000000000000e+03
4.953225610496901909e-01,4.313000000000000000e+03
4.954440529704774443e-01,4.314000000000000000e+03
4.955655448912647532e-01,4.316000000000000000e+03
4.956870368120520065e-01,4.316000000000000000e+03
4.958085287328392599e-01,4.318000000000000000e+03
4.959300206536265132e-01,4.322000000000000000e+03
4.960515125744138221e-01,4.324000000000000000e+03
4.961730044952010754e-01,4.326000000000000000e+03
4.962944964159883288e-01,4.326000000000000000e+03
4.964159883367755821e-01,4.328000000000000000e+03
4.965374802575628910e-01,4.338000000000000000e+03
4.966589721783501443e-01,4.342000000000000000e+03
4.967804640991373977e-01,4.343000000000000000e+03
4.969019560199246510e-01,4.346000000000000000e+03
4.970234479407119599e-01,4.347000000000000000e+03
4.971449398614992132e-01,4.347000000000000000e+03
4.972664317822864666e-01,4.350000000000000000e+03
4.973879237030737199e-01,4.351000000000000000e+03
4.975094156238610288e-01,4.351000000000000000e+03
4.976309075446482821e-01,4.355000000000000000e+03
4.977523994654355355e-01,4.355000000000000000e+03
4.978738913862228443e-01,4.357000000000000000e+03
4.979953833070100977e-01,4.359000000000000000e+03
4.981168752277973510e-01,4.361000000000000000e+03
4.982383671485846044e-01,4.362000000000000000e+03
4.983598590693719133e-01,4.363000000000000000e+03
4.984813509901591666e-01,4.363000000000000000e+03
4.986028429109464200e-01,4.369000000000000000e+03
4.987243348317336733e-01,4.370000000000000000e+03
4.988458267525209822e-01,4.370000000000000000e+03
4.989673186733082355e-01,4.374000000000000000e+03
4.990888105940954889e-01,4.377000000000000000e+03
4.992103025148827422e-01,4.381000000000000000e+03
4.993317944356700511e-01,4.382000000000000000e+03
4.994532863564573044e-01,4.388000000000000000e+03
4.995747782772445578e-01,4.389000000000000000e+03
4.996962701980318111e-01,4.389000000000000000e+03
4.998177621188191200e-01,4.390000000000000000e+03
4.999392540396063733e-01,4.393000000000000000e+03
5.000607459603936267e-01,4.398000000000000000e+03
5.001822378811808800e-01,4.398000000000000000e+03
5.003037298019681334e-01,4.403000000000000000e+03
5.004252217227553867e-01,4.404000000000000000e+03
5.005467136435427511e-01,4.405000000000000000e+03
5.006682055643300044e-01,4.409000000000000000e+03
5.007896974851172578e-01,4.410000000000000000e+03
5.009111894059045111e-01,4.410000000000000000e+03
5.010326813266917645e-01,4.411000000000000000e+03
5.011541732474790178e-01,4.411000000000000000e+03
5.012756651682662712e-01,4.413000000000000000e+03
5.013971570890535245e-01,4.415000000000000000e+03
5.015186490098408889e-01,4.417000000000000000e+03
5.016401409306281423e-01,4.418000000000000000e+03
5.017616328514153956e-01,4.419000000000000000e+03
5.018831247722026490e-01,4.420000000000000000e+03
5.020046166929899023e-01,4.422000000000000000e+03
5.021261086137771557e-01,4.429000000000000000e+03
5.022476005345644090e-01,4.433000000000000000e+03
5.023690924553517734e-01,4.435000000000000000e+03
5.024905843761390267e-01,4.437000000000000000e+03
5.026120762969262801e-01,4.442000000000000000e+03
5.027335682177135334e-01,4.444000000000000000e+03
5.028550601385007868e-01,4.447000000000000000e+03
5.029765520592880401e-01,4.448000000000000000e+03
5.030980439800752935e-01,4.448000000000000000e+03
5.032195359008625468e-01,4.453000000000000000e+03
5.033410278216499112e-01,4.458000000000000000e+03
5.034625197424371645e-01,4.459000000000000000e+03
5.035840116632244179e-01,4.460000000000000000e+03
5.037055035840116712e-01,4.462000000000000000e+03
5.038269955047989246e-01,4.462000000000000000e+03
5.039484874255861779e-01,4.464000000000000000e+03
5.040699793463734313e-01,4.465000000000000000e+03
5.041914712671606846e-01,4.474000000000000000e+03
5.043129631879480490e-01,4.477000000000000000e+03
5.044344551087353024e-01,4.481000000000000000e+03
5.045559470295225557e-01,4.486000000000000000e+03
5.046774389503098091e-01,4.488000000000000000e+03
5.047989308710970624e-01,4.489000000000000000e+03
5.049204227918843157e-01,4.490000000000000000e+03
5.050419147126715691e-01,4.491000000000000000e+03
5.051634066334588224e-01,4.492000000000000000e+03
5.052848985542461868e-01,4.492000000000000000e+03
5.054063904750334402e-01,4.493000000000000000e+03
5.055278823958206935e-01,4.500000000000000000e+03
5.056493743166079469e-01,4.503000000000000000e+03
5.057708662373952002e-01,4.503000000000000000e+03
5.058923581581824536e-01,4.504000000000000000e+03
5.060138500789697069e-01,4.509000000000000000e+03
5.061353419997570713e-01,4.511000000000000000e+03
5.062568339205443246e-01,4.515000000000000000e+03
5.063783258413315780e-01,4.515000000000000000e+03
5.064998177621188313e-01,4.516000000000000000e+03
5.066213096829060847e-01,4.516000000000000000e+03
5.067428016036933380e-01,4.520000000000000000e+03
5.068642935244805914e-01,4.532000000000000000e+03
5.069857854452678447e-01,4.538000000000000000e+03
5.071072773660552091e-01,4.540000000000000000e+03
5.072287692868424624e-01,4.541000000000000000e+03
5.073502612076297158e-01,4.543000000000000000e+03
5.074717531284169691e-01,4.544000000000000000e+03
5.075932450492042225e-01,4.546000000000000000e+03
5.077147369699914758e-01,4.548000000000000000e+03
5.078362288907787292e-01,4.552000000000000000e+03
5.079577208115659825e-01,4.553000000000000000e+03
5.080792127323533469e-01,4.556000000000000000e+03
5.082007046531406003e-01,4.559000000000000000e+03
5.083221965739278536e-01,4.563000000000000000e+03
5.084436884947151070e-01,4.564000000000000000e+03
5.085651804155023603e-01,4.566000000000000000e+03
5.086866723362896137e-01,4.567000000000000000e+03
5.088081642570768670e-01,4.569000000000000000e+03
5.089296561778641204e-01,4.573000000000000000e+03
5.090511480986514847e-01,4.574000000000000000e+03
5.091726400194387381e-01,4.575000000000000000e+03
5.092941319402259914e-01,4.577000000000000000e+03
5.094156238610132448e-01,4.578000000000000000e+03
5.095371157818004981e-01,4.578000000000000000e+03
5.096586077025877515e-01,4.579000000000000000e+03
5.097800996233750048e-01,4.580000000000000000e+03
5.099015915441623692e-01,4.580000000000000000e+03
5.100230834649496225e-01,4.591000000000000000e+03
5.101445753857368759e-01,4.595000000000000000e+03
5.102660673065241292e-01,4.596000000000000000e+03
5.103875592273113826e-01,4.599000000000000000e+03
5.105090511480986359e-01,4.599000000000000000e+03
5.106305430688858893e-01,4.601000000000000000e+03
5.107520349896731426e-01,4.606000000000000000e+03
5.108735269104605070e-01,4.606000000000000000e+03
5.109950188312477604e-01,4.607000000000000000e+03
5.111165107520350137e-01,4.611000000000000000e+03
5.112380026728222671e-01,4.613000000000000000e+03
5.113594945936095204e-01,4.613000000000000000e+03
5.114809865143967738e-01,4.614000000000000000e+03
5.116024784351840271e-01,4.616000000000000000e+03
5.117239703559712805e-01,4.621000000000000000e+03
5.118454622767586448e-01,4.627000000000000000e+03
5.119669541975458982e-01,4.628000000000000000e+03
5.120884461183331515e-01,4.628000000000000000e+03
5.122099380391204049e-01,4.631000000000000000e+03
5.123314299599076582e-01,4.631000000000000000e+03
5.124529218806949116e-01,4.634000000000000000e+03
5.125744138014821649e-01,4.637000000000000000e+03
5.126959057222694183e-01,4.638000000000000000e+03
5.128173976430567826e-01,4.638000000000000000e+03
5.129388895638440360e-01,4.642000000000000000e+03
5.130603814846312893e-01,4.645000000000000000e+03
5.131818734054185427e-01,4.647000000000000000e+03
5.133033653262057960e-01,4.654000000000000000e+03
5.134248572469930494e-01,4.655000000000000000e+03
5.135463491677803027e-01,4.655000000000000000e+03
5.136678410885675561e-01,4.658000000000000000e+03
5.137893330093549205e-01,4.658000000000000000e+03
5.139108249301421738e-01,4.659000000000000000e+03
5.140323168509294272e-01,4.660000000000000000e+03
5.141538087717166805e-01,4.664000000000000000e+03
5.142753006925039339e-01,4.668000000000000000e+03
5.143967926132911872e-01,4.671000000000000000e+03
5.145182845340784406e-01,4.675000000000000000e+03
5.146397764548658049e-01,4.675000000000000000e+03
5.147612683756530583e-01,4.675000000000000000e+03
5.148827602964403116e-01,4.676000000000000000e+03
5.150042522172275650e-01,4.677000000000000000e+03
5.151257441380148183e-01,4.679000000000000000e+03
5.152472360588020717e-01,4.682000000000000000e+03
5.153687279795893250e-01,4.686000000000000000e+03
5.154902199003765784e-01,4.687000000000000000e+03
5.156117118211639427e-01,4.687000000000000000e+03
5.157332037419511961e-01,4.688000000000000000e+03
5.158546956627384494e-01,4.688000000000000000e+03
5.159761875835257028e-01,4.688000000000000000e+03
5.160976795043129561e-01,4.689000000000000000e+03
5.162191714251002095e-01,4.693000000000000000e+03
5.163406633458874628e-01,4.694000000000000000e+03
5.164621552666747162e-01,4.694000000000000000e+03
5.165836471874620806e-01,4.695000000000000000e+03
5.167051391082493339e-01,4.696000000000000000e+03
5.168266310290365873e-01,4.697000000000000000e+03
5.169481229498238406e-01,4.699000000000000000e+03
5.170696148706110939e-01,4.700000000000000000e+03
5.171911067913983473e-01,4.701000000000000000e+03
5.173125987121856006e-01,4.702000000000000000e+03
5.174340906329728540e-01,4.704000000000000000e+03
5.175555825537602184e-01,4.704000000000000000e+03
5.176770744745474717e-01,4.706000000000000000e+03
5.177985663953347251e-01,4.707000000000000000e+03
5.179200583161219784e-01,4.709000000000000000e+03
5.180415502369092318e-01,4.716000000000000000e+03
5.181630421576964851e-01,4.719000000000000000e+03
5.182845340784837385e-01,4.724000000000000000e+03
5.184060259992711028e-01,4.728000000000000000e+03
5.185275179200583562e-01,4.732000000000000000e+03
5.186490098408456095e-01,4.734000000000000000e+03
5.187705017616328629e-01,4.742000000000000000e+03
5.188919936824201162e-01,4.744000000000000000e+03
5.190134856032073696e-01,4.747000000000000000e+03
5.191349775239946229e-01,4.747000000000000000e+03
5.192564694447818763e-01,4.748000000000000000e+03
5.193779613655692406e-01,4.748000000000000000e+03
5.194994532863564940e-01,4.751000000000000000e+03
5.196209452071437473e-01,4.754000000000000000e+03
5.197424371279310007e-01,4.754000000000000000e+03
5.198639290487182540e-01,4.756000000000000000e+03
5.199854209695055074e-01,4.757000000000000000e+03
5.201069128902927607e-01,4.760000000000000000e+03
5.202284048110800141e-01,4.764000000000000000e+03
5.203498967318673785e-01,4.768000000000000000e+03
5.204713886526546318e-01,4.776000000000000000e+03
5.205928805734418852e-01,4.777000000000000000e+03
5.207143724942291385e-01,4.778000000000000000e+03
5.208358644150163919e-01,4.780000000000000000e+03
5.209573563358036452e-01,4.783000000000000000e+03
5.210788482565908986e-01,4.785000000000000000e+03
5.212003401773781519e-01,4.785000000000000000e+03
5.213218320981655163e-01,4.792000000000000000e+03
5.214433240189527696e-01,4.794000000000000000e+03
5.215648159397400230e-01,4.795000000000000000e+03
5.216863078605272763e-01,4.796000000000000000e+03
5.218077997813145297e-01,4.798000000000000000e+03
5.219292917021017830e-01,4.801000000000000000e+03
5.220507836228890364e-01,4.802000000000000000e+03
5.221722755436764007e-01,4.802000000000000000e+03
5.222937674644636541e-01,4.803000000000000000e+03
5.224152593852509074e-01,4.804000000000000000e+03
5.225367513060381608e-01,4.811000000000000000e+03
5.226582432268254141e-01,4.812000000000000000e+03
5.227797351476126675e-01,4.812000000000000000e+03
5.229012270683999208e-01,4.817000000000000000e+03
5.230227189891871742e-01,4.818000000000000000e+03
5.231442109099745386e-01,4.821000000000000000e+03
5.232657028307617919e-01,4.821000000000000000e+03
5.233871947515490453e-01,4.822000000000000000e+03
5.235086866723362986e-01,4.824000000000000000e+03
5.236301785931235520e-01,4.825000000000000000e+03
5.237516705139108053e-01,4.825000000000000000e+03
5.238731624346980587e-01,4.826000000000000000e+03
5.239946543554853120e-01,4.829000000000000000e+03
5.241161462762726764e-01,4.831000000000000000e+03
5.242376381970599297e-01,4.832000000000000000e+03
5.243591301178471831e-01,4.834000000000000000e+03
5.244806220386344364e-01,4.840000000000000000e+03
5.246021139594216898e-01,4.842000000000000000e+03
5.247236058802089431e-01,4.842000000000000000e+03
5.248450978009961965e-01,4.843000000000000000e+03
5.249665897217834498e-01,4.846000000000000000e+03
5.250880816425708142e-01,4.847000000000000000e+03
5.252095735633580675e-01,4.848000000000000000e+03
5.253310654841453209e-01,4.849000000000000000e+03
5.254525574049325742e-01,4.851000000000000000e+03
5.255740493257198276e-01,4.852000000000000000e+03
5.256955412465070809e-01,4.853000000000000000e+03
5.258170331672943343e-01,4.855000000000000000e+03
5.259385250880816987e-01,4.855000000000000000e+03
5.260600170088689520e-01,4.856000000000000000e+03
5.261815089296562054e-01,4.858000000000000000e+03
5.263030008504434587e-01,4.858000000000000000e+03
5.264244927712307121e-01,4.860000000000000000e+03
5.265459846920179654e-01,4.863000000000000000e+03
5.266674766128052187e-01,4.866000000000000000e+03
5.267889685335924721e-01,4.866000000000000000e+03
5.269104604543798365e-01,4.867000000000000000e+03
5.270319523751670898e-01,4.867000000000000000e+03
5.271534442959543432e-01,4.868000000000000000e+03
5.272749362167415965e-01,4.872000000000000000e+03
5.273964281375288499e-01,4.873000000000000000e+03
5.275179200583161032e-01,4.876000000000000000e+03
5.276394119791033566e-01,4.881000000000000000e+03
5.277609038998906099e-01,4.884000000000000000e+03
5.278823958206779743e-01,4.889000000000000000e+03
5.280038877414652276e-01,4.891000000000000000e+03
5.281253796622524810e-01,4.891000000000000000e+03
5.282468715830397343e-01,4.896000000000000000e+03
5.283683635038269877e-01,4.897000000000000000e+03
5.284898554246142410e-01,4.897000000000000000e+03
5.286113473454014944e-01,4.904000000000000000e+03
5.287328392661887477e-01,4.905000000000000000e+03
5.288543311869761121e-01,4.905000000000000000e+03
5.289758231077633654e-01,4.906000000000000000e+03
5.290973150285506188e-01,4.910000000000000000e+03
5.292188069493378721e-01,4.914000000000000000e+03
5.293402988701251255e-01,4.914000000000000000e+03
5.294617907909123788e-01,4.914000000000000000e+03
5.295832827116996322e-01,4.916000000000000000e+03
5.297047746324868855e-01,4.919000000000000000e+03
5.298262665532742499e-01,4.921000000000000000e+03
5.299477584740615033e-01,4.922000000000000000e+03
5.300692503948487566e-01,4.923000000000000000e+03
5.301907423156360100e-01,4.927000000000000000e+03
5.303122342364232633e-01,4.928000000000000000e+03
5.304337261572105167e-01,4.931000000000000000e+03
5.305552180779977700e-01,4.932000000000000000e+03
5.306767099987851344e-01,4.933000000000000000e+03
5.307982019195723877e-01,4.934000000000000000e+03
5.309196938403596411e-01,4.936000000000000000e+03
5.310411857611468944e-01,4.938000000000000000e+03
5.311626776819341478e-01,4.939000000000000000e+03
5.312841696027214011e-01,4.940000000000000000e+03
5.314056615235086545e-01,4.941000000000000000e+03
5.315271534442959078e-01,4.943000000000000000e+03
5.316486453650832722e-01,4.943000000000000000e+03
5.317701372858705255e-01,4.945000000000000000e+03
5.318916292066577789e-01,4.946000000000000000e+03
5.320131211274450322e-01,4.948000000000000000e+03
5.321346130482322856e-01,4.949000000000000000e+03
5.322561049690195389e-01,4.958000000000000000e+03
5.323775968898067923e-01,4.959000000000000000e+03
5.324990888105940456e-01,4.962000000000000000e+03
5.326205807313814100e-01,4.971000000000000000e+03
5.327420726521686634e-01,4.975000000000000000e+03
5.328635645729559167e-01,4.979000000000000000e+03
5.329850564937431701e-01,4.983000000000000000e+03
5.331065484145304234e-01,4.987000000000000000e+03
5.332280403353176768e-01,4.991000000000000000e+03
5.333495322561049301e-01,4.993000000000000000e+03
5.334710241768921835e-01,4.993000000000000000e+03
5.335925160976795478e-01,4.995000000000000000e+03
5.337140080184668012e-01,4.996000000000000000e+03
5.338354999392540545e-01,4.997000000000000000e+03
5.339569918600413079e-01,4.997000000000000000e+03
5.340784837808285612e-01,5.002000000000000000e+03
5.341999757016158146e-01,5.003000000000000000e+03
5.343214676224030679e-01,5.004000000000000000e+03
5.344429595431904323e-01,5.005000000000000000e+03
5.345644514639776856e-01,5.007000000000000000e+03
5.346859433847649390e-01,5.010000000000000000e+03
5.348074353055521923e-01,5.011000000000000000e+03
5.349289272263394457e-01,5.012000000000000000e+03
5.350504191471266990e-01,5.013000000000000000e+03
5.351719110679139524e-01,5.018000000000000000e+03
5.352934029887012057e-01,5.020000000000000000e+03
5.354148949094885701e-01,5.020000000000000000e+03
5.355363868302758235e-01,5.021000000000000000e+03
5.356578787510630768e-01,5.024000000000000000e+03
5.357793706718503302e-01,5.025000000000000000e+03
5.359008625926375835e-01,5.031000000000000000e+03
5.360223545134248369e-01,5.031000000000000000e+03
5.361438464342120902e-01,5.033000000000000000e+03
5.362653383549993436e-01,5.033000000000000000e+03
5.363868302757867079e-01,5.034000000000000000e+03
5.365083221965739613e-01,5.036000000000000000e+03
5.366298141173612146e-01,5.037000000000000000e+03
5.367513060381484680e-01,5.041000000000000000e+03
5.368727979589357213e-01,5.043000000000000000e+03
5.369942898797229747e-01,5.045000000000000000e+03
5.371157818005102280e-01,5.048000000000000000e+03
5.372372737212974814e-01,5.051000000000000000e+03
5.373587656420848457e-01,5.054000000000000000e+03
5.374802575628720991e-01,5.055000000000000000e+03
5.376017494836593524e-01,5.056000000000000000e+03
5.377232414044466058e-01,5.059000000000000000e+03
5.378447333252338591e-01,5.062000000000000000e+03
5.379662252460211125e-01,5.062000000000000000e+03
5.380877171668083658e-01,5.063000000000000000e+03
5.382092090875957302e-01,5.064000000000000000e+03
5.383307010083829836e-01,5.065000000000000000e+03
5.384521929291702369e-01,5.068000000000000000e+03
5.385736848499574903e-01,5.071000000000000000e+03
5.386951767707447436e-01,5.075000000000000000e+03
5.388166686915319969e-01,5.077000000000000000e+03
5.389381606123192503e-01,5.079000000000000000e+03
5.390596525331065036e-01,5.080000000000000000e+03
5.391811444538938680e-01,5.081000000000000000e+03
5.393026363746811214e-01,5.081000000000000000e+03
5.394241282954683747e-01,5.082000000000000000e+03
5.395456202162556281e-01,5.083000000000000000e+03
5.396671121370428814e-01,5.086000000000000000e+03
5.397886040578301348e-01,5.088000000000000000e+03
5.399100959786173881e-01,5.088000000000000000e+03
5.400315878994046415e-01,5.095000000000000000e+03
5.401530798201920058e-01,5.096000000000000000e+03
5.402745717409792592e-01,5.097000000000000000e+03
5.403960636617665125e-01,5.097000000000000000e+03
5.405175555825537659e-01,5.103000000000000000e+03
5.406390475033410192e-01,5.104000000000000000e+03
5.407605394241282726e-01,5.111000000000000000e+03
5.408820313449155259e-01,5.113000000000000000e+03
5.410035232657027793e-01,5.114000000000000000e+03
5.411250151864901436e-01,5.115000000000000000e+03
5.412465071072773970e-01,5.121000000000000000e+03
5.413679990280646503e-01,5.126000000000000000e+03
5.414894909488519037e-01,5.131000000000000000e+03
5.416109828696391570e-01,5.131000000000000000e+03
5.417324747904264104e-01,5.132000000000000000e+03
5.418539667112136637e-01,5.134000000000000000e+03
5.419754586320010281e-01,5.138000000000000000e+03
5.420969505527882815e-01,5.140000000000000000e+03
5.422184424735755348e-01,5.144000000000000000e+03
5.423399343943627882e-01,5.144000000000000000e+03
5.424614263151500415e-01,5.145000000000000000e+03
5.425829182359372949e-01,5.145000000000000000e+03
5.427044101567245482e-01,5.150000000000000000e+03
5.428259020775118016e-01,5.151000000000000000e+03
5.429473939982991659e-01,5.152000000000000000e+03
5.430688859190864193e-01,5.157000000000000000e+03
5.431903778398736726e-01,5.161000000000000000e+03
5.433118697606609260e-01,5.161000000000000000e+03
5.434333616814481793e-01,5.161000000000000000e+03
5.435548536022354327e-01,5.164000000000000000e+03
5.436763455230226860e-01,5.168000000000000000e+03
5.437978374438099394e-01,5.173000000000000000e+03
5.439193293645973037e-01,5.175000000000000000e+03
5.440408212853845571e-01,5.175000000000000000e+03
5.441623132061718104e-01,5.175000000000000000e+03
5.442838051269590638e-01,5.177000000000000000e+03
5.444052970477463171e-01,5.179000000000000000e+03
5.445267889685335705e-01,5.179000000000000000e+03
5.446482808893208238e-01,5.183000000000000000e+03
5.447697728101080772e-01,5.184000000000000000e+03
5.448912647308954416e-01,5.187000000000000000e+03
5.450127566516826949e-01,5.195000000000000000e+03
5.451342485724699483e-01,5.199000000000000000e+03
5.452557404932572016e-01,5.200000000000000000e+03
5.453772324140444550e-01,5.201000000000000000e+03
5.454987243348317083e-01,5.203000000000000000e+03
5.456202162556189617e-01,5.203000000000000000e+03
5.457417081764062150e-01,5.203000000000000000e+03
5.458632000971935794e-01,5.207000000000000000e+03
5.459846920179808327e-01,5.208000000000000000e+03
5.461061839387680861e-01,5.211000000000000000e+03
5.462276758595553394e-01,5.215000000000000000e+03
5.463491677803425928e-01,5.218000000000000000e+03
5.464706597011298461e-01,5.221000000000000000e+03
5.465921516219170995e-01,5.223000000000000000e+03
5.467136435427044638e-01,5.225000000000000000e+03
5.468351354634917172e-01,5.225000000000000000e+03
5.469566273842789705e-01,5.229000000000000000e+03
5.470781193050662239e-01,5.230000000000000000e+03
5.471996112258534772e-01,5.233000000000000000e+03
5.473211031466407306e-01,5.235000000000000000e+03
5.474425950674279839e-01,5.237000000000000000e+03
5.475640869882152373e-01,5.240000000000000000e+03
5.476855789090026017e-01,5.246000000000000000e+03
5.478070708297898550e-01,5.248000000000000000e+03
5.479285627505771084e-01,5.252000000000000000e+03
5.480500546713643617e-01,5.252000000000000000e+03
5.481715465921516151e-01,5.256000000000000000e+03
5.482930385129388684e-01,5.263000000000000000e+03
5.484145304337261217e-01,5.265000000000000000e+03
5.485360223545133751e-01,5.267000000000000000e+03
5.486575142753007395e-01,5.268000000000000000e+03
5.487790061960879928e-01,5.268000000000000000e+03
5.489004981168752462e-01,5.269000000000000000e+03
5.490219900376624995e-01,5.269000000000000000e+03
5.491434819584497529e-01,5.273000000000000000e+03
5.492649738792370062e-01,5.277000000000000000e+03
5.493864658000242596e-01,5.279000000000000000e+03
5.495079577208115129e-01,5.282000000000000000e+03
5.496294496415988773e-01,5.283000000000000000e+03
5.497509415623861306e-01,5.284000000000000000e+03
5.498724334831733840e-01,5.284000000000000000e+03
5.499939254039606373e-01,5.287000000000000000e+03
5.501154173247478907e-01,5.289000000000000000e+03
5.502369092455351440e-01,5.291000000000000000e+03
5.503584011663223974e-01,5.299000000000000000e+03
5.504798930871097618e-01,5.307000000000000000e+03
5.506013850078970151e-01,5.316000000000000000e+03
5.507228769286842684e-01,5.319000000000000000e+03
5.508443688494715218e-01,5.322000000000000000e+03
5.509658607702587751e-01,5.322000000000000000e+03
5.510873526910460285e-01,5.322000000000000000e+03
5.512088446118332818e-01,5.325000000000000000e+03
5.513303365326205352e-01,5.325000000000000000e+03
5.514518284534078996e-01,5.328000000000000000e+03
5.515733203741951529e-01,5.337000000000000000e+03
5.516948122949824063e-01,5.342000000000000000e+03
5.518163042157696596e-01,5.343000000000000000e+03
5.519377961365569130e-01,5.345000000000000000e+03
5.520592880573441663e-01,5.346000000000000000e+03
5.521807799781314197e-01,5.349000000000000000e+03
5.523022718989186730e-01,5.349000000000000000e+03
5.524237638197060374e-01,5.350000000000000000e+03
5.525452557404932907e-01,5.355000000000000000e+03
5.526667476612805441e-01,5.359000000000000000e+03
5.527882395820677974e-01,5.360000000000000000e+03
5.529097315028550508e-01,5.360000000000000000e+03
5.530312234236423041e-01,5.360000000000000000e+03
5.531527153444295575e-01,5.362000000000000000e+03
5.532742072652168108e-01,5.365000000000000000e+03
5.533956991860041752e-01,5.369000000000000000e+03
5.535171911067914285e-01,5.370000000000000000e+03
5.536386830275786819e-01,5.378000000000000000e+03
5.537601749483659352e-01,5.378000000000000000e+03
5.538816668691531886e-01,5.381000000000000000e+03
5.540031587899404419e-01,5.381000000000000000e+03
5.541246507107276953e-01,5.386000000000000000e+03
5.542461426315150597e-01,5.386000000000000000e+03
5.543676345523023130e-01,5.389000000000000000e+03
5.544891264730895664e-01,5.394000000000000000e+03
5.546106183938768197e-01,5.397000000000000000e+03
5.547321103146640731e-01,5.398000000000000000e+03
5.548536022354513264e-01,5.406000000000000000e+03
5.549750941562385798e-01,5.406000000000000000e+03
5.550965860770258331e-01,5.406000000000000000e+03
5.552180779978131975e-01,5.407000000000000000e+03
5.553395699186004508e-01,5.412000000000000000e+03
5.554610618393877042e-01,5.421000000000000000e+03
5.555825537601749575e-01,5.425000000000000000e+03
5.557040456809622109e-01,5.430000000000000000e+03
5.558255376017494642e-01,5.431000000000000000e+03
5.559470295225367176e-01,5.431000000000000000e+03
5.560685214433239709e-01,5.436000000000000000e+03
5.561900133641113353e-01,5.443000000000000000e+03
5.563115052848985886e-01,5.448000000000000000e+03
5.564329972056858420e-01,5.455000000000000000e+03
5.565544891264730953e-01,5.457000000000000000e+03
5.566759810472603487e-01,5.466000000000000000e+03
5.567974729680476020e-01,5.466000000000000000e+03
5.569189648888348554e-01,5.468000000000000000e+03
5.570404568096221087e-01,5.473000000000000000e+03
5.571619487304094731e-01,5.474000000000000000e+03
5.572834406511967265e-01,5.475000000000000000e+03
5.574049325719839798e-01,5.476000000000000000e+03
5.575264244927712332e-01,5.478000000000000000e+03
5.576479164135584865e-01,5.478000000000000000e+03
5.577694083343457399e-01,5.486000000000000000e+03
5.578909002551329932e-01,5.488000000000000000e+03
5.580123921759203576e-01,5.497000000000000000e+03
5.581338840967076109e-01,5.500000000000000000e+03
5.582553760174948643e-01,5.500000000000000000e+03
5.583768679382821176e-01,5.501000000000000000e+03
5.584983598590693710e-01,5.501000000000000000e+03
5.586198517798566243e-01,5.503000000000000000e+03
5.587413437006438777e-01,5.507000000000000000e+03
5.588628356214311310e-01,5.509000000000000000e+03
5.589843275422184954e-01,5.509000000000000000e+03
5.591058194630057487e-01,5.514000000000000000e+03
5.592273113837930021e-01,5.515000000000000000e+03
5.593488033045802554e-01,5.517000000000000000e+03
5.594702952253675088e-01,5.517000000000000000e+03
5.595917871461547621e-01,5.518000000000000000e+03
5.597132790669420155e-01,5.522000000000000000e+03
5.598347709877292688e-01,5.523000000000000000e+03
5.599562629085166332e-01,5.528000000000000000e+03
5.600777548293038866e-01,5.529000000000000000e+03
5.601992467500911399e-01,5.531000000000000000e+03
5.603207386708783933e-01,5.532000000000000000e+03
5.604422305916656466e-01,5.535000000000000000e+03
5.605637225124528999e-01,5.549000000000000000e+03
5.606852144332401533e-01,5.551000000000000000e+03
5.608067063540274066e-01,5.558000000000000000e+03
5.609281982748147710e-01,5.562000000000000000e+03
5.610496901956020244e-01,5.565000000000000000e+03
5.611711821163892777e-01,5.566000000000000000e+03
5.612926740371765311e-01,5.568000000000000000e+03
5.614141659579637844e-01,5.575000000000000000e+03
5.615356578787510378e-01,5.580000000000000000e+03
5.616571497995382911e-01,5.580000000000000000e+03
5.617786417203255445e-01,5.586000000000000000e+03
5.619001336411129088e-01,5.587000000000000000e+03
5.620216255619001622e-01,5.593000000000000000e+03
5.621431174826874155e-01,5.599000000000000000e+03
5.622646094034746689e-01,5.602000000000000000e+03
5.623861013242619222e-01,5.604000000000000000e+03
5.625075932450491756e-01,5.605000000000000000e+03
5.626290851658364289e-01,5.606000000000000000e+03
5.627505770866237933e-01,5.610000000000000000e+03
5.628720690074110466e-01,5.610000000000000000e+03
5.629935609281983000e-01,5.611000000000000000e+03
5.631150528489855533e-01,5.612000000000000000e+03
5.632365447697728067e-01,5.617000000000000000e+03
5.633580366905600600e-01,5.617000000000000000e+03
5.634795286113473134e-01,5.620000000000000000e+03
5.636010205321345667e-01,5.623000000000000000e+03
5.637225124529219311e-01,5.623000000000000000e+03
5.638440043737091845e-01,5.624000000000000000e+03
5.639654962944964378e-01,5.625000000000000000e+03
5.640869882152836912e-01,5.626000000000000000e+03
5.642084801360709445e-01,5.626000000000000000e+03
5.643299720568581979e-01,5.628000000000000000e+03
5.644514639776454512e-01,5.628000000000000000e+03
5.645729558984327046e-01,5.631000000000000000e+03
5.646944478192200689e-01,5.633000000000000000e+03
5.648159397400073223e-01,5.636000000000000000e+03
5.649374316607945756e-01,5.638000000000000000e+03
5.650589235815818290e-01,5.639000000000000000e+03
5.651804155023690823e-01,5.641000000000000000e+03
5.653019074231563357e-01,5.643000000000000000e+03
5.654233993439435890e-01,5.646000000000000000e+03
5.655448912647308424e-01,5.648000000000000000e+03
5.656663831855182067e-01,5.650000000000000000e+03
5.657878751063054601e-01,5.654000000000000000e+03
5.659093670270927134e-01,5.656000000000000000e+03
5.660308589478799668e-01,5.658000000000000000e+03
5.661523508686672201e-01,5.661000000000000000e+03
5.662738427894544735e-01,5.662000000000000000e+03
5.663953347102417268e-01,5.664000000000000000e+03
5.665168266310290912e-01,5.666000000000000000e+03
5.666383185518163446e-01,5.667000000000000000e+03
5.667598104726035979e-01,5.670000000000000000e+03
5.668813023933908513e-01,5.673000000000000000e+03
5.670027943141781046e-01,5.676000000000000000e+03
5.671242862349653580e-01,5.677000000000000000e+03
5.672457781557526113e-01,5.678000000000000000e+03
5.673672700765398647e-01,5.688000000000000000e+03
5.674887619973272290e-01,5.689000000000000000e+03
5.676102539181144824e-01,5.695000000000000000e+03
5.677317458389017357e-01,5.695000000000000000e+03
5.678532377596889891e-01,5.698000000000000000e+03
5.679747296804762424e-01,5.698000000000000000e+03
5.680962216012634958e-01,5.698000000000000000e+03
5.682177135220507491e-01,5.699000000000000000e+03
5.683392054428380025e-01,5.701000000000000000e+03
5.684606973636253668e-01,5.705000000000000000e+03
5.685821892844126202e-01,5.706000000000000000e+03
5.687036812051998735e-01,5.706000000000000000e+03
5.688251731259871269e-01,5.706000000000000000e+03
5.689466650467743802e-01,5.709000000000000000e+03
5.690681569675616336e-01,5.709000000000000000e+03
5.691896488883488869e-01,5.713000000000000000e+03
5.693111408091361403e-01,5.717000000000000000e+03
5.694326327299235047e-01,5.719000000000000000e+03
5.695541246507107580e-01,5.719000000000000000e+03
5.696756165714980114e-01,5.722000000000000000e+03
5.697971084922852647e-01,5.727000000000000000e+03
5.699186004130725181e-01,5.729000000000000000e+03
5.700400923338597714e-01,5.729000000000000000e+03
5.701615842546470247e-01,5.735000000000000000e+03
5.702830761754343891e-01,5.737000000000000000e+03
5.704045680962216425e-01,5.745000000000000000e+03
5.705260600170088958e-01,5.747000000000000000e+03
5.706475519377961492e-01,5.762000000000000000e+03
5.707690438585834025e-01,5.763000000000000000e+03
5.708905357793706559e-01,5.765000000000000000e+03
5.710120277001579092e-01,5.777000000000000000e+03
5.711335196209451626e-01,5.781000000000000000e+03
5.712550115417325269e-01,5.785000000000000000e+03
5.713765034625197803e-01,5.793000000000000000e+03
5.714979953833070336e-01,5.801000000000000000e+03
5.716194873040942870e-01,5.803000000000000000e+03
5.717409792248815403e-01,5.805000000000000000e+03
5.718624711456687937e-01,5.805000000000000000e+03
5.719839630664560470e-01,5.806000000000000000e+03
5.721054549872433004e-01,5.807000000000000000e+03
5.722269469080306648e-01,5.809000000000000000e+03
5.723484388288179181e-01,5.810000000000000000e+03
5.724699307496051714e-01,5.818000000000000000e+03
5.725914226703924248e-01,5.818000000000000000e+03
5.727129145911796781e-01,5.819000000000000000e+03
5.728344065119669315e-01,5.820000000000000000e+03
5.729558984327541848e-01,5.823000000000000000e+03
5.730773903535414382e-01,5.824000000000000000e+03
5.731988822743288026e-01,5.827000000000000000e+03
5.733203741951160559e-01,5.828000000000000000e+03
5.734418661159033093e-01,5.829000000000000000e+03
5.735633580366905626e-01,5.833000000000000000e+03
5.736848499574778160e-01,5.836000000000000000e+03
5.738063418782650693e-01,5.840000000000000000e+03
5.739278337990523227e-01,5.841000000000000000e+03
5.740493257198396870e-01,5.841000000000000000e+03
5.741708176406269404e-01,5.842000000000000000e+03
5.742923095614141937e-01,5.843000000000000000e+03
5.744138014822014471e-01,5.843000000000000000e+03
5.745352934029887004e-01,5.847000000000000000e+03
5.746567853237759538e-01,5.853000000000000000e+03
5.747782772445632071e-01,5.853000000000000000e+03
5.748997691653504605e-01,5.854000000000000000e+03
5.750212610861378248e-01,5.857000000000000000e+03
5.751427530069250782e-01,5.858000000000000000e+03
5.752642449277123315e-01,5.863000000000000000e+03
5.753857368484995849e-01,5.864000000000000000e+03
5.755072287692868382e-01,5.865000000000000000e+03
5.756287206900740916e-01,5.866000000000000000e+03
5.757502126108613449e-01,5.875000000000000000e+03
5.758717045316485983e-01,5.877000000000000000e+03
5.759931964524359627e-01,5.879000000000000000e+03
5.761146883732232160e-01,5.884000000000000000e+03
5.762361802940104694e-01,5.894000000000000000e+03
5.763576722147977227e-01,5.898000000000000000e+03
5.764791641355849761e-01,5.898000000000000000e+03
5.766006560563722294e-01,5.899000000000000000e+03
5.767221479771594828e-01,5.902000000000000000e+03
5.768436398979467361e-01,5.906000000000000000e+03
5.769651318187341005e-01,5.907000000000000000e+03
5.770866237395213538e-01,5.912000000000000000e+03
5.772081156603086072e-01,5.920000000000000000e+03
5.773296075810958605e-01,5.922000000000000000e+03
5.774510995018831139e-01,5.923000000000000000e+03
5.775725914226703672e-01,5.927000000000000000e+03
5.776940833434576206e-01,5.929000000000000000e+03
5.778155752642448739e-01,5.930000000000000000e+03
5.779370671850322383e-01,5.938000000000000000e+03
5.780585591058194916e-01,5.947000000000000000e+03
5.781800510266067450e-01,5.948000000000000000e+03
5.783015429473939983e-01,5.950000000000000000e+03
5.784230348681812517e-01,5.951000000000000000e+03
5.785445267889685050e-01,5.955000000000000000e+03
5.786660187097557584e-01,5.961000000000000000e+03
5.787875106305431228e-01,5.973000000000000000e+03
5.789090025513303761e-01,5.973000000000000000e+03
5.790304944721176295e-01,5.982000000000000000e+03
5.791519863929048828e-01,5.985000000000000000e+03
5.792734783136921362e-01,5.992000000000000000e+03
5.793949702344793895e-01,5.997000000000000000e+03
5.795164621552666429e-01,6.000000000000000000e+03
5.796379540760538962e-01,6.003000000000000000e+03
5.797594459968412606e-01,6.011000000000000000e+03
5.798809379176285139e-01,6.012000000000000000e+03
5.800024298384157673e-01,6.014000000000000000e+03
5.801239217592030206e-01,6.018000000000000000e+03
5.802454136799902740e-01,6.020000000000000000e+03
5.803669056007775273e-01,6.021000000000000000e+03
5.804883975215647807e-01,6.026000000000000000e+03
5.806098894423520340e-01,6.027000000000000000e+03
5.807313813631393984e-01,6.028000000000000000e+03
5.808528732839266517e-01,6.029000000000000000e+03
5.809743652047139051e-01,6.030000000000000000e+03
5.810958571255011584e-01,6.034000000000000000e+03
5.812173490462884118e-01,6.041000000000000000e+03
5.813388409670756651e-01,6.045000000000000000e+03
5.814603328878629185e-01,6.056000000000000000e+03
5.815818248086501718e-01,6.058000000000000000e+03
5.817033167294375362e-01,6.062000000000000000e+03
5.818248086502247896e-01,6.063000000000000000e+03
5.819463005710120429e-01,6.067000000000000000e+03
5.820677924917992963e-01,6.071000000000000000e+03
5.821892844125865496e-01,6.072000000000000000e+03
5.823107763333738029e-01,6.073000000000000000e+03
5.824322682541610563e-01,6.075000000000000000e+03
5.825537601749484207e-01,6.081000000000000000e+03
5.826752520957356740e-01,6.083000000000000000e+03
5.827967440165229274e-01,6.089000000000000000e+03
5.829182359373101807e-01,6.090000000000000000e+03
5.830397278580974341e-01,6.090000000000000000e+03
5.831612197788846874e-01,6.092000000000000000e+03
5.832827116996719408e-01,6.093000000000000000e+03
5.834042036204591941e-01,6.093000000000000000e+03
5.835256955412465585e-01,6.096000000000000000e+03
5.836471874620338118e-01,6.098000000000000000e+03
5.837686793828210652e-01,6.099000000000000000e+03
5.838901713036083185e-01,6.105000000000000000e+03
5.840116632243955719e-01,6.107000000000000000e+03
5.841331551451828252e-01,6.108000000000000000e+03
5.842546470659700786e-01,6.109000000000000000e+03
5.843761389867573319e-01,6.112000000000000000e+03
5.844976309075446963e-01,6.117000000000000000e+03
5.846191228283319496e-01,6.120000000000000000e+03
5.847406147491192030e-01,6.121000000000000000e+03
5.848621066699064563e-01,6.123000000000000000e+03
5.849835985906937097e-01,6.124000000000000000e+03
5.851050905114809630e-01,6.127000000000000000e+03
5.852265824322682164e-01,6.128000000000000000e+03
5.853480743530554697e-01,6.130000000000000000e+03
5.854695662738428341e-01,6.135000000000000000e+03
5.855910581946300875e-01,6.137000000000000000e+03
5.857125501154173408e-01,6.138000000000000000e+03
5.858340420362045942e-01,6.142000000000000000e+03
5.859555339569918475e-01,6.145000000000000000e+03
5.860770258777791009e-01,6.148000000000000000e+03
5.861985177985663542e-01,6.159000000000000000e+03
5.863200097193537186e-01,6.159000000000000000e+03
5.864415016401409719e-01,6.165000000000000000e+03
5.865629935609282253e-01,6.165000000000000000e+03
5.866844854817154786e-01,6.166000000000000000e+03
5.868059774025027320e-01,6.169000000000000000e+03
5.869274693232899853e-01,6.172000000000000000e+03
5.870489612440772387e-01,6.174000000000000000e+03
5.871704531648644920e-01,6.177000000000000000e+03
5.872919450856518564e-01,6.177000000000000000e+03
5.874134370064391097e-01,6.181000000000000000e+03
5.875349289272263631e-01,6.183000000000000000e+03
5.876564208480136164e-01,6.187000000000000000e+03
5.877779127688008698e-01,6.190000000000000000e+03
5.878994046895881231e-01,6.191000000000000000e+03
5.880208966103753765e-01,6.192000000000000000e+03
5.881423885311626298e-01,6.196000000000000000e+03
5.882638804519499942e-01,6.196000000000000000e+03
5.883853723727372476e-01,6.197000000000000000e+03
5.885068642935245009e-01,6.198000000000000000e+03
5.886283562143117543e-01,6.199000000000000000e+03
5.887498481350990076e-01,6.199000000000000000e+03
5.888713400558862610e-01,6.200000000000000000e+03
5.889928319766735143e-01,6.204000000000000000e+03
5.891143238974607677e-01,6.204000000000000000e+03
5.892358158182481320e-01,6.207000000000000000e+03
5.893573077390353854e-01,6.215000000000000000e+03
5.894787996598226387e-01,6.215000000000000000e+03
5.896002915806098921e-01,6.216000000000000000e+03
5.897217835013971454e-01,6.222000000000000000e+03
5.898432754221843988e-01,6.226000000000000000e+03
5.899647673429716521e-01,6.230000000000000000e+03
5.900862592637590165e-01,6.235000000000000000e+03
5.902077511845462698e-01,6.236000000000000000e+03
5.903292431053335232e-01,6.236000000000000000e+03
5.904507350261207765e-01,6.241000000000000000e+03
5.905722269469080299e-01,6.248000000000000000e+03
5.906937188676952832e-01,6.249000000000000000e+03
5.908152107884825366e-01,6.256000000000000000e+03
5.909367027092697899e-01,6.264000000000000000e+03
5.910581946300571543e-01,6.265000000000000000e+03
5.911796865508444077e-01,6.268000000000000000e+03
5.913011784716316610e-01,6.271000000000000000e+03
5.914226703924189144e-01,6.272000000000000000e+03
5.915441623132061677e-01,6.278000000000000000e+03
5.916656542339934211e-01,6.283000000000000000e+03
5.917871461547806744e-01,6.285000000000000000e+03
5.919086380755679277e-01,6.286000000000000000e+03
5.920301299963552921e-01,6.288000000000000000e+03
5.921516219171425455e-01,6.293000000000000000e+03
5.922731138379297988e-01,6.293000000000000000e+03
5.923946057587170522e-01,6.302000000000000000e+03
5.925160976795043055e-01,6.302000000000000000e+03
5.926375896002915589e-01,6.309000000000000000e+03
5.927590815210788122e-01,6.310000000000000000e+03
5.928805734418660656e-01,6.314000000000000000e+03
5.930020653626534299e-01,6.314000000000000000e+03
5.931235572834406833e-01,6.314000000000000000e+03
5.932450492042279366e-01,6.321000000000000000e+03
5.933665411250151900e-01,6.324000000000000000e+03
5.934880330458024433e-01,6.330000000000000000e+03
5.936095249665896967e-01,6.335000000000000000e+03
5.937310168873769500e-01,6.343000000000000000e+03
5.938525088081642034e-01,6.344000000000000000e+03
5.939740007289515678e-01,6.346000000000000000e+03
5.940954926497388211e-01,6.346000000000000000e+03
5.942169845705260744e-01,6.347000000000000000e+03
5.943384764913133278e-01,6.348000000000000000e+03
5.944599684121005811e-01,6.349000000000000000e+03
5.945814603328878345e-01,6.349000000000000000e+03
5.947029522536750878e-01,6.350000000000000000e+03
5.948244441744624522e-01,6.353000000000000000e+03
5.949459360952497056e-01,6.356000000000000000e+03
5.950674280160369589e-01,6.358000000000000000e+03
5.951889199368242123e-01,6.358000000000000000e+03
5.953104118576114656e-01,6.363000000000000000e+03
5.954319037783987190e-01,6.367000000000000000e+03
5.955533956991859723e-01,6.368000000000000000e+03
5.956748876199732257e-01,6.369000000000000000e+03
5.957963795407605900e-01,6.369000000000000000e+03
5.959178714615478434e-01,6.372000000000000000e+03
5.960393633823350967e-01,6.374000000000000000e+03
5.961608553031223501e-01,6.377000000000000000e+03
5.962823472239096034e-01,6.378000000000000000e+03
5.964038391446968568e-01,6.387000000000000000e+03
5.965253310654841101e-01,6.388000000000000000e+03
5.966468229862713635e-01,6.389000000000000000e+03
5.967683149070587278e-01,6.395000000000000000e+03
5.968898068278459812e-01,6.396000000000000000e+03
5.970112987486332345e-01,6.402000000000000000e+03
5.971327906694204879e-01,6.407000000000000000e+03
5.972542825902077412e-01,6.410000000000000000e+03
5.973757745109949946e-01,6.410000000000000000e+03
5.974972664317822479e-01,6.416000000000000000e+03
5.976187583525695013e-01,6.417000000000000000e+03
5.977402502733568657e-01,6.421000000000000000e+03
5.978617421941441190e-01,6.425000000000000000e+03
5.979832341149313724e-01,6.425000000000000000e+03
5.981047260357186257e-01,6.431000000000000000e+03
5.982262179565058791e-01,6.434000000000000000e+03
5.983477098772931324e-01,6.434000000000000000e+03
5.984692017980803858e-01,6.436000000000000000e+03
5.985906937188677501e-01,6.437000000000000000e+03
5.987121856396550035e-01,6.438000000000000000e+03
5.988336775604422568e-01,6.439000000000000000e+03
5.989551694812295102e-01,6.439000000000000000e+03
5.990766614020167635e-01,6.440000000000000000e+03
5.991981533228040169e-01,6.447000000000000000e+03
5.993196452435912702e-01,6.453000000000000000e+03
5.994411371643785236e-01,6.457000000000000000e+03
5.995626290851658879e-01,6.458000000000000000e+03
5.996841210059531413e-01,6.461000000000000000e+03
5.998056129267403946e-01,6.462000000000000000e+03
5.999271048475276480e-01,6.464000000000000000e+03
6.000485967683149013e-01,6.466000000000000000e+03
6.001700886891021547e-01,6.470000000000000000e+03
6.002915806098894080e-01,6.474000000000000000e+03
6.004130725306766614e-01,6.476000000000000000e+03
6.005345644514640258e-01,6.477000000000000000e+03
6.006560563722512791e-01,6.480000000000000000e+03
6.007775482930385325e-01,6.482000000000000000e+03
6.008990402138257858e-01,6.482000000000000000e+03
6.010205321346130392e-01,6.487000000000000000e+03
6.011420240554002925e-01,6.492000000000000000e+03
6.012635159761875459e-01,6.492000000000000000e+03
6.013850078969747992e-01,6.494000000000000000e+03
6.015064998177621636e-01,6.496000000000000000e+03
6.016279917385494169e-01,6.505000000000000000e+03
6.017494836593366703e-01,6.509000000000000000e+03
6.018709755801239236e-01,6.513000000000000000e+03
6.019924675009111770e-01,6.515000000000000000e+03
6.021139594216984303e-01,6.517000000000000000e+03
6.022354513424856837e-01,6.518000000000000000e+03
6.023569432632730480e-01,6.519000000000000000e+03
6.024784351840603014e-01,6.519000000000000000e+03
6.025999271048475547e-01,6.521000000000000000e+03
6.027214190256348081e-01,6.526000000000000000e+03
6.028429109464220614e-01,6.530000000000000000e+03
6.029644028672093148e-01,6.531000000000000000e+03
6.030858947879965681e-01,6.532000000000000000e+03
6.032073867087838215e-01,6.536000000000000000e+03
6.033288786295711859e-01,6.538000000000000000e+03
6.034503705503584392e-01,6.538000000000000000e+03
6.035718624711456926e-01,6.543000000000000000e+03
6.036933543919329459e-01,6.547000000000000000e+03
6.038148463127201993e-01,6.549000000000000000e+03
6.039363382335074526e-01,6.552000000000000000e+03
6.040578301542947059e-01,6.559000000000000000e+03
6.041793220750819593e-01,6.560000000000000000e+03
6.043008139958693237e-01,6.562000000000000000e+03
6.044223059166565770e-01,6.568000000000000000e+03
6.045437978374438304e-01,6.573000000000000000e+03
6.046652897582310837e-01,6.577000000000000000e+03
6.047867816790183371e-01,6.583000000000000000e+03
6.049082735998055904e-01,6.583000000000000000e+03
6.050297655205928438e-01,6.590000000000000000e+03
6.051512574413800971e-01,6.593000000000000000e+03
6.052727493621674615e-01,6.601000000000000000e+03
6.053942412829547148e-01,6.602000000000000000e+03
6.055157332037419682e-01,6.604000000000000000e+03
6.056372251245292215e-01,6.608000000000000000e+03
6.057587170453164749e-01,6.612000000000000000e+03
6.058802089661037282e-01,6.616000000000000000e+03
6.060017008868909816e-01,6.619000000000000000e+03
6.061231928076783460e-01,6.620000000000000000e+03
6.062446847284655993e-01,6.624000000000000000e+03
6.063661766492528526e-01,6.624000000000000000e+03
6.064876685700401060e-01,6.626000000000000000e+03
6.066091604908273593e-01,6.627000000000000000e+03
6.067306524116146127e-01,6.627000000000000000e+03
6.068521443324018660e-01,6.628000000000000000e+03
6.069736362531891194e-01,6.629000000000000000e+03
6.070951281739764838e-01,6.631000000000000000e+03
6.072166200947637371e-01,6.631000000000000000e+03
6.073381120155509905e-01,6.646000000000000000e+03
6.074596039363382438e-01,6.647000000000000000e+03
6.075810958571254972e-01,6.649000000000000000e+03
6.077025877779127505e-01,6.654000000000000000e+03
6.078240796987000039e-01,6.655000000000000000e+03
6.079455716194872572e-01,6.655000000000000000e+03
6.080670635402746216e-01,6.659000000000000000e+03
6.081885554610618749e-01,6.661000000000000000e+03
6.083100473818491283e-01,6.672000000000000000e+03
6.084315393026363816e-01,6.674000000000000000e+03
6.085530312234236350e-01,6.683000000000000000e+03
6.086745231442108883e-01,6.683000000000000000e+03
6.087960150649981417e-01,6.684000000000000000e+03
6.089175069857853950e-01,6.685000000000000000e+03
6.090389989065727594e-01,6.690000000000000000e+03
6.091604908273600127e-01,6.692000000000000000e+03
6.092819827481472661e-01,6.707000000000000000e+03
6.094034746689345194e-01,6.708000000000000000e+03
6.095249665897217728e-01,6.709000000000000000e+03
6.096464585105090261e-01,6.711000000000000000e+03
6.097679504312962795e-01,6.712000000000000000e+03
6.098894423520835328e-01,6.714000000000000000e+03
6.100109342728708972e-01,6.716000000000000000e+03
6.101324261936581506e-01,6.716000000000000000e+03
6.102539181144454039e-01,6.719000000000000000e+03
6.103754100352326573e-01,6.719000000000000000e+03
6.104969019560199106e-01,6.725000000000000000e+03
6.106183938768071640e-01,6.725000000000000000e+03
6.107398857975944173e-01,6.745000000000000000e+03
6.108613777183817817e-01,6.749000000000000000e+03
6.109828696391690350e-01,6.752000000000000000e+03
6.111043615599562884e-01,6.752000000000000000e+03
6.112258534807435417e-01,6.763000000000000000e+03
6.113473454015307951e-01,6.764000000000000000e+03
6.114688373223180484e-01,6.766000000000000000e+03
6.115903292431053018e-01,6.766000000000000000e+03
6.117118211638925551e-01,6.768000000000000000e+03
6.118333130846799195e-01,6.769000000000000000e+03
6.119548050054671728e-01,6.769000000000000000e+03
6.120762969262544262e-01,6.770000000000000000e+03
6.121977888470416795e-01,6.771000000000000000e+03
6.123192807678289329e-01,6.774000000000000000e+03
6.124407726886161862e-01,6.776000000000000000e+03
6.125622646094034396e-01,6.778000000000000000e+03
6.126837565301906929e-01,6.778000000000000000e+03
6.128052484509780573e-01,6.784000000000000000e+03
6.129267403717653107e-01,6.786000000000000000e+03
6.130482322925525640e-01,6.788000000000000000e+03
6.131697242133398174e-01,6.789000000000000000e+03
6.132912161341270707e-01,6.791000000000000000e+03
6.134127080549143241e-01,6.792000000000000000e+03
6.135341999757015774e-01,6.802000000000000000e+03
6.136556918964888307e-01,6.803000000000000000e+03
6.137771838172761951e-01,6.811000000000000000e+03
6.138986757380634485e-01,6.812000000000000000e+03
6.140201676588507018e-01,6.815000000000000000e+03
6.141416595796379552e-01,6.818000000000000000e+03
6.142631515004252085e-01,6.822000000000000000e+03
6.143846434212124619e-01,6.824000000000000000e+03
6.145061353419997152e-01,6.828000000000000000e+03
6.146276272627870796e-01,6.835000000000000000e+03
6.147491191835743329e-01,6.852000000000000000e+03
6.148706111043615863e-01,6.853000000000000000e+03
6.149921030251488396e-01,6.853000000000000000e+03
6.151135949459360930e-01,6.854000000000000000e+03
6.152350868667233463e-01,6.855000000000000000e+03
6.153565787875105997e-01,6.858000000000000000e+03
6.154780707082978530e-01,6.858000000000000000e+03
6.155995626290852174e-01,6.860000000000000000e+03
6.157210545498724708e-01,6.865000000000000000e+03
6.158425464706597241e-01,6.869000000000000000e+03
6.159640383914469774e-01,6.879000000000000000e+03
6.160855303122342308e-01,6.888000000000000000e+03
6.162070222330214841e-01,6.889000000000000000e+03
6.163285141538087375e-01,6.892000000000000000e+03
6.164500060745959908e-01,6.893000000000000000e+03
6.165714979953833552e-01,6.897000000000000000e+03
6.166929899161706086e-01,6.897000000000000000e+03
6.168144818369578619e-01,6.900000000000000000e+03
6.169359737577451153e-01,6.900000000000000000e+03
6.170574656785323686e-01,6.900000000000000000e+03
6.171789575993196220e-01,6.902000000000000000e+03
6.173004495201068753e-01,6.903000000000000000e+03
6.174219414408941287e-01,6.903000000000000000e+03
6.175434333616814930e-01,6.909000000000000000e+03
6.176649252824687464e-01,6.911000000000000000e+03
6.177864172032559997e-01,6.911000000000000000e+03
6.179079091240432531e-01,6.915000000000000000e+03
6.180294010448305064e-01,6.916000000000000000e+03
6.181508929656177598e-01,6.926000000000000000e+03
6.182723848864050131e-01,6.927000000000000000e+03
6.183938768071923775e-01,6.931000000000000000e+03
6.185153687279796308e-01,6.932000000000000000e+03
6.186368606487668842e-01,6.941000000000000000e+03
6.187583525695541375e-01,6.942000000000000000e+03
6.188798444903413909e-01,6.946000000000000000e+03
6.190013364111286442e-01,6.949000000000000000e+03
6.191228283319158976e-01,6.956000000000000000e+03
6.192443202527031509e-01,6.958000000000000000e+03
6.193658121734905153e-01,6.958000000000000000e+03
6.194873040942777687e-01,6.960000000000000000e+03
6.196087960150650220e-01,6.961000000000000000e+03
6.197302879358522754e-01,6.962000000000000000e+03
6.198517798566395287e-01,6.964000000000000000e+03
6.199732717774267821e-01,6.964000000000000000e+03
6.200947636982140354e-01,6.965000000000000000e+03
6.202162556190012888e-01,6.969000000000000000e+03
6.203377475397886531e-01,6.975000000000000000e+03
6.204592394605759065e-01,6.977000000000000000e+03
6.205807313813631598e-01,6.981000000000000000e+03
6.207022233021504132e-01,6.985000000000000000e+03
6.208237152229376665e-01,6.993000000000000000e+03
6.209452071437249199e-01,6.993000000000000000e+03
6.210666990645121732e-01,6.993000000000000000e+03
6.211881909852994266e-01,6.994000000000000000e+03
6.213096829060867909e-01,6.996000000000000000e+03
6.214311748268740443e-01,6.998000000000000000e+03
6.215526667476612976e-01,7.000000000000000000e+03
6.216741586684485510e-01,7.000000000000000000e+03
6.217956505892358043e-01,7.009000000000000000e+03
6.219171425100230577e-01,7.011000000000000000e+03
6.220386344308103110e-01,7.012000000000000000e+03
6.221601263515976754e-01,7.012000000000000000e+03
6.222816182723849288e-01,7.013000000000000000e+03
6.224031101931721821e-01,7.016000000000000000e+03
6.225246021139594355e-01,7.021000000000000000e+03
6.226460940347466888e-01,7.027000000000000000e+03
6.227675859555339422e-01,7.028000000000000000e+03
6.228890778763211955e-01,7.031000000000000000e+03
6.230105697971084489e-01,7.031000000000000000e+03
6.231320617178958132e-01,7.031000000000000000e+03
6.232535536386830666e-01,7.032000000000000000e+03
6.233750455594703199e-01,7.034000000000000000e+03
6.234965374802575733e-01,7.037000000000000000e+03
6.236180294010448266e-01,7.040000000000000000e+03
6.237395213218320800e-01,7.041000000000000000e+03
6.238610132426193333e-01,7.043000000000000000e+03
6.239825051634065867e-01,7.043000000000000000e+03
6.241039970841939510e-01,7.051000000000000000e+03
6.242254890049812044e-01,7.052000000000000000e+03
6.243469809257684577e-01,7.057000000000000000e+03
6.244684728465557111e-01,7.063000000000000000e+03
6.245899647673429644e-01,7.070000000000000000e+03
6.247114566881302178e-01,7.073000000000000000e+03
6.248329486089174711e-01,7.078000000000000000e+03
6.249544405297047245e-01,7.084000000000000000e+03
6.250759324504920889e-01,7.086000000000000000e+03
6.251974243712793422e-01,7.087000000000000000e+03
6.253189162920665956e-01,7.088000000000000000e+03
6.254404082128538489e-01,7.088000000000000000e+03
6.255619001336411023e-01,7.094000000000000000e+03
6.256833920544283556e-01,7.097000000000000000e+03
6.258048839752156089e-01,7.099000000000000000e+03
6.259263758960028623e-01,7.101000000000000000e+03
6.260478678167902267e-01,7.104000000000000000e+03
6.261693597375774800e-01,7.108000000000000000e+03
6.262908516583647334e-01,7.111000000000000000e+03
6.264123435791519867e-01,7.112000000000000000e+03
6.265338354999392401e-01,7.112000000000000000e+03
6.266553274207264934e-01,7.113000000000000000e+03
6.267768193415137468e-01,7.116000000000000000e+03
6.268983112623011111e-01,7.116000000000000000e+03
6.270198031830883645e-01,7.117000000000000000e+03
6.271412951038756178e-01,7.120000000000000000e+03
6.272627870246628712e-01,7.120000000000000000e+03
6.273842789454501245e-01,7.121000000000000000e+03
6.275057708662373779e-01,7.125000000000000000e+03
6.276272627870246312e-01,7.126000000000000000e+03
6.277487547078118846e-01,7.128000000000000000e+03
6.278702466285992490e-01,7.129000000000000000e+03
6.279917385493865023e-01,7.134000000000000000e+03
6.281132304701737556e-01,7.145000000000000000e+03
6.282347223909610090e-01,7.146000000000000000e+03
6.283562143117482623e-01,7.147000000000000000e+03
6.284777062325355157e-01,7.152000000000000000e+03
6.285991981533227690e-01,7.158000000000000000e+03
6.287206900741100224e-01,7.165000000000000000e+03
6.288421819948973868e-01,7.169000000000000000e+03
6.289636739156846401e-01,7.170000000000000000e+03
6.290851658364718935e-01,7.175000000000000000e+03
6.292066577572591468e-01,7.176000000000000000e+03
6.293281496780464002e-01,7.180000000000000000e+03
6.294496415988336535e-01,7.180000000000000000e+03
6.295711335196209069e-01,7.188000000000000000e+03
6.296926254404081602e-01,7.190000000000000000e+03
6.298141173611955246e-01,7.193000000000000000e+03
6.299356092819827779e-01,7.194000000000000000e+03
6.300571012027700313e-01,7.196000000000000000e+03
6.301785931235572846e-01,7.196000000000000000e+03
6.303000850443445380e-01,7.203000000000000000e+03
6.304215769651317913e-01,7.212000000000000000e+03
6.305430688859190447e-01,7.218000000000000000e+03
6.306645608067064090e-01,7.231000000000000000e+03
6.307860527274936624e-01,7.231000000000000000e+03
6.309075446482809157e-01,7.233000000000000000e+03
6.310290365690681691e-01,7.233000000000000000e+03
6.311505284898554224e-01,7.237000000000000000e+03
6.312720204106426758e-01,7.242000000000000000e+03
6.313935123314299291e-01,7.244000000000000000e+03
6.315150042522171825e-01,7.250000000000000000e+03
6.316364961730045469e-01,7.253000000000000000e+03
6.317579880937918002e-01,7.254000000000000000e+03
6.318794800145790536e-01,7.255000000000000000e+03
6.320009719353663069e-01,7.261000000000000000e+03
6.321224638561535603e-01,7.264000000000000000e+03
6.322439557769408136e-01,7.268000000000000000e+03
6.323654476977280670e-01,7.278000000000000000e+03
6.324869396185153203e-01,7.279000000000000000e+03
6.326084315393026847e-01,7.290000000000000000e+03
6.327299234600899380e-01,7.291000000000000000e+03
6.328514153808771914e-01,7.295000000000000000e+03
6.329729073016644447e-01,7.295000000000000000e+03
6.330943992224516981e-01,7.296000000000000000e+03
6.332158911432389514e-01,7.296000000000000000e+03
6.333373830640262048e-01,7.303000000000000000e+03
6.334588749848134581e-01,7.307000000000000000e+03
6.335803669056008225e-01,7.313000000000000000e+03
6.337018588263880758e-01,7.318000000000000000e+03
6.338233507471753292e-01,7.319000000000000000e+03
6.339448426679625825e-01,7.319000000000000000e+03
6.340663345887498359e-01,7.319000000000000000e+03
6.341878265095370892e-01,7.319000000000000000e+03
6.343093184303243426e-01,7.322000000000000000e+03
6.344308103511117070e-01,7.324000000000000000e+03
6.345523022718989603e-01,7.330000000000000000e+03
6.346737941926862137e-01,7.331000000000000000e+03
6.347952861134734670e-01,7.334000000000000000e+03
6.349167780342607204e-01,7.335000000000000000e+03
6.350382699550479737e-01,7.339000000000000000e+03
6.351597618758352271e-01,7.341000000000000000e+03
6.352812537966224804e-01,7.345000000000000000e+03
6.354027457174098448e-01,7.346000000000000000e+03
6.355242376381970981e-01,7.352000000000000000e+03
6.356457295589843515e-01,7.354000000000000000e+03
6.357672214797716048e-01,7.356000000000000000e+03
6.358887134005588582e-01,7.360000000000000000e+03
6.360102053213461115e-01,7.361000000000000000e+03
6.361316972421333649e-01,7.367000000000000000e+03
6.362531891629206182e-01,7.368000000000000000e+03
6.363746810837079826e-01,7.368000000000000000e+03
6.364961730044952359e-01,7.394000000000000000e+03
6.366176649252824893e-01,7.395000000000000000e+03
6.367391568460697426e-01,7.403000000000000000e+03
6.368606487668569960e-01,7.405000000000000000e+03
6.369821406876442493e-01,7.405000000000000000e+03
6.371036326084315027e-01,7.406000000000000000e+03
6.372251245292187560e-01,7.408000000000000000e+03
6.373466164500061204e-01,7.411000000000000000e+03
6.374681083707933738e-01,7.411000000000000000e+03
6.375896002915806271e-01,7.412000000000000000e+03
6.377110922123678804e-01,7.417000000000000000e+03
6.378325841331551338e-01,7.419000000000000000e+03
6.379540760539423871e-01,7.421000000000000000e+03
6.380755679747296405e-01,7.424000000000000000e+03
6.381970598955170049e-01,7.425000000000000000e+03
6.383185518163042582e-01,7.426000000000000000e+03
6.384400437370915116e-01,7.426000000000000000e+03
6.385615356578787649e-01,7.430000000000000000e+03
6.386830275786660183e-01,7.433000000000000000e+03
6.388045194994532716e-01,7.434000000000000000e+03
6.389260114202405250e-01,7.437000000000000000e+03
6.390475033410277783e-01,7.437000000000000000e+03
6.391689952618151427e-01,7.438000000000000000e+03
6.392904871826023960e-01,7.445000000000000000e+03
6.394119791033896494e-01,7.449000000000000000e+03
6.395334710241769027e-01,7.450000000000000000e+03
6.396549629449641561e-01,7.453000000000000000e+03
6.397764548657514094e-01,7.456000000000000000e+03
6.398979467865386628e-01,7.456000000000000000e+03
6.400194387073259161e-01,7.457000000000000000e+03
6.401409306281132805e-01,7.463000000000000000e+03
6.402624225489005338e-01,7.463000000000000000e+03
6.403839144696877872e-01,7.466000000000000000e+03
6.405054063904750405e-01,7.467000000000000000e+03
6.406268983112622939e-01,7.472000000000000000e+03
6.407483902320495472e-01,7.473000000000000000e+03
6.408698821528368006e-01,7.481000000000000000e+03
6.409913740736240539e-01,7.495000000000000000e+03
6.411128659944114183e-01,7.496000000000000000e+03
6.412343579151986717e-01,7.499000000000000000e+03
6.413558498359859250e-01,7.502000000000000000e+03
6.414773417567731784e-01,7.503000000000000000e+03
6.415988336775604317e-01,7.508000000000000000e+03
6.417203255983476851e-01,7.513000000000000000e+03
6.418418175191349384e-01,7.514000000000000000e+03
6.419633094399221918e-01,7.521000000000000000e+03
6.420848013607095561e-01,7.521000000000000000e+03
6.422062932814968095e-01,7.526000000000000000e+03
6.423277852022840628e-01,7.529000000000000000e+03
6.424492771230713162e-01,7.532000000000000000e+03
6.425707690438585695e-01,7.535000000000000000e+03
6.426922609646458229e-01,7.535000000000000000e+03
6.428137528854330762e-01,7.536000000000000000e+03
6.429352448062204406e-01,7.537000000000000000e+03
6.430567367270076939e-01,7.541000000000000000e+03
6.431782286477949473e-01,7.541000000000000000e+03
6.432997205685822006e-01,7.542000000000000000e+03
6.434212124893694540e-01,7.544000000000000000e+03
6.435427044101567073e-01,7.544000000000000000e+03
6.436641963309439607e-01,7.545000000000000000e+03
6.437856882517312140e-01,7.546000000000000000e+03
6.439071801725185784e-01,7.554000000000000000e+03
6.440286720933058318e-01,7.555000000000000000e+03
6.441501640140930851e-01,7.560000000000000000e+03
6.442716559348803385e-01,7.564000000000000000e+03
6.443931478556675918e-01,7.566000000000000000e+03
6.445146397764548452e-01,7.573000000000000000e+03
6.446361316972420985e-01,7.573000000000000000e+03
6.447576236180293519e-01,7.575000000000000000e+03
6.448791155388167162e-01,7.575000000000000000e+03
6.450006074596039696e-01,7.576000000000000000e+03
6.451220993803912229e-01,7.577000000000000000e+03
6.452435913011784763e-01,7.582000000000000000e+03
6.453650832219657296e-01,7.584000000000000000e+03
6.454865751427529830e-01,7.587000000000000000e+03
6.456080670635402363e-01,7.595000000000000000e+03
6.457295589843274897e-01,7.600000000000000000e+03
6.458510509051148540e-01,7.600000000000000000e+03
6.459725428259021074e-01,7.600000000000000000e+03
6.460940347466893607e-01,7.605000000000000000e+03
6.462155266674766141e-01,7.609000000000000000e+03
6.463370185882638674e-01,7.613000000000000000e+03
6.464585105090511208e-01,7.616000000000000000e+03
6.465800024298383741e-01,7.625000000000000000e+03
6.467014943506257385e-01,7.629000000000000000e+03
6.468229862714129919e-01,7.629000000000000000e+03
6.469444781922002452e-01,7.632000000000000000e+03
6.470659701129874986e-01,7.633000000000000000e+03
6.471874620337747519e-01,7.634000000000000000e+03
6.473089539545620053e-01,7.638000000000000000e+03
6.474304458753492586e-01,7.640000000000000000e+03
6.475519377961365119e-01,7.642000000000000000e+03
6.476734297169238763e-01,7.647000000000000000e+03
6.477949216377111297e-01,7.647000000000000000e+03
6.479164135584983830e-01,7.649000000000000000e+03
6.480379054792856364e-01,7.652000000000000000e+03
6.481593974000728897e-01,7.653000000000000000e+03
6.482808893208601431e-01,7.655000000000000000e+03
6.484023812416473964e-01,7.656000000000000000e+03
6.485238731624346498e-01,7.658000000000000000e+03
6.486453650832220141e-01,7.663000000000000000e+03
6.487668570040092675e-01,7.668000000000000000e+03
6.488883489247965208e-01,7.671000000000000000e+03
6.490098408455837742e-01,7.684000000000000000e+03
6.491313327663710275e-01,7.704000000000000000e+03
6.492528246871582809e-01,7.708000000000000000e+03
6.493743166079455342e-01,7.716000000000000000e+03
6.494958085287327876e-01,7.728000000000000000e+03
6.496173004495201520e-01,7.731000000000000000e+03
6.497387923703074053e-01,7.732000000000000000e+03
6.498602842910946586e-01,7.739000000000000000e+03
6.499817762118819120e-01,7.743000000000000000e+03
6.501032681326691653e-01,7.746000000000000000e+03
6.502247600534564187e-01,7.751000000000000000e+03
6.503462519742436720e-01,7.758000000000000000e+03
6.504677438950310364e-01,7.763000000000000000e+03
6.505892358158182898e-01,7.771000000000000000e+03
6.507107277366055431e-01,7.772000000000000000e+03
6.508322196573927965e-01,7.775000000000000000e+03
6.509537115781800498e-01,7.780000000000000000e+03
6.510752034989673032e-01,7.789000000000000000e+03
6.511966954197545565e-01,7.793000000000000000e+03
6.513181873405418099e-01,7.796000000000000000e+03
6.514396792613291742e-01,7.796000000000000000e+03
6.515611711821164276e-01,7.800000000000000000e+03
6.516826631029036809e-01,7.803000000000000000e+03
6.518041550236909343e-01,7.805000000000000000e+03
6.519256469444781876e-01,7.806000000000000000e+03
6.520471388652654410e-01,7.806000000000000000e+03
6.521686307860526943e-01,7.808000000000000000e+03
6.522901227068399477e-01,7.815000000000000000e+03
6.524116146276273120e-01,7.818000000000000000e+03
6.525331065484145654e-01,7.823000000000000000e+03
6.526545984692018187e-01,7.826000000000000000e+03
6.527760903899890721e-01,7.826000000000000000e+03
6.528975823107763254e-01,7.832000000000000000e+03
6.530190742315635788e-01,7.832000000000000000e+03
6.531405661523508321e-01,7.845000000000000000e+03
6.532620580731380855e-01,7.848000000000000000e+03
6.533835499939254499e-01,7.860000000000000000e+03
6.535050419147127032e-01,7.875000000000000000e+03
6.536265338354999566e-01,7.879000000000000000e+03
6.537480257562872099e-01,7.879000000000000000e+03
6.538695176770744633e-01,7.882000000000000000e+03
6.539910095978617166e-01,7.885000000000000000e+03
6.541125015186489700e-01,7.885000000000000000e+03
6.542339934394363343e-01,7.892000000000000000e+03
6.543554853602235877e-01,7.897000000000000000e+03
6.544769772810108410e-01,7.905000000000000000e+03
6.545984692017980944e-01,7.909000000000000000e+03
6.547199611225853477e-01,7.912000000000000000e+03
6.548414530433726011e-01,7.912000000000000000e+03
6.549629449641598544e-01,7.914000000000000000e+03
6.550844368849471078e-01,7.914000000000000000e+03
6.552059288057344721e-01,7.921000000000000000e+03
6.553274207265217255e-01,7.921000000000000000e+03
6.554489126473089788e-01,7.935000000000000000e+03
6.555704045680962322e-01,7.939000000000000000e+03
6.556918964888834855e-01,7.947000000000000000e+03
6.558133884096707389e-01,7.948000000000000000e+03
6.559348803304579922e-01,7.960000000000000000e+03
6.560563722512452456e-01,7.961000000000000000e+03
6.561778641720326100e-01,7.969000000000000000e+03
6.562993560928198633e-01,7.970000000000000000e+03
6.564208480136071167e-01,7.975000000000000000e+03
6.565423399343943700e-01,7.986000000000000000e+03
6.566638318551816234e-01,7.987000000000000000e+03
6.567853237759688767e-01,7.996000000000000000e+03
6.569068156967561301e-01,7.997000000000000000e+03
6.570283076175433834e-01,7.999000000000000000e+03
6.571497995383307478e-01,8.004000000000000000e+03
6.572712914591180011e-01,8.010000000000000000e+03
6.573927833799052545e-01,8.010000000000000000e+03
6.575142753006925078e-01,8.013000000000000000e+03
6.576357672214797612e-01,8.016000000000000000e+03
6.577572591422670145e-01,8.018000000000000000e+03
6.578787510630542679e-01,8.020000000000000000e+03
6.580002429838415212e-01,8.021000000000000000e+03
6.581217349046288856e-01,8.025000000000000000e+03
6.582432268254161389e-01,8.025000000000000000e+03
6.583647187462033923e-01,8.026000000000000000e+03
6.584862106669906456e-01,8.026000000000000000e+03
6.586077025877778990e-01,8.028000000000000000e+03
6.587291945085651523e-01,8.029000000000000000e+03
6.588506864293524057e-01,8.035000000000000000e+03
6.589721783501397701e-01,8.038000000000000000e+03
6.590936702709270234e-01,8.039000000000000000e+03
6.592151621917142768e-01,8.044000000000000000e+03
6.593366541125015301e-01,8.045000000000000000e+03
6.594581460332887834e-01,8.048000000000000000e+03
6.595796379540760368e-01,8.053000000000000000e+03
6.597011298748632901e-01,8.054000000000000000e+03
6.598226217956505435e-01,8.061000000000000000e+03
6.599441137164379079e-01,8.062000000000000000e+03
6.600656056372251612e-01,8.064000000000000000e+03
6.601870975580124146e-01,8.068000000000000000e+03
6.603085894787996679e-01,8.073000000000000000e+03
6.604300813995869213e-01,8.073000000000000000e+03
6.605515733203741746e-01,8.075000000000000000e+03
6.606730652411614280e-01,8.077000000000000000e+03
6.607945571619486813e-01,8.080000000000000000e+03
6.609160490827360457e-01,8.084000000000000000e+03
6.610375410035232990e-01,8.090000000000000000e+03
6.611590329243105524e-01,8.092000000000000000e+03
6.612805248450978057e-01,8.099000000000000000e+03
6.614020167658850591e-01,8.101000000000000000e+03
6.615235086866723124e-01,8.108000000000000000e+03
6.616450006074595658e-01,8.113000000000000000e+03
6.617664925282468191e-01,8.116000000000000000e+03
6.618879844490341835e-01,8.119000000000000000e+03
6.620094763698214368e-01,8.120000000000000000e+03
6.621309682906086902e-01,8.120000000000000000e+03
6.622524602113959435e-01,8.124000000000000000e+03
6.623739521321831969e-01,8.127000000000000000e+03
6.624954440529704502e-01,8.130000000000000000e+03
6.626169359737577036e-01,8.138000000000000000e+03
6.627384278945450680e-01,8.143000000000000000e+03
6.628599198153323213e-01,8.150000000000000000e+03
6.629814117361195747e-01,8.156000000000000000e+03
6.631029036569068280e-01,8.158000000000000000e+03
6.632243955776940814e-01,8.161000000000000000e+03
6.633458874984813347e-01,8.167000000000000000e+03
6.634673794192685881e-01,8.167000000000000000e+03
6.635888713400558414e-01,8.167000000000000000e+03
6.637103632608432058e-01,8.176000000000000000e+03
6.638318551816304591e-01,8.176000000000000000e+03
6.639533471024177125e-01,8.178000000000000000e+03
6.640748390232049658e-01,8.180000000000000000e+03
6.641963309439922192e-01,8.182000000000000000e+03
6.643178228647794725e-01,8.185000000000000000e+03
6.644393147855667259e-01,8.190000000000000000e+03
6.645608067063539792e-01,8.193000000000000000e+03
6.646822986271413436e-01,8.201000000000000000e+03
6.648037905479285969e-01,8.206000000000000000e+03
6.649252824687158503e-01,8.213000000000000000e+03
6.650467743895031036e-01,8.228000000000000000e+03
6.651682663102903570e-01,8.230000000000000000e+03
6.652897582310776103e-01,8.231000000000000000e+03
6.654112501518648637e-01,8.237000000000000000e+03
6.655327420726521170e-01,8.242000000000000000e+03
6.656542339934394814e-01,8.253000000000000000e+03
6.657757259142267348e-01,8.262000000000000000e+03
6.658972178350139881e-01,8.279000000000000000e+03
6.660187097558012415e-01,8.292000000000000000e+03
6.661402016765884948e-01,8.301000000000000000e+03
6.662616935973757482e-01,8.304000000000000000e+03
6.663831855181630015e-01,8.308000000000000000e+03
6.665046774389503659e-01,8.329000000000000000e+03
6.666261693597376192e-01,8.330000000000000000e+03
6.667476612805248726e-01,8.333000000000000000e+03
6.668691532013121259e-01,8.348000000000000000e+03
6.669906451220993793e-01,8.348000000000000000e+03
6.671121370428866326e-01,8.351000000000000000e+03
6.672336289636738860e-01,8.351000000000000000e+03
6.673551208844611393e-01,8.359000000000000000e+03
6.674766128052485037e-01,8.359000000000000000e+03
6.675981047260357570e-01,8.361000000000000000e+03
6.677195966468230104e-01,8.371000000000000000e+03
6.678410885676102637e-01,8.376000000000000000e+03
6.679625804883975171e-01,8.377000000000000000e+03
6.680840724091847704e-01,8.384000000000000000e+03
6.682055643299720238e-01,8.384000000000000000e+03
6.683270562507592771e-01,8.384000000000000000e+03
6.684485481715466415e-01,8.385000000000000000e+03
6.685700400923338949e-01,8.389000000000000000e+03
6.686915320131211482e-01,8.389000000000000000e+03
6.688130239339084016e-01,8.392000000000000000e+03
6.689345158546956549e-01,8.397000000000000000e+03
6.690560077754829083e-01,8.405000000000000000e+03
6.691774996962701616e-01,8.409000000000000000e+03
6.692989916170574149e-01,8.412000000000000000e+03
6.694204835378447793e-01,8.419000000000000000e+03
6.695419754586320327e-01,8.419000000000000000e+03
6.696634673794192860e-01,8.436000000000000000e+03
6.697849593002065394e-01,8.438000000000000000e+03
6.699064512209937927e-01,8.442000000000000000e+03
6.700279431417810461e-01,8.444000000000000000e+03
6.701494350625682994e-01,8.448000000000000000e+03
6.702709269833556638e-01,8.454000000000000000e+03
6.703924189041429171e-01,8.460000000000000000e+03
6.705139108249301705e-01,8.466000000000000000e+03
6.706354027457174238e-01,8.467000000000000000e+03
6.707568946665046772e-01,8.467000000000000000e+03
6.708783865872919305e-01,8.472000000000000000e+03
6.709998785080791839e-01,8.478000000000000000e+03
6.711213704288664372e-01,8.482000000000000000e+03
6.712428623496538016e-01,8.486000000000000000e+03
6.713643542704410550e-01,8.493000000000000000e+03
6.714858461912283083e-01,8.501000000000000000e+03
6.716073381120155616e-01,8.502000000000000000e+03
6.717288300328028150e-01,8.504000000000000000e+03
6.718503219535900683e-01,8.512000000000000000e+03
6.719718138743773217e-01,8.515000000000000000e+03
6.720933057951645750e-01,8.519000000000000000e+03
6.722147977159519394e-01,8.520000000000000000e+03
6.723362896367391928e-01,8.523000000000000000e+03
6.724577815575264461e-01,8.523000000000000000e+03
6.725792734783136995e-01,8.523000000000000000e+03
6.727007653991009528e-01,8.545000000000000000e+03
6.728222573198882062e-01,8.545000000000000000e+03
6.729437492406754595e-01,8.552000000000000000e+03
6.730652411614627129e-01,8.552000000000000000e+03
6.731867330822500772e-01,8.562000000000000000e+03
6.733082250030373306e-01,8.562000000000000000e+03
6.734297169238245839e-01,8.568000000000000000e+03
6.735512088446118373e-01,8.571000000000000000e+03
6.736727007653990906e-01,8.572000000000000000e+03
6.737941926861863440e-01,8.573000000000000000e+03
6.739156846069735973e-01,8.581000000000000000e+03
6.740371765277608507e-01,8.582000000000000000e+03
6.741586684485482150e-01,8.586000000000000000e+03
6.742801603693354684e-01,8.587000000000000000e+03
6.744016522901227217e-01,8.587000000000000000e+03
6.745231442109099751e-01,8.592000000000000000e+03
6.746446361316972284e-01,8.594000000000000000e+03
6.747661280524844818e-01,8.610000000000000000e+03
6.748876199732717351e-01,8.625000000000000000e+03
6.750091118940590995e-01,8.629000000000000000e+03
6.751306038148463529e-01,8.630000000000000000e+03
6.752520957356336062e-01,8.635000000000000000e+03
6.753735876564208596e-01,8.644000000000000000e+03
6.754950795772081129e-01,8.649000000000000000e+03
6.756165714979953663e-01,8.650000000000000000e+03
6.757380634187826196e-01,8.655000000000000000e+03
6.758595553395698730e-01,8.655000000000000000e+03
6.759810472603572373e-01,8.657000000000000000e+03
6.761025391811444907e-01,8.658000000000000000e+03
6.762240311019317440e-01,8.661000000000000000e+03
6.763455230227189974e-01,8.662000000000000000e+03
6.764670149435062507e-01,8.665000000000000000e+03
6.765885068642935041e-01,8.670000000000000000e+03
6.767099987850807574e-01,8.673000000000000000e+03
6.768314907058680108e-01,8.675000000000000000e+03
6.769529826266553751e-01,8.680000000000000000e+03
6.770744745474426285e-01,8.683000000000000000e+03
6.771959664682298818e-01,8.690000000000000000e+03
6.773174583890171352e-01,8.702000000000000000e+03
6.774389503098043885e-01,8.702000000000000000e+03
6.775604422305916419e-01,8.706000000000000000e+03
6.776819341513788952e-01,8.708000000000000000e+03
6.778034260721661486e-01,8.711000000000000000e+03
6.779249179929535130e-01,8.713000000000000000e+03
6.780464099137407663e-01,8.715000000000000000e+03
6.781679018345280197e-01,8.721000000000000000e+03
6.782893937553152730e-01,8.722000000000000000e+03
6.784108856761025264e-01,8.724000000000000000e+03
6.785323775968897797e-01,8.737000000000000000e+03
6.786538695176770331e-01,8.745000000000000000e+03
6.787753614384643974e-01,8.745000000000000000e+03
6.788968533592516508e-01,8.748000000000000000e+03
6.790183452800389041e-01,8.748000000000000000e+03
6.791398372008261575e-01,8.752000000000000000e+03
6.792613291216134108e-01,8.757000000000000000e+03
6.793828210424006642e-01,8.763000000000000000e+03
6.795043129631879175e-01,8.764000000000000000e+03
6.796258048839751709e-01,8.765000000000000000e+03
6.797472968047625352e-01,8.767000000000000000e+03
6.798687887255497886e-01,8.779000000000000000e+03
6.799902806463370419e-01,8.781000000000000000e+03
6.801117725671242953e-01,8.781000000000000000e+03
6.802332644879115486e-01,8.783000000000000000e+03
6.803547564086988020e-01,8.788000000000000000e+03
6.804762483294860553e-01,8.789000000000000000e+03
6.805977402502733087e-01,8.810000000000000000e+03
6.807192321710606731e-01,8.818000000000000000e+03
6.808407240918479264e-01,8.823000000000000000e+03
6.809622160126351798e-01,8.832000000000000000e+03
6.810837079334224331e-01,8.833000000000000000e+03
6.812051998542096864e-01,8.834000000000000000e+03
6.813266917749969398e-01,8.837000000000000000e+03
6.814481836957841931e-01,8.842000000000000000e+03
6.815696756165714465e-01,8.842000000000000000e+03
6.816911675373588109e-01,8.845000000000000000e+03
6.818126594581460642e-01,8.855000000000000000e+03
6.819341513789333176e-01,8.859000000000000000e+03
6.820556432997205709e-01,8.860000000000000000e+03
6.821771352205078243e-01,8.867000000000000000e+03
6.822986271412950776e-01,8.869000000000000000e+03
6.824201190620823310e-01,8.886000000000000000e+03
6.825416109828696953e-01,8.900000000000000000e+03
6.826631029036569487e-01,8.902000000000000000e+03
6.827845948244442020e-01,8.908000000000000000e+03
6.829060867452314554e-01,8.924000000000000000e+03
6.830275786660187087e-01,8.924000000000000000e+03
6.831490705868059621e-01,8.925000000000000000e+03
6.832705625075932154e-01,8.938000000000000000e+03
6.833920544283804688e-01,8.945000000000000000e+03
6.835135463491678331e-01,8.946000000000000000e+03
6.836350382699550865e-01,8.948000000000000000e+03
6.837565301907423398e-01,8.949000000000000000e+03
6.838780221115295932e-01,8.951000000000000000e+03
6.839995140323168465e-01,8.955000000000000000e+03
6.841210059531040999e-01,8.958000000000000000e+03
6.842424978738913532e-01,8.973000000000000000e+03
6.843639897946786066e-01,8.977000000000000000e+03
6.844854817154659710e-01,8.978000000000000000e+03
6.846069736362532243e-01,8.984000000000000000e+03
6.847284655570404777e-01,8.986000000000000000e+03
6.848499574778277310e-01,8.992000000000000000e+03
6.849714493986149844e-01,8.994000000000000000e+03
6.850929413194022377e-01,8.994000000000000000e+03
6.852144332401894911e-01,9.005000000000000000e+03
6.853359251609767444e-01,9.014000000000000000e+03
6.854574170817641088e-01,9.019000000000000000e+03
6.855789090025513621e-01,9.020000000000000000e+03
6.857004009233386155e-01,9.021000000000000000e+03
6.858218928441258688e-01,9.030000000000000000e+03
6.859433847649131222e-01,9.042000000000000000e+03
6.860648766857003755e-01,9.046000000000000000e+03
6.861863686064876289e-01,9.049000000000000000e+03
6.863078605272749932e-01,9.051000000000000000e+03
6.864293524480622466e-01,9.053000000000000000e+03
6.865508443688494999e-01,9.053000000000000000e+03
6.866723362896367533e-01,9.072000000000000000e+03
6.867938282104240066e-01,9.072000000000000000e+03
6.869153201312112600e-01,9.073000000000000000e+03
6.870368120519985133e-01,9.080000000000000000e+03
6.871583039727857667e-01,9.081000000000000000e+03
6.872797958935731311e-01,9.105000000000000000e+03
6.874012878143603844e-01,9.106000000000000000e+03
6.875227797351476378e-01,9.108000000000000000e+03
6.876442716559348911e-01,9.114000000000000000e+03
6.877657635767221445e-01,9.117000000000000000e+03
6.878872554975093978e-01,9.131000000000000000e+03
6.880087474182966512e-01,9.137000000000000000e+03
6.881302393390839045e-01,9.141000000000000000e+03
6.882517312598712689e-01,9.147000000000000000e+03
6.883732231806585222e-01,9.148000000000000000e+03
6.884947151014457756e-01,9.155000000000000000e+03
6.886162070222330289e-01,9.161000000000000000e+03
6.887376989430202823e-01,9.163000000000000000e+03
6.888591908638075356e-01,9.164000000000000000e+03
6.889806827845947890e-01,9.166000000000000000e+03
6.891021747053820423e-01,9.177000000000000000e+03
6.892236666261694067e-01,9.184000000000000000e+03
6.893451585469566600e-01,9.185000000000000000e+03
6.894666504677439134e-01,9.187000000000000000e+03
6.895881423885311667e-01,9.199000000000000000e+03
6.897096343093184201e-01,9.200000000000000000e+03
6.898311262301056734e-01,9.202000000000000000e+03
6.899526181508929268e-01,9.204000000000000000e+03
6.900741100716801801e-01,9.206000000000000000e+03
6.901956019924675445e-01,9.206000000000000000e+03
6.903170939132547979e-01,9.206000000000000000e+03
6.904385858340420512e-01,9.208000000000000000e+03
6.905600777548293046e-01,9.210000000000000000e+03
6.906815696756165579e-01,9.219000000000000000e+03
6.908030615964038113e-01,9.221000000000000000e+03
6.909245535171910646e-01,9.229000000000000000e+03
6.910460454379784290e-01,9.229000000000000000e+03
6.911675373587656823e-01,9.232000000000000000e+03
6.912890292795529357e-01,9.235000000000000000e+03
6.914105212003401890e-01,9.237000000000000000e+03
6.915320131211274424e-01,9.247000000000000000e+03
6.916535050419146957e-01,9.268000000000000000e+03
6.917749969627019491e-01,9.272000000000000000e+03
6.918964888834892024e-01,9.273000000000000000e+03
6.920179808042765668e-01,9.274000000000000000e+03
6.921394727250638201e-01,9.290000000000000000e+03
6.922609646458510735e-01,9.292000000000000000e+03
6.923824565666383268e-01,9.294000000000000000e+03
6.925039484874255802e-01,9.295000000000000000e+03
6.926254404082128335e-01,9.296000000000000000e+03
6.927469323290000869e-01,9.300000000000000000e+03
6.928684242497873402e-01,9.310000000000000000e+03
6.929899161705747046e-01,9.316000000000000000e+03
6.931114080913619580e-01,9.318000000000000000e+03
6.932329000121492113e-01,9.333000000000000000e+03
6.933543919329364646e-01,9.333000000000000000e+03
6.934758838537237180e-01,9.352000000000000000e+03
6.935973757745109713e-01,9.355000000000000000e+03
6.937188676952982247e-01,9.361000000000000000e+03
6.938403596160854780e-01,9.364000000000000000e+03
6.939618515368728424e-01,9.365000000000000000e+03
6.940833434576600958e-01,9.367000000000000000e+03
6.942048353784473491e-01,9.369000000000000000e+03
6.943263272992346025e-01,9.370000000000000000e+03
6.944478192200218558e-01,9.371000000000000000e+03
6.945693111408091092e-01,9.372000000000000000e+03
6.946908030615963625e-01,9.374000000000000000e+03
6.948122949823837269e-01,9.376000000000000000e+03
6.949337869031709802e-01,9.383000000000000000e+03
6.950552788239582336e-01,9.392000000000000000e+03
6.951767707447454869e-01,9.394000000000000000e+03
6.952982626655327403e-01,9.395000000000000000e+03
6.954197545863199936e-01,9.395000000000000000e+03
6.955412465071072470e-01,9.401000000000000000e+03
6.956627384278945003e-01,9.405000000000000000e+03
6.957842303486818647e-01,9.416000000000000000e+03
6.959057222694691180e-01,9.421000000000000000e+03
6.960272141902563714e-01,9.423000000000000000e+03
6.961487061110436247e-01,9.435000000000000000e+03
6.962701980318308781e-01,9.440000000000000000e+03
6.963916899526181314e-01,9.441000000000000000e+03
6.965131818734053848e-01,9.442000000000000000e+03
6.966346737941926381e-01,9.442000000000000000e+03
6.967561657149800025e-01,9.446000000000000000e+03
6.968776576357672559e-01,9.460000000000000000e+03
6.969991495565545092e-01,9.467000000000000000e+03
6.971206414773417626e-01,9.469000000000000000e+03
6.972421333981290159e-01,9.470000000000000000e+03
6.973636253189162693e-01,9.472000000000000000e+03
6.974851172397035226e-01,9.476000000000000000e+03
6.976066091604907760e-01,9.482000000000000000e+03
6.977281010812781403e-01,9.482000000000000000e+03
6.978495930020653937e-01,9.489000000000000000e+03
6.979710849228526470e-01,9.513000000000000000e+03
6.980925768436399004e-01,9.515000000000000000e+03
6.982140687644271537e-01,9.521000000000000000e+03
6.983355606852144071e-01,9.522000000000000000e+03
6.984570526060016604e-01,9.526000000000000000e+03
6.985785445267890248e-01,9.541000000000000000e+03
6.987000364475762781e-01,9.543000000000000000e+03
6.988215283683635315e-01,9.545000000000000000e+03
6.989430202891507848e-01,9.553000000000000000e+03
6.990645122099380382e-01,9.554000000000000000e+03
6.991860041307252915e-01,9.556000000000000000e+03
6.993074960515125449e-01,9.564000000000000000e+03
6.994289879722997982e-01,9.565000000000000000e+03
6.995504798930871626e-01,9.575000000000000000e+03
6.996719718138744160e-01,9.583000000000000000e+03
6.997934637346616693e-01,9.585000000000000000e+03
6.999149556554489227e-01,9.599000000000000000e+03
7.000364475762361760e-01,9.625000000000000000e+03
7.001579394970234294e-01,9.625000000000000000e+03
7.002794314178106827e-01,9.627000000000000000e+03
7.004009233385979361e-01,9.630000000000000000e+03
7.005224152593853004e-01,9.632000000000000000e+03
7.006439071801725538e-01,9.633000000000000000e+03
7.007653991009598071e-01,9.633000000000000000e+03
7.008868910217470605e-01,9.634000000000000000e+03
7.010083829425343138e-01,9.634000000000000000e+03
7.011298748633215672e-01,9.638000000000000000e+03
7.012513667841088205e-01,9.639000000000000000e+03
7.013728587048960739e-01,9.648000000000000000e+03
7.014943506256834382e-01,9.650000000000000000e+03
7.016158425464706916e-01,9.662000000000000000e+03
7.017373344672579449e-01,9.669000000000000000e+03
7.018588263880451983e-01,9.671000000000000000e+03
7.019803183088324516e-01,9.672000000000000000e+03
7.021018102296197050e-01,9.673000000000000000e+03
7.022233021504069583e-01,9.691000000000000000e+03
7.023447940711943227e-01,9.697000000000000000e+03
7.024662859919815761e-01,9.701000000000000000e+03
7.025877779127688294e-01,9.702000000000000000e+03
7.027092698335560828e-01,9.704000000000000000e+03
7.028307617543433361e-01,9.716000000000000000e+03
7.029522536751305894e-01,9.716000000000000000e+03
7.030737455959178428e-01,9.721000000000000000e+03
7.031952375167050961e-01,9.723000000000000000e+03
7.033167294374924605e-01,9.729000000000000000e+03
7.034382213582797139e-01,9.735000000000000000e+03
7.035597132790669672e-01,9.737000000000000000e+03
7.036812051998542206e-01,9.739000000000000000e+03
7.038026971206414739e-01,9.740000000000000000e+03
7.039241890414287273e-01,9.742000000000000000e+03
7.040456809622159806e-01,9.742000000000000000e+03
7.041671728830032340e-01,9.755000000000000000e+03
7.042886648037905983e-01,9.757000000000000000e+03
7.044101567245778517e-01,9.760000000000000000e+03
7.045316486453651050e-01,9.765000000000000000e+03
7.046531405661523584e-01,9.766000000000000000e+03
7.047746324869396117e-01,9.771000000000000000e+03
7.048961244077268651e-01,9.772000000000000000e+03
7.050176163285141184e-01,9.777000000000000000e+03
7.051391082493013718e-01,9.780000000000000000e+03
7.052606001700887361e-01,9.782000000000000000e+03
7.053820920908759895e-01,9.791000000000000000e+03
7.055035840116632428e-01,9.798000000000000000e+03
7.056250759324504962e-01,9.809000000000000000e+03
7.057465678532377495e-01,9.810000000000000000e+03
7.058680597740250029e-01,9.813000000000000000e+03
7.059895516948122562e-01,9.830000000000000000e+03
7.061110436155995096e-01,9.834000000000000000e+03
7.062325355363868740e-01,9.840000000000000000e+03
7.063540274571741273e-01,9.844000000000000000e+03
7.064755193779613807e-01,9.857000000000000000e+03
7.065970112987486340e-01,9.870000000000000000e+03
7.067185032195358874e-01,9.873000000000000000e+03
7.068399951403231407e-01,9.876000000000000000e+03
7.069614870611103941e-01,9.877000000000000000e+03
7.070829789818977584e-01,9.878000000000000000e+03
7.072044709026850118e-01,9.881000000000000000e+03
7.073259628234722651e-01,9.881000000000000000e+03
7.074474547442595185e-01,9.883000000000000000e+03
7.075689466650467718e-01,9.884000000000000000e+03
7.076904385858340252e-01,9.885000000000000000e+03
7.078119305066212785e-01,9.894000000000000000e+03
7.079334224274085319e-01,9.906000000000000000e+03
7.080549143481958962e-01,9.906000000000000000e+03
7.081764062689831496e-01,9.915000000000000000e+03
7.082978981897704029e-01,9.918000000000000000e+03
7.084193901105576563e-01,9.922000000000000000e+03
7.085408820313449096e-01,9.923000000000000000e+03
7.086623739521321630e-01,9.924000000000000000e+03
7.087838658729194163e-01,9.938000000000000000e+03
7.089053577937066697e-01,9.943000000000000000e+03
7.090268497144940341e-01,9.946000000000000000e+03
7.091483416352812874e-01,9.947000000000000000e+03
7.092698335560685408e-01,9.951000000000000000e+03
7.093913254768557941e-01,9.952000000000000000e+03
7.095128173976430475e-01,9.978000000000000000e+03
7.096343093184303008e-01,9.982000000000000000e+03
7.097558012392175542e-01,9.986000000000000000e+03
7.098772931600048075e-01,9.996000000000000000e+03
7.099987850807921719e-01,9.998000000000000000e+03
7.101202770015794252e-01,1.000100000000000000e+04
7.102417689223666786e-01,1.000200000000000000e+04
7.103632608431539319e-01,1.000500000000000000e+04
7.104847527639411853e-01,1.001100000000000000e+04
7.106062446847284386e-01,1.002100000000000000e+04
7.107277366055156920e-01,1.002100000000000000e+04
7.108492285263030563e-01,1.002300000000000000e+04
7.109707204470903097e-01,1.003800000000000000e+04
7.110922123678775630e-01,1.005100000000000000e+04
7.112137042886648164e-01,1.005800000000000000e+04
7.113351962094520697e-01,1.007000000000000000e+04
7.114566881302393231e-01,1.007800000000000000e+04
7.115781800510265764e-01,1.008000000000000000e+04
7.116996719718138298e-01,1.008600000000000000e+04
7.118211638926011942e-01,1.008700000000000000e+04
7.119426558133884475e-01,1.009100000000000000e+04
7.120641477341757009e-01,1.009300000000000000e+04
7.121856396549629542e-01,1.009600000000000000e+04
7.123071315757502076e-01,1.010400000000000000e+04
7.124286234965374609e-01,1.010900000000000000e+04
7.125501154173247143e-01,1.011000000000000000e+04
7.126716073381119676e-01,1.011800000000000000e+04
7.127930992588993320e-01,1.012800000000000000e+04
7.129145911796865853e-01,1.013000000000000000e+04
7.130360831004738387e-01,1.014200000000000000e+04
7.131575750212610920e-01,1.014800000000000000e+04
7.132790669420483454e-01,1.015000000000000000e+04
7.134005588628355987e-01,1.015000000000000000e+04
7.135220507836228521e-01,1.015100000000000000e+04
7.136435427044101054e-01,1.015100000000000000e+04
7.137650346251974698e-01,1.015300000000000000e+04
7.138865265459847231e-01,1.015700000000000000e+04
7.140080184667719765e-01,1.015800000000000000e+04
7.141295103875592298e-01,1.016200000000000000e+04
7.142510023083464832e-01,1.016400000000000000e+04
7.143724942291337365e-01,1.016800000000000000e+04
7.144939861499209899e-01,1.018300000000000000e+04
7.146154780707083543e-01,1.018500000000000000e+04
7.147369699914956076e-01,1.018500000000000000e+04
7.148584619122828610e-01,1.019800000000000000e+04
7.149799538330701143e-01,1.019800000000000000e+04
7.151014457538573676e-01,1.020200000000000000e+04
7.152229376746446210e-01,1.020600000000000000e+04
7.153444295954318743e-01,1.020800000000000000e+04
7.154659215162191277e-01,1.022200000000000000e+04
7.155874134370064921e-01,1.022500000000000000e+04
7.157089053577937454e-01,1.022600000000000000e+04
7.158303972785809988e-01,1.022900000000000000e+04
7.159518891993682521e-01,1.023100000000000000e+04
7.160733811201555055e-01,1.023200000000000000e+04
7.161948730409427588e-01,1.023700000000000000e+04
7.163163649617300122e-01,1.024400000000000000e+04
7.164378568825172655e-01,1.024500000000000000e+04
7.165593488033046299e-01,1.024900000000000000e+04
7.166808407240918832e-01,1.025600000000000000e+04
7.168023326448791366e-01,1.025600000000000000e+04
7.169238245656663899e-01,1.025800000000000000e+04
7.170453164864536433e-01,1.025900000000000000e+04
7.171668084072408966e-01,1.027200000000000000e+04
7.172883003280281500e-01,1.027800000000000000e+04
7.174097922488154033e-01,1.027800000000000000e+04
7.175312841696027677e-01,1.027900000000000000e+04
7.176527760903900210e-01,1.028000000000000000e+04
7.177742680111772744e-01,1.029700000000000000e+04
7.178957599319645277e-01,1.030000000000000000e+04
7.180172518527517811e-01,1.030100000000000000e+04
7.181387437735390344e-01,1.030700000000000000e+04
7.182602356943262878e-01,1.030800000000000000e+04
7.183817276151136522e-01,1.031700000000000000e+04
7.185032195359009055e-01,1.031800000000000000e+04
7.186247114566881589e-01,1.032000000000000000e+04
7.187462033774754122e-01,1.032000000000000000e+04
7.188676952982626656e-01,1.032100000000000000e+04
7.189891872190499189e-01,1.033200000000000000e+04
7.191106791398371723e-01,1.033400000000000000e+04
7.192321710606244256e-01,1.033600000000000000e+04
7.193536629814117900e-01,1.033600000000000000e+04
7.194751549021990433e-01,1.033600000000000000e+04
7.195966468229862967e-01,1.034100000000000000e+04
7.197181387437735500e-01,1.034300000000000000e+04
7.198396306645608034e-01,1.035500000000000000e+04
7.199611225853480567e-01,1.035600000000000000e+04
7.200826145061353101e-01,1.035600000000000000e+04
7.202041064269225634e-01,1.035800000000000000e+04
7.203255983477099278e-01,1.035900000000000000e+04
7.204470902684971811e-01,1.035900000000000000e+04
7.205685821892844345e-01,1.036700000000000000e+04
7.206900741100716878e-01,1.038400000000000000e+04
7.208115660308589412e-01,1.038500000000000000e+04
7.209330579516461945e-01,1.039000000000000000e+04
7.210545498724334479e-01,1.039300000000000000e+04
7.211760417932207012e-01,1.039500000000000000e+04
7.212975337140080656e-01,1.039500000000000000e+04
7.214190256347953190e-01,1.039600000000000000e+04
7.215405175555825723e-01,1.039700000000000000e+04
7.216620094763698257e-01,1.039700000000000000e+04
7.217835013971570790e-01,1.039900000000000000e+04
7.219049933179443324e-01,1.040100000000000000e+04
7.220264852387315857e-01,1.040600000000000000e+04
7.221479771595188391e-01,1.041600000000000000e+04
7.222694690803062034e-01,1.043000000000000000e+04
7.223909610010934568e-01,1.043100000000000000e+04
7.225124529218807101e-01,1.047300000000000000e+04
7.226339448426679635e-01,1.047300000000000000e+04
7.227554367634552168e-01,1.047800000000000000e+04
7.228769286842424702e-01,1.048000000000000000e+04
7.229984206050297235e-01,1.048500000000000000e+04
7.231199125258170879e-01,1.048600000000000000e+04
7.232414044466043412e-01,1.048800000000000000e+04
7.233628963673915946e-01,1.048900000000000000e+04
7.234843882881788479e-01,1.049000000000000000e+04
7.236058802089661013e-01,1.049800000000000000e+04
7.237273721297533546e-01,1.050400000000000000e+04
7.238488640505406080e-01,1.050500000000000000e+04
7.239703559713278613e-01,1.050600000000000000e+04
7.240918478921152257e-01,1.051700000000000000e+04
7.242133398129024791e-01,1.052000000000000000e+04
7.243348317336897324e-01,1.055400000000000000e+04
7.244563236544769858e-01,1.055700000000000000e+04
7.245778155752642391e-01,1.055700000000000000e+04
7.246993074960514924e-01,1.056200000000000000e+04
7.248207994168387458e-01,1.056600000000000000e+04
7.249422913376259991e-01,1.056600000000000000e+04
7.250637832584133635e-01,1.057500000000000000e+04
7.251852751792006169e-01,1.057500000000000000e+04
7.253067670999878702e-01,1.058200000000000000e+04
7.254282590207751236e-01,1.058300000000000000e+04
7.255497509415623769e-01,1.060100000000000000e+04
7.256712428623496303e-01,1.060400000000000000e+04
7.257927347831368836e-01,1.060600000000000000e+04
7.259142267039241370e-01,1.061200000000000000e+04
7.260357186247115013e-01,1.061600000000000000e+04
7.261572105454987547e-01,1.062300000000000000e+04
7.262787024662860080e-01,1.062700000000000000e+04
7.264001943870732614e-01,1.062900000000000000e+04
7.265216863078605147e-01,1.063200000000000000e+04
7.266431782286477681e-01,1.065000000000000000e+04
7.267646701494350214e-01,1.065400000000000000e+04
7.268861620702223858e-01,1.065600000000000000e+04
7.270076539910096391e-01,1.065700000000000000e+04
7.271291459117968925e-01,1.067000000000000000e+04
7.272506378325841458e-01,1.067800000000000000e+04
7.273721297533713992e-01,1.068200000000000000e+04
7.274936216741586525e-01,1.068600000000000000e+04
7.276151135949459059e-01,1.069100000000000000e+04
7.277366055157331592e-01,1.069600000000000000e+04
7.278580974365205236e-01,1.071000000000000000e+04
7.279795893573077770e-01,1.071600000000000000e+04
7.281010812780950303e-01,1.072300000000000000e+04
7.282225731988822837e-01,1.073800000000000000e+04
7.283440651196695370e-01,1.074500000000000000e+04
7.284655570404567904e-01,1.074500000000000000e+04
7.285870489612440437e-01,1.074700000000000000e+04
7.287085408820312971e-01,1.076500000000000000e+04
7.288300328028186614e-01,1.076700000000000000e+04
7.289515247236059148e-01,1.077800000000000000e+04
7.290730166443931681e-01,1.077900000000000000e+04
7.291945085651804215e-01,1.077900000000000000e+04
7.293160004859676748e-01,1.078300000000000000e+04
7.294374924067549282e-01,1.079100000000000000e+04
7.295589843275421815e-01,1.079600000000000000e+04
7.296804762483294349e-01,1.080000000000000000e+04
7.298019681691167992e-01,1.081900000000000000e+04
7.299234600899040526e-01,1.082500000000000000e+04
7.300449520106913059e-01,1.082700000000000000e+04
7.301664439314785593e-01,1.082800000000000000e+04
7.302879358522658126e-01,1.082800000000000000e+04
7.304094277730530660e-01,1.082800000000000000e+04
7.305309196938403193e-01,1.083100000000000000e+04
7.306524116146276837e-01,1.083400000000000000e+04
7.307739035354149371e-01,1.083900000000000000e+04
7.308953954562021904e-01,1.085200000000000000e+04
7.310168873769894438e-01,1.085300000000000000e+04
7.311383792977766971e-01,1.085900000000000000e+04
7.312598712185639505e-01,1.086000000000000000e+04
7.313813631393512038e-01,1.086100000000000000e+04
7.315028550601384572e-01,1.086400000000000000e+04
7.316243469809258215e-01,1.086500000000000000e+04
7.317458389017130749e-01,1.087000000000000000e+04
7.318673308225003282e-01,1.088800000000000000e+04
7.319888227432875816e-01,1.089000000000000000e+04
7.321103146640748349e-01,1.089500000000000000e+04
7.322318065848620883e-01,1.090300000000000000e+04
7.323532985056493416e-01,1.090400000000000000e+04
7.324747904264365950e-01,1.091100000000000000e+04
7.325962823472239593e-01,1.091700000000000000e+04
7.327177742680112127e-01,1.091800000000000000e+04
7.328392661887984660e-01,1.092600000000000000e+04
7.329607581095857194e-01,1.092700000000000000e+04
7.330822500303729727e-01,1.093000000000000000e+04
7.332037419511602261e-01,1.093400000000000000e+04
7.333252338719474794e-01,1.094200000000000000e+04
7.334467257927347328e-01,1.094500000000000000e+04
7.335682177135220972e-01,1.094700000000000000e+04
7.336897096343093505e-01,1.094700000000000000e+04
7.338112015550966039e-01,1.094800000000000000e+04
7.339326934758838572e-01,1.095000000000000000e+04
7.340541853966711106e-01,1.095300000000000000e+04
7.341756773174583639e-01,1.096300000000000000e+04
7.342971692382456173e-01,1.096700000000000000e+04
7.344186611590329816e-01,1.097300000000000000e+04
7.345401530798202350e-01,1.097600000000000000e+04
7.346616450006074883e-01,1.097900000000000000e+04
7.347831369213947417e-01,1.098500000000000000e+04
7.349046288421819950e-01,1.098900000000000000e+04
7.350261207629692484e-01,1.099400000000000000e+04
7.351476126837565017e-01,1.100300000000000000e+04
7.352691046045437551e-01,1.102200000000000000e+04
7.353905965253311194e-01,1.103100000000000000e+04
7.355120884461183728e-01,1.103300000000000000e+04
7.356335803669056261e-01,1.103500000000000000e+04
7.357550722876928795e-01,1.104300000000000000e+04
7.358765642084801328e-01,1.104900000000000000e+04
7.359980561292673862e-01,1.105900000000000000e+04
7.361195480500546395e-01,1.106400000000000000e+04
7.362410399708418929e-01,1.107200000000000000e+04
7.363625318916292573e-01,1.107700000000000000e+04
7.364840238124165106e-01,1.108000000000000000e+04
7.366055157332037640e-01,1.108400000000000000e+04
7.367270076539910173e-01,1.108800000000000000e+04
7.368484995747782706e-01,1.111200000000000000e+04
7.369699914955655240e-01,1.111300000000000000e+04
7.370914834163527773e-01,1.111800000000000000e+04
7.372129753371400307e-01,1.111900000000000000e+04
7.373344672579273951e-01,1.113600000000000000e+04
7.374559591787146484e-01,1.113700000000000000e+04
7.375774510995019018e-01,1.113800000000000000e+04
7.376989430202891551e-01,1.114300000000000000e+04
7.378204349410764085e-01,1.114800000000000000e+04
7.379419268618636618e-01,1.115000000000000000e+04
7.380634187826509152e-01,1.115800000000000000e+04
7.381849107034381685e-01,1.116000000000000000e+04
7.383064026242255329e-01,1.117100000000000000e+04
7.384278945450127862e-01,1.120800000000000000e+04
7.385493864658000396e-01,1.121000000000000000e+04
7.386708783865872929e-01,1.121100000000000000e+04
7.387923703073745463e-01,1.121900000000000000e+04
7.389138622281617996e-01,1.122900000000000000e+04
7.390353541489490530e-01,1.124000000000000000e+04
7.391568460697364173e-01,1.125900000000000000e+04
7.392783379905236707e-01,1.127800000000000000e+04
7.393998299113109240e-01,1.129100000000000000e+04
7.395213218320981774e-01,1.129100000000000000e+04
7.396428137528854307e-01,1.130100000000000000e+04
7.397643056736726841e-01,1.130200000000000000e+04
7.398857975944599374e-01,1.130900000000000000e+04
7.400072895152471908e-01,1.131800000000000000e+04
7.401287814360345552e-01,1.131900000000000000e+04
7.402502733568218085e-01,1.132300000000000000e+04
7.403717652776090619e-01,1.132500000000000000e+04
7.404932571983963152e-01,1.132500000000000000e+04
7.406147491191835686e-01,1.133200000000000000e+04
7.407362410399708219e-01,1.133500000000000000e+04
7.408577329607580753e-01,1.133900000000000000e+04
7.409792248815453286e-01,1.134700000000000000e+04
7.411007168023326930e-01,1.136200000000000000e+04
7.412222087231199463e-01,1.136300000000000000e+04
7.413437006439071997e-01,1.137200000000000000e+04
7.414651925646944530e-01,1.138900000000000000e+04
7.415866844854817064e-01,1.138900000000000000e+04
7.417081764062689597e-01,1.139100000000000000e+04
7.418296683270562131e-01,1.139800000000000000e+04
7.419511602478434664e-01,1.140000000000000000e+04
7.420726521686308308e-01,1.140000000000000000e+04
7.421941440894180841e-01,1.140900000000000000e+04
7.423156360102053375e-01,1.141400000000000000e+04
7.424371279309925908e-01,1.141800000000000000e+04
7.425586198517798442e-01,1.143100000000000000e+04
7.426801117725670975e-01,1.144400000000000000e+04
7.428016036933543509e-01,1.145400000000000000e+04
7.429230956141417153e-01,1.145900000000000000e+04
7.430445875349289686e-01,1.146400000000000000e+04
7.431660794557162220e-01,1.147400000000000000e+04
7.432875713765034753e-01,1.147600000000000000e+04
7.434090632972907287e-01,1.147900000000000000e+04
7.435305552180779820e-01,1.148100000000000000e+04
7.436520471388652354e-01,1.148300000000000000e+04
7.437735390596524887e-01,1.148400000000000000e+04
7.438950309804398531e-01,1.148400000000000000e+04
7.440165229012271064e-01,1.148500000000000000e+04
7.441380148220143598e-01,1.149200000000000000e+04
7.442595067428016131e-01,1.149300000000000000e+04
7.443809986635888665e-01,1.149500000000000000e+04
7.445024905843761198e-01,1.149600000000000000e+04
7.446239825051633732e-01,1.150000000000000000e+04
7.447454744259506265e-01,1.150500000000000000e+04
7.448669663467379909e-01,1.151900000000000000e+04
7.449884582675252442e-01,1.152400000000000000e+04
7.451099501883124976e-01,1.152700000000000000e+04
7.452314421090997509e-01,1.152800000000000000e+04
7.453529340298870043e-01,1.153100000000000000e+04
7.454744259506742576e-01,1.153600000000000000e+04
7.455959178714615110e-01,1.153600000000000000e+04
7.457174097922487643e-01,1.153600000000000000e+04
7.458389017130361287e-01,1.154800000000000000e+04
7.459603936338233821e-01,1.155500000000000000e+04
7.460818855546106354e-01,1.155700000000000000e+04
7.462033774753978888e-01,1.155900000000000000e+04
7.463248693961851421e-01,1.157600000000000000e+04
7.464463613169723954e-01,1.157700000000000000e+04
7.465678532377596488e-01,1.158800000000000000e+04
7.466893451585470132e-01,1.159000000000000000e+04
7.468108370793342665e-01,1.159400000000000000e+04
7.469323290001215199e-01,1.159500000000000000e+04
7.470538209209087732e-01,1.159800000000000000e+04
7.471753128416960266e-01,1.159900000000000000e+04
7.472968047624832799e-01,1.162800000000000000e+04
7.474182966832705333e-01,1.164600000000000000e+04
7.475397886040577866e-01,1.164700000000000000e+04
7.476612805248451510e-01,1.165700000000000000e+04
7.477827724456324043e-01,1.166700000000000000e+04
7.479042643664196577e-01,1.167200000000000000e+04
7.480257562872069110e-01,1.168900000000000000e+04
7.481472482079941644e-01,1.170200000000000000e+04
7.482687401287814177e-01,1.170900000000000000e+04
7.483902320495686711e-01,1.171500000000000000e+04
7.485117239703559244e-01,1.172700000000000000e+04
7.486332158911432888e-01,1.173000000000000000e+04
7.487547078119305421e-01,1.173500000000000000e+04
7.488761997327177955e-01,1.173600000000000000e+04
7.489976916535050488e-01,1.173700000000000000e+04
7.491191835742923022e-01,1.173900000000000000e+04
7.492406754950795555e-01,1.174300000000000000e+04
7.493621674158668089e-01,1.174300000000000000e+04
7.494836593366540622e-01,1.174800000000000000e+04
7.496051512574414266e-01,1.175800000000000000e+04
7.497266431782286800e-01,1.176300000000000000e+04
7.498481350990159333e-01,1.177100000000000000e+04
7.499696270198031867e-01,1.178300000000000000e+04
7.500911189405904400e-01,1.179800000000000000e+04
7.502126108613776934e-01,1.180200000000000000e+04
7.503341027821649467e-01,1.180400000000000000e+04
7.504555947029522001e-01,1.180600000000000000e+04
7.505770866237395644e-01,1.180700000000000000e+04
7.506985785445268178e-01,1.180800000000000000e+04
7.508200704653140711e-01,1.181500000000000000e+04
7.509415623861013245e-01,1.182200000000000000e+04
7.510630543068885778e-01,1.183600000000000000e+04
7.511845462276758312e-01,1.184600000000000000e+04
7.513060381484630845e-01,1.184800000000000000e+04
7.514275300692504489e-01,1.184900000000000000e+04
7.515490219900377022e-01,1.185100000000000000e+04
7.516705139108249556e-01,1.185400000000000000e+04
7.517920058316122089e-01,1.186500000000000000e+04
7.519134977523994623e-01,1.187200000000000000e+04
7.520349896731867156e-01,1.187300000000000000e+04
7.521564815939739690e-01,1.188200000000000000e+04
7.522779735147612223e-01,1.188300000000000000e+04
7.523994654355485867e-01,1.188800000000000000e+04
7.525209573563358401e-01,1.189300000000000000e+04
7.526424492771230934e-01,1.189400000000000000e+04
7.527639411979103468e-01,1.190000000000000000e+04
7.528854331186976001e-01,1.190300000000000000e+04
7.530069250394848535e-01,1.191900000000000000e+04
7.531284169602721068e-01,1.191900000000000000e+04
7.532499088810593602e-01,1.191900000000000000e+04
7.533714008018467245e-01,1.192200000000000000e+04
7.534928927226339779e-01,1.192500000000000000e+04
7.536143846434212312e-01,1.193100000000000000e+04
7.537358765642084846e-01,1.193100000000000000e+04
7.538573684849957379e-01,1.194100000000000000e+04
7.539788604057829913e-01,1.195100000000000000e+04
7.541003523265702446e-01,1.195200000000000000e+04
7.542218442473574980e-01,1.196300000000000000e+04
7.543433361681448623e-01,1.197000000000000000e+04
7.544648280889321157e-01,1.197100000000000000e+04
7.545863200097193690e-01,1.197700000000000000e+04
7.547078119305066224e-01,1.197700000000000000e+04
7.548293038512938757e-01,1.197900000000000000e+04
7.549507957720811291e-01,1.198800000000000000e+04
7.550722876928683824e-01,1.199400000000000000e+04
7.551937796136557468e-01,1.200000000000000000e+04
7.553152715344430002e-01,1.200100000000000000e+04
7.554367634552302535e-01,1.200600000000000000e+04
7.555582553760175069e-01,1.200900000000000000e+04
7.556797472968047602e-01,1.201900000000000000e+04
7.558012392175920136e-01,1.202600000000000000e+04
7.559227311383792669e-01,1.202900000000000000e+04
7.560442230591665203e-01,1.203200000000000000e+04
7.561657149799538846e-01,1.204000000000000000e+04
7.562872069007411380e-01,1.204200000000000000e+04
7.564086988215283913e-01,1.204700000000000000e+04
7.565301907423156447e-01,1.205900000000000000e+04
7.566516826631028980e-01,1.206000000000000000e+04
7.567731745838901514e-01,1.206200000000000000e+04
7.568946665046774047e-01,1.208000000000000000e+04
7.570161584254646581e-01,1.208300000000000000e+04
7.571376503462520224e-01,1.208300000000000000e+04
7.572591422670392758e-01,1.208600000000000000e+04
7.573806341878265291e-01,1.209600000000000000e+04
7.575021261086137825e-01,1.210000000000000000e+04
7.576236180294010358e-01,1.210300000000000000e+04
7.577451099501882892e-01,1.210500000000000000e+04
7.578666018709755425e-01,1.210600000000000000e+04
7.579880937917627959e-01,1.210900000000000000e+04
7.581095857125501603e-01,1.210900000000000000e+04
7.582310776333374136e-01,1.211100000000000000e+04
7.583525695541246670e-01,1.211500000000000000e+04
7.584740614749119203e-01,1.212200000000000000e+04
7.585955533956991736e-01,1.214000000000000000e+04
7.587170453164864270e-01,1.214200000000000000e+04
7.588385372372736803e-01,1.215800000000000000e+04
7.589600291580610447e-01,1.216600000000000000e+04
7.590815210788482981e-01,1.217900000000000000e+04
7.592030129996355514e-01,1.218300000000000000e+04
7.593245049204228048e-01,1.218600000000000000e+04
7.594459968412100581e-01,1.219000000000000000e+04
7.595674887619973115e-01,1.220900000000000000e+04
7.596889806827845648e-01,1.221500000000000000e+04
7.598104726035718182e-01,1.222400000000000000e+04
7.599319645243591825e-01,1.222500000000000000e+04
7.600534564451464359e-01,1.223300000000000000e+04
7.601749483659336892e-01,1.223300000000000000e+04
7.602964402867209426e-01,1.225400000000000000e+04
7.604179322075081959e-01,1.226600000000000000e+04
7.605394241282954493e-01,1.226700000000000000e+04
7.606609160490827026e-01,1.226800000000000000e+04
7.607824079698699560e-01,1.226800000000000000e+04
7.609038998906573203e-01,1.227000000000000000e+04
7.610253918114445737e-01,1.227300000000000000e+04
7.611468837322318270e-01,1.228300000000000000e+04
7.612683756530190804e-01,1.230100000000000000e+04
7.613898675738063337e-01,1.230200000000000000e+04
7.615113594945935871e-01,1.230700000000000000e+04
7.616328514153808404e-01,1.231600000000000000e+04
7.617543433361680938e-01,1.231900000000000000e+04
7.618758352569554582e-01,1.232100000000000000e+04
7.619973271777427115e-01,1.232400000000000000e+04
7.621188190985299649e-01,1.235700000000000000e+04
7.622403110193172182e-01,1.236000000000000000e+04
7.623618029401044716e-01,1.236600000000000000e+04
7.624832948608917249e-01,1.236700000000000000e+04
7.626047867816789783e-01,1.237700000000000000e+04
7.627262787024663426e-01,1.237900000000000000e+04
7.628477706232535960e-01,1.242900000000000000e+04
7.629692625440408493e-01,1.243200000000000000e+04
7.630907544648281027e-01,1.243900000000000000e+04
7.632122463856153560e-01,1.244200000000000000e+04
7.633337383064026094e-01,1.244400000000000000e+04
7.634552302271898627e-01,1.245700000000000000e+04
7.635767221479771161e-01,1.245800000000000000e+04
7.636982140687644804e-01,1.246300000000000000e+04
7.638197059895517338e-01,1.246600000000000000e+04
7.639411979103389871e-01,1.247400000000000000e+04
7.640626898311262405e-01,1.247600000000000000e+04
7.641841817519134938e-01,1.248500000000000000e+04
7.643056736727007472e-01,1.248900000000000000e+04
7.644271655934880005e-01,1.249000000000000000e+04
7.645486575142752539e-01,1.251400000000000000e+04
7.646701494350626183e-01,1.251600000000000000e+04
7.647916413558498716e-01,1.251700000000000000e+04
7.649131332766371250e-01,1.253500000000000000e+04
7.650346251974243783e-01,1.253500000000000000e+04
7.651561171182116317e-01,1.253800000000000000e+04
7.652776090389988850e-01,1.255300000000000000e+04
7.653991009597861384e-01,1.255400000000000000e+04
7.655205928805733917e-01,1.255400000000000000e+04
7.656420848013607561e-01,1.255500000000000000e+04
7.657635767221480094e-01,1.256800000000000000e+04
7.658850686429352628e-01,1.262100000000000000e+04
7.660065605637225161e-01,1.262200000000000000e+04
7.661280524845097695e-01,1.262800000000000000e+04
7.662495444052970228e-01,1.264100000000000000e+04
7.663710363260842762e-01,1.264600000000000000e+04
7.664925282468715295e-01,1.266300000000000000e+04
7.666140201676588939e-01,1.269700000000000000e+04
7.667355120884461472e-01,1.270700000000000000e+04
7.668570040092334006e-01,1.273800000000000000e+04
7.669784959300206539e-01,1.274300000000000000e+04
7.670999878508079073e-01,1.276000000000000000e+04
7.672214797715951606e-01,1.276100000000000000e+04
7.673429716923824140e-01,1.276400000000000000e+04
7.674644636131697784e-01,1.276900000000000000e+04
7.675859555339570317e-01,1.277000000000000000e+04
7.677074474547442851e-01,1.277000000000000000e+04
7.678289393755315384e-01,1.277700000000000000e+04
7.679504312963187918e-01,1.278000000000000000e+04
7.680719232171060451e-01,1.279100000000000000e+04
7.681934151378932984e-01,1.279400000000000000e+04
7.683149070586805518e-01,1.279700000000000000e+04
7.684363989794679162e-01,1.279800000000000000e+04
7.685578909002551695e-01,1.280100000000000000e+04
7.686793828210424229e-01,1.280300000000000000e+04
7.688008747418296762e-01,1.281800000000000000e+04
7.689223666626169296e-01,1.282200000000000000e+04
7.690438585834041829e-01,1.283400000000000000e+04
7.691653505041914363e-01,1.285100000000000000e+04
7.692868424249786896e-01,1.285400000000000000e+04
7.694083343457660540e-01,1.285500000000000000e+04
7.695298262665533073e-01,1.285900000000000000e+04
7.696513181873405607e-01,1.286800000000000000e+04
7.697728101081278140e-01,1.286900000000000000e+04
7.698943020289150674e-01,1.287800000000000000e+04
7.700157939497023207e-01,1.288300000000000000e+04
7.701372858704895741e-01,1.288700000000000000e+04
7.702587777912768274e-01,1.288800000000000000e+04
7.703802697120641918e-01,1.289700000000000000e+04
7.705017616328514451e-01,1.290000000000000000e+04
7.706232535536386985e-01,1.290400000000000000e+04
7.707447454744259518e-01,1.291600000000000000e+04
7.708662373952132052e-01,1.291800000000000000e+04
7.709877293160004585e-01,1.292000000000000000e+04
7.711092212367877119e-01,1.293600000000000000e+04
7.712307131575750763e-01,1.293600000000000000e+04
7.713522050783623296e-01,1.294200000000000000e+04
7.714736969991495830e-01,1.294300000000000000e+04
7.715951889199368363e-01,1.294700000000000000e+04
7.717166808407240897e-01,1.294700000000000000e+04
7.718381727615113430e-01,1.294900000000000000e+04
7.719596646822985964e-01,1.296200000000000000e+04
7.720811566030858497e-01,1.296600000000000000e+04
7.722026485238732141e-01,1.297300000000000000e+04
7.723241404446604674e-01,1.298200000000000000e+04
7.724456323654477208e-01,1.299300000000000000e+04
7.725671242862349741e-01,1.300400000000000000e+04
7.726886162070222275e-01,1.300500000000000000e+04
7.728101081278094808e-01,1.301100000000000000e+04
7.729316000485967342e-01,1.302100000000000000e+04
7.730530919693839875e-01,1.302200000000000000e+04
7.731745838901713519e-01,1.302300000000000000e+04
7.732960758109586052e-01,1.302600000000000000e+04
7.734175677317458586e-01,1.303700000000000000e+04
7.735390596525331119e-01,1.303900000000000000e+04
7.736605515733203653e-01,1.303900000000000000e+04
7.737820434941076186e-01,1.304300000000000000e+04
7.739035354148948720e-01,1.304600000000000000e+04
7.740250273356821253e-01,1.304700000000000000e+04
7.741465192564694897e-01,1.305300000000000000e+04
7.742680111772567431e-01,1.305900000000000000e+04
7.743895030980439964e-01,1.306600000000000000e+04
7.745109950188312498e-01,1.308200000000000000e+04
7.746324869396185031e-01,1.308300000000000000e+04
7.747539788604057565e-01,1.308500000000000000e+04
7.748754707811930098e-01,1.308700000000000000e+04
7.749969627019803742e-01,1.309400000000000000e+04
7.751184546227676275e-01,1.311700000000000000e+04
7.752399465435548809e-01,1.312300000000000000e+04
7.753614384643421342e-01,1.312900000000000000e+04
7.754829303851293876e-01,1.312900000000000000e+04
7.756044223059166409e-01,1.313600000000000000e+04
7.757259142267038943e-01,1.313600000000000000e+04
7.758474061474911476e-01,1.316200000000000000e+04
7.759688980682785120e-01,1.318400000000000000e+04
7.760903899890657653e-01,1.319500000000000000e+04
7.762118819098530187e-01,1.320300000000000000e+04
7.763333738306402720e-01,1.321500000000000000e+04
7.764548657514275254e-01,1.321800000000000000e+04
7.765763576722147787e-01,1.322300000000000000e+04
7.766978495930020321e-01,1.322700000000000000e+04
7.768193415137892854e-01,1.323500000000000000e+04
7.769408334345766498e-01,1.323600000000000000e+04
7.770623253553639032e-01,1.324600000000000000e+04
7.771838172761511565e-01,1.324800000000000000e+04
7.773053091969384099e-01,1.325000000000000000e+04
7.774268011177256632e-01,1.325700000000000000e+04
7.775482930385129166e-01,1.326500000000000000e+04
7.776697849593001699e-01,1.326600000000000000e+04
7.777912768800874233e-01,1.326800000000000000e+04
7.779127688008747876e-01,1.327000000000000000e+04
7.780342607216620410e-01,1.327800000000000000e+04
7.781557526424492943e-01,1.329200000000000000e+04
7.782772445632365477e-01,1.330400000000000000e+04
7.783987364840238010e-01,1.330800000000000000e+04
7.785202284048110544e-01,1.331400000000000000e+04
7.786417203255983077e-01,1.332900000000000000e+04
7.787632122463856721e-01,1.333900000000000000e+04
7.788847041671729254e-01,1.334900000000000000e+04
7.790061960879601788e-01,1.334900000000000000e+04
7.791276880087474321e-01,1.335800000000000000e+04
7.792491799295346855e-01,1.336400000000000000e+04
7.793706718503219388e-01,1.337000000000000000e+04
7.794921637711091922e-01,1.337100000000000000e+04
7.796136556918964455e-01,1.338200000000000000e+04
7.797351476126838099e-01,1.338300000000000000e+04
7.798566395334710633e-01,1.338600000000000000e+04
7.799781314542583166e-01,1.340700000000000000e+04
7.800996233750455700e-01,1.340800000000000000e+04
7.802211152958328233e-01,1.341600000000000000e+04
7.803426072166200766e-01,1.344300000000000000e+04
7.804640991374073300e-01,1.344400000000000000e+04
7.805855910581945833e-01,1.344700000000000000e+04
7.807070829789819477e-01,1.345000000000000000e+04
7.808285748997692011e-01,1.345400000000000000e+04
7.809500668205564544e-01,1.345500000000000000e+04
7.810715587413437078e-01,1.345500000000000000e+04
7.811930506621309611e-01,1.347100000000000000e+04
7.813145425829182145e-01,1.349200000000000000e+04
7.814360345037054678e-01,1.351600000000000000e+04
7.815575264244927212e-01,1.352100000000000000e+04
7.816790183452800855e-01,1.352200000000000000e+04
7.818005102660673389e-01,1.352400000000000000e+04
7.819220021868545922e-01,1.352900000000000000e+04
7.820434941076418456e-01,1.353900000000000000e+04
7.821649860284290989e-01,1.354400000000000000e+04
7.822864779492163523e-01,1.354800000000000000e+04
7.824079698700036056e-01,1.355600000000000000e+04
7.825294617907908590e-01,1.358100000000000000e+04
7.826509537115782233e-01,1.359000000000000000e+04
7.827724456323654767e-01,1.360000000000000000e+04
7.828939375531527300e-01,1.360000000000000000e+04
7.830154294739399834e-01,1.360500000000000000e+04
7.831369213947272367e-01,1.361100000000000000e+04
7.832584133155144901e-01,1.361200000000000000e+04
7.833799052363017434e-01,1.364300000000000000e+04
7.835013971570891078e-01,1.364500000000000000e+04
7.836228890778763612e-01,1.365100000000000000e+04
7.837443809986636145e-01,1.365600000000000000e+04
7.838658729194508679e-01,1.366400000000000000e+04
7.839873648402381212e-01,1.367300000000000000e+04
7.841088567610253746e-01,1.367300000000000000e+04
7.842303486818126279e-01,1.368000000000000000e+04
7.843518406025998813e-01,1.368100000000000000e+04
7.844733325233872456e-01,1.369500000000000000e+04
7.845948244441744990e-01,1.369800000000000000e+04
7.847163163649617523e-01,1.371800000000000000e+04
7.848378082857490057e-01,1.373600000000000000e+04
7.849593002065362590e-01,1.374800000000000000e+04
7.850807921273235124e-01,1.374900000000000000e+04
7.852022840481107657e-01,1.375400000000000000e+04
7.853237759688980191e-01,1.375800000000000000e+04
7.854452678896853834e-01,1.377400000000000000e+04
7.855667598104726368e-01,1.378700000000000000e+04
7.856882517312598901e-01,1.378800000000000000e+04
7.858097436520471435e-01,1.379500000000000000e+04
7.859312355728343968e-01,1.381100000000000000e+04
7.860527274936216502e-01,1.381200000000000000e+04
7.861742194144089035e-01,1.381700000000000000e+04
7.862957113351961569e-01,1.382900000000000000e+04
7.864172032559835213e-01,1.383500000000000000e+04
7.865386951767707746e-01,1.383600000000000000e+04
7.866601870975580280e-01,1.385200000000000000e+04
7.867816790183452813e-01,1.385900000000000000e+04
7.869031709391325347e-01,1.386300000000000000e+04
7.870246628599197880e-01,1.387600000000000000e+04
7.871461547807070414e-01,1.388200000000000000e+04
7.872676467014944057e-01,1.389200000000000000e+04
7.873891386222816591e-01,1.390000000000000000e+04
7.875106305430689124e-01,1.390100000000000000e+04
7.876321224638561658e-01,1.390100000000000000e+04
7.877536143846434191e-01,1.391500000000000000e+04
7.878751063054306725e-01,1.391700000000000000e+04
7.879965982262179258e-01,1.393200000000000000e+04
7.881180901470051792e-01,1.393400000000000000e+04
7.882395820677925435e-01,1.393500000000000000e+04
7.883610739885797969e-01,1.393700000000000000e+04
7.884825659093670502e-01,1.394000000000000000e+04
7.886040578301543036e-01,1.395200000000000000e+04
7.887255497509415569e-01,1.396900000000000000e+04
7.888470416717288103e-01,1.397800000000000000e+04
7.889685335925160636e-01,1.398800000000000000e+04
7.890900255133033170e-01,1.399400000000000000e+04
7.892115174340906814e-01,1.399800000000000000e+04
7.893330093548779347e-01,1.401800000000000000e+04
7.894545012756651881e-01,1.401900000000000000e+04
7.895759931964524414e-01,1.402200000000000000e+04
7.896974851172396948e-01,1.402400000000000000e+04
7.898189770380269481e-01,1.403100000000000000e+04
7.899404689588142015e-01,1.403100000000000000e+04
7.900619608796014548e-01,1.403400000000000000e+04
7.901834528003888192e-01,1.403500000000000000e+04
7.903049447211760725e-01,1.405000000000000000e+04
7.904264366419633259e-01,1.406600000000000000e+04
7.905479285627505792e-01,1.406600000000000000e+04
7.906694204835378326e-01,1.406900000000000000e+04
7.907909124043250859e-01,1.409300000000000000e+04
7.909124043251123393e-01,1.411800000000000000e+04
7.910338962458997036e-01,1.412500000000000000e+04
7.911553881666869570e-01,1.414200000000000000e+04
7.912768800874742103e-01,1.415700000000000000e+04
7.913983720082614637e-01,1.416200000000000000e+04
7.915198639290487170e-01,1.416800000000000000e+04
7.916413558498359704e-01,1.416800000000000000e+04
7.917628477706232237e-01,1.417500000000000000e+04
7.918843396914104771e-01,1.417700000000000000e+04
7.920058316121978415e-01,1.417900000000000000e+04
7.921273235329850948e-01,1.418100000000000000e+04
7.922488154537723481e-01,1.418900000000000000e+04
7.923703073745596015e-01,1.419700000000000000e+04
7.924917992953468548e-01,1.420500000000000000e+04
7.926132912161341082e-01,1.420600000000000000e+04
7.927347831369213615e-01,1.421300000000000000e+04
7.928562750577086149e-01,1.422600000000000000e+04
7.929777669784959793e-01,1.424700000000000000e+04
7.930992588992832326e-01,1.425600000000000000e+04
7.932207508200704860e-01,1.429100000000000000e+04
7.933422427408577393e-01,1.429200000000000000e+04
7.934637346616449927e-01,1.430000000000000000e+04
7.935852265824322460e-01,1.430500000000000000e+04
7.937067185032194994e-01,1.430500000000000000e+04
7.938282104240067527e-01,1.430600000000000000e+04
7.939497023447941171e-01,1.430900000000000000e+04
7.940711942655813704e-01,1.431700000000000000e+04
7.941926861863686238e-01,1.432800000000000000e+04
7.943141781071558771e-01,1.433000000000000000e+04
7.944356700279431305e-01,1.434300000000000000e+04
7.945571619487303838e-01,1.435400000000000000e+04
7.946786538695176372e-01,1.435400000000000000e+04
7.948001457903050015e-01,1.435900000000000000e+04
7.949216377110922549e-01,1.436200000000000000e+04
7.950431296318795082e-01,1.437100000000000000e+04
7.951646215526667616e-01,1.437700000000000000e+04
7.952861134734540149e-01,1.437700000000000000e+04
7.954076053942412683e-01,1.437700000000000000e+04
7.955290973150285216e-01,1.438200000000000000e+04
7.956505892358157750e-01,1.439000000000000000e+04
7.957720811566031394e-01,1.439800000000000000e+04
7.958935730773903927e-01,1.442000000000000000e+04
7.960150649981776461e-01,1.442800000000000000e+04
7.961365569189648994e-01,1.442900000000000000e+04
7.962580488397521528e-01,1.444000000000000000e+04
7.963795407605394061e-01,1.444400000000000000e+04
7.965010326813266595e-01,1.446100000000000000e+04
7.966225246021139128e-01,1.446900000000000000e+04
7.967440165229012772e-01,1.447200000000000000e+04
7.968655084436885305e-01,1.448700000000000000e+04
7.969870003644757839e-01,1.449100000000000000e+04
7.971084922852630372e-01,1.450200000000000000e+04
7.972299842060502906e-01,1.450200000000000000e+04
7.973514761268375439e-01,1.451200000000000000e+04
7.974729680476247973e-01,1.452800000000000000e+04
7.975944599684120506e-01,1.453100000000000000e+04
7.977159518891994150e-01,1.453500000000000000e+04
7.978374438099866683e-01,1.455500000000000000e+04
7.979589357307739217e-01,1.456100000000000000e+04
7.980804276515611750e-01,1.456600000000000000e+04
7.982019195723484284e-01,1.458200000000000000e+04
7.983234114931356817e-01,1.459100000000000000e+04
7.984449034139229351e-01,1.459500000000000000e+04
7.985663953347101884e-01,1.459800000000000000e+04
7.986878872554975528e-01,1.460500000000000000e+04
7.988093791762848062e-01,1.462400000000000000e+04
7.989308710970720595e-01,1.465100000000000000e+04
7.990523630178593129e-01,1.465800000000000000e+04
7.991738549386465662e-01,1.466200000000000000e+04
7.992953468594338196e-01,1.467500000000000000e+04
7.994168387802210729e-01,1.469100000000000000e+04
7.995383307010084373e-01,1.472800000000000000e+04
7.996598226217956906e-01,1.475000000000000000e+04
7.997813145425829440e-01,1.477900000000000000e+04
7.999028064633701973e-01,1.478300000000000000e+04
8.000242983841574507e-01,1.478400000000000000e+04
8.001457903049447040e-01,1.478700000000000000e+04
8.002672822257319574e-01,1.481000000000000000e+04
8.003887741465192107e-01,1.481300000000000000e+04
8.005102660673065751e-01,1.482000000000000000e+04
8.006317579880938284e-01,1.483200000000000000e+04
8.007532499088810818e-01,1.483800000000000000e+04
8.008747418296683351e-01,1.483800000000000000e+04
8.009962337504555885e-01,1.483900000000000000e+04
8.011177256712428418e-01,1.484300000000000000e+04
8.012392175920300952e-01,1.486500000000000000e+04
8.013607095128173485e-01,1.486900000000000000e+04
8.014822014336047129e-01,1.487200000000000000e+04
8.016036933543919663e-01,1.487700000000000000e+04
8.017251852751792196e-01,1.487800000000000000e+04
8.018466771959664730e-01,1.488200000000000000e+04
8.019681691167537263e-01,1.489000000000000000e+04
8.020896610375409796e-01,1.491300000000000000e+04
8.022111529583282330e-01,1.491500000000000000e+04
8.023326448791154863e-01,1.492000000000000000e+04
8.024541367999028507e-01,1.494000000000000000e+04
8.025756287206901041e-01,1.494700000000000000e+04
8.026971206414773574e-01,1.494800000000000000e+04
8.028186125622646108e-01,1.494900000000000000e+04
8.029401044830518641e-01,1.496300000000000000e+04
8.030615964038391175e-01,1.497200000000000000e+04
8.031830883246263708e-01,1.497300000000000000e+04
8.033045802454137352e-01,1.498200000000000000e+04
8.034260721662009885e-01,1.498600000000000000e+04
8.035475640869882419e-01,1.500900000000000000e+04
8.036690560077754952e-01,1.505300000000000000e+04
8.037905479285627486e-01,1.505500000000000000e+04
8.039120398493500019e-01,1.505500000000000000e+04
8.040335317701372553e-01,1.505600000000000000e+04
8.041550236909245086e-01,1.506900000000000000e+04
8.042765156117118730e-01,1.508200000000000000e+04
8.043980075324991263e-01,1.508500000000000000e+04
8.045194994532863797e-01,1.509000000000000000e+04
8.046409913740736330e-01,1.509200000000000000e+04
8.047624832948608864e-01,1.510200000000000000e+04
8.048839752156481397e-01,1.510700000000000000e+04
8.050054671364353931e-01,1.513000000000000000e+04
8.051269590572226464e-01,1.515300000000000000e+04
8.052484509780100108e-01,1.515700000000000000e+04
8.053699428987972642e-01,1.516100000000000000e+04
8.054914348195845175e-01,1.519900000000000000e+04
8.056129267403717709e-01,1.520000000000000000e+04
8.057344186611590242e-01,1.520000000000000000e+04
8.058559105819462776e-01,1.520500000000000000e+04
8.059774025027335309e-01,1.522300000000000000e+04
8.060988944235207843e-01,1.522900000000000000e+04
8.062203863443081486e-01,1.523200000000000000e+04
8.063418782650954020e-01,1.527300000000000000e+04
8.064633701858826553e-01,1.528000000000000000e+04
8.065848621066699087e-01,1.528100000000000000e+04
8.067063540274571620e-01,1.528700000000000000e+04
8.068278459482444154e-01,1.529600000000000000e+04
8.069493378690316687e-01,1.530200000000000000e+04
8.070708297898190331e-01,1.531000000000000000e+04
8.071923217106062864e-01,1.531400000000000000e+04
8.073138136313935398e-01,1.532300000000000000e+04
8.074353055521807931e-01,1.534500000000000000e+04
8.075567974729680465e-01,1.534700000000000000e+04
8.076782893937552998e-01,1.536700000000000000e+04
8.077997813145425532e-01,1.537500000000000000e+04
8.079212732353298065e-01,1.537600000000000000e+04
8.080427651561171709e-01,1.538100000000000000e+04
8.081642570769044243e-01,1.541100000000000000e+04
8.082857489976916776e-01,1.541200000000000000e+04
8.084072409184789310e-01,1.541300000000000000e+04
8.085287328392661843e-01,1.542900000000000000e+04
8.086502247600534377e-01,1.544200000000000000e+04
8.087717166808406910e-01,1.547500000000000000e+04
8.088932086016279444e-01,1.548300000000000000e+04
8.090147005224153087e-01,1.550100000000000000e+04
8.091361924432025621e-01,1.550200000000000000e+04
8.092576843639898154e-01,1.550700000000000000e+04
8.093791762847770688e-01,1.551700000000000000e+04
8.095006682055643221e-01,1.551900000000000000e+04
8.096221601263515755e-01,1.554700000000000000e+04
8.097436520471388288e-01,1.554800000000000000e+04
8.098651439679260822e-01,1.555000000000000000e+04
8.099866358887134465e-01,1.556200000000000000e+04
8.101081278095006999e-01,1.559700000000000000e+04
8.102296197302879532e-01,1.560000000000000000e+04
8.103511116510752066e-01,1.560300000000000000e+04
8.104726035718624599e-01,1.561600000000000000e+04
8.105940954926497133e-01,1.562700000000000000e+04
8.107155874134369666e-01,1.563100000000000000e+04
8.108370793342243310e-01,1.564600000000000000e+04
8.109585712550115844e-01,1.565100000000000000e+04
8.110800631757988377e-01,1.565900000000000000e+04
8.112015550965860911e-01,1.566200000000000000e+04
8.113230470173733444e-01,1.566200000000000000e+04
8.114445389381605978e-01,1.566200000000000000e+04
8.115660308589478511e-01,1.566700000000000000e+04
8.116875227797351045e-01,1.567000000000000000e+04
8.118090147005224688e-01,1.567500000000000000e+04
8.119305066213097222e-01,1.570000000000000000e+04
8.120519985420969755e-01,1.570100000000000000e+04
8.121734904628842289e-01,1.571700000000000000e+04
8.122949823836714822e-01,1.573200000000000000e+04
8.124164743044587356e-01,1.574700000000000000e+04
8.125379662252459889e-01,1.576000000000000000e+04
8.126594581460332423e-01,1.576400000000000000e+04
8.127809500668206066e-01,1.576600000000000000e+04
8.129024419876078600e-01,1.577800000000000000e+04
8.130239339083951133e-01,1.578400000000000000e+04
8.131454258291823667e-01,1.579900000000000000e+04
8.132669177499696200e-01,1.580000000000000000e+04
8.133884096707568734e-01,1.582800000000000000e+04
8.135099015915441267e-01,1.584800000000000000e+04
8.136313935123313801e-01,1.585700000000000000e+04
8.137528854331187445e-01,1.586100000000000000e+04
8.138743773539059978e-01,1.586700000000000000e+04
8.139958692746932511e-01,1.587100000000000000e+04
8.141173611954805045e-01,1.587200000000000000e+04
8.142388531162677578e-01,1.587300000000000000e+04
8.143603450370550112e-01,1.588300000000000000e+04
8.144818369578422645e-01,1.590100000000000000e+04
8.146033288786295179e-01,1.591000000000000000e+04
8.147248207994168823e-01,1.592300000000000000e+04
8.148463127202041356e-01,1.592500000000000000e+04
8.149678046409913890e-01,1.595100000000000000e+04
8.150892965617786423e-01,1.596300000000000000e+04
8.152107884825658957e-01,1.597200000000000000e+04
8.153322804033531490e-01,1.598200000000000000e+04
8.154537723241404024e-01,1.600100000000000000e+04
8.155752642449277667e-01,1.602900000000000000e+04
8.156967561657150201e-01,1.604500000000000000e+04
8.158182480865022734e-01,1.604800000000000000e+04
8.159397400072895268e-01,1.605100000000000000e+04
8.160612319280767801e-01,1.605100000000000000e+04
8.161827238488640335e-01,1.608000000000000000e+04
8.163042157696512868e-01,1.608200000000000000e+04
8.164257076904385402e-01,1.608500000000000000e+04
8.165471996112259045e-01,1.609600000000000000e+04
8.166686915320131579e-01,1.610100000000000000e+04
8.167901834528004112e-01,1.612400000000000000e+04
8.169116753735876646e-01,1.613000000000000000e+04
8.170331672943749179e-01,1.613500000000000000e+04
8.171546592151621713e-01,1.614000000000000000e+04
8.172761511359494246e-01,1.614600000000000000e+04
8.173976430567366780e-01,1.614700000000000000e+04
8.175191349775240424e-01,1.616700000000000000e+04
8.176406268983112957e-01,1.616800000000000000e+04
8.177621188190985491e-01,1.617500000000000000e+04
8.178836107398858024e-01,1.617800000000000000e+04
8.180051026606730558e-01,1.618200000000000000e+04
8.181265945814603091e-01,1.619100000000000000e+04
8.182480865022475625e-01,1.619300000000000000e+04
8.183695784230348158e-01,1.619400000000000000e+04
8.184910703438221802e-01,1.621800000000000000e+04
8.186125622646094335e-01,1.623200000000000000e+04
8.187340541853966869e-01,1.624100000000000000e+04
8.188555461061839402e-01,1.625000000000000000e+04
8.189770380269711936e-01,1.625300000000000000e+04
8.190985299477584469e-01,1.626200000000000000e+04
8.192200218685457003e-01,1.626500000000000000e+04
8.193415137893330646e-01,1.629200000000000000e+04
8.194630057101203180e-01,1.631600000000000000e+04
8.195844976309075713e-01,1.637500000000000000e+04
8.197059895516948247e-01,1.637900000000000000e+04
8.198274814724820780e-01,1.640000000000000000e+04
8.199489733932693314e-01,1.641300000000000000e+04
8.200704653140565847e-01,1.642000000000000000e+04
8.201919572348438381e-01,1.642900000000000000e+04
8.203134491556312025e-01,1.643500000000000000e+04
8.204349410764184558e-01,1.643500000000000000e+04
8.205564329972057092e-01,1.643900000000000000e+04
8.206779249179929625e-01,1.643900000000000000e+04
8.207994168387802159e-01,1.644900000000000000e+04
8.209209087595674692e-01,1.646000000000000000e+04
8.210424006803547226e-01,1.646000000000000000e+04
8.211638926011419759e-01,1.646700000000000000e+04
8.212853845219293403e-01,1.646800000000000000e+04
8.214068764427165936e-01,1.647100000000000000e+04
8.215283683635038470e-01,1.648400000000000000e+04
8.216498602842911003e-01,1.651100000000000000e+04
8.217713522050783537e-01,1.651500000000000000e+04
8.218928441258656070e-01,1.652700000000000000e+04
8.220143360466528604e-01,1.655900000000000000e+04
8.221358279674401137e-01,1.657000000000000000e+04
8.222573198882274781e-01,1.658400000000000000e+04
8.223788118090147314e-01,1.658800000000000000e+04
8.225003037298019848e-01,1.659600000000000000e+04
8.226217956505892381e-01,1.659600000000000000e+04
8.227432875713764915e-01,1.661000000000000000e+04
8.228647794921637448e-01,1.662300000000000000e+04
8.229862714129509982e-01,1.663500000000000000e+04
8.231077633337383626e-01,1.663900000000000000e+04
8.232292552545256159e-01,1.664200000000000000e+04
8.233507471753128693e-01,1.665100000000000000e+04
8.234722390961001226e-01,1.665900000000000000e+04
8.235937310168873760e-01,1.667800000000000000e+04
8.237152229376746293e-01,1.668600000000000000e+04
8.238367148584618826e-01,1.670700000000000000e+04
8.239582067792491360e-01,1.671300000000000000e+04
8.240796987000365004e-01,1.672100000000000000e+04
8.242011906208237537e-01,1.673200000000000000e+04
8.243226825416110071e-01,1.673300000000000000e+04
8.244441744623982604e-01,1.673700000000000000e+04
8.245656663831855138e-01,1.679000000000000000e+04
8.246871583039727671e-01,1.679600000000000000e+04
8.248086502247600205e-01,1.680200000000000000e+04
8.249301421455472738e-01,1.680900000000000000e+04
8.250516340663346382e-01,1.681300000000000000e+04
8.251731259871218915e-01,1.682200000000000000e+04
8.252946179079091449e-01,1.683200000000000000e+04
8.254161098286963982e-01,1.683700000000000000e+04
8.255376017494836516e-01,1.686300000000000000e+04
8.256590936702709049e-01,1.689100000000000000e+04
8.257805855910581583e-01,1.689200000000000000e+04
8.259020775118454116e-01,1.690200000000000000e+04
8.260235694326327760e-01,1.690500000000000000e+04
8.261450613534200293e-01,1.694600000000000000e+04
8.262665532742072827e-01,1.694700000000000000e+04
8.263880451949945360e-01,1.695000000000000000e+04
8.265095371157817894e-01,1.695700000000000000e+04
8.266310290365690427e-01,1.696300000000000000e+04
8.267525209573562961e-01,1.697200000000000000e+04
8.268740128781436605e-01,1.697700000000000000e+04
8.269955047989309138e-01,1.701000000000000000e+04
8.271169967197181672e-01,1.701300000000000000e+04
8.272384886405054205e-01,1.701400000000000000e+04
8.273599805612926739e-01,1.702000000000000000e+04
8.274814724820799272e-01,1.702400000000000000e+04
8.276029644028671806e-01,1.702700000000000000e+04
8.277244563236544339e-01,1.702900000000000000e+04
8.278459482444417983e-01,1.704000000000000000e+04
8.279674401652290516e-01,1.704800000000000000e+04
8.280889320860163050e-01,1.705000000000000000e+04
8.282104240068035583e-01,1.705100000000000000e+04
8.283319159275908117e-01,1.705800000000000000e+04
8.284534078483780650e-01,1.708300000000000000e+04
8.285748997691653184e-01,1.708600000000000000e+04
8.286963916899525717e-01,1.708700000000000000e+04
8.288178836107399361e-01,1.709900000000000000e+04
8.289393755315271894e-01,1.711500000000000000e+04
8.290608674523144428e-01,1.712400000000000000e+04
8.291823593731016961e-01,1.712800000000000000e+04
8.293038512938889495e-01,1.717500000000000000e+04
8.294253432146762028e-01,1.717900000000000000e+04
8.295468351354634562e-01,1.718100000000000000e+04
8.296683270562507095e-01,1.718200000000000000e+04
8.297898189770380739e-01,1.719200000000000000e+04
8.299113108978253273e-01,1.719400000000000000e+04
8.300328028186125806e-01,1.720700000000000000e+04
8.301542947393998340e-01,1.722000000000000000e+04
8.302757866601870873e-01,1.722000000000000000e+04
8.303972785809743407e-01,1.723900000000000000e+04
8.305187705017615940e-01,1.724500000000000000e+04
8.306402624225488474e-01,1.725100000000000000e+04
8.307617543433362117e-01,1.725100000000000000e+04
8.308832462641234651e-01,1.726900000000000000e+04
8.310047381849107184e-01,1.727800000000000000e+04
8.311262301056979718e-01,1.728100000000000000e+04
8.312477220264852251e-01,1.728700000000000000e+04
8.313692139472724785e-01,1.729100000000000000e+04
8.314907058680597318e-01,1.729700000000000000e+04
8.316121977888470962e-01,1.730200000000000000e+04
8.317336897096343495e-01,1.731200000000000000e+04
8.318551816304216029e-01,1.732100000000000000e+04
8.319766735512088562e-01,1.736800000000000000e+04
8.320981654719961096e-01,1.737600000000000000e+04
8.322196573927833629e-01,1.737700000000000000e+04
8.323411493135706163e-01,1.738500000000000000e+04
8.324626412343578696e-01,1.739000000000000000e+04
8.325841331551452340e-01,1.744200000000000000e+04
8.327056250759324874e-01,1.744700000000000000e+04
8.328271169967197407e-01,1.750000000000000000e+04
8.329486089175069941e-01,1.750100000000000000e+04
8.330701008382942474e-01,1.750200000000000000e+04
8.331915927590815008e-01,1.750800000000000000e+04
8.333130846798687541e-01,1.753600000000000000e+04
8.334345766006560075e-01,1.754800000000000000e+04
8.335560685214433718e-01,1.755900000000000000e+04
8.336775604422306252e-01,1.757400000000000000e+04
8.337990523630178785e-01,1.758100000000000000e+04
8.339205442838051319e-01,1.759300000000000000e+04
8.340420362045923852e-01,1.760400000000000000e+04
8.341635281253796386e-01,1.760700000000000000e+04
8.342850200461668919e-01,1.761000000000000000e+04
8.344065119669541453e-01,1.761000000000000000e+04
8.345280038877415096e-01,1.761800000000000000e+04
8.346494958085287630e-01,1.764800000000000000e+04
8.347709877293160163e-01,1.764900000000000000e+04
8.348924796501032697e-01,1.765400000000000000e+04
8.350139715708905230e-01,1.766000000000000000e+04
8.351354634916777764e-01,1.766500000000000000e+04
8.352569554124650297e-01,1.769100000000000000e+04
8.353784473332523941e-01,1.770200000000000000e+04
8.354999392540396475e-01,1.770700000000000000e+04
8.356214311748269008e-01,1.771600000000000000e+04
8.357429230956141541e-01,1.773500000000000000e+04
8.358644150164014075e-01,1.774800000000000000e+04
8.359859069371886608e-01,1.775800000000000000e+04
8.361073988579759142e-01,1.776800000000000000e+04
8.362288907787631675e-01,1.778000000000000000e+04
8.363503826995505319e-01,1.779200000000000000e+04
8.364718746203377853e-01,1.781500000000000000e+04
8.365933665411250386e-01,1.784300000000000000e+04
8.367148584619122920e-01,1.784700000000000000e+04
8.368363503826995453e-01,1.787500000000000000e+04
8.369578423034867987e-01,1.789900000000000000e+04
8.370793342242740520e-01,1.791500000000000000e+04
8.372008261450613054e-01,1.792600000000000000e+04
8.373223180658486697e-01,1.793800000000000000e+04
8.374438099866359231e-01,1.794400000000000000e+04
8.375653019074231764e-01,1.797300000000000000e+04
8.376867938282104298e-01,1.797700000000000000e+04
8.378082857489976831e-01,1.798800000000000000e+04
8.379297776697849365e-01,1.801100000000000000e+04
8.380512695905721898e-01,1.802200000000000000e+04
8.381727615113594432e-01,1.804300000000000000e+04
8.382942534321468075e-01,1.804700000000000000e+04
8.384157453529340609e-01,1.807100000000000000e+04
8.385372372737213142e-01,1.807100000000000000e+04
8.386587291945085676e-01,1.807600000000000000e+04
8.387802211152958209e-01,1.810700000000000000e+04
8.389017130360830743e-01,1.814500000000000000e+04
8.390232049568703276e-01,1.816700000000000000e+04
8.391446968776576920e-01,1.818800000000000000e+04
8.392661887984449454e-01,1.824900000000000000e+04
8.393876807192321987e-01,1.825900000000000000e+04
8.395091726400194521e-01,1.829300000000000000e+04
8.396306645608067054e-01,1.830800000000000000e+04
8.397521564815939588e-01,1.831100000000000000e+04
8.398736484023812121e-01,1.831500000000000000e+04
8.399951403231684655e-01,1.832400000000000000e+04
8.401166322439558298e-01,1.832600000000000000e+04
8.402381241647430832e-01,1.834200000000000000e+04
8.403596160855303365e-01,1.839100000000000000e+04
8.404811080063175899e-01,1.840300000000000000e+04
8.406025999271048432e-01,1.840800000000000000e+04
8.407240918478920966e-01,1.840800000000000000e+04
8.408455837686793499e-01,1.842800000000000000e+04
8.409670756894666033e-01,1.843400000000000000e+04
8.410885676102539676e-01,1.843700000000000000e+04
8.412100595310412210e-01,1.844100000000000000e+04
8.413315514518284743e-01,1.845400000000000000e+04
8.414530433726157277e-01,1.846600000000000000e+04
8.415745352934029810e-01,1.846700000000000000e+04
8.416960272141902344e-01,1.847500000000000000e+04
8.418175191349774877e-01,1.849000000000000000e+04
8.419390110557647411e-01,1.850300000000000000e+04
8.420605029765521055e-01,1.851400000000000000e+04
8.421819948973393588e-01,1.852000000000000000e+04
8.423034868181266122e-01,1.852300000000000000e+04
8.424249787389138655e-01,1.853500000000000000e+04
8.425464706597011189e-01,1.855200000000000000e+04
8.426679625804883722e-01,1.855800000000000000e+04
8.427894545012756256e-01,1.855900000000000000e+04
8.429109464220629899e-01,1.856200000000000000e+04
8.430324383428502433e-01,1.858600000000000000e+04
8.431539302636374966e-01,1.859000000000000000e+04
8.432754221844247500e-01,1.859700000000000000e+04
8.433969141052120033e-01,1.859900000000000000e+04
8.435184060259992567e-01,1.860300000000000000e+04
8.436398979467865100e-01,1.860800000000000000e+04
8.437613898675737634e-01,1.861000000000000000e+04
8.438828817883611277e-01,1.861300000000000000e+04
8.440043737091483811e-01,1.862100000000000000e+04
8.441258656299356344e-01,1.865300000000000000e+04
8.442473575507228878e-01,1.866000000000000000e+04
8.443688494715101411e-01,1.867800000000000000e+04
8.444903413922973945e-01,1.867800000000000000e+04
8.446118333130846478e-01,1.869100000000000000e+04
8.447333252338719012e-01,1.869400000000000000e+04
8.448548171546592656e-01,1.870200000000000000e+04
8.449763090754465189e-01,1.873400000000000000e+04
8.450978009962337723e-01,1.873900000000000000e+04
8.452192929170210256e-01,1.874100000000000000e+04
8.453407848378082790e-01,1.875300000000000000e+04
8.454622767585955323e-01,1.877700000000000000e+04
8.455837686793827856e-01,1.879900000000000000e+04
8.457052606001700390e-01,1.880200000000000000e+04
8.458267525209574034e-01,1.881100000000000000e+04
8.459482444417446567e-01,1.882000000000000000e+04
8.460697363625319101e-01,1.883200000000000000e+04
8.461912282833191634e-01,1.884700000000000000e+04
8.463127202041064168e-01,1.887000000000000000e+04
8.464342121248936701e-01,1.893100000000000000e+04
8.465557040456809235e-01,1.894300000000000000e+04
8.466771959664681768e-01,1.895800000000000000e+04
8.467986878872555412e-01,1.899100000000000000e+04
8.469201798080427945e-01,1.899600000000000000e+04
8.470416717288300479e-01,1.902000000000000000e+04
8.471631636496173012e-01,1.902100000000000000e+04
8.472846555704045546e-01,1.902800000000000000e+04
8.474061474911918079e-01,1.903800000000000000e+04
8.475276394119790613e-01,1.904700000000000000e+04
8.476491313327664257e-01,1.906000000000000000e+04
8.477706232535536790e-01,1.906600000000000000e+04
8.478921151743409323e-01,1.906900000000000000e+04
8.480136070951281857e-01,1.909200000000000000e+04
8.481350990159154390e-01,1.910900000000000000e+04
8.482565909367026924e-01,1.911000000000000000e+04
8.483780828574899457e-01,1.911000000000000000e+04
8.484995747782771991e-01,1.911700000000000000e+04
8.486210666990645635e-01,1.912600000000000000e+04
8.487425586198518168e-01,1.913000000000000000e+04
8.488640505406390702e-01,1.913700000000000000e+04
8.489855424614263235e-01,1.914300000000000000e+04
8.491070343822135769e-01,1.917600000000000000e+04
8.492285263030008302e-01,1.918500000000000000e+04
8.493500182237880836e-01,1.919200000000000000e+04
8.494715101445753369e-01,1.919600000000000000e+04
8.495930020653627013e-01,1.920500000000000000e+04
8.497144939861499546e-01,1.921200000000000000e+04
8.498359859069372080e-01,1.922500000000000000e+04
8.499574778277244613e-01,1.924300000000000000e+04
8.500789697485117147e-01,1.924800000000000000e+04
8.502004616692989680e-01,1.928100000000000000e+04
8.503219535900862214e-01,1.929500000000000000e+04
8.504434455108734747e-01,1.931600000000000000e+04
8.505649374316608391e-01,1.932100000000000000e+04
8.506864293524480924e-01,1.936300000000000000e+04
8.508079212732353458e-01,1.936500000000000000e+04
8.509294131940225991e-01,1.936800000000000000e+04
8.510509051148098525e-01,1.938400000000000000e+04
8.511723970355971058e-01,1.939800000000000000e+04
8.512938889563843592e-01,1.940800000000000000e+04
8.514153808771717236e-01,1.941000000000000000e+04
8.515368727979589769e-01,1.941600000000000000e+04
8.516583647187462303e-01,1.942600000000000000e+04
8.517798566395334836e-01,1.943300000000000000e+04
8.519013485603207370e-01,1.945100000000000000e+04
8.520228404811079903e-01,1.945700000000000000e+04
8.521443324018952437e-01,1.946800000000000000e+04
8.522658243226824970e-01,1.948300000000000000e+04
8.523873162434698614e-01,1.950700000000000000e+04
8.525088081642571147e-01,1.950900000000000000e+04
8.526303000850443681e-01,1.953300000000000000e+04
8.527517920058316214e-01,1.954000000000000000e+04
8.528732839266188748e-01,1.954800000000000000e+04
8.529947758474061281e-01,1.956400000000000000e+04
8.531162677681933815e-01,1.956800000000000000e+04
8.532377596889806348e-01,1.958500000000000000e+04
8.533592516097679992e-01,1.959400000000000000e+04
8.534807435305552525e-01,1.959700000000000000e+04
8.536022354513425059e-01,1.961000000000000000e+04
8.537237273721297592e-01,1.961100000000000000e+04
8.538452192929170126e-01,1.961300000000000000e+04
8.539667112137042659e-01,1.962100000000000000e+04
8.540882031344915193e-01,1.963300000000000000e+04
8.542096950552787726e-01,1.964600000000000000e+04
8.543311869760661370e-01,1.965200000000000000e+04
8.544526788968533904e-01,1.965400000000000000e+04
8.545741708176406437e-01,1.965400000000000000e+04
8.546956627384278971e-01,1.966500000000000000e+04
8.548171546592151504e-01,1.966900000000000000e+04
8.549386465800024038e-01,1.967300000000000000e+04
8.550601385007896571e-01,1.968600000000000000e+04
8.551816304215770215e-01,1.969900000000000000e+04
8.553031223423642748e-01,1.973200000000000000e+04
8.554246142631515282e-01,1.973400000000000000e+04
8.555461061839387815e-01,1.975300000000000000e+04
8.556675981047260349e-01,1.977100000000000000e+04
8.557890900255132882e-01,1.977300000000000000e+04
8.559105819463005416e-01,1.977400000000000000e+04
8.560320738670877949e-01,1.979800000000000000e+04
8.561535657878751593e-01,1.981700000000000000e+04
8.562750577086624126e-01,1.981800000000000000e+04
8.563965496294496660e-01,1.984200000000000000e+04
8.565180415502369193e-01,1.985900000000000000e+04
8.566395334710241727e-01,1.987800000000000000e+04
8.567610253918114260e-01,1.989700000000000000e+04
8.568825173125986794e-01,1.991200000000000000e+04
8.570040092333859327e-01,1.992000000000000000e+04
8.571255011541732971e-01,1.993800000000000000e+04
8.572469930749605505e-01,1.994000000000000000e+04
8.573684849957478038e-01,1.994100000000000000e+04
8.574899769165350571e-01,1.994600000000000000e+04
8.576114688373223105e-01,1.998800000000000000e+04
8.577329607581095638e-01,2.000600000000000000e+04
8.578544526788968172e-01,2.003600000000000000e+04
8.579759445996840705e-01,2.006000000000000000e+04
8.580974365204714349e-01,2.006400000000000000e+04
8.582189284412586883e-01,2.007200000000000000e+04
8.583404203620459416e-01,2.011000000000000000e+04
8.584619122828331950e-01,2.011200000000000000e+04
8.585834042036204483e-01,2.011300000000000000e+04
8.587048961244077017e-01,2.014200000000000000e+04
8.588263880451949550e-01,2.015600000000000000e+04
8.589478799659823194e-01,2.017200000000000000e+04
8.590693718867695727e-01,2.019200000000000000e+04
8.591908638075568261e-01,2.019200000000000000e+04
8.593123557283440794e-01,2.019800000000000000e+04
8.594338476491313328e-01,2.020800000000000000e+04
8.595553395699185861e-01,2.023900000000000000e+04
8.596768314907058395e-01,2.024800000000000000e+04
8.597983234114930928e-01,2.025300000000000000e+04
8.599198153322804572e-01,2.026100000000000000e+04
8.600413072530677105e-01,2.026400000000000000e+04
8.601627991738549639e-01,2.028600000000000000e+04
8.602842910946422172e-01,2.029200000000000000e+04
8.604057830154294706e-01,2.031800000000000000e+04
8.605272749362167239e-01,2.032400000000000000e+04
8.606487668570039773e-01,2.033200000000000000e+04
8.607702587777912306e-01,2.033300000000000000e+04
8.608917506985785950e-01,2.035800000000000000e+04
8.610132426193658484e-01,2.036700000000000000e+04
8.611347345401531017e-01,2.039400000000000000e+04
8.612562264609403551e-01,2.041600000000000000e+04
8.613777183817276084e-01,2.042400000000000000e+04
8.614992103025148618e-01,2.044200000000000000e+04
8.616207022233021151e-01,2.044600000000000000e+04
8.617421941440893685e-01,2.044700000000000000e+04
8.618636860648767328e-01,2.045600000000000000e+04
8.619851779856639862e-01,2.046900000000000000e+04
8.621066699064512395e-01,2.047500000000000000e+04
8.622281618272384929e-01,2.047700000000000000e+04
8.623496537480257462e-01,2.048200000000000000e+04
8.624711456688129996e-01,2.050300000000000000e+04
8.625926375896002529e-01,2.057200000000000000e+04
8.627141295103875063e-01,2.059800000000000000e+04
8.628356214311748706e-01,2.061000000000000000e+04
8.629571133519621240e-01,2.061700000000000000e+04
8.630786052727493773e-01,2.062800000000000000e+04
8.632000971935366307e-01,2.063300000000000000e+04
8.633215891143238840e-01,2.064300000000000000e+04
8.634430810351111374e-01,2.064500000000000000e+04
8.635645729558983907e-01,2.067200000000000000e+04
8.636860648766857551e-01,2.073000000000000000e+04
8.638075567974730085e-01,2.073800000000000000e+04
8.639290487182602618e-01,2.075300000000000000e+04
8.640505406390475152e-01,2.076800000000000000e+04
8.641720325598347685e-01,2.078400000000000000e+04
8.642935244806220219e-01,2.079500000000000000e+04
8.644150164014092752e-01,2.080500000000000000e+04
8.645365083221965286e-01,2.082000000000000000e+04
8.646580002429838929e-01,2.082100000000000000e+04
8.647794921637711463e-01,2.085100000000000000e+04
8.649009840845583996e-01,2.086100000000000000e+04
8.650224760053456530e-01,2.086100000000000000e+04
8.651439679261329063e-01,2.088100000000000000e+04
8.652654598469201597e-01,2.089900000000000000e+04
8.653869517677074130e-01,2.091500000000000000e+04
8.655084436884946664e-01,2.094900000000000000e+04
8.656299356092820307e-01,2.095700000000000000e+04
8.657514275300692841e-01,2.099900000000000000e+04
8.658729194508565374e-01,2.100600000000000000e+04
8.659944113716437908e-01,2.105800000000000000e+04
8.661159032924310441e-01,2.107600000000000000e+04
8.662373952132182975e-01,2.109200000000000000e+04
8.663588871340055508e-01,2.111100000000000000e+04
8.664803790547928042e-01,2.112900000000000000e+04
8.666018709755801686e-01,2.113200000000000000e+04
8.667233628963674219e-01,2.114200000000000000e+04
8.668448548171546753e-01,2.116100000000000000e+04
8.669663467379419286e-01,2.116200000000000000e+04
8.670878386587291820e-01,2.116800000000000000e+04
8.672093305795164353e-01,2.119200000000000000e+04
8.673308225003036886e-01,2.121800000000000000e+04
8.674523144210910530e-01,2.125100000000000000e+04
8.675738063418783064e-01,2.129300000000000000e+04
8.676952982626655597e-01,2.130400000000000000e+04
8.678167901834528131e-01,2.132000000000000000e+04
8.679382821042400664e-01,2.135700000000000000e+04
8.680597740250273198e-01,2.136400000000000000e+04
8.681812659458145731e-01,2.139600000000000000e+04
8.683027578666018265e-01,2.142200000000000000e+04
8.684242497873891908e-01,2.143700000000000000e+04
8.685457417081764442e-01,2.143800000000000000e+04
8.686672336289636975e-01,2.144000000000000000e+04
8.687887255497509509e-01,2.144200000000000000e+04
8.689102174705382042e-01,2.145600000000000000e+04
8.690317093913254576e-01,2.145900000000000000e+04
8.691532013121127109e-01,2.147700000000000000e+04
8.692746932328999643e-01,2.147800000000000000e+04
8.693961851536873287e-01,2.148100000000000000e+04
8.695176770744745820e-01,2.148400000000000000e+04
8.696391689952618353e-01,2.151500000000000000e+04
8.697606609160490887e-01,2.155700000000000000e+04
8.698821528368363420e-01,2.156200000000000000e+04
8.700036447576235954e-01,2.157600000000000000e+04
8.701251366784108487e-01,2.159800000000000000e+04
8.702466285991981021e-01,2.160800000000000000e+04
8.703681205199854665e-01,2.161200000000000000e+04
8.704896124407727198e-01,2.163000000000000000e+04
8.706111043615599732e-01,2.165200000000000000e+04
8.707325962823472265e-01,2.166200000000000000e+04
8.708540882031344799e-01,2.166300000000000000e+04
8.709755801239217332e-01,2.167300000000000000e+04
8.710970720447089866e-01,2.168000000000000000e+04
8.712185639654963509e-01,2.170700000000000000e+04
8.713400558862836043e-01,2.171300000000000000e+04
8.714615478070708576e-01,2.174300000000000000e+04
8.715830397278581110e-01,2.175600000000000000e+04
8.717045316486453643e-01,2.175900000000000000e+04
8.718260235694326177e-01,2.178800000000000000e+04
8.719475154902198710e-01,2.182900000000000000e+04
8.720690074110071244e-01,2.184500000000000000e+04
8.721904993317944887e-01,2.185200000000000000e+04
8.723119912525817421e-01,2.186600000000000000e+04
8.724334831733689954e-01,2.189100000000000000e+04
8.725549750941562488e-01,2.190100000000000000e+04
8.726764670149435021e-01,2.191200000000000000e+04
8.727979589357307555e-01,2.197200000000000000e+04
8.729194508565180088e-01,2.197700000000000000e+04
8.730409427773052622e-01,2.198000000000000000e+04
8.731624346980926266e-01,2.198100000000000000e+04
8.732839266188798799e-01,2.198800000000000000e+04
8.734054185396671333e-01,2.200000000000000000e+04
8.735269104604543866e-01,2.201700000000000000e+04
8.736484023812416400e-01,2.203800000000000000e+04
8.737698943020288933e-01,2.205800000000000000e+04
8.738913862228161467e-01,2.207400000000000000e+04
8.740128781436034000e-01,2.210000000000000000e+04
8.741343700643907644e-01,2.213200000000000000e+04
8.742558619851780177e-01,2.218200000000000000e+04
8.743773539059652711e-01,2.220100000000000000e+04
8.744988458267525244e-01,2.220600000000000000e+04
8.746203377475397778e-01,2.221300000000000000e+04
8.747418296683270311e-01,2.222300000000000000e+04
8.748633215891142845e-01,2.222500000000000000e+04
8.749848135099016488e-01,2.224200000000000000e+04
8.751063054306889022e-01,2.224800000000000000e+04
8.752277973514761555e-01,2.226900000000000000e+04
8.753492892722634089e-01,2.228400000000000000e+04
8.754707811930506622e-01,2.231400000000000000e+04
8.755922731138379156e-01,2.231700000000000000e+04
8.757137650346251689e-01,2.232400000000000000e+04
8.758352569554124223e-01,2.233300000000000000e+04
8.759567488761997867e-01,2.233900000000000000e+04
8.760782407969870400e-01,2.235800000000000000e+04
8.761997327177742934e-01,2.242500000000000000e+04
8.763212246385615467e-01,2.243700000000000000e+04
8.764427165593488001e-01,2.245400000000000000e+04
8.765642084801360534e-01,2.248800000000000000e+04
8.766857004009233068e-01,2.249000000000000000e+04
8.768071923217105601e-01,2.252100000000000000e+04
8.769286842424979245e-01,2.252700000000000000e+04
8.770501761632851778e-01,2.254000000000000000e+04
8.771716680840724312e-01,2.257400000000000000e+04
8.772931600048596845e-01,2.263000000000000000e+04
8.774146519256469379e-01,2.263800000000000000e+04
8.775361438464341912e-01,2.263800000000000000e+04
8.776576357672214446e-01,2.265400000000000000e+04
8.777791276880086979e-01,2.268000000000000000e+04
8.779006196087960623e-01,2.268200000000000000e+04
8.780221115295833156e-01,2.270700000000000000e+04
8.781436034503705690e-01,2.274100000000000000e+04
8.782650953711578223e-01,2.274700000000000000e+04
8.783865872919450757e-01,2.275400000000000000e+04
8.785080792127323290e-01,2.278100000000000000e+04
8.786295711335195824e-01,2.279000000000000000e+04
8.787510630543068357e-01,2.282100000000000000e+04
8.788725549750942001e-01,2.282800000000000000e+04
8.789940468958814535e-01,2.284500000000000000e+04
8.791155388166687068e-01,2.286600000000000000e+04
8.792370307374559601e-01,2.289600000000000000e+04
8.793585226582432135e-01,2.291300000000000000e+04
8.794800145790304668e-01,2.293300000000000000e+04
8.796015064998177202e-01,2.294200000000000000e+04
8.797229984206050846e-01,2.295200000000000000e+04
8.798444903413923379e-01,2.297500000000000000e+04
8.799659822621795913e-01,2.298800000000000000e+04
8.800874741829668446e-01,2.300300000000000000e+04
8.802089661037540980e-01,2.303400000000000000e+04
8.803304580245413513e-01,2.305400000000000000e+04
8.804519499453286047e-01,2.306400000000000000e+04
8.805734418661158580e-01,2.306900000000000000e+04
8.806949337869032224e-01,2.308800000000000000e+04
8.808164257076904757e-01,2.309100000000000000e+04
8.809379176284777291e-01,2.309200000000000000e+04
8.810594095492649824e-01,2.309400000000000000e+04
8.811809014700522358e-01,2.311500000000000000e+04
8.813023933908394891e-01,2.311800000000000000e+04
8.814238853116267425e-01,2.313100000000000000e+04
8.815453772324139958e-01,2.319000000000000000e+04
8.816668691532013602e-01,2.325700000000000000e+04
8.817883610739886135e-01,2.327000000000000000e+04
8.819098529947758669e-01,2.327500000000000000e+04
8.820313449155631202e-01,2.328300000000000000e+04
8.821528368363503736e-01,2.328800000000000000e+04
8.822743287571376269e-01,2.329700000000000000e+04
8.823958206779248803e-01,2.333200000000000000e+04
8.825173125987121336e-01,2.335200000000000000e+04
8.826388045194994980e-01,2.335600000000000000e+04
8.827602964402867514e-01,2.336100000000000000e+04
8.828817883610740047e-01,2.336900000000000000e+04
8.830032802818612581e-01,2.342700000000000000e+04
8.831247722026485114e-01,2.343300000000000000e+04
8.832462641234357648e-01,2.345800000000000000e+04
8.833677560442230181e-01,2.346000000000000000e+04
8.834892479650103825e-01,2.349900000000000000e+04
8.836107398857976358e-01,2.349900000000000000e+04
8.837322318065848892e-01,2.356100000000000000e+04
8.838537237273721425e-01,2.359900000000000000e+04
8.839752156481593959e-01,2.360400000000000000e+04
8.840967075689466492e-01,2.361800000000000000e+04
8.842181994897339026e-01,2.363000000000000000e+04
8.843396914105211559e-01,2.367900000000000000e+04
8.844611833313085203e-01,2.371100000000000000e+04
8.845826752520957736e-01,2.372900000000000000e+04
8.847041671728830270e-01,2.380300000000000000e+04
8.848256590936702803e-01,2.382500000000000000e+04
8.849471510144575337e-01,2.384700000000000000e+04
8.850686429352447870e-01,2.385300000000000000e+04
8.851901348560320404e-01,2.386400000000000000e+04
8.853116267768192937e-01,2.390400000000000000e+04
8.854331186976066581e-01,2.390500000000000000e+04
8.855546106183939115e-01,2.391200000000000000e+04
8.856761025391811648e-01,2.393900000000000000e+04
8.857975944599684182e-01,2.396300000000000000e+04
8.859190863807556715e-01,2.399800000000000000e+04
8.860405783015429249e-01,2.400500000000000000e+04
8.861620702223301782e-01,2.400900000000000000e+04
8.862835621431174316e-01,2.403700000000000000e+04
8.864050540639047959e-01,2.406800000000000000e+04
8.865265459846920493e-01,2.407300000000000000e+04
8.866480379054793026e-01,2.408700000000000000e+04
8.867695298262665560e-01,2.410400000000000000e+04
8.868910217470538093e-01,2.411200000000000000e+04
8.870125136678410627e-01,2.412700000000000000e+04
8.871340055886283160e-01,2.416500000000000000e+04
8.872554975094156804e-01,2.417100000000000000e+04
8.873769894302029337e-01,2.424100000000000000e+04
8.874984813509901871e-01,2.426000000000000000e+04
8.876199732717774404e-01,2.428100000000000000e+04
8.877414651925646938e-01,2.428600000000000000e+04
8.878629571133519471e-01,2.431300000000000000e+04
8.879844490341392005e-01,2.431500000000000000e+04
8.881059409549264538e-01,2.437700000000000000e+04
8.882274328757138182e-01,2.437800000000000000e+04
8.883489247965010716e-01,2.438600000000000000e+04
8.884704167172883249e-01,2.438700000000000000e+04
8.885919086380755783e-01,2.438900000000000000e+04
8.887134005588628316e-01,2.439000000000000000e+04
8.888348924796500850e-01,2.439200000000000000e+04
8.889563844004373383e-01,2.439300000000000000e+04
8.890778763212245916e-01,2.441200000000000000e+04
8.891993682420119560e-01,2.443000000000000000e+04
8.893208601627992094e-01,2.445400000000000000e+04
8.894423520835864627e-01,2.449500000000000000e+04
8.895638440043737161e-01,2.450500000000000000e+04
8.896853359251609694e-01,2.452000000000000000e+04
8.898068278459482228e-01,2.452100000000000000e+04
8.899283197667354761e-01,2.452200000000000000e+04
8.900498116875227295e-01,2.458500000000000000e+04
8.901713036083100938e-01,2.459100000000000000e+04
8.902927955290973472e-01,2.459700000000000000e+04
8.904142874498846005e-01,2.461100000000000000e+04
8.905357793706718539e-01,2.461200000000000000e+04
8.906572712914591072e-01,2.462000000000000000e+04
8.907787632122463606e-01,2.462100000000000000e+04
8.909002551330336139e-01,2.462700000000000000e+04
8.910217470538209783e-01,2.463400000000000000e+04
8.911432389746082317e-01,2.463500000000000000e+04
8.912647308953954850e-01,2.465500000000000000e+04
8.913862228161827383e-01,2.467000000000000000e+04
8.915077147369699917e-01,2.468100000000000000e+04
8.916292066577572450e-01,2.470500000000000000e+04
8.917506985785444984e-01,2.471700000000000000e+04
8.918721904993317517e-01,2.472200000000000000e+04
8.919936824201191161e-01,2.473600000000000000e+04
8.921151743409063695e-01,2.474200000000000000e+04
8.922366662616936228e-01,2.475700000000000000e+04
8.923581581824808762e-01,2.475700000000000000e+04
8.924796501032681295e-01,2.476900000000000000e+04
8.926011420240553829e-01,2.478700000000000000e+04
8.927226339448426362e-01,2.486200000000000000e+04
8.928441258656298896e-01,2.486500000000000000e+04
8.929656177864172539e-01,2.489000000000000000e+04
8.930871097072045073e-01,2.490100000000000000e+04
8.932086016279917606e-01,2.491000000000000000e+04
8.933300935487790140e-01,2.491200000000000000e+04
8.934515854695662673e-01,2.492600000000000000e+04
8.935730773903535207e-01,2.496400000000000000e+04
8.936945693111407740e-01,2.498400000000000000e+04
8.938160612319280274e-01,2.500100000000000000e+04
8.939375531527153917e-01,2.500600000000000000e+04
8.940590450735026451e-01,2.504500000000000000e+04
8.941805369942898984e-01,2.506600000000000000e+04
8.943020289150771518e-01,2.512700000000000000e+04
8.944235208358644051e-01,2.513400000000000000e+04
8.945450127566516585e-01,2.515800000000000000e+04
8.946665046774389118e-01,2.518700000000000000e+04
8.947879965982261652e-01,2.523500000000000000e+04
8.949094885190135296e-01,2.527000000000000000e+04
8.950309804398007829e-01,2.528900000000000000e+04
8.951524723605880363e-01,2.530300000000000000e+04
8.952739642813752896e-01,2.531600000000000000e+04
8.953954562021625430e-01,2.531700000000000000e+04
8.955169481229497963e-01,2.535400000000000000e+04
8.956384400437370497e-01,2.535700000000000000e+04
8.957599319645244140e-01,2.540900000000000000e+04
8.958814238853116674e-01,2.541500000000000000e+04
8.960029158060989207e-01,2.542700000000000000e+04
8.961244077268861741e-01,2.544900000000000000e+04
8.962458996476734274e-01,2.545600000000000000e+04
8.963673915684606808e-01,2.546600000000000000e+04
8.964888834892479341e-01,2.551200000000000000e+04
8.966103754100351875e-01,2.552100000000000000e+04
8.967318673308225518e-01,2.552200000000000000e+04
8.968533592516098052e-01,2.555800000000000000e+04
8.969748511723970585e-01,2.560300000000000000e+04
8.970963430931843119e-01,2.560900000000000000e+04
8.972178350139715652e-01,2.561500000000000000e+04
8.973393269347588186e-01,2.562900000000000000e+04
8.974608188555460719e-01,2.563600000000000000e+04
8.975823107763333253e-01,2.563800000000000000e+04
8.977038026971206897e-01,2.564800000000000000e+04
8.978252946179079430e-01,2.567200000000000000e+04
8.979467865386951964e-01,2.569600000000000000e+04
8.980682784594824497e-01,2.570300000000000000e+04
8.981897703802697031e-01,2.571400000000000000e+04
8.983112623010569564e-01,2.572300000000000000e+04
8.984327542218442098e-01,2.572500000000000000e+04
8.985542461426314631e-01,2.572700000000000000e+04
8.986757380634188275e-01,2.574600000000000000e+04
8.987972299842060808e-01,2.575300000000000000e+04
8.989187219049933342e-01,2.578200000000000000e+04
8.990402138257805875e-01,2.578200000000000000e+04
8.991617057465678409e-01,2.582700000000000000e+04
8.992831976673550942e-01,2.588500000000000000e+04
8.994046895881423476e-01,2.588800000000000000e+04
8.995261815089297119e-01,2.589100000000000000e+04
8.996476734297169653e-01,2.595200000000000000e+04
8.997691653505042186e-01,2.596400000000000000e+04
8.998906572712914720e-01,2.599300000000000000e+04
9.000121491920787253e-01,2.600300000000000000e+04
9.001336411128659787e-01,2.609000000000000000e+04
9.002551330336532320e-01,2.609900000000000000e+04
9.003766249544404854e-01,2.611500000000000000e+04
9.004981168752278498e-01,2.613900000000000000e+04
9.006196087960151031e-01,2.619200000000000000e+04
9.007411007168023565e-01,2.620500000000000000e+04
9.008625926375896098e-01,2.629000000000000000e+04
9.009840845583768631e-01,2.631100000000000000e+04
9.011055764791641165e-01,2.633400000000000000e+04
9.012270683999513698e-01,2.635000000000000000e+04
9.013485603207386232e-01,2.635000000000000000e+04
9.014700522415259876e-01,2.638600000000000000e+04
9.015915441623132409e-01,2.640600000000000000e+04
9.017130360831004943e-01,2.642600000000000000e+04
9.018345280038877476e-01,2.644000000000000000e+04
9.019560199246750010e-01,2.644600000000000000e+04
9.020775118454622543e-01,2.645300000000000000e+04
9.021990037662495077e-01,2.647300000000000000e+04
9.023204956870367610e-01,2.649400000000000000e+04
9.024419876078241254e-01,2.650100000000000000e+04
9.025634795286113787e-01,2.650100000000000000e+04
9.026849714493986321e-01,2.650600000000000000e+04
9.028064633701858854e-01,2.651100000000000000e+04
9.029279552909731388e-01,2.653100000000000000e+04
9.030494472117603921e-01,2.653300000000000000e+04
9.031709391325476455e-01,2.661100000000000000e+04
9.032924310533350098e-01,2.661700000000000000e+04
9.034139229741222632e-01,2.663500000000000000e+04
9.035354148949095165e-01,2.666500000000000000e+04
9.036569068156967699e-01,2.666700000000000000e+04
9.037783987364840232e-01,2.672900000000000000e+04
9.038998906572712766e-01,2.679000000000000000e+04
9.040213825780585299e-01,2.679800000000000000e+04
9.041428744988457833e-01,2.680200000000000000e+04
9.042643664196331477e-01,2.680700000000000000e+04
9.043858583404204010e-01,2.682300000000000000e+04
9.045073502612076544e-01,2.682800000000000000e+04
9.046288421819949077e-01,2.683300000000000000e+04
9.047503341027821611e-01,2.685500000000000000e+04
9.048718260235694144e-01,2.692500000000000000e+04
9.049933179443566678e-01,2.693200000000000000e+04
9.051148098651439211e-01,2.694500000000000000e+04
9.052363017859312855e-01,2.699400000000000000e+04
9.053577937067185388e-01,2.700300000000000000e+04
9.054792856275057922e-01,2.707900000000000000e+04
9.056007775482930455e-01,2.709000000000000000e+04
9.057222694690802989e-01,2.709500000000000000e+04
9.058437613898675522e-01,2.711800000000000000e+04
9.059652533106548056e-01,2.712400000000000000e+04
9.060867452314420589e-01,2.714300000000000000e+04
9.062082371522294233e-01,2.720700000000000000e+04
9.063297290730166766e-01,2.721300000000000000e+04
9.064512209938039300e-01,2.726000000000000000e+04
9.065727129145911833e-01,2.726400000000000000e+04
9.066942048353784367e-01,2.731500000000000000e+04
9.068156967561656900e-01,2.735800000000000000e+04
9.069371886769529434e-01,2.737800000000000000e+04
9.070586805977403078e-01,2.739500000000000000e+04
9.071801725185275611e-01,2.740800000000000000e+04
9.073016644393148145e-01,2.744600000000000000e+04
9.074231563601020678e-01,2.745500000000000000e+04
9.075446482808893212e-01,2.746700000000000000e+04
9.076661402016765745e-01,2.747100000000000000e+04
9.077876321224638279e-01,2.755100000000000000e+04
9.079091240432510812e-01,2.755600000000000000e+04
9.080306159640384456e-01,2.756800000000000000e+04
9.081521078848256989e-01,2.758100000000000000e+04
9.082735998056129523e-01,2.760400000000000000e+04
9.083950917264002056e-01,2.763000000000000000e+04
9.085165836471874590e-01,2.766100000000000000e+04
9.086380755679747123e-01,2.767000000000000000e+04
9.087595674887619657e-01,2.773600000000000000e+04
9.088810594095492190e-01,2.773900000000000000e+04
9.090025513303365834e-01,2.774900000000000000e+04
9.091240432511238367e-01,2.780200000000000000e+04
9.092455351719110901e-01,2.781100000000000000e+04
9.093670270926983434e-01,2.784200000000000000e+04
9.094885190134855968e-01,2.784900000000000000e+04
9.096100109342728501e-01,2.788000000000000000e+04
9.097315028550601035e-01,2.790200000000000000e+04
9.098529947758473568e-01,2.796400000000000000e+04
9.099744866966347212e-01,2.801700000000000000e+04
9.100959786174219746e-01,2.802800000000000000e+04
9.102174705382092279e-01,2.804300000000000000e+04
9.103389624589964813e-01,2.805200000000000000e+04
9.104604543797837346e-01,2.806500000000000000e+04
9.105819463005709880e-01,2.810000000000000000e+04
9.107034382213582413e-01,2.811500000000000000e+04
9.108249301421454946e-01,2.819700000000000000e+04
9.109464220629328590e-01,2.829000000000000000e+04
9.110679139837201124e-01,2.831700000000000000e+04
9.111894059045073657e-01,2.831700000000000000e+04
9.113108978252946191e-01,2.833800000000000000e+04
9.114323897460818724e-01,2.837400000000000000e+04
9.115538816668691258e-01,2.840800000000000000e+04
9.116753735876563791e-01,2.846300000000000000e+04
9.117968655084437435e-01,2.846500000000000000e+04
9.119183574292309968e-01,2.847800000000000000e+04
9.120398493500182502e-01,2.852100000000000000e+04
9.121613412708055035e-01,2.858800000000000000e+04
9.122828331915927569e-01,2.860000000000000000e+04
9.124043251123800102e-01,2.867700000000000000e+04
9.125258170331672636e-01,2.872000000000000000e+04
9.126473089539545169e-01,2.874300000000000000e+04
9.127688008747418813e-01,2.877000000000000000e+04
9.128902927955291347e-01,2.878600000000000000e+04
9.130117847163163880e-01,2.883100000000000000e+04
9.131332766371036413e-01,2.890200000000000000e+04
9.132547685578908947e-01,2.891100000000000000e+04
9.133762604786781480e-01,2.892300000000000000e+04
9.134977523994654014e-01,2.893900000000000000e+04
9.136192443202526547e-01,2.894600000000000000e+04
9.137407362410400191e-01,2.896100000000000000e+04
9.138622281618272725e-01,2.903200000000000000e+04
9.139837200826145258e-01,2.905000000000000000e+04
9.141052120034017792e-01,2.908300000000000000e+04
9.142267039241890325e-01,2.911100000000000000e+04
9.143481958449762859e-01,2.918300000000000000e+04
9.144696877657635392e-01,2.918800000000000000e+04
9.145911796865507926e-01,2.927400000000000000e+04
9.147126716073381569e-01,2.930400000000000000e+04
9.148341635281254103e-01,2.936200000000000000e+04
9.149556554489126636e-01,2.936500000000000000e+04
9.150771473696999170e-01,2.939500000000000000e+04
9.151986392904871703e-01,2.941800000000000000e+04
9.153201312112744237e-01,2.941800000000000000e+04
9.154416231320616770e-01,2.942000000000000000e+04
9.155631150528490414e-01,2.948400000000000000e+04
9.156846069736362947e-01,2.958200000000000000e+04
9.158060988944235481e-01,2.962200000000000000e+04
9.159275908152108014e-01,2.962600000000000000e+04
9.160490827359980548e-01,2.962600000000000000e+04
9.161705746567853081e-01,2.962900000000000000e+04
9.162920665775725615e-01,2.967800000000000000e+04
9.164135584983598148e-01,2.968000000000000000e+04
9.165350504191471792e-01,2.972000000000000000e+04
9.166565423399344326e-01,2.973100000000000000e+04
9.167780342607216859e-01,2.974000000000000000e+04
9.168995261815089393e-01,2.979400000000000000e+04
9.170210181022961926e-01,2.980100000000000000e+04
9.171425100230834460e-01,2.982400000000000000e+04
9.172640019438706993e-01,2.985900000000000000e+04
9.173854938646579527e-01,2.986700000000000000e+04
9.175069857854453170e-01,2.988200000000000000e+04
9.176284777062325704e-01,2.990000000000000000e+04
9.177499696270198237e-01,2.990400000000000000e+04
9.178714615478070771e-01,2.992400000000000000e+04
9.179929534685943304e-01,2.996100000000000000e+04
9.181144453893815838e-01,3.000600000000000000e+04
9.182359373101688371e-01,3.002100000000000000e+04
9.183574292309560905e-01,3.002700000000000000e+04
9.184789211517434548e-01,3.007600000000000000e+04
9.186004130725307082e-01,3.008000000000000000e+04
9.187219049933179615e-01,3.015300000000000000e+04
9.188433969141052149e-01,3.019400000000000000e+04
9.189648888348924682e-01,3.021000000000000000e+04
9.190863807556797216e-01,3.027000000000000000e+04
9.192078726764669749e-01,3.029400000000000000e+04
9.193293645972543393e-01,3.031100000000000000e+04
9.194508565180415927e-01,3.034600000000000000e+04
9.195723484388288460e-01,3.039900000000000000e+04
9.196938403596160994e-01,3.040900000000000000e+04
9.198153322804033527e-01,3.041100000000000000e+04
9.199368242011906061e-01,3.047900000000000000e+04
9.200583161219778594e-01,3.056800000000000000e+04
9.201798080427651128e-01,3.058600000000000000e+04
9.203012999635524771e-01,3.060700000000000000e+04
9.204227918843397305e-01,3.064800000000000000e+04
9.205442838051269838e-01,3.065400000000000000e+04
9.206657757259142372e-01,3.069000000000000000e+04
9.207872676467014905e-01,3.075000000000000000e+04
9.209087595674887439e-01,3.083800000000000000e+04
9.210302514882759972e-01,3.086500000000000000e+04
9.211517434090632506e-01,3.091800000000000000e+04
9.212732353298506149e-01,3.095100000000000000e+04
9.213947272506378683e-01,3.095500000000000000e+04
9.215162191714251216e-01,3.096000000000000000e+04
9.216377110922123750e-01,3.096700000000000000e+04
9.217592030129996283e-01,3.099800000000000000e+04
9.218806949337868817e-01,3.101400000000000000e+04
9.220021868545741350e-01,3.101900000000000000e+04
9.221236787753613884e-01,3.105400000000000000e+04
9.222451706961487528e-01,3.106100000000000000e+04
9.223666626169360061e-01,3.118600000000000000e+04
9.224881545377232595e-01,3.124400000000000000e+04
9.226096464585105128e-01,3.136300000000000000e+04
9.227311383792977661e-01,3.140300000000000000e+04
9.228526303000850195e-01,3.141500000000000000e+04
9.229741222208722728e-01,3.144600000000000000e+04
9.230956141416596372e-01,3.146600000000000000e+04
9.232171060624468906e-01,3.152800000000000000e+04
9.233385979832341439e-01,3.165300000000000000e+04
9.234600899040213973e-01,3.168400000000000000e+04
9.235815818248086506e-01,3.169300000000000000e+04
9.237030737455959040e-01,3.175400000000000000e+04
9.238245656663831573e-01,3.176800000000000000e+04
9.239460575871704107e-01,3.180400000000000000e+04
9.240675495079577750e-01,3.186300000000000000e+04
9.241890414287450284e-01,3.193300000000000000e+04
9.243105333495322817e-01,3.194000000000000000e+04
9.244320252703195351e-01,3.198000000000000000e+04
9.245535171911067884e-01,3.209500000000000000e+04
9.246750091118940418e-01,3.213800000000000000e+04
9.247965010326812951e-01,3.214800000000000000e+04
9.249179929534685485e-01,3.217100000000000000e+04
9.250394848742559128e-01,3.220100000000000000e+04
9.251609767950431662e-01,3.220900000000000000e+04
9.252824687158304195e-01,3.222200000000000000e+04
9.254039606366176729e-01,3.222800000000000000e+04
9.255254525574049262e-01,3.226000000000000000e+04
9.256469444781921796e-01,3.230300000000000000e+04
9.257684363989794329e-01,3.239000000000000000e+04
9.258899283197666863e-01,3.239500000000000000e+04
9.260114202405540507e-01,3.258900000000000000e+04
9.261329121613413040e-01,3.266900000000000000e+04
9.262544040821285574e-01,3.267800000000000000e+04
9.263758960029158107e-01,3.272900000000000000e+04
9.264973879237030641e-01,3.276100000000000000e+04
9.266188798444903174e-01,3.276900000000000000e+04
9.267403717652775708e-01,3.280100000000000000e+04
9.268618636860648241e-01,3.288400000000000000e+04
9.269833556068521885e-01,3.291300000000000000e+04
9.271048475276394418e-01,3.294600000000000000e+04
9.272263394484266952e-01,3.301300000000000000e+04
9.273478313692139485e-01,3.302000000000000000e+04
9.274693232900012019e-01,3.303500000000000000e+04
9.275908152107884552e-01,3.305800000000000000e+04
9.277123071315757086e-01,3.307400000000000000e+04
9.278337990523630729e-01,3.307600000000000000e+04
9.279552909731503263e-01,3.309000000000000000e+04
9.280767828939375796e-01,3.309200000000000000e+04
9.281982748147248330e-01,3.309200000000000000e+04
9.283197667355120863e-01,3.309700000000000000e+04
9.284412586562993397e-01,3.317800000000000000e+04
9.285627505770865930e-01,3.322600000000000000e+04
9.286842424978738464e-01,3.329900000000000000e+04
9.288057344186612108e-01,3.332000000000000000e+04
9.289272263394484641e-01,3.333900000000000000e+04
9.290487182602357175e-01,3.345400000000000000e+04
9.291702101810229708e-01,3.352000000000000000e+04
9.292917021018102242e-01,3.355300000000000000e+04
9.294131940225974775e-01,3.355500000000000000e+04
9.295346859433847309e-01,3.357200000000000000e+04
9.296561778641719842e-01,3.358900000000000000e+04
9.297776697849593486e-01,3.373700000000000000e+04
9.298991617057466019e-01,3.374700000000000000e+04
9.300206536265338553e-01,3.375300000000000000e+04
9.301421455473211086e-01,3.378400000000000000e+04
9.302636374681083620e-01,3.381500000000000000e+04
9.303851293888956153e-01,3.382900000000000000e+04
9.305066213096828687e-01,3.384500000000000000e+04
9.306281132304701220e-01,3.386000000000000000e+04
9.307496051512574864e-01,3.386600000000000000e+04
9.308710970720447397e-01,3.388800000000000000e+04
9.309925889928319931e-01,3.389600000000000000e+04
9.311140809136192464e-01,3.396100000000000000e+04
9.312355728344064998e-01,3.398000000000000000e+04
9.313570647551937531e-01,3.402600000000000000e+04
9.314785566759810065e-01,3.404700000000000000e+04
9.316000485967683709e-01,3.405500000000000000e+04
9.317215405175556242e-01,3.409300000000000000e+04
9.318430324383428776e-01,3.411400000000000000e+04
9.319645243591301309e-01,3.415500000000000000e+04
9.320860162799173843e-01,3.423400000000000000e+04
9.322075082007046376e-01,3.424300000000000000e+04
9.323290001214918910e-01,3.428700000000000000e+04
9.324504920422791443e-01,3.436000000000000000e+04
9.325719839630665087e-01,3.440300000000000000e+04
9.326934758838537620e-01,3.440900000000000000e+04
9.328149678046410154e-01,3.441300000000000000e+04
9.329364597254282687e-01,3.452500000000000000e+04
9.330579516462155221e-01,3.461300000000000000e+04
9.331794435670027754e-01,3.464900000000000000e+04
9.333009354877900288e-01,3.470300000000000000e+04
9.334224274085772821e-01,3.476400000000000000e+04
9.335439193293646465e-01,3.476600000000000000e+04
9.336654112501518998e-01,3.479700000000000000e+04
9.337869031709391532e-01,3.479800000000000000e+04
9.339083950917264065e-01,3.480100000000000000e+04
9.340298870125136599e-01,3.489800000000000000e+04
9.341513789333009132e-01,3.496800000000000000e+04
9.342728708540881666e-01,3.505100000000000000e+04
9.343943627748754199e-01,3.516000000000000000e+04
9.345158546956627843e-01,3.516100000000000000e+04
9.346373466164500377e-01,3.516700000000000000e+04
9.347588385372372910e-01,3.524600000000000000e+04
9.348803304580245443e-01,3.524700000000000000e+04
9.350018223788117977e-01,3.538100000000000000e+04
9.351233142995990510e-01,3.538200000000000000e+04
9.352448062203863044e-01,3.539200000000000000e+04
9.353662981411736688e-01,3.539600000000000000e+04
9.354877900619609221e-01,3.540700000000000000e+04
9.356092819827481755e-01,3.543200000000000000e+04
9.357307739035354288e-01,3.546800000000000000e+04
9.358522658243226822e-01,3.559600000000000000e+04
9.359737577451099355e-01,3.560400000000000000e+04
9.360952496658971889e-01,3.565300000000000000e+04
9.362167415866844422e-01,3.574600000000000000e+04
9.363382335074718066e-01,3.583600000000000000e+04
9.364597254282590599e-01,3.583900000000000000e+04
9.365812173490463133e-01,3.585500000000000000e+04
9.367027092698335666e-01,3.586000000000000000e+04
9.368242011906208200e-01,3.588400000000000000e+04
9.369456931114080733e-01,3.589200000000000000e+04
9.370671850321953267e-01,3.594700000000000000e+04
9.371886769529825800e-01,3.595800000000000000e+04
9.373101688737699444e-01,3.597400000000000000e+04
9.374316607945571977e-01,3.602500000000000000e+04
9.375531527153444511e-01,3.604700000000000000e+04
9.376746446361317044e-01,3.606900000000000000e+04
9.377961365569189578e-01,3.608300000000000000e+04
9.379176284777062111e-01,3.615700000000000000e+04
9.380391203984934645e-01,3.620600000000000000e+04
9.381606123192807178e-01,3.624200000000000000e+04
9.382821042400680822e-01,3.629800000000000000e+04
9.384035961608553356e-01,3.634800000000000000e+04
9.385250880816425889e-01,3.635700000000000000e+04
9.386465800024298423e-01,3.641200000000000000e+04
9.387680719232170956e-01,3.641200000000000000e+04
9.388895638440043490e-01,3.655800000000000000e+04
9.390110557647916023e-01,3.656000000000000000e+04
9.391325476855789667e-01,3.661000000000000000e+04
9.392540396063662200e-01,3.667700000000000000e+04
9.393755315271534734e-01,3.668700000000000000e+04
9.394970234479407267e-01,3.670200000000000000e+04
9.396185153687279801e-01,3.675200000000000000e+04
9.397400072895152334e-01,3.686000000000000000e+04
9.398614992103024868e-01,3.686800000000000000e+04
9.399829911310897401e-01,3.691600000000000000e+04
9.401044830518771045e-01,3.691900000000000000e+04
9.402259749726643578e-01,3.693300000000000000e+04
9.403474668934516112e-01,3.698500000000000000e+04
9.404689588142388645e-01,3.706900000000000000e+04
9.405904507350261179e-01,3.707800000000000000e+04
9.407119426558133712e-01,3.717500000000000000e+04
9.408334345766006246e-01,3.730500000000000000e+04
9.409549264973878779e-01,3.750200000000000000e+04
9.410764184181752423e-01,3.755200000000000000e+04
9.411979103389624957e-01,3.761500000000000000e+04
9.413194022597497490e-01,3.763100000000000000e+04
9.414408941805370024e-01,3.768100000000000000e+04
9.415623861013242557e-01,3.772800000000000000e+04
9.416838780221115091e-01,3.773200000000000000e+04
9.418053699428987624e-01,3.784600000000000000e+04
9.419268618636860158e-01,3.788200000000000000e+04
9.420483537844733801e-01,3.802100000000000000e+04
9.421698457052606335e-01,3.805200000000000000e+04
9.422913376260478868e-01,3.806600000000000000e+04
9.424128295468351402e-01,3.807000000000000000e+04
9.425343214676223935e-01,3.808700000000000000e+04
9.426558133884096469e-01,3.810900000000000000e+04
9.427773053091969002e-01,3.812200000000000000e+04
9.428987972299841536e-01,3.814900000000000000e+04
9.430202891507715179e-01,3.816400000000000000e+04
9.431417810715587713e-01,3.816600000000000000e+04
9.432632729923460246e-01,3.818900000000000000e+04
9.433847649131332780e-01,3.820800000000000000e+04
9.435062568339205313e-01,3.850900000000000000e+04
9.436277487547077847e-01,3.852200000000000000e+04
9.437492406754950380e-01,3.856900000000000000e+04
9.438707325962824024e-01,3.860700000000000000e+04
9.439922245170696558e-01,3.863000000000000000e+04
9.441137164378569091e-01,3.884500000000000000e+04
9.442352083586441625e-01,3.884800000000000000e+04
9.443567002794314158e-01,3.889000000000000000e+04
9.444781922002186692e-01,3.893500000000000000e+04
9.445996841210059225e-01,3.900300000000000000e+04
9.447211760417931758e-01,3.916300000000000000e+04
9.448426679625805402e-01,3.920200000000000000e+04
9.449641598833677936e-01,3.924200000000000000e+04
9.450856518041550469e-01,3.924500000000000000e+04
9.452071437249423003e-01,3.939000000000000000e+04
9.453286356457295536e-01,3.948000000000000000e+04
9.454501275665168070e-01,3.954600000000000000e+04
9.455716194873040603e-01,3.956900000000000000e+04
9.456931114080913137e-01,3.958900000000000000e+04
9.458146033288786780e-01,3.960700000000000000e+04
9.459360952496659314e-01,3.961400000000000000e+04
9.460575871704531847e-01,3.962800000000000000e+04
9.461790790912404381e-01,3.963700000000000000e+04
9.463005710120276914e-01,3.964700000000000000e+04
9.464220629328149448e-01,3.966300000000000000e+04
9.465435548536021981e-01,3.970700000000000000e+04
9.466650467743894515e-01,3.976900000000000000e+04
9.467865386951768158e-01,3.979200000000000000e+04
9.469080306159640692e-01,3.984700000000000000e+04
9.470295225367513225e-01,3.992700000000000000e+04
9.471510144575385759e-01,3.993200000000000000e+04
9.472725063783258292e-01,3.995300000000000000e+04
9.473939982991130826e-01,4.001500000000000000e+04
9.475154902199003359e-01,4.006500000000000000e+04
9.476369821406877003e-01,4.006600000000000000e+04
9.477584740614749537e-01,4.007500000000000000e+04
9.478799659822622070e-01,4.009100000000000000e+04
9.480014579030494604e-01,4.022500000000000000e+04
9.481229498238367137e-01,4.025600000000000000e+04
9.482444417446239671e-01,4.028400000000000000e+04
9.483659336654112204e-01,4.029500000000000000e+04
9.484874255861984738e-01,4.033500000000000000e+04
9.486089175069858381e-01,4.054100000000000000e+04
9.487304094277730915e-01,4.054200000000000000e+04
9.488519013485603448e-01,4.074300000000000000e+04
9.489733932693475982e-01,4.076300000000000000e+04
9.490948851901348515e-01,4.076700000000000000e+04
9.492163771109221049e-01,4.079800000000000000e+04
9.493378690317093582e-01,4.089600000000000000e+04
9.494593609524966116e-01,4.092300000000000000e+04
9.495808528732839759e-01,4.093600000000000000e+04
9.497023447940712293e-01,4.102200000000000000e+04
9.498238367148584826e-01,4.103100000000000000e+04
9.499453286356457360e-01,4.105600000000000000e+04
9.500668205564329893e-01,4.110500000000000000e+04
9.501883124772202427e-01,4.115000000000000000e+04
9.503098043980074960e-01,4.128900000000000000e+04
9.504312963187947494e-01,4.131500000000000000e+04
9.505527882395821138e-01,4.134200000000000000e+04
9.506742801603693671e-01,4.151400000000000000e+04
9.507957720811566205e-01,4.154500000000000000e+04
9.509172640019438738e-01,4.157400000000000000e+04
9.510387559227311272e-01,4.159500000000000000e+04
9.511602478435183805e-01,4.163300000000000000e+04
9.512817397643056339e-01,4.176700000000000000e+04
9.514032316850929982e-01,4.183900000000000000e+04
9.515247236058802516e-01,4.192500000000000000e+04
9.516462155266675049e-01,4.194200000000000000e+04
9.517677074474547583e-01,4.194800000000000000e+04
9.518891993682420116e-01,4.207000000000000000e+04
9.520106912890292650e-01,4.212400000000000000e+04
9.521321832098165183e-01,4.217300000000000000e+04
9.522536751306037717e-01,4.218900000000000000e+04
9.523751670513911360e-01,4.227400000000000000e+04
9.524966589721783894e-01,4.236400000000000000e+04
9.526181508929656427e-01,4.244800000000000000e+04
9.527396428137528961e-01,4.245000000000000000e+04
9.528611347345401494e-01,4.246500000000000000e+04
9.529826266553274028e-01,4.253700000000000000e+04
9.531041185761146561e-01,4.260000000000000000e+04
9.532256104969019095e-01,4.266100000000000000e+04
9.533471024176892739e-01,4.276500000000000000e+04
9.534685943384765272e-01,4.280300000000000000e+04
9.535900862592637806e-01,4.286600000000000000e+04
9.537115781800510339e-01,4.294400000000000000e+04
9.538330701008382873e-01,4.296200000000000000e+04
9.539545620216255406e-01,4.296800000000000000e+04
9.540760539424127940e-01,4.311200000000000000e+04
9.541975458632000473e-01,4.311300000000000000e+04
9.543190377839874117e-01,4.315100000000000000e+04
9.544405297047746650e-01,4.328900000000000000e+04
9.545620216255619184e-01,4.330700000000000000e+04
9.546835135463491717e-01,4.341400000000000000e+04
9.548050054671364251e-01,4.345300000000000000e+04
9.549264973879236784e-01,4.347400000000000000e+04
9.550479893087109318e-01,4.350200000000000000e+04
9.551694812294982961e-01,4.357800000000000000e+04
9.552909731502855495e-01,4.358100000000000000e+04
9.554124650710728028e-01,4.368200000000000000e+04
9.555339569918600562e-01,4.392800000000000000e+04
9.556554489126473095e-01,4.410200000000000000e+04
9.557769408334345629e-01,4.413100000000000000e+04
9.558984327542218162e-01,4.423300000000000000e+04
9.560199246750090696e-01,4.424300000000000000e+04
9.561414165957964340e-01,4.434200000000000000e+04
9.562629085165836873e-01,4.435800000000000000e+04
9.563844004373709407e-01,4.446900000000000000e+04
9.565058923581581940e-01,4.447200000000000000e+04
9.566273842789454473e-01,4.449400000000000000e+04
9.567488761997327007e-01,4.454400000000000000e+04
9.568703681205199540e-01,4.461400000000000000e+04
9.569918600413072074e-01,4.465100000000000000e+04
9.571133519620945718e-01,4.483200000000000000e+04
9.572348438828818251e-01,4.505900000000000000e+04
9.573563358036690785e-01,4.505900000000000000e+04
9.574778277244563318e-01,4.508700000000000000e+04
9.575993196452435852e-01,4.522500000000000000e+04
9.577208115660308385e-01,4.522600000000000000e+04
9.578423034868180919e-01,4.531700000000000000e+04
9.579637954076053452e-01,4.541400000000000000e+04
9.580852873283927096e-01,4.543900000000000000e+04
9.582067792491799629e-01,4.546000000000000000e+04
9.583282711699672163e-01,4.547900000000000000e+04
9.584497630907544696e-01,4.548300000000000000e+04
9.585712550115417230e-01,4.553900000000000000e+04
9.586927469323289763e-01,4.559600000000000000e+04
9.588142388531162297e-01,4.567800000000000000e+04
9.589357307739034830e-01,4.581900000000000000e+04
9.590572226946908474e-01,4.584700000000000000e+04
9.591787146154781007e-01,4.607900000000000000e+04
9.593002065362653541e-01,4.621700000000000000e+04
9.594216984570526074e-01,4.622800000000000000e+04
9.595431903778398608e-01,4.631100000000000000e+04
9.596646822986271141e-01,4.635400000000000000e+04
9.597861742194143675e-01,4.638000000000000000e+04
9.599076661402017319e-01,4.654500000000000000e+04
9.600291580609889852e-01,4.665600000000000000e+04
9.601506499817762386e-01,4.682700000000000000e+04
9.602721419025634919e-01,4.712900000000000000e+04
9.603936338233507453e-01,4.714100000000000000e+04
9.605151257441379986e-01,4.718800000000000000e+04
9.606366176649252520e-01,4.719100000000000000e+04
9.607581095857125053e-01,4.732600000000000000e+04
9.608796015064998697e-01,4.734600000000000000e+04
9.610010934272871230e-01,4.754000000000000000e+04
9.611225853480743764e-01,4.754400000000000000e+04
9.612440772688616297e-01,4.796900000000000000e+04
9.613655691896488831e-01,4.797000000000000000e+04
9.614870611104361364e-01,4.811100000000000000e+04
9.616085530312233898e-01,4.813500000000000000e+04
9.617300449520106431e-01,4.815400000000000000e+04
9.618515368727980075e-01,4.834700000000000000e+04
9.619730287935852608e-01,4.838400000000000000e+04
9.620945207143725142e-01,4.844200000000000000e+04
9.622160126351597675e-01,4.849200000000000000e+04
9.623375045559470209e-01,4.856900000000000000e+04
9.624589964767342742e-01,4.871100000000000000e+04
9.625804883975215276e-01,4.901100000000000000e+04
9.627019803183087809e-01,4.907000000000000000e+04
9.628234722390961453e-01,4.919500000000000000e+04
9.629449641598833987e-01,4.921600000000000000e+04
9.630664560806706520e-01,4.925400000000000000e+04
9.631879480014579054e-01,4.939900000000000000e+04
9.633094399222451587e-01,4.940400000000000000e+04
9.634309318430324121e-01,4.941200000000000000e+04
9.635524237638196654e-01,4.945500000000000000e+04
9.636739156846070298e-01,4.956300000000000000e+04
9.637954076053942831e-01,4.962100000000000000e+04
9.639168995261815365e-01,4.973100000000000000e+04
9.640383914469687898e-01,4.981900000000000000e+04
9.641598833677560432e-01,5.000300000000000000e+04
9.642813752885432965e-01,5.009100000000000000e+04
9.644028672093305499e-01,5.014100000000000000e+04
9.645243591301178032e-01,5.014500000000000000e+04
9.646458510509051676e-01,5.036800000000000000e+04
9.647673429716924209e-01,5.039500000000000000e+04
9.648888348924796743e-01,5.045900000000000000e+04
9.650103268132669276e-01,5.054100000000000000e+04
9.651318187340541810e-01,5.061900000000000000e+04
9.652533106548414343e-01,5.069000000000000000e+04
9.653748025756286877e-01,5.074800000000000000e+04
9.654962944964159410e-01,5.080600000000000000e+04
9.656177864172033054e-01,5.106700000000000000e+04
9.657392783379905588e-01,5.109800000000000000e+04
9.658607702587778121e-01,5.111500000000000000e+04
9.659822621795650655e-01,5.113500000000000000e+04
9.661037541003523188e-01,5.115000000000000000e+04
9.662252460211395722e-01,5.121400000000000000e+04
9.663467379419268255e-01,5.149700000000000000e+04
9.664682298627140788e-01,5.181400000000000000e+04
9.665897217835014432e-01,5.188200000000000000e+04
9.667112137042886966e-01,5.190900000000000000e+04
9.668327056250759499e-01,5.206300000000000000e+04
9.669541975458632033e-01,5.221100000000000000e+04
9.670756894666504566e-01,5.225100000000000000e+04
9.671971813874377100e-01,5.269300000000000000e+04
9.673186733082249633e-01,5.319000000000000000e+04
9.674401652290123277e-01,5.319600000000000000e+04
9.675616571497995810e-01,5.322700000000000000e+04
9.676831490705868344e-01,5.324400000000000000e+04
9.678046409913740877e-01,5.335800000000000000e+04
9.679261329121613411e-01,5.352700000000000000e+04
9.680476248329485944e-01,5.360900000000000000e+04
9.681691167537358478e-01,5.368100000000000000e+04
9.682906086745231011e-01,5.379600000000000000e+04
9.684121005953104655e-01,5.389200000000000000e+04
9.685335925160977188e-01,5.428200000000000000e+04
9.686550844368849722e-01,5.435300000000000000e+04
9.687765763576722255e-01,5.438700000000000000e+04
9.688980682784594789e-01,5.450100000000000000e+04
9.690195601992467322e-01,5.450500000000000000e+04
9.691410521200339856e-01,5.460000000000000000e+04
9.692625440408212389e-01,5.467000000000000000e+04
9.693840359616086033e-01,5.489500000000000000e+04
9.695055278823958567e-01,5.494100000000000000e+04
9.696270198031831100e-01,5.497000000000000000e+04
9.697485117239703634e-01,5.499700000000000000e+04
9.698700036447576167e-01,5.531500000000000000e+04
9.699914955655448701e-01,5.533900000000000000e+04
9.701129874863321234e-01,5.546600000000000000e+04
9.702344794071193768e-01,5.559600000000000000e+04
9.703559713279067411e-01,5.567900000000000000e+04
9.704774632486939945e-01,5.578600000000000000e+04
9.705989551694812478e-01,5.587700000000000000e+04
9.707204470902685012e-01,5.595200000000000000e+04
9.708419390110557545e-01,5.620900000000000000e+04
9.709634309318430079e-01,5.623000000000000000e+04
9.710849228526302612e-01,5.643100000000000000e+04
9.712064147734176256e-01,5.668900000000000000e+04
9.713279066942048789e-01,5.682700000000000000e+04
9.714493986149921323e-01,5.684000000000000000e+04
9.715708905357793856e-01,5.708600000000000000e+04
9.716923824565666390e-01,5.712100000000000000e+04
9.718138743773538923e-01,5.714900000000000000e+04
9.719353662981411457e-01,5.730400000000000000e+04
9.720568582189283990e-01,5.731900000000000000e+04
9.721783501397157634e-01,5.732100000000000000e+04
9.722998420605030168e-01,5.732200000000000000e+04
9.724213339812902701e-01,5.740000000000000000e+04
9.725428259020775235e-01,5.750500000000000000e+04
9.726643178228647768e-01,5.784200000000000000e+04
9.727858097436520302e-01,5.791300000000000000e+04
9.729073016644392835e-01,5.803600000000000000e+04
9.730287935852265369e-01,5.806300000000000000e+04
9.731502855060139012e-01,5.811600000000000000e+04
9.732717774268011546e-01,5.833400000000000000e+04
9.733932693475884079e-01,5.869200000000000000e+04
9.735147612683756613e-01,5.874600000000000000e+04
9.736362531891629146e-01,5.879300000000000000e+04
9.737577451099501680e-01,5.886800000000000000e+04
9.738792370307374213e-01,5.887500000000000000e+04
9.740007289515246747e-01,5.899900000000000000e+04
9.741222208723120390e-01,5.905900000000000000e+04
9.742437127930992924e-01,5.907700000000000000e+04
9.743652047138865457e-01,5.919500000000000000e+04
9.744866966346737991e-01,5.944900000000000000e+04
9.746081885554610524e-01,5.949400000000000000e+04
9.747296804762483058e-01,5.957200000000000000e+04
9.748511723970355591e-01,5.992300000000000000e+04
9.749726643178228125e-01,6.001200000000000000e+04
9.750941562386101769e-01,6.008700000000000000e+04
9.752156481593974302e-01,6.068500000000000000e+04
9.753371400801846836e-01,6.076000000000000000e+04
9.754586320009719369e-01,6.084800000000000000e+04
9.755801239217591903e-01,6.113000000000000000e+04
9.757016158425464436e-01,6.123900000000000000e+04
9.758231077633336970e-01,6.170100000000000000e+04
9.759445996841210613e-01,6.173200000000000000e+04
9.760660916049083147e-01,6.229700000000000000e+04
9.761875835256955680e-01,6.229800000000000000e+04
9.763090754464828214e-01,6.232500000000000000e+04
9.764305673672700747e-01,6.256400000000000000e+04
9.765520592880573281e-01,6.271500000000000000e+04
9.766735512088445814e-01,6.286300000000000000e+04
9.767950431296318348e-01,6.291900000000000000e+04
9.769165350504191991e-01,6.317000000000000000e+04
9.770380269712064525e-01,6.337500000000000000e+04
9.771595188919937058e-01,6.349000000000000000e+04
9.772810108127809592e-01,6.349100000000000000e+04
9.774025027335682125e-01,6.349600000000000000e+04
9.775239946543554659e-01,6.364700000000000000e+04
9.776454865751427192e-01,6.375700000000000000e+04
9.777669784959299726e-01,6.395200000000000000e+04
9.778884704167173370e-01,6.420200000000000000e+04
9.780099623375045903e-01,6.423000000000000000e+04
9.781314542582918437e-01,6.443200000000000000e+04
9.782529461790790970e-01,6.455000000000000000e+04
9.783744380998663503e-01,6.461700000000000000e+04
9.784959300206536037e-01,6.466300000000000000e+04
9.786174219414408570e-01,6.487300000000000000e+04
9.787389138622281104e-01,6.511800000000000000e+04
9.788604057830154748e-01,6.555200000000000000e+04
9.789818977038027281e-01,6.555900000000000000e+04
9.791033896245899815e-01,6.605300000000000000e+04
9.792248815453772348e-01,6.611500000000000000e+04
9.793463734661644882e-01,6.636800000000000000e+04
9.794678653869517415e-01,6.642200000000000000e+04
9.795893573077389949e-01,6.645100000000000000e+04
9.797108492285263592e-01,6.689300000000000000e+04
9.798323411493136126e-01,6.700400000000000000e+04
9.799538330701008659e-01,6.709700000000000000e+04
9.800753249908881193e-01,6.710000000000000000e+04
9.801968169116753726e-01,6.717900000000000000e+04
9.803183088324626260e-01,6.735200000000000000e+04
9.804398007532498793e-01,6.740800000000000000e+04
9.805612926740371327e-01,6.771800000000000000e+04
9.806827845948244970e-01,6.778800000000000000e+04
9.808042765156117504e-01,6.787500000000000000e+04
9.809257684363990037e-01,6.829800000000000000e+04
9.810472603571862571e-01,6.831300000000000000e+04
9.811687522779735104e-01,6.833400000000000000e+04
9.812902441987607638e-01,6.917100000000000000e+04
9.814117361195480171e-01,6.933500000000000000e+04
9.815332280403352705e-01,6.939400000000000000e+04
9.816547199611226349e-01,6.956700000000000000e+04
9.817762118819098882e-01,6.997000000000000000e+04
9.818977038026971416e-01,7.017200000000000000e+04
9.820191957234843949e-01,7.019500000000000000e+04
9.821406876442716483e-01,7.070200000000000000e+04
9.822621795650589016e-01,7.104400000000000000e+04
9.823836714858461550e-01,7.144000000000000000e+04
9.825051634066334083e-01,7.145600000000000000e+04
9.826266553274207727e-01,7.157800000000000000e+04
9.827481472482080260e-01,7.239400000000000000e+04
9.828696391689952794e-01,7.247800000000000000e+04
9.829911310897825327e-01,7.254500000000000000e+04
9.831126230105697861e-01,7.312700000000000000e+04
9.832341149313570394e-01,7.385400000000000000e+04
9.833556068521442928e-01,7.455100000000000000e+04
9.834770987729316571e-01,7.477000000000000000e+04
9.835985906937189105e-01,7.507900000000000000e+04
9.837200826145061638e-01,7.511600000000000000e+04
9.838415745352934172e-01,7.544600000000000000e+04
9.839630664560806705e-01,7.659000000000000000e+04
9.840845583768679239e-01,7.707200000000000000e+04
9.842060502976551772e-01,7.713700000000000000e+04
9.843275422184424306e-01,7.726600000000000000e+04
9.844490341392297950e-01,7.742600000000000000e+04
9.845705260600170483e-01,7.790000000000000000e+04
9.846920179808043017e-01,7.802100000000000000e+04
9.848135099015915550e-01,7.814000000000000000e+04
9.849350018223788084e-01,7.842700000000000000e+04
9.850564937431660617e-01,7.856700000000000000e+04
9.851779856639533151e-01,7.863600000000000000e+04
9.852994775847405684e-01,7.898300000000000000e+04
9.854209695055279328e-01,7.909600000000000000e+04
9.855424614263151861e-01,7.924600000000000000e+04
9.856639533471024395e-01,7.926800000000000000e+04
9.857854452678896928e-01,7.927400000000000000e+04
9.859069371886769462e-01,7.990000000000000000e+04
9.860284291094641995e-01,7.997600000000000000e+04
9.861499210302514529e-01,8.003700000000000000e+04
9.862714129510387062e-01,8.015000000000000000e+04
9.863929048718260706e-01,8.030800000000000000e+04
9.865143967926133239e-01,8.058400000000000000e+04
9.866358887134005773e-01,8.127600000000000000e+04
9.867573806341878306e-01,8.144200000000000000e+04
9.868788725549750840e-01,8.217100000000000000e+04
9.870003644757623373e-01,8.245200000000000000e+04
9.871218563965495907e-01,8.248300000000000000e+04
9.872433483173369551e-01,8.287800000000000000e+04
9.873648402381242084e-01,8.356400000000000000e+04
9.874863321589114618e-01,8.371900000000000000e+04
9.876078240796987151e-01,8.388100000000000000e+04
9.877293160004859685e-01,8.429300000000000000e+04
9.878508079212732218e-01,8.479100000000000000e+04
9.879722998420604752e-01,8.481500000000000000e+04
9.880937917628477285e-01,8.490600000000000000e+04
9.882152836836350929e-01,8.506300000000000000e+04
9.883367756044223462e-01,8.514400000000000000e+04
9.884582675252095996e-01,8.520200000000000000e+04
9.885797594459968529e-01,8.561100000000000000e+04
9.887012513667841063e-01,8.584700000000000000e+04
9.888227432875713596e-01,8.594400000000000000e+04
9.889442352083586130e-01,8.644000000000000000e+04
9.890657271291458663e-01,8.654300000000000000e+04
9.891872190499332307e-01,8.706100000000000000e+04
9.893087109707204840e-01,8.722600000000000000e+04
9.894302028915077374e-01,8.728400000000000000e+04
9.895516948122949907e-01,8.801400000000000000e+04
9.896731867330822441e-01,8.847900000000000000e+04
9.897946786538694974e-01,8.868100000000000000e+04
9.899161705746567508e-01,8.872500000000000000e+04
9.900376624954440041e-01,8.916500000000000000e+04
9.901591544162313685e-01,8.978200000000000000e+04
9.902806463370186218e-01,8.986300000000000000e+04
9.904021382578058752e-01,9.032400000000000000e+04
9.905236301785931285e-01,9.286400000000000000e+04
9.906451220993803819e-01,9.464200000000000000e+04
9.907666140201676352e-01,9.465600000000000000e+04
9.908881059409548886e-01,9.480200000000000000e+04
9.910095978617421419e-01,9.559300000000000000e+04
9.911310897825295063e-01,9.610700000000000000e+04
9.912525817033167597e-01,9.648900000000000000e+04
9.913740736241040130e-01,9.896400000000000000e+04
9.914955655448912664e-01,9.915600000000000000e+04
9.916170574656785197e-01,1.000390000000000000e+05
9.917385493864657731e-01,1.010400000000000000e+05
9.918600413072530264e-01,1.010530000000000000e+05
9.919815332280403908e-01,1.011810000000000000e+05
9.921030251488276441e-01,1.015270000000000000e+05
9.922245170696148975e-01,1.042100000000000000e+05
9.923460089904021508e-01,1.042430000000000000e+05
9.924675009111894042e-01,1.057500000000000000e+05
9.925889928319766575e-01,1.058380000000000000e+05
9.927104847527639109e-01,1.084800000000000000e+05
9.928319766735511642e-01,1.102000000000000000e+05
9.929534685943385286e-01,1.102720000000000000e+05
9.930749605151257819e-01,1.111180000000000000e+05
9.931964524359130353e-01,1.153340000000000000e+05
9.933179443567002886e-01,1.153610000000000000e+05
9.934394362774875420e-01,1.156100000000000000e+05
9.935609281982747953e-01,1.166780000000000000e+05
9.936824201190620487e-01,1.184920000000000000e+05
9.938039120398493020e-01,1.207270000000000000e+05
9.939254039606366664e-01,1.230900000000000000e+05
9.940468958814239198e-01,1.232380000000000000e+05
9.941683878022111731e-01,1.246920000000000000e+05
9.942898797229984265e-01,1.251790000000000000e+05
9.944113716437856798e-01,1.253060000000000000e+05
9.945328635645729332e-01,1.262080000000000000e+05
9.946543554853601865e-01,1.267860000000000000e+05
9.947758474061474399e-01,1.302680000000000000e+05
9.948973393269348042e-01,1.305750000000000000e+05
9.950188312477220576e-01,1.312360000000000000e+05
9.951403231685093109e-01,1.314620000000000000e+05
9.952618150892965643e-01,1.319550000000000000e+05
9.953833070100838176e-01,1.330320000000000000e+05
9.955047989308710710e-01,1.331870000000000000e+05
9.956262908516583243e-01,1.343940000000000000e+05
9.957477827724456887e-01,1.345920000000000000e+05
9.958692746932329420e-01,1.355520000000000000e+05
9.959907666140201954e-01,1.392050000000000000e+05
9.961122585348074487e-01,1.401370000000000000e+05
9.962337504555947021e-01,1.422170000000000000e+05
9.963552423763819554e-01,1.441560000000000000e+05
9.964767342971692088e-01,1.478830000000000000e+05
9.965982262179564621e-01,1.489910000000000000e+05
9.967197181387438265e-01,1.496640000000000000e+05
9.968412100595310799e-01,1.499270000000000000e+05
9.969627019803183332e-01,1.517620000000000000e+05
9.970841939011055866e-01,1.549020000000000000e+05
9.972056858218928399e-01,1.591320000000000000e+05
9.973271777426800933e-01,1.593910000000000000e+05
9.974486696634673466e-01,1.599210000000000000e+05
9.975701615842546000e-01,1.610730000000000000e+05
9.976916535050419643e-01,1.754360000000000000e+05
9.978131454258292177e-01,1.781710000000000000e+05
9.979346373466164710e-01,1.791650000000000000e+05
9.980561292674037244e-01,1.813350000000000000e+05
9.981776211881909777e-01,1.886580000000000000e+05
9.982991131089782311e-01,2.037460000000000000e+05
9.984206050297654844e-01,2.075610000000000000e+05
9.985420969505527378e-01,2.136290000000000000e+05
9.986635888713401021e-01,2.156730000000000000e+05
9.987850807921273555e-01,2.168750000000000000e+05
9.989065727129146088e-01,2.279700000000000000e+05
9.990280646337018622e-01,2.299530000000000000e+05
9.991495565544891155e-01,2.304330000000000000e+05
9.992710484752763689e-01,2.374950000000000000e+05
9.993925403960636222e-01,2.558450000000000000e+05
9.995140323168509866e-01,3.048550000000000000e+05
9.996355242376382400e-01,3.207190000000000000e+05
9.997570161584254933e-01,3.312120000000000000e+05
9.998785080792127467e-01,4.234750000000000000e+05
1.000000000000000000e+00,5.115350000000000000e+05
