0.000000000000000000e+00,3.400000000000000000e+01
4.171881518564872688e-04,2.770000000000000000e+02
8.343763037129745376e-04,3.340000000000000000e+02
1.251564455569461861e-03,9.030000000000000000e+02
1.668752607425949075e-03,2.474000000000000000e+03
2.085940759282436507e-03,2.636000000000000000e+03
2.503128911138923721e-03,3.712000000000000000e+03
2.920317062995410936e-03,3.910000000000000000e+03
3.337505214851898151e-03,4.307000000000000000e+03
3.754693366708385365e-03,4.353000000000000000e+03
4.171881518564873013e-03,4.491000000000000000e+03
4.589069670421360228e-03,5.277000000000000000e+03
5.006257822277847443e-03,5.815000000000000000e+03
5.423445974134334657e-03,6.279000000000000000e+03
5.840634125990821872e-03,6.354000000000000000e+03
6.257822277847309086e-03,6.409000000000000000e+03
6.675010429703796301e-03,7.056000000000000000e+03
7.092198581560283516e-03,7.084000000000000000e+03
7.509386733416770730e-03,7.137000000000000000e+03
7.926574885273257945e-03,7.270000000000000000e+03
8.343763037129746027e-03,7.613000000000000000e+03
8.760951188986232374e-03,7.854000000000000000e+03
9.178139340842720456e-03,8.231000000000000000e+03
9.595327492699206803e-03,8.326000000000000000e+03
1.001251564455569489e-02,8.765000000000000000e+03
1.042970379641218123e-02,9.214000000000000000e+03
1.084689194826866931e-02,9.323000000000000000e+03
1.126408010012515566e-02,9.484000000000000000e+03
1.168126825198164374e-02,1.016300000000000000e+04
1.209845640383813009e-02,1.030800000000000000e+04
1.251564455569461817e-02,1.043700000000000000e+04
1.293283270755110452e-02,1.097000000000000000e+04
1.335002085940759260e-02,1.101600000000000000e+04
1.376720901126408068e-02,1.204100000000000000e+04
1.418439716312056703e-02,1.224700000000000000e+04
1.460158531497705511e-02,1.248400000000000000e+04
1.501877346683354146e-02,1.304000000000000000e+04
1.543596161869002954e-02,1.384500000000000000e+04
1.585314977054651589e-02,1.394300000000000000e+04
1.627033792240300397e-02,1.416800000000000000e+04
1.668752607425949205e-02,1.451900000000000000e+04
1.710471422611597667e-02,1.452300000000000000e+04
1.752190237797246475e-02,1.461700000000000000e+04
1.793909052982895283e-02,1.480900000000000000e+04
1.835627868168544091e-02,1.493700000000000000e+04
1.877346683354192552e-02,1.509000000000000000e+04
1.919065498539841361e-02,1.543600000000000000e+04
1.960784313725490169e-02,1.546100000000000000e+04
2.002503128911138977e-02,1.568900000000000000e+04
2.044221944096787785e-02,1.605800000000000000e+04
2.085940759282436247e-02,1.606700000000000000e+04
2.127659574468085055e-02,1.617000000000000000e+04
2.169378389653733863e-02,1.624700000000000000e+04
2.211097204839382671e-02,1.641600000000000000e+04
2.252816020025031132e-02,1.677800000000000000e+04
2.294534835210679941e-02,1.706900000000000000e+04
2.336253650396328749e-02,1.747800000000000000e+04
2.377972465581977557e-02,1.751100000000000000e+04
2.419691280767626018e-02,1.776300000000000000e+04
2.461410095953274826e-02,1.797600000000000000e+04
2.503128911138923635e-02,1.822600000000000000e+04
2.544847726324572443e-02,1.881600000000000000e+04
2.586566541510220904e-02,1.900900000000000000e+04
2.628285356695869712e-02,1.945100000000000000e+04
2.670004171881518520e-02,1.975200000000000000e+04
2.711722987067167329e-02,1.987100000000000000e+04
2.753441802252816137e-02,1.993400000000000000e+04
2.795160617438464598e-02,2.027100000000000000e+04
2.836879432624113406e-02,2.027700000000000000e+04
2.878598247809762214e-02,2.044200000000000000e+04
2.920317062995411023e-02,2.048700000000000000e+04
2.962035878181059484e-02,2.067800000000000000e+04
3.003754693366708292e-02,2.110900000000000000e+04
3.045473508552357100e-02,2.123900000000000000e+04
3.087192323738005909e-02,2.139900000000000000e+04
3.128911138923654717e-02,2.172600000000000000e+04
3.170629954109303178e-02,2.193800000000000000e+04
3.212348769294951639e-02,2.237400000000000000e+04
3.254067584480600794e-02,2.240500000000000000e+04
3.295786399666249256e-02,2.271100000000000000e+04
3.337505214851898411e-02,2.307600000000000000e+04
3.379224030037546872e-02,2.343200000000000000e+04
3.420942845223195333e-02,2.421500000000000000e+04
3.462661660408844488e-02,2.494300000000000000e+04
3.504380475594492950e-02,2.503900000000000000e+04
3.546099290780142105e-02,2.513300000000000000e+04
3.587818105965790566e-02,2.580100000000000000e+04
3.629536921151439027e-02,2.595600000000000000e+04
3.671255736337088182e-02,2.654900000000000000e+04
3.712974551522736644e-02,2.811400000000000000e+04
3.754693366708385105e-02,2.925000000000000000e+04
3.796412181894034260e-02,2.991300000000000000e+04
3.838130997079682721e-02,2.992200000000000000e+04
3.879849812265331876e-02,3.018500000000000000e+04
3.921568627450980338e-02,3.018700000000000000e+04
3.963287442636628799e-02,3.026900000000000000e+04
4.005006257822277954e-02,3.044600000000000000e+04
4.046725073007926415e-02,3.056300000000000000e+04
4.088443888193575571e-02,3.126400000000000000e+04
4.130162703379224032e-02,3.157200000000000000e+04
4.171881518564872493e-02,3.168400000000000000e+04
4.213600333750521648e-02,3.176700000000000000e+04
4.255319148936170109e-02,3.222400000000000000e+04
4.297037964121818571e-02,3.293900000000000000e+04
4.338756779307467726e-02,3.304000000000000000e+04
4.380475594493116187e-02,3.351100000000000000e+04
4.422194409678765342e-02,3.447600000000000000e+04
4.463913224864413803e-02,3.489800000000000000e+04
4.505632040050062265e-02,3.492000000000000000e+04
4.547350855235711420e-02,3.546500000000000000e+04
4.589069670421359881e-02,3.556400000000000000e+04
4.630788485607008342e-02,3.615000000000000000e+04
4.672507300792657498e-02,3.630600000000000000e+04
4.714226115978305959e-02,3.635200000000000000e+04
4.755944931163955114e-02,3.686100000000000000e+04
4.797663746349603575e-02,3.692000000000000000e+04
4.839382561535252036e-02,3.703800000000000000e+04
4.881101376720901192e-02,3.749100000000000000e+04
4.922820191906549653e-02,3.782400000000000000e+04
4.964539007092198808e-02,3.837900000000000000e+04
5.006257822277847269e-02,3.857400000000000000e+04
5.047976637463495730e-02,3.880800000000000000e+04
5.089695452649144886e-02,3.937200000000000000e+04
5.131414267834793347e-02,4.004600000000000000e+04
5.173133083020441808e-02,4.016500000000000000e+04
5.214851898206090963e-02,4.021000000000000000e+04
5.256570713391739424e-02,4.024100000000000000e+04
5.298289528577388580e-02,4.095200000000000000e+04
5.340008343763037041e-02,4.111700000000000000e+04
5.381727158948685502e-02,4.158900000000000000e+04
5.423445974134334657e-02,4.181000000000000000e+04
5.465164789319983119e-02,4.190400000000000000e+04
5.506883604505632274e-02,4.194400000000000000e+04
5.548602419691280735e-02,4.271000000000000000e+04
5.590321234876929196e-02,4.301200000000000000e+04
5.632040050062578351e-02,4.338100000000000000e+04
5.673758865248226813e-02,4.346900000000000000e+04
5.715477680433875274e-02,4.363600000000000000e+04
5.757196495619524429e-02,4.407800000000000000e+04
5.798915310805172890e-02,4.440700000000000000e+04
5.840634125990822045e-02,4.479500000000000000e+04
5.882352941176470507e-02,4.485500000000000000e+04
5.924071756362118968e-02,4.550500000000000000e+04
5.965790571547768123e-02,4.597500000000000000e+04
6.007509386733416584e-02,4.612800000000000000e+04
6.049228201919065739e-02,4.617800000000000000e+04
6.090947017104714201e-02,4.752700000000000000e+04
6.132665832290362662e-02,4.790900000000000000e+04
6.174384647476011817e-02,4.811400000000000000e+04
6.216103462661660278e-02,4.827700000000000000e+04
6.257822277847309433e-02,4.828700000000000000e+04
6.299541093032957895e-02,4.967800000000000000e+04
6.341259908218606356e-02,5.032500000000000000e+04
6.382978723404254817e-02,5.105500000000000000e+04
6.424697538589903278e-02,5.120200000000000000e+04
6.466416353775553127e-02,5.296900000000000000e+04
6.508135168961201589e-02,5.395900000000000000e+04
6.549853984146850050e-02,5.428300000000000000e+04
6.591572799332498511e-02,5.436900000000000000e+04
6.633291614518146972e-02,5.449300000000000000e+04
6.675010429703796822e-02,5.500300000000000000e+04
6.716729244889445283e-02,5.513800000000000000e+04
6.758448060075093744e-02,5.514200000000000000e+04
6.800166875260742205e-02,5.548500000000000000e+04
6.841885690446390667e-02,5.588300000000000000e+04
6.883604505632040516e-02,5.618900000000000000e+04
6.925323320817688977e-02,5.647100000000000000e+04
6.967042136003337438e-02,5.730000000000000000e+04
7.008760951188985899e-02,5.769500000000000000e+04
7.050479766374634361e-02,5.781300000000000000e+04
7.092198581560284210e-02,5.822900000000000000e+04
7.133917396745932671e-02,5.833300000000000000e+04
7.175636211931581132e-02,5.863200000000000000e+04
7.217355027117229593e-02,5.896000000000000000e+04
7.259073842302878055e-02,5.896800000000000000e+04
7.300792657488526516e-02,5.896900000000000000e+04
7.342511472674176365e-02,5.897200000000000000e+04
7.384230287859824826e-02,5.915300000000000000e+04
7.425949103045473287e-02,5.929700000000000000e+04
7.467667918231121749e-02,5.981700000000000000e+04
7.509386733416770210e-02,6.059200000000000000e+04
7.551105548602420059e-02,6.133500000000000000e+04
7.592824363788068520e-02,6.168100000000000000e+04
7.634543178973716981e-02,6.200100000000000000e+04
7.676261994159365443e-02,6.268100000000000000e+04
7.717980809345013904e-02,6.335800000000000000e+04
7.759699624530663753e-02,6.358800000000000000e+04
7.801418439716312214e-02,6.481300000000000000e+04
7.843137254901960675e-02,6.559300000000000000e+04
7.884856070087609137e-02,6.574000000000000000e+04
7.926574885273257598e-02,6.629500000000000000e+04
7.968293700458907447e-02,6.641800000000000000e+04
8.010012515644555908e-02,6.664400000000000000e+04
8.051731330830204370e-02,6.741100000000000000e+04
8.093450146015852831e-02,6.839300000000000000e+04
8.135168961201501292e-02,6.968900000000000000e+04
8.176887776387151141e-02,6.993200000000000000e+04
8.218606591572799602e-02,7.040800000000000000e+04
8.260325406758448064e-02,7.137800000000000000e+04
8.302044221944096525e-02,7.139400000000000000e+04
8.343763037129744986e-02,7.143200000000000000e+04
8.385481852315393447e-02,7.217500000000000000e+04
8.427200667501043296e-02,7.221900000000000000e+04
8.468919482686691758e-02,7.231300000000000000e+04
8.510638297872340219e-02,7.253300000000000000e+04
8.552357113057988680e-02,7.273000000000000000e+04
8.594075928243637141e-02,7.303400000000000000e+04
8.635794743429286990e-02,7.312000000000000000e+04
8.677513558614935452e-02,7.335900000000000000e+04
8.719232373800583913e-02,7.396000000000000000e+04
8.760951188986232374e-02,7.400400000000000000e+04
8.802670004171880835e-02,7.408300000000000000e+04
8.844388819357530684e-02,7.454200000000000000e+04
8.886107634543179146e-02,7.649000000000000000e+04
8.927826449728827607e-02,7.651200000000000000e+04
8.969545264914476068e-02,7.724300000000000000e+04
9.011264080100124529e-02,7.774400000000000000e+04
9.052982895285774378e-02,7.827000000000000000e+04
9.094701710471422840e-02,7.847800000000000000e+04
9.136420525657071301e-02,7.849900000000000000e+04
9.178139340842719762e-02,7.874500000000000000e+04
9.219858156028368223e-02,7.928800000000000000e+04
9.261576971214016685e-02,7.931800000000000000e+04
9.303295786399666534e-02,7.996000000000000000e+04
9.345014601585314995e-02,8.030100000000000000e+04
9.386733416770963456e-02,8.078900000000000000e+04
9.428452231956611918e-02,8.153800000000000000e+04
9.470171047142260379e-02,8.188200000000000000e+04
9.511889862327910228e-02,8.279900000000000000e+04
9.553608677513558689e-02,8.287400000000000000e+04
9.595327492699207150e-02,8.324600000000000000e+04
9.637046307884855612e-02,8.356900000000000000e+04
9.678765123070504073e-02,8.435100000000000000e+04
9.720483938256153922e-02,8.496200000000000000e+04
9.762202753441802383e-02,8.496300000000000000e+04
9.803921568627450844e-02,8.575600000000000000e+04
9.845640383813099306e-02,8.611900000000000000e+04
9.887359198998747767e-02,8.650200000000000000e+04
9.929078014184397616e-02,8.653200000000000000e+04
9.970796829370046077e-02,8.711800000000000000e+04
1.001251564455569454e-01,8.747600000000000000e+04
1.005423445974134300e-01,8.748800000000000000e+04
1.009595327492699146e-01,8.796900000000000000e+04
1.013767209011264131e-01,8.827600000000000000e+04
1.017939090529828977e-01,8.869700000000000000e+04
1.022110972048393823e-01,8.872800000000000000e+04
1.026282853566958669e-01,8.885400000000000000e+04
1.030454735085523515e-01,8.921000000000000000e+04
1.034626616604088362e-01,8.940000000000000000e+04
1.038798498122653347e-01,9.079500000000000000e+04
1.042970379641218193e-01,9.104300000000000000e+04
1.047142261159783039e-01,9.197700000000000000e+04
1.051314142678347885e-01,9.324900000000000000e+04
1.055486024196912731e-01,9.326100000000000000e+04
1.059657905715477716e-01,9.402600000000000000e+04
1.063829787234042562e-01,9.693400000000000000e+04
1.068001668752607408e-01,9.699900000000000000e+04
1.072173550271172254e-01,9.718300000000000000e+04
1.076345431789737100e-01,9.726300000000000000e+04
1.080517313308302085e-01,1.000390000000000000e+05
1.084689194826866931e-01,1.000670000000000000e+05
1.088861076345431778e-01,1.012370000000000000e+05
1.093032957863996624e-01,1.026490000000000000e+05
1.097204839382561470e-01,1.026940000000000000e+05
1.101376720901126455e-01,1.028920000000000000e+05
1.105548602419691301e-01,1.029400000000000000e+05
1.109720483938256147e-01,1.029780000000000000e+05
1.113892365456820993e-01,1.041290000000000000e+05
1.118064246975385839e-01,1.042040000000000000e+05
1.122236128493950685e-01,1.042130000000000000e+05
1.126408010012515670e-01,1.042500000000000000e+05
1.130579891531080516e-01,1.046440000000000000e+05
1.134751773049645363e-01,1.053860000000000000e+05
1.138923654568210209e-01,1.056800000000000000e+05
1.143095536086775055e-01,1.057510000000000000e+05
1.147267417605340040e-01,1.060530000000000000e+05
1.151439299123904886e-01,1.062130000000000000e+05
1.155611180642469732e-01,1.062990000000000000e+05
1.159783062161034578e-01,1.064410000000000000e+05
1.163954943679599424e-01,1.069450000000000000e+05
1.168126825198164409e-01,1.071420000000000000e+05
1.172298706716729255e-01,1.072930000000000000e+05
1.176470588235294101e-01,1.073730000000000000e+05
1.180642469753858947e-01,1.081100000000000000e+05
1.184814351272423794e-01,1.085130000000000000e+05
1.188986232790988778e-01,1.087080000000000000e+05
1.193158114309553625e-01,1.089910000000000000e+05
1.197329995828118471e-01,1.096420000000000000e+05
1.201501877346683317e-01,1.098130000000000000e+05
1.205673758865248163e-01,1.101030000000000000e+05
1.209845640383813148e-01,1.101220000000000000e+05
1.214017521902377994e-01,1.102290000000000000e+05
1.218189403420942840e-01,1.105300000000000000e+05
1.222361284939507686e-01,1.108960000000000000e+05
1.226533166458072532e-01,1.110170000000000000e+05
1.230705047976637379e-01,1.113780000000000000e+05
1.234876929495202363e-01,1.115000000000000000e+05
1.239048811013767210e-01,1.118550000000000000e+05
1.243220692532332056e-01,1.122980000000000000e+05
1.247392574050896902e-01,1.125500000000000000e+05
1.251564455569461887e-01,1.128430000000000000e+05
1.255736337088026733e-01,1.130180000000000000e+05
1.259908218606591579e-01,1.137490000000000000e+05
1.264080100125156425e-01,1.142710000000000000e+05
1.268251981643721271e-01,1.160620000000000000e+05
1.272423863162286117e-01,1.161470000000000000e+05
1.276595744680850963e-01,1.161540000000000000e+05
1.280767626199415810e-01,1.164470000000000000e+05
1.284939507717980656e-01,1.173960000000000000e+05
1.289111389236545779e-01,1.174280000000000000e+05
1.293283270755110625e-01,1.174350000000000000e+05
1.297455152273675472e-01,1.178710000000000000e+05
1.301627033792240318e-01,1.185230000000000000e+05
1.305798915310805164e-01,1.197540000000000000e+05
1.309970796829370010e-01,1.197840000000000000e+05
1.314142678347934856e-01,1.201510000000000000e+05
1.318314559866499702e-01,1.201730000000000000e+05
1.322486441385064548e-01,1.203270000000000000e+05
1.326658322903629394e-01,1.209760000000000000e+05
1.330830204422194518e-01,1.215430000000000000e+05
1.335002085940759364e-01,1.217010000000000000e+05
1.339173967459324210e-01,1.223620000000000000e+05
1.343345848977889057e-01,1.242420000000000000e+05
1.347517730496453903e-01,1.246070000000000000e+05
1.351689612015018749e-01,1.250710000000000000e+05
1.355861493533583595e-01,1.263850000000000000e+05
1.360033375052148441e-01,1.265760000000000000e+05
1.364205256570713287e-01,1.271320000000000000e+05
1.368377138089278133e-01,1.275520000000000000e+05
1.372549019607842979e-01,1.282120000000000000e+05
1.376720901126408103e-01,1.283770000000000000e+05
1.380892782644972949e-01,1.287370000000000000e+05
1.385064664163537795e-01,1.294570000000000000e+05
1.389236545682102641e-01,1.299430000000000000e+05
1.393408427200667488e-01,1.309730000000000000e+05
1.397580308719232334e-01,1.311180000000000000e+05
1.401752190237797180e-01,1.320820000000000000e+05
1.405924071756362026e-01,1.323480000000000000e+05
1.410095953274926872e-01,1.325050000000000000e+05
1.414267834793491718e-01,1.326870000000000000e+05
1.418439716312056842e-01,1.326990000000000000e+05
1.422611597830621688e-01,1.329350000000000000e+05
1.426783479349186534e-01,1.335430000000000000e+05
1.430955360867751380e-01,1.335670000000000000e+05
1.435127242386316226e-01,1.343170000000000000e+05
1.439299123904881073e-01,1.346120000000000000e+05
1.443471005423445919e-01,1.346980000000000000e+05
1.447642886942010765e-01,1.349850000000000000e+05
1.451814768460575611e-01,1.351660000000000000e+05
1.455986649979140457e-01,1.356800000000000000e+05
1.460158531497705303e-01,1.358600000000000000e+05
1.464330413016270427e-01,1.360520000000000000e+05
1.468502294534835273e-01,1.363930000000000000e+05
1.472674176053400119e-01,1.381750000000000000e+05
1.476846057571964965e-01,1.390740000000000000e+05
1.481017939090529811e-01,1.401400000000000000e+05
1.485189820609094657e-01,1.402380000000000000e+05
1.489361702127659504e-01,1.402810000000000000e+05
1.493533583646224350e-01,1.415860000000000000e+05
1.497705465164789196e-01,1.420370000000000000e+05
1.501877346683354042e-01,1.421560000000000000e+05
1.506049228201919166e-01,1.426360000000000000e+05
1.510221109720484012e-01,1.426780000000000000e+05
1.514392991239048858e-01,1.429490000000000000e+05
1.518564872757613704e-01,1.439980000000000000e+05
1.522736754276178550e-01,1.445270000000000000e+05
1.526908635794743396e-01,1.456180000000000000e+05
1.531080517313308242e-01,1.463420000000000000e+05
1.535252398831873089e-01,1.471330000000000000e+05
1.539424280350437935e-01,1.479030000000000000e+05
1.543596161869002781e-01,1.482980000000000000e+05
1.547768043387567904e-01,1.484830000000000000e+05
1.551939924906132751e-01,1.494600000000000000e+05
1.556111806424697597e-01,1.496220000000000000e+05
1.560283687943262443e-01,1.496260000000000000e+05
1.564455569461827289e-01,1.497320000000000000e+05
1.568627450980392135e-01,1.500100000000000000e+05
1.572799332498956981e-01,1.511400000000000000e+05
1.576971214017521827e-01,1.515260000000000000e+05
1.581143095536086673e-01,1.515700000000000000e+05
1.585314977054651520e-01,1.517050000000000000e+05
1.589486858573216366e-01,1.525630000000000000e+05
1.593658740091781489e-01,1.528230000000000000e+05
1.597830621610346336e-01,1.529760000000000000e+05
1.602002503128911182e-01,1.534590000000000000e+05
1.606174384647476028e-01,1.540010000000000000e+05
1.610346266166040874e-01,1.543170000000000000e+05
1.614518147684605720e-01,1.545210000000000000e+05
1.618690029203170566e-01,1.547210000000000000e+05
1.622861910721735412e-01,1.555980000000000000e+05
1.627033792240300258e-01,1.559130000000000000e+05
1.631205673758865105e-01,1.560670000000000000e+05
1.635377555277430228e-01,1.570940000000000000e+05
1.639549436795995074e-01,1.572450000000000000e+05
1.643721318314559920e-01,1.575250000000000000e+05
1.647893199833124767e-01,1.593650000000000000e+05
1.652065081351689613e-01,1.605220000000000000e+05
1.656236962870254459e-01,1.607150000000000000e+05
1.660408844388819305e-01,1.614090000000000000e+05
1.664580725907384151e-01,1.618550000000000000e+05
1.668752607425948997e-01,1.618910000000000000e+05
1.672924488944513843e-01,1.630410000000000000e+05
1.677096370463078689e-01,1.631260000000000000e+05
1.681268251981643813e-01,1.633630000000000000e+05
1.685440133500208659e-01,1.636420000000000000e+05
1.689612015018773505e-01,1.647710000000000000e+05
1.693783896537338352e-01,1.653890000000000000e+05
1.697955778055903198e-01,1.659280000000000000e+05
1.702127659574468044e-01,1.659910000000000000e+05
1.706299541093032890e-01,1.673120000000000000e+05
1.710471422611597736e-01,1.677190000000000000e+05
1.714643304130162582e-01,1.677550000000000000e+05
1.718815185648727428e-01,1.678350000000000000e+05
1.722987067167292552e-01,1.681140000000000000e+05
1.727158948685857398e-01,1.687290000000000000e+05
1.731330830204422244e-01,1.702020000000000000e+05
1.735502711722987090e-01,1.705250000000000000e+05
1.739674593241551936e-01,1.706520000000000000e+05
1.743846474760116783e-01,1.706930000000000000e+05
1.748018356278681629e-01,1.715200000000000000e+05
1.752190237797246475e-01,1.719510000000000000e+05
1.756362119315811321e-01,1.719800000000000000e+05
1.760534000834376167e-01,1.735880000000000000e+05
1.764705882352941013e-01,1.737730000000000000e+05
1.768877763871506137e-01,1.741250000000000000e+05
1.773049645390070983e-01,1.748080000000000000e+05
1.777221526908635829e-01,1.751370000000000000e+05
1.781393408427200675e-01,1.784630000000000000e+05
1.785565289945765521e-01,1.787090000000000000e+05
1.789737171464330368e-01,1.791380000000000000e+05
1.793909052982895214e-01,1.797610000000000000e+05
1.798080934501460060e-01,1.797880000000000000e+05
1.802252816020024906e-01,1.800260000000000000e+05
1.806424697538589752e-01,1.802310000000000000e+05
1.810596579057154876e-01,1.803860000000000000e+05
1.814768460575719722e-01,1.811140000000000000e+05
1.818940342094284568e-01,1.815040000000000000e+05
1.823112223612849414e-01,1.815160000000000000e+05
1.827284105131414260e-01,1.815850000000000000e+05
1.831455986649979106e-01,1.817250000000000000e+05
1.835627868168543952e-01,1.818940000000000000e+05
1.839799749687108799e-01,1.820410000000000000e+05
1.843971631205673645e-01,1.830800000000000000e+05
1.848143512724238491e-01,1.833880000000000000e+05
1.852315394242803337e-01,1.834510000000000000e+05
1.856487275761368461e-01,1.840140000000000000e+05
1.860659157279933307e-01,1.845790000000000000e+05
1.864831038798498153e-01,1.863800000000000000e+05
1.869002920317062999e-01,1.866360000000000000e+05
1.873174801835627845e-01,1.874740000000000000e+05
1.877346683354192691e-01,1.876380000000000000e+05
1.881518564872757537e-01,1.876960000000000000e+05
1.885690446391322384e-01,1.877100000000000000e+05
1.889862327909887230e-01,1.886080000000000000e+05
1.894034209428452076e-01,1.892230000000000000e+05
1.898206090947017199e-01,1.907680000000000000e+05
1.902377972465582046e-01,1.908380000000000000e+05
1.906549853984146892e-01,1.908920000000000000e+05
1.910721735502711738e-01,1.909290000000000000e+05
1.914893617021276584e-01,1.920170000000000000e+05
1.919065498539841430e-01,1.933180000000000000e+05
1.923237380058406276e-01,1.934570000000000000e+05
1.927409261576971122e-01,1.939190000000000000e+05
1.931581143095535968e-01,1.939910000000000000e+05
1.935753024614100815e-01,1.941600000000000000e+05
1.939924906132665938e-01,1.942390000000000000e+05
1.944096787651230784e-01,1.946640000000000000e+05
1.948268669169795630e-01,1.948020000000000000e+05
1.952440550688360477e-01,1.953150000000000000e+05
1.956612432206925323e-01,1.964570000000000000e+05
1.960784313725490169e-01,1.966700000000000000e+05
1.964956195244055015e-01,1.967920000000000000e+05
1.969128076762619861e-01,1.975920000000000000e+05
1.973299958281184707e-01,1.976210000000000000e+05
1.977471839799749553e-01,1.982830000000000000e+05
1.981643721318314399e-01,1.983400000000000000e+05
1.985815602836879523e-01,1.986970000000000000e+05
1.989987484355444369e-01,1.988050000000000000e+05
1.994159365874009215e-01,1.990320000000000000e+05
1.998331247392574062e-01,1.995720000000000000e+05
2.002503128911138908e-01,2.016360000000000000e+05
2.006675010429703754e-01,2.029910000000000000e+05
2.010846891948268600e-01,2.033940000000000000e+05
2.015018773466833446e-01,2.038520000000000000e+05
2.019190654985398292e-01,2.049400000000000000e+05
2.023362536503963138e-01,2.058280000000000000e+05
2.027534418022528262e-01,2.062230000000000000e+05
2.031706299541093108e-01,2.063770000000000000e+05
2.035878181059657954e-01,2.068040000000000000e+05
2.040050062578222800e-01,2.069970000000000000e+05
2.044221944096787646e-01,2.071510000000000000e+05
2.048393825615352493e-01,2.079820000000000000e+05
2.052565707133917339e-01,2.091300000000000000e+05
2.056737588652482185e-01,2.097580000000000000e+05
2.060909470171047031e-01,2.103540000000000000e+05
2.065081351689611877e-01,2.103670000000000000e+05
2.069253233208176723e-01,2.112290000000000000e+05
2.073425114726741847e-01,2.119830000000000000e+05
2.077596996245306693e-01,2.120790000000000000e+05
2.081768877763871539e-01,2.128180000000000000e+05
2.085940759282436385e-01,2.138850000000000000e+05
2.090112640801001231e-01,2.141800000000000000e+05
2.094284522319566078e-01,2.144670000000000000e+05
2.098456403838130924e-01,2.157470000000000000e+05
2.102628285356695770e-01,2.159140000000000000e+05
2.106800166875260616e-01,2.170620000000000000e+05
2.110972048393825462e-01,2.173250000000000000e+05
2.115143929912390586e-01,2.175010000000000000e+05
2.119315811430955432e-01,2.176080000000000000e+05
2.123487692949520278e-01,2.177570000000000000e+05
2.127659574468085124e-01,2.178150000000000000e+05
2.131831455986649970e-01,2.178160000000000000e+05
2.136003337505214816e-01,2.181000000000000000e+05
2.140175219023779662e-01,2.185650000000000000e+05
2.144347100542344509e-01,2.189690000000000000e+05
2.148518982060909355e-01,2.194350000000000000e+05
2.152690863579474201e-01,2.199070000000000000e+05
2.156862745098039047e-01,2.202810000000000000e+05
2.161034626616604171e-01,2.207190000000000000e+05
2.165206508135169017e-01,2.209700000000000000e+05
2.169378389653733863e-01,2.214140000000000000e+05
2.173550271172298709e-01,2.219280000000000000e+05
2.177722152690863555e-01,2.224390000000000000e+05
2.181894034209428401e-01,2.224900000000000000e+05
2.186065915727993247e-01,2.231580000000000000e+05
2.190237797246558094e-01,2.241370000000000000e+05
2.194409678765122940e-01,2.243240000000000000e+05
2.198581560283687786e-01,2.244960000000000000e+05
2.202753441802252909e-01,2.247760000000000000e+05
2.206925323320817756e-01,2.256510000000000000e+05
2.211097204839382602e-01,2.257790000000000000e+05
2.215269086357947448e-01,2.271720000000000000e+05
2.219440967876512294e-01,2.280780000000000000e+05
2.223612849395077140e-01,2.287310000000000000e+05
2.227784730913641986e-01,2.289230000000000000e+05
2.231956612432206832e-01,2.332970000000000000e+05
2.236128493950771678e-01,2.345000000000000000e+05
2.240300375469336525e-01,2.346440000000000000e+05
2.244472256987901371e-01,2.362230000000000000e+05
2.248644138506466494e-01,2.363750000000000000e+05
2.252816020025031341e-01,2.369440000000000000e+05
2.256987901543596187e-01,2.372830000000000000e+05
2.261159783062161033e-01,2.374240000000000000e+05
2.265331664580725879e-01,2.376650000000000000e+05
2.269503546099290725e-01,2.383700000000000000e+05
2.273675427617855571e-01,2.384840000000000000e+05
2.277847309136420417e-01,2.390930000000000000e+05
2.282019190654985263e-01,2.408040000000000000e+05
2.286191072173550110e-01,2.410590000000000000e+05
2.290362953692115233e-01,2.412770000000000000e+05
2.294534835210680079e-01,2.428010000000000000e+05
2.298706716729244925e-01,2.446980000000000000e+05
2.302878598247809772e-01,2.462140000000000000e+05
2.307050479766374618e-01,2.465680000000000000e+05
2.311222361284939464e-01,2.468420000000000000e+05
2.315394242803504310e-01,2.476810000000000000e+05
2.319566124322069156e-01,2.483400000000000000e+05
2.323738005840634002e-01,2.491960000000000000e+05
2.327909887359198848e-01,2.495400000000000000e+05
2.332081768877763694e-01,2.499840000000000000e+05
2.336253650396328818e-01,2.508350000000000000e+05
2.340425531914893664e-01,2.513590000000000000e+05
2.344597413433458510e-01,2.513800000000000000e+05
2.348769294952023357e-01,2.516060000000000000e+05
2.352941176470588203e-01,2.518400000000000000e+05
2.357113057989153049e-01,2.522710000000000000e+05
2.361284939507717895e-01,2.535620000000000000e+05
2.365456821026282741e-01,2.538400000000000000e+05
2.369628702544847587e-01,2.558560000000000000e+05
2.373800584063412433e-01,2.559280000000000000e+05
2.377972465581977557e-01,2.561200000000000000e+05
2.382144347100542403e-01,2.565320000000000000e+05
2.386316228619107249e-01,2.573500000000000000e+05
2.390488110137672095e-01,2.576070000000000000e+05
2.394659991656236941e-01,2.582920000000000000e+05
2.398831873174801788e-01,2.583000000000000000e+05
2.403003754693366634e-01,2.583600000000000000e+05
2.407175636211931480e-01,2.598940000000000000e+05
2.411347517730496326e-01,2.599990000000000000e+05
2.415519399249061172e-01,2.600090000000000000e+05
2.419691280767626296e-01,2.610570000000000000e+05
2.423863162286191142e-01,2.618030000000000000e+05
2.428035043804755988e-01,2.619910000000000000e+05
2.432206925323320834e-01,2.624750000000000000e+05
2.436378806841885680e-01,2.628180000000000000e+05
2.440550688360450526e-01,2.640420000000000000e+05
2.444722569879015373e-01,2.658520000000000000e+05
2.448894451397580219e-01,2.674360000000000000e+05
2.453066332916145065e-01,2.686890000000000000e+05
2.457238214434709911e-01,2.687240000000000000e+05
2.461410095953274757e-01,2.690600000000000000e+05
2.465581977471839881e-01,2.710150000000000000e+05
2.469753858990404727e-01,2.712200000000000000e+05
2.473925740508969573e-01,2.714600000000000000e+05
2.478097622027534419e-01,2.724720000000000000e+05
2.482269503546099265e-01,2.728970000000000000e+05
2.486441385064664111e-01,2.732490000000000000e+05
2.490613266583228957e-01,2.734410000000000000e+05
2.494785148101793804e-01,2.737550000000000000e+05
2.498957029620358650e-01,2.740130000000000000e+05
2.503128911138923773e-01,2.770980000000000000e+05
2.507300792657488619e-01,2.787420000000000000e+05
2.511472674176053466e-01,2.787760000000000000e+05
2.515644555694618312e-01,2.811500000000000000e+05
2.519816437213183158e-01,2.816430000000000000e+05
2.523988318731748004e-01,2.832400000000000000e+05
2.528160200250312850e-01,2.835760000000000000e+05
2.532332081768877696e-01,2.839400000000000000e+05
2.536503963287442542e-01,2.842050000000000000e+05
2.540675844806007388e-01,2.850460000000000000e+05
2.544847726324572235e-01,2.854890000000000000e+05
2.549019607843137081e-01,2.862450000000000000e+05
2.553191489361701927e-01,2.867720000000000000e+05
2.557363370880266773e-01,2.869790000000000000e+05
2.561535252398831619e-01,2.873010000000000000e+05
2.565707133917396465e-01,2.874300000000000000e+05
2.569879015435961311e-01,2.878890000000000000e+05
2.574050896954526713e-01,2.879510000000000000e+05
2.578222778473091559e-01,2.880030000000000000e+05
2.582394659991656405e-01,2.898770000000000000e+05
2.586566541510221251e-01,2.903450000000000000e+05
2.590738423028786097e-01,2.904000000000000000e+05
2.594910304547350943e-01,2.907130000000000000e+05
2.599082186065915789e-01,2.924210000000000000e+05
2.603254067584480635e-01,2.928220000000000000e+05
2.607425949103045482e-01,2.929940000000000000e+05
2.611597830621610328e-01,2.932470000000000000e+05
2.615769712140175174e-01,2.941540000000000000e+05
2.619941593658740020e-01,2.957850000000000000e+05
2.624113475177304866e-01,2.968950000000000000e+05
2.628285356695869712e-01,2.970770000000000000e+05
2.632457238214434558e-01,2.976180000000000000e+05
2.636629119732999404e-01,2.981320000000000000e+05
2.640801001251564251e-01,2.988450000000000000e+05
2.644972882770129097e-01,2.990930000000000000e+05
2.649144764288693943e-01,2.993900000000000000e+05
2.653316645807258789e-01,2.997460000000000000e+05
2.657488527325823635e-01,2.997790000000000000e+05
2.661660408844389036e-01,3.003170000000000000e+05
2.665832290362953882e-01,3.013080000000000000e+05
2.670004171881518729e-01,3.019930000000000000e+05
2.674176053400083575e-01,3.038310000000000000e+05
2.678347934918648421e-01,3.042630000000000000e+05
2.682519816437213267e-01,3.044800000000000000e+05
2.686691697955778113e-01,3.048700000000000000e+05
2.690863579474342959e-01,3.055740000000000000e+05
2.695035460992907805e-01,3.061030000000000000e+05
2.699207342511472651e-01,3.068690000000000000e+05
2.703379224030037498e-01,3.072250000000000000e+05
2.707551105548602344e-01,3.077290000000000000e+05
2.711722987067167190e-01,3.077440000000000000e+05
2.715894868585732036e-01,3.083810000000000000e+05
2.720066750104296882e-01,3.088070000000000000e+05
2.724238631622861728e-01,3.096430000000000000e+05
2.728410513141426574e-01,3.100730000000000000e+05
2.732582394659991420e-01,3.107190000000000000e+05
2.736754276178556267e-01,3.110510000000000000e+05
2.740926157697121113e-01,3.113200000000000000e+05
2.745098039215685959e-01,3.119810000000000000e+05
2.749269920734251360e-01,3.130120000000000000e+05
2.753441802252816206e-01,3.140250000000000000e+05
2.757613683771381052e-01,3.140730000000000000e+05
2.761785565289945898e-01,3.151390000000000000e+05
2.765957446808510745e-01,3.158570000000000000e+05
2.770129328327075591e-01,3.169370000000000000e+05
2.774301209845640437e-01,3.183300000000000000e+05
2.778473091364205283e-01,3.190970000000000000e+05
2.782644972882770129e-01,3.203320000000000000e+05
2.786816854401334975e-01,3.222310000000000000e+05
2.790988735919899821e-01,3.223270000000000000e+05
2.795160617438464667e-01,3.224680000000000000e+05
2.799332498957029514e-01,3.225840000000000000e+05
2.803504380475594360e-01,3.229010000000000000e+05
2.807676261994159206e-01,3.235950000000000000e+05
2.811848143512724052e-01,3.236230000000000000e+05
2.816020025031288898e-01,3.248190000000000000e+05
2.820191906549853744e-01,3.252230000000000000e+05
2.824363788068418590e-01,3.253260000000000000e+05
2.828535669586983436e-01,3.258650000000000000e+05
2.832707551105548283e-01,3.260730000000000000e+05
2.836879432624113684e-01,3.286570000000000000e+05
2.841051314142678530e-01,3.312860000000000000e+05
2.845223195661243376e-01,3.315910000000000000e+05
2.849395077179808222e-01,3.332580000000000000e+05
2.853566958698373068e-01,3.340790000000000000e+05
2.857738840216937914e-01,3.345220000000000000e+05
2.861910721735502761e-01,3.365280000000000000e+05
2.866082603254067607e-01,3.366430000000000000e+05
2.870254484772632453e-01,3.370020000000000000e+05
2.874426366291197299e-01,3.372860000000000000e+05
2.878598247809762145e-01,3.379390000000000000e+05
2.882770129328326991e-01,3.384140000000000000e+05
2.886942010846891837e-01,3.386960000000000000e+05
2.891113892365456683e-01,3.409440000000000000e+05
2.895285773884021530e-01,3.409890000000000000e+05
2.899457655402586376e-01,3.422580000000000000e+05
2.903629536921151222e-01,3.427500000000000000e+05
2.907801418439716068e-01,3.430030000000000000e+05
2.911973299958280914e-01,3.430540000000000000e+05
2.916145181476845760e-01,3.437090000000000000e+05
2.920317062995410606e-01,3.439150000000000000e+05
2.924488944513976008e-01,3.444700000000000000e+05
2.928660826032540854e-01,3.446450000000000000e+05
2.932832707551105700e-01,3.448770000000000000e+05
2.937004589069670546e-01,3.451440000000000000e+05
2.941176470588235392e-01,3.460240000000000000e+05
2.945348352106800238e-01,3.467160000000000000e+05
2.949520233625365084e-01,3.467910000000000000e+05
2.953692115143929930e-01,3.474290000000000000e+05
2.957863996662494777e-01,3.477440000000000000e+05
2.962035878181059623e-01,3.489900000000000000e+05
2.966207759699624469e-01,3.499460000000000000e+05
2.970379641218189315e-01,3.513070000000000000e+05
2.974551522736754161e-01,3.541200000000000000e+05
2.978723404255319007e-01,3.564110000000000000e+05
2.982895285773883853e-01,3.575060000000000000e+05
2.987067167292448699e-01,3.577320000000000000e+05
2.991239048811013546e-01,3.580710000000000000e+05
2.995410930329578392e-01,3.581950000000000000e+05
2.999582811848143238e-01,3.588880000000000000e+05
3.003754693366708084e-01,3.589900000000000000e+05
3.007926574885273485e-01,3.591230000000000000e+05
3.012098456403838331e-01,3.614380000000000000e+05
3.016270337922403177e-01,3.618840000000000000e+05
3.020442219440968024e-01,3.623860000000000000e+05
3.024614100959532870e-01,3.628040000000000000e+05
3.028785982478097716e-01,3.632330000000000000e+05
3.032957863996662562e-01,3.641290000000000000e+05
3.037129745515227408e-01,3.643390000000000000e+05
3.041301627033792254e-01,3.646520000000000000e+05
3.045473508552357100e-01,3.651840000000000000e+05
3.049645390070921946e-01,3.661420000000000000e+05
3.053817271589486793e-01,3.662480000000000000e+05
3.057989153108051639e-01,3.667070000000000000e+05
3.062161034626616485e-01,3.676740000000000000e+05
3.066332916145181331e-01,3.682750000000000000e+05
3.070504797663746177e-01,3.683960000000000000e+05
3.074676679182311023e-01,3.712810000000000000e+05
3.078848560700875869e-01,3.713800000000000000e+05
3.083020442219440715e-01,3.717420000000000000e+05
3.087192323738005562e-01,3.725230000000000000e+05
3.091364205256570408e-01,3.725610000000000000e+05
3.095536086775135809e-01,3.743010000000000000e+05
3.099707968293700655e-01,3.746010000000000000e+05
3.103879849812265501e-01,3.756560000000000000e+05
3.108051731330830347e-01,3.763370000000000000e+05
3.112223612849395193e-01,3.794430000000000000e+05
3.116395494367960040e-01,3.809250000000000000e+05
3.120567375886524886e-01,3.812470000000000000e+05
3.124739257405089732e-01,3.817630000000000000e+05
3.128911138923654578e-01,3.819010000000000000e+05
3.133083020442219424e-01,3.840850000000000000e+05
3.137254901960784270e-01,3.845220000000000000e+05
3.141426783479349116e-01,3.846070000000000000e+05
3.145598664997913962e-01,3.852150000000000000e+05
3.149770546516478809e-01,3.864170000000000000e+05
3.153942428035043655e-01,3.876790000000000000e+05
3.158114309553608501e-01,3.891280000000000000e+05
3.162286191072173347e-01,3.891850000000000000e+05
3.166458072590738193e-01,3.893870000000000000e+05
3.170629954109303039e-01,3.894000000000000000e+05
3.174801835627867885e-01,3.901460000000000000e+05
3.178973717146432731e-01,3.915170000000000000e+05
3.183145598664998133e-01,3.917580000000000000e+05
3.187317480183562979e-01,3.921980000000000000e+05
3.191489361702127825e-01,3.925800000000000000e+05
3.195661243220692671e-01,3.937390000000000000e+05
3.199833124739257517e-01,3.939880000000000000e+05
3.204005006257822363e-01,3.940380000000000000e+05
3.208176887776387209e-01,3.967800000000000000e+05
3.212348769294952056e-01,3.967800000000000000e+05
3.216520650813516902e-01,3.978810000000000000e+05
3.220692532332081748e-01,3.983570000000000000e+05
3.224864413850646594e-01,4.008740000000000000e+05
3.229036295369211440e-01,4.019840000000000000e+05
3.233208176887776286e-01,4.025580000000000000e+05
3.237380058406341132e-01,4.030010000000000000e+05
3.241551939924905978e-01,4.032800000000000000e+05
3.245723821443470825e-01,4.044870000000000000e+05
3.249895702962035671e-01,4.048570000000000000e+05
3.254067584480600517e-01,4.052310000000000000e+05
3.258239465999165363e-01,4.054630000000000000e+05
3.262411347517730209e-01,4.068600000000000000e+05
3.266583229036295055e-01,4.071900000000000000e+05
3.270755110554860456e-01,4.078110000000000000e+05
3.274926992073425303e-01,4.083340000000000000e+05
3.279098873591990149e-01,4.098460000000000000e+05
3.283270755110554995e-01,4.104020000000000000e+05
3.287442636629119841e-01,4.115340000000000000e+05
3.291614518147684687e-01,4.123620000000000000e+05
3.295786399666249533e-01,4.124170000000000000e+05
3.299958281184814379e-01,4.126580000000000000e+05
3.304130162703379225e-01,4.127210000000000000e+05
3.308302044221944072e-01,4.128480000000000000e+05
3.312473925740508918e-01,4.132960000000000000e+05
3.316645807259073764e-01,4.134810000000000000e+05
3.320817688777638610e-01,4.137040000000000000e+05
3.324989570296203456e-01,4.146970000000000000e+05
3.329161451814768302e-01,4.156280000000000000e+05
3.333333333333333148e-01,4.158070000000000000e+05
3.337505214851897994e-01,4.175830000000000000e+05
3.341677096370462841e-01,4.180040000000000000e+05
3.345848977889027687e-01,4.209890000000000000e+05
3.350020859407592533e-01,4.212020000000000000e+05
3.354192740926157379e-01,4.225800000000000000e+05
3.358364622444722780e-01,4.236310000000000000e+05
3.362536503963287626e-01,4.239400000000000000e+05
3.366708385481852472e-01,4.252970000000000000e+05
3.370880267000417319e-01,4.256360000000000000e+05
3.375052148518982165e-01,4.259460000000000000e+05
3.379224030037547011e-01,4.271090000000000000e+05
3.383395911556111857e-01,4.287380000000000000e+05
3.387567793074676703e-01,4.288030000000000000e+05
3.391739674593241549e-01,4.301560000000000000e+05
3.395911556111806395e-01,4.324840000000000000e+05
3.400083437630371241e-01,4.328220000000000000e+05
3.404255319148936088e-01,4.342360000000000000e+05
3.408427200667500934e-01,4.343120000000000000e+05
3.412599082186065780e-01,4.353530000000000000e+05
3.416770963704630626e-01,4.359120000000000000e+05
3.420942845223195472e-01,4.362880000000000000e+05
3.425114726741760318e-01,4.372720000000000000e+05
3.429286608260325164e-01,4.379530000000000000e+05
3.433458489778890010e-01,4.383500000000000000e+05
3.437630371297454857e-01,4.386130000000000000e+05
3.441802252816019703e-01,4.410080000000000000e+05
3.445974134334585104e-01,4.411510000000000000e+05
3.450146015853149950e-01,4.428400000000000000e+05
3.454317897371714796e-01,4.441690000000000000e+05
3.458489778890279642e-01,4.446210000000000000e+05
3.462661660408844488e-01,4.447970000000000000e+05
3.466833541927409335e-01,4.456110000000000000e+05
3.471005423445974181e-01,4.481860000000000000e+05
3.475177304964539027e-01,4.485350000000000000e+05
3.479349186483103873e-01,4.494060000000000000e+05
3.483521068001668719e-01,4.504460000000000000e+05
3.487692949520233565e-01,4.504630000000000000e+05
3.491864831038798411e-01,4.506480000000000000e+05
3.496036712557363257e-01,4.513780000000000000e+05
3.500208594075928104e-01,4.535350000000000000e+05
3.504380475594492950e-01,4.541400000000000000e+05
3.508552357113057796e-01,4.544260000000000000e+05
3.512724238631622642e-01,4.561510000000000000e+05
3.516896120150187488e-01,4.565040000000000000e+05
3.521068001668752334e-01,4.576450000000000000e+05
3.525239883187317180e-01,4.586540000000000000e+05
3.529411764705882026e-01,4.588220000000000000e+05
3.533583646224447428e-01,4.638060000000000000e+05
3.537755527743012274e-01,4.639090000000000000e+05
3.541927409261577120e-01,4.647580000000000000e+05
3.546099290780141966e-01,4.648400000000000000e+05
3.550271172298706812e-01,4.667800000000000000e+05
3.554443053817271658e-01,4.674850000000000000e+05
3.558614935335836504e-01,4.682250000000000000e+05
3.562786816854401351e-01,4.693530000000000000e+05
3.566958698372966197e-01,4.711160000000000000e+05
3.571130579891531043e-01,4.712670000000000000e+05
3.575302461410095889e-01,4.719670000000000000e+05
3.579474342928660735e-01,4.728160000000000000e+05
3.583646224447225581e-01,4.729950000000000000e+05
3.587818105965790427e-01,4.735000000000000000e+05
3.591989987484355273e-01,4.741260000000000000e+05
3.596161869002920120e-01,4.747080000000000000e+05
3.600333750521484966e-01,4.747450000000000000e+05
3.604505632040049812e-01,4.750370000000000000e+05
3.608677513558614658e-01,4.752940000000000000e+05
3.612849395077179504e-01,4.763960000000000000e+05
3.617021276595744350e-01,4.765640000000000000e+05
3.621193158114309751e-01,4.791980000000000000e+05
3.625365039632874598e-01,4.796660000000000000e+05
3.629536921151439444e-01,4.798340000000000000e+05
3.633708802670004290e-01,4.802660000000000000e+05
3.637880684188569136e-01,4.814410000000000000e+05
3.642052565707133982e-01,4.824700000000000000e+05
3.646224447225698828e-01,4.827470000000000000e+05
3.650396328744263674e-01,4.830150000000000000e+05
3.654568210262828520e-01,4.841050000000000000e+05
3.658740091781393367e-01,4.855900000000000000e+05
3.662911973299958213e-01,4.862770000000000000e+05
3.667083854818523059e-01,4.879660000000000000e+05
3.671255736337087905e-01,4.885490000000000000e+05
3.675427617855652751e-01,4.889950000000000000e+05
3.679599499374217597e-01,4.907000000000000000e+05
3.683771380892782443e-01,4.909600000000000000e+05
3.687943262411347289e-01,4.913180000000000000e+05
3.692115143929912136e-01,4.917240000000000000e+05
3.696287025448476982e-01,4.924760000000000000e+05
3.700458906967041828e-01,4.926370000000000000e+05
3.704630788485606674e-01,4.937900000000000000e+05
3.708802670004172075e-01,4.940910000000000000e+05
3.712974551522736921e-01,4.970960000000000000e+05
3.717146433041301767e-01,4.971560000000000000e+05
3.721318314559866614e-01,4.990370000000000000e+05
3.725490196078431460e-01,4.993030000000000000e+05
3.729662077596996306e-01,5.005060000000000000e+05
3.733833959115561152e-01,5.012160000000000000e+05
3.738005840634125998e-01,5.020530000000000000e+05
3.742177722152690844e-01,5.021440000000000000e+05
3.746349603671255690e-01,5.024640000000000000e+05
3.750521485189820536e-01,5.025790000000000000e+05
3.754693366708385383e-01,5.030510000000000000e+05
3.758865248226950229e-01,5.040800000000000000e+05
3.763037129745515075e-01,5.049790000000000000e+05
3.767209011264079921e-01,5.050520000000000000e+05
3.771380892782644767e-01,5.062880000000000000e+05
3.775552774301209613e-01,5.067620000000000000e+05
3.779724655819774459e-01,5.070440000000000000e+05
3.783896537338339305e-01,5.074620000000000000e+05
3.788068418856904152e-01,5.088390000000000000e+05
3.792240300375468998e-01,5.089400000000000000e+05
3.796412181894034399e-01,5.110080000000000000e+05
3.800584063412599245e-01,5.112080000000000000e+05
3.804755944931164091e-01,5.123230000000000000e+05
3.808927826449728937e-01,5.129240000000000000e+05
3.813099707968293783e-01,5.129590000000000000e+05
3.817271589486858629e-01,5.135620000000000000e+05
3.821443471005423476e-01,5.148340000000000000e+05
3.825615352523988322e-01,5.157150000000000000e+05
3.829787234042553168e-01,5.160230000000000000e+05
3.833959115561118014e-01,5.163630000000000000e+05
3.838130997079682860e-01,5.175990000000000000e+05
3.842302878598247706e-01,5.182310000000000000e+05
3.846474760116812552e-01,5.192240000000000000e+05
3.850646641635377398e-01,5.194560000000000000e+05
3.854818523153942245e-01,5.194700000000000000e+05
3.858990404672507091e-01,5.199220000000000000e+05
3.863162286191071937e-01,5.214170000000000000e+05
3.867334167709636783e-01,5.217950000000000000e+05
3.871506049228201629e-01,5.220870000000000000e+05
3.875677930746766475e-01,5.234190000000000000e+05
3.879849812265331876e-01,5.240770000000000000e+05
3.884021693783896723e-01,5.246620000000000000e+05
3.888193575302461569e-01,5.264330000000000000e+05
3.892365456821026415e-01,5.287050000000000000e+05
3.896537338339591261e-01,5.291960000000000000e+05
3.900709219858156107e-01,5.300600000000000000e+05
3.904881101376720953e-01,5.313240000000000000e+05
3.909052982895285799e-01,5.320690000000000000e+05
3.913224864413850645e-01,5.322400000000000000e+05
3.917396745932415492e-01,5.326060000000000000e+05
3.921568627450980338e-01,5.327310000000000000e+05
3.925740508969545184e-01,5.330050000000000000e+05
3.929912390488110030e-01,5.330070000000000000e+05
3.934084272006674876e-01,5.336270000000000000e+05
3.938256153525239722e-01,5.345040000000000000e+05
3.942428035043804568e-01,5.345650000000000000e+05
3.946599916562369414e-01,5.347190000000000000e+05
3.950771798080934261e-01,5.355100000000000000e+05
3.954943679599499107e-01,5.360200000000000000e+05
3.959115561118063953e-01,5.369130000000000000e+05
3.963287442636628799e-01,5.390540000000000000e+05
3.967459324155194200e-01,5.423510000000000000e+05
3.971631205673759046e-01,5.438920000000000000e+05
3.975803087192323892e-01,5.450830000000000000e+05
3.979974968710888739e-01,5.464690000000000000e+05
3.984146850229453585e-01,5.467670000000000000e+05
3.988318731748018431e-01,5.478650000000000000e+05
3.992490613266583277e-01,5.492470000000000000e+05
3.996662494785148123e-01,5.494580000000000000e+05
4.000834376303712969e-01,5.534440000000000000e+05
4.005006257822277815e-01,5.535400000000000000e+05
4.009178139340842661e-01,5.542450000000000000e+05
4.013350020859407508e-01,5.564780000000000000e+05
4.017521902377972354e-01,5.583370000000000000e+05
4.021693783896537200e-01,5.584150000000000000e+05
4.025865665415102046e-01,5.586080000000000000e+05
4.030037546933666892e-01,5.592170000000000000e+05
4.034209428452231738e-01,5.592210000000000000e+05
4.038381309970796584e-01,5.599750000000000000e+05
4.042553191489361430e-01,5.616220000000000000e+05
4.046725073007926277e-01,5.624790000000000000e+05
4.050896954526491123e-01,5.630730000000000000e+05
4.055068836045056524e-01,5.641650000000000000e+05
4.059240717563621370e-01,5.644700000000000000e+05
4.063412599082186216e-01,5.659430000000000000e+05
4.067584480600751062e-01,5.663900000000000000e+05
4.071756362119315908e-01,5.667810000000000000e+05
4.075928243637880755e-01,5.668080000000000000e+05
4.080100125156445601e-01,5.692550000000000000e+05
4.084272006675010447e-01,5.695010000000000000e+05
4.088443888193575293e-01,5.718740000000000000e+05
4.092615769712140139e-01,5.718880000000000000e+05
4.096787651230704985e-01,5.719590000000000000e+05
4.100959532749269831e-01,5.755620000000000000e+05
4.105131414267834677e-01,5.756270000000000000e+05
4.109303295786399524e-01,5.756640000000000000e+05
4.113475177304964370e-01,5.758590000000000000e+05
4.117647058823529216e-01,5.762880000000000000e+05
4.121818940342094062e-01,5.767060000000000000e+05
4.125990821860658908e-01,5.772790000000000000e+05
4.130162703379223754e-01,5.774030000000000000e+05
4.134334584897788600e-01,5.774280000000000000e+05
4.138506466416353446e-01,5.779390000000000000e+05
4.142678347934918848e-01,5.782120000000000000e+05
4.146850229453483694e-01,5.863920000000000000e+05
4.151022110972048540e-01,5.866410000000000000e+05
4.155193992490613386e-01,5.867330000000000000e+05
4.159365874009178232e-01,5.880510000000000000e+05
4.163537755527743078e-01,5.897150000000000000e+05
4.167709637046307924e-01,5.908000000000000000e+05
4.171881518564872771e-01,5.932120000000000000e+05
4.176053400083437617e-01,5.933080000000000000e+05
4.180225281602002463e-01,5.957350000000000000e+05
4.184397163120567309e-01,5.972910000000000000e+05
4.188569044639132155e-01,5.990050000000000000e+05
4.192740926157697001e-01,5.992810000000000000e+05
4.196912807676261847e-01,5.994540000000000000e+05
4.201084689194826693e-01,6.002520000000000000e+05
4.205256570713391540e-01,6.013100000000000000e+05
4.209428452231956386e-01,6.018540000000000000e+05
4.213600333750521232e-01,6.039820000000000000e+05
4.217772215269086078e-01,6.042260000000000000e+05
4.221944096787650924e-01,6.043030000000000000e+05
4.226115978306215770e-01,6.043650000000000000e+05
4.230287859824781171e-01,6.044520000000000000e+05
4.234459741343346018e-01,6.050560000000000000e+05
4.238631622861910864e-01,6.071700000000000000e+05
4.242803504380475710e-01,6.082220000000000000e+05
4.246975385899040556e-01,6.093260000000000000e+05
4.251147267417605402e-01,6.115870000000000000e+05
4.255319148936170248e-01,6.128230000000000000e+05
4.259491030454735094e-01,6.128300000000000000e+05
4.263662911973299940e-01,6.142860000000000000e+05
4.267834793491864787e-01,6.150850000000000000e+05
4.272006675010429633e-01,6.162530000000000000e+05
4.276178556528994479e-01,6.164600000000000000e+05
4.280350438047559325e-01,6.172280000000000000e+05
4.284522319566124171e-01,6.176340000000000000e+05
4.288694201084689017e-01,6.179490000000000000e+05
4.292866082603253863e-01,6.190180000000000000e+05
4.297037964121818709e-01,6.194280000000000000e+05
4.301209845640383556e-01,6.225900000000000000e+05
4.305381727158948402e-01,6.231710000000000000e+05
4.309553608677513248e-01,6.238010000000000000e+05
4.313725490196078094e-01,6.258360000000000000e+05
4.317897371714643495e-01,6.273230000000000000e+05
4.322069253233208341e-01,6.275460000000000000e+05
4.326241134751773187e-01,6.292870000000000000e+05
4.330413016270338034e-01,6.311370000000000000e+05
4.334584897788902880e-01,6.333450000000000000e+05
4.338756779307467726e-01,6.339550000000000000e+05
4.342928660826032572e-01,6.357360000000000000e+05
4.347100542344597418e-01,6.359220000000000000e+05
4.351272423863162264e-01,6.366770000000000000e+05
4.355444305381727110e-01,6.375440000000000000e+05
4.359616186900291956e-01,6.391350000000000000e+05
4.363788068418856803e-01,6.438350000000000000e+05
4.367959949937421649e-01,6.445450000000000000e+05
4.372131831455986495e-01,6.445870000000000000e+05
4.376303712974551341e-01,6.449730000000000000e+05
4.380475594493116187e-01,6.455040000000000000e+05
4.384647476011681033e-01,6.467590000000000000e+05
4.388819357530245879e-01,6.474330000000000000e+05
4.392991239048810725e-01,6.523330000000000000e+05
4.397163120567375572e-01,6.529740000000000000e+05
4.401335002085940418e-01,6.546580000000000000e+05
4.405506883604505819e-01,6.551900000000000000e+05
4.409678765123070665e-01,6.557180000000000000e+05
4.413850646641635511e-01,6.562660000000000000e+05
4.418022528160200357e-01,6.568050000000000000e+05
4.422194409678765203e-01,6.577250000000000000e+05
4.426366291197330050e-01,6.577760000000000000e+05
4.430538172715894896e-01,6.578530000000000000e+05
4.434710054234459742e-01,6.582840000000000000e+05
4.438881935753024588e-01,6.583370000000000000e+05
4.443053817271589434e-01,6.592540000000000000e+05
4.447225698790154280e-01,6.593650000000000000e+05
4.451397580308719126e-01,6.608590000000000000e+05
4.455569461827283972e-01,6.611610000000000000e+05
4.459741343345848819e-01,6.612090000000000000e+05
4.463913224864413665e-01,6.616930000000000000e+05
4.468085106382978511e-01,6.624110000000000000e+05
4.472256987901543357e-01,6.631920000000000000e+05
4.476428869420108203e-01,6.635640000000000000e+05
4.480600750938673049e-01,6.648790000000000000e+05
4.484772632457237895e-01,6.657740000000000000e+05
4.488944513975802741e-01,6.661790000000000000e+05
4.493116395494368143e-01,6.664990000000000000e+05
4.497288277012932989e-01,6.667270000000000000e+05
4.501460158531497835e-01,6.711050000000000000e+05
4.505632040050062681e-01,6.711790000000000000e+05
4.509803921568627527e-01,6.728320000000000000e+05
4.513975803087192373e-01,6.745470000000000000e+05
4.518147684605757219e-01,6.774320000000000000e+05
4.522319566124322066e-01,6.791960000000000000e+05
4.526491447642886912e-01,6.819670000000000000e+05
4.530663329161451758e-01,6.825060000000000000e+05
4.534835210680016604e-01,6.825250000000000000e+05
4.539007092198581450e-01,6.834060000000000000e+05
4.543178973717146296e-01,6.864760000000000000e+05
4.547350855235711142e-01,6.889130000000000000e+05
4.551522736754275988e-01,6.895530000000000000e+05
4.555694618272840835e-01,6.907850000000000000e+05
4.559866499791405681e-01,6.914450000000000000e+05
4.564038381309970527e-01,6.929170000000000000e+05
4.568210262828535373e-01,6.943040000000000000e+05
4.572382144347100219e-01,6.950240000000000000e+05
4.576554025865665065e-01,6.973500000000000000e+05
4.580725907384230466e-01,6.997700000000000000e+05
4.584897788902795313e-01,7.010730000000000000e+05
4.589069670421360159e-01,7.016010000000000000e+05
4.593241551939925005e-01,7.018500000000000000e+05
4.597413433458489851e-01,7.022680000000000000e+05
4.601585314977054697e-01,7.025830000000000000e+05
4.605757196495619543e-01,7.050090000000000000e+05
4.609929078014184389e-01,7.070520000000000000e+05
4.614100959532749235e-01,7.093400000000000000e+05
4.618272841051314082e-01,7.102740000000000000e+05
4.622444722569878928e-01,7.134240000000000000e+05
4.626616604088443774e-01,7.138180000000000000e+05
4.630788485607008620e-01,7.155400000000000000e+05
4.634960367125573466e-01,7.180190000000000000e+05
4.639132248644138312e-01,7.180630000000000000e+05
4.643304130162703158e-01,7.192720000000000000e+05
4.647476011681268004e-01,7.196250000000000000e+05
4.651647893199832851e-01,7.205470000000000000e+05
4.655819774718397697e-01,7.210590000000000000e+05
4.659991656236962543e-01,7.219380000000000000e+05
4.664163537755527389e-01,7.228550000000000000e+05
4.668335419274092790e-01,7.237600000000000000e+05
4.672507300792657636e-01,7.247980000000000000e+05
4.676679182311222482e-01,7.251100000000000000e+05
4.680851063829787329e-01,7.272670000000000000e+05
4.685022945348352175e-01,7.284040000000000000e+05
4.689194826866917021e-01,7.289320000000000000e+05
4.693366708385481867e-01,7.300210000000000000e+05
4.697538589904046713e-01,7.306240000000000000e+05
4.701710471422611559e-01,7.337270000000000000e+05
4.705882352941176405e-01,7.351900000000000000e+05
4.710054234459741251e-01,7.352680000000000000e+05
4.714226115978306098e-01,7.359090000000000000e+05
4.718397997496870944e-01,7.365050000000000000e+05
4.722569879015435790e-01,7.372800000000000000e+05
4.726741760534000636e-01,7.374170000000000000e+05
4.730913642052565482e-01,7.382360000000000000e+05
4.735085523571130328e-01,7.394350000000000000e+05
4.739257405089695174e-01,7.408370000000000000e+05
4.743429286608260020e-01,7.457320000000000000e+05
4.747601168126824867e-01,7.475440000000000000e+05
4.751773049645390268e-01,7.480440000000000000e+05
4.755944931163955114e-01,7.487010000000000000e+05
4.760116812682519960e-01,7.495490000000000000e+05
4.764288694201084806e-01,7.514520000000000000e+05
4.768460575719649652e-01,7.533470000000000000e+05
4.772632457238214498e-01,7.545240000000000000e+05
4.776804338756779345e-01,7.555730000000000000e+05
4.780976220275344191e-01,7.591570000000000000e+05
4.785148101793909037e-01,7.594720000000000000e+05
4.789319983312473883e-01,7.609010000000000000e+05
4.793491864831038729e-01,7.616090000000000000e+05
4.797663746349603575e-01,7.616250000000000000e+05
4.801835627868168421e-01,7.625980000000000000e+05
4.806007509386733267e-01,7.643860000000000000e+05
4.810179390905298114e-01,7.651210000000000000e+05
4.814351272423862960e-01,7.670780000000000000e+05
4.818523153942427806e-01,7.678150000000000000e+05
4.822695035460992652e-01,7.695820000000000000e+05
4.826866916979557498e-01,7.697230000000000000e+05
4.831038798498122344e-01,7.703160000000000000e+05
4.835210680016687190e-01,7.707740000000000000e+05
4.839382561535252592e-01,7.719360000000000000e+05
4.843554443053817438e-01,7.735890000000000000e+05
4.847726324572382284e-01,7.742330000000000000e+05
4.851898206090947130e-01,7.768470000000000000e+05
4.856070087609511976e-01,7.769550000000000000e+05
4.860241969128076822e-01,7.779860000000000000e+05
4.864413850646641668e-01,7.780620000000000000e+05
4.868585732165206514e-01,7.782590000000000000e+05
4.872757613683771361e-01,7.789520000000000000e+05
4.876929495202336207e-01,7.795530000000000000e+05
4.881101376720901053e-01,7.808540000000000000e+05
4.885273258239465899e-01,7.814140000000000000e+05
4.889445139758030745e-01,7.815840000000000000e+05
4.893617021276595591e-01,7.832450000000000000e+05
4.897788902795160437e-01,7.849170000000000000e+05
4.901960784313725283e-01,7.849990000000000000e+05
4.906132665832290130e-01,7.858420000000000000e+05
4.910304547350854976e-01,7.863380000000000000e+05
4.914476428869419822e-01,7.900740000000000000e+05
4.918648310387984668e-01,7.906080000000000000e+05
4.922820191906549514e-01,7.933260000000000000e+05
4.926992073425114915e-01,7.943750000000000000e+05
4.931163954943679761e-01,7.951630000000000000e+05
4.935335836462244608e-01,7.974470000000000000e+05
4.939507717980809454e-01,7.986380000000000000e+05
4.943679599499374300e-01,7.987830000000000000e+05
4.947851481017939146e-01,8.000680000000000000e+05
4.952023362536503992e-01,8.009480000000000000e+05
4.956195244055068838e-01,8.013120000000000000e+05
4.960367125573633684e-01,8.014210000000000000e+05
4.964539007092198530e-01,8.032880000000000000e+05
4.968710888610763377e-01,8.050760000000000000e+05
4.972882770129328223e-01,8.074430000000000000e+05
4.977054651647893069e-01,8.084990000000000000e+05
4.981226533166457915e-01,8.111080000000000000e+05
4.985398414685022761e-01,8.135680000000000000e+05
4.989570296203587607e-01,8.136930000000000000e+05
4.993742177722152453e-01,8.142170000000000000e+05
4.997914059240717299e-01,8.163330000000000000e+05
5.002085940759282146e-01,8.182850000000000000e+05
5.006257822277847547e-01,8.192480000000000000e+05
5.010429703796411838e-01,8.199350000000000000e+05
5.014601585314977239e-01,8.207240000000000000e+05
5.018773466833541530e-01,8.219080000000000000e+05
5.022945348352106931e-01,8.227720000000000000e+05
5.027117229870671222e-01,8.231010000000000000e+05
5.031289111389236623e-01,8.247320000000000000e+05
5.035460992907800915e-01,8.250370000000000000e+05
5.039632874426366316e-01,8.271740000000000000e+05
5.043804755944930607e-01,8.273450000000000000e+05
5.047976637463496008e-01,8.275390000000000000e+05
5.052148518982060299e-01,8.276460000000000000e+05
5.056320400500625700e-01,8.281010000000000000e+05
5.060492282019191101e-01,8.282400000000000000e+05
5.064664163537755392e-01,8.284250000000000000e+05
5.068836045056320794e-01,8.288940000000000000e+05
5.073007926574885085e-01,8.305300000000000000e+05
5.077179808093450486e-01,8.315450000000000000e+05
5.081351689612014777e-01,8.338160000000000000e+05
5.085523571130580178e-01,8.356950000000000000e+05
5.089695452649144469e-01,8.357980000000000000e+05
5.093867334167709870e-01,8.358060000000000000e+05
5.098039215686274161e-01,8.386180000000000000e+05
5.102211097204839563e-01,8.410720000000000000e+05
5.106382978723403854e-01,8.412320000000000000e+05
5.110554860241969255e-01,8.417030000000000000e+05
5.114726741760533546e-01,8.417490000000000000e+05
5.118898623279098947e-01,8.420860000000000000e+05
5.123070504797663238e-01,8.420970000000000000e+05
5.127242386316228639e-01,8.428240000000000000e+05
5.131414267834792931e-01,8.431890000000000000e+05
5.135586149353358332e-01,8.443230000000000000e+05
5.139758030871922623e-01,8.444670000000000000e+05
5.143929912390488024e-01,8.449130000000000000e+05
5.148101793909053425e-01,8.449330000000000000e+05
5.152273675427617716e-01,8.460020000000000000e+05
5.156445556946183117e-01,8.465900000000000000e+05
5.160617438464747408e-01,8.471660000000000000e+05
5.164789319983312810e-01,8.473850000000000000e+05
5.168961201501877101e-01,8.474000000000000000e+05
5.173133083020442502e-01,8.476320000000000000e+05
5.177304964539006793e-01,8.496110000000000000e+05
5.181476846057572194e-01,8.496780000000000000e+05
5.185648727576136485e-01,8.497450000000000000e+05
5.189820609094701886e-01,8.509040000000000000e+05
5.193992490613266177e-01,8.510840000000000000e+05
5.198164372131831579e-01,8.556570000000000000e+05
5.202336253650395870e-01,8.560900000000000000e+05
5.206508135168961271e-01,8.569900000000000000e+05
5.210680016687525562e-01,8.588570000000000000e+05
5.214851898206090963e-01,8.591670000000000000e+05
5.219023779724655254e-01,8.594230000000000000e+05
5.223195661243220655e-01,8.627370000000000000e+05
5.227367542761784946e-01,8.628480000000000000e+05
5.231539424280350348e-01,8.630740000000000000e+05
5.235711305798915749e-01,8.630800000000000000e+05
5.239883187317480040e-01,8.632670000000000000e+05
5.244055068836045441e-01,8.641600000000000000e+05
5.248226950354609732e-01,8.656630000000000000e+05
5.252398831873175133e-01,8.661500000000000000e+05
5.256570713391739424e-01,8.687630000000000000e+05
5.260742594910304826e-01,8.694890000000000000e+05
5.264914476428869117e-01,8.708350000000000000e+05
5.269086357947434518e-01,8.721990000000000000e+05
5.273258239465998809e-01,8.737480000000000000e+05
5.277430120984564210e-01,8.740370000000000000e+05
5.281602002503128501e-01,8.764890000000000000e+05
5.285773884021693902e-01,8.777490000000000000e+05
5.289945765540258193e-01,8.781920000000000000e+05
5.294117647058823595e-01,8.788700000000000000e+05
5.298289528577387886e-01,8.790060000000000000e+05
5.302461410095953287e-01,8.809300000000000000e+05
5.306633291614517578e-01,8.811380000000000000e+05
5.310805173133082979e-01,8.832510000000000000e+05
5.314977054651647270e-01,8.840690000000000000e+05
5.319148936170212671e-01,8.843980000000000000e+05
5.323320817688778073e-01,8.869160000000000000e+05
5.327492699207342364e-01,8.915880000000000000e+05
5.331664580725907765e-01,8.918740000000000000e+05
5.335836462244472056e-01,8.925090000000000000e+05
5.340008343763037457e-01,8.930590000000000000e+05
5.344180225281601748e-01,8.937070000000000000e+05
5.348352106800167149e-01,8.944260000000000000e+05
5.352523988318731440e-01,8.956060000000000000e+05
5.356695869837296842e-01,8.971580000000000000e+05
5.360867751355861133e-01,9.045240000000000000e+05
5.365039632874426534e-01,9.087370000000000000e+05
5.369211514392990825e-01,9.107300000000000000e+05
5.373383395911556226e-01,9.116010000000000000e+05
5.377555277430120517e-01,9.134690000000000000e+05
5.381727158948685918e-01,9.160020000000000000e+05
5.385899040467250209e-01,9.173230000000000000e+05
5.390070921985815611e-01,9.199740000000000000e+05
5.394242803504379902e-01,9.232440000000000000e+05
5.398414685022945303e-01,9.234170000000000000e+05
5.402586566541509594e-01,9.241530000000000000e+05
5.406758448060074995e-01,9.243210000000000000e+05
5.410930329578640396e-01,9.244630000000000000e+05
5.415102211097204687e-01,9.268970000000000000e+05
5.419274092615770089e-01,9.304470000000000000e+05
5.423445974134334380e-01,9.309640000000000000e+05
5.427617855652899781e-01,9.321590000000000000e+05
5.431789737171464072e-01,9.362290000000000000e+05
5.435961618690029473e-01,9.374270000000000000e+05
5.440133500208593764e-01,9.375360000000000000e+05
5.444305381727159165e-01,9.393510000000000000e+05
5.448477263245723456e-01,9.398780000000000000e+05
5.452649144764288858e-01,9.400990000000000000e+05
5.456821026282853149e-01,9.428200000000000000e+05
5.460992907801418550e-01,9.438440000000000000e+05
5.465164789319982841e-01,9.486740000000000000e+05
5.469336670838548242e-01,9.495880000000000000e+05
5.473508552357112533e-01,9.502510000000000000e+05
5.477680433875677934e-01,9.509300000000000000e+05
5.481852315394242225e-01,9.548160000000000000e+05
5.486024196912807627e-01,9.548250000000000000e+05
5.490196078431371918e-01,9.552340000000000000e+05
5.494367959949937319e-01,9.598860000000000000e+05
5.498539841468502720e-01,9.616710000000000000e+05
5.502711722987067011e-01,9.633610000000000000e+05
5.506883604505632412e-01,9.635660000000000000e+05
5.511055486024196703e-01,9.651920000000000000e+05
5.515227367542762105e-01,9.653110000000000000e+05
5.519399249061326396e-01,9.667210000000000000e+05
5.523571130579891797e-01,9.668080000000000000e+05
5.527743012098456088e-01,9.704020000000000000e+05
5.531914893617021489e-01,9.705010000000000000e+05
5.536086775135585780e-01,9.705200000000000000e+05
5.540258656654151181e-01,9.720420000000000000e+05
5.544430538172715472e-01,9.744710000000000000e+05
5.548602419691280874e-01,9.745400000000000000e+05
5.552774301209845165e-01,9.764710000000000000e+05
5.556946182728410566e-01,9.780270000000000000e+05
5.561118064246974857e-01,9.834200000000000000e+05
5.565289945765540258e-01,9.843990000000000000e+05
5.569461827284104549e-01,9.870740000000000000e+05
5.573633708802669950e-01,9.882330000000000000e+05
5.577805590321234241e-01,9.906550000000000000e+05
5.581977471839799643e-01,9.938420000000000000e+05
5.586149353358365044e-01,9.948720000000000000e+05
5.590321234876929335e-01,9.974330000000000000e+05
5.594493116395494736e-01,1.002627000000000000e+06
5.598664997914059027e-01,1.002948000000000000e+06
5.602836879432624428e-01,1.003804000000000000e+06
5.607008760951188719e-01,1.009524000000000000e+06
5.611180642469754121e-01,1.011486000000000000e+06
5.615352523988318412e-01,1.011825000000000000e+06
5.619524405506883813e-01,1.013490000000000000e+06
5.623696287025448104e-01,1.013671000000000000e+06
5.627868168544013505e-01,1.013710000000000000e+06
5.632040050062577796e-01,1.013856000000000000e+06
5.636211931581143197e-01,1.015306000000000000e+06
5.640383813099707488e-01,1.016078000000000000e+06
5.644555694618272890e-01,1.016681000000000000e+06
5.648727576136837181e-01,1.018053000000000000e+06
5.652899457655402582e-01,1.019008000000000000e+06
5.657071339173966873e-01,1.020797000000000000e+06
5.661243220692532274e-01,1.023391000000000000e+06
5.665415102211096565e-01,1.026410000000000000e+06
5.669586983729661966e-01,1.026522000000000000e+06
5.673758865248227368e-01,1.028574000000000000e+06
5.677930746766791659e-01,1.028900000000000000e+06
5.682102628285357060e-01,1.029244000000000000e+06
5.686274509803921351e-01,1.029502000000000000e+06
5.690446391322486752e-01,1.031950000000000000e+06
5.694618272841051043e-01,1.033883000000000000e+06
5.698790154359616444e-01,1.034487000000000000e+06
5.702962035878180735e-01,1.034541000000000000e+06
5.707133917396746137e-01,1.035783000000000000e+06
5.711305798915310428e-01,1.038609000000000000e+06
5.715477680433875829e-01,1.039156000000000000e+06
5.719649561952440120e-01,1.039639000000000000e+06
5.723821443471005521e-01,1.039721000000000000e+06
5.727993324989569812e-01,1.040071000000000000e+06
5.732165206508135213e-01,1.041674000000000000e+06
5.736337088026699504e-01,1.043768000000000000e+06
5.740508969545264906e-01,1.044423000000000000e+06
5.744680851063829197e-01,1.045070000000000000e+06
5.748852732582394598e-01,1.049657000000000000e+06
5.753024614100958889e-01,1.054498000000000000e+06
5.757196495619524290e-01,1.062075000000000000e+06
5.761368377138089691e-01,1.062329000000000000e+06
5.765540258656653982e-01,1.066320000000000000e+06
5.769712140175219384e-01,1.067180000000000000e+06
5.773884021693783675e-01,1.070556000000000000e+06
5.778055903212349076e-01,1.078271000000000000e+06
5.782227784730913367e-01,1.078500000000000000e+06
5.786399666249478768e-01,1.079729000000000000e+06
5.790571547768043059e-01,1.080409000000000000e+06
5.794743429286608460e-01,1.082525000000000000e+06
5.798915310805172751e-01,1.082882000000000000e+06
5.803087192323738153e-01,1.087249000000000000e+06
5.807259073842302444e-01,1.087421000000000000e+06
5.811430955360867845e-01,1.091814000000000000e+06
5.815602836879432136e-01,1.091916000000000000e+06
5.819774718397997537e-01,1.094337000000000000e+06
5.823946599916561828e-01,1.094363000000000000e+06
5.828118481435127229e-01,1.095447000000000000e+06
5.832290362953691520e-01,1.100660000000000000e+06
5.836462244472256922e-01,1.102581000000000000e+06
5.840634125990821213e-01,1.102936000000000000e+06
5.844806007509386614e-01,1.104416000000000000e+06
5.848977889027952015e-01,1.105823000000000000e+06
5.853149770546516306e-01,1.107467000000000000e+06
5.857321652065081707e-01,1.111823000000000000e+06
5.861493533583645998e-01,1.113051000000000000e+06
5.865665415102211400e-01,1.113768000000000000e+06
5.869837296620775691e-01,1.118623000000000000e+06
5.874009178139341092e-01,1.122456000000000000e+06
5.878181059657905383e-01,1.123674000000000000e+06
5.882352941176470784e-01,1.124027000000000000e+06
5.886524822695035075e-01,1.124904000000000000e+06
5.890696704213600476e-01,1.125276000000000000e+06
5.894868585732164767e-01,1.126335000000000000e+06
5.899040467250730169e-01,1.127101000000000000e+06
5.903212348769294460e-01,1.127258000000000000e+06
5.907384230287859861e-01,1.127608000000000000e+06
5.911556111806424152e-01,1.129389000000000000e+06
5.915727993324989553e-01,1.131446000000000000e+06
5.919899874843553844e-01,1.136108000000000000e+06
5.924071756362119245e-01,1.136246000000000000e+06
5.928243637880683536e-01,1.139822000000000000e+06
5.932415519399248938e-01,1.141200000000000000e+06
5.936587400917814339e-01,1.143187000000000000e+06
5.940759282436378630e-01,1.143932000000000000e+06
5.944931163954944031e-01,1.146230000000000000e+06
5.949103045473508322e-01,1.147864000000000000e+06
5.953274926992073723e-01,1.148553000000000000e+06
5.957446808510638014e-01,1.153157000000000000e+06
5.961618690029203416e-01,1.159795000000000000e+06
5.965790571547767707e-01,1.166504000000000000e+06
5.969962453066333108e-01,1.172286000000000000e+06
5.974134334584897399e-01,1.180287000000000000e+06
5.978306216103462800e-01,1.180708000000000000e+06
5.982478097622027091e-01,1.181728000000000000e+06
5.986649979140592492e-01,1.183077000000000000e+06
5.990821860659156783e-01,1.183189000000000000e+06
5.994993742177722185e-01,1.183658000000000000e+06
5.999165623696286476e-01,1.184490000000000000e+06
6.003337505214851877e-01,1.185557000000000000e+06
6.007509386733416168e-01,1.186520000000000000e+06
6.011681268251981569e-01,1.186917000000000000e+06
6.015853149770546970e-01,1.187028000000000000e+06
6.020025031289111261e-01,1.187758000000000000e+06
6.024196912807676663e-01,1.191264000000000000e+06
6.028368794326240954e-01,1.194706000000000000e+06
6.032540675844806355e-01,1.197107000000000000e+06
6.036712557363370646e-01,1.197164000000000000e+06
6.040884438881936047e-01,1.198194000000000000e+06
6.045056320400500338e-01,1.199915000000000000e+06
6.049228201919065739e-01,1.204635000000000000e+06
6.053400083437630030e-01,1.204669000000000000e+06
6.057571964956195432e-01,1.210217000000000000e+06
6.061743846474759723e-01,1.210827000000000000e+06
6.065915727993325124e-01,1.211609000000000000e+06
6.070087609511889415e-01,1.215374000000000000e+06
6.074259491030454816e-01,1.217457000000000000e+06
6.078431372549019107e-01,1.218163000000000000e+06
6.082603254067584508e-01,1.219057000000000000e+06
6.086775135586148799e-01,1.220564000000000000e+06
6.090947017104714201e-01,1.222326000000000000e+06
6.095118898623278492e-01,1.224407000000000000e+06
6.099290780141843893e-01,1.225120000000000000e+06
6.103462661660409294e-01,1.227381000000000000e+06
6.107634543178973585e-01,1.227455000000000000e+06
6.111806424697538986e-01,1.227853000000000000e+06
6.115978306216103277e-01,1.228697000000000000e+06
6.120150187734668679e-01,1.230799000000000000e+06
6.124322069253232970e-01,1.231455000000000000e+06
6.128493950771798371e-01,1.233093000000000000e+06
6.132665832290362662e-01,1.233735000000000000e+06
6.136837713808928063e-01,1.235459000000000000e+06
6.141009595327492354e-01,1.236792000000000000e+06
6.145181476846057755e-01,1.241355000000000000e+06
6.149353358364622046e-01,1.241583000000000000e+06
6.153525239883187448e-01,1.241734000000000000e+06
6.157697121401751739e-01,1.242456000000000000e+06
6.161869002920317140e-01,1.243266000000000000e+06
6.166040884438881431e-01,1.243599000000000000e+06
6.170212765957446832e-01,1.244798000000000000e+06
6.174384647476011123e-01,1.246045000000000000e+06
6.178556528994576524e-01,1.247940000000000000e+06
6.182728410513140815e-01,1.251049000000000000e+06
6.186900292031706217e-01,1.253084000000000000e+06
6.191072173550271618e-01,1.254444000000000000e+06
6.195244055068835909e-01,1.255794000000000000e+06
6.199415936587401310e-01,1.256723000000000000e+06
6.203587818105965601e-01,1.257216000000000000e+06
6.207759699624531002e-01,1.257424000000000000e+06
6.211931581143095293e-01,1.259456000000000000e+06
6.216103462661660695e-01,1.259858000000000000e+06
6.220275344180224986e-01,1.260774000000000000e+06
6.224447225698790387e-01,1.263355000000000000e+06
6.228619107217354678e-01,1.265604000000000000e+06
6.232790988735920079e-01,1.265665000000000000e+06
6.236962870254484370e-01,1.267080000000000000e+06
6.241134751773049771e-01,1.269055000000000000e+06
6.245306633291614062e-01,1.277724000000000000e+06
6.249478514810179464e-01,1.278575000000000000e+06
6.253650396328743755e-01,1.280728000000000000e+06
6.257822277847309156e-01,1.281696000000000000e+06
6.261994159365873447e-01,1.281771000000000000e+06
6.266166040884438848e-01,1.282132000000000000e+06
6.270337922403003139e-01,1.283374000000000000e+06
6.274509803921568540e-01,1.285729000000000000e+06
6.278681685440133942e-01,1.288212000000000000e+06
6.282853566958698233e-01,1.291468000000000000e+06
6.287025448477263634e-01,1.294452000000000000e+06
6.291197329995827925e-01,1.294992000000000000e+06
6.295369211514393326e-01,1.300012000000000000e+06
6.299541093032957617e-01,1.304312000000000000e+06
6.303712974551523018e-01,1.305320000000000000e+06
6.307884856070087309e-01,1.305426000000000000e+06
6.312056737588652711e-01,1.307430000000000000e+06
6.316228619107217002e-01,1.307969000000000000e+06
6.320400500625782403e-01,1.309937000000000000e+06
6.324572382144346694e-01,1.311263000000000000e+06
6.328744263662912095e-01,1.311576000000000000e+06
6.332916145181476386e-01,1.315558000000000000e+06
6.337088026700041787e-01,1.319036000000000000e+06
6.341259908218606078e-01,1.319482000000000000e+06
6.345431789737171480e-01,1.323687000000000000e+06
6.349603671255735771e-01,1.324279000000000000e+06
6.353775552774301172e-01,1.325271000000000000e+06
6.357947434292865463e-01,1.327258000000000000e+06
6.362119315811430864e-01,1.330454000000000000e+06
6.366291197329996265e-01,1.331416000000000000e+06
6.370463078848560556e-01,1.333556000000000000e+06
6.374634960367125958e-01,1.334251000000000000e+06
6.378806841885690249e-01,1.334876000000000000e+06
6.382978723404255650e-01,1.336868000000000000e+06
6.387150604922819941e-01,1.339389000000000000e+06
6.391322486441385342e-01,1.341657000000000000e+06
6.395494367959949633e-01,1.343288000000000000e+06
6.399666249478515034e-01,1.346895000000000000e+06
6.403838130997079325e-01,1.346972000000000000e+06
6.408010012515644727e-01,1.350500000000000000e+06
6.412181894034209018e-01,1.350654000000000000e+06
6.416353775552774419e-01,1.350726000000000000e+06
6.420525657071338710e-01,1.354264000000000000e+06
6.424697538589904111e-01,1.360280000000000000e+06
6.428869420108468402e-01,1.361255000000000000e+06
6.433041301627033803e-01,1.362539000000000000e+06
6.437213183145598094e-01,1.363528000000000000e+06
6.441385064664163496e-01,1.364403000000000000e+06
6.445556946182727787e-01,1.364861000000000000e+06
6.449728827701293188e-01,1.365099000000000000e+06
6.453900709219858589e-01,1.366127000000000000e+06
6.458072590738422880e-01,1.367633000000000000e+06
6.462244472256988281e-01,1.368888000000000000e+06
6.466416353775552572e-01,1.369483000000000000e+06
6.470588235294117974e-01,1.369507000000000000e+06
6.474760116812682265e-01,1.372248000000000000e+06
6.478931998331247666e-01,1.374355000000000000e+06
6.483103879849811957e-01,1.374480000000000000e+06
6.487275761368377358e-01,1.374491000000000000e+06
6.491447642886941649e-01,1.375935000000000000e+06
6.495619524405507050e-01,1.376519000000000000e+06
6.499791405924071341e-01,1.377539000000000000e+06
6.503963287442636743e-01,1.378399000000000000e+06
6.508135168961201034e-01,1.381991000000000000e+06
6.512307050479766435e-01,1.387341000000000000e+06
6.516478931998330726e-01,1.388930000000000000e+06
6.520650813516896127e-01,1.391572000000000000e+06
6.524822695035460418e-01,1.391644000000000000e+06
6.528994576554025819e-01,1.391700000000000000e+06
6.533166458072590110e-01,1.395219000000000000e+06
6.537338339591155512e-01,1.397870000000000000e+06
6.541510221109720913e-01,1.398971000000000000e+06
6.545682102628285204e-01,1.399798000000000000e+06
6.549853984146850605e-01,1.404706000000000000e+06
6.554025865665414896e-01,1.408386000000000000e+06
6.558197747183980297e-01,1.410005000000000000e+06
6.562369628702544588e-01,1.411546000000000000e+06
6.566541510221109990e-01,1.413957000000000000e+06
6.570713391739674281e-01,1.421022000000000000e+06
6.574885273258239682e-01,1.424854000000000000e+06
6.579057154776803973e-01,1.425311000000000000e+06
6.583229036295369374e-01,1.431037000000000000e+06
6.587400917813933665e-01,1.436211000000000000e+06
6.591572799332499066e-01,1.441344000000000000e+06
6.595744680851063357e-01,1.444200000000000000e+06
6.599916562369628759e-01,1.447248000000000000e+06
6.604088443888193050e-01,1.448945000000000000e+06
6.608260325406758451e-01,1.450473000000000000e+06
6.612432206925322742e-01,1.452475000000000000e+06
6.616604088443888143e-01,1.460369000000000000e+06
6.620775969962452434e-01,1.461622000000000000e+06
6.624947851481017835e-01,1.466794000000000000e+06
6.629119732999583237e-01,1.467347000000000000e+06
6.633291614518147528e-01,1.467432000000000000e+06
6.637463496036712929e-01,1.468061000000000000e+06
6.641635377555277220e-01,1.472461000000000000e+06
6.645807259073842621e-01,1.473675000000000000e+06
6.649979140592406912e-01,1.476609000000000000e+06
6.654151022110972313e-01,1.478047000000000000e+06
6.658322903629536604e-01,1.479780000000000000e+06
6.662494785148102006e-01,1.480870000000000000e+06
6.666666666666666297e-01,1.480956000000000000e+06
6.670838548185231698e-01,1.486803000000000000e+06
6.675010429703795989e-01,1.487844000000000000e+06
6.679182311222361390e-01,1.491105000000000000e+06
6.683354192740925681e-01,1.492242000000000000e+06
6.687526074259491082e-01,1.495939000000000000e+06
6.691697955778055373e-01,1.497992000000000000e+06
6.695869837296620775e-01,1.502753000000000000e+06
6.700041718815185066e-01,1.506990000000000000e+06
6.704213600333750467e-01,1.507694000000000000e+06
6.708385481852314758e-01,1.508786000000000000e+06
6.712557363370880159e-01,1.509137000000000000e+06
6.716729244889445560e-01,1.510930000000000000e+06
6.720901126408009851e-01,1.511759000000000000e+06
6.725073007926575253e-01,1.512614000000000000e+06
6.729244889445139544e-01,1.512935000000000000e+06
6.733416770963704945e-01,1.513408000000000000e+06
6.737588652482269236e-01,1.516407000000000000e+06
6.741760534000834637e-01,1.517865000000000000e+06
6.745932415519398928e-01,1.519056000000000000e+06
6.750104297037964329e-01,1.524078000000000000e+06
6.754276178556528620e-01,1.531567000000000000e+06
6.758448060075094022e-01,1.534024000000000000e+06
6.762619941593658313e-01,1.536216000000000000e+06
6.766791823112223714e-01,1.537439000000000000e+06
6.770963704630788005e-01,1.538057000000000000e+06
6.775135586149353406e-01,1.538311000000000000e+06
6.779307467667917697e-01,1.541072000000000000e+06
6.783479349186483098e-01,1.546229000000000000e+06
6.787651230705047389e-01,1.546825000000000000e+06
6.791823112223612791e-01,1.546916000000000000e+06
6.795994993742177082e-01,1.547616000000000000e+06
6.800166875260742483e-01,1.549858000000000000e+06
6.804338756779307884e-01,1.549921000000000000e+06
6.808510638297872175e-01,1.561254000000000000e+06
6.812682519816437576e-01,1.563574000000000000e+06
6.816854401335001867e-01,1.576515000000000000e+06
6.821026282853567269e-01,1.580932000000000000e+06
6.825198164372131560e-01,1.581835000000000000e+06
6.829370045890696961e-01,1.584253000000000000e+06
6.833541927409261252e-01,1.584570000000000000e+06
6.837713808927826653e-01,1.586436000000000000e+06
6.841885690446390944e-01,1.586705000000000000e+06
6.846057571964956345e-01,1.596583000000000000e+06
6.850229453483520636e-01,1.597801000000000000e+06
6.854401335002086038e-01,1.599987000000000000e+06
6.858573216520650329e-01,1.606211000000000000e+06
6.862745098039215730e-01,1.609111000000000000e+06
6.866916979557780021e-01,1.611711000000000000e+06
6.871088861076345422e-01,1.614999000000000000e+06
6.875260742594909713e-01,1.616800000000000000e+06
6.879432624113475114e-01,1.621427000000000000e+06
6.883604505632039405e-01,1.622114000000000000e+06
6.887776387150604807e-01,1.623446000000000000e+06
6.891948268669170208e-01,1.624406000000000000e+06
6.896120150187734499e-01,1.627625000000000000e+06
6.900292031706299900e-01,1.630816000000000000e+06
6.904463913224864191e-01,1.631038000000000000e+06
6.908635794743429592e-01,1.632841000000000000e+06
6.912807676261993883e-01,1.634290000000000000e+06
6.916979557780559285e-01,1.643587000000000000e+06
6.921151439299123576e-01,1.646061000000000000e+06
6.925323320817688977e-01,1.650946000000000000e+06
6.929495202336253268e-01,1.652038000000000000e+06
6.933667083854818669e-01,1.654172000000000000e+06
6.937838965373382960e-01,1.655070000000000000e+06
6.942010846891948361e-01,1.656269000000000000e+06
6.946182728410512652e-01,1.658308000000000000e+06
6.950354609929078054e-01,1.664988000000000000e+06
6.954526491447642345e-01,1.665009000000000000e+06
6.958698372966207746e-01,1.673010000000000000e+06
6.962870254484772037e-01,1.674474000000000000e+06
6.967042136003337438e-01,1.675296000000000000e+06
6.971214017521901729e-01,1.675549000000000000e+06
6.975385899040467130e-01,1.677882000000000000e+06
6.979557780559032532e-01,1.677997000000000000e+06
6.983729662077596823e-01,1.681333000000000000e+06
6.987901543596162224e-01,1.681391000000000000e+06
6.992073425114726515e-01,1.682699000000000000e+06
6.996245306633291916e-01,1.683723000000000000e+06
7.000417188151856207e-01,1.683951000000000000e+06
7.004589069670421608e-01,1.684673000000000000e+06
7.008760951188985899e-01,1.685840000000000000e+06
7.012932832707551301e-01,1.692839000000000000e+06
7.017104714226115592e-01,1.693759000000000000e+06
7.021276595744680993e-01,1.696080000000000000e+06
7.025448477263245284e-01,1.696820000000000000e+06
7.029620358781810685e-01,1.700844000000000000e+06
7.033792240300374976e-01,1.700861000000000000e+06
7.037964121818940377e-01,1.704116000000000000e+06
7.042136003337504668e-01,1.705396000000000000e+06
7.046307884856070070e-01,1.706662000000000000e+06
7.050479766374634361e-01,1.709533000000000000e+06
7.054651647893199762e-01,1.711674000000000000e+06
7.058823529411764053e-01,1.712887000000000000e+06
7.062995410930329454e-01,1.715509000000000000e+06
7.067167292448894855e-01,1.716459000000000000e+06
7.071339173967459146e-01,1.729336000000000000e+06
7.075511055486024548e-01,1.732770000000000000e+06
7.079682937004588839e-01,1.733603000000000000e+06
7.083854818523154240e-01,1.736137000000000000e+06
7.088026700041718531e-01,1.736498000000000000e+06
7.092198581560283932e-01,1.741733000000000000e+06
7.096370463078848223e-01,1.747570000000000000e+06
7.100542344597413624e-01,1.749020000000000000e+06
7.104714226115977915e-01,1.749991000000000000e+06
7.108886107634543317e-01,1.750191000000000000e+06
7.113057989153107608e-01,1.756509000000000000e+06
7.117229870671673009e-01,1.756908000000000000e+06
7.121401752190237300e-01,1.762818000000000000e+06
7.125573633708802701e-01,1.763169000000000000e+06
7.129745515227366992e-01,1.765183000000000000e+06
7.133917396745932393e-01,1.769488000000000000e+06
7.138089278264496684e-01,1.774227000000000000e+06
7.142261159783062086e-01,1.776517000000000000e+06
7.146433041301626377e-01,1.776834000000000000e+06
7.150604922820191778e-01,1.780422000000000000e+06
7.154776804338757179e-01,1.782420000000000000e+06
7.158948685857321470e-01,1.786546000000000000e+06
7.163120567375886871e-01,1.787393000000000000e+06
7.167292448894451162e-01,1.792274000000000000e+06
7.171464330413016564e-01,1.797191000000000000e+06
7.175636211931580855e-01,1.805323000000000000e+06
7.179808093450146256e-01,1.807545000000000000e+06
7.183979974968710547e-01,1.807663000000000000e+06
7.188151856487275948e-01,1.810963000000000000e+06
7.192323738005840239e-01,1.811671000000000000e+06
7.196495619524405640e-01,1.816201000000000000e+06
7.200667501042969931e-01,1.816311000000000000e+06
7.204839382561535333e-01,1.818112000000000000e+06
7.209011264080099624e-01,1.819088000000000000e+06
7.213183145598665025e-01,1.822675000000000000e+06
7.217355027117229316e-01,1.828801000000000000e+06
7.221526908635794717e-01,1.830859000000000000e+06
7.225698790154359008e-01,1.832200000000000000e+06
7.229870671672924409e-01,1.833294000000000000e+06
7.234042553191488700e-01,1.847773000000000000e+06
7.238214434710054102e-01,1.849684000000000000e+06
7.242386316228619503e-01,1.849960000000000000e+06
7.246558197747183794e-01,1.850511000000000000e+06
7.250730079265749195e-01,1.854731000000000000e+06
7.254901960784313486e-01,1.857062000000000000e+06
7.259073842302878887e-01,1.860845000000000000e+06
7.263245723821443178e-01,1.861265000000000000e+06
7.267417605340008580e-01,1.865645000000000000e+06
7.271589486858572871e-01,1.866358000000000000e+06
7.275761368377138272e-01,1.867814000000000000e+06
7.279933249895702563e-01,1.870331000000000000e+06
7.284105131414267964e-01,1.870561000000000000e+06
7.288277012932832255e-01,1.870929000000000000e+06
7.292448894451397656e-01,1.876306000000000000e+06
7.296620775969961947e-01,1.878362000000000000e+06
7.300792657488527349e-01,1.882524000000000000e+06
7.304964539007091640e-01,1.883597000000000000e+06
7.309136420525657041e-01,1.884037000000000000e+06
7.313308302044221332e-01,1.888825000000000000e+06
7.317480183562786733e-01,1.889706000000000000e+06
7.321652065081351024e-01,1.889731000000000000e+06
7.325823946599916425e-01,1.906589000000000000e+06
7.329995828118481827e-01,1.907693000000000000e+06
7.334167709637046118e-01,1.910342000000000000e+06
7.338339591155611519e-01,1.910506000000000000e+06
7.342511472674175810e-01,1.916486000000000000e+06
7.346683354192741211e-01,1.921271000000000000e+06
7.350855235711305502e-01,1.925003000000000000e+06
7.355027117229870903e-01,1.925080000000000000e+06
7.359198998748435194e-01,1.928414000000000000e+06
7.363370880267000596e-01,1.932079000000000000e+06
7.367542761785564887e-01,1.932642000000000000e+06
7.371714643304130288e-01,1.933059000000000000e+06
7.375886524822694579e-01,1.933621000000000000e+06
7.380058406341259980e-01,1.937109000000000000e+06
7.384230287859824271e-01,1.937596000000000000e+06
7.388402169378389672e-01,1.942320000000000000e+06
7.392574050896953963e-01,1.951533000000000000e+06
7.396745932415519365e-01,1.954037000000000000e+06
7.400917813934083656e-01,1.969000000000000000e+06
7.405089695452649057e-01,1.969835000000000000e+06
7.409261576971213348e-01,1.973864000000000000e+06
7.413433458489778749e-01,1.974858000000000000e+06
7.417605340008344150e-01,1.980715000000000000e+06
7.421777221526908441e-01,1.983669000000000000e+06
7.425949103045473842e-01,1.986692000000000000e+06
7.430120984564038134e-01,1.987965000000000000e+06
7.434292866082603535e-01,1.989886000000000000e+06
7.438464747601167826e-01,1.990273000000000000e+06
7.442636629119733227e-01,1.990331000000000000e+06
7.446808510638297518e-01,1.992169000000000000e+06
7.450980392156862919e-01,2.003665000000000000e+06
7.455152273675427210e-01,2.015790000000000000e+06
7.459324155193992612e-01,2.015865000000000000e+06
7.463496036712556903e-01,2.018206000000000000e+06
7.467667918231122304e-01,2.021106000000000000e+06
7.471839799749686595e-01,2.021393000000000000e+06
7.476011681268251996e-01,2.025852000000000000e+06
7.480183562786816287e-01,2.027980000000000000e+06
7.484355444305381688e-01,2.032282000000000000e+06
7.488527325823945979e-01,2.036398000000000000e+06
7.492699207342511381e-01,2.039053000000000000e+06
7.496871088861075672e-01,2.040692000000000000e+06
7.501042970379641073e-01,2.045123000000000000e+06
7.505214851898206474e-01,2.045376000000000000e+06
7.509386733416770765e-01,2.048134000000000000e+06
7.513558614935336166e-01,2.048170000000000000e+06
7.517730496453900457e-01,2.048848000000000000e+06
7.521902377972465858e-01,2.051438000000000000e+06
7.526074259491030150e-01,2.052841000000000000e+06
7.530246141009595551e-01,2.056520000000000000e+06
7.534418022528159842e-01,2.058313000000000000e+06
7.538589904046725243e-01,2.059965000000000000e+06
7.542761785565289534e-01,2.060767000000000000e+06
7.546933667083854935e-01,2.079207000000000000e+06
7.551105548602419226e-01,2.084279000000000000e+06
7.555277430120984627e-01,2.091482000000000000e+06
7.559449311639548919e-01,2.091559000000000000e+06
7.563621193158114320e-01,2.092713000000000000e+06
7.567793074676678611e-01,2.092830000000000000e+06
7.571964956195244012e-01,2.103035000000000000e+06
7.576136837713808303e-01,2.106858000000000000e+06
7.580308719232373704e-01,2.109483000000000000e+06
7.584480600750937995e-01,2.112574000000000000e+06
7.588652482269503396e-01,2.113624000000000000e+06
7.592824363788068798e-01,2.116535000000000000e+06
7.596996245306633089e-01,2.120433000000000000e+06
7.601168126825198490e-01,2.128811000000000000e+06
7.605340008343762781e-01,2.131819000000000000e+06
7.609511889862328182e-01,2.134096000000000000e+06
7.613683771380892473e-01,2.141834000000000000e+06
7.617855652899457874e-01,2.142480000000000000e+06
7.622027534418022165e-01,2.152284000000000000e+06
7.626199415936587567e-01,2.153214000000000000e+06
7.630371297455151858e-01,2.163526000000000000e+06
7.634543178973717259e-01,2.163628000000000000e+06
7.638715060492281550e-01,2.166036000000000000e+06
7.642886942010846951e-01,2.181458000000000000e+06
7.647058823529411242e-01,2.182213000000000000e+06
7.651230705047976643e-01,2.187089000000000000e+06
7.655402586566540934e-01,2.191614000000000000e+06
7.659574468085106336e-01,2.191965000000000000e+06
7.663746349603670627e-01,2.200376000000000000e+06
7.667918231122236028e-01,2.200774000000000000e+06
7.672090112640800319e-01,2.201746000000000000e+06
7.676261994159365720e-01,2.203455000000000000e+06
7.680433875677931121e-01,2.203843000000000000e+06
7.684605757196495412e-01,2.205153000000000000e+06
7.688777638715060814e-01,2.208081000000000000e+06
7.692949520233625105e-01,2.208370000000000000e+06
7.697121401752190506e-01,2.210407000000000000e+06
7.701293283270754797e-01,2.210690000000000000e+06
7.705465164789320198e-01,2.210977000000000000e+06
7.709637046307884489e-01,2.212685000000000000e+06
7.713808927826449890e-01,2.224482000000000000e+06
7.717980809345014181e-01,2.225419000000000000e+06
7.722152690863579583e-01,2.232095000000000000e+06
7.726324572382143874e-01,2.238044000000000000e+06
7.730496453900709275e-01,2.242488000000000000e+06
7.734668335419273566e-01,2.247994000000000000e+06
7.738840216937838967e-01,2.251490000000000000e+06
7.743012098456403258e-01,2.252559000000000000e+06
7.747183979974968659e-01,2.257260000000000000e+06
7.751355861493532950e-01,2.259944000000000000e+06
7.755527743012098352e-01,2.261846000000000000e+06
7.759699624530663753e-01,2.263344000000000000e+06
7.763871506049228044e-01,2.263448000000000000e+06
7.768043387567793445e-01,2.268124000000000000e+06
7.772215269086357736e-01,2.269658000000000000e+06
7.776387150604923137e-01,2.274146000000000000e+06
7.780559032123487428e-01,2.275971000000000000e+06
7.784730913642052830e-01,2.277120000000000000e+06
7.788902795160617121e-01,2.279943000000000000e+06
7.793074676679182522e-01,2.283622000000000000e+06
7.797246558197746813e-01,2.284753000000000000e+06
7.801418439716312214e-01,2.287490000000000000e+06
7.805590321234876505e-01,2.293256000000000000e+06
7.809762202753441906e-01,2.294675000000000000e+06
7.813934084272006197e-01,2.299156000000000000e+06
7.818105965790571599e-01,2.300930000000000000e+06
7.822277847309135890e-01,2.304181000000000000e+06
7.826449728827701291e-01,2.304818000000000000e+06
7.830621610346265582e-01,2.305547000000000000e+06
7.834793491864830983e-01,2.309437000000000000e+06
7.838965373383395274e-01,2.312835000000000000e+06
7.843137254901960675e-01,2.317128000000000000e+06
7.847309136420526077e-01,2.320656000000000000e+06
7.851481017939090368e-01,2.325130000000000000e+06
7.855652899457655769e-01,2.330647000000000000e+06
7.859824780976220060e-01,2.335244000000000000e+06
7.863996662494785461e-01,2.338761000000000000e+06
7.868168544013349752e-01,2.343927000000000000e+06
7.872340425531915153e-01,2.350646000000000000e+06
7.876512307050479444e-01,2.358892000000000000e+06
7.880684188569044846e-01,2.368363000000000000e+06
7.884856070087609137e-01,2.377979000000000000e+06
7.889027951606174538e-01,2.385956000000000000e+06
7.893199833124738829e-01,2.386914000000000000e+06
7.897371714643304230e-01,2.387066000000000000e+06
7.901543596161868521e-01,2.387084000000000000e+06
7.905715477680433922e-01,2.387353000000000000e+06
7.909887359198998213e-01,2.405115000000000000e+06
7.914059240717563615e-01,2.415230000000000000e+06
7.918231122236127906e-01,2.415481000000000000e+06
7.922403003754693307e-01,2.416392000000000000e+06
7.926574885273257598e-01,2.420347000000000000e+06
7.930746766791822999e-01,2.423387000000000000e+06
7.934918648310388400e-01,2.430429000000000000e+06
7.939090529828952691e-01,2.431053000000000000e+06
7.943262411347518093e-01,2.431273000000000000e+06
7.947434292866082384e-01,2.438642000000000000e+06
7.951606174384647785e-01,2.440555000000000000e+06
7.955778055903212076e-01,2.442736000000000000e+06
7.959949937421777477e-01,2.443590000000000000e+06
7.964121818940341768e-01,2.444899000000000000e+06
7.968293700458907169e-01,2.449937000000000000e+06
7.972465581977471460e-01,2.450084000000000000e+06
7.976637463496036862e-01,2.450301000000000000e+06
7.980809345014601153e-01,2.451441000000000000e+06
7.984981226533166554e-01,2.455969000000000000e+06
7.989153108051730845e-01,2.459162000000000000e+06
7.993324989570296246e-01,2.459958000000000000e+06
7.997496871088860537e-01,2.460094000000000000e+06
8.001668752607425938e-01,2.468469000000000000e+06
8.005840634125990229e-01,2.477243000000000000e+06
8.010012515644555631e-01,2.478090000000000000e+06
8.014184397163119922e-01,2.490373000000000000e+06
8.018356278681685323e-01,2.490820000000000000e+06
8.022528160200250724e-01,2.492849000000000000e+06
8.026700041718815015e-01,2.498067000000000000e+06
8.030871923237380416e-01,2.500608000000000000e+06
8.035043804755944707e-01,2.500867000000000000e+06
8.039215686274510109e-01,2.501236000000000000e+06
8.043387567793074400e-01,2.503249000000000000e+06
8.047559449311639801e-01,2.506284000000000000e+06
8.051731330830204092e-01,2.507305000000000000e+06
8.055903212348769493e-01,2.508599000000000000e+06
8.060075093867333784e-01,2.528899000000000000e+06
8.064246975385899185e-01,2.530614000000000000e+06
8.068418856904463476e-01,2.541610000000000000e+06
8.072590738423028878e-01,2.541728000000000000e+06
8.076762619941593169e-01,2.552103000000000000e+06
8.080934501460158570e-01,2.559094000000000000e+06
8.085106382978722861e-01,2.560627000000000000e+06
8.089278264497288262e-01,2.569744000000000000e+06
8.093450146015852553e-01,2.572764000000000000e+06
8.097622027534417954e-01,2.583680000000000000e+06
8.101793909052982245e-01,2.586811000000000000e+06
8.105965790571547647e-01,2.587275000000000000e+06
8.110137672090113048e-01,2.589765000000000000e+06
8.114309553608677339e-01,2.594204000000000000e+06
8.118481435127242740e-01,2.599374000000000000e+06
8.122653316645807031e-01,2.607745000000000000e+06
8.126825198164372432e-01,2.608911000000000000e+06
8.130997079682936723e-01,2.610594000000000000e+06
8.135168961201502125e-01,2.610775000000000000e+06
8.139340842720066416e-01,2.615508000000000000e+06
8.143512724238631817e-01,2.617193000000000000e+06
8.147684605757196108e-01,2.619807000000000000e+06
8.151856487275761509e-01,2.624775000000000000e+06
8.156028368794325800e-01,2.629617000000000000e+06
8.160200250312891201e-01,2.635007000000000000e+06
8.164372131831455492e-01,2.635138000000000000e+06
8.168544013350020894e-01,2.637328000000000000e+06
8.172715894868585185e-01,2.644028000000000000e+06
8.176887776387150586e-01,2.647034000000000000e+06
8.181059657905714877e-01,2.648391000000000000e+06
8.185231539424280278e-01,2.650332000000000000e+06
8.189403420942844569e-01,2.650565000000000000e+06
8.193575302461409970e-01,2.655025000000000000e+06
8.197747183979975372e-01,2.655976000000000000e+06
8.201919065498539663e-01,2.656948000000000000e+06
8.206090947017105064e-01,2.657991000000000000e+06
8.210262828535669355e-01,2.660655000000000000e+06
8.214434710054234756e-01,2.661370000000000000e+06
8.218606591572799047e-01,2.662603000000000000e+06
8.222778473091364448e-01,2.664204000000000000e+06
8.226950354609928739e-01,2.668857000000000000e+06
8.231122236128494141e-01,2.670024000000000000e+06
8.235294117647058432e-01,2.678097000000000000e+06
8.239465999165623833e-01,2.686212000000000000e+06
8.243637880684188124e-01,2.699596000000000000e+06
8.247809762202753525e-01,2.703747000000000000e+06
8.251981643721317816e-01,2.710930000000000000e+06
8.256153525239883217e-01,2.711958000000000000e+06
8.260325406758447508e-01,2.712104000000000000e+06
8.264497288277012910e-01,2.715931000000000000e+06
8.268669169795577201e-01,2.722498000000000000e+06
8.272841051314142602e-01,2.724085000000000000e+06
8.277012932832706893e-01,2.726752000000000000e+06
8.281184814351272294e-01,2.729205000000000000e+06
8.285356695869837695e-01,2.735898000000000000e+06
8.289528577388401986e-01,2.736061000000000000e+06
8.293700458906967388e-01,2.745403000000000000e+06
8.297872340425531679e-01,2.748955000000000000e+06
8.302044221944097080e-01,2.749679000000000000e+06
8.306216103462661371e-01,2.749863000000000000e+06
8.310387984981226772e-01,2.756747000000000000e+06
8.314559866499791063e-01,2.761919000000000000e+06
8.318731748018356464e-01,2.789147000000000000e+06
8.322903629536920755e-01,2.795630000000000000e+06
8.327075511055486157e-01,2.801149000000000000e+06
8.331247392574050448e-01,2.803859000000000000e+06
8.335419274092615849e-01,2.805571000000000000e+06
8.339591155611180140e-01,2.806471000000000000e+06
8.343763037129745541e-01,2.810225000000000000e+06
8.347934918648309832e-01,2.816261000000000000e+06
8.352106800166875233e-01,2.819315000000000000e+06
8.356278681685439524e-01,2.834971000000000000e+06
8.360450563204004926e-01,2.843307000000000000e+06
8.364622444722569217e-01,2.843679000000000000e+06
8.368794326241134618e-01,2.851252000000000000e+06
8.372966207759700019e-01,2.853419000000000000e+06
8.377138089278264310e-01,2.856599000000000000e+06
8.381309970796829711e-01,2.860356000000000000e+06
8.385481852315394002e-01,2.864978000000000000e+06
8.389653733833959404e-01,2.865185000000000000e+06
8.393825615352523695e-01,2.867271000000000000e+06
8.397997496871089096e-01,2.870042000000000000e+06
8.402169378389653387e-01,2.876040000000000000e+06
8.406341259908218788e-01,2.891272000000000000e+06
8.410513141426783079e-01,2.907536000000000000e+06
8.414685022945348480e-01,2.916081000000000000e+06
8.418856904463912771e-01,2.919337000000000000e+06
8.423028785982478173e-01,2.919558000000000000e+06
8.427200667501042464e-01,2.921529000000000000e+06
8.431372549019607865e-01,2.922973000000000000e+06
8.435544430538172156e-01,2.924213000000000000e+06
8.439716312056737557e-01,2.928790000000000000e+06
8.443888193575301848e-01,2.936441000000000000e+06
8.448060075093867249e-01,2.938908000000000000e+06
8.452231956612431540e-01,2.939451000000000000e+06
8.456403838130996942e-01,2.943801000000000000e+06
8.460575719649562343e-01,2.950272000000000000e+06
8.464747601168126634e-01,2.951695000000000000e+06
8.468919482686692035e-01,2.973259000000000000e+06
8.473091364205256326e-01,2.975121000000000000e+06
8.477263245723821727e-01,2.988009000000000000e+06
8.481435127242386018e-01,2.990225000000000000e+06
8.485607008760951420e-01,2.995780000000000000e+06
8.489778890279515711e-01,2.999142000000000000e+06
8.493950771798081112e-01,3.001228000000000000e+06
8.498122653316645403e-01,3.002424000000000000e+06
8.502294534835210804e-01,3.004132000000000000e+06
8.506466416353775095e-01,3.004206000000000000e+06
8.510638297872340496e-01,3.010159000000000000e+06
8.514810179390904787e-01,3.010973000000000000e+06
8.518982060909470189e-01,3.011894000000000000e+06
8.523153942428034480e-01,3.016561000000000000e+06
8.527325823946599881e-01,3.024253000000000000e+06
8.531497705465164172e-01,3.026998000000000000e+06
8.535669586983729573e-01,3.048630000000000000e+06
8.539841468502293864e-01,3.060787000000000000e+06
8.544013350020859265e-01,3.061138000000000000e+06
8.548185231539424667e-01,3.071916000000000000e+06
8.552357113057988958e-01,3.079867000000000000e+06
8.556528994576554359e-01,3.080922000000000000e+06
8.560700876095118650e-01,3.092835000000000000e+06
8.564872757613684051e-01,3.110285000000000000e+06
8.569044639132248342e-01,3.118412000000000000e+06
8.573216520650813743e-01,3.125908000000000000e+06
8.577388402169378034e-01,3.128534000000000000e+06
8.581560283687943436e-01,3.139076000000000000e+06
8.585732165206507727e-01,3.150724000000000000e+06
8.589904046725073128e-01,3.150749000000000000e+06
8.594075928243637419e-01,3.151052000000000000e+06
8.598247809762202820e-01,3.164532000000000000e+06
8.602419691280767111e-01,3.165870000000000000e+06
8.606591572799332512e-01,3.165974000000000000e+06
8.610763454317896803e-01,3.173571000000000000e+06
8.614935335836462205e-01,3.196075000000000000e+06
8.619107217355026496e-01,3.211330000000000000e+06
8.623279098873591897e-01,3.219258000000000000e+06
8.627450980392156188e-01,3.220029000000000000e+06
8.631622861910721589e-01,3.221202000000000000e+06
8.635794743429286990e-01,3.226668000000000000e+06
8.639966624947851281e-01,3.229577000000000000e+06
8.644138506466416683e-01,3.233762000000000000e+06
8.648310387984980974e-01,3.239169000000000000e+06
8.652482269503546375e-01,3.247087000000000000e+06
8.656654151022110666e-01,3.247305000000000000e+06
8.660826032540676067e-01,3.249793000000000000e+06
8.664997914059240358e-01,3.251054000000000000e+06
8.669169795577805759e-01,3.260856000000000000e+06
8.673341677096370050e-01,3.268052000000000000e+06
8.677513558614935452e-01,3.278569000000000000e+06
8.681685440133499743e-01,3.283414000000000000e+06
8.685857321652065144e-01,3.299740000000000000e+06
8.690029203170629435e-01,3.302196000000000000e+06
8.694201084689194836e-01,3.305733000000000000e+06
8.698372966207759127e-01,3.318236000000000000e+06
8.702544847726324528e-01,3.323845000000000000e+06
8.706716729244888819e-01,3.331778000000000000e+06
8.710888610763454221e-01,3.352271000000000000e+06
8.715060492282018512e-01,3.362015000000000000e+06
8.719232373800583913e-01,3.372415000000000000e+06
8.723404255319149314e-01,3.375004000000000000e+06
8.727576136837713605e-01,3.375529000000000000e+06
8.731748018356279006e-01,3.381654000000000000e+06
8.735919899874843297e-01,3.385570000000000000e+06
8.740091781393408699e-01,3.388580000000000000e+06
8.744263662911972990e-01,3.397947000000000000e+06
8.748435544430538391e-01,3.400489000000000000e+06
8.752607425949102682e-01,3.402829000000000000e+06
8.756779307467668083e-01,3.405482000000000000e+06
8.760951188986232374e-01,3.407427000000000000e+06
8.765123070504797775e-01,3.418013000000000000e+06
8.769294952023362066e-01,3.419368000000000000e+06
8.773466833541927468e-01,3.431167000000000000e+06
8.777638715060491759e-01,3.434081000000000000e+06
8.781810596579057160e-01,3.438934000000000000e+06
8.785982478097621451e-01,3.444382000000000000e+06
8.790154359616186852e-01,3.445997000000000000e+06
8.794326241134751143e-01,3.458022000000000000e+06
8.798498122653316544e-01,3.464039000000000000e+06
8.802670004171880835e-01,3.466048000000000000e+06
8.806841885690446237e-01,3.468879000000000000e+06
8.811013767209011638e-01,3.471032000000000000e+06
8.815185648727575929e-01,3.477959000000000000e+06
8.819357530246141330e-01,3.479760000000000000e+06
8.823529411764705621e-01,3.484526000000000000e+06
8.827701293283271022e-01,3.489429000000000000e+06
8.831873174801835313e-01,3.494145000000000000e+06
8.836045056320400715e-01,3.498964000000000000e+06
8.840216937838965006e-01,3.502588000000000000e+06
8.844388819357530407e-01,3.506175000000000000e+06
8.848560700876094698e-01,3.510689000000000000e+06
8.852732582394660099e-01,3.523135000000000000e+06
8.856904463913224390e-01,3.523378000000000000e+06
8.861076345431789791e-01,3.527812000000000000e+06
8.865248226950354082e-01,3.529990000000000000e+06
8.869420108468919484e-01,3.568805000000000000e+06
8.873591989987483775e-01,3.586460000000000000e+06
8.877763871506049176e-01,3.591627000000000000e+06
8.881935753024613467e-01,3.600832000000000000e+06
8.886107634543178868e-01,3.608351000000000000e+06
8.890279516061743159e-01,3.625362000000000000e+06
8.894451397580308560e-01,3.635157000000000000e+06
8.898623279098873962e-01,3.637487000000000000e+06
8.902795160617438253e-01,3.637591000000000000e+06
8.906967042136003654e-01,3.660507000000000000e+06
8.911138923654567945e-01,3.663107000000000000e+06
8.915310805173133346e-01,3.665479000000000000e+06
8.919482686691697637e-01,3.671721000000000000e+06
8.923654568210263038e-01,3.678671000000000000e+06
8.927826449728827329e-01,3.687615000000000000e+06
8.931998331247392731e-01,3.697284000000000000e+06
8.936170212765957022e-01,3.709081000000000000e+06
8.940342094284522423e-01,3.714579000000000000e+06
8.944513975803086714e-01,3.724589000000000000e+06
8.948685857321652115e-01,3.728967000000000000e+06
8.952857738840216406e-01,3.729696000000000000e+06
8.957029620358781807e-01,3.730721000000000000e+06
8.961201501877346098e-01,3.731466000000000000e+06
8.965373383395911500e-01,3.742738000000000000e+06
8.969545264914475791e-01,3.742828000000000000e+06
8.973717146433041192e-01,3.751509000000000000e+06
8.977889027951605483e-01,3.753266000000000000e+06
8.982060909470170884e-01,3.755460000000000000e+06
8.986232790988736285e-01,3.762490000000000000e+06
8.990404672507300576e-01,3.764926000000000000e+06
8.994576554025865978e-01,3.764971000000000000e+06
8.998748435544430269e-01,3.772797000000000000e+06
9.002920317062995670e-01,3.778935000000000000e+06
9.007092198581559961e-01,3.807178000000000000e+06
9.011264080100125362e-01,3.815526000000000000e+06
9.015435961618689653e-01,3.831832000000000000e+06
9.019607843137255054e-01,3.832412000000000000e+06
9.023779724655819345e-01,3.836190000000000000e+06
9.027951606174384747e-01,3.851275000000000000e+06
9.032123487692949038e-01,3.861763000000000000e+06
9.036295369211514439e-01,3.875254000000000000e+06
9.040467250730078730e-01,3.890435000000000000e+06
9.044639132248644131e-01,3.891995000000000000e+06
9.048811013767208422e-01,3.894787000000000000e+06
9.052982895285773823e-01,3.907220000000000000e+06
9.057154776804338114e-01,3.916573000000000000e+06
9.061326658322903516e-01,3.973633000000000000e+06
9.065498539841467807e-01,3.994157000000000000e+06
9.069670421360033208e-01,4.039497000000000000e+06
9.073842302878598609e-01,4.051006000000000000e+06
9.078014184397162900e-01,4.056511000000000000e+06
9.082186065915728301e-01,4.064534000000000000e+06
9.086357947434292592e-01,4.068725000000000000e+06
9.090529828952857994e-01,4.100889000000000000e+06
9.094701710471422285e-01,4.125822000000000000e+06
9.098873591989987686e-01,4.133111000000000000e+06
9.103045473508551977e-01,4.134214000000000000e+06
9.107217355027117378e-01,4.144984000000000000e+06
9.111389236545681669e-01,4.159421000000000000e+06
9.115561118064247070e-01,4.167736000000000000e+06
9.119732999582811361e-01,4.183627000000000000e+06
9.123904881101376763e-01,4.207890000000000000e+06
9.128076762619941054e-01,4.223414000000000000e+06
9.132248644138506455e-01,4.248349000000000000e+06
9.136420525657070746e-01,4.265909000000000000e+06
9.140592407175636147e-01,4.265986000000000000e+06
9.144764288694200438e-01,4.280254000000000000e+06
9.148936170212765839e-01,4.291685000000000000e+06
9.153108051731330130e-01,4.296043000000000000e+06
9.157279933249895532e-01,4.296452000000000000e+06
9.161451814768460933e-01,4.299867000000000000e+06
9.165623696287025224e-01,4.306131000000000000e+06
9.169795577805590625e-01,4.318054000000000000e+06
9.173967459324154916e-01,4.321702000000000000e+06
9.178139340842720317e-01,4.340069000000000000e+06
9.182311222361284608e-01,4.340258000000000000e+06
9.186483103879850010e-01,4.364118000000000000e+06
9.190654985398414301e-01,4.372928000000000000e+06
9.194826866916979702e-01,4.373185000000000000e+06
9.198998748435543993e-01,4.384371000000000000e+06
9.203170629954109394e-01,4.386221000000000000e+06
9.207342511472673685e-01,4.389725000000000000e+06
9.211514392991239086e-01,4.399408000000000000e+06
9.215686274509803377e-01,4.411928000000000000e+06
9.219858156028368779e-01,4.417721000000000000e+06
9.224030037546933070e-01,4.419805000000000000e+06
9.228201919065498471e-01,4.427782000000000000e+06
9.232373800584062762e-01,4.428616000000000000e+06
9.236545682102628163e-01,4.430634000000000000e+06
9.240717563621192454e-01,4.434174000000000000e+06
9.244889445139757855e-01,4.449107000000000000e+06
9.249061326658323257e-01,4.449184000000000000e+06
9.253233208176887548e-01,4.455423000000000000e+06
9.257405089695452949e-01,4.468160000000000000e+06
9.261576971214017240e-01,4.468428000000000000e+06
9.265748852732582641e-01,4.483773000000000000e+06
9.269920734251146932e-01,4.504156000000000000e+06
9.274092615769712333e-01,4.518778000000000000e+06
9.278264497288276624e-01,4.531009000000000000e+06
9.282436378806842026e-01,4.550557000000000000e+06
9.286608260325406317e-01,4.561258000000000000e+06
9.290780141843971718e-01,4.561861000000000000e+06
9.294952023362536009e-01,4.568220000000000000e+06
9.299123904881101410e-01,4.585972000000000000e+06
9.303295786399665701e-01,4.591903000000000000e+06
9.307467667918231102e-01,4.596920000000000000e+06
9.311639549436795393e-01,4.630062000000000000e+06
9.315811430955360795e-01,4.630320000000000000e+06
9.319983312473925086e-01,4.646269000000000000e+06
9.324155193992490487e-01,4.681279000000000000e+06
9.328327075511054778e-01,4.685737000000000000e+06
9.332498957029620179e-01,4.690433000000000000e+06
9.336670838548185580e-01,4.709962000000000000e+06
9.340842720066749871e-01,4.726925000000000000e+06
9.345014601585315273e-01,4.735864000000000000e+06
9.349186483103879564e-01,4.783872000000000000e+06
9.353358364622444965e-01,4.797677000000000000e+06
9.357530246141009256e-01,4.804736000000000000e+06
9.361702127659574657e-01,4.861233000000000000e+06
9.365874009178138948e-01,4.861301000000000000e+06
9.370045890696704349e-01,4.894093000000000000e+06
9.374217772215268640e-01,4.903984000000000000e+06
9.378389653733834042e-01,4.912316000000000000e+06
9.382561535252398333e-01,4.920910000000000000e+06
9.386733416770963734e-01,4.930061000000000000e+06
9.390905298289528025e-01,4.951955000000000000e+06
9.395077179808093426e-01,4.954189000000000000e+06
9.399249061326657717e-01,5.030238000000000000e+06
9.403420942845223118e-01,5.047184000000000000e+06
9.407592824363787409e-01,5.048705000000000000e+06
9.411764705882352811e-01,5.056539000000000000e+06
9.415936587400918212e-01,5.102294000000000000e+06
9.420108468919482503e-01,5.109533000000000000e+06
9.424280350438047904e-01,5.114600000000000000e+06
9.428452231956612195e-01,5.118633000000000000e+06
9.432624113475177596e-01,5.122379000000000000e+06
9.436795994993741887e-01,5.136496000000000000e+06
9.440967876512307289e-01,5.157170000000000000e+06
9.445139758030871580e-01,5.163235000000000000e+06
9.449311639549436981e-01,5.167690000000000000e+06
9.453483521068001272e-01,5.171077000000000000e+06
9.457655402586566673e-01,5.209839000000000000e+06
9.461827284105130964e-01,5.246875000000000000e+06
9.465999165623696365e-01,5.268039000000000000e+06
9.470171047142260656e-01,5.283673000000000000e+06
9.474342928660826058e-01,5.291158000000000000e+06
9.478514810179390349e-01,5.300139000000000000e+06
9.482686691697955750e-01,5.319472000000000000e+06
9.486858573216520041e-01,5.344957000000000000e+06
9.491030454735085442e-01,5.364188000000000000e+06
9.495202336253649733e-01,5.392889000000000000e+06
9.499374217772215134e-01,5.405464000000000000e+06
9.503546099290780536e-01,5.412599000000000000e+06
9.507717980809344827e-01,5.414569000000000000e+06
9.511889862327910228e-01,5.435764000000000000e+06
9.516061743846474519e-01,5.445986000000000000e+06
9.520233625365039920e-01,5.450247000000000000e+06
9.524405506883604211e-01,5.474699000000000000e+06
9.528577388402169612e-01,5.485868000000000000e+06
9.532749269920733903e-01,5.514582000000000000e+06
9.536921151439299305e-01,5.528015000000000000e+06
9.541093032957863596e-01,5.544561000000000000e+06
9.545264914476428997e-01,5.629807000000000000e+06
9.549436795994993288e-01,5.643983000000000000e+06
9.553608677513558689e-01,5.672121000000000000e+06
9.557780559032122980e-01,5.684282000000000000e+06
9.561952440550688381e-01,5.700582000000000000e+06
9.566124322069252672e-01,5.742411000000000000e+06
9.570296203587818074e-01,5.751714000000000000e+06
9.574468085106382365e-01,5.786919000000000000e+06
9.578639966624947766e-01,5.795714000000000000e+06
9.582811848143512057e-01,5.893730000000000000e+06
9.586983729662077458e-01,5.907497000000000000e+06
9.591155611180642859e-01,5.948543000000000000e+06
9.595327492699207150e-01,5.983818000000000000e+06
9.599499374217772552e-01,6.000896000000000000e+06
9.603671255736336843e-01,6.009383000000000000e+06
9.607843137254902244e-01,6.014338000000000000e+06
9.612015018773466535e-01,6.019041000000000000e+06
9.616186900292031936e-01,6.073532000000000000e+06
9.620358781810596227e-01,6.091930000000000000e+06
9.624530663329161628e-01,6.094516000000000000e+06
9.628702544847725919e-01,6.109972000000000000e+06
9.632874426366291321e-01,6.155812000000000000e+06
9.637046307884855612e-01,6.187622000000000000e+06
9.641218189403421013e-01,6.194460000000000000e+06
9.645390070921985304e-01,6.210157000000000000e+06
9.649561952440550705e-01,6.223566000000000000e+06
9.653733833959114996e-01,6.290031000000000000e+06
9.657905715477680397e-01,6.296759000000000000e+06
9.662077596996244688e-01,6.307862000000000000e+06
9.666249478514810090e-01,6.312097000000000000e+06
9.670421360033374381e-01,6.349269000000000000e+06
9.674593241551939782e-01,6.373519000000000000e+06
9.678765123070505183e-01,6.431294000000000000e+06
9.682937004589069474e-01,6.514698000000000000e+06
9.687108886107634875e-01,6.520807000000000000e+06
9.691280767626199166e-01,6.563886000000000000e+06
9.695452649144764568e-01,6.635870000000000000e+06
9.699624530663328859e-01,6.636720000000000000e+06
9.703796412181894260e-01,6.684867000000000000e+06
9.707968293700458551e-01,6.692508000000000000e+06
9.712140175219023952e-01,6.699556000000000000e+06
9.716312056737588243e-01,6.724754000000000000e+06
9.720483938256153644e-01,6.725629000000000000e+06
9.724655819774717935e-01,6.849378000000000000e+06
9.728827701293283337e-01,6.875247000000000000e+06
9.732999582811847628e-01,6.879653000000000000e+06
9.737171464330413029e-01,6.901118000000000000e+06
9.741343345848977320e-01,7.129081000000000000e+06
9.745515227367542721e-01,7.157453000000000000e+06
9.749687108886107012e-01,7.176656000000000000e+06
9.753858990404672413e-01,7.259274000000000000e+06
9.758030871923236704e-01,7.287190000000000000e+06
9.762202753441802106e-01,7.453408000000000000e+06
9.766374634960367507e-01,7.529198000000000000e+06
9.770546516478931798e-01,7.658205000000000000e+06
9.774718397997497199e-01,7.719886000000000000e+06
9.778890279516061490e-01,7.745723000000000000e+06
9.783062161034626891e-01,7.750189000000000000e+06
9.787234042553191182e-01,7.753044000000000000e+06
9.791405924071756584e-01,7.819439000000000000e+06
9.795577805590320875e-01,7.878781000000000000e+06
9.799749687108886276e-01,7.914410000000000000e+06
9.803921568627450567e-01,7.926575000000000000e+06
9.808093450146015968e-01,8.078734000000000000e+06
9.812265331664580259e-01,8.107813000000000000e+06
9.816437213183145660e-01,8.124573000000000000e+06
9.820609094701709951e-01,8.174386000000000000e+06
9.824780976220275353e-01,8.251489000000000000e+06
9.828952857738839644e-01,8.364533000000000000e+06
9.833124739257405045e-01,8.438375000000000000e+06
9.837296620775969336e-01,8.453823000000000000e+06
9.841468502294534737e-01,8.474605000000000000e+06
9.845640383813099028e-01,8.640401000000000000e+06
9.849812265331664429e-01,8.669663000000000000e+06
9.853984146850229831e-01,8.751168000000000000e+06
9.858156028368794122e-01,8.806306000000000000e+06
9.862327909887359523e-01,8.856942000000000000e+06
9.866499791405923814e-01,8.895555000000000000e+06
9.870671672924489215e-01,8.947199000000000000e+06
9.874843554443053506e-01,8.970716000000000000e+06
9.879015435961618907e-01,9.019944000000000000e+06
9.883187317480183198e-01,9.095327000000000000e+06
9.887359198998748600e-01,9.168825000000000000e+06
9.891531080517312891e-01,9.170235000000000000e+06
9.895702962035878292e-01,9.407877000000000000e+06
9.899874843554442583e-01,9.409604000000000000e+06
9.904046725073007984e-01,9.452561000000000000e+06
9.908218606591572275e-01,9.655081000000000000e+06
9.912390488110137676e-01,9.665186000000000000e+06
9.916562369628701967e-01,9.846831000000000000e+06
9.920734251147267369e-01,9.955455000000000000e+06
9.924906132665831660e-01,1.022026400000000000e+07
9.929078014184397061e-01,1.050232900000000000e+07
9.933249895702961352e-01,1.053943500000000000e+07
9.937421777221526753e-01,1.069881300000000000e+07
9.941593658740092154e-01,1.081530200000000000e+07
9.945765540258656445e-01,1.086320700000000000e+07
9.949937421777221846e-01,1.096944000000000000e+07
9.954109303295786138e-01,1.097986300000000000e+07
9.958281184814351539e-01,1.116454600000000000e+07
9.962453066332915830e-01,1.137866300000000000e+07
9.966624947851481231e-01,1.214461500000000000e+07
9.970796829370045522e-01,1.230461400000000000e+07
9.974968710888610923e-01,1.309085300000000000e+07
9.979140592407175214e-01,1.347851200000000000e+07
9.983312473925740615e-01,1.369113600000000000e+07
9.987484355444304907e-01,1.449382400000000000e+07
9.991656236962870308e-01,1.667747800000000000e+07
9.995828118481434599e-01,1.795518000000000000e+07
1.000000000000000000e+00,1.958237400000000000e+07
