0.000000000000000000e+00,4.000000000000000000e+00
2.794076557697680943e-04,5.000000000000000000e+00
5.588153115395361886e-04,5.000000000000000000e+00
8.382229673093042829e-04,6.000000000000000000e+00
1.117630623079072377e-03,1.300000000000000000e+01
1.397038278848840472e-03,1.500000000000000000e+01
1.676445934618608566e-03,1.600000000000000000e+01
1.955853590388376660e-03,1.900000000000000000e+01
2.235261246158144754e-03,2.300000000000000000e+01
2.514668901927912849e-03,3.200000000000000000e+01
2.794076557697680943e-03,3.800000000000000000e+01
3.073484213467449037e-03,4.400000000000000000e+01
3.352891869237217132e-03,4.500000000000000000e+01
3.632299525006985226e-03,4.900000000000000000e+01
3.911707180776753320e-03,5.000000000000000000e+01
4.191114836546521415e-03,5.300000000000000000e+01
4.470522492316289509e-03,5.300000000000000000e+01
4.749930148086057603e-03,5.600000000000000000e+01
5.029337803855825698e-03,5.700000000000000000e+01
5.308745459625593792e-03,6.300000000000000000e+01
5.588153115395361886e-03,7.600000000000000000e+01
5.867560771165129981e-03,7.700000000000000000e+01
6.146968426934898075e-03,7.900000000000000000e+01
6.426376082704666169e-03,8.300000000000000000e+01
6.705783738474434263e-03,8.700000000000000000e+01
6.985191394244202358e-03,9.300000000000000000e+01
7.264599050013970452e-03,1.120000000000000000e+02
7.544006705783738546e-03,1.140000000000000000e+02
7.823414361553506641e-03,1.170000000000000000e+02
8.102822017323273868e-03,1.200000000000000000e+02
8.382229673093042829e-03,1.220000000000000000e+02
8.661637328862811791e-03,1.220000000000000000e+02
8.941044984632579018e-03,1.300000000000000000e+02
9.220452640402346245e-03,1.310000000000000000e+02
9.499860296172115207e-03,1.370000000000000000e+02
9.779267951941884168e-03,1.380000000000000000e+02
1.005867560771165140e-02,1.490000000000000000e+02
1.033808326348141862e-02,1.520000000000000000e+02
1.061749091925118758e-02,1.560000000000000000e+02
1.089689857502095655e-02,1.630000000000000000e+02
1.117630623079072377e-02,1.670000000000000000e+02
1.145571388656049100e-02,1.710000000000000000e+02
1.173512154233025996e-02,1.740000000000000000e+02
1.201452919810002892e-02,1.740000000000000000e+02
1.229393685386979615e-02,1.760000000000000000e+02
1.257334450963956338e-02,1.910000000000000000e+02
1.285275216540933234e-02,1.950000000000000000e+02
1.313215982117910130e-02,1.970000000000000000e+02
1.341156747694886853e-02,2.040000000000000000e+02
1.369097513271863575e-02,2.040000000000000000e+02
1.397038278848840472e-02,2.070000000000000000e+02
1.424979044425817368e-02,2.190000000000000000e+02
1.452919810002794090e-02,2.270000000000000000e+02
1.480860575579770813e-02,2.350000000000000000e+02
1.508801341156747709e-02,2.350000000000000000e+02
1.536742106733724605e-02,2.350000000000000000e+02
1.564682872310701328e-02,2.420000000000000000e+02
1.592623637887678051e-02,2.440000000000000000e+02
1.620564403464654774e-02,2.520000000000000000e+02
1.648505169041631843e-02,2.520000000000000000e+02
1.676445934618608566e-02,2.560000000000000000e+02
1.704386700195585289e-02,2.580000000000000000e+02
1.732327465772562358e-02,2.590000000000000000e+02
1.760268231349539081e-02,2.620000000000000000e+02
1.788208996926515804e-02,2.640000000000000000e+02
1.816149762503492526e-02,2.640000000000000000e+02
1.844090528080469249e-02,2.660000000000000000e+02
1.872031293657446319e-02,2.720000000000000000e+02
1.899972059234423041e-02,2.750000000000000000e+02
1.927912824811399764e-02,2.840000000000000000e+02
1.955853590388376834e-02,2.850000000000000000e+02
1.983794355965353556e-02,2.880000000000000000e+02
2.011735121542330279e-02,2.910000000000000000e+02
2.039675887119307002e-02,3.130000000000000000e+02
2.067616652696283724e-02,3.240000000000000000e+02
2.095557418273260794e-02,3.250000000000000000e+02
2.123498183850237517e-02,3.270000000000000000e+02
2.151438949427214239e-02,3.360000000000000000e+02
2.179379715004191309e-02,3.430000000000000000e+02
2.207320480581168032e-02,3.440000000000000000e+02
2.235261246158144754e-02,3.480000000000000000e+02
2.263202011735121477e-02,3.490000000000000000e+02
2.291142777312098200e-02,3.580000000000000000e+02
2.319083542889075270e-02,3.720000000000000000e+02
2.347024308466051992e-02,3.740000000000000000e+02
2.374965074043028715e-02,3.910000000000000000e+02
2.402905839620005785e-02,3.940000000000000000e+02
2.430846605196982507e-02,3.950000000000000000e+02
2.458787370773959230e-02,3.950000000000000000e+02
2.486728136350935953e-02,4.090000000000000000e+02
2.514668901927912675e-02,4.100000000000000000e+02
2.542609667504889745e-02,4.250000000000000000e+02
2.570550433081866468e-02,4.320000000000000000e+02
2.598491198658843190e-02,4.350000000000000000e+02
2.626431964235820260e-02,4.390000000000000000e+02
2.654372729812796983e-02,4.400000000000000000e+02
2.682313495389773705e-02,4.400000000000000000e+02
2.710254260966750428e-02,4.420000000000000000e+02
2.738195026543727151e-02,4.420000000000000000e+02
2.766135792120704220e-02,4.470000000000000000e+02
2.794076557697680943e-02,4.560000000000000000e+02
2.822017323274657666e-02,4.650000000000000000e+02
2.849958088851634735e-02,4.690000000000000000e+02
2.877898854428611458e-02,4.700000000000000000e+02
2.905839620005588181e-02,4.750000000000000000e+02
2.933780385582564904e-02,4.790000000000000000e+02
2.961721151159541626e-02,4.840000000000000000e+02
2.989661916736518696e-02,4.900000000000000000e+02
3.017602682313495419e-02,5.010000000000000000e+02
3.045543447890472141e-02,5.080000000000000000e+02
3.073484213467449211e-02,5.210000000000000000e+02
3.101424979044425934e-02,5.240000000000000000e+02
3.129365744621402656e-02,5.290000000000000000e+02
3.157306510198379379e-02,5.310000000000000000e+02
3.185247275775356102e-02,5.320000000000000000e+02
3.213188041352332824e-02,5.410000000000000000e+02
3.241128806929309547e-02,5.420000000000000000e+02
3.269069572506286964e-02,5.480000000000000000e+02
3.297010338083263686e-02,5.520000000000000000e+02
3.324951103660240409e-02,5.540000000000000000e+02
3.352891869237217132e-02,5.650000000000000000e+02
3.380832634814193854e-02,5.710000000000000000e+02
3.408773400391170577e-02,5.770000000000000000e+02
3.436714165968147300e-02,5.880000000000000000e+02
3.464654931545124716e-02,5.890000000000000000e+02
3.492595697122101439e-02,5.910000000000000000e+02
3.520536462699078162e-02,5.980000000000000000e+02
3.548477228276054884e-02,6.030000000000000000e+02
3.576417993853031607e-02,6.040000000000000000e+02
3.604358759430008330e-02,6.080000000000000000e+02
3.632299525006985053e-02,6.150000000000000000e+02
3.660240290583961775e-02,6.150000000000000000e+02
3.688181056160938498e-02,6.160000000000000000e+02
3.716121821737915915e-02,6.280000000000000000e+02
3.744062587314892637e-02,6.310000000000000000e+02
3.772003352891869360e-02,6.350000000000000000e+02
3.799944118468846083e-02,6.550000000000000000e+02
3.827884884045822805e-02,6.550000000000000000e+02
3.855825649622799528e-02,6.580000000000000000e+02
3.883766415199776251e-02,6.580000000000000000e+02
3.911707180776753667e-02,6.590000000000000000e+02
3.939647946353730390e-02,6.630000000000000000e+02
3.967588711930707113e-02,6.640000000000000000e+02
3.995529477507683835e-02,6.710000000000000000e+02
4.023470243084660558e-02,6.750000000000000000e+02
4.051411008661637281e-02,6.770000000000000000e+02
4.079351774238614003e-02,6.910000000000000000e+02
4.107292539815590726e-02,6.930000000000000000e+02
4.135233305392567449e-02,7.010000000000000000e+02
4.163174070969544865e-02,7.090000000000000000e+02
4.191114836546521588e-02,7.120000000000000000e+02
4.219055602123498311e-02,7.150000000000000000e+02
4.246996367700475034e-02,7.160000000000000000e+02
4.274937133277451756e-02,7.170000000000000000e+02
4.302877898854428479e-02,7.230000000000000000e+02
4.330818664431405202e-02,7.270000000000000000e+02
4.358759430008382618e-02,7.340000000000000000e+02
4.386700195585359341e-02,7.510000000000000000e+02
4.414640961162336064e-02,7.610000000000000000e+02
4.442581726739312786e-02,7.640000000000000000e+02
4.470522492316289509e-02,7.760000000000000000e+02
4.498463257893266232e-02,7.800000000000000000e+02
4.526404023470242954e-02,7.870000000000000000e+02
4.554344789047219677e-02,7.910000000000000000e+02
4.582285554624196400e-02,7.950000000000000000e+02
4.610226320201173816e-02,7.950000000000000000e+02
4.638167085778150539e-02,8.080000000000000000e+02
4.666107851355127262e-02,8.130000000000000000e+02
4.694048616932103984e-02,8.240000000000000000e+02
4.721989382509080707e-02,8.260000000000000000e+02
4.749930148086057430e-02,8.340000000000000000e+02
4.777870913663034153e-02,8.380000000000000000e+02
4.805811679240011569e-02,8.430000000000000000e+02
4.833752444816988292e-02,8.460000000000000000e+02
4.861693210393965014e-02,8.510000000000000000e+02
4.889633975970941737e-02,8.560000000000000000e+02
4.917574741547918460e-02,8.600000000000000000e+02
4.945515507124895183e-02,8.620000000000000000e+02
4.973456272701871905e-02,8.670000000000000000e+02
5.001397038278848628e-02,8.670000000000000000e+02
5.029337803855825351e-02,8.720000000000000000e+02
5.057278569432802767e-02,8.870000000000000000e+02
5.085219335009779490e-02,8.890000000000000000e+02
5.113160100586756213e-02,8.900000000000000000e+02
5.141100866163732935e-02,8.910000000000000000e+02
5.169041631740709658e-02,8.930000000000000000e+02
5.196982397317686381e-02,8.960000000000000000e+02
5.224923162894663103e-02,8.990000000000000000e+02
5.252863928471640520e-02,9.110000000000000000e+02
5.280804694048617243e-02,9.290000000000000000e+02
5.308745459625593965e-02,9.350000000000000000e+02
5.336686225202570688e-02,9.350000000000000000e+02
5.364626990779547411e-02,9.380000000000000000e+02
5.392567756356524133e-02,9.450000000000000000e+02
5.420508521933500856e-02,9.470000000000000000e+02
5.448449287510477579e-02,9.480000000000000000e+02
5.476390053087454302e-02,9.540000000000000000e+02
5.504330818664431718e-02,9.560000000000000000e+02
5.532271584241408441e-02,9.650000000000000000e+02
5.560212349818385164e-02,9.810000000000000000e+02
5.588153115395361886e-02,9.880000000000000000e+02
5.616093880972338609e-02,9.980000000000000000e+02
5.644034646549315332e-02,1.001000000000000000e+03
5.671975412126292054e-02,1.001000000000000000e+03
5.699916177703269471e-02,1.008000000000000000e+03
5.727856943280246194e-02,1.009000000000000000e+03
5.755797708857222916e-02,1.017000000000000000e+03
5.783738474434199639e-02,1.017000000000000000e+03
5.811679240011176362e-02,1.018000000000000000e+03
5.839620005588153084e-02,1.024000000000000000e+03
5.867560771165129807e-02,1.031000000000000000e+03
5.895501536742106530e-02,1.041000000000000000e+03
5.923442302319083252e-02,1.046000000000000000e+03
5.951383067896060669e-02,1.050000000000000000e+03
5.979323833473037392e-02,1.053000000000000000e+03
6.007264599050014114e-02,1.056000000000000000e+03
6.035205364626990837e-02,1.059000000000000000e+03
6.063146130203967560e-02,1.060000000000000000e+03
6.091086895780944283e-02,1.062000000000000000e+03
6.119027661357921005e-02,1.073000000000000000e+03
6.146968426934898422e-02,1.087000000000000000e+03
6.174909192511875144e-02,1.098000000000000000e+03
6.202849958088851867e-02,1.099000000000000000e+03
6.230790723665828590e-02,1.099000000000000000e+03
6.258731489242805313e-02,1.099000000000000000e+03
6.286672254819782035e-02,1.106000000000000000e+03
6.314613020396758758e-02,1.116000000000000000e+03
6.342553785973735481e-02,1.124000000000000000e+03
6.370494551550712203e-02,1.127000000000000000e+03
6.398435317127688926e-02,1.135000000000000000e+03
6.426376082704665649e-02,1.141000000000000000e+03
6.454316848281642371e-02,1.144000000000000000e+03
6.482257613858619094e-02,1.145000000000000000e+03
6.510198379435597205e-02,1.151000000000000000e+03
6.538139145012573927e-02,1.152000000000000000e+03
6.566079910589550650e-02,1.157000000000000000e+03
6.594020676166527373e-02,1.159000000000000000e+03
6.621961441743504095e-02,1.168000000000000000e+03
6.649902207320480818e-02,1.171000000000000000e+03
6.677842972897457541e-02,1.174000000000000000e+03
6.705783738474434263e-02,1.179000000000000000e+03
6.733724504051410986e-02,1.182000000000000000e+03
6.761665269628387709e-02,1.190000000000000000e+03
6.789606035205364432e-02,1.191000000000000000e+03
6.817546800782341154e-02,1.198000000000000000e+03
6.845487566359317877e-02,1.202000000000000000e+03
6.873428331936294600e-02,1.206000000000000000e+03
6.901369097513271322e-02,1.207000000000000000e+03
6.929309863090249433e-02,1.209000000000000000e+03
6.957250628667226156e-02,1.234000000000000000e+03
6.985191394244202878e-02,1.235000000000000000e+03
7.013132159821179601e-02,1.244000000000000000e+03
7.041072925398156324e-02,1.255000000000000000e+03
7.069013690975133046e-02,1.261000000000000000e+03
7.096954456552109769e-02,1.265000000000000000e+03
7.124895222129086492e-02,1.266000000000000000e+03
7.152835987706063214e-02,1.278000000000000000e+03
7.180776753283039937e-02,1.279000000000000000e+03
7.208717518860016660e-02,1.279000000000000000e+03
7.236658284436993382e-02,1.280000000000000000e+03
7.264599050013970105e-02,1.281000000000000000e+03
7.292539815590946828e-02,1.281000000000000000e+03
7.320480581167923551e-02,1.301000000000000000e+03
7.348421346744900273e-02,1.302000000000000000e+03
7.376362112321876996e-02,1.305000000000000000e+03
7.404302877898855106e-02,1.305000000000000000e+03
7.432243643475831829e-02,1.319000000000000000e+03
7.460184409052808552e-02,1.322000000000000000e+03
7.488125174629785274e-02,1.325000000000000000e+03
7.516065940206761997e-02,1.327000000000000000e+03
7.544006705783738720e-02,1.328000000000000000e+03
7.571947471360715443e-02,1.328000000000000000e+03
7.599888236937692165e-02,1.331000000000000000e+03
7.627829002514668888e-02,1.337000000000000000e+03
7.655769768091645611e-02,1.345000000000000000e+03
7.683710533668622333e-02,1.347000000000000000e+03
7.711651299245599056e-02,1.355000000000000000e+03
7.739592064822575779e-02,1.356000000000000000e+03
7.767532830399552501e-02,1.403000000000000000e+03
7.795473595976529224e-02,1.407000000000000000e+03
7.823414361553507335e-02,1.414000000000000000e+03
7.851355127130484057e-02,1.416000000000000000e+03
7.879295892707460780e-02,1.420000000000000000e+03
7.907236658284437503e-02,1.422000000000000000e+03
7.935177423861414225e-02,1.424000000000000000e+03
7.963118189438390948e-02,1.445000000000000000e+03
7.991058955015367671e-02,1.445000000000000000e+03
8.018999720592344393e-02,1.446000000000000000e+03
8.046940486169321116e-02,1.446000000000000000e+03
8.074881251746297839e-02,1.448000000000000000e+03
8.102822017323274562e-02,1.451000000000000000e+03
8.130762782900251284e-02,1.452000000000000000e+03
8.158703548477228007e-02,1.470000000000000000e+03
8.186644314054204730e-02,1.472000000000000000e+03
8.214585079631181452e-02,1.473000000000000000e+03
8.242525845208158175e-02,1.476000000000000000e+03
8.270466610785134898e-02,1.479000000000000000e+03
8.298407376362113008e-02,1.479000000000000000e+03
8.326348141939089731e-02,1.480000000000000000e+03
8.354288907516066454e-02,1.487000000000000000e+03
8.382229673093043176e-02,1.493000000000000000e+03
8.410170438670019899e-02,1.501000000000000000e+03
8.438111204246996622e-02,1.517000000000000000e+03
8.466051969823973344e-02,1.533000000000000000e+03
8.493992735400950067e-02,1.535000000000000000e+03
8.521933500977926790e-02,1.538000000000000000e+03
8.549874266554903512e-02,1.544000000000000000e+03
8.577815032131880235e-02,1.547000000000000000e+03
8.605755797708856958e-02,1.548000000000000000e+03
8.633696563285833681e-02,1.560000000000000000e+03
8.661637328862810403e-02,1.561000000000000000e+03
8.689578094439787126e-02,1.577000000000000000e+03
8.717518860016765236e-02,1.594000000000000000e+03
8.745459625593741959e-02,1.603000000000000000e+03
8.773400391170718682e-02,1.608000000000000000e+03
8.801341156747695404e-02,1.611000000000000000e+03
8.829281922324672127e-02,1.626000000000000000e+03
8.857222687901648850e-02,1.630000000000000000e+03
8.885163453478625573e-02,1.634000000000000000e+03
8.913104219055602295e-02,1.637000000000000000e+03
8.941044984632579018e-02,1.638000000000000000e+03
8.968985750209555741e-02,1.645000000000000000e+03
8.996926515786532463e-02,1.653000000000000000e+03
9.024867281363509186e-02,1.654000000000000000e+03
9.052808046940485909e-02,1.657000000000000000e+03
9.080748812517462631e-02,1.661000000000000000e+03
9.108689578094439354e-02,1.668000000000000000e+03
9.136630343671416077e-02,1.671000000000000000e+03
9.164571109248392800e-02,1.673000000000000000e+03
9.192511874825370910e-02,1.676000000000000000e+03
9.220452640402347633e-02,1.677000000000000000e+03
9.248393405979324355e-02,1.679000000000000000e+03
9.276334171556301078e-02,1.681000000000000000e+03
9.304274937133277801e-02,1.682000000000000000e+03
9.332215702710254523e-02,1.687000000000000000e+03
9.360156468287231246e-02,1.693000000000000000e+03
9.388097233864207969e-02,1.695000000000000000e+03
9.416037999441184692e-02,1.715000000000000000e+03
9.443978765018161414e-02,1.722000000000000000e+03
9.471919530595138137e-02,1.737000000000000000e+03
9.499860296172114860e-02,1.739000000000000000e+03
9.527801061749091582e-02,1.752000000000000000e+03
9.555741827326068305e-02,1.766000000000000000e+03
9.583682592903045028e-02,1.768000000000000000e+03
9.611623358480023138e-02,1.771000000000000000e+03
9.639564124056999861e-02,1.782000000000000000e+03
9.667504889633976584e-02,1.785000000000000000e+03
9.695445655210953306e-02,1.786000000000000000e+03
9.723386420787930029e-02,1.789000000000000000e+03
9.751327186364906752e-02,1.791000000000000000e+03
9.779267951941883474e-02,1.793000000000000000e+03
9.807208717518860197e-02,1.825000000000000000e+03
9.835149483095836920e-02,1.829000000000000000e+03
9.863090248672813642e-02,1.834000000000000000e+03
9.891031014249790365e-02,1.835000000000000000e+03
9.918971779826767088e-02,1.842000000000000000e+03
9.946912545403743811e-02,1.842000000000000000e+03
9.974853310980720533e-02,1.843000000000000000e+03
1.000279407655769726e-01,1.849000000000000000e+03
1.003073484213467398e-01,1.853000000000000000e+03
1.005867560771165070e-01,1.858000000000000000e+03
1.008661637328862881e-01,1.868000000000000000e+03
1.011455713886560553e-01,1.873000000000000000e+03
1.014249790444258226e-01,1.914000000000000000e+03
1.017043867001955898e-01,1.920000000000000000e+03
1.019837943559653570e-01,1.924000000000000000e+03
1.022632020117351243e-01,1.924000000000000000e+03
1.025426096675048915e-01,1.926000000000000000e+03
1.028220173232746587e-01,1.930000000000000000e+03
1.031014249790444259e-01,1.939000000000000000e+03
1.033808326348141932e-01,1.941000000000000000e+03
1.036602402905839604e-01,1.961000000000000000e+03
1.039396479463537276e-01,1.966000000000000000e+03
1.042190556021234948e-01,1.985000000000000000e+03
1.044984632578932621e-01,1.991000000000000000e+03
1.047778709136630293e-01,1.991000000000000000e+03
1.050572785694328104e-01,1.992000000000000000e+03
1.053366862252025776e-01,2.006000000000000000e+03
1.056160938809723449e-01,2.008000000000000000e+03
1.058955015367421121e-01,2.011000000000000000e+03
1.061749091925118793e-01,2.018000000000000000e+03
1.064543168482816465e-01,2.025000000000000000e+03
1.067337245040514138e-01,2.027000000000000000e+03
1.070131321598211810e-01,2.037000000000000000e+03
1.072925398155909482e-01,2.041000000000000000e+03
1.075719474713607154e-01,2.054000000000000000e+03
1.078513551271304827e-01,2.055000000000000000e+03
1.081307627829002499e-01,2.066000000000000000e+03
1.084101704386700171e-01,2.068000000000000000e+03
1.086895780944397844e-01,2.072000000000000000e+03
1.089689857502095516e-01,2.077000000000000000e+03
1.092483934059793188e-01,2.092000000000000000e+03
1.095278010617490860e-01,2.100000000000000000e+03
1.098072087175188671e-01,2.109000000000000000e+03
1.100866163732886344e-01,2.116000000000000000e+03
1.103660240290584016e-01,2.118000000000000000e+03
1.106454316848281688e-01,2.119000000000000000e+03
1.109248393405979360e-01,2.120000000000000000e+03
1.112042469963677033e-01,2.121000000000000000e+03
1.114836546521374705e-01,2.127000000000000000e+03
1.117630623079072377e-01,2.128000000000000000e+03
1.120424699636770050e-01,2.136000000000000000e+03
1.123218776194467722e-01,2.147000000000000000e+03
1.126012852752165394e-01,2.147000000000000000e+03
1.128806929309863066e-01,2.161000000000000000e+03
1.131601005867560739e-01,2.164000000000000000e+03
1.134395082425258411e-01,2.172000000000000000e+03
1.137189158982956083e-01,2.173000000000000000e+03
1.139983235540653894e-01,2.181000000000000000e+03
1.142777312098351566e-01,2.184000000000000000e+03
1.145571388656049239e-01,2.186000000000000000e+03
1.148365465213746911e-01,2.193000000000000000e+03
1.151159541771444583e-01,2.209000000000000000e+03
1.153953618329142256e-01,2.218000000000000000e+03
1.156747694886839928e-01,2.219000000000000000e+03
1.159541771444537600e-01,2.219000000000000000e+03
1.162335848002235272e-01,2.224000000000000000e+03
1.165129924559932945e-01,2.226000000000000000e+03
1.167924001117630617e-01,2.231000000000000000e+03
1.170718077675328289e-01,2.236000000000000000e+03
1.173512154233025961e-01,2.246000000000000000e+03
1.176306230790723634e-01,2.250000000000000000e+03
1.179100307348421306e-01,2.256000000000000000e+03
1.181894383906118978e-01,2.259000000000000000e+03
1.184688460463816650e-01,2.266000000000000000e+03
1.187482537021514462e-01,2.269000000000000000e+03
1.190276613579212134e-01,2.282000000000000000e+03
1.193070690136909806e-01,2.286000000000000000e+03
1.195864766694607478e-01,2.292000000000000000e+03
1.198658843252305151e-01,2.300000000000000000e+03
1.201452919810002823e-01,2.310000000000000000e+03
1.204246996367700495e-01,2.313000000000000000e+03
1.207041072925398167e-01,2.315000000000000000e+03
1.209835149483095840e-01,2.320000000000000000e+03
1.212629226040793512e-01,2.329000000000000000e+03
1.215423302598491184e-01,2.329000000000000000e+03
1.218217379156188857e-01,2.330000000000000000e+03
1.221011455713886529e-01,2.348000000000000000e+03
1.223805532271584201e-01,2.363000000000000000e+03
1.226599608829281873e-01,2.364000000000000000e+03
1.229393685386979684e-01,2.377000000000000000e+03
1.232187761944677357e-01,2.395000000000000000e+03
1.234981838502375029e-01,2.405000000000000000e+03
1.237775915060072701e-01,2.420000000000000000e+03
1.240569991617770373e-01,2.421000000000000000e+03
1.243364068175468046e-01,2.421000000000000000e+03
1.246158144733165718e-01,2.429000000000000000e+03
1.248952221290863390e-01,2.433000000000000000e+03
1.251746297848561063e-01,2.457000000000000000e+03
1.254540374406258874e-01,2.461000000000000000e+03
1.257334450963956407e-01,2.462000000000000000e+03
1.260128527521654218e-01,2.464000000000000000e+03
1.262922604079351752e-01,2.482000000000000000e+03
1.265716680637049563e-01,2.490000000000000000e+03
1.268510757194747096e-01,2.494000000000000000e+03
1.271304833752444907e-01,2.519000000000000000e+03
1.274098910310142441e-01,2.527000000000000000e+03
1.276892986867840252e-01,2.536000000000000000e+03
1.279687063425537785e-01,2.536000000000000000e+03
1.282481139983235596e-01,2.537000000000000000e+03
1.285275216540933130e-01,2.556000000000000000e+03
1.288069293098630941e-01,2.579000000000000000e+03
1.290863369656328474e-01,2.582000000000000000e+03
1.293657446214026285e-01,2.590000000000000000e+03
1.296451522771723819e-01,2.593000000000000000e+03
1.299245599329421630e-01,2.599000000000000000e+03
1.302039675887119441e-01,2.612000000000000000e+03
1.304833752444816974e-01,2.614000000000000000e+03
1.307627829002514785e-01,2.618000000000000000e+03
1.310421905560212319e-01,2.638000000000000000e+03
1.313215982117910130e-01,2.651000000000000000e+03
1.316010058675607663e-01,2.655000000000000000e+03
1.318804135233305475e-01,2.661000000000000000e+03
1.321598211791003008e-01,2.664000000000000000e+03
1.324392288348700819e-01,2.681000000000000000e+03
1.327186364906398353e-01,2.697000000000000000e+03
1.329980441464096164e-01,2.714000000000000000e+03
1.332774518021793697e-01,2.716000000000000000e+03
1.335568594579491508e-01,2.721000000000000000e+03
1.338362671137189042e-01,2.723000000000000000e+03
1.341156747694886853e-01,2.728000000000000000e+03
1.343950824252584664e-01,2.730000000000000000e+03
1.346744900810282197e-01,2.739000000000000000e+03
1.349538977367980008e-01,2.743000000000000000e+03
1.352333053925677542e-01,2.761000000000000000e+03
1.355127130483375353e-01,2.766000000000000000e+03
1.357921207041072886e-01,2.772000000000000000e+03
1.360715283598770697e-01,2.773000000000000000e+03
1.363509360156468231e-01,2.776000000000000000e+03
1.366303436714166042e-01,2.793000000000000000e+03
1.369097513271863575e-01,2.793000000000000000e+03
1.371891589829561386e-01,2.795000000000000000e+03
1.374685666387258920e-01,2.800000000000000000e+03
1.377479742944956731e-01,2.802000000000000000e+03
1.380273819502654264e-01,2.804000000000000000e+03
1.383067896060352076e-01,2.815000000000000000e+03
1.385861972618049887e-01,2.817000000000000000e+03
1.388656049175747420e-01,2.822000000000000000e+03
1.391450125733445231e-01,2.835000000000000000e+03
1.394244202291142765e-01,2.837000000000000000e+03
1.397038278848840576e-01,2.842000000000000000e+03
1.399832355406538109e-01,2.843000000000000000e+03
1.402626431964235920e-01,2.867000000000000000e+03
1.405420508521933454e-01,2.881000000000000000e+03
1.408214585079631265e-01,2.882000000000000000e+03
1.411008661637328798e-01,2.899000000000000000e+03
1.413802738195026609e-01,2.905000000000000000e+03
1.416596814752724143e-01,2.905000000000000000e+03
1.419390891310421954e-01,2.920000000000000000e+03
1.422184967868119487e-01,2.936000000000000000e+03
1.424979044425817298e-01,2.944000000000000000e+03
1.427773120983514832e-01,2.961000000000000000e+03
1.430567197541212643e-01,2.973000000000000000e+03
1.433361274098910454e-01,2.983000000000000000e+03
1.436155350656607987e-01,2.988000000000000000e+03
1.438949427214305798e-01,3.004000000000000000e+03
1.441743503772003332e-01,3.006000000000000000e+03
1.444537580329701143e-01,3.014000000000000000e+03
1.447331656887398676e-01,3.021000000000000000e+03
1.450125733445096488e-01,3.042000000000000000e+03
1.452919810002794021e-01,3.045000000000000000e+03
1.455713886560491832e-01,3.048000000000000000e+03
1.458507963118189366e-01,3.051000000000000000e+03
1.461302039675887177e-01,3.066000000000000000e+03
1.464096116233584710e-01,3.095000000000000000e+03
1.466890192791282521e-01,3.101000000000000000e+03
1.469684269348980055e-01,3.103000000000000000e+03
1.472478345906677866e-01,3.123000000000000000e+03
1.475272422464375399e-01,3.136000000000000000e+03
1.478066499022073210e-01,3.150000000000000000e+03
1.480860575579771021e-01,3.152000000000000000e+03
1.483654652137468555e-01,3.153000000000000000e+03
1.486448728695166366e-01,3.155000000000000000e+03
1.489242805252863899e-01,3.156000000000000000e+03
1.492036881810561710e-01,3.164000000000000000e+03
1.494830958368259244e-01,3.176000000000000000e+03
1.497625034925957055e-01,3.190000000000000000e+03
1.500419111483654588e-01,3.238000000000000000e+03
1.503213188041352399e-01,3.247000000000000000e+03
1.506007264599049933e-01,3.253000000000000000e+03
1.508801341156747744e-01,3.253000000000000000e+03
1.511595417714445277e-01,3.256000000000000000e+03
1.514389494272143089e-01,3.265000000000000000e+03
1.517183570829840622e-01,3.267000000000000000e+03
1.519977647387538433e-01,3.280000000000000000e+03
1.522771723945236244e-01,3.287000000000000000e+03
1.525565800502933778e-01,3.292000000000000000e+03
1.528359877060631589e-01,3.320000000000000000e+03
1.531153953618329122e-01,3.323000000000000000e+03
1.533948030176026933e-01,3.326000000000000000e+03
1.536742106733724467e-01,3.329000000000000000e+03
1.539536183291422278e-01,3.334000000000000000e+03
1.542330259849119811e-01,3.338000000000000000e+03
1.545124336406817622e-01,3.342000000000000000e+03
1.547918412964515156e-01,3.343000000000000000e+03
1.550712489522212967e-01,3.350000000000000000e+03
1.553506566079910500e-01,3.356000000000000000e+03
1.556300642637608311e-01,3.374000000000000000e+03
1.559094719195305845e-01,3.404000000000000000e+03
1.561888795753003656e-01,3.406000000000000000e+03
1.564682872310701467e-01,3.414000000000000000e+03
1.567476948868399000e-01,3.419000000000000000e+03
1.570271025426096811e-01,3.458000000000000000e+03
1.573065101983794345e-01,3.473000000000000000e+03
1.575859178541492156e-01,3.473000000000000000e+03
1.578653255099189689e-01,3.475000000000000000e+03
1.581447331656887501e-01,3.476000000000000000e+03
1.584241408214585034e-01,3.482000000000000000e+03
1.587035484772282845e-01,3.486000000000000000e+03
1.589829561329980379e-01,3.488000000000000000e+03
1.592623637887678190e-01,3.497000000000000000e+03
1.595417714445375723e-01,3.503000000000000000e+03
1.598211791003073534e-01,3.523000000000000000e+03
1.601005867560771068e-01,3.526000000000000000e+03
1.603799944118468879e-01,3.555000000000000000e+03
1.606594020676166412e-01,3.555000000000000000e+03
1.609388097233864223e-01,3.559000000000000000e+03
1.612182173791562034e-01,3.564000000000000000e+03
1.614976250349259568e-01,3.570000000000000000e+03
1.617770326906957379e-01,3.570000000000000000e+03
1.620564403464654912e-01,3.622000000000000000e+03
1.623358480022352723e-01,3.626000000000000000e+03
1.626152556580050257e-01,3.628000000000000000e+03
1.628946633137748068e-01,3.628000000000000000e+03
1.631740709695445601e-01,3.639000000000000000e+03
1.634534786253143412e-01,3.653000000000000000e+03
1.637328862810840946e-01,3.656000000000000000e+03
1.640122939368538757e-01,3.661000000000000000e+03
1.642917015926236290e-01,3.662000000000000000e+03
1.645711092483934102e-01,3.692000000000000000e+03
1.648505169041631635e-01,3.702000000000000000e+03
1.651299245599329446e-01,3.708000000000000000e+03
1.654093322157026980e-01,3.709000000000000000e+03
1.656887398714724791e-01,3.715000000000000000e+03
1.659681475272422602e-01,3.719000000000000000e+03
1.662475551830120135e-01,3.725000000000000000e+03
1.665269628387817946e-01,3.740000000000000000e+03
1.668063704945515480e-01,3.745000000000000000e+03
1.670857781503213291e-01,3.772000000000000000e+03
1.673651858060910824e-01,3.782000000000000000e+03
1.676445934618608635e-01,3.784000000000000000e+03
1.679240011176306169e-01,3.831000000000000000e+03
1.682034087734003980e-01,3.854000000000000000e+03
1.684828164291701513e-01,3.856000000000000000e+03
1.687622240849399324e-01,3.860000000000000000e+03
1.690416317407096858e-01,3.861000000000000000e+03
1.693210393964794669e-01,3.870000000000000000e+03
1.696004470522492202e-01,3.875000000000000000e+03
1.698798547080190013e-01,3.876000000000000000e+03
1.701592623637887824e-01,3.888000000000000000e+03
1.704386700195585358e-01,3.894000000000000000e+03
1.707180776753283169e-01,3.933000000000000000e+03
1.709974853310980702e-01,3.938000000000000000e+03
1.712768929868678514e-01,3.946000000000000000e+03
1.715563006426376047e-01,3.950000000000000000e+03
1.718357082984073858e-01,3.962000000000000000e+03
1.721151159541771392e-01,3.970000000000000000e+03
1.723945236099469203e-01,3.981000000000000000e+03
1.726739312657166736e-01,3.982000000000000000e+03
1.729533389214864547e-01,3.990000000000000000e+03
1.732327465772562081e-01,3.996000000000000000e+03
1.735121542330259892e-01,3.998000000000000000e+03
1.737915618887957425e-01,4.001000000000000000e+03
1.740709695445655236e-01,4.003000000000000000e+03
1.743503772003353047e-01,4.004000000000000000e+03
1.746297848561050581e-01,4.007000000000000000e+03
1.749091925118748392e-01,4.012000000000000000e+03
1.751886001676445925e-01,4.018000000000000000e+03
1.754680078234143736e-01,4.027000000000000000e+03
1.757474154791841270e-01,4.040000000000000000e+03
1.760268231349539081e-01,4.040000000000000000e+03
1.763062307907236614e-01,4.043000000000000000e+03
1.765856384464934425e-01,4.059000000000000000e+03
1.768650461022631959e-01,4.066000000000000000e+03
1.771444537580329770e-01,4.082000000000000000e+03
1.774238614138027303e-01,4.088000000000000000e+03
1.777032690695725115e-01,4.095000000000000000e+03
1.779826767253422648e-01,4.101000000000000000e+03
1.782620843811120459e-01,4.102000000000000000e+03
1.785414920368817993e-01,4.114000000000000000e+03
1.788208996926515804e-01,4.114000000000000000e+03
1.791003073484213615e-01,4.149000000000000000e+03
1.793797150041911148e-01,4.180000000000000000e+03
1.796591226599608959e-01,4.190000000000000000e+03
1.799385303157306493e-01,4.192000000000000000e+03
1.802179379715004304e-01,4.220000000000000000e+03
1.804973456272701837e-01,4.246000000000000000e+03
1.807767532830399648e-01,4.249000000000000000e+03
1.810561609388097182e-01,4.256000000000000000e+03
1.813355685945794993e-01,4.262000000000000000e+03
1.816149762503492526e-01,4.274000000000000000e+03
1.818943839061190337e-01,4.283000000000000000e+03
1.821737915618887871e-01,4.296000000000000000e+03
1.824531992176585682e-01,4.317000000000000000e+03
1.827326068734283215e-01,4.327000000000000000e+03
1.830120145291981026e-01,4.329000000000000000e+03
1.832914221849678560e-01,4.331000000000000000e+03
1.835708298407376371e-01,4.332000000000000000e+03
1.838502374965074182e-01,4.338000000000000000e+03
1.841296451522771715e-01,4.351000000000000000e+03
1.844090528080469527e-01,4.361000000000000000e+03
1.846884604638167060e-01,4.390000000000000000e+03
1.849678681195864871e-01,4.410000000000000000e+03
1.852472757753562405e-01,4.417000000000000000e+03
1.855266834311260216e-01,4.421000000000000000e+03
1.858060910868957749e-01,4.439000000000000000e+03
1.860854987426655560e-01,4.451000000000000000e+03
1.863649063984353094e-01,4.466000000000000000e+03
1.866443140542050905e-01,4.471000000000000000e+03
1.869237217099748438e-01,4.481000000000000000e+03
1.872031293657446249e-01,4.482000000000000000e+03
1.874825370215143783e-01,4.487000000000000000e+03
1.877619446772841594e-01,4.490000000000000000e+03
1.880413523330539405e-01,4.491000000000000000e+03
1.883207599888236938e-01,4.500000000000000000e+03
1.886001676445934749e-01,4.505000000000000000e+03
1.888795753003632283e-01,4.535000000000000000e+03
1.891589829561330094e-01,4.536000000000000000e+03
1.894383906119027627e-01,4.548000000000000000e+03
1.897177982676725438e-01,4.550000000000000000e+03
1.899972059234422972e-01,4.561000000000000000e+03
1.902766135792120783e-01,4.567000000000000000e+03
1.905560212349818316e-01,4.568000000000000000e+03
1.908354288907516128e-01,4.601000000000000000e+03
1.911148365465213661e-01,4.611000000000000000e+03
1.913942442022911472e-01,4.618000000000000000e+03
1.916736518580609006e-01,4.624000000000000000e+03
1.919530595138306817e-01,4.674000000000000000e+03
1.922324671696004628e-01,4.697000000000000000e+03
1.925118748253702161e-01,4.701000000000000000e+03
1.927912824811399972e-01,4.704000000000000000e+03
1.930706901369097506e-01,4.718000000000000000e+03
1.933500977926795317e-01,4.758000000000000000e+03
1.936295054484492850e-01,4.794000000000000000e+03
1.939089131042190661e-01,4.798000000000000000e+03
1.941883207599888195e-01,4.799000000000000000e+03
1.944677284157586006e-01,4.802000000000000000e+03
1.947471360715283539e-01,4.803000000000000000e+03
1.950265437272981350e-01,4.803000000000000000e+03
1.953059513830678884e-01,4.804000000000000000e+03
1.955853590388376695e-01,4.808000000000000000e+03
1.958647666946074228e-01,4.817000000000000000e+03
1.961441743503772039e-01,4.824000000000000000e+03
1.964235820061469573e-01,4.830000000000000000e+03
1.967029896619167384e-01,4.841000000000000000e+03
1.969823973176865195e-01,4.842000000000000000e+03
1.972618049734562728e-01,4.846000000000000000e+03
1.975412126292260540e-01,4.857000000000000000e+03
1.978206202849958073e-01,4.874000000000000000e+03
1.981000279407655884e-01,4.901000000000000000e+03
1.983794355965353418e-01,4.904000000000000000e+03
1.986588432523051229e-01,4.950000000000000000e+03
1.989382509080748762e-01,4.954000000000000000e+03
1.992176585638446573e-01,4.983000000000000000e+03
1.994970662196144107e-01,5.002000000000000000e+03
1.997764738753841918e-01,5.006000000000000000e+03
2.000558815311539451e-01,5.008000000000000000e+03
2.003352891869237262e-01,5.024000000000000000e+03
2.006146968426934796e-01,5.034000000000000000e+03
2.008941044984632607e-01,5.056000000000000000e+03
2.011735121542330140e-01,5.058000000000000000e+03
2.014529198100027951e-01,5.070000000000000000e+03
2.017323274657725762e-01,5.095000000000000000e+03
2.020117351215423296e-01,5.098000000000000000e+03
2.022911427773121107e-01,5.099000000000000000e+03
2.025705504330818640e-01,5.119000000000000000e+03
2.028499580888516451e-01,5.121000000000000000e+03
2.031293657446213985e-01,5.128000000000000000e+03
2.034087734003911796e-01,5.150000000000000000e+03
2.036881810561609329e-01,5.185000000000000000e+03
2.039675887119307141e-01,5.190000000000000000e+03
2.042469963677004674e-01,5.204000000000000000e+03
2.045264040234702485e-01,5.206000000000000000e+03
2.048058116792400019e-01,5.222000000000000000e+03
2.050852193350097830e-01,5.230000000000000000e+03
2.053646269907795363e-01,5.234000000000000000e+03
2.056440346465493174e-01,5.236000000000000000e+03
2.059234423023190985e-01,5.240000000000000000e+03
2.062028499580888519e-01,5.241000000000000000e+03
2.064822576138586330e-01,5.255000000000000000e+03
2.067616652696283863e-01,5.263000000000000000e+03
2.070410729253981674e-01,5.264000000000000000e+03
2.073204805811679208e-01,5.273000000000000000e+03
2.075998882369377019e-01,5.290000000000000000e+03
2.078792958927074552e-01,5.307000000000000000e+03
2.081587035484772363e-01,5.325000000000000000e+03
2.084381112042469897e-01,5.332000000000000000e+03
2.087175188600167708e-01,5.342000000000000000e+03
2.089969265157865241e-01,5.344000000000000000e+03
2.092763341715563052e-01,5.346000000000000000e+03
2.095557418273260586e-01,5.349000000000000000e+03
2.098351494830958397e-01,5.358000000000000000e+03
2.101145571388656208e-01,5.360000000000000000e+03
2.103939647946353741e-01,5.376000000000000000e+03
2.106733724504051553e-01,5.396000000000000000e+03
2.109527801061749086e-01,5.397000000000000000e+03
2.112321877619446897e-01,5.404000000000000000e+03
2.115115954177144431e-01,5.408000000000000000e+03
2.117910030734842242e-01,5.414000000000000000e+03
2.120704107292539775e-01,5.419000000000000000e+03
2.123498183850237586e-01,5.420000000000000000e+03
2.126292260407935120e-01,5.437000000000000000e+03
2.129086336965632931e-01,5.438000000000000000e+03
2.131880413523330464e-01,5.441000000000000000e+03
2.134674490081028275e-01,5.443000000000000000e+03
2.137468566638725809e-01,5.444000000000000000e+03
2.140262643196423620e-01,5.452000000000000000e+03
2.143056719754121153e-01,5.459000000000000000e+03
2.145850796311818964e-01,5.488000000000000000e+03
2.148644872869516775e-01,5.488000000000000000e+03
2.151438949427214309e-01,5.506000000000000000e+03
2.154233025984912120e-01,5.514000000000000000e+03
2.157027102542609653e-01,5.520000000000000000e+03
2.159821179100307464e-01,5.525000000000000000e+03
2.162615255658004998e-01,5.531000000000000000e+03
2.165409332215702809e-01,5.532000000000000000e+03
2.168203408773400342e-01,5.535000000000000000e+03
2.170997485331098154e-01,5.537000000000000000e+03
2.173791561888795687e-01,5.554000000000000000e+03
2.176585638446493498e-01,5.561000000000000000e+03
2.179379715004191032e-01,5.565000000000000000e+03
2.182173791561888843e-01,5.580000000000000000e+03
2.184967868119586376e-01,5.602000000000000000e+03
2.187761944677284187e-01,5.606000000000000000e+03
2.190556021234981721e-01,5.609000000000000000e+03
2.193350097792679532e-01,5.612000000000000000e+03
2.196144174350377343e-01,5.621000000000000000e+03
2.198938250908074876e-01,5.637000000000000000e+03
2.201732327465772687e-01,5.637000000000000000e+03
2.204526404023470221e-01,5.638000000000000000e+03
2.207320480581168032e-01,5.649000000000000000e+03
2.210114557138865565e-01,5.654000000000000000e+03
2.212908633696563376e-01,5.683000000000000000e+03
2.215702710254260910e-01,5.683000000000000000e+03
2.218496786811958721e-01,5.684000000000000000e+03
2.221290863369656254e-01,5.696000000000000000e+03
2.224084939927354065e-01,5.702000000000000000e+03
2.226879016485051599e-01,5.705000000000000000e+03
2.229673093042749410e-01,5.716000000000000000e+03
2.232467169600446943e-01,5.723000000000000000e+03
2.235261246158144754e-01,5.729000000000000000e+03
2.238055322715842566e-01,5.737000000000000000e+03
2.240849399273540099e-01,5.744000000000000000e+03
2.243643475831237910e-01,5.783000000000000000e+03
2.246437552388935444e-01,5.784000000000000000e+03
2.249231628946633255e-01,5.795000000000000000e+03
2.252025705504330788e-01,5.841000000000000000e+03
2.254819782062028599e-01,5.850000000000000000e+03
2.257613858619726133e-01,5.878000000000000000e+03
2.260407935177423944e-01,5.889000000000000000e+03
2.263202011735121477e-01,5.893000000000000000e+03
2.265996088292819288e-01,5.894000000000000000e+03
2.268790164850516822e-01,5.908000000000000000e+03
2.271584241408214633e-01,5.912000000000000000e+03
2.274378317965912166e-01,5.928000000000000000e+03
2.277172394523609977e-01,5.932000000000000000e+03
2.279966471081307788e-01,5.956000000000000000e+03
2.282760547639005322e-01,5.960000000000000000e+03
2.285554624196703133e-01,6.006000000000000000e+03
2.288348700754400666e-01,6.008000000000000000e+03
2.291142777312098477e-01,6.011000000000000000e+03
2.293936853869796011e-01,6.016000000000000000e+03
2.296730930427493822e-01,6.023000000000000000e+03
2.299525006985191355e-01,6.028000000000000000e+03
2.302319083542889167e-01,6.045000000000000000e+03
2.305113160100586700e-01,6.051000000000000000e+03
2.307907236658284511e-01,6.051000000000000000e+03
2.310701313215982045e-01,6.051000000000000000e+03
2.313495389773679856e-01,6.057000000000000000e+03
2.316289466331377389e-01,6.086000000000000000e+03
2.319083542889075200e-01,6.122000000000000000e+03
2.321877619446772734e-01,6.144000000000000000e+03
2.324671696004470545e-01,6.147000000000000000e+03
2.327465772562168356e-01,6.160000000000000000e+03
2.330259849119865889e-01,6.202000000000000000e+03
2.333053925677563700e-01,6.208000000000000000e+03
2.335848002235261234e-01,6.217000000000000000e+03
2.338642078792959045e-01,6.219000000000000000e+03
2.341436155350656578e-01,6.224000000000000000e+03
2.344230231908354389e-01,6.238000000000000000e+03
2.347024308466051923e-01,6.244000000000000000e+03
2.349818385023749734e-01,6.254000000000000000e+03
2.352612461581447267e-01,6.256000000000000000e+03
2.355406538139145078e-01,6.261000000000000000e+03
2.358200614696842612e-01,6.278000000000000000e+03
2.360994691254540423e-01,6.298000000000000000e+03
2.363788767812237956e-01,6.308000000000000000e+03
2.366582844369935767e-01,6.317000000000000000e+03
2.369376920927633301e-01,6.324000000000000000e+03
2.372170997485331112e-01,6.325000000000000000e+03
2.374965074043028923e-01,6.345000000000000000e+03
2.377759150600726457e-01,6.378000000000000000e+03
2.380553227158424268e-01,6.386000000000000000e+03
2.383347303716121801e-01,6.388000000000000000e+03
2.386141380273819612e-01,6.394000000000000000e+03
2.388935456831517146e-01,6.434000000000000000e+03
2.391729533389214957e-01,6.436000000000000000e+03
2.394523609946912490e-01,6.441000000000000000e+03
2.397317686504610301e-01,6.453000000000000000e+03
2.400111763062307835e-01,6.460000000000000000e+03
2.402905839620005646e-01,6.466000000000000000e+03
2.405699916177703179e-01,6.483000000000000000e+03
2.408493992735400990e-01,6.484000000000000000e+03
2.411288069293098524e-01,6.484000000000000000e+03
2.414082145850796335e-01,6.498000000000000000e+03
2.416876222408494146e-01,6.514000000000000000e+03
2.419670298966191679e-01,6.566000000000000000e+03
2.422464375523889490e-01,6.579000000000000000e+03
2.425258452081587024e-01,6.579000000000000000e+03
2.428052528639284835e-01,6.585000000000000000e+03
2.430846605196982368e-01,6.586000000000000000e+03
2.433640681754680180e-01,6.599000000000000000e+03
2.436434758312377713e-01,6.600000000000000000e+03
2.439228834870075524e-01,6.602000000000000000e+03
2.442022911427773058e-01,6.603000000000000000e+03
2.444816987985470869e-01,6.605000000000000000e+03
2.447611064543168402e-01,6.640000000000000000e+03
2.450405141100866213e-01,6.651000000000000000e+03
2.453199217658563747e-01,6.652000000000000000e+03
2.455993294216261558e-01,6.661000000000000000e+03
2.458787370773959369e-01,6.672000000000000000e+03
2.461581447331656902e-01,6.683000000000000000e+03
2.464375523889354713e-01,6.689000000000000000e+03
2.467169600447052247e-01,6.698000000000000000e+03
2.469963677004750058e-01,6.702000000000000000e+03
2.472757753562447591e-01,6.718000000000000000e+03
2.475551830120145402e-01,6.723000000000000000e+03
2.478345906677842936e-01,6.724000000000000000e+03
2.481139983235540747e-01,6.752000000000000000e+03
2.483934059793238280e-01,6.753000000000000000e+03
2.486728136350936091e-01,6.771000000000000000e+03
2.489522212908633625e-01,6.778000000000000000e+03
2.492316289466331436e-01,6.787000000000000000e+03
2.495110366024028969e-01,6.792000000000000000e+03
2.497904442581726780e-01,6.803000000000000000e+03
2.500698519139424314e-01,6.807000000000000000e+03
2.503492595697122125e-01,6.813000000000000000e+03
2.506286672254819936e-01,6.816000000000000000e+03
2.509080748812517747e-01,6.823000000000000000e+03
2.511874825370215003e-01,6.855000000000000000e+03
2.514668901927912814e-01,6.864000000000000000e+03
2.517462978485610625e-01,6.867000000000000000e+03
2.520257055043308436e-01,6.875000000000000000e+03
2.523051131601005692e-01,6.883000000000000000e+03
2.525845208158703503e-01,6.885000000000000000e+03
2.528639284716401314e-01,6.887000000000000000e+03
2.531433361274099125e-01,6.887000000000000000e+03
2.534227437831796381e-01,6.888000000000000000e+03
2.537021514389494192e-01,6.890000000000000000e+03
2.539815590947192003e-01,6.924000000000000000e+03
2.542609667504889814e-01,6.938000000000000000e+03
2.545403744062587070e-01,6.938000000000000000e+03
2.548197820620284881e-01,6.946000000000000000e+03
2.550991897177982692e-01,6.947000000000000000e+03
2.553785973735680503e-01,6.960000000000000000e+03
2.556580050293378314e-01,6.970000000000000000e+03
2.559374126851075570e-01,6.971000000000000000e+03
2.562168203408773381e-01,6.974000000000000000e+03
2.564962279966471193e-01,6.992000000000000000e+03
2.567756356524169004e-01,7.018000000000000000e+03
2.570550433081866259e-01,7.038000000000000000e+03
2.573344509639564071e-01,7.070000000000000000e+03
2.576138586197261882e-01,7.071000000000000000e+03
2.578932662754959693e-01,7.076000000000000000e+03
2.581726739312656949e-01,7.111000000000000000e+03
2.584520815870354760e-01,7.119000000000000000e+03
2.587314892428052571e-01,7.121000000000000000e+03
2.590108968985750382e-01,7.125000000000000000e+03
2.592903045543447638e-01,7.136000000000000000e+03
2.595697122101145449e-01,7.164000000000000000e+03
2.598491198658843260e-01,7.166000000000000000e+03
2.601285275216541071e-01,7.168000000000000000e+03
2.604079351774238882e-01,7.174000000000000000e+03
2.606873428331936138e-01,7.183000000000000000e+03
2.609667504889633949e-01,7.191000000000000000e+03
2.612461581447331760e-01,7.197000000000000000e+03
2.615255658005029571e-01,7.198000000000000000e+03
2.618049734562726827e-01,7.231000000000000000e+03
2.620843811120424638e-01,7.259000000000000000e+03
2.623637887678122449e-01,7.273000000000000000e+03
2.626431964235820260e-01,7.289000000000000000e+03
2.629226040793517516e-01,7.296000000000000000e+03
2.632020117351215327e-01,7.307000000000000000e+03
2.634814193908913138e-01,7.310000000000000000e+03
2.637608270466610949e-01,7.311000000000000000e+03
2.640402347024308760e-01,7.311000000000000000e+03
2.643196423582006016e-01,7.322000000000000000e+03
2.645990500139703827e-01,7.330000000000000000e+03
2.648784576697401638e-01,7.335000000000000000e+03
2.651578653255099449e-01,7.349000000000000000e+03
2.654372729812796705e-01,7.351000000000000000e+03
2.657166806370494516e-01,7.354000000000000000e+03
2.659960882928192327e-01,7.358000000000000000e+03
2.662754959485890138e-01,7.358000000000000000e+03
2.665549036043587394e-01,7.367000000000000000e+03
2.668343112601285205e-01,7.389000000000000000e+03
2.671137189158983016e-01,7.397000000000000000e+03
2.673931265716680827e-01,7.398000000000000000e+03
2.676725342274378083e-01,7.407000000000000000e+03
2.679519418832075894e-01,7.409000000000000000e+03
2.682313495389773705e-01,7.452000000000000000e+03
2.685107571947471516e-01,7.469000000000000000e+03
2.687901648505169327e-01,7.496000000000000000e+03
2.690695725062866583e-01,7.497000000000000000e+03
2.693489801620564394e-01,7.502000000000000000e+03
2.696283878178262206e-01,7.508000000000000000e+03
2.699077954735960017e-01,7.523000000000000000e+03
2.701872031293657272e-01,7.535000000000000000e+03
2.704666107851355084e-01,7.554000000000000000e+03
2.707460184409052895e-01,7.557000000000000000e+03
2.710254260966750706e-01,7.563000000000000000e+03
2.713048337524447962e-01,7.588000000000000000e+03
2.715842414082145773e-01,7.592000000000000000e+03
2.718636490639843584e-01,7.594000000000000000e+03
2.721430567197541395e-01,7.614000000000000000e+03
2.724224643755238651e-01,7.634000000000000000e+03
2.727018720312936462e-01,7.651000000000000000e+03
2.729812796870634273e-01,7.659000000000000000e+03
2.732606873428332084e-01,7.676000000000000000e+03
2.735400949986029895e-01,7.681000000000000000e+03
2.738195026543727151e-01,7.690000000000000000e+03
2.740989103101424962e-01,7.695000000000000000e+03
2.743783179659122773e-01,7.709000000000000000e+03
2.746577256216820584e-01,7.713000000000000000e+03
2.749371332774517840e-01,7.717000000000000000e+03
2.752165409332215651e-01,7.724000000000000000e+03
2.754959485889913462e-01,7.733000000000000000e+03
2.757753562447611273e-01,7.743000000000000000e+03
2.760547639005308529e-01,7.750000000000000000e+03
2.763341715563006340e-01,7.756000000000000000e+03
2.766135792120704151e-01,7.759000000000000000e+03
2.768929868678401962e-01,7.761000000000000000e+03
2.771723945236099773e-01,7.773000000000000000e+03
2.774518021793797029e-01,7.779000000000000000e+03
2.777312098351494840e-01,7.790000000000000000e+03
2.780106174909192651e-01,7.812000000000000000e+03
2.782900251466890462e-01,7.827000000000000000e+03
2.785694328024587718e-01,7.829000000000000000e+03
2.788488404582285529e-01,7.834000000000000000e+03
2.791282481139983340e-01,7.835000000000000000e+03
2.794076557697681151e-01,7.839000000000000000e+03
2.796870634255378407e-01,7.840000000000000000e+03
2.799664710813076218e-01,7.885000000000000000e+03
2.802458787370774029e-01,7.918000000000000000e+03
2.805252863928471840e-01,7.918000000000000000e+03
2.808046940486169096e-01,7.939000000000000000e+03
2.810841017043866907e-01,7.980000000000000000e+03
2.813635093601564718e-01,7.992000000000000000e+03
2.816429170159262529e-01,8.020000000000000000e+03
2.819223246716960340e-01,8.020000000000000000e+03
2.822017323274657596e-01,8.024000000000000000e+03
2.824811399832355407e-01,8.034000000000000000e+03
2.827605476390053219e-01,8.035000000000000000e+03
2.830399552947751030e-01,8.044000000000000000e+03
2.833193629505448285e-01,8.054000000000000000e+03
2.835987706063146097e-01,8.064000000000000000e+03
2.838781782620843908e-01,8.065000000000000000e+03
2.841575859178541719e-01,8.068000000000000000e+03
2.844369935736238975e-01,8.073000000000000000e+03
2.847164012293936786e-01,8.090000000000000000e+03
2.849958088851634597e-01,8.090000000000000000e+03
2.852752165409332408e-01,8.121000000000000000e+03
2.855546241967029664e-01,8.121000000000000000e+03
2.858340318524727475e-01,8.129000000000000000e+03
2.861134395082425286e-01,8.130000000000000000e+03
2.863928471640123097e-01,8.134000000000000000e+03
2.866722548197820908e-01,8.138000000000000000e+03
2.869516624755518164e-01,8.149000000000000000e+03
2.872310701313215975e-01,8.174000000000000000e+03
2.875104777870913786e-01,8.196000000000000000e+03
2.877898854428611597e-01,8.198000000000000000e+03
2.880692930986308853e-01,8.211000000000000000e+03
2.883487007544006664e-01,8.225000000000000000e+03
2.886281084101704475e-01,8.266000000000000000e+03
2.889075160659402286e-01,8.281000000000000000e+03
2.891869237217099542e-01,8.290000000000000000e+03
2.894663313774797353e-01,8.336000000000000000e+03
2.897457390332495164e-01,8.337000000000000000e+03
2.900251466890192975e-01,8.338000000000000000e+03
2.903045543447890231e-01,8.345000000000000000e+03
2.905839620005588042e-01,8.359000000000000000e+03
2.908633696563285853e-01,8.368000000000000000e+03
2.911427773120983664e-01,8.385000000000000000e+03
2.914221849678681475e-01,8.395000000000000000e+03
2.917015926236378731e-01,8.412000000000000000e+03
2.919810002794076542e-01,8.428000000000000000e+03
2.922604079351774353e-01,8.450000000000000000e+03
2.925398155909472164e-01,8.460000000000000000e+03
2.928192232467169420e-01,8.461000000000000000e+03
2.930986309024867231e-01,8.467000000000000000e+03
2.933780385582565042e-01,8.475000000000000000e+03
2.936574462140262853e-01,8.478000000000000000e+03
2.939368538697960109e-01,8.497000000000000000e+03
2.942162615255657920e-01,8.503000000000000000e+03
2.944956691813355731e-01,8.509000000000000000e+03
2.947750768371053542e-01,8.541000000000000000e+03
2.950544844928750798e-01,8.560000000000000000e+03
2.953338921486448609e-01,8.560000000000000000e+03
2.956132998044146420e-01,8.577000000000000000e+03
2.958927074601844232e-01,8.601000000000000000e+03
2.961721151159542043e-01,8.610000000000000000e+03
2.964515227717239298e-01,8.618000000000000000e+03
2.967309304274937110e-01,8.642000000000000000e+03
2.970103380832634921e-01,8.642000000000000000e+03
2.972897457390332732e-01,8.643000000000000000e+03
2.975691533948029988e-01,8.668000000000000000e+03
2.978485610505727799e-01,8.679000000000000000e+03
2.981279687063425610e-01,8.696000000000000000e+03
2.984073763621123421e-01,8.719000000000000000e+03
2.986867840178820677e-01,8.722000000000000000e+03
2.989661916736518488e-01,8.725000000000000000e+03
2.992455993294216299e-01,8.742000000000000000e+03
2.995250069851914110e-01,8.745000000000000000e+03
2.998044146409611921e-01,8.763000000000000000e+03
3.000838222967309177e-01,8.772000000000000000e+03
3.003632299525006988e-01,8.783000000000000000e+03
3.006426376082704799e-01,8.800000000000000000e+03
3.009220452640402610e-01,8.811000000000000000e+03
3.012014529198099866e-01,8.838000000000000000e+03
3.014808605755797677e-01,8.863000000000000000e+03
3.017602682313495488e-01,8.873000000000000000e+03
3.020396758871193299e-01,8.906000000000000000e+03
3.023190835428890555e-01,8.922000000000000000e+03
3.025984911986588366e-01,8.923000000000000000e+03
3.028778988544286177e-01,8.929000000000000000e+03
3.031573065101983988e-01,8.940000000000000000e+03
3.034367141659681244e-01,8.940000000000000000e+03
3.037161218217379055e-01,8.966000000000000000e+03
3.039955294775076866e-01,8.973000000000000000e+03
3.042749371332774677e-01,9.053000000000000000e+03
3.045543447890472488e-01,9.071000000000000000e+03
3.048337524448169744e-01,9.084000000000000000e+03
3.051131601005867555e-01,9.096000000000000000e+03
3.053925677563565366e-01,9.123000000000000000e+03
3.056719754121263177e-01,9.138000000000000000e+03
3.059513830678960433e-01,9.138000000000000000e+03
3.062307907236658244e-01,9.142000000000000000e+03
3.065101983794356055e-01,9.146000000000000000e+03
3.067896060352053866e-01,9.162000000000000000e+03
3.070690136909751122e-01,9.169000000000000000e+03
3.073484213467448933e-01,9.185000000000000000e+03
3.076278290025146744e-01,9.185000000000000000e+03
3.079072366582844555e-01,9.194000000000000000e+03
3.081866443140541811e-01,9.205000000000000000e+03
3.084660519698239622e-01,9.209000000000000000e+03
3.087454596255937433e-01,9.215000000000000000e+03
3.090248672813635245e-01,9.218000000000000000e+03
3.093042749371333056e-01,9.224000000000000000e+03
3.095836825929030311e-01,9.231000000000000000e+03
3.098630902486728123e-01,9.232000000000000000e+03
3.101424979044425934e-01,9.264000000000000000e+03
3.104219055602123745e-01,9.278000000000000000e+03
3.107013132159821001e-01,9.287000000000000000e+03
3.109807208717518812e-01,9.297000000000000000e+03
3.112601285275216623e-01,9.307000000000000000e+03
3.115395361832914434e-01,9.323000000000000000e+03
3.118189438390611690e-01,9.328000000000000000e+03
3.120983514948309501e-01,9.333000000000000000e+03
3.123777591506007312e-01,9.346000000000000000e+03
3.126571668063705123e-01,9.359000000000000000e+03
3.129365744621402934e-01,9.364000000000000000e+03
3.132159821179100190e-01,9.380000000000000000e+03
3.134953897736798001e-01,9.393000000000000000e+03
3.137747974294495812e-01,9.424000000000000000e+03
3.140542050852193623e-01,9.427000000000000000e+03
3.143336127409890879e-01,9.434000000000000000e+03
3.146130203967588690e-01,9.454000000000000000e+03
3.148924280525286501e-01,9.455000000000000000e+03
3.151718357082984312e-01,9.455000000000000000e+03
3.154512433640681568e-01,9.486000000000000000e+03
3.157306510198379379e-01,9.487000000000000000e+03
3.160100586756077190e-01,9.500000000000000000e+03
3.162894663313775001e-01,9.512000000000000000e+03
3.165688739871472257e-01,9.513000000000000000e+03
3.168482816429170068e-01,9.517000000000000000e+03
3.171276892986867879e-01,9.523000000000000000e+03
3.174070969544565690e-01,9.528000000000000000e+03
3.176865046102263501e-01,9.543000000000000000e+03
3.179659122659960757e-01,9.550000000000000000e+03
3.182453199217658568e-01,9.551000000000000000e+03
3.185247275775356379e-01,9.553000000000000000e+03
3.188041352333054190e-01,9.555000000000000000e+03
3.190835428890751446e-01,9.557000000000000000e+03
3.193629505448449257e-01,9.587000000000000000e+03
3.196423582006147068e-01,9.615000000000000000e+03
3.199217658563844879e-01,9.616000000000000000e+03
3.202011735121542135e-01,9.617000000000000000e+03
3.204805811679239946e-01,9.621000000000000000e+03
3.207599888236937757e-01,9.639000000000000000e+03
3.210393964794635568e-01,9.648000000000000000e+03
3.213188041352332824e-01,9.650000000000000000e+03
3.215982117910030635e-01,9.660000000000000000e+03
3.218776194467728446e-01,9.673000000000000000e+03
3.221570271025426258e-01,9.683000000000000000e+03
3.224364347583124069e-01,9.689000000000000000e+03
3.227158424140821324e-01,9.694000000000000000e+03
3.229952500698519136e-01,9.701000000000000000e+03
3.232746577256216947e-01,9.710000000000000000e+03
3.235540653813914758e-01,9.719000000000000000e+03
3.238334730371612014e-01,9.738000000000000000e+03
3.241128806929309825e-01,9.763000000000000000e+03
3.243922883487007636e-01,9.764000000000000000e+03
3.246716960044705447e-01,9.776000000000000000e+03
3.249511036602402703e-01,9.797000000000000000e+03
3.252305113160100514e-01,9.818000000000000000e+03
3.255099189717798325e-01,9.819000000000000000e+03
3.257893266275496136e-01,9.822000000000000000e+03
3.260687342833193392e-01,9.827000000000000000e+03
3.263481419390891203e-01,9.838000000000000000e+03
3.266275495948589014e-01,9.850000000000000000e+03
3.269069572506286825e-01,9.859000000000000000e+03
3.271863649063984636e-01,9.897000000000000000e+03
3.274657725621681892e-01,9.898000000000000000e+03
3.277451802179379703e-01,9.909000000000000000e+03
3.280245878737077514e-01,9.924000000000000000e+03
3.283039955294775325e-01,9.932000000000000000e+03
3.285834031852472581e-01,9.938000000000000000e+03
3.288628108410170392e-01,9.952000000000000000e+03
3.291422184967868203e-01,9.969000000000000000e+03
3.294216261525566014e-01,9.989000000000000000e+03
3.297010338083263270e-01,9.999000000000000000e+03
3.299804414640961081e-01,1.000000000000000000e+04
3.302598491198658892e-01,1.000500000000000000e+04
3.305392567756356703e-01,1.000700000000000000e+04
3.308186644314053959e-01,1.001500000000000000e+04
3.310980720871751770e-01,1.001700000000000000e+04
3.313774797429449581e-01,1.002200000000000000e+04
3.316568873987147392e-01,1.005200000000000000e+04
3.319362950544845203e-01,1.006200000000000000e+04
3.322157027102542459e-01,1.006900000000000000e+04
3.324951103660240270e-01,1.007900000000000000e+04
3.327745180217938081e-01,1.008100000000000000e+04
3.330539256775635892e-01,1.009300000000000000e+04
3.333333333333333148e-01,1.009600000000000000e+04
3.336127409891030959e-01,1.014800000000000000e+04
3.338921486448728770e-01,1.018600000000000000e+04
3.341715563006426581e-01,1.023900000000000000e+04
3.344509639564123837e-01,1.024500000000000000e+04
3.347303716121821648e-01,1.024600000000000000e+04
3.350097792679519459e-01,1.024800000000000000e+04
3.352891869237217271e-01,1.031100000000000000e+04
3.355685945794915082e-01,1.034200000000000000e+04
3.358480022352612337e-01,1.034300000000000000e+04
3.361274098910310149e-01,1.035500000000000000e+04
3.364068175468007960e-01,1.036300000000000000e+04
3.366862252025705771e-01,1.036500000000000000e+04
3.369656328583403027e-01,1.036500000000000000e+04
3.372450405141100838e-01,1.040400000000000000e+04
3.375244481698798649e-01,1.041100000000000000e+04
3.378038558256496460e-01,1.041900000000000000e+04
3.380832634814193716e-01,1.042600000000000000e+04
3.383626711371891527e-01,1.043500000000000000e+04
3.386420787929589338e-01,1.045500000000000000e+04
3.389214864487287149e-01,1.048500000000000000e+04
3.392008941044984405e-01,1.048500000000000000e+04
3.394803017602682216e-01,1.049600000000000000e+04
3.397597094160380027e-01,1.050100000000000000e+04
3.400391170718077838e-01,1.051600000000000000e+04
3.403185247275775649e-01,1.053500000000000000e+04
3.405979323833472905e-01,1.054500000000000000e+04
3.408773400391170716e-01,1.055200000000000000e+04
3.411567476948868527e-01,1.056100000000000000e+04
3.414361553506566338e-01,1.058300000000000000e+04
3.417155630064263594e-01,1.058900000000000000e+04
3.419949706621961405e-01,1.061000000000000000e+04
3.422743783179659216e-01,1.066500000000000000e+04
3.425537859737357027e-01,1.071200000000000000e+04
3.428331936295054283e-01,1.072600000000000000e+04
3.431126012852752094e-01,1.072700000000000000e+04
3.433920089410449905e-01,1.072800000000000000e+04
3.436714165968147716e-01,1.075400000000000000e+04
3.439508242525844972e-01,1.076000000000000000e+04
3.442302319083542783e-01,1.078200000000000000e+04
3.445096395641240594e-01,1.081500000000000000e+04
3.447890472198938405e-01,1.085100000000000000e+04
3.450684548756636216e-01,1.086200000000000000e+04
3.453478625314333472e-01,1.086800000000000000e+04
3.456272701872031283e-01,1.090900000000000000e+04
3.459066778429729094e-01,1.091700000000000000e+04
3.461860854987426905e-01,1.094600000000000000e+04
3.464654931545124161e-01,1.095600000000000000e+04
3.467449008102821972e-01,1.095700000000000000e+04
3.470243084660519783e-01,1.095900000000000000e+04
3.473037161218217594e-01,1.096200000000000000e+04
3.475831237775914850e-01,1.096800000000000000e+04
3.478625314333612661e-01,1.096900000000000000e+04
3.481419390891310472e-01,1.100900000000000000e+04
3.484213467449008284e-01,1.102300000000000000e+04
3.487007544006706095e-01,1.102900000000000000e+04
3.489801620564403350e-01,1.103200000000000000e+04
3.492595697122101162e-01,1.103700000000000000e+04
3.495389773679798973e-01,1.103800000000000000e+04
3.498183850237496784e-01,1.105100000000000000e+04
3.500977926795194040e-01,1.105400000000000000e+04
3.503772003352891851e-01,1.108200000000000000e+04
3.506566079910589662e-01,1.109500000000000000e+04
3.509360156468287473e-01,1.110600000000000000e+04
3.512154233025984729e-01,1.115600000000000000e+04
3.514948309583682540e-01,1.117200000000000000e+04
3.517742386141380351e-01,1.117400000000000000e+04
3.520536462699078162e-01,1.117600000000000000e+04
3.523330539256775418e-01,1.119100000000000000e+04
3.526124615814473229e-01,1.121000000000000000e+04
3.528918692372171040e-01,1.121300000000000000e+04
3.531712768929868851e-01,1.122700000000000000e+04
3.534506845487566662e-01,1.125800000000000000e+04
3.537300922045263918e-01,1.127200000000000000e+04
3.540094998602961729e-01,1.130900000000000000e+04
3.542889075160659540e-01,1.131500000000000000e+04
3.545683151718357351e-01,1.133700000000000000e+04
3.548477228276054607e-01,1.136500000000000000e+04
3.551271304833752418e-01,1.137200000000000000e+04
3.554065381391450229e-01,1.137800000000000000e+04
3.556859457949148040e-01,1.139800000000000000e+04
3.559653534506845296e-01,1.141700000000000000e+04
3.562447611064543107e-01,1.143600000000000000e+04
3.565241687622240918e-01,1.144300000000000000e+04
3.568035764179938729e-01,1.144900000000000000e+04
3.570829840737635985e-01,1.146500000000000000e+04
3.573623917295333796e-01,1.146600000000000000e+04
3.576417993853031607e-01,1.147800000000000000e+04
3.579212070410729418e-01,1.150000000000000000e+04
3.582006146968427229e-01,1.153500000000000000e+04
3.584800223526124485e-01,1.153800000000000000e+04
3.587594300083822296e-01,1.154600000000000000e+04
3.590388376641520107e-01,1.157900000000000000e+04
3.593182453199217918e-01,1.158700000000000000e+04
3.595976529756915174e-01,1.160000000000000000e+04
3.598770606314612985e-01,1.163000000000000000e+04
3.601564682872310796e-01,1.167900000000000000e+04
3.604358759430008607e-01,1.168800000000000000e+04
3.607152835987705863e-01,1.172700000000000000e+04
3.609946912545403674e-01,1.173700000000000000e+04
3.612740989103101485e-01,1.176900000000000000e+04
3.615535065660799297e-01,1.178200000000000000e+04
3.618329142218496552e-01,1.180200000000000000e+04
3.621123218776194363e-01,1.183200000000000000e+04
3.623917295333892175e-01,1.183600000000000000e+04
3.626711371891589986e-01,1.183900000000000000e+04
3.629505448449287797e-01,1.184000000000000000e+04
3.632299525006985053e-01,1.184100000000000000e+04
3.635093601564682864e-01,1.184300000000000000e+04
3.637887678122380675e-01,1.187900000000000000e+04
3.640681754680078486e-01,1.188100000000000000e+04
3.643475831237775742e-01,1.188100000000000000e+04
3.646269907795473553e-01,1.190000000000000000e+04
3.649063984353171364e-01,1.190900000000000000e+04
3.651858060910869175e-01,1.192700000000000000e+04
3.654652137468566431e-01,1.192900000000000000e+04
3.657446214026264242e-01,1.194800000000000000e+04
3.660240290583962053e-01,1.196300000000000000e+04
3.663034367141659864e-01,1.203500000000000000e+04
3.665828443699357120e-01,1.205700000000000000e+04
3.668622520257054931e-01,1.208300000000000000e+04
3.671416596814752742e-01,1.211000000000000000e+04
3.674210673372450553e-01,1.211400000000000000e+04
3.677004749930148364e-01,1.215300000000000000e+04
3.679798826487845620e-01,1.215700000000000000e+04
3.682592903045543431e-01,1.216100000000000000e+04
3.685386979603241242e-01,1.219400000000000000e+04
3.688181056160939053e-01,1.224700000000000000e+04
3.690975132718636309e-01,1.225900000000000000e+04
3.693769209276334120e-01,1.226000000000000000e+04
3.696563285834031931e-01,1.232200000000000000e+04
3.699357362391729742e-01,1.232500000000000000e+04
3.702151438949426998e-01,1.236700000000000000e+04
3.704945515507124809e-01,1.237900000000000000e+04
3.707739592064822620e-01,1.238500000000000000e+04
3.710533668622520431e-01,1.239600000000000000e+04
3.713327745180218242e-01,1.242600000000000000e+04
3.716121821737915498e-01,1.244600000000000000e+04
3.718915898295613309e-01,1.245300000000000000e+04
3.721709974853311120e-01,1.245600000000000000e+04
3.724504051411008931e-01,1.249400000000000000e+04
3.727298127968706187e-01,1.249600000000000000e+04
3.730092204526403998e-01,1.251000000000000000e+04
3.732886281084101809e-01,1.254800000000000000e+04
3.735680357641799620e-01,1.256000000000000000e+04
3.738474434199496876e-01,1.256300000000000000e+04
3.741268510757194687e-01,1.257200000000000000e+04
3.744062587314892498e-01,1.259000000000000000e+04
3.746856663872590310e-01,1.265100000000000000e+04
3.749650740430287565e-01,1.266200000000000000e+04
3.752444816987985376e-01,1.266200000000000000e+04
3.755238893545683188e-01,1.268700000000000000e+04
3.758032970103380999e-01,1.270900000000000000e+04
3.760827046661078810e-01,1.270900000000000000e+04
3.763621123218776066e-01,1.271000000000000000e+04
3.766415199776473877e-01,1.271000000000000000e+04
3.769209276334171688e-01,1.273600000000000000e+04
3.772003352891869499e-01,1.275500000000000000e+04
3.774797429449566755e-01,1.276000000000000000e+04
3.777591506007264566e-01,1.276200000000000000e+04
3.780385582564962377e-01,1.278800000000000000e+04
3.783179659122660188e-01,1.278900000000000000e+04
3.785973735680357444e-01,1.279900000000000000e+04
3.788767812238055255e-01,1.280000000000000000e+04
3.791561888795753066e-01,1.282200000000000000e+04
3.794355965353450877e-01,1.283300000000000000e+04
3.797150041911148133e-01,1.285400000000000000e+04
3.799944118468845944e-01,1.289200000000000000e+04
3.802738195026543755e-01,1.291100000000000000e+04
3.805532271584241566e-01,1.292100000000000000e+04
3.808326348141939377e-01,1.294600000000000000e+04
3.811120424699636633e-01,1.298700000000000000e+04
3.813914501257334444e-01,1.298900000000000000e+04
3.816708577815032255e-01,1.301400000000000000e+04
3.819502654372730066e-01,1.308400000000000000e+04
3.822296730930427322e-01,1.310200000000000000e+04
3.825090807488125133e-01,1.313600000000000000e+04
3.827884884045822944e-01,1.316300000000000000e+04
3.830678960603520755e-01,1.322300000000000000e+04
3.833473037161218011e-01,1.325400000000000000e+04
3.836267113718915822e-01,1.325600000000000000e+04
3.839061190276613633e-01,1.328700000000000000e+04
3.841855266834311444e-01,1.329100000000000000e+04
3.844649343392009255e-01,1.330000000000000000e+04
3.847443419949706511e-01,1.334100000000000000e+04
3.850237496507404322e-01,1.337600000000000000e+04
3.853031573065102133e-01,1.340400000000000000e+04
3.855825649622799944e-01,1.340500000000000000e+04
3.858619726180497200e-01,1.342900000000000000e+04
3.861413802738195011e-01,1.344200000000000000e+04
3.864207879295892822e-01,1.344600000000000000e+04
3.867001955853590633e-01,1.344900000000000000e+04
3.869796032411287889e-01,1.347300000000000000e+04
3.872590108968985700e-01,1.347600000000000000e+04
3.875384185526683511e-01,1.352700000000000000e+04
3.878178262084381323e-01,1.354700000000000000e+04
3.880972338642078578e-01,1.356700000000000000e+04
3.883766415199776389e-01,1.358400000000000000e+04
3.886560491757474201e-01,1.358800000000000000e+04
3.889354568315172012e-01,1.359300000000000000e+04
3.892148644872869823e-01,1.360200000000000000e+04
3.894942721430567079e-01,1.361300000000000000e+04
3.897736797988264890e-01,1.363000000000000000e+04
3.900530874545962701e-01,1.363800000000000000e+04
3.903324951103660512e-01,1.365400000000000000e+04
3.906119027661357768e-01,1.369200000000000000e+04
3.908913104219055579e-01,1.369600000000000000e+04
3.911707180776753390e-01,1.376000000000000000e+04
3.914501257334451201e-01,1.376100000000000000e+04
3.917295333892148457e-01,1.376200000000000000e+04
3.920089410449846268e-01,1.376900000000000000e+04
3.922883487007544079e-01,1.379200000000000000e+04
3.925677563565241890e-01,1.379300000000000000e+04
3.928471640122939146e-01,1.380700000000000000e+04
3.931265716680636957e-01,1.382500000000000000e+04
3.934059793238334768e-01,1.384100000000000000e+04
3.936853869796032579e-01,1.384200000000000000e+04
3.939647946353730390e-01,1.384700000000000000e+04
3.942442022911427646e-01,1.385900000000000000e+04
3.945236099469125457e-01,1.391200000000000000e+04
3.948030176026823268e-01,1.392100000000000000e+04
3.950824252584521079e-01,1.392500000000000000e+04
3.953618329142218335e-01,1.392700000000000000e+04
3.956412405699916146e-01,1.394800000000000000e+04
3.959206482257613957e-01,1.395600000000000000e+04
3.962000558815311768e-01,1.398300000000000000e+04
3.964794635373009024e-01,1.400200000000000000e+04
3.967588711930706835e-01,1.401300000000000000e+04
3.970382788488404646e-01,1.404000000000000000e+04
3.973176865046102457e-01,1.410200000000000000e+04
3.975970941603799713e-01,1.418000000000000000e+04
3.978765018161497524e-01,1.427300000000000000e+04
3.981559094719195335e-01,1.427600000000000000e+04
3.984353171276893146e-01,1.430100000000000000e+04
3.987147247834590957e-01,1.430400000000000000e+04
3.989941324392288213e-01,1.431100000000000000e+04
3.992735400949986024e-01,1.431300000000000000e+04
3.995529477507683835e-01,1.433700000000000000e+04
3.998323554065381646e-01,1.434400000000000000e+04
4.001117630623078902e-01,1.434500000000000000e+04
4.003911707180776713e-01,1.435300000000000000e+04
4.006705783738474524e-01,1.435800000000000000e+04
4.009499860296172336e-01,1.437000000000000000e+04
4.012293936853869591e-01,1.444000000000000000e+04
4.015088013411567402e-01,1.447900000000000000e+04
4.017882089969265214e-01,1.448100000000000000e+04
4.020676166526963025e-01,1.449000000000000000e+04
4.023470243084660281e-01,1.457800000000000000e+04
4.026264319642358092e-01,1.459400000000000000e+04
4.029058396200055903e-01,1.460300000000000000e+04
4.031852472757753714e-01,1.462000000000000000e+04
4.034646549315451525e-01,1.465000000000000000e+04
4.037440625873148781e-01,1.466100000000000000e+04
4.040234702430846592e-01,1.470500000000000000e+04
4.043028778988544403e-01,1.473100000000000000e+04
4.045822855546242214e-01,1.473600000000000000e+04
4.048616932103939470e-01,1.476800000000000000e+04
4.051411008661637281e-01,1.477400000000000000e+04
4.054205085219335092e-01,1.479400000000000000e+04
4.056999161777032903e-01,1.482700000000000000e+04
4.059793238334730159e-01,1.486100000000000000e+04
4.062587314892427970e-01,1.487400000000000000e+04
4.065381391450125781e-01,1.490600000000000000e+04
4.068175468007823592e-01,1.491200000000000000e+04
4.070969544565521403e-01,1.492800000000000000e+04
4.073763621123218659e-01,1.493000000000000000e+04
4.076557697680916470e-01,1.494400000000000000e+04
4.079351774238614281e-01,1.494900000000000000e+04
4.082145850796312092e-01,1.496200000000000000e+04
4.084939927354009348e-01,1.496300000000000000e+04
4.087734003911707159e-01,1.496500000000000000e+04
4.090528080469404970e-01,1.500700000000000000e+04
4.093322157027102781e-01,1.501100000000000000e+04
4.096116233584800037e-01,1.501200000000000000e+04
4.098910310142497848e-01,1.501500000000000000e+04
4.101704386700195659e-01,1.508400000000000000e+04
4.104498463257893470e-01,1.508500000000000000e+04
4.107292539815590726e-01,1.509000000000000000e+04
4.110086616373288537e-01,1.510900000000000000e+04
4.112880692930986348e-01,1.513800000000000000e+04
4.115674769488684159e-01,1.516800000000000000e+04
4.118468846046381970e-01,1.518700000000000000e+04
4.121262922604079226e-01,1.519000000000000000e+04
4.124056999161777037e-01,1.519900000000000000e+04
4.126851075719474848e-01,1.524700000000000000e+04
4.129645152277172659e-01,1.526300000000000000e+04
4.132439228834869915e-01,1.526300000000000000e+04
4.135233305392567726e-01,1.527800000000000000e+04
4.138027381950265537e-01,1.531000000000000000e+04
4.140821458507963349e-01,1.532600000000000000e+04
4.143615535065660604e-01,1.533700000000000000e+04
4.146409611623358415e-01,1.533800000000000000e+04
4.149203688181056227e-01,1.533900000000000000e+04
4.151997764738754038e-01,1.537600000000000000e+04
4.154791841296451294e-01,1.538000000000000000e+04
4.157585917854149105e-01,1.538200000000000000e+04
4.160379994411846916e-01,1.538500000000000000e+04
4.163174070969544727e-01,1.539400000000000000e+04
4.165968147527242538e-01,1.540000000000000000e+04
4.168762224084939794e-01,1.542200000000000000e+04
4.171556300642637605e-01,1.545400000000000000e+04
4.174350377200335416e-01,1.545600000000000000e+04
4.177144453758033227e-01,1.548100000000000000e+04
4.179938530315730483e-01,1.549500000000000000e+04
4.182732606873428294e-01,1.550100000000000000e+04
4.185526683431126105e-01,1.550100000000000000e+04
4.188320759988823916e-01,1.551800000000000000e+04
4.191114836546521172e-01,1.555000000000000000e+04
4.193908913104218983e-01,1.557200000000000000e+04
4.196702989661916794e-01,1.558600000000000000e+04
4.199497066219614605e-01,1.559000000000000000e+04
4.202291142777312416e-01,1.559000000000000000e+04
4.205085219335009672e-01,1.565100000000000000e+04
4.207879295892707483e-01,1.570900000000000000e+04
4.210673372450405294e-01,1.572700000000000000e+04
4.213467449008103105e-01,1.575700000000000000e+04
4.216261525565800361e-01,1.576200000000000000e+04
4.219055602123498172e-01,1.577300000000000000e+04
4.221849678681195983e-01,1.578900000000000000e+04
4.224643755238893794e-01,1.580400000000000000e+04
4.227437831796591050e-01,1.581800000000000000e+04
4.230231908354288861e-01,1.584400000000000000e+04
4.233025984911986672e-01,1.585600000000000000e+04
4.235820061469684483e-01,1.586200000000000000e+04
4.238614138027381739e-01,1.588800000000000000e+04
4.241408214585079550e-01,1.589200000000000000e+04
4.244202291142777361e-01,1.591800000000000000e+04
4.246996367700475172e-01,1.594800000000000000e+04
4.249790444258172983e-01,1.595000000000000000e+04
4.252584520815870239e-01,1.595100000000000000e+04
4.255378597373568050e-01,1.598400000000000000e+04
4.258172673931265861e-01,1.600000000000000000e+04
4.260966750488963672e-01,1.604800000000000000e+04
4.263760827046660928e-01,1.605100000000000000e+04
4.266554903604358739e-01,1.605600000000000000e+04
4.269348980162056550e-01,1.606100000000000000e+04
4.272143056719754362e-01,1.606800000000000000e+04
4.274937133277451617e-01,1.609300000000000000e+04
4.277731209835149428e-01,1.617800000000000000e+04
4.280525286392847240e-01,1.625500000000000000e+04
4.283319362950545051e-01,1.629400000000000000e+04
4.286113439508242307e-01,1.633800000000000000e+04
4.288907516065940118e-01,1.638300000000000000e+04
4.291701592623637929e-01,1.640000000000000000e+04
4.294495669181335740e-01,1.641900000000000000e+04
4.297289745739033551e-01,1.642200000000000000e+04
4.300083822296730807e-01,1.648900000000000000e+04
4.302877898854428618e-01,1.651400000000000000e+04
4.305671975412126429e-01,1.653700000000000000e+04
4.308466051969824240e-01,1.654700000000000000e+04
4.311260128527521496e-01,1.654900000000000000e+04
4.314054205085219307e-01,1.657800000000000000e+04
4.316848281642917118e-01,1.658800000000000000e+04
4.319642358200614929e-01,1.663500000000000000e+04
4.322436434758312185e-01,1.664200000000000000e+04
4.325230511316009996e-01,1.666900000000000000e+04
4.328024587873707807e-01,1.667700000000000000e+04
4.330818664431405618e-01,1.669000000000000000e+04
4.333612740989102874e-01,1.671900000000000000e+04
4.336406817546800685e-01,1.673100000000000000e+04
4.339200894104498496e-01,1.677400000000000000e+04
4.341994970662196307e-01,1.678100000000000000e+04
4.344789047219894118e-01,1.680700000000000000e+04
4.347583123777591374e-01,1.683400000000000000e+04
4.350377200335289185e-01,1.684300000000000000e+04
4.353171276892986996e-01,1.687400000000000000e+04
4.355965353450684807e-01,1.689100000000000000e+04
4.358759430008382063e-01,1.690500000000000000e+04
4.361553506566079874e-01,1.690600000000000000e+04
4.364347583123777685e-01,1.695600000000000000e+04
4.367141659681475496e-01,1.696500000000000000e+04
4.369935736239172752e-01,1.696700000000000000e+04
4.372729812796870563e-01,1.698800000000000000e+04
4.375523889354568374e-01,1.700900000000000000e+04
4.378317965912266185e-01,1.701700000000000000e+04
4.381112042469963441e-01,1.702500000000000000e+04
4.383906119027661252e-01,1.703000000000000000e+04
4.386700195585359063e-01,1.703300000000000000e+04
4.389494272143056874e-01,1.703700000000000000e+04
4.392288348700754685e-01,1.704500000000000000e+04
4.395082425258451941e-01,1.705600000000000000e+04
4.397876501816149752e-01,1.717300000000000000e+04
4.400670578373847563e-01,1.717900000000000000e+04
4.403464654931545375e-01,1.718600000000000000e+04
4.406258731489242630e-01,1.719400000000000000e+04
4.409052808046940441e-01,1.722700000000000000e+04
4.411846884604638253e-01,1.725300000000000000e+04
4.414640961162336064e-01,1.725400000000000000e+04
4.417435037720033320e-01,1.725500000000000000e+04
4.420229114277731131e-01,1.727400000000000000e+04
4.423023190835428942e-01,1.728600000000000000e+04
4.425817267393126753e-01,1.730300000000000000e+04
4.428611343950824564e-01,1.731100000000000000e+04
4.431405420508521820e-01,1.731100000000000000e+04
4.434199497066219631e-01,1.732000000000000000e+04
4.436993573623917442e-01,1.732100000000000000e+04
4.439787650181615253e-01,1.732200000000000000e+04
4.442581726739312509e-01,1.733200000000000000e+04
4.445375803297010320e-01,1.733300000000000000e+04
4.448169879854708131e-01,1.738100000000000000e+04
4.450963956412405942e-01,1.744400000000000000e+04
4.453758032970103198e-01,1.744400000000000000e+04
4.456552109527801009e-01,1.745600000000000000e+04
4.459346186085498820e-01,1.746600000000000000e+04
4.462140262643196631e-01,1.747400000000000000e+04
4.464934339200893887e-01,1.747500000000000000e+04
4.467728415758591698e-01,1.749800000000000000e+04
4.470522492316289509e-01,1.750300000000000000e+04
4.473316568873987320e-01,1.750600000000000000e+04
4.476110645431685131e-01,1.750700000000000000e+04
4.478904721989382387e-01,1.754700000000000000e+04
4.481698798547080198e-01,1.761700000000000000e+04
4.484492875104778009e-01,1.768000000000000000e+04
4.487286951662475820e-01,1.777600000000000000e+04
4.490081028220173076e-01,1.781000000000000000e+04
4.492875104777870887e-01,1.781300000000000000e+04
4.495669181335568698e-01,1.782400000000000000e+04
4.498463257893266509e-01,1.782400000000000000e+04
4.501257334450963765e-01,1.782900000000000000e+04
4.504051411008661576e-01,1.784000000000000000e+04
4.506845487566359387e-01,1.785200000000000000e+04
4.509639564124057198e-01,1.788500000000000000e+04
4.512433640681754454e-01,1.789200000000000000e+04
4.515227717239452265e-01,1.795000000000000000e+04
4.518021793797150076e-01,1.795500000000000000e+04
4.520815870354847887e-01,1.798800000000000000e+04
4.523609946912545698e-01,1.799500000000000000e+04
4.526404023470242954e-01,1.801800000000000000e+04
4.529198100027940765e-01,1.802300000000000000e+04
4.531992176585638576e-01,1.802600000000000000e+04
4.534786253143336388e-01,1.805500000000000000e+04
4.537580329701033643e-01,1.809000000000000000e+04
4.540374406258731454e-01,1.814000000000000000e+04
4.543168482816429266e-01,1.815400000000000000e+04
4.545962559374127077e-01,1.818900000000000000e+04
4.548756635931824333e-01,1.819200000000000000e+04
4.551550712489522144e-01,1.822100000000000000e+04
4.554344789047219955e-01,1.824300000000000000e+04
4.557138865604917766e-01,1.825000000000000000e+04
4.559932942162615577e-01,1.825400000000000000e+04
4.562727018720312833e-01,1.828000000000000000e+04
4.565521095278010644e-01,1.828300000000000000e+04
4.568315171835708455e-01,1.828600000000000000e+04
4.571109248393406266e-01,1.833700000000000000e+04
4.573903324951103522e-01,1.834600000000000000e+04
4.576697401508801333e-01,1.837300000000000000e+04
4.579491478066499144e-01,1.841100000000000000e+04
4.582285554624196955e-01,1.844900000000000000e+04
4.585079631181894211e-01,1.847400000000000000e+04
4.587873707739592022e-01,1.848900000000000000e+04
4.590667784297289833e-01,1.853700000000000000e+04
4.593461860854987644e-01,1.853900000000000000e+04
4.596255937412684900e-01,1.856500000000000000e+04
4.599050013970382711e-01,1.868400000000000000e+04
4.601844090528080522e-01,1.871600000000000000e+04
4.604638167085778333e-01,1.872200000000000000e+04
4.607432243643476144e-01,1.875300000000000000e+04
4.610226320201173400e-01,1.877000000000000000e+04
4.613020396758871211e-01,1.877200000000000000e+04
4.615814473316569022e-01,1.877400000000000000e+04
4.618608549874266833e-01,1.881000000000000000e+04
4.621402626431964089e-01,1.881200000000000000e+04
4.624196702989661900e-01,1.881700000000000000e+04
4.626990779547359711e-01,1.884100000000000000e+04
4.629784856105057522e-01,1.887500000000000000e+04
4.632578932662754778e-01,1.890000000000000000e+04
4.635373009220452589e-01,1.891400000000000000e+04
4.638167085778150400e-01,1.898000000000000000e+04
4.640961162335848211e-01,1.900200000000000000e+04
4.643755238893545467e-01,1.902000000000000000e+04
4.646549315451243278e-01,1.904200000000000000e+04
4.649343392008941089e-01,1.906500000000000000e+04
4.652137468566638900e-01,1.907100000000000000e+04
4.654931545124336711e-01,1.912300000000000000e+04
4.657725621682033967e-01,1.912700000000000000e+04
4.660519698239731778e-01,1.913800000000000000e+04
4.663313774797429589e-01,1.919900000000000000e+04
4.666107851355127401e-01,1.920800000000000000e+04
4.668901927912824656e-01,1.921200000000000000e+04
4.671696004470522467e-01,1.922800000000000000e+04
4.674490081028220279e-01,1.922800000000000000e+04
4.677284157585918090e-01,1.923400000000000000e+04
4.680078234143615346e-01,1.925700000000000000e+04
4.682872310701313157e-01,1.927400000000000000e+04
4.685666387259010968e-01,1.927900000000000000e+04
4.688460463816708779e-01,1.929300000000000000e+04
4.691254540374406035e-01,1.930500000000000000e+04
4.694048616932103846e-01,1.931700000000000000e+04
4.696842693489801657e-01,1.932300000000000000e+04
4.699636770047499468e-01,1.937200000000000000e+04
4.702430846605197279e-01,1.941000000000000000e+04
4.705224923162894535e-01,1.942000000000000000e+04
4.708018999720592346e-01,1.942900000000000000e+04
4.710813076278290157e-01,1.943300000000000000e+04
4.713607152835987968e-01,1.944600000000000000e+04
4.716401229393685224e-01,1.945700000000000000e+04
4.719195305951383035e-01,1.945900000000000000e+04
4.721989382509080846e-01,1.955200000000000000e+04
4.724783459066778657e-01,1.957400000000000000e+04
4.727577535624475913e-01,1.957500000000000000e+04
4.730371612182173724e-01,1.958000000000000000e+04
4.733165688739871535e-01,1.958500000000000000e+04
4.735959765297569346e-01,1.958700000000000000e+04
4.738753841855266602e-01,1.959400000000000000e+04
4.741547918412964413e-01,1.963300000000000000e+04
4.744341994970662224e-01,1.970000000000000000e+04
4.747136071528360035e-01,1.971200000000000000e+04
4.749930148086057846e-01,1.971300000000000000e+04
4.752724224643755102e-01,1.971600000000000000e+04
4.755518301201452913e-01,1.972000000000000000e+04
4.758312377759150724e-01,1.975800000000000000e+04
4.761106454316848535e-01,1.981500000000000000e+04
4.763900530874545791e-01,1.990400000000000000e+04
4.766694607432243602e-01,1.992400000000000000e+04
4.769488683989941413e-01,1.997100000000000000e+04
4.772282760547639224e-01,1.999300000000000000e+04
4.775076837105336480e-01,2.001000000000000000e+04
4.777870913663034291e-01,2.002800000000000000e+04
4.780664990220732102e-01,2.003200000000000000e+04
4.783459066778429913e-01,2.005500000000000000e+04
4.786253143336127724e-01,2.007700000000000000e+04
4.789047219893824980e-01,2.011000000000000000e+04
4.791841296451522791e-01,2.015500000000000000e+04
4.794635373009220602e-01,2.016500000000000000e+04
4.797429449566918414e-01,2.024900000000000000e+04
4.800223526124615669e-01,2.030000000000000000e+04
4.803017602682313480e-01,2.031000000000000000e+04
4.805811679240011292e-01,2.031900000000000000e+04
4.808605755797709103e-01,2.038600000000000000e+04
4.811399832355406359e-01,2.046100000000000000e+04
4.814193908913104170e-01,2.046900000000000000e+04
4.816987985470801981e-01,2.050700000000000000e+04
4.819782062028499792e-01,2.058500000000000000e+04
4.822576138586197048e-01,2.059500000000000000e+04
4.825370215143894859e-01,2.064900000000000000e+04
4.828164291701592670e-01,2.064900000000000000e+04
4.830958368259290481e-01,2.065600000000000000e+04
4.833752444816988292e-01,2.075600000000000000e+04
4.836546521374685548e-01,2.076800000000000000e+04
4.839340597932383359e-01,2.077800000000000000e+04
4.842134674490081170e-01,2.086900000000000000e+04
4.844928751047778981e-01,2.088700000000000000e+04
4.847722827605476237e-01,2.089700000000000000e+04
4.850516904163174048e-01,2.095700000000000000e+04
4.853310980720871859e-01,2.096000000000000000e+04
4.856105057278569670e-01,2.096500000000000000e+04
4.858899133836266926e-01,2.102500000000000000e+04
4.861693210393964737e-01,2.103800000000000000e+04
4.864487286951662548e-01,2.110000000000000000e+04
4.867281363509360359e-01,2.111500000000000000e+04
4.870075440067057615e-01,2.114900000000000000e+04
4.872869516624755426e-01,2.117500000000000000e+04
4.875663593182453237e-01,2.118700000000000000e+04
4.878457669740151048e-01,2.120400000000000000e+04
4.881251746297848859e-01,2.124600000000000000e+04
4.884045822855546115e-01,2.125700000000000000e+04
4.886839899413243926e-01,2.129000000000000000e+04
4.889633975970941737e-01,2.131000000000000000e+04
4.892428052528639548e-01,2.132900000000000000e+04
4.895222129086336804e-01,2.134900000000000000e+04
4.898016205644034615e-01,2.136000000000000000e+04
4.900810282201732426e-01,2.138500000000000000e+04
4.903604358759430237e-01,2.139900000000000000e+04
4.906398435317127493e-01,2.140400000000000000e+04
4.909192511874825304e-01,2.143800000000000000e+04
4.911986588432523115e-01,2.144100000000000000e+04
4.914780664990220926e-01,2.144600000000000000e+04
4.917574741547918737e-01,2.146000000000000000e+04
4.920368818105615993e-01,2.146900000000000000e+04
4.923162894663313804e-01,2.158500000000000000e+04
4.925956971221011615e-01,2.159900000000000000e+04
4.928751047778709427e-01,2.163800000000000000e+04
4.931545124336406682e-01,2.165000000000000000e+04
4.934339200894104493e-01,2.168600000000000000e+04
4.937133277451802305e-01,2.170100000000000000e+04
4.939927354009500116e-01,2.171600000000000000e+04
4.942721430567197372e-01,2.174800000000000000e+04
4.945515507124895183e-01,2.177500000000000000e+04
4.948309583682592994e-01,2.179100000000000000e+04
4.951103660240290805e-01,2.180000000000000000e+04
4.953897736797988061e-01,2.180000000000000000e+04
4.956691813355685872e-01,2.185200000000000000e+04
4.959485889913383683e-01,2.188000000000000000e+04
4.962279966471081494e-01,2.188200000000000000e+04
4.965074043028779305e-01,2.192000000000000000e+04
4.967868119586476561e-01,2.193400000000000000e+04
4.970662196144174372e-01,2.194200000000000000e+04
4.973456272701872183e-01,2.194400000000000000e+04
4.976250349259569994e-01,2.197000000000000000e+04
4.979044425817267250e-01,2.198900000000000000e+04
4.981838502374965061e-01,2.198900000000000000e+04
4.984632578932662872e-01,2.200600000000000000e+04
4.987426655490360683e-01,2.200800000000000000e+04
4.990220732048057939e-01,2.206000000000000000e+04
4.993014808605755750e-01,2.208600000000000000e+04
4.995808885163453561e-01,2.209100000000000000e+04
4.998602961721151372e-01,2.210700000000000000e+04
5.001397038278848628e-01,2.211900000000000000e+04
5.004191114836546994e-01,2.215600000000000000e+04
5.006985191394244250e-01,2.217200000000000000e+04
5.009779267951941506e-01,2.218600000000000000e+04
5.012573344509639872e-01,2.220500000000000000e+04
5.015367421067337128e-01,2.229600000000000000e+04
5.018161497625035494e-01,2.231900000000000000e+04
5.020955574182732750e-01,2.232700000000000000e+04
5.023749650740430006e-01,2.234300000000000000e+04
5.026543727298128372e-01,2.235700000000000000e+04
5.029337803855825628e-01,2.239300000000000000e+04
5.032131880413522884e-01,2.240000000000000000e+04
5.034925956971221250e-01,2.241000000000000000e+04
5.037720033528918506e-01,2.241000000000000000e+04
5.040514110086616872e-01,2.241500000000000000e+04
5.043308186644314128e-01,2.243100000000000000e+04
5.046102263202011384e-01,2.246500000000000000e+04
5.048896339759709750e-01,2.246800000000000000e+04
5.051690416317407006e-01,2.250300000000000000e+04
5.054484492875105373e-01,2.250600000000000000e+04
5.057278569432802628e-01,2.253100000000000000e+04
5.060072645990499884e-01,2.260400000000000000e+04
5.062866722548198251e-01,2.261000000000000000e+04
5.065660799105895507e-01,2.263200000000000000e+04
5.068454875663592762e-01,2.263700000000000000e+04
5.071248952221291129e-01,2.267300000000000000e+04
5.074043028778988385e-01,2.269900000000000000e+04
5.076837105336686751e-01,2.272200000000000000e+04
5.079631181894384007e-01,2.280000000000000000e+04
5.082425258452081263e-01,2.280400000000000000e+04
5.085219335009779629e-01,2.280600000000000000e+04
5.088013411567476885e-01,2.282100000000000000e+04
5.090807488125174141e-01,2.282300000000000000e+04
5.093601564682872507e-01,2.284500000000000000e+04
5.096395641240569763e-01,2.288000000000000000e+04
5.099189717798268129e-01,2.289000000000000000e+04
5.101983794355965385e-01,2.293000000000000000e+04
5.104777870913662641e-01,2.294100000000000000e+04
5.107571947471361007e-01,2.295100000000000000e+04
5.110366024029058263e-01,2.309800000000000000e+04
5.113160100586756629e-01,2.311000000000000000e+04
5.115954177144453885e-01,2.324900000000000000e+04
5.118748253702151141e-01,2.327500000000000000e+04
5.121542330259849507e-01,2.336100000000000000e+04
5.124336406817546763e-01,2.339100000000000000e+04
5.127130483375244019e-01,2.339700000000000000e+04
5.129924559932942385e-01,2.339800000000000000e+04
5.132718636490639641e-01,2.340700000000000000e+04
5.135512713048338007e-01,2.345300000000000000e+04
5.138306789606035263e-01,2.345800000000000000e+04
5.141100866163732519e-01,2.345900000000000000e+04
5.143894942721430885e-01,2.348400000000000000e+04
5.146689019279128141e-01,2.348500000000000000e+04
5.149483095836826507e-01,2.350700000000000000e+04
5.152277172394523763e-01,2.353300000000000000e+04
5.155071248952221019e-01,2.356500000000000000e+04
5.157865325509919385e-01,2.359900000000000000e+04
5.160659402067616641e-01,2.363200000000000000e+04
5.163453478625313897e-01,2.364100000000000000e+04
5.166247555183012263e-01,2.367300000000000000e+04
5.169041631740709519e-01,2.367400000000000000e+04
5.171835708298407885e-01,2.368000000000000000e+04
5.174629784856105141e-01,2.369000000000000000e+04
5.177423861413802397e-01,2.369800000000000000e+04
5.180217937971500763e-01,2.371200000000000000e+04
5.183012014529198019e-01,2.371300000000000000e+04
5.185806091086895275e-01,2.372800000000000000e+04
5.188600167644593641e-01,2.376500000000000000e+04
5.191394244202290897e-01,2.377700000000000000e+04
5.194188320759989264e-01,2.380000000000000000e+04
5.196982397317686520e-01,2.381800000000000000e+04
5.199776473875383775e-01,2.382100000000000000e+04
5.202570550433082142e-01,2.382300000000000000e+04
5.205364626990779398e-01,2.383700000000000000e+04
5.208158703548477764e-01,2.385500000000000000e+04
5.210952780106175020e-01,2.399400000000000000e+04
5.213746856663872276e-01,2.400600000000000000e+04
5.216540933221570642e-01,2.401600000000000000e+04
5.219335009779267898e-01,2.402200000000000000e+04
5.222129086336965154e-01,2.405200000000000000e+04
5.224923162894663520e-01,2.406000000000000000e+04
5.227717239452360776e-01,2.406100000000000000e+04
5.230511316010059142e-01,2.410200000000000000e+04
5.233305392567756398e-01,2.416700000000000000e+04
5.236099469125453654e-01,2.417900000000000000e+04
5.238893545683152020e-01,2.423000000000000000e+04
5.241687622240849276e-01,2.428700000000000000e+04
5.244481698798547642e-01,2.429100000000000000e+04
5.247275775356244898e-01,2.432200000000000000e+04
5.250069851913942154e-01,2.443200000000000000e+04
5.252863928471640520e-01,2.444200000000000000e+04
5.255658005029337776e-01,2.445400000000000000e+04
5.258452081587035032e-01,2.445700000000000000e+04
5.261246158144733398e-01,2.447500000000000000e+04
5.264040234702430654e-01,2.453400000000000000e+04
5.266834311260129020e-01,2.453800000000000000e+04
5.269628387817826276e-01,2.454000000000000000e+04
5.272422464375523532e-01,2.455900000000000000e+04
5.275216540933221898e-01,2.460800000000000000e+04
5.278010617490919154e-01,2.462000000000000000e+04
5.280804694048617520e-01,2.464500000000000000e+04
5.283598770606314776e-01,2.466100000000000000e+04
5.286392847164012032e-01,2.472000000000000000e+04
5.289186923721710398e-01,2.479100000000000000e+04
5.291981000279407654e-01,2.479200000000000000e+04
5.294775076837104910e-01,2.482000000000000000e+04
5.297569153394803276e-01,2.482800000000000000e+04
5.300363229952500532e-01,2.484700000000000000e+04
5.303157306510198898e-01,2.485600000000000000e+04
5.305951383067896154e-01,2.489600000000000000e+04
5.308745459625593410e-01,2.492100000000000000e+04
5.311539536183291776e-01,2.494100000000000000e+04
5.314333612740989032e-01,2.494300000000000000e+04
5.317127689298686288e-01,2.495200000000000000e+04
5.319921765856384654e-01,2.496200000000000000e+04
5.322715842414081910e-01,2.497400000000000000e+04
5.325509918971780277e-01,2.499600000000000000e+04
5.328303995529477533e-01,2.501900000000000000e+04
5.331098072087174788e-01,2.504100000000000000e+04
5.333892148644873155e-01,2.504700000000000000e+04
5.336686225202570411e-01,2.505500000000000000e+04
5.339480301760268777e-01,2.510100000000000000e+04
5.342274378317966033e-01,2.511700000000000000e+04
5.345068454875663289e-01,2.513000000000000000e+04
5.347862531433361655e-01,2.530000000000000000e+04
5.350656607991058911e-01,2.532100000000000000e+04
5.353450684548756167e-01,2.532500000000000000e+04
5.356244761106454533e-01,2.543200000000000000e+04
5.359038837664151789e-01,2.547800000000000000e+04
5.361832914221850155e-01,2.549000000000000000e+04
5.364626990779547411e-01,2.550200000000000000e+04
5.367421067337244667e-01,2.551400000000000000e+04
5.370215143894943033e-01,2.551700000000000000e+04
5.373009220452640289e-01,2.552500000000000000e+04
5.375803297010338655e-01,2.552500000000000000e+04
5.378597373568035911e-01,2.553300000000000000e+04
5.381391450125733167e-01,2.555000000000000000e+04
5.384185526683431533e-01,2.561000000000000000e+04
5.386979603241128789e-01,2.566600000000000000e+04
5.389773679798826045e-01,2.571700000000000000e+04
5.392567756356524411e-01,2.572800000000000000e+04
5.395361832914221667e-01,2.575300000000000000e+04
5.398155909471920033e-01,2.585300000000000000e+04
5.400949986029617289e-01,2.586000000000000000e+04
5.403744062587314545e-01,2.588300000000000000e+04
5.406538139145012911e-01,2.595100000000000000e+04
5.409332215702710167e-01,2.597400000000000000e+04
5.412126292260408533e-01,2.602500000000000000e+04
5.414920368818105789e-01,2.604200000000000000e+04
5.417714445375803045e-01,2.607400000000000000e+04
5.420508521933501411e-01,2.613000000000000000e+04
5.423302598491198667e-01,2.619100000000000000e+04
5.426096675048895923e-01,2.623200000000000000e+04
5.428890751606594289e-01,2.625200000000000000e+04
5.431684828164291545e-01,2.630600000000000000e+04
5.434478904721989911e-01,2.632100000000000000e+04
5.437272981279687167e-01,2.634500000000000000e+04
5.440067057837384423e-01,2.638300000000000000e+04
5.442861134395082789e-01,2.640600000000000000e+04
5.445655210952780045e-01,2.641400000000000000e+04
5.448449287510477301e-01,2.653300000000000000e+04
5.451243364068175667e-01,2.654600000000000000e+04
5.454037440625872923e-01,2.655200000000000000e+04
5.456831517183571290e-01,2.658800000000000000e+04
5.459625593741268546e-01,2.679600000000000000e+04
5.462419670298965801e-01,2.680500000000000000e+04
5.465213746856664168e-01,2.680800000000000000e+04
5.468007823414361424e-01,2.683200000000000000e+04
5.470801899972059790e-01,2.686700000000000000e+04
5.473595976529757046e-01,2.690200000000000000e+04
5.476390053087454302e-01,2.691700000000000000e+04
5.479184129645152668e-01,2.699400000000000000e+04
5.481978206202849924e-01,2.701400000000000000e+04
5.484772282760547180e-01,2.702300000000000000e+04
5.487566359318245546e-01,2.704400000000000000e+04
5.490360435875942802e-01,2.706900000000000000e+04
5.493154512433641168e-01,2.707000000000000000e+04
5.495948588991338424e-01,2.708300000000000000e+04
5.498742665549035680e-01,2.714800000000000000e+04
5.501536742106734046e-01,2.720100000000000000e+04
5.504330818664431302e-01,2.728400000000000000e+04
5.507124895222129668e-01,2.730200000000000000e+04
5.509918971779826924e-01,2.731200000000000000e+04
5.512713048337524180e-01,2.737800000000000000e+04
5.515507124895222546e-01,2.738300000000000000e+04
5.518301201452919802e-01,2.741200000000000000e+04
5.521095278010617058e-01,2.742600000000000000e+04
5.523889354568315424e-01,2.745900000000000000e+04
5.526683431126012680e-01,2.749500000000000000e+04
5.529477507683711046e-01,2.752500000000000000e+04
5.532271584241408302e-01,2.755900000000000000e+04
5.535065660799105558e-01,2.766000000000000000e+04
5.537859737356803924e-01,2.766800000000000000e+04
5.540653813914501180e-01,2.771000000000000000e+04
5.543447890472199546e-01,2.786600000000000000e+04
5.546241967029896802e-01,2.786900000000000000e+04
5.549036043587594058e-01,2.792200000000000000e+04
5.551830120145292424e-01,2.794800000000000000e+04
5.554624196702989680e-01,2.794900000000000000e+04
5.557418273260686936e-01,2.795800000000000000e+04
5.560212349818385302e-01,2.796300000000000000e+04
5.563006426376082558e-01,2.799600000000000000e+04
5.565800502933780924e-01,2.804500000000000000e+04
5.568594579491478180e-01,2.804800000000000000e+04
5.571388656049175436e-01,2.804900000000000000e+04
5.574182732606873802e-01,2.813800000000000000e+04
5.576976809164571058e-01,2.816700000000000000e+04
5.579770885722268314e-01,2.822200000000000000e+04
5.582564962279966680e-01,2.825500000000000000e+04
5.585359038837663936e-01,2.834000000000000000e+04
5.588153115395362303e-01,2.839600000000000000e+04
5.590947191953059559e-01,2.841700000000000000e+04
5.593741268510756814e-01,2.842800000000000000e+04
5.596535345068455181e-01,2.846300000000000000e+04
5.599329421626152437e-01,2.848600000000000000e+04
5.602123498183850803e-01,2.853700000000000000e+04
5.604917574741548059e-01,2.857200000000000000e+04
5.607711651299245315e-01,2.861900000000000000e+04
5.610505727856943681e-01,2.862900000000000000e+04
5.613299804414640937e-01,2.864700000000000000e+04
5.616093880972338193e-01,2.867600000000000000e+04
5.618887957530036559e-01,2.872700000000000000e+04
5.621682034087733815e-01,2.873500000000000000e+04
5.624476110645432181e-01,2.874800000000000000e+04
5.627270187203129437e-01,2.877200000000000000e+04
5.630064263760826693e-01,2.884100000000000000e+04
5.632858340318525059e-01,2.888600000000000000e+04
5.635652416876222315e-01,2.893600000000000000e+04
5.638446493433920681e-01,2.897300000000000000e+04
5.641240569991617937e-01,2.905800000000000000e+04
5.644034646549315193e-01,2.909900000000000000e+04
5.646828723107013559e-01,2.918300000000000000e+04
5.649622799664710815e-01,2.918900000000000000e+04
5.652416876222408071e-01,2.921400000000000000e+04
5.655210952780106437e-01,2.921600000000000000e+04
5.658005029337803693e-01,2.922200000000000000e+04
5.660799105895502059e-01,2.924000000000000000e+04
5.663593182453199315e-01,2.928400000000000000e+04
5.666387259010896571e-01,2.930700000000000000e+04
5.669181335568594937e-01,2.940800000000000000e+04
5.671975412126292193e-01,2.941900000000000000e+04
5.674769488683989449e-01,2.943600000000000000e+04
5.677563565241687815e-01,2.951000000000000000e+04
5.680357641799385071e-01,2.955700000000000000e+04
5.683151718357083437e-01,2.957800000000000000e+04
5.685945794914780693e-01,2.958500000000000000e+04
5.688739871472477949e-01,2.959900000000000000e+04
5.691533948030176315e-01,2.963000000000000000e+04
5.694328024587873571e-01,2.967600000000000000e+04
5.697122101145571937e-01,2.977200000000000000e+04
5.699916177703269193e-01,2.979400000000000000e+04
5.702710254260966449e-01,2.979700000000000000e+04
5.705504330818664815e-01,2.980100000000000000e+04
5.708298407376362071e-01,2.981200000000000000e+04
5.711092483934059327e-01,2.986500000000000000e+04
5.713886560491757693e-01,2.986600000000000000e+04
5.716680637049454949e-01,2.991000000000000000e+04
5.719474713607153316e-01,2.994400000000000000e+04
5.722268790164850572e-01,2.998300000000000000e+04
5.725062866722547827e-01,3.000400000000000000e+04
5.727856943280246194e-01,3.000500000000000000e+04
5.730651019837943450e-01,3.010400000000000000e+04
5.733445096395641816e-01,3.013300000000000000e+04
5.736239172953339072e-01,3.013900000000000000e+04
5.739033249511036328e-01,3.016800000000000000e+04
5.741827326068734694e-01,3.019700000000000000e+04
5.744621402626431950e-01,3.020500000000000000e+04
5.747415479184129206e-01,3.023600000000000000e+04
5.750209555741827572e-01,3.024400000000000000e+04
5.753003632299524828e-01,3.025100000000000000e+04
5.755797708857223194e-01,3.027400000000000000e+04
5.758591785414920450e-01,3.037800000000000000e+04
5.761385861972617706e-01,3.040100000000000000e+04
5.764179938530316072e-01,3.043200000000000000e+04
5.766974015088013328e-01,3.047100000000000000e+04
5.769768091645711694e-01,3.048600000000000000e+04
5.772562168203408950e-01,3.056700000000000000e+04
5.775356244761106206e-01,3.057700000000000000e+04
5.778150321318804572e-01,3.065900000000000000e+04
5.780944397876501828e-01,3.075000000000000000e+04
5.783738474434199084e-01,3.077300000000000000e+04
5.786532550991897450e-01,3.079200000000000000e+04
5.789326627549594706e-01,3.089300000000000000e+04
5.792120704107293072e-01,3.092500000000000000e+04
5.794914780664990328e-01,3.094100000000000000e+04
5.797708857222687584e-01,3.095900000000000000e+04
5.800502933780385950e-01,3.101500000000000000e+04
5.803297010338083206e-01,3.102900000000000000e+04
5.806091086895780462e-01,3.105900000000000000e+04
5.808885163453478828e-01,3.106500000000000000e+04
5.811679240011176084e-01,3.112500000000000000e+04
5.814473316568874450e-01,3.112500000000000000e+04
5.817267393126571706e-01,3.115400000000000000e+04
5.820061469684268962e-01,3.116600000000000000e+04
5.822855546241967328e-01,3.121300000000000000e+04
5.825649622799664584e-01,3.126500000000000000e+04
5.828443699357362950e-01,3.138900000000000000e+04
5.831237775915060206e-01,3.140000000000000000e+04
5.834031852472757462e-01,3.140100000000000000e+04
5.836825929030455828e-01,3.140100000000000000e+04
5.839620005588153084e-01,3.141200000000000000e+04
5.842414082145850340e-01,3.143300000000000000e+04
5.845208158703548706e-01,3.147300000000000000e+04
5.848002235261245962e-01,3.167200000000000000e+04
5.850796311818944329e-01,3.171100000000000000e+04
5.853590388376641585e-01,3.172200000000000000e+04
5.856384464934338840e-01,3.172700000000000000e+04
5.859178541492037207e-01,3.173400000000000000e+04
5.861972618049734463e-01,3.173500000000000000e+04
5.864766694607432829e-01,3.174800000000000000e+04
5.867560771165130085e-01,3.175400000000000000e+04
5.870354847722827341e-01,3.179700000000000000e+04
5.873148924280525707e-01,3.180600000000000000e+04
5.875943000838222963e-01,3.188700000000000000e+04
5.878737077395920219e-01,3.191400000000000000e+04
5.881531153953618585e-01,3.193300000000000000e+04
5.884325230511315841e-01,3.196000000000000000e+04
5.887119307069014207e-01,3.198600000000000000e+04
5.889913383626711463e-01,3.203300000000000000e+04
5.892707460184408719e-01,3.216800000000000000e+04
5.895501536742107085e-01,3.217200000000000000e+04
5.898295613299804341e-01,3.217300000000000000e+04
5.901089689857501597e-01,3.218100000000000000e+04
5.903883766415199963e-01,3.218100000000000000e+04
5.906677842972897219e-01,3.221500000000000000e+04
5.909471919530595585e-01,3.221900000000000000e+04
5.912265996088292841e-01,3.226400000000000000e+04
5.915060072645990097e-01,3.229700000000000000e+04
5.917854149203688463e-01,3.231500000000000000e+04
5.920648225761385719e-01,3.235100000000000000e+04
5.923442302319084085e-01,3.243200000000000000e+04
5.926236378876781341e-01,3.251100000000000000e+04
5.929030455434478597e-01,3.254900000000000000e+04
5.931824531992176963e-01,3.255300000000000000e+04
5.934618608549874219e-01,3.259000000000000000e+04
5.937412685107571475e-01,3.262000000000000000e+04
5.940206761665269841e-01,3.262400000000000000e+04
5.943000838222967097e-01,3.268300000000000000e+04
5.945794914780665463e-01,3.268700000000000000e+04
5.948588991338362719e-01,3.273500000000000000e+04
5.951383067896059975e-01,3.275600000000000000e+04
5.954177144453758341e-01,3.280600000000000000e+04
5.956971221011455597e-01,3.283400000000000000e+04
5.959765297569153963e-01,3.283700000000000000e+04
5.962559374126851219e-01,3.287600000000000000e+04
5.965353450684548475e-01,3.298400000000000000e+04
5.968147527242246841e-01,3.300600000000000000e+04
5.970941603799944097e-01,3.309300000000000000e+04
5.973735680357641353e-01,3.311100000000000000e+04
5.976529756915339719e-01,3.323500000000000000e+04
5.979323833473036975e-01,3.324100000000000000e+04
5.982117910030735342e-01,3.324400000000000000e+04
5.984911986588432598e-01,3.336300000000000000e+04
5.987706063146129853e-01,3.337500000000000000e+04
5.990500139703828220e-01,3.346300000000000000e+04
5.993294216261525476e-01,3.346600000000000000e+04
5.996088292819223842e-01,3.349400000000000000e+04
5.998882369376921098e-01,3.349900000000000000e+04
6.001676445934618354e-01,3.351700000000000000e+04
6.004470522492316720e-01,3.356600000000000000e+04
6.007264599050013976e-01,3.359000000000000000e+04
6.010058675607711232e-01,3.363700000000000000e+04
6.012852752165409598e-01,3.364600000000000000e+04
6.015646828723106854e-01,3.370200000000000000e+04
6.018440905280805220e-01,3.371100000000000000e+04
6.021234981838502476e-01,3.377300000000000000e+04
6.024029058396199732e-01,3.377600000000000000e+04
6.026823134953898098e-01,3.379100000000000000e+04
6.029617211511595354e-01,3.380300000000000000e+04
6.032411288069292610e-01,3.381800000000000000e+04
6.035205364626990976e-01,3.403000000000000000e+04
6.037999441184688232e-01,3.407500000000000000e+04
6.040793517742386598e-01,3.408300000000000000e+04
6.043587594300083854e-01,3.409900000000000000e+04
6.046381670857781110e-01,3.411000000000000000e+04
6.049175747415479476e-01,3.412000000000000000e+04
6.051969823973176732e-01,3.413400000000000000e+04
6.054763900530875098e-01,3.414800000000000000e+04
6.057557977088572354e-01,3.423000000000000000e+04
6.060352053646269610e-01,3.423100000000000000e+04
6.063146130203967976e-01,3.424200000000000000e+04
6.065940206761665232e-01,3.426500000000000000e+04
6.068734283319362488e-01,3.427000000000000000e+04
6.071528359877060854e-01,3.427300000000000000e+04
6.074322436434758110e-01,3.427700000000000000e+04
6.077116512992456476e-01,3.438900000000000000e+04
6.079910589550153732e-01,3.443000000000000000e+04
6.082704666107850988e-01,3.447100000000000000e+04
6.085498742665549354e-01,3.455600000000000000e+04
6.088292819223246610e-01,3.456400000000000000e+04
6.091086895780944976e-01,3.458400000000000000e+04
6.093880972338642232e-01,3.460800000000000000e+04
6.096675048896339488e-01,3.462500000000000000e+04
6.099469125454037854e-01,3.465600000000000000e+04
6.102263202011735110e-01,3.477500000000000000e+04
6.105057278569432366e-01,3.479000000000000000e+04
6.107851355127130732e-01,3.479700000000000000e+04
6.110645431684827988e-01,3.487300000000000000e+04
6.113439508242526355e-01,3.492100000000000000e+04
6.116233584800223611e-01,3.499800000000000000e+04
6.119027661357920866e-01,3.500700000000000000e+04
6.121821737915619233e-01,3.504700000000000000e+04
6.124615814473316489e-01,3.509600000000000000e+04
6.127409891031014855e-01,3.521900000000000000e+04
6.130203967588712111e-01,3.526100000000000000e+04
6.132998044146409367e-01,3.529500000000000000e+04
6.135792120704107733e-01,3.531600000000000000e+04
6.138586197261804989e-01,3.539100000000000000e+04
6.141380273819502245e-01,3.539800000000000000e+04
6.144174350377200611e-01,3.550100000000000000e+04
6.146968426934897867e-01,3.550900000000000000e+04
6.149762503492596233e-01,3.562600000000000000e+04
6.152556580050293489e-01,3.564600000000000000e+04
6.155350656607990745e-01,3.570100000000000000e+04
6.158144733165689111e-01,3.575400000000000000e+04
6.160938809723386367e-01,3.591700000000000000e+04
6.163732886281083623e-01,3.597600000000000000e+04
6.166526962838781989e-01,3.598500000000000000e+04
6.169321039396479245e-01,3.602300000000000000e+04
6.172115115954177611e-01,3.606200000000000000e+04
6.174909192511874867e-01,3.606300000000000000e+04
6.177703269069572123e-01,3.618300000000000000e+04
6.180497345627270489e-01,3.631300000000000000e+04
6.183291422184967745e-01,3.633300000000000000e+04
6.186085498742666111e-01,3.635000000000000000e+04
6.188879575300363367e-01,3.643000000000000000e+04
6.191673651858060623e-01,3.644800000000000000e+04
6.194467728415758989e-01,3.647400000000000000e+04
6.197261804973456245e-01,3.651800000000000000e+04
6.200055881531153501e-01,3.652000000000000000e+04
6.202849958088851867e-01,3.659900000000000000e+04
6.205644034646549123e-01,3.660500000000000000e+04
6.208438111204247489e-01,3.663000000000000000e+04
6.211232187761944745e-01,3.668200000000000000e+04
6.214026264319642001e-01,3.670000000000000000e+04
6.216820340877340367e-01,3.674000000000000000e+04
6.219614417435037623e-01,3.689900000000000000e+04
6.222408493992735989e-01,3.706000000000000000e+04
6.225202570550433245e-01,3.707700000000000000e+04
6.227996647108130501e-01,3.709200000000000000e+04
6.230790723665828867e-01,3.711000000000000000e+04
6.233584800223526123e-01,3.734300000000000000e+04
6.236378876781223379e-01,3.735100000000000000e+04
6.239172953338921745e-01,3.739000000000000000e+04
6.241967029896619001e-01,3.743100000000000000e+04
6.244761106454317368e-01,3.748800000000000000e+04
6.247555183012014624e-01,3.761000000000000000e+04
6.250349259569711879e-01,3.764700000000000000e+04
6.253143336127410246e-01,3.767700000000000000e+04
6.255937412685107502e-01,3.768900000000000000e+04
6.258731489242805868e-01,3.769700000000000000e+04
6.261525565800503124e-01,3.782400000000000000e+04
6.264319642358200380e-01,3.782500000000000000e+04
6.267113718915898746e-01,3.785100000000000000e+04
6.269907795473596002e-01,3.786900000000000000e+04
6.272701872031293258e-01,3.790400000000000000e+04
6.275495948588991624e-01,3.790400000000000000e+04
6.278290025146688880e-01,3.801000000000000000e+04
6.281084101704387246e-01,3.801800000000000000e+04
6.283878178262084502e-01,3.804900000000000000e+04
6.286672254819781758e-01,3.807600000000000000e+04
6.289466331377480124e-01,3.810300000000000000e+04
6.292260407935177380e-01,3.816600000000000000e+04
6.295054484492874636e-01,3.817100000000000000e+04
6.297848561050573002e-01,3.830600000000000000e+04
6.300642637608270258e-01,3.841800000000000000e+04
6.303436714165968624e-01,3.842500000000000000e+04
6.306230790723665880e-01,3.843400000000000000e+04
6.309024867281363136e-01,3.845300000000000000e+04
6.311818943839061502e-01,3.850700000000000000e+04
6.314613020396758758e-01,3.859300000000000000e+04
6.317407096954457124e-01,3.860400000000000000e+04
6.320201173512154380e-01,3.862800000000000000e+04
6.322995250069851636e-01,3.863700000000000000e+04
6.325789326627550002e-01,3.865800000000000000e+04
6.328583403185247258e-01,3.866200000000000000e+04
6.331377479742944514e-01,3.873700000000000000e+04
6.334171556300642880e-01,3.877600000000000000e+04
6.336965632858340136e-01,3.878200000000000000e+04
6.339759709416038502e-01,3.883000000000000000e+04
6.342553785973735758e-01,3.886300000000000000e+04
6.345347862531433014e-01,3.890900000000000000e+04
6.348141939089131380e-01,3.891400000000000000e+04
6.350936015646828636e-01,3.893900000000000000e+04
6.353730092204527002e-01,3.894800000000000000e+04
6.356524168762224258e-01,3.897800000000000000e+04
6.359318245319921514e-01,3.899900000000000000e+04
6.362112321877619880e-01,3.902100000000000000e+04
6.364906398435317136e-01,3.903900000000000000e+04
6.367700474993014392e-01,3.908300000000000000e+04
6.370494551550712758e-01,3.908900000000000000e+04
6.373288628108410014e-01,3.910000000000000000e+04
6.376082704666108381e-01,3.929200000000000000e+04
6.378876781223805637e-01,3.934200000000000000e+04
6.381670857781502892e-01,3.935200000000000000e+04
6.384464934339201259e-01,3.936000000000000000e+04
6.387259010896898515e-01,3.957000000000000000e+04
6.390053087454595770e-01,3.958600000000000000e+04
6.392847164012294137e-01,3.961000000000000000e+04
6.395641240569991393e-01,3.961300000000000000e+04
6.398435317127689759e-01,3.961400000000000000e+04
6.401229393685387015e-01,3.964000000000000000e+04
6.404023470243084271e-01,3.964500000000000000e+04
6.406817546800782637e-01,3.969200000000000000e+04
6.409611623358479893e-01,3.971500000000000000e+04
6.412405699916178259e-01,3.976900000000000000e+04
6.415199776473875515e-01,3.981200000000000000e+04
6.417993853031572771e-01,3.984000000000000000e+04
6.420787929589271137e-01,3.995600000000000000e+04
6.423582006146968393e-01,4.000500000000000000e+04
6.426376082704665649e-01,4.001300000000000000e+04
6.429170159262364015e-01,4.005100000000000000e+04
6.431964235820061271e-01,4.006800000000000000e+04
6.434758312377759637e-01,4.019000000000000000e+04
6.437552388935456893e-01,4.021500000000000000e+04
6.440346465493154149e-01,4.021500000000000000e+04
6.443140542050852515e-01,4.029500000000000000e+04
6.445934618608549771e-01,4.029900000000000000e+04
6.448728695166248137e-01,4.032800000000000000e+04
6.451522771723945393e-01,4.035900000000000000e+04
6.454316848281642649e-01,4.038600000000000000e+04
6.457110924839341015e-01,4.046200000000000000e+04
6.459905001397038271e-01,4.054800000000000000e+04
6.462699077954735527e-01,4.055600000000000000e+04
6.465493154512433893e-01,4.058900000000000000e+04
6.468287231070131149e-01,4.062300000000000000e+04
6.471081307627829515e-01,4.067800000000000000e+04
6.473875384185526771e-01,4.069400000000000000e+04
6.476669460743224027e-01,4.072200000000000000e+04
6.479463537300922393e-01,4.072800000000000000e+04
6.482257613858619649e-01,4.077100000000000000e+04
6.485051690416318015e-01,4.081700000000000000e+04
6.487845766974015271e-01,4.088500000000000000e+04
6.490639843531712527e-01,4.095700000000000000e+04
6.493433920089410893e-01,4.099600000000000000e+04
6.496227996647108149e-01,4.102800000000000000e+04
6.499022073204805405e-01,4.103200000000000000e+04
6.501816149762503771e-01,4.109900000000000000e+04
6.504610226320201027e-01,4.110700000000000000e+04
6.507404302877899394e-01,4.112100000000000000e+04
6.510198379435596650e-01,4.116400000000000000e+04
6.512992455993293905e-01,4.118600000000000000e+04
6.515786532550992272e-01,4.121200000000000000e+04
6.518580609108689528e-01,4.124100000000000000e+04
6.521374685666386783e-01,4.124100000000000000e+04
6.524168762224085150e-01,4.131100000000000000e+04
6.526962838781782406e-01,4.136300000000000000e+04
6.529756915339480772e-01,4.138600000000000000e+04
6.532550991897178028e-01,4.148000000000000000e+04
6.535345068454875284e-01,4.149100000000000000e+04
6.538139145012573650e-01,4.152400000000000000e+04
6.540933221570270906e-01,4.152800000000000000e+04
6.543727298127969272e-01,4.153700000000000000e+04
6.546521374685666528e-01,4.155100000000000000e+04
6.549315451243363784e-01,4.160500000000000000e+04
6.552109527801062150e-01,4.164100000000000000e+04
6.554903604358759406e-01,4.167200000000000000e+04
6.557697680916456662e-01,4.169700000000000000e+04
6.560491757474155028e-01,4.175800000000000000e+04
6.563285834031852284e-01,4.177100000000000000e+04
6.566079910589550650e-01,4.185400000000000000e+04
6.568873987147247906e-01,4.186000000000000000e+04
6.571668063704945162e-01,4.186500000000000000e+04
6.574462140262643528e-01,4.187100000000000000e+04
6.577256216820340784e-01,4.194700000000000000e+04
6.580050293378039150e-01,4.196400000000000000e+04
6.582844369935736406e-01,4.197300000000000000e+04
6.585638446493433662e-01,4.197600000000000000e+04
6.588432523051132028e-01,4.208100000000000000e+04
6.591226599608829284e-01,4.214400000000000000e+04
6.594020676166526540e-01,4.216600000000000000e+04
6.596814752724224906e-01,4.224700000000000000e+04
6.599608829281922162e-01,4.228100000000000000e+04
6.602402905839620528e-01,4.233500000000000000e+04
6.605196982397317784e-01,4.234900000000000000e+04
6.607991058955015040e-01,4.237100000000000000e+04
6.610785135512713406e-01,4.240300000000000000e+04
6.613579212070410662e-01,4.247300000000000000e+04
6.616373288628107918e-01,4.258500000000000000e+04
6.619167365185806284e-01,4.273600000000000000e+04
6.621961441743503540e-01,4.274600000000000000e+04
6.624755518301201906e-01,4.274600000000000000e+04
6.627549594858899162e-01,4.276300000000000000e+04
6.630343671416596418e-01,4.277300000000000000e+04
6.633137747974294784e-01,4.278900000000000000e+04
6.635931824531992040e-01,4.282600000000000000e+04
6.638725901089690407e-01,4.283600000000000000e+04
6.641519977647387663e-01,4.290600000000000000e+04
6.644314054205084918e-01,4.308900000000000000e+04
6.647108130762783285e-01,4.311000000000000000e+04
6.649902207320480541e-01,4.312800000000000000e+04
6.652696283878177796e-01,4.333600000000000000e+04
6.655490360435876163e-01,4.336700000000000000e+04
6.658284436993573419e-01,4.372100000000000000e+04
6.661078513551271785e-01,4.372500000000000000e+04
6.663872590108969041e-01,4.385500000000000000e+04
6.666666666666666297e-01,4.392300000000000000e+04
6.669460743224364663e-01,4.393600000000000000e+04
6.672254819782061919e-01,4.398600000000000000e+04
6.675048896339760285e-01,4.400000000000000000e+04
6.677842972897457541e-01,4.405500000000000000e+04
6.680637049455154797e-01,4.407100000000000000e+04
6.683431126012853163e-01,4.416800000000000000e+04
6.686225202570550419e-01,4.430500000000000000e+04
6.689019279128247675e-01,4.439000000000000000e+04
6.691813355685946041e-01,4.440500000000000000e+04
6.694607432243643297e-01,4.441500000000000000e+04
6.697401508801341663e-01,4.446700000000000000e+04
6.700195585359038919e-01,4.448200000000000000e+04
6.702989661916736175e-01,4.448900000000000000e+04
6.705783738474434541e-01,4.449700000000000000e+04
6.708577815032131797e-01,4.449900000000000000e+04
6.711371891589830163e-01,4.463600000000000000e+04
6.714165968147527419e-01,4.481800000000000000e+04
6.716960044705224675e-01,4.490100000000000000e+04
6.719754121262923041e-01,4.508300000000000000e+04
6.722548197820620297e-01,4.516400000000000000e+04
6.725342274378317553e-01,4.516700000000000000e+04
6.728136350936015919e-01,4.517000000000000000e+04
6.730930427493713175e-01,4.518000000000000000e+04
6.733724504051411541e-01,4.523100000000000000e+04
6.736518580609108797e-01,4.528700000000000000e+04
6.739312657166806053e-01,4.533400000000000000e+04
6.742106733724504419e-01,4.535500000000000000e+04
6.744900810282201675e-01,4.538600000000000000e+04
6.747694886839898931e-01,4.550200000000000000e+04
6.750488963397597297e-01,4.555000000000000000e+04
6.753283039955294553e-01,4.565200000000000000e+04
6.756077116512992919e-01,4.568900000000000000e+04
6.758871193070690175e-01,4.571200000000000000e+04
6.761665269628387431e-01,4.577400000000000000e+04
6.764459346186085797e-01,4.587700000000000000e+04
6.767253422743783053e-01,4.595800000000000000e+04
6.770047499301481420e-01,4.595900000000000000e+04
6.772841575859178676e-01,4.599500000000000000e+04
6.775635652416875931e-01,4.601700000000000000e+04
6.778429728974574298e-01,4.607600000000000000e+04
6.781223805532271554e-01,4.624400000000000000e+04
6.784017882089968809e-01,4.632300000000000000e+04
6.786811958647667176e-01,4.636200000000000000e+04
6.789606035205364432e-01,4.648400000000000000e+04
6.792400111763062798e-01,4.649000000000000000e+04
6.795194188320760054e-01,4.650600000000000000e+04
6.797988264878457310e-01,4.651000000000000000e+04
6.800782341436155676e-01,4.655900000000000000e+04
6.803576417993852932e-01,4.679800000000000000e+04
6.806370494551551298e-01,4.686400000000000000e+04
6.809164571109248554e-01,4.686400000000000000e+04
6.811958647666945810e-01,4.693500000000000000e+04
6.814752724224644176e-01,4.705000000000000000e+04
6.817546800782341432e-01,4.705500000000000000e+04
6.820340877340038688e-01,4.708100000000000000e+04
6.823134953897737054e-01,4.712600000000000000e+04
6.825929030455434310e-01,4.720900000000000000e+04
6.828723107013132676e-01,4.725000000000000000e+04
6.831517183570829932e-01,4.755100000000000000e+04
6.834311260128527188e-01,4.762300000000000000e+04
6.837105336686225554e-01,4.763600000000000000e+04
6.839899413243922810e-01,4.771200000000000000e+04
6.842693489801621176e-01,4.796800000000000000e+04
6.845487566359318432e-01,4.803600000000000000e+04
6.848281642917015688e-01,4.807300000000000000e+04
6.851075719474714054e-01,4.815400000000000000e+04
6.853869796032411310e-01,4.821800000000000000e+04
6.856663872590108566e-01,4.824700000000000000e+04
6.859457949147806932e-01,4.833200000000000000e+04
6.862252025705504188e-01,4.840200000000000000e+04
6.865046102263202554e-01,4.843700000000000000e+04
6.867840178820899810e-01,4.843900000000000000e+04
6.870634255378597066e-01,4.857000000000000000e+04
6.873428331936295432e-01,4.858800000000000000e+04
6.876222408493992688e-01,4.859400000000000000e+04
6.879016485051689944e-01,4.863500000000000000e+04
6.881810561609388310e-01,4.867600000000000000e+04
6.884604638167085566e-01,4.871600000000000000e+04
6.887398714724783932e-01,4.872300000000000000e+04
6.890192791282481188e-01,4.882500000000000000e+04
6.892986867840178444e-01,4.883000000000000000e+04
6.895780944397876810e-01,4.900200000000000000e+04
6.898575020955574066e-01,4.901200000000000000e+04
6.901369097513272433e-01,4.904600000000000000e+04
6.904163174070969689e-01,4.908400000000000000e+04
6.906957250628666944e-01,4.913100000000000000e+04
6.909751327186365311e-01,4.917300000000000000e+04
6.912545403744062567e-01,4.923200000000000000e+04
6.915339480301759822e-01,4.934000000000000000e+04
6.918133556859458189e-01,4.943600000000000000e+04
6.920927633417155445e-01,4.945400000000000000e+04
6.923721709974853811e-01,4.947700000000000000e+04
6.926515786532551067e-01,4.967200000000000000e+04
6.929309863090248323e-01,4.974400000000000000e+04
6.932103939647946689e-01,4.981300000000000000e+04
6.934898016205643945e-01,4.994100000000000000e+04
6.937692092763342311e-01,4.994800000000000000e+04
6.940486169321039567e-01,4.995500000000000000e+04
6.943280245878736823e-01,4.996600000000000000e+04
6.946074322436435189e-01,4.997200000000000000e+04
6.948868398994132445e-01,5.003400000000000000e+04
6.951662475551829701e-01,5.003400000000000000e+04
6.954456552109528067e-01,5.020200000000000000e+04
6.957250628667225323e-01,5.020200000000000000e+04
6.960044705224923689e-01,5.025500000000000000e+04
6.962838781782620945e-01,5.041600000000000000e+04
6.965632858340318201e-01,5.050500000000000000e+04
6.968426934898016567e-01,5.061500000000000000e+04
6.971221011455713823e-01,5.063700000000000000e+04
6.974015088013412189e-01,5.064700000000000000e+04
6.976809164571109445e-01,5.080700000000000000e+04
6.979603241128806701e-01,5.085200000000000000e+04
6.982397317686505067e-01,5.094900000000000000e+04
6.985191394244202323e-01,5.099000000000000000e+04
6.987985470801899579e-01,5.110600000000000000e+04
6.990779547359597945e-01,5.110800000000000000e+04
6.993573623917295201e-01,5.111500000000000000e+04
6.996367700474993567e-01,5.123300000000000000e+04
6.999161777032690823e-01,5.132900000000000000e+04
7.001955853590388079e-01,5.153900000000000000e+04
7.004749930148086445e-01,5.159400000000000000e+04
7.007544006705783701e-01,5.160800000000000000e+04
7.010338083263480957e-01,5.169500000000000000e+04
7.013132159821179323e-01,5.174600000000000000e+04
7.015926236378876579e-01,5.189900000000000000e+04
7.018720312936574945e-01,5.205800000000000000e+04
7.021514389494272201e-01,5.207900000000000000e+04
7.024308466051969457e-01,5.208000000000000000e+04
7.027102542609667823e-01,5.208500000000000000e+04
7.029896619167365079e-01,5.211700000000000000e+04
7.032690695725063446e-01,5.220200000000000000e+04
7.035484772282760702e-01,5.225500000000000000e+04
7.038278848840457957e-01,5.231500000000000000e+04
7.041072925398156324e-01,5.235500000000000000e+04
7.043867001955853580e-01,5.238100000000000000e+04
7.046661078513550835e-01,5.244700000000000000e+04
7.049455155071249202e-01,5.250000000000000000e+04
7.052249231628946458e-01,5.251100000000000000e+04
7.055043308186644824e-01,5.256500000000000000e+04
7.057837384744342080e-01,5.272400000000000000e+04
7.060631461302039336e-01,5.272500000000000000e+04
7.063425537859737702e-01,5.276800000000000000e+04
7.066219614417434958e-01,5.278500000000000000e+04
7.069013690975133324e-01,5.321500000000000000e+04
7.071807767532830580e-01,5.326400000000000000e+04
7.074601844090527836e-01,5.338700000000000000e+04
7.077395920648226202e-01,5.349100000000000000e+04
7.080189997205923458e-01,5.351700000000000000e+04
7.082984073763620714e-01,5.352500000000000000e+04
7.085778150321319080e-01,5.360300000000000000e+04
7.088572226879016336e-01,5.362900000000000000e+04
7.091366303436714702e-01,5.368700000000000000e+04
7.094160379994411958e-01,5.370800000000000000e+04
7.096954456552109214e-01,5.374800000000000000e+04
7.099748533109807580e-01,5.393300000000000000e+04
7.102542609667504836e-01,5.395200000000000000e+04
7.105336686225202092e-01,5.395500000000000000e+04
7.108130762782900458e-01,5.398500000000000000e+04
7.110924839340597714e-01,5.423100000000000000e+04
7.113718915898296080e-01,5.427000000000000000e+04
7.116512992455993336e-01,5.427700000000000000e+04
7.119307069013690592e-01,5.433000000000000000e+04
7.122101145571388958e-01,5.434700000000000000e+04
7.124895222129086214e-01,5.436500000000000000e+04
7.127689298686784580e-01,5.437000000000000000e+04
7.130483375244481836e-01,5.438400000000000000e+04
7.133277451802179092e-01,5.440100000000000000e+04
7.136071528359877458e-01,5.446400000000000000e+04
7.138865604917574714e-01,5.453100000000000000e+04
7.141659681475271970e-01,5.483900000000000000e+04
7.144453758032970336e-01,5.490100000000000000e+04
7.147247834590667592e-01,5.497500000000000000e+04
7.150041911148365958e-01,5.510300000000000000e+04
7.152835987706063214e-01,5.517600000000000000e+04
7.155630064263760470e-01,5.520200000000000000e+04
7.158424140821458836e-01,5.526100000000000000e+04
7.161218217379156092e-01,5.542100000000000000e+04
7.164012293936854459e-01,5.542900000000000000e+04
7.166806370494551715e-01,5.545300000000000000e+04
7.169600447052248970e-01,5.545500000000000000e+04
7.172394523609947337e-01,5.546300000000000000e+04
7.175188600167644593e-01,5.559200000000000000e+04
7.177982676725341848e-01,5.559900000000000000e+04
7.180776753283040215e-01,5.567100000000000000e+04
7.183570829840737471e-01,5.568800000000000000e+04
7.186364906398435837e-01,5.573600000000000000e+04
7.189158982956133093e-01,5.576400000000000000e+04
7.191953059513830349e-01,5.590200000000000000e+04
7.194747136071528715e-01,5.590400000000000000e+04
7.197541212629225971e-01,5.603100000000000000e+04
7.200335289186924337e-01,5.626600000000000000e+04
7.203129365744621593e-01,5.632100000000000000e+04
7.205923442302318849e-01,5.633400000000000000e+04
7.208717518860017215e-01,5.644200000000000000e+04
7.211511595417714471e-01,5.645800000000000000e+04
7.214305671975411727e-01,5.649200000000000000e+04
7.217099748533110093e-01,5.663600000000000000e+04
7.219893825090807349e-01,5.676400000000000000e+04
7.222687901648505715e-01,5.698200000000000000e+04
7.225481978206202971e-01,5.699100000000000000e+04
7.228276054763900227e-01,5.713200000000000000e+04
7.231070131321598593e-01,5.721500000000000000e+04
7.233864207879295849e-01,5.729100000000000000e+04
7.236658284436993105e-01,5.729200000000000000e+04
7.239452360994691471e-01,5.735900000000000000e+04
7.242246437552388727e-01,5.737700000000000000e+04
7.245040514110087093e-01,5.750100000000000000e+04
7.247834590667784349e-01,5.750900000000000000e+04
7.250628667225481605e-01,5.765600000000000000e+04
7.253422743783179971e-01,5.768800000000000000e+04
7.256216820340877227e-01,5.769400000000000000e+04
7.259010896898575593e-01,5.784000000000000000e+04
7.261804973456272849e-01,5.784700000000000000e+04
7.264599050013970105e-01,5.793300000000000000e+04
7.267393126571668471e-01,5.796900000000000000e+04
7.270187203129365727e-01,5.810600000000000000e+04
7.272981279687062983e-01,5.826700000000000000e+04
7.275775356244761349e-01,5.830500000000000000e+04
7.278569432802458605e-01,5.840600000000000000e+04
7.281363509360156971e-01,5.853000000000000000e+04
7.284157585917854227e-01,5.876200000000000000e+04
7.286951662475551483e-01,5.879000000000000000e+04
7.289745739033249849e-01,5.883400000000000000e+04
7.292539815590947105e-01,5.885000000000000000e+04
7.295333892148645472e-01,5.898700000000000000e+04
7.298127968706342728e-01,5.900500000000000000e+04
7.300922045264039983e-01,5.901700000000000000e+04
7.303716121821738350e-01,5.917700000000000000e+04
7.306510198379435606e-01,5.918700000000000000e+04
7.309304274937132861e-01,5.929900000000000000e+04
7.312098351494831228e-01,5.931900000000000000e+04
7.314892428052528484e-01,5.932200000000000000e+04
7.317686504610226850e-01,5.934100000000000000e+04
7.320480581167924106e-01,5.939400000000000000e+04
7.323274657725621362e-01,5.946700000000000000e+04
7.326068734283319728e-01,5.947900000000000000e+04
7.328862810841016984e-01,5.958400000000000000e+04
7.331656887398714240e-01,5.962600000000000000e+04
7.334450963956412606e-01,5.971500000000000000e+04
7.337245040514109862e-01,5.975500000000000000e+04
7.340039117071808228e-01,5.988000000000000000e+04
7.342833193629505484e-01,5.994100000000000000e+04
7.345627270187202740e-01,6.010200000000000000e+04
7.348421346744901106e-01,6.012500000000000000e+04
7.351215423302598362e-01,6.020000000000000000e+04
7.354009499860296728e-01,6.022300000000000000e+04
7.356803576417993984e-01,6.048700000000000000e+04
7.359597652975691240e-01,6.053600000000000000e+04
7.362391729533389606e-01,6.056800000000000000e+04
7.365185806091086862e-01,6.061200000000000000e+04
7.367979882648784118e-01,6.065500000000000000e+04
7.370773959206482484e-01,6.072400000000000000e+04
7.373568035764179740e-01,6.079500000000000000e+04
7.376362112321878106e-01,6.080800000000000000e+04
7.379156188879575362e-01,6.088400000000000000e+04
7.381950265437272618e-01,6.092200000000000000e+04
7.384744341994970984e-01,6.113200000000000000e+04
7.387538418552668240e-01,6.120000000000000000e+04
7.390332495110366606e-01,6.135400000000000000e+04
7.393126571668063862e-01,6.148900000000000000e+04
7.395920648225761118e-01,6.155500000000000000e+04
7.398714724783459484e-01,6.156700000000000000e+04
7.401508801341156740e-01,6.193600000000000000e+04
7.404302877898853996e-01,6.204900000000000000e+04
7.407096954456552362e-01,6.215400000000000000e+04
7.409891031014249618e-01,6.239500000000000000e+04
7.412685107571947984e-01,6.249700000000000000e+04
7.415479184129645240e-01,6.263500000000000000e+04
7.418273260687342496e-01,6.264400000000000000e+04
7.421067337245040862e-01,6.279500000000000000e+04
7.423861413802738118e-01,6.281100000000000000e+04
7.426655490360436485e-01,6.287900000000000000e+04
7.429449566918133741e-01,6.291300000000000000e+04
7.432243643475830996e-01,6.304800000000000000e+04
7.435037720033529363e-01,6.338100000000000000e+04
7.437831796591226619e-01,6.350700000000000000e+04
7.440625873148923874e-01,6.388300000000000000e+04
7.443419949706622241e-01,6.393200000000000000e+04
7.446214026264319497e-01,6.404000000000000000e+04
7.449008102822017863e-01,6.413600000000000000e+04
7.451802179379715119e-01,6.415600000000000000e+04
7.454596255937412375e-01,6.416200000000000000e+04
7.457390332495110741e-01,6.417600000000000000e+04
7.460184409052807997e-01,6.442300000000000000e+04
7.462978485610505253e-01,6.452600000000000000e+04
7.465772562168203619e-01,6.459500000000000000e+04
7.468566638725900875e-01,6.473900000000000000e+04
7.471360715283599241e-01,6.476200000000000000e+04
7.474154791841296497e-01,6.494800000000000000e+04
7.476948868398993753e-01,6.498600000000000000e+04
7.479742944956692119e-01,6.500400000000000000e+04
7.482537021514389375e-01,6.516200000000000000e+04
7.485331098072087741e-01,6.524700000000000000e+04
7.488125174629784997e-01,6.549900000000000000e+04
7.490919251187482253e-01,6.552700000000000000e+04
7.493713327745180619e-01,6.554100000000000000e+04
7.496507404302877875e-01,6.559500000000000000e+04
7.499301480860575131e-01,6.561800000000000000e+04
7.502095557418273497e-01,6.584700000000000000e+04
7.504889633975970753e-01,6.586600000000000000e+04
7.507683710533669119e-01,6.591200000000000000e+04
7.510477787091366375e-01,6.598100000000000000e+04
7.513271863649063631e-01,6.606600000000000000e+04
7.516065940206761997e-01,6.611100000000000000e+04
7.518860016764459253e-01,6.617600000000000000e+04
7.521654093322157619e-01,6.623700000000000000e+04
7.524448169879854875e-01,6.642700000000000000e+04
7.527242246437552131e-01,6.647200000000000000e+04
7.530036322995250497e-01,6.652800000000000000e+04
7.532830399552947753e-01,6.659300000000000000e+04
7.535624476110645009e-01,6.660900000000000000e+04
7.538418552668343375e-01,6.663100000000000000e+04
7.541212629226040631e-01,6.667900000000000000e+04
7.544006705783738997e-01,6.672300000000000000e+04
7.546800782341436253e-01,6.675800000000000000e+04
7.549594858899133509e-01,6.679400000000000000e+04
7.552388935456831875e-01,6.680100000000000000e+04
7.555183012014529131e-01,6.700600000000000000e+04
7.557977088572227498e-01,6.706900000000000000e+04
7.560771165129924754e-01,6.710800000000000000e+04
7.563565241687622009e-01,6.728500000000000000e+04
7.566359318245320376e-01,6.734900000000000000e+04
7.569153394803017632e-01,6.736100000000000000e+04
7.571947471360714887e-01,6.752900000000000000e+04
7.574741547918413254e-01,6.766000000000000000e+04
7.577535624476110510e-01,6.772300000000000000e+04
7.580329701033808876e-01,6.778000000000000000e+04
7.583123777591506132e-01,6.780500000000000000e+04
7.585917854149203388e-01,6.786100000000000000e+04
7.588711930706901754e-01,6.793500000000000000e+04
7.591506007264599010e-01,6.803400000000000000e+04
7.594300083822296266e-01,6.805000000000000000e+04
7.597094160379994632e-01,6.814700000000000000e+04
7.599888236937691888e-01,6.814800000000000000e+04
7.602682313495390254e-01,6.826300000000000000e+04
7.605476390053087510e-01,6.850200000000000000e+04
7.608270466610784766e-01,6.856600000000000000e+04
7.611064543168483132e-01,6.859200000000000000e+04
7.613858619726180388e-01,6.881300000000000000e+04
7.616652696283878754e-01,6.886400000000000000e+04
7.619446772841576010e-01,6.891100000000000000e+04
7.622240849399273266e-01,6.899400000000000000e+04
7.625034925956971632e-01,6.902900000000000000e+04
7.627829002514668888e-01,6.905200000000000000e+04
7.630623079072366144e-01,6.906100000000000000e+04
7.633417155630064510e-01,6.906200000000000000e+04
7.636211232187761766e-01,6.911600000000000000e+04
7.639005308745460132e-01,6.918900000000000000e+04
7.641799385303157388e-01,6.919700000000000000e+04
7.644593461860854644e-01,6.922700000000000000e+04
7.647387538418553010e-01,6.936600000000000000e+04
7.650181614976250266e-01,6.953900000000000000e+04
7.652975691533948632e-01,6.970600000000000000e+04
7.655769768091645888e-01,6.974000000000000000e+04
7.658563844649343144e-01,6.989500000000000000e+04
7.661357921207041510e-01,7.007400000000000000e+04
7.664151997764738766e-01,7.007700000000000000e+04
7.666946074322436022e-01,7.032300000000000000e+04
7.669740150880134388e-01,7.033200000000000000e+04
7.672534227437831644e-01,7.046500000000000000e+04
7.675328303995530010e-01,7.050700000000000000e+04
7.678122380553227266e-01,7.064300000000000000e+04
7.680916457110924522e-01,7.070400000000000000e+04
7.683710533668622888e-01,7.080900000000000000e+04
7.686504610226320144e-01,7.092800000000000000e+04
7.689298686784018511e-01,7.098800000000000000e+04
7.692092763341715767e-01,7.105700000000000000e+04
7.694886839899413022e-01,7.107500000000000000e+04
7.697680916457111389e-01,7.132500000000000000e+04
7.700474993014808645e-01,7.135700000000000000e+04
7.703269069572505900e-01,7.136700000000000000e+04
7.706063146130204267e-01,7.148700000000000000e+04
7.708857222687901523e-01,7.151300000000000000e+04
7.711651299245599889e-01,7.153800000000000000e+04
7.714445375803297145e-01,7.154900000000000000e+04
7.717239452360994401e-01,7.161400000000000000e+04
7.720033528918692767e-01,7.169000000000000000e+04
7.722827605476390023e-01,7.187100000000000000e+04
7.725621682034087279e-01,7.187300000000000000e+04
7.728415758591785645e-01,7.203600000000000000e+04
7.731209835149482901e-01,7.206600000000000000e+04
7.734003911707181267e-01,7.213800000000000000e+04
7.736797988264878523e-01,7.238000000000000000e+04
7.739592064822575779e-01,7.263000000000000000e+04
7.742386141380274145e-01,7.268200000000000000e+04
7.745180217937971401e-01,7.272700000000000000e+04
7.747974294495669767e-01,7.277900000000000000e+04
7.750768371053367023e-01,7.285400000000000000e+04
7.753562447611064279e-01,7.288500000000000000e+04
7.756356524168762645e-01,7.290300000000000000e+04
7.759150600726459901e-01,7.303900000000000000e+04
7.761944677284157157e-01,7.320200000000000000e+04
7.764738753841855523e-01,7.324800000000000000e+04
7.767532830399552779e-01,7.325200000000000000e+04
7.770326906957251145e-01,7.353800000000000000e+04
7.773120983514948401e-01,7.355300000000000000e+04
7.775915060072645657e-01,7.357200000000000000e+04
7.778709136630344023e-01,7.372200000000000000e+04
7.781503213188041279e-01,7.381400000000000000e+04
7.784297289745739645e-01,7.382500000000000000e+04
7.787091366303436901e-01,7.393600000000000000e+04
7.789885442861134157e-01,7.394800000000000000e+04
7.792679519418832523e-01,7.421900000000000000e+04
7.795473595976529779e-01,7.431000000000000000e+04
7.798267672534227035e-01,7.432700000000000000e+04
7.801061749091925401e-01,7.435000000000000000e+04
7.803855825649622657e-01,7.456700000000000000e+04
7.806649902207321023e-01,7.485100000000000000e+04
7.809443978765018279e-01,7.519900000000000000e+04
7.812238055322715535e-01,7.536200000000000000e+04
7.815032131880413901e-01,7.540600000000000000e+04
7.817826208438111157e-01,7.548100000000000000e+04
7.820620284995808413e-01,7.589400000000000000e+04
7.823414361553506780e-01,7.602700000000000000e+04
7.826208438111204035e-01,7.611800000000000000e+04
7.829002514668902402e-01,7.612100000000000000e+04
7.831796591226599658e-01,7.617400000000000000e+04
7.834590667784296913e-01,7.617900000000000000e+04
7.837384744341995280e-01,7.622500000000000000e+04
7.840178820899692536e-01,7.625000000000000000e+04
7.842972897457390902e-01,7.634100000000000000e+04
7.845766974015088158e-01,7.653600000000000000e+04
7.848561050572785414e-01,7.653800000000000000e+04
7.851355127130483780e-01,7.654200000000000000e+04
7.854149203688181036e-01,7.686500000000000000e+04
7.856943280245878292e-01,7.693800000000000000e+04
7.859737356803576658e-01,7.709500000000000000e+04
7.862531433361273914e-01,7.710900000000000000e+04
7.865325509918972280e-01,7.713100000000000000e+04
7.868119586476669536e-01,7.722500000000000000e+04
7.870913663034366792e-01,7.742000000000000000e+04
7.873707739592065158e-01,7.777500000000000000e+04
7.876501816149762414e-01,7.779300000000000000e+04
7.879295892707460780e-01,7.791200000000000000e+04
7.882089969265158036e-01,7.797300000000000000e+04
7.884884045822855292e-01,7.815100000000000000e+04
7.887678122380553658e-01,7.852400000000000000e+04
7.890472198938250914e-01,7.866200000000000000e+04
7.893266275495948170e-01,7.871400000000000000e+04
7.896060352053646536e-01,7.902900000000000000e+04
7.898854428611343792e-01,7.912900000000000000e+04
7.901648505169042158e-01,7.936000000000000000e+04
7.904442581726739414e-01,7.961100000000000000e+04
7.907236658284436670e-01,7.964100000000000000e+04
7.910030734842135036e-01,7.968000000000000000e+04
7.912824811399832292e-01,7.981200000000000000e+04
7.915618887957530658e-01,7.984900000000000000e+04
7.918412964515227914e-01,7.990100000000000000e+04
7.921207041072925170e-01,8.012700000000000000e+04
7.924001117630623536e-01,8.046500000000000000e+04
7.926795194188320792e-01,8.082000000000000000e+04
7.929589270746018048e-01,8.086500000000000000e+04
7.932383347303716414e-01,8.118600000000000000e+04
7.935177423861413670e-01,8.132400000000000000e+04
7.937971500419112036e-01,8.173200000000000000e+04
7.940765576976809292e-01,8.177900000000000000e+04
7.943559653534506548e-01,8.191700000000000000e+04
7.946353730092204914e-01,8.220400000000000000e+04
7.949147806649902170e-01,8.223000000000000000e+04
7.951941883207599426e-01,8.262000000000000000e+04
7.954735959765297793e-01,8.309100000000000000e+04
7.957530036322995048e-01,8.326500000000000000e+04
7.960324112880693415e-01,8.358000000000000000e+04
7.963118189438390671e-01,8.361500000000000000e+04
7.965912265996087926e-01,8.370500000000000000e+04
7.968706342553786293e-01,8.381300000000000000e+04
7.971500419111483549e-01,8.420400000000000000e+04
7.974294495669181915e-01,8.422400000000000000e+04
7.977088572226879171e-01,8.452000000000000000e+04
7.979882648784576427e-01,8.456300000000000000e+04
7.982676725342274793e-01,8.482300000000000000e+04
7.985470801899972049e-01,8.491100000000000000e+04
7.988264878457669305e-01,8.499400000000000000e+04
7.991058955015367671e-01,8.510600000000000000e+04
7.993853031573064927e-01,8.517300000000000000e+04
7.996647108130763293e-01,8.524900000000000000e+04
7.999441184688460549e-01,8.544700000000000000e+04
8.002235261246157805e-01,8.576600000000000000e+04
8.005029337803856171e-01,8.590900000000000000e+04
8.007823414361553427e-01,8.611400000000000000e+04
8.010617490919251793e-01,8.612600000000000000e+04
8.013411567476949049e-01,8.662500000000000000e+04
8.016205644034646305e-01,8.668500000000000000e+04
8.018999720592344671e-01,8.692200000000000000e+04
8.021793797150041927e-01,8.709000000000000000e+04
8.024587873707739183e-01,8.713000000000000000e+04
8.027381950265437549e-01,8.731200000000000000e+04
8.030176026823134805e-01,8.733400000000000000e+04
8.032970103380833171e-01,8.749300000000000000e+04
8.035764179938530427e-01,8.751400000000000000e+04
8.038558256496227683e-01,8.754000000000000000e+04
8.041352333053926049e-01,8.767800000000000000e+04
8.044146409611623305e-01,8.778800000000000000e+04
8.046940486169320561e-01,8.781000000000000000e+04
8.049734562727018927e-01,8.786100000000000000e+04
8.052528639284716183e-01,8.794000000000000000e+04
8.055322715842414549e-01,8.795000000000000000e+04
8.058116792400111805e-01,8.800500000000000000e+04
8.060910868957809061e-01,8.818800000000000000e+04
8.063704945515507427e-01,8.845100000000000000e+04
8.066499022073204683e-01,8.847700000000000000e+04
8.069293098630903049e-01,8.860400000000000000e+04
8.072087175188600305e-01,8.883100000000000000e+04
8.074881251746297561e-01,8.884600000000000000e+04
8.077675328303995927e-01,8.886700000000000000e+04
8.080469404861693183e-01,8.888400000000000000e+04
8.083263481419390439e-01,8.891600000000000000e+04
8.086057557977088806e-01,8.893200000000000000e+04
8.088851634534786061e-01,8.906000000000000000e+04
8.091645711092484428e-01,8.914100000000000000e+04
8.094439787650181684e-01,8.920300000000000000e+04
8.097233864207878939e-01,8.950300000000000000e+04
8.100027940765577306e-01,9.001500000000000000e+04
8.102822017323274562e-01,9.021700000000000000e+04
8.105616093880972928e-01,9.028700000000000000e+04
8.108410170438670184e-01,9.046100000000000000e+04
8.111204246996367440e-01,9.051600000000000000e+04
8.113998323554065806e-01,9.056600000000000000e+04
8.116792400111763062e-01,9.059500000000000000e+04
8.119586476669460318e-01,9.067100000000000000e+04
8.122380553227158684e-01,9.126400000000000000e+04
8.125174629784855940e-01,9.148200000000000000e+04
8.127968706342554306e-01,9.164000000000000000e+04
8.130762782900251562e-01,9.164400000000000000e+04
8.133556859457948818e-01,9.171100000000000000e+04
8.136350936015647184e-01,9.192300000000000000e+04
8.139145012573344440e-01,9.202400000000000000e+04
8.141939089131042806e-01,9.211300000000000000e+04
8.144733165688740062e-01,9.225700000000000000e+04
8.147527242246437318e-01,9.225700000000000000e+04
8.150321318804135684e-01,9.228600000000000000e+04
8.153115395361832940e-01,9.234900000000000000e+04
8.155909471919530196e-01,9.235700000000000000e+04
8.158703548477228562e-01,9.242800000000000000e+04
8.161497625034925818e-01,9.275400000000000000e+04
8.164291701592624184e-01,9.287000000000000000e+04
8.167085778150321440e-01,9.291300000000000000e+04
8.169879854708018696e-01,9.303300000000000000e+04
8.172673931265717062e-01,9.323300000000000000e+04
8.175468007823414318e-01,9.338500000000000000e+04
8.178262084381111574e-01,9.342000000000000000e+04
8.181056160938809940e-01,9.345300000000000000e+04
8.183850237496507196e-01,9.402200000000000000e+04
8.186644314054205562e-01,9.403100000000000000e+04
8.189438390611902818e-01,9.415700000000000000e+04
8.192232467169600074e-01,9.465900000000000000e+04
8.195026543727298440e-01,9.487400000000000000e+04
8.197820620284995696e-01,9.543200000000000000e+04
8.200614696842694062e-01,9.547300000000000000e+04
8.203408773400391318e-01,9.554300000000000000e+04
8.206202849958088574e-01,9.562700000000000000e+04
8.208996926515786940e-01,9.586100000000000000e+04
8.211791003073484196e-01,9.589300000000000000e+04
8.214585079631181452e-01,9.611100000000000000e+04
8.217379156188879819e-01,9.612200000000000000e+04
8.220173232746577074e-01,9.643800000000000000e+04
8.222967309304275441e-01,9.660500000000000000e+04
8.225761385861972697e-01,9.692600000000000000e+04
8.228555462419669952e-01,9.699700000000000000e+04
8.231349538977368319e-01,9.709600000000000000e+04
8.234143615535065575e-01,9.710400000000000000e+04
8.236937692092763941e-01,9.726200000000000000e+04
8.239731768650461197e-01,9.728700000000000000e+04
8.242525845208158453e-01,9.734600000000000000e+04
8.245319921765856819e-01,9.741600000000000000e+04
8.248113998323554075e-01,9.745100000000000000e+04
8.250908074881251331e-01,9.751600000000000000e+04
8.253702151438949697e-01,9.761500000000000000e+04
8.256496227996646953e-01,9.761900000000000000e+04
8.259290304554345319e-01,9.763400000000000000e+04
8.262084381112042575e-01,9.784400000000000000e+04
8.264878457669739831e-01,9.793700000000000000e+04
8.267672534227438197e-01,9.821800000000000000e+04
8.270466610785135453e-01,9.851700000000000000e+04
8.273260687342833819e-01,9.857700000000000000e+04
8.276054763900531075e-01,9.875500000000000000e+04
8.278848840458228331e-01,9.907700000000000000e+04
8.281642917015926697e-01,9.924500000000000000e+04
8.284436993573623953e-01,9.945800000000000000e+04
8.287231070131321209e-01,9.948300000000000000e+04
8.290025146689019575e-01,9.954700000000000000e+04
8.292819223246716831e-01,9.984000000000000000e+04
8.295613299804415197e-01,9.986800000000000000e+04
8.298407376362112453e-01,1.000140000000000000e+05
8.301201452919809709e-01,1.000340000000000000e+05
8.303995529477508075e-01,1.000560000000000000e+05
8.306789606035205331e-01,1.003000000000000000e+05
8.309583682592902587e-01,1.003590000000000000e+05
8.312377759150600953e-01,1.006400000000000000e+05
8.315171835708298209e-01,1.007540000000000000e+05
8.317965912265996575e-01,1.010600000000000000e+05
8.320759988823693831e-01,1.011000000000000000e+05
8.323554065381391087e-01,1.011810000000000000e+05
8.326348141939089453e-01,1.012080000000000000e+05
8.329142218496786709e-01,1.014750000000000000e+05
8.331936295054485075e-01,1.014790000000000000e+05
8.334730371612182331e-01,1.014910000000000000e+05
8.337524448169879587e-01,1.015490000000000000e+05
8.340318524727577953e-01,1.017920000000000000e+05
8.343112601285275209e-01,1.019810000000000000e+05
8.345906677842972465e-01,1.020310000000000000e+05
8.348700754400670832e-01,1.020570000000000000e+05
8.351494830958368087e-01,1.020950000000000000e+05
8.354288907516066454e-01,1.027960000000000000e+05
8.357082984073763710e-01,1.031270000000000000e+05
8.359877060631460965e-01,1.031930000000000000e+05
8.362671137189159332e-01,1.033530000000000000e+05
8.365465213746856588e-01,1.034460000000000000e+05
8.368259290304554954e-01,1.039330000000000000e+05
8.371053366862252210e-01,1.040910000000000000e+05
8.373847443419949466e-01,1.045740000000000000e+05
8.376641519977647832e-01,1.047760000000000000e+05
8.379435596535345088e-01,1.048600000000000000e+05
8.382229673093042344e-01,1.050110000000000000e+05
8.385023749650740710e-01,1.050970000000000000e+05
8.387817826208437966e-01,1.051640000000000000e+05
8.390611902766136332e-01,1.053440000000000000e+05
8.393405979323833588e-01,1.054670000000000000e+05
8.396200055881530844e-01,1.055810000000000000e+05
8.398994132439229210e-01,1.055900000000000000e+05
8.401788208996926466e-01,1.056110000000000000e+05
8.404582285554624832e-01,1.056130000000000000e+05
8.407376362112322088e-01,1.056800000000000000e+05
8.410170438670019344e-01,1.062620000000000000e+05
8.412964515227717710e-01,1.069490000000000000e+05
8.415758591785414966e-01,1.070260000000000000e+05
8.418552668343112222e-01,1.071480000000000000e+05
8.421346744900810588e-01,1.073090000000000000e+05
8.424140821458507844e-01,1.073560000000000000e+05
8.426934898016206210e-01,1.073620000000000000e+05
8.429728974573903466e-01,1.073670000000000000e+05
8.432523051131600722e-01,1.075500000000000000e+05
8.435317127689299088e-01,1.078080000000000000e+05
8.438111204246996344e-01,1.079070000000000000e+05
8.440905280804693600e-01,1.080120000000000000e+05
8.443699357362391966e-01,1.082060000000000000e+05
8.446493433920089222e-01,1.082950000000000000e+05
8.449287510477787588e-01,1.088850000000000000e+05
8.452081587035484844e-01,1.091360000000000000e+05
8.454875663593182100e-01,1.092660000000000000e+05
8.457669740150880466e-01,1.092980000000000000e+05
8.460463816708577722e-01,1.096580000000000000e+05
8.463257893266276088e-01,1.099770000000000000e+05
8.466051969823973344e-01,1.106420000000000000e+05
8.468846046381670600e-01,1.111650000000000000e+05
8.471640122939368966e-01,1.111860000000000000e+05
8.474434199497066222e-01,1.112710000000000000e+05
8.477228276054763478e-01,1.115700000000000000e+05
8.480022352612461845e-01,1.116520000000000000e+05
8.482816429170159100e-01,1.116630000000000000e+05
8.485610505727857467e-01,1.122840000000000000e+05
8.488404582285554723e-01,1.123460000000000000e+05
8.491198658843251978e-01,1.125250000000000000e+05
8.493992735400950345e-01,1.126560000000000000e+05
8.496786811958647601e-01,1.127160000000000000e+05
8.499580888516345967e-01,1.128330000000000000e+05
8.502374965074043223e-01,1.129230000000000000e+05
8.505169041631740479e-01,1.129380000000000000e+05
8.507963118189438845e-01,1.137980000000000000e+05
8.510757194747136101e-01,1.139280000000000000e+05
8.513551271304833357e-01,1.142800000000000000e+05
8.516345347862531723e-01,1.147260000000000000e+05
8.519139424420228979e-01,1.151150000000000000e+05
8.521933500977927345e-01,1.156440000000000000e+05
8.524727577535624601e-01,1.160470000000000000e+05
8.527521654093321857e-01,1.162050000000000000e+05
8.530315730651020223e-01,1.164080000000000000e+05
8.533109807208717479e-01,1.165930000000000000e+05
8.535903883766414735e-01,1.166320000000000000e+05
8.538697960324113101e-01,1.167920000000000000e+05
8.541492036881810357e-01,1.172620000000000000e+05
8.544286113439508723e-01,1.174250000000000000e+05
8.547080189997205979e-01,1.174830000000000000e+05
8.549874266554903235e-01,1.177030000000000000e+05
8.552668343112601601e-01,1.180730000000000000e+05
8.555462419670298857e-01,1.181210000000000000e+05
8.558256496227997223e-01,1.183960000000000000e+05
8.561050572785694479e-01,1.184610000000000000e+05
8.563844649343391735e-01,1.188820000000000000e+05
8.566638725901090101e-01,1.190450000000000000e+05
8.569432802458787357e-01,1.191020000000000000e+05
8.572226879016484613e-01,1.191490000000000000e+05
8.575020955574182979e-01,1.192700000000000000e+05
8.577815032131880235e-01,1.193870000000000000e+05
8.580609108689578601e-01,1.196750000000000000e+05
8.583403185247275857e-01,1.197010000000000000e+05
8.586197261804973113e-01,1.200660000000000000e+05
8.588991338362671479e-01,1.201490000000000000e+05
8.591785414920368735e-01,1.202880000000000000e+05
8.594579491478067101e-01,1.205590000000000000e+05
8.597373568035764357e-01,1.205880000000000000e+05
8.600167644593461613e-01,1.207330000000000000e+05
8.602961721151159979e-01,1.208970000000000000e+05
8.605755797708857235e-01,1.209090000000000000e+05
8.608549874266554491e-01,1.209330000000000000e+05
8.611343950824252858e-01,1.210040000000000000e+05
8.614138027381950113e-01,1.214030000000000000e+05
8.616932103939648480e-01,1.216130000000000000e+05
8.619726180497345736e-01,1.216280000000000000e+05
8.622520257055042991e-01,1.217230000000000000e+05
8.625314333612741358e-01,1.217480000000000000e+05
8.628108410170438614e-01,1.218330000000000000e+05
8.630902486728136980e-01,1.223330000000000000e+05
8.633696563285834236e-01,1.227200000000000000e+05
8.636490639843531492e-01,1.228390000000000000e+05
8.639284716401229858e-01,1.229930000000000000e+05
8.642078792958927114e-01,1.231980000000000000e+05
8.644872869516624370e-01,1.236310000000000000e+05
8.647666946074322736e-01,1.237970000000000000e+05
8.650461022632019992e-01,1.238630000000000000e+05
8.653255099189718358e-01,1.243670000000000000e+05
8.656049175747415614e-01,1.244200000000000000e+05
8.658843252305112870e-01,1.244380000000000000e+05
8.661637328862811236e-01,1.250300000000000000e+05
8.664431405420508492e-01,1.255000000000000000e+05
8.667225481978205748e-01,1.255040000000000000e+05
8.670019558535904114e-01,1.256360000000000000e+05
8.672813635093601370e-01,1.256580000000000000e+05
8.675607711651299736e-01,1.259450000000000000e+05
8.678401788208996992e-01,1.263150000000000000e+05
8.681195864766694248e-01,1.263420000000000000e+05
8.683989941324392614e-01,1.266220000000000000e+05
8.686784017882089870e-01,1.267330000000000000e+05
8.689578094439788236e-01,1.267900000000000000e+05
8.692372170997485492e-01,1.269570000000000000e+05
8.695166247555182748e-01,1.273460000000000000e+05
8.697960324112881114e-01,1.278770000000000000e+05
8.700754400670578370e-01,1.281750000000000000e+05
8.703548477228275626e-01,1.283400000000000000e+05
8.706342553785973992e-01,1.285580000000000000e+05
8.709136630343671248e-01,1.288460000000000000e+05
8.711930706901369614e-01,1.291220000000000000e+05
8.714724783459066870e-01,1.298470000000000000e+05
8.717518860016764126e-01,1.299160000000000000e+05
8.720312936574462492e-01,1.307910000000000000e+05
8.723107013132159748e-01,1.312240000000000000e+05
8.725901089689858114e-01,1.312370000000000000e+05
8.728695166247555370e-01,1.314170000000000000e+05
8.731489242805252626e-01,1.323160000000000000e+05
8.734283319362950992e-01,1.323390000000000000e+05
8.737077395920648248e-01,1.332620000000000000e+05
8.739871472478345504e-01,1.342000000000000000e+05
8.742665549036043871e-01,1.342740000000000000e+05
8.745459625593741126e-01,1.344600000000000000e+05
8.748253702151439493e-01,1.344730000000000000e+05
8.751047778709136749e-01,1.345810000000000000e+05
8.753841855266834004e-01,1.347160000000000000e+05
8.756635931824532371e-01,1.351770000000000000e+05
8.759430008382229627e-01,1.359260000000000000e+05
8.762224084939926882e-01,1.360820000000000000e+05
8.765018161497625249e-01,1.362100000000000000e+05
8.767812238055322505e-01,1.364790000000000000e+05
8.770606314613020871e-01,1.365610000000000000e+05
8.773400391170718127e-01,1.369720000000000000e+05
8.776194467728415383e-01,1.369820000000000000e+05
8.778988544286113749e-01,1.372460000000000000e+05
8.781782620843811005e-01,1.372680000000000000e+05
8.784576697401509371e-01,1.374910000000000000e+05
8.787370773959206627e-01,1.375260000000000000e+05
8.790164850516903883e-01,1.376800000000000000e+05
8.792958927074602249e-01,1.378460000000000000e+05
8.795753003632299505e-01,1.380970000000000000e+05
8.798547080189996761e-01,1.383220000000000000e+05
8.801341156747695127e-01,1.384900000000000000e+05
8.804135233305392383e-01,1.385640000000000000e+05
8.806929309863090749e-01,1.394310000000000000e+05
8.809723386420788005e-01,1.398270000000000000e+05
8.812517462978485261e-01,1.410590000000000000e+05
8.815311539536183627e-01,1.410690000000000000e+05
8.818105616093880883e-01,1.411930000000000000e+05
8.820899692651579249e-01,1.417880000000000000e+05
8.823693769209276505e-01,1.424970000000000000e+05
8.826487845766973761e-01,1.426390000000000000e+05
8.829281922324672127e-01,1.428920000000000000e+05
8.832075998882369383e-01,1.433220000000000000e+05
8.834870075440066639e-01,1.433570000000000000e+05
8.837664151997765005e-01,1.437360000000000000e+05
8.840458228555462261e-01,1.438450000000000000e+05
8.843252305113160627e-01,1.439750000000000000e+05
8.846046381670857883e-01,1.440200000000000000e+05
8.848840458228555139e-01,1.443620000000000000e+05
8.851634534786253505e-01,1.443910000000000000e+05
8.854428611343950761e-01,1.445660000000000000e+05
8.857222687901649127e-01,1.448810000000000000e+05
8.860016764459346383e-01,1.454090000000000000e+05
8.862810841017043639e-01,1.454310000000000000e+05
8.865604917574742005e-01,1.457220000000000000e+05
8.868398994132439261e-01,1.457300000000000000e+05
8.871193070690136517e-01,1.460060000000000000e+05
8.873987147247834884e-01,1.460330000000000000e+05
8.876781223805532139e-01,1.460490000000000000e+05
8.879575300363230506e-01,1.465640000000000000e+05
8.882369376920927762e-01,1.466680000000000000e+05
8.885163453478625017e-01,1.466930000000000000e+05
8.887957530036323384e-01,1.467550000000000000e+05
8.890751606594020640e-01,1.472880000000000000e+05
8.893545683151717895e-01,1.477360000000000000e+05
8.896339759709416262e-01,1.483510000000000000e+05
8.899133836267113518e-01,1.492900000000000000e+05
8.901927912824811884e-01,1.497640000000000000e+05
8.904721989382509140e-01,1.498100000000000000e+05
8.907516065940206396e-01,1.500460000000000000e+05
8.910310142497904762e-01,1.504110000000000000e+05
8.913104219055602018e-01,1.507390000000000000e+05
8.915898295613300384e-01,1.508930000000000000e+05
8.918692372170997640e-01,1.517140000000000000e+05
8.921486448728694896e-01,1.519580000000000000e+05
8.924280525286393262e-01,1.520440000000000000e+05
8.927074601844090518e-01,1.533890000000000000e+05
8.929868678401787774e-01,1.536800000000000000e+05
8.932662754959486140e-01,1.548730000000000000e+05
8.935456831517183396e-01,1.550250000000000000e+05
8.938250908074881762e-01,1.554830000000000000e+05
8.941044984632579018e-01,1.555810000000000000e+05
8.943839061190276274e-01,1.559390000000000000e+05
8.946633137747974640e-01,1.561900000000000000e+05
8.949427214305671896e-01,1.563690000000000000e+05
8.952221290863370262e-01,1.568340000000000000e+05
8.955015367421067518e-01,1.569630000000000000e+05
8.957809443978764774e-01,1.584480000000000000e+05
8.960603520536463140e-01,1.587320000000000000e+05
8.963397597094160396e-01,1.596140000000000000e+05
8.966191673651857652e-01,1.596990000000000000e+05
8.968985750209556018e-01,1.603110000000000000e+05
8.971779826767253274e-01,1.603240000000000000e+05
8.974573903324951640e-01,1.605780000000000000e+05
8.977367979882648896e-01,1.607160000000000000e+05
8.980162056440346152e-01,1.616060000000000000e+05
8.982956132998044518e-01,1.620870000000000000e+05
8.985750209555741774e-01,1.624820000000000000e+05
8.988544286113440140e-01,1.628190000000000000e+05
8.991338362671137396e-01,1.630410000000000000e+05
8.994132439228834652e-01,1.633370000000000000e+05
8.996926515786533018e-01,1.633710000000000000e+05
8.999720592344230274e-01,1.642970000000000000e+05
9.002514668901927530e-01,1.657210000000000000e+05
9.005308745459625897e-01,1.670840000000000000e+05
9.008102822017323152e-01,1.678790000000000000e+05
9.010896898575021519e-01,1.682390000000000000e+05
9.013690975132718775e-01,1.693560000000000000e+05
9.016485051690416030e-01,1.697950000000000000e+05
9.019279128248114397e-01,1.700950000000000000e+05
9.022073204805811653e-01,1.703960000000000000e+05
9.024867281363508908e-01,1.705340000000000000e+05
9.027661357921207275e-01,1.706330000000000000e+05
9.030455434478904531e-01,1.709010000000000000e+05
9.033249511036602897e-01,1.712210000000000000e+05
9.036043587594300153e-01,1.714170000000000000e+05
9.038837664151997409e-01,1.717430000000000000e+05
9.041631740709695775e-01,1.722700000000000000e+05
9.044425817267393031e-01,1.723610000000000000e+05
9.047219893825091397e-01,1.735270000000000000e+05
9.050013970382788653e-01,1.735400000000000000e+05
9.052808046940485909e-01,1.737520000000000000e+05
9.055602123498184275e-01,1.739130000000000000e+05
9.058396200055881531e-01,1.747880000000000000e+05
9.061190276613578787e-01,1.750610000000000000e+05
9.063984353171277153e-01,1.753530000000000000e+05
9.066778429728974409e-01,1.756880000000000000e+05
9.069572506286672775e-01,1.765160000000000000e+05
9.072366582844370031e-01,1.765950000000000000e+05
9.075160659402067287e-01,1.766760000000000000e+05
9.077954735959765653e-01,1.766800000000000000e+05
9.080748812517462909e-01,1.770160000000000000e+05
9.083542889075161275e-01,1.777000000000000000e+05
9.086336965632858531e-01,1.779440000000000000e+05
9.089131042190555787e-01,1.780120000000000000e+05
9.091925118748254153e-01,1.780540000000000000e+05
9.094719195305951409e-01,1.789480000000000000e+05
9.097513271863648665e-01,1.797670000000000000e+05
9.100307348421347031e-01,1.807750000000000000e+05
9.103101424979044287e-01,1.810190000000000000e+05
9.105895501536742653e-01,1.819480000000000000e+05
9.108689578094439909e-01,1.829540000000000000e+05
9.111483654652137165e-01,1.834940000000000000e+05
9.114277731209835531e-01,1.835790000000000000e+05
9.117071807767532787e-01,1.835870000000000000e+05
9.119865884325231153e-01,1.836990000000000000e+05
9.122659960882928409e-01,1.839100000000000000e+05
9.125454037440625665e-01,1.843440000000000000e+05
9.128248113998324031e-01,1.847020000000000000e+05
9.131042190556021287e-01,1.856650000000000000e+05
9.133836267113718543e-01,1.858740000000000000e+05
9.136630343671416910e-01,1.862130000000000000e+05
9.139424420229114165e-01,1.862860000000000000e+05
9.142218496786812532e-01,1.870610000000000000e+05
9.145012573344509788e-01,1.872770000000000000e+05
9.147806649902207043e-01,1.882180000000000000e+05
9.150600726459905410e-01,1.882720000000000000e+05
9.153394803017602666e-01,1.884070000000000000e+05
9.156188879575299921e-01,1.887660000000000000e+05
9.158982956132998288e-01,1.890050000000000000e+05
9.161777032690695544e-01,1.895220000000000000e+05
9.164571109248393910e-01,1.896330000000000000e+05
9.167365185806091166e-01,1.919100000000000000e+05
9.170159262363788422e-01,1.921970000000000000e+05
9.172953338921486788e-01,1.928320000000000000e+05
9.175747415479184044e-01,1.929650000000000000e+05
9.178541492036882410e-01,1.937080000000000000e+05
9.181335568594579666e-01,1.939490000000000000e+05
9.184129645152276922e-01,1.944030000000000000e+05
9.186923721709975288e-01,1.949170000000000000e+05
9.189717798267672544e-01,1.949560000000000000e+05
9.192511874825369800e-01,1.951970000000000000e+05
9.195305951383068166e-01,1.961390000000000000e+05
9.198100027940765422e-01,1.963570000000000000e+05
9.200894104498463788e-01,1.965740000000000000e+05
9.203688181056161044e-01,1.970170000000000000e+05
9.206482257613858300e-01,1.973630000000000000e+05
9.209276334171556666e-01,1.989100000000000000e+05
9.212070410729253922e-01,1.991570000000000000e+05
9.214864487286952288e-01,1.993300000000000000e+05
9.217658563844649544e-01,2.000430000000000000e+05
9.220452640402346800e-01,2.005360000000000000e+05
9.223246716960045166e-01,2.011060000000000000e+05
9.226040793517742422e-01,2.013060000000000000e+05
9.228834870075439678e-01,2.034880000000000000e+05
9.231628946633138044e-01,2.043180000000000000e+05
9.234423023190835300e-01,2.052050000000000000e+05
9.237217099748533666e-01,2.053780000000000000e+05
9.240011176306230922e-01,2.056840000000000000e+05
9.242805252863928178e-01,2.070040000000000000e+05
9.245599329421626544e-01,2.070560000000000000e+05
9.248393405979323800e-01,2.089600000000000000e+05
9.251187482537021056e-01,2.107910000000000000e+05
9.253981559094719422e-01,2.109800000000000000e+05
9.256775635652416678e-01,2.116710000000000000e+05
9.259569712210115044e-01,2.123540000000000000e+05
9.262363788767812300e-01,2.124870000000000000e+05
9.265157865325509556e-01,2.126180000000000000e+05
9.267951941883207923e-01,2.137210000000000000e+05
9.270746018440905178e-01,2.144840000000000000e+05
9.273540094998603545e-01,2.146230000000000000e+05
9.276334171556300801e-01,2.150720000000000000e+05
9.279128248113998056e-01,2.156990000000000000e+05
9.281922324671696423e-01,2.164190000000000000e+05
9.284716401229393679e-01,2.168920000000000000e+05
9.287510477787090934e-01,2.172510000000000000e+05
9.290304554344789301e-01,2.174810000000000000e+05
9.293098630902486557e-01,2.184770000000000000e+05
9.295892707460184923e-01,2.191390000000000000e+05
9.298686784017882179e-01,2.203880000000000000e+05
9.301480860575579435e-01,2.204890000000000000e+05
9.304274937133277801e-01,2.218860000000000000e+05
9.307069013690975057e-01,2.223920000000000000e+05
9.309863090248673423e-01,2.225240000000000000e+05
9.312657166806370679e-01,2.230700000000000000e+05
9.315451243364067935e-01,2.235810000000000000e+05
9.318245319921766301e-01,2.237310000000000000e+05
9.321039396479463557e-01,2.246120000000000000e+05
9.323833473037160813e-01,2.253430000000000000e+05
9.326627549594859179e-01,2.265400000000000000e+05
9.329421626152556435e-01,2.270540000000000000e+05
9.332215702710254801e-01,2.271500000000000000e+05
9.335009779267952057e-01,2.273800000000000000e+05
9.337803855825649313e-01,2.278840000000000000e+05
9.340597932383347679e-01,2.282560000000000000e+05
9.343392008941044935e-01,2.298750000000000000e+05
9.346186085498743301e-01,2.305190000000000000e+05
9.348980162056440557e-01,2.328170000000000000e+05
9.351774238614137813e-01,2.329330000000000000e+05
9.354568315171836179e-01,2.345920000000000000e+05
9.357362391729533435e-01,2.359300000000000000e+05
9.360156468287230691e-01,2.363920000000000000e+05
9.362950544844929057e-01,2.367010000000000000e+05
9.365744621402626313e-01,2.369170000000000000e+05
9.368538697960324679e-01,2.375970000000000000e+05
9.371332774518021935e-01,2.392070000000000000e+05
9.374126851075719191e-01,2.394120000000000000e+05
9.376920927633417557e-01,2.396800000000000000e+05
9.379715004191114813e-01,2.406660000000000000e+05
9.382509080748812069e-01,2.418780000000000000e+05
9.385303157306510435e-01,2.418930000000000000e+05
9.388097233864207691e-01,2.431650000000000000e+05
9.390891310421906057e-01,2.435020000000000000e+05
9.393685386979603313e-01,2.435710000000000000e+05
9.396479463537300569e-01,2.436670000000000000e+05
9.399273540094998936e-01,2.438660000000000000e+05
9.402067616652696191e-01,2.450980000000000000e+05
9.404861693210394558e-01,2.456320000000000000e+05
9.407655769768091814e-01,2.457520000000000000e+05
9.410449846325789069e-01,2.516900000000000000e+05
9.413243922883487436e-01,2.518600000000000000e+05
9.416037999441184692e-01,2.526790000000000000e+05
9.418832075998881947e-01,2.533190000000000000e+05
9.421626152556580314e-01,2.553270000000000000e+05
9.424420229114277570e-01,2.559850000000000000e+05
9.427214305671975936e-01,2.572430000000000000e+05
9.430008382229673192e-01,2.577090000000000000e+05
9.432802458787370448e-01,2.590210000000000000e+05
9.435596535345068814e-01,2.597880000000000000e+05
9.438390611902766070e-01,2.611270000000000000e+05
9.441184688460464436e-01,2.614020000000000000e+05
9.443978765018161692e-01,2.616210000000000000e+05
9.446772841575858948e-01,2.628620000000000000e+05
9.449566918133557314e-01,2.631540000000000000e+05
9.452360994691254570e-01,2.633690000000000000e+05
9.455155071248951826e-01,2.635460000000000000e+05
9.457949147806650192e-01,2.657610000000000000e+05
9.460743224364347448e-01,2.694800000000000000e+05
9.463537300922045814e-01,2.695100000000000000e+05
9.466331377479743070e-01,2.715960000000000000e+05
9.469125454037440326e-01,2.718460000000000000e+05
9.471919530595138692e-01,2.718800000000000000e+05
9.474713607152835948e-01,2.724000000000000000e+05
9.477507683710533204e-01,2.724620000000000000e+05
9.480301760268231570e-01,2.752450000000000000e+05
9.483095836825928826e-01,2.766890000000000000e+05
9.485889913383627192e-01,2.790360000000000000e+05
9.488683989941324448e-01,2.796500000000000000e+05
9.491478066499021704e-01,2.806430000000000000e+05
9.494272143056720070e-01,2.814240000000000000e+05
9.497066219614417326e-01,2.843700000000000000e+05
9.499860296172115692e-01,2.845390000000000000e+05
9.502654372729812948e-01,2.846600000000000000e+05
9.505448449287510204e-01,2.849170000000000000e+05
9.508242525845208570e-01,2.894740000000000000e+05
9.511036602402905826e-01,2.910760000000000000e+05
9.513830678960603082e-01,2.912120000000000000e+05
9.516624755518301448e-01,2.919200000000000000e+05
9.519418832075998704e-01,2.928320000000000000e+05
9.522212908633697070e-01,2.955360000000000000e+05
9.525006985191394326e-01,2.969150000000000000e+05
9.527801061749091582e-01,2.969380000000000000e+05
9.530595138306789949e-01,2.971380000000000000e+05
9.533389214864487204e-01,2.976580000000000000e+05
9.536183291422185571e-01,3.001740000000000000e+05
9.538977367979882827e-01,3.001820000000000000e+05
9.541771444537580082e-01,3.016240000000000000e+05
9.544565521095278449e-01,3.020010000000000000e+05
9.547359597652975705e-01,3.020180000000000000e+05
9.550153674210672960e-01,3.024850000000000000e+05
9.552947750768371327e-01,3.030810000000000000e+05
9.555741827326068583e-01,3.042330000000000000e+05
9.558535903883766949e-01,3.048670000000000000e+05
9.561329980441464205e-01,3.051670000000000000e+05
9.564124056999161461e-01,3.057340000000000000e+05
9.566918133556859827e-01,3.065340000000000000e+05
9.569712210114557083e-01,3.071990000000000000e+05
9.572506286672255449e-01,3.095580000000000000e+05
9.575300363229952705e-01,3.097900000000000000e+05
9.578094439787649961e-01,3.099730000000000000e+05
9.580888516345348327e-01,3.104360000000000000e+05
9.583682592903045583e-01,3.107380000000000000e+05
9.586476669460742839e-01,3.164900000000000000e+05
9.589270746018441205e-01,3.183890000000000000e+05
9.592064822576138461e-01,3.221620000000000000e+05
9.594858899133836827e-01,3.251520000000000000e+05
9.597652975691534083e-01,3.254390000000000000e+05
9.600447052249231339e-01,3.286750000000000000e+05
9.603241128806929705e-01,3.315310000000000000e+05
9.606035205364626961e-01,3.318860000000000000e+05
9.608829281922324217e-01,3.328520000000000000e+05
9.611623358480022583e-01,3.348510000000000000e+05
9.614417435037719839e-01,3.400710000000000000e+05
9.617211511595418205e-01,3.415390000000000000e+05
9.620005588153115461e-01,3.421150000000000000e+05
9.622799664710812717e-01,3.440410000000000000e+05
9.625593741268511083e-01,3.443420000000000000e+05
9.628387817826208339e-01,3.454970000000000000e+05
9.631181894383906705e-01,3.455300000000000000e+05
9.633975970941603961e-01,3.457540000000000000e+05
9.636770047499301217e-01,3.462730000000000000e+05
9.639564124056999583e-01,3.508840000000000000e+05
9.642358200614696839e-01,3.512370000000000000e+05
9.645152277172394095e-01,3.553830000000000000e+05
9.647946353730092461e-01,3.554880000000000000e+05
9.650740430287789717e-01,3.559750000000000000e+05
9.653534506845488083e-01,3.602540000000000000e+05
9.656328583403185339e-01,3.635360000000000000e+05
9.659122659960882595e-01,3.655800000000000000e+05
9.661916736518580962e-01,3.667660000000000000e+05
9.664710813076278217e-01,3.695660000000000000e+05
9.667504889633976584e-01,3.729650000000000000e+05
9.670298966191673840e-01,3.731000000000000000e+05
9.673093042749371095e-01,3.732100000000000000e+05
9.675887119307069462e-01,3.737710000000000000e+05
9.678681195864766718e-01,3.742300000000000000e+05
9.681475272422463973e-01,3.748380000000000000e+05
9.684269348980162340e-01,3.756020000000000000e+05
9.687063425537859596e-01,3.798240000000000000e+05
9.689857502095557962e-01,3.799460000000000000e+05
9.692651578653255218e-01,3.830950000000000000e+05
9.695445655210952474e-01,3.870280000000000000e+05
9.698239731768650840e-01,3.879500000000000000e+05
9.701033808326348096e-01,3.881930000000000000e+05
9.703827884884046462e-01,3.896420000000000000e+05
9.706621961441743718e-01,3.919370000000000000e+05
9.709416037999440974e-01,3.962310000000000000e+05
9.712210114557139340e-01,3.974100000000000000e+05
9.715004191114836596e-01,3.975760000000000000e+05
9.717798267672533852e-01,3.977650000000000000e+05
9.720592344230232218e-01,4.001150000000000000e+05
9.723386420787929474e-01,4.051960000000000000e+05
9.726180497345627840e-01,4.055260000000000000e+05
9.728974573903325096e-01,4.068010000000000000e+05
9.731768650461022352e-01,4.070400000000000000e+05
9.734562727018720718e-01,4.077580000000000000e+05
9.737356803576417974e-01,4.078760000000000000e+05
9.740150880134115230e-01,4.086410000000000000e+05
9.742944956691813596e-01,4.098950000000000000e+05
9.745739033249510852e-01,4.119440000000000000e+05
9.748533109807209218e-01,4.124620000000000000e+05
9.751327186364906474e-01,4.144770000000000000e+05
9.754121262922603730e-01,4.187520000000000000e+05
9.756915339480302096e-01,4.211450000000000000e+05
9.759709416037999352e-01,4.251900000000000000e+05
9.762503492595697718e-01,4.299990000000000000e+05
9.765297569153394974e-01,4.305330000000000000e+05
9.768091645711092230e-01,4.335550000000000000e+05
9.770885722268790596e-01,4.408590000000000000e+05
9.773679798826487852e-01,4.420910000000000000e+05
9.776473875384185108e-01,4.456030000000000000e+05
9.779267951941883474e-01,4.461780000000000000e+05
9.782062028499580730e-01,4.480550000000000000e+05
9.784856105057279096e-01,4.523940000000000000e+05
9.787650181614976352e-01,4.551640000000000000e+05
9.790444258172673608e-01,4.558320000000000000e+05
9.793238334730371975e-01,4.658770000000000000e+05
9.796032411288069230e-01,4.742800000000000000e+05
9.798826487845767597e-01,4.786400000000000000e+05
9.801620564403464853e-01,4.798570000000000000e+05
9.804414640961162108e-01,4.816870000000000000e+05
9.807208717518860475e-01,4.825500000000000000e+05
9.810002794076557731e-01,4.832020000000000000e+05
9.812796870634254986e-01,4.890140000000000000e+05
9.815590947191953353e-01,4.901220000000000000e+05
9.818385023749650609e-01,5.036350000000000000e+05
9.821179100307348975e-01,5.066460000000000000e+05
9.823973176865046231e-01,5.070220000000000000e+05
9.826767253422743487e-01,5.122910000000000000e+05
9.829561329980441853e-01,5.223230000000000000e+05
9.832355406538139109e-01,5.245550000000000000e+05
9.835149483095837475e-01,5.265110000000000000e+05
9.837943559653534731e-01,5.295350000000000000e+05
9.840737636211231987e-01,5.309850000000000000e+05
9.843531712768930353e-01,5.312170000000000000e+05
9.846325789326627609e-01,5.327030000000000000e+05
9.849119865884324865e-01,5.335500000000000000e+05
9.851913942442023231e-01,5.400190000000000000e+05
9.854708018999720487e-01,5.441140000000000000e+05
9.857502095557418853e-01,5.527170000000000000e+05
9.860296172115116109e-01,5.567470000000000000e+05
9.863090248672813365e-01,5.578810000000000000e+05
9.865884325230511731e-01,5.685750000000000000e+05
9.868678401788208987e-01,5.751610000000000000e+05
9.871472478345906243e-01,5.812870000000000000e+05
9.874266554903604609e-01,5.965280000000000000e+05
9.877060631461301865e-01,5.998720000000000000e+05
9.879854708019000231e-01,6.034780000000000000e+05
9.882648784576697487e-01,6.125870000000000000e+05
9.885442861134394743e-01,6.127250000000000000e+05
9.888236937692093109e-01,6.138490000000000000e+05
9.891031014249790365e-01,6.381270000000000000e+05
9.893825090807488731e-01,6.668760000000000000e+05
9.896619167365185987e-01,6.832920000000000000e+05
9.899413243922883243e-01,6.874830000000000000e+05
9.902207320480581609e-01,7.573630000000000000e+05
9.905001397038278865e-01,7.580390000000000000e+05
9.907795473595976121e-01,7.648730000000000000e+05
9.910589550153674487e-01,7.703210000000000000e+05
9.913383626711371743e-01,7.975150000000000000e+05
9.916177703269070109e-01,8.042820000000000000e+05
9.918971779826767365e-01,8.045410000000000000e+05
9.921765856384464621e-01,8.165160000000000000e+05
9.924559932942162988e-01,8.342730000000000000e+05
9.927354009499860243e-01,8.380020000000000000e+05
9.930148086057558610e-01,8.622490000000000000e+05
9.932942162615255866e-01,8.847690000000000000e+05
9.935736239172953121e-01,9.136890000000000000e+05
9.938530315730651488e-01,9.422440000000000000e+05
9.941324392288348744e-01,1.142950000000000000e+06
9.944118468846045999e-01,1.150081000000000000e+06
9.946912545403744366e-01,1.156960000000000000e+06
9.949706621961441622e-01,1.169133000000000000e+06
9.952500698519139988e-01,1.172427000000000000e+06
9.955294775076837244e-01,1.200874000000000000e+06
9.958088851634534500e-01,1.217541000000000000e+06
9.960882928192232866e-01,1.257857000000000000e+06
9.963677004749930122e-01,1.271054000000000000e+06
9.966471081307627378e-01,1.324689000000000000e+06
9.969265157865325744e-01,1.363038000000000000e+06
9.972059234423023000e-01,1.365491000000000000e+06
9.974853310980721366e-01,1.482322000000000000e+06
9.977647387538418622e-01,1.769356000000000000e+06
9.980441464096115878e-01,1.846295000000000000e+06
9.983235540653814244e-01,1.890596000000000000e+06
9.986029617211511500e-01,2.001471000000000000e+06
9.988823693769209866e-01,2.194725000000000000e+06
9.991617770326907122e-01,2.308215000000000000e+06
9.994411846884604378e-01,2.728332000000000000e+06
9.997205923442302744e-01,2.882243000000000000e+06
1.000000000000000000e+00,3.838841000000000000e+06
