0.000000000000000000e+00,1.200000000000000000e+01
4.171881518564872688e-04,2.200000000000000000e+01
8.343763037129745376e-04,3.500000000000000000e+01
1.251564455569461861e-03,3.700000000000000000e+01
1.668752607425949075e-03,8.700000000000000000e+01
2.085940759282436507e-03,1.010000000000000000e+02
2.503128911138923721e-03,1.140000000000000000e+02
2.920317062995410936e-03,1.220000000000000000e+02
3.337505214851898151e-03,1.280000000000000000e+02
3.754693366708385365e-03,1.550000000000000000e+02
4.171881518564873013e-03,1.550000000000000000e+02
4.589069670421360228e-03,2.690000000000000000e+02
5.006257822277847443e-03,2.790000000000000000e+02
5.423445974134334657e-03,2.920000000000000000e+02
5.840634125990821872e-03,3.050000000000000000e+02
6.257822277847309086e-03,3.080000000000000000e+02
6.675010429703796301e-03,3.160000000000000000e+02
7.092198581560283516e-03,3.180000000000000000e+02
7.509386733416770730e-03,3.530000000000000000e+02
7.926574885273257945e-03,3.750000000000000000e+02
8.343763037129746027e-03,3.770000000000000000e+02
8.760951188986232374e-03,3.800000000000000000e+02
9.178139340842720456e-03,3.810000000000000000e+02
9.595327492699206803e-03,3.880000000000000000e+02
1.001251564455569489e-02,4.410000000000000000e+02
1.042970379641218123e-02,4.650000000000000000e+02
1.084689194826866931e-02,4.680000000000000000e+02
1.126408010012515566e-02,4.760000000000000000e+02
1.168126825198164374e-02,5.030000000000000000e+02
1.209845640383813009e-02,5.100000000000000000e+02
1.251564455569461817e-02,5.230000000000000000e+02
1.293283270755110452e-02,5.250000000000000000e+02
1.335002085940759260e-02,5.340000000000000000e+02
1.376720901126408068e-02,5.370000000000000000e+02
1.418439716312056703e-02,5.440000000000000000e+02
1.460158531497705511e-02,5.490000000000000000e+02
1.501877346683354146e-02,5.680000000000000000e+02
1.543596161869002954e-02,5.750000000000000000e+02
1.585314977054651589e-02,5.930000000000000000e+02
1.627033792240300397e-02,5.980000000000000000e+02
1.668752607425949205e-02,6.180000000000000000e+02
1.710471422611597667e-02,6.390000000000000000e+02
1.752190237797246475e-02,6.580000000000000000e+02
1.793909052982895283e-02,6.920000000000000000e+02
1.835627868168544091e-02,6.980000000000000000e+02
1.877346683354192552e-02,7.080000000000000000e+02
1.919065498539841361e-02,7.090000000000000000e+02
1.960784313725490169e-02,7.550000000000000000e+02
2.002503128911138977e-02,7.570000000000000000e+02
2.044221944096787785e-02,7.570000000000000000e+02
2.085940759282436247e-02,7.790000000000000000e+02
2.127659574468085055e-02,7.910000000000000000e+02
2.169378389653733863e-02,7.920000000000000000e+02
2.211097204839382671e-02,8.060000000000000000e+02
2.252816020025031132e-02,8.150000000000000000e+02
2.294534835210679941e-02,8.170000000000000000e+02
2.336253650396328749e-02,8.180000000000000000e+02
2.377972465581977557e-02,8.690000000000000000e+02
2.419691280767626018e-02,9.000000000000000000e+02
2.461410095953274826e-02,9.270000000000000000e+02
2.503128911138923635e-02,9.350000000000000000e+02
2.544847726324572443e-02,9.380000000000000000e+02
2.586566541510220904e-02,9.410000000000000000e+02
2.628285356695869712e-02,9.540000000000000000e+02
2.670004171881518520e-02,9.590000000000000000e+02
2.711722987067167329e-02,9.840000000000000000e+02
2.753441802252816137e-02,9.910000000000000000e+02
2.795160617438464598e-02,1.015000000000000000e+03
2.836879432624113406e-02,1.016000000000000000e+03
2.878598247809762214e-02,1.022000000000000000e+03
2.920317062995411023e-02,1.049000000000000000e+03
2.962035878181059484e-02,1.082000000000000000e+03
3.003754693366708292e-02,1.085000000000000000e+03
3.045473508552357100e-02,1.090000000000000000e+03
3.087192323738005909e-02,1.094000000000000000e+03
3.128911138923654717e-02,1.099000000000000000e+03
3.170629954109303178e-02,1.117000000000000000e+03
3.212348769294951639e-02,1.127000000000000000e+03
3.254067584480600794e-02,1.130000000000000000e+03
3.295786399666249256e-02,1.137000000000000000e+03
3.337505214851898411e-02,1.165000000000000000e+03
3.379224030037546872e-02,1.165000000000000000e+03
3.420942845223195333e-02,1.167000000000000000e+03
3.462661660408844488e-02,1.205000000000000000e+03
3.504380475594492950e-02,1.206000000000000000e+03
3.546099290780142105e-02,1.209000000000000000e+03
3.587818105965790566e-02,1.212000000000000000e+03
3.629536921151439027e-02,1.282000000000000000e+03
3.671255736337088182e-02,1.292000000000000000e+03
3.712974551522736644e-02,1.297000000000000000e+03
3.754693366708385105e-02,1.323000000000000000e+03
3.796412181894034260e-02,1.330000000000000000e+03
3.838130997079682721e-02,1.390000000000000000e+03
3.879849812265331876e-02,1.397000000000000000e+03
3.921568627450980338e-02,1.407000000000000000e+03
3.963287442636628799e-02,1.444000000000000000e+03
4.005006257822277954e-02,1.452000000000000000e+03
4.046725073007926415e-02,1.459000000000000000e+03
4.088443888193575571e-02,1.464000000000000000e+03
4.130162703379224032e-02,1.472000000000000000e+03
4.171881518564872493e-02,1.492000000000000000e+03
4.213600333750521648e-02,1.493000000000000000e+03
4.255319148936170109e-02,1.494000000000000000e+03
4.297037964121818571e-02,1.545000000000000000e+03
4.338756779307467726e-02,1.553000000000000000e+03
4.380475594493116187e-02,1.583000000000000000e+03
4.422194409678765342e-02,1.591000000000000000e+03
4.463913224864413803e-02,1.604000000000000000e+03
4.505632040050062265e-02,1.618000000000000000e+03
4.547350855235711420e-02,1.640000000000000000e+03
4.589069670421359881e-02,1.643000000000000000e+03
4.630788485607008342e-02,1.711000000000000000e+03
4.672507300792657498e-02,1.744000000000000000e+03
4.714226115978305959e-02,1.771000000000000000e+03
4.755944931163955114e-02,1.773000000000000000e+03
4.797663746349603575e-02,1.776000000000000000e+03
4.839382561535252036e-02,1.784000000000000000e+03
4.881101376720901192e-02,1.801000000000000000e+03
4.922820191906549653e-02,1.843000000000000000e+03
4.964539007092198808e-02,1.908000000000000000e+03
5.006257822277847269e-02,1.932000000000000000e+03
5.047976637463495730e-02,2.004000000000000000e+03
5.089695452649144886e-02,2.082000000000000000e+03
5.131414267834793347e-02,2.092000000000000000e+03
5.173133083020441808e-02,2.104000000000000000e+03
5.214851898206090963e-02,2.118000000000000000e+03
5.256570713391739424e-02,2.120000000000000000e+03
5.298289528577388580e-02,2.211000000000000000e+03
5.340008343763037041e-02,2.226000000000000000e+03
5.381727158948685502e-02,2.246000000000000000e+03
5.423445974134334657e-02,2.261000000000000000e+03
5.465164789319983119e-02,2.266000000000000000e+03
5.506883604505632274e-02,2.308000000000000000e+03
5.548602419691280735e-02,2.310000000000000000e+03
5.590321234876929196e-02,2.328000000000000000e+03
5.632040050062578351e-02,2.347000000000000000e+03
5.673758865248226813e-02,2.354000000000000000e+03
5.715477680433875274e-02,2.354000000000000000e+03
5.757196495619524429e-02,2.355000000000000000e+03
5.798915310805172890e-02,2.374000000000000000e+03
5.840634125990822045e-02,2.382000000000000000e+03
5.882352941176470507e-02,2.399000000000000000e+03
5.924071756362118968e-02,2.413000000000000000e+03
5.965790571547768123e-02,2.424000000000000000e+03
6.007509386733416584e-02,2.426000000000000000e+03
6.049228201919065739e-02,2.442000000000000000e+03
6.090947017104714201e-02,2.487000000000000000e+03
6.132665832290362662e-02,2.506000000000000000e+03
6.174384647476011817e-02,2.515000000000000000e+03
6.216103462661660278e-02,2.538000000000000000e+03
6.257822277847309433e-02,2.551000000000000000e+03
6.299541093032957895e-02,2.556000000000000000e+03
6.341259908218606356e-02,2.561000000000000000e+03
6.382978723404254817e-02,2.589000000000000000e+03
6.424697538589903278e-02,2.607000000000000000e+03
6.466416353775553127e-02,2.626000000000000000e+03
6.508135168961201589e-02,2.686000000000000000e+03
6.549853984146850050e-02,2.695000000000000000e+03
6.591572799332498511e-02,2.695000000000000000e+03
6.633291614518146972e-02,2.697000000000000000e+03
6.675010429703796822e-02,2.718000000000000000e+03
6.716729244889445283e-02,2.723000000000000000e+03
6.758448060075093744e-02,2.730000000000000000e+03
6.800166875260742205e-02,2.736000000000000000e+03
6.841885690446390667e-02,2.748000000000000000e+03
6.883604505632040516e-02,2.757000000000000000e+03
6.925323320817688977e-02,2.787000000000000000e+03
6.967042136003337438e-02,2.793000000000000000e+03
7.008760951188985899e-02,2.814000000000000000e+03
7.050479766374634361e-02,2.828000000000000000e+03
7.092198581560284210e-02,2.863000000000000000e+03
7.133917396745932671e-02,2.890000000000000000e+03
7.175636211931581132e-02,2.930000000000000000e+03
7.217355027117229593e-02,2.945000000000000000e+03
7.259073842302878055e-02,2.957000000000000000e+03
7.300792657488526516e-02,2.963000000000000000e+03
7.342511472674176365e-02,2.964000000000000000e+03
7.384230287859824826e-02,2.985000000000000000e+03
7.425949103045473287e-02,3.001000000000000000e+03
7.467667918231121749e-02,3.045000000000000000e+03
7.509386733416770210e-02,3.056000000000000000e+03
7.551105548602420059e-02,3.084000000000000000e+03
7.592824363788068520e-02,3.099000000000000000e+03
7.634543178973716981e-02,3.100000000000000000e+03
7.676261994159365443e-02,3.118000000000000000e+03
7.717980809345013904e-02,3.120000000000000000e+03
7.759699624530663753e-02,3.125000000000000000e+03
7.801418439716312214e-02,3.150000000000000000e+03
7.843137254901960675e-02,3.153000000000000000e+03
7.884856070087609137e-02,3.157000000000000000e+03
7.926574885273257598e-02,3.162000000000000000e+03
7.968293700458907447e-02,3.190000000000000000e+03
8.010012515644555908e-02,3.206000000000000000e+03
8.051731330830204370e-02,3.208000000000000000e+03
8.093450146015852831e-02,3.216000000000000000e+03
8.135168961201501292e-02,3.229000000000000000e+03
8.176887776387151141e-02,3.256000000000000000e+03
8.218606591572799602e-02,3.260000000000000000e+03
8.260325406758448064e-02,3.285000000000000000e+03
8.302044221944096525e-02,3.313000000000000000e+03
8.343763037129744986e-02,3.320000000000000000e+03
8.385481852315393447e-02,3.345000000000000000e+03
8.427200667501043296e-02,3.389000000000000000e+03
8.468919482686691758e-02,3.413000000000000000e+03
8.510638297872340219e-02,3.418000000000000000e+03
8.552357113057988680e-02,3.439000000000000000e+03
8.594075928243637141e-02,3.459000000000000000e+03
8.635794743429286990e-02,3.466000000000000000e+03
8.677513558614935452e-02,3.494000000000000000e+03
8.719232373800583913e-02,3.504000000000000000e+03
8.760951188986232374e-02,3.512000000000000000e+03
8.802670004171880835e-02,3.514000000000000000e+03
8.844388819357530684e-02,3.514000000000000000e+03
8.886107634543179146e-02,3.516000000000000000e+03
8.927826449728827607e-02,3.519000000000000000e+03
8.969545264914476068e-02,3.538000000000000000e+03
9.011264080100124529e-02,3.538000000000000000e+03
9.052982895285774378e-02,3.580000000000000000e+03
9.094701710471422840e-02,3.625000000000000000e+03
9.136420525657071301e-02,3.650000000000000000e+03
9.178139340842719762e-02,3.658000000000000000e+03
9.219858156028368223e-02,3.688000000000000000e+03
9.261576971214016685e-02,3.697000000000000000e+03
9.303295786399666534e-02,3.758000000000000000e+03
9.345014601585314995e-02,3.779000000000000000e+03
9.386733416770963456e-02,3.780000000000000000e+03
9.428452231956611918e-02,3.807000000000000000e+03
9.470171047142260379e-02,3.824000000000000000e+03
9.511889862327910228e-02,3.842000000000000000e+03
9.553608677513558689e-02,3.850000000000000000e+03
9.595327492699207150e-02,3.886000000000000000e+03
9.637046307884855612e-02,3.897000000000000000e+03
9.678765123070504073e-02,3.899000000000000000e+03
9.720483938256153922e-02,3.927000000000000000e+03
9.762202753441802383e-02,3.928000000000000000e+03
9.803921568627450844e-02,3.937000000000000000e+03
9.845640383813099306e-02,3.961000000000000000e+03
9.887359198998747767e-02,3.970000000000000000e+03
9.929078014184397616e-02,3.998000000000000000e+03
9.970796829370046077e-02,4.010000000000000000e+03
1.001251564455569454e-01,4.048000000000000000e+03
1.005423445974134300e-01,4.136000000000000000e+03
1.009595327492699146e-01,4.146000000000000000e+03
1.013767209011264131e-01,4.153000000000000000e+03
1.017939090529828977e-01,4.174000000000000000e+03
1.022110972048393823e-01,4.202000000000000000e+03
1.026282853566958669e-01,4.209000000000000000e+03
1.030454735085523515e-01,4.215000000000000000e+03
1.034626616604088362e-01,4.259000000000000000e+03
1.038798498122653347e-01,4.286000000000000000e+03
1.042970379641218193e-01,4.323000000000000000e+03
1.047142261159783039e-01,4.344000000000000000e+03
1.051314142678347885e-01,4.370000000000000000e+03
1.055486024196912731e-01,4.393000000000000000e+03
1.059657905715477716e-01,4.415000000000000000e+03
1.063829787234042562e-01,4.421000000000000000e+03
1.068001668752607408e-01,4.463000000000000000e+03
1.072173550271172254e-01,4.466000000000000000e+03
1.076345431789737100e-01,4.475000000000000000e+03
1.080517313308302085e-01,4.486000000000000000e+03
1.084689194826866931e-01,4.487000000000000000e+03
1.088861076345431778e-01,4.510000000000000000e+03
1.093032957863996624e-01,4.520000000000000000e+03
1.097204839382561470e-01,4.526000000000000000e+03
1.101376720901126455e-01,4.534000000000000000e+03
1.105548602419691301e-01,4.543000000000000000e+03
1.109720483938256147e-01,4.550000000000000000e+03
1.113892365456820993e-01,4.615000000000000000e+03
1.118064246975385839e-01,4.634000000000000000e+03
1.122236128493950685e-01,4.662000000000000000e+03
1.126408010012515670e-01,4.700000000000000000e+03
1.130579891531080516e-01,4.738000000000000000e+03
1.134751773049645363e-01,4.742000000000000000e+03
1.138923654568210209e-01,4.744000000000000000e+03
1.143095536086775055e-01,4.822000000000000000e+03
1.147267417605340040e-01,4.855000000000000000e+03
1.151439299123904886e-01,4.910000000000000000e+03
1.155611180642469732e-01,4.956000000000000000e+03
1.159783062161034578e-01,4.977000000000000000e+03
1.163954943679599424e-01,5.033000000000000000e+03
1.168126825198164409e-01,5.089000000000000000e+03
1.172298706716729255e-01,5.151000000000000000e+03
1.176470588235294101e-01,5.160000000000000000e+03
1.180642469753858947e-01,5.183000000000000000e+03
1.184814351272423794e-01,5.186000000000000000e+03
1.188986232790988778e-01,5.206000000000000000e+03
1.193158114309553625e-01,5.207000000000000000e+03
1.197329995828118471e-01,5.230000000000000000e+03
1.201501877346683317e-01,5.331000000000000000e+03
1.205673758865248163e-01,5.339000000000000000e+03
1.209845640383813148e-01,5.361000000000000000e+03
1.214017521902377994e-01,5.379000000000000000e+03
1.218189403420942840e-01,5.392000000000000000e+03
1.222361284939507686e-01,5.419000000000000000e+03
1.226533166458072532e-01,5.432000000000000000e+03
1.230705047976637379e-01,5.453000000000000000e+03
1.234876929495202363e-01,5.469000000000000000e+03
1.239048811013767210e-01,5.502000000000000000e+03
1.243220692532332056e-01,5.515000000000000000e+03
1.247392574050896902e-01,5.517000000000000000e+03
1.251564455569461887e-01,5.520000000000000000e+03
1.255736337088026733e-01,5.527000000000000000e+03
1.259908218606591579e-01,5.530000000000000000e+03
1.264080100125156425e-01,5.531000000000000000e+03
1.268251981643721271e-01,5.537000000000000000e+03
1.272423863162286117e-01,5.540000000000000000e+03
1.276595744680850963e-01,5.554000000000000000e+03
1.280767626199415810e-01,5.611000000000000000e+03
1.284939507717980656e-01,5.620000000000000000e+03
1.289111389236545779e-01,5.640000000000000000e+03
1.293283270755110625e-01,5.663000000000000000e+03
1.297455152273675472e-01,5.678000000000000000e+03
1.301627033792240318e-01,5.708000000000000000e+03
1.305798915310805164e-01,5.827000000000000000e+03
1.309970796829370010e-01,5.841000000000000000e+03
1.314142678347934856e-01,5.910000000000000000e+03
1.318314559866499702e-01,5.913000000000000000e+03
1.322486441385064548e-01,5.925000000000000000e+03
1.326658322903629394e-01,5.957000000000000000e+03
1.330830204422194518e-01,5.970000000000000000e+03
1.335002085940759364e-01,6.049000000000000000e+03
1.339173967459324210e-01,6.063000000000000000e+03
1.343345848977889057e-01,6.063000000000000000e+03
1.347517730496453903e-01,6.071000000000000000e+03
1.351689612015018749e-01,6.137000000000000000e+03
1.355861493533583595e-01,6.142000000000000000e+03
1.360033375052148441e-01,6.157000000000000000e+03
1.364205256570713287e-01,6.201000000000000000e+03
1.368377138089278133e-01,6.205000000000000000e+03
1.372549019607842979e-01,6.295000000000000000e+03
1.376720901126408103e-01,6.324000000000000000e+03
1.380892782644972949e-01,6.325000000000000000e+03
1.385064664163537795e-01,6.333000000000000000e+03
1.389236545682102641e-01,6.353000000000000000e+03
1.393408427200667488e-01,6.390000000000000000e+03
1.397580308719232334e-01,6.405000000000000000e+03
1.401752190237797180e-01,6.410000000000000000e+03
1.405924071756362026e-01,6.414000000000000000e+03
1.410095953274926872e-01,6.445000000000000000e+03
1.414267834793491718e-01,6.494000000000000000e+03
1.418439716312056842e-01,6.499000000000000000e+03
1.422611597830621688e-01,6.526000000000000000e+03
1.426783479349186534e-01,6.527000000000000000e+03
1.430955360867751380e-01,6.532000000000000000e+03
1.435127242386316226e-01,6.544000000000000000e+03
1.439299123904881073e-01,6.598000000000000000e+03
1.443471005423445919e-01,6.612000000000000000e+03
1.447642886942010765e-01,6.630000000000000000e+03
1.451814768460575611e-01,6.647000000000000000e+03
1.455986649979140457e-01,6.693000000000000000e+03
1.460158531497705303e-01,6.711000000000000000e+03
1.464330413016270427e-01,6.731000000000000000e+03
1.468502294534835273e-01,6.793000000000000000e+03
1.472674176053400119e-01,6.794000000000000000e+03
1.476846057571964965e-01,6.795000000000000000e+03
1.481017939090529811e-01,6.806000000000000000e+03
1.485189820609094657e-01,6.824000000000000000e+03
1.489361702127659504e-01,6.840000000000000000e+03
1.493533583646224350e-01,6.855000000000000000e+03
1.497705465164789196e-01,6.859000000000000000e+03
1.501877346683354042e-01,6.905000000000000000e+03
1.506049228201919166e-01,7.068000000000000000e+03
1.510221109720484012e-01,7.086000000000000000e+03
1.514392991239048858e-01,7.129000000000000000e+03
1.518564872757613704e-01,7.202000000000000000e+03
1.522736754276178550e-01,7.217000000000000000e+03
1.526908635794743396e-01,7.253000000000000000e+03
1.531080517313308242e-01,7.258000000000000000e+03
1.535252398831873089e-01,7.270000000000000000e+03
1.539424280350437935e-01,7.303000000000000000e+03
1.543596161869002781e-01,7.303000000000000000e+03
1.547768043387567904e-01,7.317000000000000000e+03
1.551939924906132751e-01,7.332000000000000000e+03
1.556111806424697597e-01,7.370000000000000000e+03
1.560283687943262443e-01,7.432000000000000000e+03
1.564455569461827289e-01,7.453000000000000000e+03
1.568627450980392135e-01,7.460000000000000000e+03
1.572799332498956981e-01,7.482000000000000000e+03
1.576971214017521827e-01,7.482000000000000000e+03
1.581143095536086673e-01,7.488000000000000000e+03
1.585314977054651520e-01,7.497000000000000000e+03
1.589486858573216366e-01,7.516000000000000000e+03
1.593658740091781489e-01,7.536000000000000000e+03
1.597830621610346336e-01,7.562000000000000000e+03
1.602002503128911182e-01,7.574000000000000000e+03
1.606174384647476028e-01,7.579000000000000000e+03
1.610346266166040874e-01,7.606000000000000000e+03
1.614518147684605720e-01,7.650000000000000000e+03
1.618690029203170566e-01,7.657000000000000000e+03
1.622861910721735412e-01,7.662000000000000000e+03
1.627033792240300258e-01,7.717000000000000000e+03
1.631205673758865105e-01,7.736000000000000000e+03
1.635377555277430228e-01,7.760000000000000000e+03
1.639549436795995074e-01,7.781000000000000000e+03
1.643721318314559920e-01,7.841000000000000000e+03
1.647893199833124767e-01,7.881000000000000000e+03
1.652065081351689613e-01,7.894000000000000000e+03
1.656236962870254459e-01,7.894000000000000000e+03
1.660408844388819305e-01,7.898000000000000000e+03
1.664580725907384151e-01,7.911000000000000000e+03
1.668752607425948997e-01,7.919000000000000000e+03
1.672924488944513843e-01,7.925000000000000000e+03
1.677096370463078689e-01,7.957000000000000000e+03
1.681268251981643813e-01,8.003000000000000000e+03
1.685440133500208659e-01,8.047000000000000000e+03
1.689612015018773505e-01,8.063000000000000000e+03
1.693783896537338352e-01,8.153000000000000000e+03
1.697955778055903198e-01,8.175000000000000000e+03
1.702127659574468044e-01,8.176000000000000000e+03
1.706299541093032890e-01,8.191000000000000000e+03
1.710471422611597736e-01,8.210000000000000000e+03
1.714643304130162582e-01,8.271000000000000000e+03
1.718815185648727428e-01,8.285000000000000000e+03
1.722987067167292552e-01,8.330000000000000000e+03
1.727158948685857398e-01,8.385000000000000000e+03
1.731330830204422244e-01,8.422000000000000000e+03
1.735502711722987090e-01,8.465000000000000000e+03
1.739674593241551936e-01,8.522000000000000000e+03
1.743846474760116783e-01,8.626000000000000000e+03
1.748018356278681629e-01,8.702000000000000000e+03
1.752190237797246475e-01,8.714000000000000000e+03
1.756362119315811321e-01,8.729000000000000000e+03
1.760534000834376167e-01,8.759000000000000000e+03
1.764705882352941013e-01,8.767000000000000000e+03
1.768877763871506137e-01,8.789000000000000000e+03
1.773049645390070983e-01,8.845000000000000000e+03
1.777221526908635829e-01,8.878000000000000000e+03
1.781393408427200675e-01,8.943000000000000000e+03
1.785565289945765521e-01,8.952000000000000000e+03
1.789737171464330368e-01,8.954000000000000000e+03
1.793909052982895214e-01,8.964000000000000000e+03
1.798080934501460060e-01,8.968000000000000000e+03
1.802252816020024906e-01,8.996000000000000000e+03
1.806424697538589752e-01,9.012000000000000000e+03
1.810596579057154876e-01,9.033000000000000000e+03
1.814768460575719722e-01,9.117000000000000000e+03
1.818940342094284568e-01,9.158000000000000000e+03
1.823112223612849414e-01,9.168000000000000000e+03
1.827284105131414260e-01,9.176000000000000000e+03
1.831455986649979106e-01,9.223000000000000000e+03
1.835627868168543952e-01,9.325000000000000000e+03
1.839799749687108799e-01,9.327000000000000000e+03
1.843971631205673645e-01,9.376000000000000000e+03
1.848143512724238491e-01,9.389000000000000000e+03
1.852315394242803337e-01,9.459000000000000000e+03
1.856487275761368461e-01,9.461000000000000000e+03
1.860659157279933307e-01,9.476000000000000000e+03
1.864831038798498153e-01,9.490000000000000000e+03
1.869002920317062999e-01,9.491000000000000000e+03
1.873174801835627845e-01,9.547000000000000000e+03
1.877346683354192691e-01,9.582000000000000000e+03
1.881518564872757537e-01,9.617000000000000000e+03
1.885690446391322384e-01,9.631000000000000000e+03
1.889862327909887230e-01,9.633000000000000000e+03
1.894034209428452076e-01,9.673000000000000000e+03
1.898206090947017199e-01,9.686000000000000000e+03
1.902377972465582046e-01,9.692000000000000000e+03
1.906549853984146892e-01,9.699000000000000000e+03
1.910721735502711738e-01,9.744000000000000000e+03
1.914893617021276584e-01,9.756000000000000000e+03
1.919065498539841430e-01,9.783000000000000000e+03
1.923237380058406276e-01,9.810000000000000000e+03
1.927409261576971122e-01,9.833000000000000000e+03
1.931581143095535968e-01,9.873000000000000000e+03
1.935753024614100815e-01,9.891000000000000000e+03
1.939924906132665938e-01,9.925000000000000000e+03
1.944096787651230784e-01,9.925000000000000000e+03
1.948268669169795630e-01,9.932000000000000000e+03
1.952440550688360477e-01,9.997000000000000000e+03
1.956612432206925323e-01,1.002400000000000000e+04
1.960784313725490169e-01,1.007200000000000000e+04
1.964956195244055015e-01,1.007600000000000000e+04
1.969128076762619861e-01,1.027200000000000000e+04
1.973299958281184707e-01,1.030800000000000000e+04
1.977471839799749553e-01,1.031700000000000000e+04
1.981643721318314399e-01,1.034400000000000000e+04
1.985815602836879523e-01,1.038400000000000000e+04
1.989987484355444369e-01,1.044600000000000000e+04
1.994159365874009215e-01,1.046000000000000000e+04
1.998331247392574062e-01,1.046400000000000000e+04
2.002503128911138908e-01,1.048100000000000000e+04
2.006675010429703754e-01,1.049900000000000000e+04
2.010846891948268600e-01,1.054700000000000000e+04
2.015018773466833446e-01,1.059300000000000000e+04
2.019190654985398292e-01,1.061300000000000000e+04
2.023362536503963138e-01,1.062400000000000000e+04
2.027534418022528262e-01,1.065800000000000000e+04
2.031706299541093108e-01,1.067000000000000000e+04
2.035878181059657954e-01,1.068700000000000000e+04
2.040050062578222800e-01,1.073800000000000000e+04
2.044221944096787646e-01,1.086900000000000000e+04
2.048393825615352493e-01,1.088300000000000000e+04
2.052565707133917339e-01,1.092700000000000000e+04
2.056737588652482185e-01,1.096200000000000000e+04
2.060909470171047031e-01,1.098500000000000000e+04
2.065081351689611877e-01,1.101800000000000000e+04
2.069253233208176723e-01,1.104000000000000000e+04
2.073425114726741847e-01,1.106000000000000000e+04
2.077596996245306693e-01,1.114600000000000000e+04
2.081768877763871539e-01,1.115200000000000000e+04
2.085940759282436385e-01,1.120200000000000000e+04
2.090112640801001231e-01,1.121000000000000000e+04
2.094284522319566078e-01,1.123100000000000000e+04
2.098456403838130924e-01,1.125400000000000000e+04
2.102628285356695770e-01,1.127000000000000000e+04
2.106800166875260616e-01,1.127400000000000000e+04
2.110972048393825462e-01,1.129500000000000000e+04
2.115143929912390586e-01,1.130900000000000000e+04
2.119315811430955432e-01,1.134500000000000000e+04
2.123487692949520278e-01,1.135800000000000000e+04
2.127659574468085124e-01,1.136600000000000000e+04
2.131831455986649970e-01,1.137300000000000000e+04
2.136003337505214816e-01,1.147100000000000000e+04
2.140175219023779662e-01,1.149300000000000000e+04
2.144347100542344509e-01,1.151700000000000000e+04
2.148518982060909355e-01,1.164100000000000000e+04
2.152690863579474201e-01,1.165700000000000000e+04
2.156862745098039047e-01,1.166900000000000000e+04
2.161034626616604171e-01,1.170700000000000000e+04
2.165206508135169017e-01,1.175900000000000000e+04
2.169378389653733863e-01,1.184500000000000000e+04
2.173550271172298709e-01,1.189100000000000000e+04
2.177722152690863555e-01,1.193400000000000000e+04
2.181894034209428401e-01,1.199800000000000000e+04
2.186065915727993247e-01,1.202300000000000000e+04
2.190237797246558094e-01,1.204300000000000000e+04
2.194409678765122940e-01,1.206500000000000000e+04
2.198581560283687786e-01,1.206700000000000000e+04
2.202753441802252909e-01,1.216700000000000000e+04
2.206925323320817756e-01,1.220600000000000000e+04
2.211097204839382602e-01,1.221900000000000000e+04
2.215269086357947448e-01,1.225000000000000000e+04
2.219440967876512294e-01,1.227300000000000000e+04
2.223612849395077140e-01,1.232100000000000000e+04
2.227784730913641986e-01,1.233100000000000000e+04
2.231956612432206832e-01,1.235100000000000000e+04
2.236128493950771678e-01,1.236400000000000000e+04
2.240300375469336525e-01,1.240400000000000000e+04
2.244472256987901371e-01,1.242100000000000000e+04
2.248644138506466494e-01,1.243000000000000000e+04
2.252816020025031341e-01,1.244600000000000000e+04
2.256987901543596187e-01,1.256800000000000000e+04
2.261159783062161033e-01,1.260800000000000000e+04
2.265331664580725879e-01,1.263100000000000000e+04
2.269503546099290725e-01,1.272900000000000000e+04
2.273675427617855571e-01,1.275600000000000000e+04
2.277847309136420417e-01,1.287100000000000000e+04
2.282019190654985263e-01,1.289800000000000000e+04
2.286191072173550110e-01,1.289800000000000000e+04
2.290362953692115233e-01,1.291900000000000000e+04
2.294534835210680079e-01,1.294600000000000000e+04
2.298706716729244925e-01,1.297700000000000000e+04
2.302878598247809772e-01,1.308700000000000000e+04
2.307050479766374618e-01,1.309600000000000000e+04
2.311222361284939464e-01,1.310500000000000000e+04
2.315394242803504310e-01,1.313200000000000000e+04
2.319566124322069156e-01,1.322000000000000000e+04
2.323738005840634002e-01,1.328700000000000000e+04
2.327909887359198848e-01,1.333100000000000000e+04
2.332081768877763694e-01,1.334900000000000000e+04
2.336253650396328818e-01,1.335500000000000000e+04
2.340425531914893664e-01,1.341500000000000000e+04
2.344597413433458510e-01,1.346600000000000000e+04
2.348769294952023357e-01,1.348800000000000000e+04
2.352941176470588203e-01,1.357000000000000000e+04
2.357113057989153049e-01,1.357500000000000000e+04
2.361284939507717895e-01,1.359600000000000000e+04
2.365456821026282741e-01,1.360400000000000000e+04
2.369628702544847587e-01,1.363100000000000000e+04
2.373800584063412433e-01,1.371800000000000000e+04
2.377972465581977557e-01,1.373400000000000000e+04
2.382144347100542403e-01,1.377600000000000000e+04
2.386316228619107249e-01,1.381400000000000000e+04
2.390488110137672095e-01,1.385500000000000000e+04
2.394659991656236941e-01,1.388200000000000000e+04
2.398831873174801788e-01,1.389200000000000000e+04
2.403003754693366634e-01,1.399200000000000000e+04
2.407175636211931480e-01,1.399200000000000000e+04
2.411347517730496326e-01,1.403200000000000000e+04
2.415519399249061172e-01,1.421600000000000000e+04
2.419691280767626296e-01,1.423200000000000000e+04
2.423863162286191142e-01,1.425400000000000000e+04
2.428035043804755988e-01,1.425800000000000000e+04
2.432206925323320834e-01,1.426500000000000000e+04
2.436378806841885680e-01,1.428300000000000000e+04
2.440550688360450526e-01,1.431700000000000000e+04
2.444722569879015373e-01,1.431900000000000000e+04
2.448894451397580219e-01,1.434300000000000000e+04
2.453066332916145065e-01,1.435300000000000000e+04
2.457238214434709911e-01,1.439500000000000000e+04
2.461410095953274757e-01,1.440000000000000000e+04
2.465581977471839881e-01,1.440400000000000000e+04
2.469753858990404727e-01,1.441800000000000000e+04
2.473925740508969573e-01,1.442100000000000000e+04
2.478097622027534419e-01,1.445100000000000000e+04
2.482269503546099265e-01,1.452600000000000000e+04
2.486441385064664111e-01,1.460900000000000000e+04
2.490613266583228957e-01,1.464800000000000000e+04
2.494785148101793804e-01,1.465700000000000000e+04
2.498957029620358650e-01,1.466100000000000000e+04
2.503128911138923773e-01,1.468800000000000000e+04
2.507300792657488619e-01,1.476500000000000000e+04
2.511472674176053466e-01,1.482300000000000000e+04
2.515644555694618312e-01,1.482500000000000000e+04
2.519816437213183158e-01,1.485800000000000000e+04
2.523988318731748004e-01,1.490000000000000000e+04
2.528160200250312850e-01,1.490900000000000000e+04
2.532332081768877696e-01,1.494300000000000000e+04
2.536503963287442542e-01,1.497100000000000000e+04
2.540675844806007388e-01,1.498900000000000000e+04
2.544847726324572235e-01,1.499900000000000000e+04
2.549019607843137081e-01,1.509900000000000000e+04
2.553191489361701927e-01,1.511800000000000000e+04
2.557363370880266773e-01,1.512200000000000000e+04
2.561535252398831619e-01,1.513300000000000000e+04
2.565707133917396465e-01,1.521500000000000000e+04
2.569879015435961311e-01,1.524800000000000000e+04
2.574050896954526713e-01,1.525400000000000000e+04
2.578222778473091559e-01,1.531500000000000000e+04
2.582394659991656405e-01,1.533800000000000000e+04
2.586566541510221251e-01,1.534400000000000000e+04
2.590738423028786097e-01,1.536600000000000000e+04
2.594910304547350943e-01,1.541900000000000000e+04
2.599082186065915789e-01,1.550600000000000000e+04
2.603254067584480635e-01,1.552700000000000000e+04
2.607425949103045482e-01,1.559500000000000000e+04
2.611597830621610328e-01,1.561600000000000000e+04
2.615769712140175174e-01,1.563000000000000000e+04
2.619941593658740020e-01,1.576700000000000000e+04
2.624113475177304866e-01,1.578400000000000000e+04
2.628285356695869712e-01,1.584100000000000000e+04
2.632457238214434558e-01,1.596500000000000000e+04
2.636629119732999404e-01,1.605300000000000000e+04
2.640801001251564251e-01,1.606700000000000000e+04
2.644972882770129097e-01,1.608500000000000000e+04
2.649144764288693943e-01,1.611900000000000000e+04
2.653316645807258789e-01,1.612100000000000000e+04
2.657488527325823635e-01,1.615100000000000000e+04
2.661660408844389036e-01,1.616200000000000000e+04
2.665832290362953882e-01,1.625000000000000000e+04
2.670004171881518729e-01,1.631200000000000000e+04
2.674176053400083575e-01,1.634000000000000000e+04
2.678347934918648421e-01,1.637300000000000000e+04
2.682519816437213267e-01,1.642800000000000000e+04
2.686691697955778113e-01,1.645200000000000000e+04
2.690863579474342959e-01,1.645400000000000000e+04
2.695035460992907805e-01,1.645600000000000000e+04
2.699207342511472651e-01,1.649500000000000000e+04
2.703379224030037498e-01,1.652800000000000000e+04
2.707551105548602344e-01,1.682200000000000000e+04
2.711722987067167190e-01,1.683100000000000000e+04
2.715894868585732036e-01,1.683600000000000000e+04
2.720066750104296882e-01,1.684700000000000000e+04
2.724238631622861728e-01,1.688200000000000000e+04
2.728410513141426574e-01,1.692000000000000000e+04
2.732582394659991420e-01,1.695100000000000000e+04
2.736754276178556267e-01,1.698800000000000000e+04
2.740926157697121113e-01,1.706200000000000000e+04
2.745098039215685959e-01,1.706400000000000000e+04
2.749269920734251360e-01,1.713800000000000000e+04
2.753441802252816206e-01,1.715500000000000000e+04
2.757613683771381052e-01,1.716200000000000000e+04
2.761785565289945898e-01,1.716400000000000000e+04
2.765957446808510745e-01,1.725200000000000000e+04
2.770129328327075591e-01,1.727400000000000000e+04
2.774301209845640437e-01,1.728100000000000000e+04
2.778473091364205283e-01,1.734000000000000000e+04
2.782644972882770129e-01,1.734500000000000000e+04
2.786816854401334975e-01,1.734500000000000000e+04
2.790988735919899821e-01,1.746900000000000000e+04
2.795160617438464667e-01,1.747100000000000000e+04
2.799332498957029514e-01,1.747400000000000000e+04
2.803504380475594360e-01,1.751800000000000000e+04
2.807676261994159206e-01,1.756100000000000000e+04
2.811848143512724052e-01,1.762100000000000000e+04
2.816020025031288898e-01,1.762900000000000000e+04
2.820191906549853744e-01,1.766400000000000000e+04
2.824363788068418590e-01,1.774400000000000000e+04
2.828535669586983436e-01,1.775200000000000000e+04
2.832707551105548283e-01,1.776800000000000000e+04
2.836879432624113684e-01,1.777000000000000000e+04
2.841051314142678530e-01,1.786800000000000000e+04
2.845223195661243376e-01,1.792100000000000000e+04
2.849395077179808222e-01,1.797900000000000000e+04
2.853566958698373068e-01,1.800000000000000000e+04
2.857738840216937914e-01,1.800500000000000000e+04
2.861910721735502761e-01,1.802400000000000000e+04
2.866082603254067607e-01,1.806100000000000000e+04
2.870254484772632453e-01,1.808900000000000000e+04
2.874426366291197299e-01,1.813400000000000000e+04
2.878598247809762145e-01,1.822900000000000000e+04
2.882770129328326991e-01,1.824100000000000000e+04
2.886942010846891837e-01,1.831000000000000000e+04
2.891113892365456683e-01,1.843700000000000000e+04
2.895285773884021530e-01,1.853600000000000000e+04
2.899457655402586376e-01,1.856500000000000000e+04
2.903629536921151222e-01,1.865300000000000000e+04
2.907801418439716068e-01,1.888600000000000000e+04
2.911973299958280914e-01,1.889800000000000000e+04
2.916145181476845760e-01,1.894000000000000000e+04
2.920317062995410606e-01,1.904700000000000000e+04
2.924488944513976008e-01,1.904900000000000000e+04
2.928660826032540854e-01,1.905300000000000000e+04
2.932832707551105700e-01,1.911600000000000000e+04
2.937004589069670546e-01,1.912100000000000000e+04
2.941176470588235392e-01,1.913000000000000000e+04
2.945348352106800238e-01,1.923600000000000000e+04
2.949520233625365084e-01,1.929100000000000000e+04
2.953692115143929930e-01,1.932500000000000000e+04
2.957863996662494777e-01,1.949900000000000000e+04
2.962035878181059623e-01,1.951800000000000000e+04
2.966207759699624469e-01,1.954200000000000000e+04
2.970379641218189315e-01,1.954400000000000000e+04
2.974551522736754161e-01,1.954700000000000000e+04
2.978723404255319007e-01,1.959400000000000000e+04
2.982895285773883853e-01,1.962500000000000000e+04
2.987067167292448699e-01,1.963100000000000000e+04
2.991239048811013546e-01,1.972500000000000000e+04
2.995410930329578392e-01,1.973600000000000000e+04
2.999582811848143238e-01,1.974100000000000000e+04
3.003754693366708084e-01,1.976600000000000000e+04
3.007926574885273485e-01,1.976600000000000000e+04
3.012098456403838331e-01,1.980600000000000000e+04
3.016270337922403177e-01,1.989400000000000000e+04
3.020442219440968024e-01,1.989600000000000000e+04
3.024614100959532870e-01,1.993100000000000000e+04
3.028785982478097716e-01,1.994900000000000000e+04
3.032957863996662562e-01,2.016100000000000000e+04
3.037129745515227408e-01,2.017300000000000000e+04
3.041301627033792254e-01,2.027700000000000000e+04
3.045473508552357100e-01,2.027800000000000000e+04
3.049645390070921946e-01,2.035600000000000000e+04
3.053817271589486793e-01,2.038200000000000000e+04
3.057989153108051639e-01,2.041600000000000000e+04
3.062161034626616485e-01,2.043500000000000000e+04
3.066332916145181331e-01,2.045300000000000000e+04
3.070504797663746177e-01,2.045400000000000000e+04
3.074676679182311023e-01,2.048600000000000000e+04
3.078848560700875869e-01,2.053600000000000000e+04
3.083020442219440715e-01,2.054100000000000000e+04
3.087192323738005562e-01,2.055100000000000000e+04
3.091364205256570408e-01,2.073700000000000000e+04
3.095536086775135809e-01,2.074900000000000000e+04
3.099707968293700655e-01,2.078100000000000000e+04
3.103879849812265501e-01,2.080700000000000000e+04
3.108051731330830347e-01,2.085700000000000000e+04
3.112223612849395193e-01,2.091300000000000000e+04
3.116395494367960040e-01,2.092900000000000000e+04
3.120567375886524886e-01,2.095600000000000000e+04
3.124739257405089732e-01,2.097300000000000000e+04
3.128911138923654578e-01,2.097500000000000000e+04
3.133083020442219424e-01,2.099800000000000000e+04
3.137254901960784270e-01,2.105400000000000000e+04
3.141426783479349116e-01,2.117500000000000000e+04
3.145598664997913962e-01,2.124200000000000000e+04
3.149770546516478809e-01,2.130400000000000000e+04
3.153942428035043655e-01,2.133800000000000000e+04
3.158114309553608501e-01,2.144300000000000000e+04
3.162286191072173347e-01,2.145500000000000000e+04
3.166458072590738193e-01,2.168500000000000000e+04
3.170629954109303039e-01,2.171700000000000000e+04
3.174801835627867885e-01,2.174300000000000000e+04
3.178973717146432731e-01,2.176600000000000000e+04
3.183145598664998133e-01,2.179800000000000000e+04
3.187317480183562979e-01,2.189100000000000000e+04
3.191489361702127825e-01,2.195500000000000000e+04
3.195661243220692671e-01,2.195700000000000000e+04
3.199833124739257517e-01,2.196100000000000000e+04
3.204005006257822363e-01,2.200000000000000000e+04
3.208176887776387209e-01,2.206800000000000000e+04
3.212348769294952056e-01,2.208700000000000000e+04
3.216520650813516902e-01,2.208700000000000000e+04
3.220692532332081748e-01,2.217600000000000000e+04
3.224864413850646594e-01,2.220500000000000000e+04
3.229036295369211440e-01,2.220700000000000000e+04
3.233208176887776286e-01,2.222500000000000000e+04
3.237380058406341132e-01,2.234000000000000000e+04
3.241551939924905978e-01,2.235100000000000000e+04
3.245723821443470825e-01,2.238900000000000000e+04
3.249895702962035671e-01,2.240800000000000000e+04
3.254067584480600517e-01,2.244600000000000000e+04
3.258239465999165363e-01,2.247500000000000000e+04
3.262411347517730209e-01,2.252500000000000000e+04
3.266583229036295055e-01,2.257000000000000000e+04
3.270755110554860456e-01,2.259100000000000000e+04
3.274926992073425303e-01,2.267500000000000000e+04
3.279098873591990149e-01,2.271600000000000000e+04
3.283270755110554995e-01,2.272900000000000000e+04
3.287442636629119841e-01,2.275200000000000000e+04
3.291614518147684687e-01,2.278300000000000000e+04
3.295786399666249533e-01,2.299300000000000000e+04
3.299958281184814379e-01,2.304900000000000000e+04
3.304130162703379225e-01,2.313800000000000000e+04
3.308302044221944072e-01,2.314900000000000000e+04
3.312473925740508918e-01,2.316200000000000000e+04
3.316645807259073764e-01,2.316700000000000000e+04
3.320817688777638610e-01,2.321900000000000000e+04
3.324989570296203456e-01,2.328400000000000000e+04
3.329161451814768302e-01,2.336900000000000000e+04
3.333333333333333148e-01,2.338200000000000000e+04
3.337505214851897994e-01,2.342400000000000000e+04
3.341677096370462841e-01,2.346700000000000000e+04
3.345848977889027687e-01,2.347200000000000000e+04
3.350020859407592533e-01,2.348600000000000000e+04
3.354192740926157379e-01,2.356500000000000000e+04
3.358364622444722780e-01,2.357500000000000000e+04
3.362536503963287626e-01,2.361000000000000000e+04
3.366708385481852472e-01,2.364800000000000000e+04
3.370880267000417319e-01,2.367600000000000000e+04
3.375052148518982165e-01,2.369400000000000000e+04
3.379224030037547011e-01,2.373900000000000000e+04
3.383395911556111857e-01,2.377600000000000000e+04
3.387567793074676703e-01,2.387900000000000000e+04
3.391739674593241549e-01,2.391300000000000000e+04
3.395911556111806395e-01,2.394600000000000000e+04
3.400083437630371241e-01,2.394700000000000000e+04
3.404255319148936088e-01,2.395400000000000000e+04
3.408427200667500934e-01,2.409500000000000000e+04
3.412599082186065780e-01,2.411400000000000000e+04
3.416770963704630626e-01,2.411500000000000000e+04
3.420942845223195472e-01,2.413200000000000000e+04
3.425114726741760318e-01,2.415700000000000000e+04
3.429286608260325164e-01,2.416800000000000000e+04
3.433458489778890010e-01,2.418300000000000000e+04
3.437630371297454857e-01,2.419800000000000000e+04
3.441802252816019703e-01,2.422000000000000000e+04
3.445974134334585104e-01,2.422400000000000000e+04
3.450146015853149950e-01,2.429000000000000000e+04
3.454317897371714796e-01,2.430700000000000000e+04
3.458489778890279642e-01,2.432000000000000000e+04
3.462661660408844488e-01,2.435500000000000000e+04
3.466833541927409335e-01,2.439600000000000000e+04
3.471005423445974181e-01,2.442800000000000000e+04
3.475177304964539027e-01,2.448400000000000000e+04
3.479349186483103873e-01,2.451300000000000000e+04
3.483521068001668719e-01,2.456600000000000000e+04
3.487692949520233565e-01,2.458500000000000000e+04
3.491864831038798411e-01,2.477600000000000000e+04
3.496036712557363257e-01,2.481100000000000000e+04
3.500208594075928104e-01,2.484000000000000000e+04
3.504380475594492950e-01,2.487000000000000000e+04
3.508552357113057796e-01,2.487400000000000000e+04
3.512724238631622642e-01,2.490000000000000000e+04
3.516896120150187488e-01,2.493600000000000000e+04
3.521068001668752334e-01,2.501500000000000000e+04
3.525239883187317180e-01,2.505100000000000000e+04
3.529411764705882026e-01,2.512700000000000000e+04
3.533583646224447428e-01,2.513100000000000000e+04
3.537755527743012274e-01,2.515900000000000000e+04
3.541927409261577120e-01,2.522200000000000000e+04
3.546099290780141966e-01,2.528100000000000000e+04
3.550271172298706812e-01,2.529000000000000000e+04
3.554443053817271658e-01,2.546900000000000000e+04
3.558614935335836504e-01,2.554100000000000000e+04
3.562786816854401351e-01,2.554600000000000000e+04
3.566958698372966197e-01,2.555300000000000000e+04
3.571130579891531043e-01,2.558700000000000000e+04
3.575302461410095889e-01,2.559000000000000000e+04
3.579474342928660735e-01,2.572700000000000000e+04
3.583646224447225581e-01,2.581400000000000000e+04
3.587818105965790427e-01,2.582100000000000000e+04
3.591989987484355273e-01,2.591200000000000000e+04
3.596161869002920120e-01,2.591300000000000000e+04
3.600333750521484966e-01,2.598500000000000000e+04
3.604505632040049812e-01,2.599400000000000000e+04
3.608677513558614658e-01,2.600100000000000000e+04
3.612849395077179504e-01,2.602300000000000000e+04
3.617021276595744350e-01,2.608300000000000000e+04
3.621193158114309751e-01,2.608500000000000000e+04
3.625365039632874598e-01,2.611800000000000000e+04
3.629536921151439444e-01,2.613600000000000000e+04
3.633708802670004290e-01,2.615800000000000000e+04
3.637880684188569136e-01,2.626800000000000000e+04
3.642052565707133982e-01,2.631000000000000000e+04
3.646224447225698828e-01,2.643300000000000000e+04
3.650396328744263674e-01,2.650900000000000000e+04
3.654568210262828520e-01,2.651400000000000000e+04
3.658740091781393367e-01,2.655600000000000000e+04
3.662911973299958213e-01,2.659700000000000000e+04
3.667083854818523059e-01,2.685700000000000000e+04
3.671255736337087905e-01,2.688600000000000000e+04
3.675427617855652751e-01,2.698600000000000000e+04
3.679599499374217597e-01,2.701100000000000000e+04
3.683771380892782443e-01,2.711800000000000000e+04
3.687943262411347289e-01,2.717000000000000000e+04
3.692115143929912136e-01,2.718600000000000000e+04
3.696287025448476982e-01,2.720300000000000000e+04
3.700458906967041828e-01,2.721200000000000000e+04
3.704630788485606674e-01,2.746200000000000000e+04
3.708802670004172075e-01,2.746500000000000000e+04
3.712974551522736921e-01,2.748400000000000000e+04
3.717146433041301767e-01,2.757800000000000000e+04
3.721318314559866614e-01,2.758600000000000000e+04
3.725490196078431460e-01,2.760900000000000000e+04
3.729662077596996306e-01,2.761800000000000000e+04
3.733833959115561152e-01,2.763400000000000000e+04
3.738005840634125998e-01,2.766200000000000000e+04
3.742177722152690844e-01,2.769800000000000000e+04
3.746349603671255690e-01,2.776400000000000000e+04
3.750521485189820536e-01,2.780700000000000000e+04
3.754693366708385383e-01,2.781400000000000000e+04
3.758865248226950229e-01,2.792900000000000000e+04
3.763037129745515075e-01,2.795400000000000000e+04
3.767209011264079921e-01,2.797700000000000000e+04
3.771380892782644767e-01,2.802800000000000000e+04
3.775552774301209613e-01,2.806600000000000000e+04
3.779724655819774459e-01,2.813300000000000000e+04
3.783896537338339305e-01,2.817900000000000000e+04
3.788068418856904152e-01,2.824300000000000000e+04
3.792240300375468998e-01,2.831400000000000000e+04
3.796412181894034399e-01,2.850300000000000000e+04
3.800584063412599245e-01,2.854300000000000000e+04
3.804755944931164091e-01,2.855100000000000000e+04
3.808927826449728937e-01,2.867600000000000000e+04
3.813099707968293783e-01,2.871100000000000000e+04
3.817271589486858629e-01,2.873300000000000000e+04
3.821443471005423476e-01,2.876800000000000000e+04
3.825615352523988322e-01,2.881700000000000000e+04
3.829787234042553168e-01,2.885500000000000000e+04
3.833959115561118014e-01,2.890700000000000000e+04
3.838130997079682860e-01,2.903500000000000000e+04
3.842302878598247706e-01,2.903600000000000000e+04
3.846474760116812552e-01,2.903800000000000000e+04
3.850646641635377398e-01,2.909400000000000000e+04
3.854818523153942245e-01,2.909900000000000000e+04
3.858990404672507091e-01,2.910100000000000000e+04
3.863162286191071937e-01,2.923500000000000000e+04
3.867334167709636783e-01,2.941300000000000000e+04
3.871506049228201629e-01,2.943100000000000000e+04
3.875677930746766475e-01,2.950300000000000000e+04
3.879849812265331876e-01,2.950600000000000000e+04
3.884021693783896723e-01,2.958200000000000000e+04
3.888193575302461569e-01,2.964500000000000000e+04
3.892365456821026415e-01,2.970400000000000000e+04
3.896537338339591261e-01,2.973300000000000000e+04
3.900709219858156107e-01,2.974600000000000000e+04
3.904881101376720953e-01,2.988800000000000000e+04
3.909052982895285799e-01,2.998400000000000000e+04
3.913224864413850645e-01,3.009100000000000000e+04
3.917396745932415492e-01,3.023700000000000000e+04
3.921568627450980338e-01,3.026200000000000000e+04
3.925740508969545184e-01,3.053100000000000000e+04
3.929912390488110030e-01,3.055000000000000000e+04
3.934084272006674876e-01,3.067300000000000000e+04
3.938256153525239722e-01,3.072700000000000000e+04
3.942428035043804568e-01,3.073400000000000000e+04
3.946599916562369414e-01,3.074400000000000000e+04
3.950771798080934261e-01,3.077200000000000000e+04
3.954943679599499107e-01,3.087300000000000000e+04
3.959115561118063953e-01,3.112100000000000000e+04
3.963287442636628799e-01,3.113600000000000000e+04
3.967459324155194200e-01,3.116700000000000000e+04
3.971631205673759046e-01,3.119300000000000000e+04
3.975803087192323892e-01,3.141800000000000000e+04
3.979974968710888739e-01,3.146900000000000000e+04
3.984146850229453585e-01,3.147900000000000000e+04
3.988318731748018431e-01,3.160500000000000000e+04
3.992490613266583277e-01,3.177500000000000000e+04
3.996662494785148123e-01,3.182100000000000000e+04
4.000834376303712969e-01,3.190900000000000000e+04
4.005006257822277815e-01,3.193800000000000000e+04
4.009178139340842661e-01,3.195300000000000000e+04
4.013350020859407508e-01,3.196100000000000000e+04
4.017521902377972354e-01,3.210700000000000000e+04
4.021693783896537200e-01,3.218000000000000000e+04
4.025865665415102046e-01,3.229200000000000000e+04
4.030037546933666892e-01,3.235100000000000000e+04
4.034209428452231738e-01,3.257000000000000000e+04
4.038381309970796584e-01,3.263600000000000000e+04
4.042553191489361430e-01,3.272400000000000000e+04
4.046725073007926277e-01,3.279600000000000000e+04
4.050896954526491123e-01,3.280900000000000000e+04
4.055068836045056524e-01,3.283200000000000000e+04
4.059240717563621370e-01,3.288400000000000000e+04
4.063412599082186216e-01,3.316200000000000000e+04
4.067584480600751062e-01,3.329800000000000000e+04
4.071756362119315908e-01,3.334800000000000000e+04
4.075928243637880755e-01,3.335300000000000000e+04
4.080100125156445601e-01,3.337400000000000000e+04
4.084272006675010447e-01,3.340000000000000000e+04
4.088443888193575293e-01,3.340900000000000000e+04
4.092615769712140139e-01,3.360800000000000000e+04
4.096787651230704985e-01,3.386900000000000000e+04
4.100959532749269831e-01,3.391000000000000000e+04
4.105131414267834677e-01,3.401200000000000000e+04
4.109303295786399524e-01,3.405500000000000000e+04
4.113475177304964370e-01,3.406700000000000000e+04
4.117647058823529216e-01,3.409800000000000000e+04
4.121818940342094062e-01,3.415600000000000000e+04
4.125990821860658908e-01,3.419000000000000000e+04
4.130162703379223754e-01,3.420600000000000000e+04
4.134334584897788600e-01,3.437900000000000000e+04
4.138506466416353446e-01,3.455000000000000000e+04
4.142678347934918848e-01,3.455700000000000000e+04
4.146850229453483694e-01,3.457400000000000000e+04
4.151022110972048540e-01,3.457500000000000000e+04
4.155193992490613386e-01,3.458000000000000000e+04
4.159365874009178232e-01,3.472700000000000000e+04
4.163537755527743078e-01,3.492500000000000000e+04
4.167709637046307924e-01,3.515200000000000000e+04
4.171881518564872771e-01,3.516500000000000000e+04
4.176053400083437617e-01,3.535100000000000000e+04
4.180225281602002463e-01,3.538600000000000000e+04
4.184397163120567309e-01,3.548400000000000000e+04
4.188569044639132155e-01,3.551300000000000000e+04
4.192740926157697001e-01,3.551400000000000000e+04
4.196912807676261847e-01,3.562100000000000000e+04
4.201084689194826693e-01,3.580100000000000000e+04
4.205256570713391540e-01,3.580900000000000000e+04
4.209428452231956386e-01,3.584200000000000000e+04
4.213600333750521232e-01,3.599600000000000000e+04
4.217772215269086078e-01,3.603200000000000000e+04
4.221944096787650924e-01,3.621100000000000000e+04
4.226115978306215770e-01,3.634600000000000000e+04
4.230287859824781171e-01,3.635400000000000000e+04
4.234459741343346018e-01,3.641600000000000000e+04
4.238631622861910864e-01,3.644500000000000000e+04
4.242803504380475710e-01,3.646900000000000000e+04
4.246975385899040556e-01,3.649800000000000000e+04
4.251147267417605402e-01,3.656200000000000000e+04
4.255319148936170248e-01,3.666300000000000000e+04
4.259491030454735094e-01,3.683800000000000000e+04
4.263662911973299940e-01,3.690800000000000000e+04
4.267834793491864787e-01,3.692300000000000000e+04
4.272006675010429633e-01,3.702600000000000000e+04
4.276178556528994479e-01,3.714500000000000000e+04
4.280350438047559325e-01,3.734000000000000000e+04
4.284522319566124171e-01,3.744400000000000000e+04
4.288694201084689017e-01,3.752200000000000000e+04
4.292866082603253863e-01,3.757700000000000000e+04
4.297037964121818709e-01,3.758000000000000000e+04
4.301209845640383556e-01,3.764000000000000000e+04
4.305381727158948402e-01,3.770900000000000000e+04
4.309553608677513248e-01,3.801600000000000000e+04
4.313725490196078094e-01,3.804900000000000000e+04
4.317897371714643495e-01,3.807600000000000000e+04
4.322069253233208341e-01,3.815100000000000000e+04
4.326241134751773187e-01,3.815500000000000000e+04
4.330413016270338034e-01,3.817700000000000000e+04
4.334584897788902880e-01,3.821300000000000000e+04
4.338756779307467726e-01,3.824400000000000000e+04
4.342928660826032572e-01,3.839900000000000000e+04
4.347100542344597418e-01,3.843100000000000000e+04
4.351272423863162264e-01,3.850000000000000000e+04
4.355444305381727110e-01,3.853900000000000000e+04
4.359616186900291956e-01,3.869600000000000000e+04
4.363788068418856803e-01,3.897700000000000000e+04
4.367959949937421649e-01,3.900100000000000000e+04
4.372131831455986495e-01,3.906000000000000000e+04
4.376303712974551341e-01,3.906100000000000000e+04
4.380475594493116187e-01,3.916100000000000000e+04
4.384647476011681033e-01,3.921700000000000000e+04
4.388819357530245879e-01,3.930800000000000000e+04
4.392991239048810725e-01,3.948600000000000000e+04
4.397163120567375572e-01,3.948700000000000000e+04
4.401335002085940418e-01,3.953500000000000000e+04
4.405506883604505819e-01,3.953800000000000000e+04
4.409678765123070665e-01,3.954800000000000000e+04
4.413850646641635511e-01,3.965000000000000000e+04
4.418022528160200357e-01,3.973900000000000000e+04
4.422194409678765203e-01,3.979000000000000000e+04
4.426366291197330050e-01,3.983000000000000000e+04
4.430538172715894896e-01,3.991700000000000000e+04
4.434710054234459742e-01,4.005100000000000000e+04
4.438881935753024588e-01,4.005400000000000000e+04
4.443053817271589434e-01,4.012400000000000000e+04
4.447225698790154280e-01,4.013300000000000000e+04
4.451397580308719126e-01,4.040000000000000000e+04
4.455569461827283972e-01,4.046400000000000000e+04
4.459741343345848819e-01,4.046500000000000000e+04
4.463913224864413665e-01,4.053500000000000000e+04
4.468085106382978511e-01,4.065400000000000000e+04
4.472256987901543357e-01,4.077300000000000000e+04
4.476428869420108203e-01,4.078300000000000000e+04
4.480600750938673049e-01,4.085900000000000000e+04
4.484772632457237895e-01,4.089500000000000000e+04
4.488944513975802741e-01,4.099300000000000000e+04
4.493116395494368143e-01,4.100800000000000000e+04
4.497288277012932989e-01,4.103100000000000000e+04
4.501460158531497835e-01,4.129700000000000000e+04
4.505632040050062681e-01,4.151700000000000000e+04
4.509803921568627527e-01,4.165400000000000000e+04
4.513975803087192373e-01,4.171000000000000000e+04
4.518147684605757219e-01,4.198800000000000000e+04
4.522319566124322066e-01,4.208700000000000000e+04
4.526491447642886912e-01,4.224100000000000000e+04
4.530663329161451758e-01,4.240500000000000000e+04
4.534835210680016604e-01,4.286100000000000000e+04
4.539007092198581450e-01,4.286300000000000000e+04
4.543178973717146296e-01,4.286500000000000000e+04
4.547350855235711142e-01,4.288800000000000000e+04
4.551522736754275988e-01,4.289400000000000000e+04
4.555694618272840835e-01,4.289900000000000000e+04
4.559866499791405681e-01,4.298200000000000000e+04
4.564038381309970527e-01,4.308200000000000000e+04
4.568210262828535373e-01,4.309300000000000000e+04
4.572382144347100219e-01,4.314600000000000000e+04
4.576554025865665065e-01,4.316700000000000000e+04
4.580725907384230466e-01,4.324900000000000000e+04
4.584897788902795313e-01,4.327100000000000000e+04
4.589069670421360159e-01,4.328900000000000000e+04
4.593241551939925005e-01,4.331200000000000000e+04
4.597413433458489851e-01,4.339800000000000000e+04
4.601585314977054697e-01,4.353800000000000000e+04
4.605757196495619543e-01,4.362200000000000000e+04
4.609929078014184389e-01,4.406000000000000000e+04
4.614100959532749235e-01,4.412400000000000000e+04
4.618272841051314082e-01,4.429000000000000000e+04
4.622444722569878928e-01,4.442200000000000000e+04
4.626616604088443774e-01,4.450600000000000000e+04
4.630788485607008620e-01,4.467300000000000000e+04
4.634960367125573466e-01,4.469800000000000000e+04
4.639132248644138312e-01,4.474800000000000000e+04
4.643304130162703158e-01,4.490800000000000000e+04
4.647476011681268004e-01,4.498600000000000000e+04
4.651647893199832851e-01,4.500600000000000000e+04
4.655819774718397697e-01,4.507300000000000000e+04
4.659991656236962543e-01,4.510700000000000000e+04
4.664163537755527389e-01,4.512400000000000000e+04
4.668335419274092790e-01,4.517800000000000000e+04
4.672507300792657636e-01,4.519400000000000000e+04
4.676679182311222482e-01,4.577200000000000000e+04
4.680851063829787329e-01,4.584900000000000000e+04
4.685022945348352175e-01,4.588600000000000000e+04
4.689194826866917021e-01,4.602400000000000000e+04
4.693366708385481867e-01,4.610500000000000000e+04
4.697538589904046713e-01,4.620600000000000000e+04
4.701710471422611559e-01,4.625500000000000000e+04
4.705882352941176405e-01,4.636900000000000000e+04
4.710054234459741251e-01,4.638700000000000000e+04
4.714226115978306098e-01,4.677000000000000000e+04
4.718397997496870944e-01,4.678100000000000000e+04
4.722569879015435790e-01,4.686400000000000000e+04
4.726741760534000636e-01,4.729200000000000000e+04
4.730913642052565482e-01,4.732500000000000000e+04
4.735085523571130328e-01,4.737300000000000000e+04
4.739257405089695174e-01,4.738700000000000000e+04
4.743429286608260020e-01,4.764600000000000000e+04
4.747601168126824867e-01,4.786000000000000000e+04
4.751773049645390268e-01,4.828500000000000000e+04
4.755944931163955114e-01,4.849600000000000000e+04
4.760116812682519960e-01,4.859400000000000000e+04
4.764288694201084806e-01,4.873600000000000000e+04
4.768460575719649652e-01,4.883000000000000000e+04
4.772632457238214498e-01,4.892100000000000000e+04
4.776804338756779345e-01,4.914200000000000000e+04
4.780976220275344191e-01,4.915800000000000000e+04
4.785148101793909037e-01,4.928900000000000000e+04
4.789319983312473883e-01,4.932000000000000000e+04
4.793491864831038729e-01,4.932000000000000000e+04
4.797663746349603575e-01,4.933100000000000000e+04
4.801835627868168421e-01,4.940100000000000000e+04
4.806007509386733267e-01,4.943700000000000000e+04
4.810179390905298114e-01,4.945400000000000000e+04
4.814351272423862960e-01,4.956200000000000000e+04
4.818523153942427806e-01,4.963100000000000000e+04
4.822695035460992652e-01,4.973800000000000000e+04
4.826866916979557498e-01,4.974700000000000000e+04
4.831038798498122344e-01,4.981700000000000000e+04
4.835210680016687190e-01,4.990500000000000000e+04
4.839382561535252592e-01,4.997800000000000000e+04
4.843554443053817438e-01,4.999200000000000000e+04
4.847726324572382284e-01,5.001500000000000000e+04
4.851898206090947130e-01,5.007800000000000000e+04
4.856070087609511976e-01,5.015300000000000000e+04
4.860241969128076822e-01,5.015900000000000000e+04
4.864413850646641668e-01,5.016000000000000000e+04
4.868585732165206514e-01,5.020200000000000000e+04
4.872757613683771361e-01,5.021000000000000000e+04
4.876929495202336207e-01,5.028800000000000000e+04
4.881101376720901053e-01,5.029500000000000000e+04
4.885273258239465899e-01,5.048800000000000000e+04
4.889445139758030745e-01,5.067400000000000000e+04
4.893617021276595591e-01,5.079200000000000000e+04
4.897788902795160437e-01,5.086000000000000000e+04
4.901960784313725283e-01,5.087600000000000000e+04
4.906132665832290130e-01,5.090100000000000000e+04
4.910304547350854976e-01,5.090600000000000000e+04
4.914476428869419822e-01,5.092500000000000000e+04
4.918648310387984668e-01,5.096000000000000000e+04
4.922820191906549514e-01,5.096500000000000000e+04
4.926992073425114915e-01,5.105500000000000000e+04
4.931163954943679761e-01,5.106000000000000000e+04
4.935335836462244608e-01,5.120800000000000000e+04
4.939507717980809454e-01,5.122100000000000000e+04
4.943679599499374300e-01,5.145300000000000000e+04
4.947851481017939146e-01,5.147200000000000000e+04
4.952023362536503992e-01,5.178200000000000000e+04
4.956195244055068838e-01,5.193900000000000000e+04
4.960367125573633684e-01,5.195400000000000000e+04
4.964539007092198530e-01,5.196800000000000000e+04
4.968710888610763377e-01,5.198200000000000000e+04
4.972882770129328223e-01,5.244200000000000000e+04
4.977054651647893069e-01,5.259300000000000000e+04
4.981226533166457915e-01,5.272700000000000000e+04
4.985398414685022761e-01,5.282900000000000000e+04
4.989570296203587607e-01,5.289500000000000000e+04
4.993742177722152453e-01,5.297600000000000000e+04
4.997914059240717299e-01,5.307900000000000000e+04
5.002085940759282146e-01,5.345500000000000000e+04
5.006257822277847547e-01,5.355600000000000000e+04
5.010429703796411838e-01,5.362700000000000000e+04
5.014601585314977239e-01,5.368200000000000000e+04
5.018773466833541530e-01,5.381400000000000000e+04
5.022945348352106931e-01,5.397000000000000000e+04
5.027117229870671222e-01,5.402300000000000000e+04
5.031289111389236623e-01,5.405000000000000000e+04
5.035460992907800915e-01,5.418200000000000000e+04
5.039632874426366316e-01,5.420200000000000000e+04
5.043804755944930607e-01,5.424200000000000000e+04
5.047976637463496008e-01,5.431200000000000000e+04
5.052148518982060299e-01,5.468100000000000000e+04
5.056320400500625700e-01,5.473200000000000000e+04
5.060492282019191101e-01,5.478600000000000000e+04
5.064664163537755392e-01,5.480400000000000000e+04
5.068836045056320794e-01,5.490000000000000000e+04
5.073007926574885085e-01,5.497300000000000000e+04
5.077179808093450486e-01,5.510400000000000000e+04
5.081351689612014777e-01,5.516200000000000000e+04
5.085523571130580178e-01,5.526700000000000000e+04
5.089695452649144469e-01,5.528000000000000000e+04
5.093867334167709870e-01,5.531700000000000000e+04
5.098039215686274161e-01,5.540400000000000000e+04
5.102211097204839563e-01,5.541000000000000000e+04
5.106382978723403854e-01,5.544400000000000000e+04
5.110554860241969255e-01,5.556400000000000000e+04
5.114726741760533546e-01,5.570200000000000000e+04
5.118898623279098947e-01,5.579800000000000000e+04
5.123070504797663238e-01,5.597100000000000000e+04
5.127242386316228639e-01,5.617400000000000000e+04
5.131414267834792931e-01,5.618800000000000000e+04
5.135586149353358332e-01,5.625200000000000000e+04
5.139758030871922623e-01,5.648200000000000000e+04
5.143929912390488024e-01,5.654200000000000000e+04
5.148101793909053425e-01,5.663000000000000000e+04
5.152273675427617716e-01,5.680700000000000000e+04
5.156445556946183117e-01,5.686500000000000000e+04
5.160617438464747408e-01,5.705800000000000000e+04
5.164789319983312810e-01,5.707600000000000000e+04
5.168961201501877101e-01,5.710800000000000000e+04
5.173133083020442502e-01,5.720700000000000000e+04
5.177304964539006793e-01,5.748600000000000000e+04
5.181476846057572194e-01,5.750200000000000000e+04
5.185648727576136485e-01,5.753700000000000000e+04
5.189820609094701886e-01,5.757300000000000000e+04
5.193992490613266177e-01,5.761400000000000000e+04
5.198164372131831579e-01,5.773000000000000000e+04
5.202336253650395870e-01,5.775600000000000000e+04
5.206508135168961271e-01,5.789700000000000000e+04
5.210680016687525562e-01,5.791300000000000000e+04
5.214851898206090963e-01,5.794400000000000000e+04
5.219023779724655254e-01,5.817400000000000000e+04
5.223195661243220655e-01,5.821400000000000000e+04
5.227367542761784946e-01,5.830700000000000000e+04
5.231539424280350348e-01,5.846800000000000000e+04
5.235711305798915749e-01,5.851100000000000000e+04
5.239883187317480040e-01,5.857100000000000000e+04
5.244055068836045441e-01,5.861600000000000000e+04
5.248226950354609732e-01,5.873200000000000000e+04
5.252398831873175133e-01,5.876800000000000000e+04
5.256570713391739424e-01,5.889200000000000000e+04
5.260742594910304826e-01,5.890400000000000000e+04
5.264914476428869117e-01,5.892100000000000000e+04
5.269086357947434518e-01,5.902700000000000000e+04
5.273258239465998809e-01,5.905800000000000000e+04
5.277430120984564210e-01,5.912900000000000000e+04
5.281602002503128501e-01,5.916500000000000000e+04
5.285773884021693902e-01,5.916700000000000000e+04
5.289945765540258193e-01,5.940900000000000000e+04
5.294117647058823595e-01,5.949600000000000000e+04
5.298289528577387886e-01,5.953400000000000000e+04
5.302461410095953287e-01,5.955700000000000000e+04
5.306633291614517578e-01,5.961100000000000000e+04
5.310805173133082979e-01,5.966400000000000000e+04
5.314977054651647270e-01,5.968800000000000000e+04
5.319148936170212671e-01,5.976000000000000000e+04
5.323320817688778073e-01,5.978400000000000000e+04
5.327492699207342364e-01,5.988000000000000000e+04
5.331664580725907765e-01,6.003000000000000000e+04
5.335836462244472056e-01,6.014800000000000000e+04
5.340008343763037457e-01,6.021400000000000000e+04
5.344180225281601748e-01,6.057200000000000000e+04
5.348352106800167149e-01,6.062900000000000000e+04
5.352523988318731440e-01,6.064600000000000000e+04
5.356695869837296842e-01,6.068000000000000000e+04
5.360867751355861133e-01,6.083000000000000000e+04
5.365039632874426534e-01,6.093100000000000000e+04
5.369211514392990825e-01,6.114100000000000000e+04
5.373383395911556226e-01,6.134100000000000000e+04
5.377555277430120517e-01,6.139500000000000000e+04
5.381727158948685918e-01,6.170600000000000000e+04
5.385899040467250209e-01,6.218500000000000000e+04
5.390070921985815611e-01,6.221200000000000000e+04
5.394242803504379902e-01,6.239000000000000000e+04
5.398414685022945303e-01,6.241200000000000000e+04
5.402586566541509594e-01,6.257600000000000000e+04
5.406758448060074995e-01,6.265300000000000000e+04
5.410930329578640396e-01,6.278700000000000000e+04
5.415102211097204687e-01,6.284000000000000000e+04
5.419274092615770089e-01,6.287800000000000000e+04
5.423445974134334380e-01,6.290900000000000000e+04
5.427617855652899781e-01,6.297500000000000000e+04
5.431789737171464072e-01,6.298800000000000000e+04
5.435961618690029473e-01,6.311000000000000000e+04
5.440133500208593764e-01,6.326500000000000000e+04
5.444305381727159165e-01,6.326600000000000000e+04
5.448477263245723456e-01,6.331600000000000000e+04
5.452649144764288858e-01,6.334600000000000000e+04
5.456821026282853149e-01,6.334800000000000000e+04
5.460992907801418550e-01,6.338500000000000000e+04
5.465164789319982841e-01,6.345000000000000000e+04
5.469336670838548242e-01,6.353700000000000000e+04
5.473508552357112533e-01,6.354300000000000000e+04
5.477680433875677934e-01,6.384500000000000000e+04
5.481852315394242225e-01,6.403700000000000000e+04
5.486024196912807627e-01,6.424400000000000000e+04
5.490196078431371918e-01,6.435500000000000000e+04
5.494367959949937319e-01,6.444400000000000000e+04
5.498539841468502720e-01,6.456000000000000000e+04
5.502711722987067011e-01,6.458700000000000000e+04
5.506883604505632412e-01,6.491600000000000000e+04
5.511055486024196703e-01,6.506100000000000000e+04
5.515227367542762105e-01,6.506900000000000000e+04
5.519399249061326396e-01,6.509300000000000000e+04
5.523571130579891797e-01,6.514700000000000000e+04
5.527743012098456088e-01,6.517700000000000000e+04
5.531914893617021489e-01,6.527000000000000000e+04
5.536086775135585780e-01,6.529000000000000000e+04
5.540258656654151181e-01,6.570300000000000000e+04
5.544430538172715472e-01,6.615900000000000000e+04
5.548602419691280874e-01,6.655200000000000000e+04
5.552774301209845165e-01,6.660400000000000000e+04
5.556946182728410566e-01,6.672800000000000000e+04
5.561118064246974857e-01,6.676900000000000000e+04
5.565289945765540258e-01,6.697500000000000000e+04
5.569461827284104549e-01,6.711000000000000000e+04
5.573633708802669950e-01,6.734400000000000000e+04
5.577805590321234241e-01,6.759000000000000000e+04
5.581977471839799643e-01,6.791900000000000000e+04
5.586149353358365044e-01,6.803600000000000000e+04
5.590321234876929335e-01,6.818600000000000000e+04
5.594493116395494736e-01,6.845500000000000000e+04
5.598664997914059027e-01,6.846500000000000000e+04
5.602836879432624428e-01,6.858900000000000000e+04
5.607008760951188719e-01,6.934100000000000000e+04
5.611180642469754121e-01,6.950500000000000000e+04
5.615352523988318412e-01,6.966000000000000000e+04
5.619524405506883813e-01,6.971500000000000000e+04
5.623696287025448104e-01,6.982300000000000000e+04
5.627868168544013505e-01,7.050000000000000000e+04
5.632040050062577796e-01,7.059200000000000000e+04
5.636211931581143197e-01,7.078000000000000000e+04
5.640383813099707488e-01,7.087600000000000000e+04
5.644555694618272890e-01,7.092300000000000000e+04
5.648727576136837181e-01,7.118600000000000000e+04
5.652899457655402582e-01,7.127300000000000000e+04
5.657071339173966873e-01,7.135100000000000000e+04
5.661243220692532274e-01,7.143800000000000000e+04
5.665415102211096565e-01,7.157800000000000000e+04
5.669586983729661966e-01,7.162300000000000000e+04
5.673758865248227368e-01,7.167400000000000000e+04
5.677930746766791659e-01,7.168700000000000000e+04
5.682102628285357060e-01,7.176600000000000000e+04
5.686274509803921351e-01,7.185200000000000000e+04
5.690446391322486752e-01,7.204300000000000000e+04
5.694618272841051043e-01,7.220000000000000000e+04
5.698790154359616444e-01,7.223800000000000000e+04
5.702962035878180735e-01,7.230700000000000000e+04
5.707133917396746137e-01,7.231200000000000000e+04
5.711305798915310428e-01,7.239400000000000000e+04
5.715477680433875829e-01,7.272600000000000000e+04
5.719649561952440120e-01,7.277100000000000000e+04
5.723821443471005521e-01,7.319800000000000000e+04
5.727993324989569812e-01,7.335700000000000000e+04
5.732165206508135213e-01,7.348000000000000000e+04
5.736337088026699504e-01,7.352200000000000000e+04
5.740508969545264906e-01,7.357600000000000000e+04
5.744680851063829197e-01,7.358000000000000000e+04
5.748852732582394598e-01,7.363800000000000000e+04
5.753024614100958889e-01,7.383400000000000000e+04
5.757196495619524290e-01,7.394200000000000000e+04
5.761368377138089691e-01,7.423700000000000000e+04
5.765540258656653982e-01,7.458500000000000000e+04
5.769712140175219384e-01,7.474600000000000000e+04
5.773884021693783675e-01,7.496800000000000000e+04
5.778055903212349076e-01,7.509400000000000000e+04
5.782227784730913367e-01,7.512400000000000000e+04
5.786399666249478768e-01,7.517800000000000000e+04
5.790571547768043059e-01,7.539200000000000000e+04
5.794743429286608460e-01,7.540400000000000000e+04
5.798915310805172751e-01,7.553200000000000000e+04
5.803087192323738153e-01,7.557400000000000000e+04
5.807259073842302444e-01,7.558400000000000000e+04
5.811430955360867845e-01,7.597300000000000000e+04
5.815602836879432136e-01,7.604800000000000000e+04
5.819774718397997537e-01,7.605300000000000000e+04
5.823946599916561828e-01,7.610600000000000000e+04
5.828118481435127229e-01,7.626800000000000000e+04
5.832290362953691520e-01,7.650900000000000000e+04
5.836462244472256922e-01,7.669500000000000000e+04
5.840634125990821213e-01,7.711200000000000000e+04
5.844806007509386614e-01,7.727800000000000000e+04
5.848977889027952015e-01,7.744400000000000000e+04
5.853149770546516306e-01,7.754000000000000000e+04
5.857321652065081707e-01,7.764100000000000000e+04
5.861493533583645998e-01,7.773900000000000000e+04
5.865665415102211400e-01,7.778600000000000000e+04
5.869837296620775691e-01,7.810300000000000000e+04
5.874009178139341092e-01,7.835600000000000000e+04
5.878181059657905383e-01,7.840600000000000000e+04
5.882352941176470784e-01,7.845200000000000000e+04
5.886524822695035075e-01,7.869700000000000000e+04
5.890696704213600476e-01,7.875200000000000000e+04
5.894868585732164767e-01,7.877900000000000000e+04
5.899040467250730169e-01,7.883300000000000000e+04
5.903212348769294460e-01,7.893700000000000000e+04
5.907384230287859861e-01,7.902300000000000000e+04
5.911556111806424152e-01,7.921200000000000000e+04
5.915727993324989553e-01,7.933000000000000000e+04
5.919899874843553844e-01,7.937100000000000000e+04
5.924071756362119245e-01,7.955200000000000000e+04
5.928243637880683536e-01,7.963600000000000000e+04
5.932415519399248938e-01,8.018700000000000000e+04
5.936587400917814339e-01,8.031400000000000000e+04
5.940759282436378630e-01,8.074200000000000000e+04
5.944931163954944031e-01,8.082700000000000000e+04
5.949103045473508322e-01,8.087700000000000000e+04
5.953274926992073723e-01,8.095600000000000000e+04
5.957446808510638014e-01,8.199400000000000000e+04
5.961618690029203416e-01,8.204200000000000000e+04
5.965790571547767707e-01,8.216300000000000000e+04
5.969962453066333108e-01,8.258600000000000000e+04
5.974134334584897399e-01,8.264500000000000000e+04
5.978306216103462800e-01,8.282500000000000000e+04
5.982478097622027091e-01,8.308000000000000000e+04
5.986649979140592492e-01,8.322900000000000000e+04
5.990821860659156783e-01,8.371400000000000000e+04
5.994993742177722185e-01,8.374600000000000000e+04
5.999165623696286476e-01,8.375900000000000000e+04
6.003337505214851877e-01,8.376800000000000000e+04
6.007509386733416168e-01,8.381500000000000000e+04
6.011681268251981569e-01,8.392700000000000000e+04
6.015853149770546970e-01,8.398100000000000000e+04
6.020025031289111261e-01,8.398900000000000000e+04
6.024196912807676663e-01,8.399300000000000000e+04
6.028368794326240954e-01,8.408400000000000000e+04
6.032540675844806355e-01,8.414900000000000000e+04
6.036712557363370646e-01,8.420200000000000000e+04
6.040884438881936047e-01,8.427100000000000000e+04
6.045056320400500338e-01,8.429300000000000000e+04
6.049228201919065739e-01,8.465600000000000000e+04
6.053400083437630030e-01,8.466200000000000000e+04
6.057571964956195432e-01,8.482500000000000000e+04
6.061743846474759723e-01,8.500300000000000000e+04
6.065915727993325124e-01,8.504500000000000000e+04
6.070087609511889415e-01,8.519400000000000000e+04
6.074259491030454816e-01,8.530800000000000000e+04
6.078431372549019107e-01,8.536000000000000000e+04
6.082603254067584508e-01,8.545400000000000000e+04
6.086775135586148799e-01,8.555300000000000000e+04
6.090947017104714201e-01,8.558600000000000000e+04
6.095118898623278492e-01,8.568600000000000000e+04
6.099290780141843893e-01,8.590300000000000000e+04
6.103462661660409294e-01,8.592500000000000000e+04
6.107634543178973585e-01,8.625700000000000000e+04
6.111806424697538986e-01,8.634100000000000000e+04
6.115978306216103277e-01,8.643000000000000000e+04
6.120150187734668679e-01,8.658500000000000000e+04
6.124322069253232970e-01,8.667800000000000000e+04
6.128493950771798371e-01,8.673100000000000000e+04
6.132665832290362662e-01,8.704900000000000000e+04
6.136837713808928063e-01,8.710000000000000000e+04
6.141009595327492354e-01,8.715100000000000000e+04
6.145181476846057755e-01,8.718800000000000000e+04
6.149353358364622046e-01,8.754900000000000000e+04
6.153525239883187448e-01,8.757700000000000000e+04
6.157697121401751739e-01,8.758000000000000000e+04
6.161869002920317140e-01,8.758300000000000000e+04
6.166040884438881431e-01,8.762100000000000000e+04
6.170212765957446832e-01,8.777900000000000000e+04
6.174384647476011123e-01,8.780000000000000000e+04
6.178556528994576524e-01,8.834500000000000000e+04
6.182728410513140815e-01,8.842300000000000000e+04
6.186900292031706217e-01,8.845500000000000000e+04
6.191072173550271618e-01,8.863800000000000000e+04
6.195244055068835909e-01,8.866700000000000000e+04
6.199415936587401310e-01,8.937500000000000000e+04
6.203587818105965601e-01,8.960900000000000000e+04
6.207759699624531002e-01,8.965500000000000000e+04
6.211931581143095293e-01,9.011300000000000000e+04
6.216103462661660695e-01,9.017200000000000000e+04
6.220275344180224986e-01,9.061700000000000000e+04
6.224447225698790387e-01,9.066300000000000000e+04
6.228619107217354678e-01,9.098600000000000000e+04
6.232790988735920079e-01,9.136900000000000000e+04
6.236962870254484370e-01,9.151000000000000000e+04
6.241134751773049771e-01,9.157900000000000000e+04
6.245306633291614062e-01,9.185000000000000000e+04
6.249478514810179464e-01,9.198300000000000000e+04
6.253650396328743755e-01,9.218400000000000000e+04
6.257822277847309156e-01,9.222500000000000000e+04
6.261994159365873447e-01,9.227100000000000000e+04
6.266166040884438848e-01,9.252400000000000000e+04
6.270337922403003139e-01,9.277700000000000000e+04
6.274509803921568540e-01,9.289000000000000000e+04
6.278681685440133942e-01,9.321500000000000000e+04
6.282853566958698233e-01,9.327800000000000000e+04
6.287025448477263634e-01,9.337700000000000000e+04
6.291197329995827925e-01,9.339500000000000000e+04
6.295369211514393326e-01,9.356200000000000000e+04
6.299541093032957617e-01,9.360600000000000000e+04
6.303712974551523018e-01,9.362000000000000000e+04
6.307884856070087309e-01,9.380000000000000000e+04
6.312056737588652711e-01,9.391600000000000000e+04
6.316228619107217002e-01,9.398300000000000000e+04
6.320400500625782403e-01,9.416200000000000000e+04
6.324572382144346694e-01,9.418200000000000000e+04
6.328744263662912095e-01,9.426800000000000000e+04
6.332916145181476386e-01,9.427600000000000000e+04
6.337088026700041787e-01,9.441100000000000000e+04
6.341259908218606078e-01,9.464000000000000000e+04
6.345431789737171480e-01,9.481200000000000000e+04
6.349603671255735771e-01,9.498500000000000000e+04
6.353775552774301172e-01,9.505600000000000000e+04
6.357947434292865463e-01,9.511300000000000000e+04
6.362119315811430864e-01,9.566600000000000000e+04
6.366291197329996265e-01,9.620700000000000000e+04
6.370463078848560556e-01,9.663700000000000000e+04
6.374634960367125958e-01,9.667300000000000000e+04
6.378806841885690249e-01,9.680200000000000000e+04
6.382978723404255650e-01,9.706200000000000000e+04
6.387150604922819941e-01,9.709600000000000000e+04
6.391322486441385342e-01,9.717700000000000000e+04
6.395494367959949633e-01,9.729100000000000000e+04
6.399666249478515034e-01,9.732200000000000000e+04
6.403838130997079325e-01,9.745800000000000000e+04
6.408010012515644727e-01,9.757600000000000000e+04
6.412181894034209018e-01,9.780300000000000000e+04
6.416353775552774419e-01,9.783000000000000000e+04
6.420525657071338710e-01,9.822900000000000000e+04
6.424697538589904111e-01,9.824400000000000000e+04
6.428869420108468402e-01,9.835100000000000000e+04
6.433041301627033803e-01,9.836600000000000000e+04
6.437213183145598094e-01,9.855100000000000000e+04
6.441385064664163496e-01,9.948300000000000000e+04
6.445556946182727787e-01,9.962900000000000000e+04
6.449728827701293188e-01,9.974300000000000000e+04
6.453900709219858589e-01,1.001530000000000000e+05
6.458072590738422880e-01,1.002780000000000000e+05
6.462244472256988281e-01,1.007620000000000000e+05
6.466416353775552572e-01,1.009360000000000000e+05
6.470588235294117974e-01,1.009970000000000000e+05
6.474760116812682265e-01,1.011930000000000000e+05
6.478931998331247666e-01,1.020400000000000000e+05
6.483103879849811957e-01,1.023860000000000000e+05
6.487275761368377358e-01,1.024000000000000000e+05
6.491447642886941649e-01,1.031340000000000000e+05
6.495619524405507050e-01,1.031710000000000000e+05
6.499791405924071341e-01,1.032190000000000000e+05
6.503963287442636743e-01,1.032470000000000000e+05
6.508135168961201034e-01,1.034650000000000000e+05
6.512307050479766435e-01,1.037590000000000000e+05
6.516478931998330726e-01,1.038780000000000000e+05
6.520650813516896127e-01,1.039480000000000000e+05
6.524822695035460418e-01,1.041110000000000000e+05
6.528994576554025819e-01,1.043710000000000000e+05
6.533166458072590110e-01,1.051190000000000000e+05
6.537338339591155512e-01,1.054830000000000000e+05
6.541510221109720913e-01,1.056400000000000000e+05
6.545682102628285204e-01,1.057370000000000000e+05
6.549853984146850605e-01,1.059820000000000000e+05
6.554025865665414896e-01,1.062500000000000000e+05
6.558197747183980297e-01,1.062970000000000000e+05
6.562369628702544588e-01,1.063410000000000000e+05
6.566541510221109990e-01,1.065870000000000000e+05
6.570713391739674281e-01,1.070820000000000000e+05
6.574885273258239682e-01,1.072980000000000000e+05
6.579057154776803973e-01,1.073360000000000000e+05
6.583229036295369374e-01,1.075480000000000000e+05
6.587400917813933665e-01,1.076330000000000000e+05
6.591572799332499066e-01,1.076540000000000000e+05
6.595744680851063357e-01,1.078220000000000000e+05
6.599916562369628759e-01,1.078830000000000000e+05
6.604088443888193050e-01,1.080950000000000000e+05
6.608260325406758451e-01,1.088640000000000000e+05
6.612432206925322742e-01,1.089250000000000000e+05
6.616604088443888143e-01,1.095560000000000000e+05
6.620775969962452434e-01,1.096840000000000000e+05
6.624947851481017835e-01,1.099520000000000000e+05
6.629119732999583237e-01,1.101670000000000000e+05
6.633291614518147528e-01,1.108610000000000000e+05
6.637463496036712929e-01,1.108610000000000000e+05
6.641635377555277220e-01,1.108760000000000000e+05
6.645807259073842621e-01,1.114480000000000000e+05
6.649979140592406912e-01,1.118700000000000000e+05
6.654151022110972313e-01,1.119430000000000000e+05
6.658322903629536604e-01,1.120180000000000000e+05
6.662494785148102006e-01,1.124370000000000000e+05
6.666666666666666297e-01,1.127250000000000000e+05
6.670838548185231698e-01,1.127310000000000000e+05
6.675010429703795989e-01,1.127460000000000000e+05
6.679182311222361390e-01,1.129520000000000000e+05
6.683354192740925681e-01,1.135100000000000000e+05
6.687526074259491082e-01,1.136010000000000000e+05
6.691697955778055373e-01,1.141470000000000000e+05
6.695869837296620775e-01,1.142130000000000000e+05
6.700041718815185066e-01,1.143070000000000000e+05
6.704213600333750467e-01,1.146070000000000000e+05
6.708385481852314758e-01,1.146110000000000000e+05
6.712557363370880159e-01,1.146230000000000000e+05
6.716729244889445560e-01,1.150220000000000000e+05
6.720901126408009851e-01,1.153470000000000000e+05
6.725073007926575253e-01,1.154660000000000000e+05
6.729244889445139544e-01,1.157370000000000000e+05
6.733416770963704945e-01,1.161500000000000000e+05
6.737588652482269236e-01,1.162710000000000000e+05
6.741760534000834637e-01,1.167140000000000000e+05
6.745932415519398928e-01,1.168680000000000000e+05
6.750104297037964329e-01,1.169080000000000000e+05
6.754276178556528620e-01,1.172590000000000000e+05
6.758448060075094022e-01,1.173130000000000000e+05
6.762619941593658313e-01,1.175470000000000000e+05
6.766791823112223714e-01,1.181080000000000000e+05
6.770963704630788005e-01,1.189010000000000000e+05
6.775135586149353406e-01,1.189020000000000000e+05
6.779307467667917697e-01,1.190180000000000000e+05
6.783479349186483098e-01,1.192110000000000000e+05
6.787651230705047389e-01,1.193000000000000000e+05
6.791823112223612791e-01,1.194350000000000000e+05
6.795994993742177082e-01,1.197030000000000000e+05
6.800166875260742483e-01,1.199460000000000000e+05
6.804338756779307884e-01,1.199760000000000000e+05
6.808510638297872175e-01,1.202860000000000000e+05
6.812682519816437576e-01,1.204830000000000000e+05
6.816854401335001867e-01,1.209310000000000000e+05
6.821026282853567269e-01,1.217070000000000000e+05
6.825198164372131560e-01,1.217090000000000000e+05
6.829370045890696961e-01,1.219210000000000000e+05
6.833541927409261252e-01,1.219440000000000000e+05
6.837713808927826653e-01,1.219500000000000000e+05
6.841885690446390944e-01,1.221810000000000000e+05
6.846057571964956345e-01,1.224120000000000000e+05
6.850229453483520636e-01,1.225760000000000000e+05
6.854401335002086038e-01,1.229580000000000000e+05
6.858573216520650329e-01,1.230070000000000000e+05
6.862745098039215730e-01,1.230470000000000000e+05
6.866916979557780021e-01,1.230850000000000000e+05
6.871088861076345422e-01,1.231470000000000000e+05
6.875260742594909713e-01,1.234110000000000000e+05
6.879432624113475114e-01,1.237120000000000000e+05
6.883604505632039405e-01,1.238890000000000000e+05
6.887776387150604807e-01,1.239220000000000000e+05
6.891948268669170208e-01,1.243000000000000000e+05
6.896120150187734499e-01,1.243630000000000000e+05
6.900292031706299900e-01,1.249230000000000000e+05
6.904463913224864191e-01,1.249990000000000000e+05
6.908635794743429592e-01,1.251320000000000000e+05
6.912807676261993883e-01,1.252290000000000000e+05
6.916979557780559285e-01,1.257070000000000000e+05
6.921151439299123576e-01,1.257490000000000000e+05
6.925323320817688977e-01,1.258000000000000000e+05
6.929495202336253268e-01,1.264010000000000000e+05
6.933667083854818669e-01,1.264330000000000000e+05
6.937838965373382960e-01,1.270870000000000000e+05
6.942010846891948361e-01,1.275480000000000000e+05
6.946182728410512652e-01,1.279920000000000000e+05
6.950354609929078054e-01,1.282880000000000000e+05
6.954526491447642345e-01,1.290120000000000000e+05
6.958698372966207746e-01,1.293440000000000000e+05
6.962870254484772037e-01,1.293790000000000000e+05
6.967042136003337438e-01,1.294100000000000000e+05
6.971214017521901729e-01,1.295360000000000000e+05
6.975385899040467130e-01,1.296340000000000000e+05
6.979557780559032532e-01,1.297890000000000000e+05
6.983729662077596823e-01,1.300140000000000000e+05
6.987901543596162224e-01,1.300240000000000000e+05
6.992073425114726515e-01,1.302350000000000000e+05
6.996245306633291916e-01,1.302900000000000000e+05
7.000417188151856207e-01,1.304420000000000000e+05
7.004589069670421608e-01,1.307720000000000000e+05
7.008760951188985899e-01,1.311520000000000000e+05
7.012932832707551301e-01,1.312410000000000000e+05
7.017104714226115592e-01,1.313100000000000000e+05
7.021276595744680993e-01,1.316020000000000000e+05
7.025448477263245284e-01,1.317620000000000000e+05
7.029620358781810685e-01,1.322210000000000000e+05
7.033792240300374976e-01,1.325070000000000000e+05
7.037964121818940377e-01,1.331270000000000000e+05
7.042136003337504668e-01,1.333890000000000000e+05
7.046307884856070070e-01,1.340490000000000000e+05
7.050479766374634361e-01,1.340720000000000000e+05
7.054651647893199762e-01,1.343860000000000000e+05
7.058823529411764053e-01,1.349840000000000000e+05
7.062995410930329454e-01,1.350430000000000000e+05
7.067167292448894855e-01,1.355570000000000000e+05
7.071339173967459146e-01,1.361410000000000000e+05
7.075511055486024548e-01,1.364930000000000000e+05
7.079682937004588839e-01,1.365550000000000000e+05
7.083854818523154240e-01,1.370240000000000000e+05
7.088026700041718531e-01,1.372700000000000000e+05
7.092198581560283932e-01,1.374790000000000000e+05
7.096370463078848223e-01,1.376420000000000000e+05
7.100542344597413624e-01,1.376730000000000000e+05
7.104714226115977915e-01,1.391120000000000000e+05
7.108886107634543317e-01,1.393000000000000000e+05
7.113057989153107608e-01,1.397090000000000000e+05
7.117229870671673009e-01,1.408100000000000000e+05
7.121401752190237300e-01,1.411340000000000000e+05
7.125573633708802701e-01,1.416040000000000000e+05
7.129745515227366992e-01,1.428570000000000000e+05
7.133917396745932393e-01,1.430520000000000000e+05
7.138089278264496684e-01,1.430560000000000000e+05
7.142261159783062086e-01,1.434010000000000000e+05
7.146433041301626377e-01,1.438110000000000000e+05
7.150604922820191778e-01,1.438260000000000000e+05
7.154776804338757179e-01,1.444270000000000000e+05
7.158948685857321470e-01,1.446500000000000000e+05
7.163120567375886871e-01,1.450240000000000000e+05
7.167292448894451162e-01,1.451320000000000000e+05
7.171464330413016564e-01,1.453100000000000000e+05
7.175636211931580855e-01,1.460880000000000000e+05
7.179808093450146256e-01,1.461970000000000000e+05
7.183979974968710547e-01,1.463250000000000000e+05
7.188151856487275948e-01,1.469500000000000000e+05
7.192323738005840239e-01,1.472420000000000000e+05
7.196495619524405640e-01,1.473250000000000000e+05
7.200667501042969931e-01,1.473940000000000000e+05
7.204839382561535333e-01,1.480700000000000000e+05
7.209011264080099624e-01,1.498110000000000000e+05
7.213183145598665025e-01,1.503990000000000000e+05
7.217355027117229316e-01,1.510200000000000000e+05
7.221526908635794717e-01,1.514810000000000000e+05
7.225698790154359008e-01,1.516250000000000000e+05
7.229870671672924409e-01,1.522300000000000000e+05
7.234042553191488700e-01,1.522520000000000000e+05
7.238214434710054102e-01,1.522980000000000000e+05
7.242386316228619503e-01,1.526310000000000000e+05
7.246558197747183794e-01,1.532980000000000000e+05
7.250730079265749195e-01,1.540020000000000000e+05
7.254901960784313486e-01,1.543670000000000000e+05
7.259073842302878887e-01,1.545160000000000000e+05
7.263245723821443178e-01,1.548980000000000000e+05
7.267417605340008580e-01,1.556000000000000000e+05
7.271589486858572871e-01,1.561740000000000000e+05
7.275761368377138272e-01,1.572150000000000000e+05
7.279933249895702563e-01,1.573190000000000000e+05
7.284105131414267964e-01,1.579470000000000000e+05
7.288277012932832255e-01,1.586980000000000000e+05
7.292448894451397656e-01,1.592940000000000000e+05
7.296620775969961947e-01,1.593190000000000000e+05
7.300792657488527349e-01,1.595250000000000000e+05
7.304964539007091640e-01,1.596480000000000000e+05
7.309136420525657041e-01,1.600950000000000000e+05
7.313308302044221332e-01,1.607410000000000000e+05
7.317480183562786733e-01,1.613820000000000000e+05
7.321652065081351024e-01,1.616140000000000000e+05
7.325823946599916425e-01,1.616910000000000000e+05
7.329995828118481827e-01,1.623480000000000000e+05
7.334167709637046118e-01,1.624720000000000000e+05
7.338339591155611519e-01,1.624770000000000000e+05
7.342511472674175810e-01,1.629030000000000000e+05
7.346683354192741211e-01,1.637060000000000000e+05
7.350855235711305502e-01,1.637920000000000000e+05
7.355027117229870903e-01,1.641620000000000000e+05
7.359198998748435194e-01,1.644870000000000000e+05
7.363370880267000596e-01,1.645570000000000000e+05
7.367542761785564887e-01,1.646090000000000000e+05
7.371714643304130288e-01,1.649640000000000000e+05
7.375886524822694579e-01,1.657230000000000000e+05
7.380058406341259980e-01,1.665680000000000000e+05
7.384230287859824271e-01,1.666210000000000000e+05
7.388402169378389672e-01,1.666990000000000000e+05
7.392574050896953963e-01,1.668690000000000000e+05
7.396745932415519365e-01,1.671250000000000000e+05
7.400917813934083656e-01,1.672170000000000000e+05
7.405089695452649057e-01,1.673710000000000000e+05
7.409261576971213348e-01,1.675180000000000000e+05
7.413433458489778749e-01,1.677050000000000000e+05
7.417605340008344150e-01,1.681750000000000000e+05
7.421777221526908441e-01,1.686860000000000000e+05
7.425949103045473842e-01,1.687010000000000000e+05
7.430120984564038134e-01,1.691140000000000000e+05
7.434292866082603535e-01,1.698830000000000000e+05
7.438464747601167826e-01,1.699590000000000000e+05
7.442636629119733227e-01,1.701450000000000000e+05
7.446808510638297518e-01,1.701630000000000000e+05
7.450980392156862919e-01,1.701840000000000000e+05
7.455152273675427210e-01,1.705390000000000000e+05
7.459324155193992612e-01,1.705780000000000000e+05
7.463496036712556903e-01,1.726880000000000000e+05
7.467667918231122304e-01,1.736310000000000000e+05
7.471839799749686595e-01,1.747540000000000000e+05
7.476011681268251996e-01,1.747600000000000000e+05
7.480183562786816287e-01,1.751320000000000000e+05
7.484355444305381688e-01,1.752990000000000000e+05
7.488527325823945979e-01,1.760100000000000000e+05
7.492699207342511381e-01,1.760800000000000000e+05
7.496871088861075672e-01,1.770400000000000000e+05
7.501042970379641073e-01,1.777460000000000000e+05
7.505214851898206474e-01,1.785980000000000000e+05
7.509386733416770765e-01,1.786440000000000000e+05
7.513558614935336166e-01,1.788400000000000000e+05
7.517730496453900457e-01,1.795700000000000000e+05
7.521902377972465858e-01,1.795830000000000000e+05
7.526074259491030150e-01,1.796080000000000000e+05
7.530246141009595551e-01,1.805210000000000000e+05
7.534418022528159842e-01,1.811680000000000000e+05
7.538589904046725243e-01,1.814320000000000000e+05
7.542761785565289534e-01,1.815460000000000000e+05
7.546933667083854935e-01,1.816750000000000000e+05
7.551105548602419226e-01,1.817560000000000000e+05
7.555277430120984627e-01,1.822480000000000000e+05
7.559449311639548919e-01,1.823310000000000000e+05
7.563621193158114320e-01,1.833290000000000000e+05
7.567793074676678611e-01,1.835170000000000000e+05
7.571964956195244012e-01,1.838630000000000000e+05
7.576136837713808303e-01,1.843530000000000000e+05
7.580308719232373704e-01,1.848890000000000000e+05
7.584480600750937995e-01,1.859200000000000000e+05
7.588652482269503396e-01,1.860140000000000000e+05
7.592824363788068798e-01,1.863140000000000000e+05
7.596996245306633089e-01,1.863200000000000000e+05
7.601168126825198490e-01,1.863720000000000000e+05
7.605340008343762781e-01,1.864430000000000000e+05
7.609511889862328182e-01,1.865610000000000000e+05
7.613683771380892473e-01,1.866420000000000000e+05
7.617855652899457874e-01,1.871100000000000000e+05
7.622027534418022165e-01,1.876030000000000000e+05
7.626199415936587567e-01,1.883120000000000000e+05
7.630371297455151858e-01,1.884940000000000000e+05
7.634543178973717259e-01,1.902320000000000000e+05
7.638715060492281550e-01,1.903890000000000000e+05
7.642886942010846951e-01,1.906080000000000000e+05
7.647058823529411242e-01,1.907860000000000000e+05
7.651230705047976643e-01,1.911610000000000000e+05
7.655402586566540934e-01,1.917710000000000000e+05
7.659574468085106336e-01,1.924940000000000000e+05
7.663746349603670627e-01,1.925090000000000000e+05
7.667918231122236028e-01,1.932610000000000000e+05
7.672090112640800319e-01,1.936240000000000000e+05
7.676261994159365720e-01,1.937120000000000000e+05
7.680433875677931121e-01,1.939020000000000000e+05
7.684605757196495412e-01,1.940740000000000000e+05
7.688777638715060814e-01,1.946320000000000000e+05
7.692949520233625105e-01,1.955180000000000000e+05
7.697121401752190506e-01,1.956560000000000000e+05
7.701293283270754797e-01,1.960930000000000000e+05
7.705465164789320198e-01,1.963440000000000000e+05
7.709637046307884489e-01,1.964170000000000000e+05
7.713808927826449890e-01,1.966540000000000000e+05
7.717980809345014181e-01,1.973630000000000000e+05
7.722152690863579583e-01,1.976000000000000000e+05
7.726324572382143874e-01,1.980770000000000000e+05
7.730496453900709275e-01,1.989690000000000000e+05
7.734668335419273566e-01,1.994640000000000000e+05
7.738840216937838967e-01,1.995120000000000000e+05
7.743012098456403258e-01,2.003510000000000000e+05
7.747183979974968659e-01,2.007160000000000000e+05
7.751355861493532950e-01,2.008220000000000000e+05
7.755527743012098352e-01,2.011730000000000000e+05
7.759699624530663753e-01,2.020090000000000000e+05
7.763871506049228044e-01,2.022480000000000000e+05
7.768043387567793445e-01,2.024210000000000000e+05
7.772215269086357736e-01,2.027740000000000000e+05
7.776387150604923137e-01,2.034270000000000000e+05
7.780559032123487428e-01,2.036360000000000000e+05
7.784730913642052830e-01,2.038900000000000000e+05
7.788902795160617121e-01,2.041560000000000000e+05
7.793074676679182522e-01,2.042500000000000000e+05
7.797246558197746813e-01,2.048610000000000000e+05
7.801418439716312214e-01,2.059100000000000000e+05
7.805590321234876505e-01,2.062820000000000000e+05
7.809762202753441906e-01,2.065140000000000000e+05
7.813934084272006197e-01,2.066430000000000000e+05
7.818105965790571599e-01,2.066710000000000000e+05
7.822277847309135890e-01,2.072960000000000000e+05
7.826449728827701291e-01,2.073220000000000000e+05
7.830621610346265582e-01,2.076520000000000000e+05
7.834793491864830983e-01,2.090440000000000000e+05
7.838965373383395274e-01,2.090960000000000000e+05
7.843137254901960675e-01,2.092640000000000000e+05
7.847309136420526077e-01,2.096030000000000000e+05
7.851481017939090368e-01,2.102990000000000000e+05
7.855652899457655769e-01,2.105970000000000000e+05
7.859824780976220060e-01,2.106380000000000000e+05
7.863996662494785461e-01,2.110650000000000000e+05
7.868168544013349752e-01,2.111790000000000000e+05
7.872340425531915153e-01,2.117460000000000000e+05
7.876512307050479444e-01,2.122510000000000000e+05
7.880684188569044846e-01,2.128170000000000000e+05
7.884856070087609137e-01,2.129220000000000000e+05
7.889027951606174538e-01,2.138010000000000000e+05
7.893199833124738829e-01,2.148010000000000000e+05
7.897371714643304230e-01,2.149480000000000000e+05
7.901543596161868521e-01,2.159730000000000000e+05
7.905715477680433922e-01,2.161900000000000000e+05
7.909887359198998213e-01,2.162090000000000000e+05
7.914059240717563615e-01,2.166240000000000000e+05
7.918231122236127906e-01,2.175580000000000000e+05
7.922403003754693307e-01,2.183700000000000000e+05
7.926574885273257598e-01,2.187580000000000000e+05
7.930746766791822999e-01,2.202190000000000000e+05
7.934918648310388400e-01,2.208070000000000000e+05
7.939090529828952691e-01,2.208450000000000000e+05
7.943262411347518093e-01,2.211410000000000000e+05
7.947434292866082384e-01,2.215350000000000000e+05
7.951606174384647785e-01,2.217910000000000000e+05
7.955778055903212076e-01,2.218710000000000000e+05
7.959949937421777477e-01,2.220130000000000000e+05
7.964121818940341768e-01,2.235600000000000000e+05
7.968293700458907169e-01,2.253080000000000000e+05
7.972465581977471460e-01,2.272010000000000000e+05
7.976637463496036862e-01,2.282450000000000000e+05
7.980809345014601153e-01,2.288550000000000000e+05
7.984981226533166554e-01,2.291280000000000000e+05
7.989153108051730845e-01,2.291390000000000000e+05
7.993324989570296246e-01,2.300010000000000000e+05
7.997496871088860537e-01,2.301790000000000000e+05
8.001668752607425938e-01,2.312480000000000000e+05
8.005840634125990229e-01,2.312750000000000000e+05
8.010012515644555631e-01,2.313560000000000000e+05
8.014184397163119922e-01,2.336130000000000000e+05
8.018356278681685323e-01,2.342200000000000000e+05
8.022528160200250724e-01,2.343450000000000000e+05
8.026700041718815015e-01,2.349690000000000000e+05
8.030871923237380416e-01,2.355710000000000000e+05
8.035043804755944707e-01,2.367990000000000000e+05
8.039215686274510109e-01,2.373210000000000000e+05
8.043387567793074400e-01,2.401150000000000000e+05
8.047559449311639801e-01,2.401320000000000000e+05
8.051731330830204092e-01,2.406450000000000000e+05
8.055903212348769493e-01,2.421570000000000000e+05
8.060075093867333784e-01,2.423800000000000000e+05
8.064246975385899185e-01,2.436770000000000000e+05
8.068418856904463476e-01,2.437740000000000000e+05
8.072590738423028878e-01,2.447970000000000000e+05
8.076762619941593169e-01,2.465680000000000000e+05
8.080934501460158570e-01,2.467130000000000000e+05
8.085106382978722861e-01,2.467960000000000000e+05
8.089278264497288262e-01,2.473080000000000000e+05
8.093450146015852553e-01,2.479690000000000000e+05
8.097622027534417954e-01,2.480820000000000000e+05
8.101793909052982245e-01,2.502290000000000000e+05
8.105965790571547647e-01,2.526730000000000000e+05
8.110137672090113048e-01,2.534250000000000000e+05
8.114309553608677339e-01,2.535820000000000000e+05
8.118481435127242740e-01,2.538720000000000000e+05
8.122653316645807031e-01,2.544190000000000000e+05
8.126825198164372432e-01,2.545080000000000000e+05
8.130997079682936723e-01,2.560110000000000000e+05
8.135168961201502125e-01,2.562070000000000000e+05
8.139340842720066416e-01,2.564300000000000000e+05
8.143512724238631817e-01,2.565450000000000000e+05
8.147684605757196108e-01,2.566070000000000000e+05
8.151856487275761509e-01,2.581060000000000000e+05
8.156028368794325800e-01,2.596470000000000000e+05
8.160200250312891201e-01,2.596700000000000000e+05
8.164372131831455492e-01,2.622910000000000000e+05
8.168544013350020894e-01,2.635710000000000000e+05
8.172715894868585185e-01,2.637700000000000000e+05
8.176887776387150586e-01,2.644020000000000000e+05
8.181059657905714877e-01,2.654850000000000000e+05
8.185231539424280278e-01,2.656510000000000000e+05
8.189403420942844569e-01,2.668890000000000000e+05
8.193575302461409970e-01,2.669360000000000000e+05
8.197747183979975372e-01,2.676940000000000000e+05
8.201919065498539663e-01,2.701510000000000000e+05
8.206090947017105064e-01,2.713130000000000000e+05
8.210262828535669355e-01,2.713600000000000000e+05
8.214434710054234756e-01,2.713950000000000000e+05
8.218606591572799047e-01,2.719620000000000000e+05
8.222778473091364448e-01,2.720320000000000000e+05
8.226950354609928739e-01,2.755710000000000000e+05
8.231122236128494141e-01,2.763520000000000000e+05
8.235294117647058432e-01,2.765740000000000000e+05
8.239465999165623833e-01,2.776110000000000000e+05
8.243637880684188124e-01,2.781200000000000000e+05
8.247809762202753525e-01,2.787430000000000000e+05
8.251981643721317816e-01,2.796280000000000000e+05
8.256153525239883217e-01,2.818630000000000000e+05
8.260325406758447508e-01,2.860330000000000000e+05
8.264497288277012910e-01,2.865570000000000000e+05
8.268669169795577201e-01,2.871070000000000000e+05
8.272841051314142602e-01,2.872990000000000000e+05
8.277012932832706893e-01,2.885610000000000000e+05
8.281184814351272294e-01,2.894660000000000000e+05
8.285356695869837695e-01,2.897050000000000000e+05
8.289528577388401986e-01,2.909550000000000000e+05
8.293700458906967388e-01,2.920870000000000000e+05
8.297872340425531679e-01,2.924020000000000000e+05
8.302044221944097080e-01,2.927890000000000000e+05
8.306216103462661371e-01,2.931700000000000000e+05
8.310387984981226772e-01,2.941110000000000000e+05
8.314559866499791063e-01,2.944240000000000000e+05
8.318731748018356464e-01,2.948990000000000000e+05
8.322903629536920755e-01,2.951490000000000000e+05
8.327075511055486157e-01,2.957210000000000000e+05
8.331247392574050448e-01,2.960880000000000000e+05
8.335419274092615849e-01,2.963650000000000000e+05
8.339591155611180140e-01,2.990510000000000000e+05
8.343763037129745541e-01,2.995880000000000000e+05
8.347934918648309832e-01,2.996070000000000000e+05
8.352106800166875233e-01,2.996680000000000000e+05
8.356278681685439524e-01,3.015340000000000000e+05
8.360450563204004926e-01,3.018020000000000000e+05
8.364622444722569217e-01,3.047480000000000000e+05
8.368794326241134618e-01,3.052050000000000000e+05
8.372966207759700019e-01,3.059900000000000000e+05
8.377138089278264310e-01,3.069710000000000000e+05
8.381309970796829711e-01,3.069820000000000000e+05
8.385481852315394002e-01,3.080700000000000000e+05
8.389653733833959404e-01,3.084810000000000000e+05
8.393825615352523695e-01,3.086970000000000000e+05
8.397997496871089096e-01,3.087250000000000000e+05
8.402169378389653387e-01,3.090890000000000000e+05
8.406341259908218788e-01,3.105940000000000000e+05
8.410513141426783079e-01,3.109700000000000000e+05
8.414685022945348480e-01,3.122460000000000000e+05
8.418856904463912771e-01,3.127330000000000000e+05
8.423028785982478173e-01,3.131140000000000000e+05
8.427200667501042464e-01,3.133400000000000000e+05
8.431372549019607865e-01,3.144990000000000000e+05
8.435544430538172156e-01,3.149140000000000000e+05
8.439716312056737557e-01,3.157800000000000000e+05
8.443888193575301848e-01,3.159950000000000000e+05
8.448060075093867249e-01,3.167290000000000000e+05
8.452231956612431540e-01,3.197180000000000000e+05
8.456403838130996942e-01,3.201590000000000000e+05
8.460575719649562343e-01,3.206870000000000000e+05
8.464747601168126634e-01,3.239410000000000000e+05
8.468919482686692035e-01,3.249030000000000000e+05
8.473091364205256326e-01,3.251250000000000000e+05
8.477263245723821727e-01,3.260940000000000000e+05
8.481435127242386018e-01,3.300980000000000000e+05
8.485607008760951420e-01,3.312940000000000000e+05
8.489778890279515711e-01,3.313610000000000000e+05
8.493950771798081112e-01,3.324080000000000000e+05
8.498122653316645403e-01,3.339510000000000000e+05
8.502294534835210804e-01,3.344280000000000000e+05
8.506466416353775095e-01,3.358580000000000000e+05
8.510638297872340496e-01,3.363520000000000000e+05
8.514810179390904787e-01,3.366760000000000000e+05
8.518982060909470189e-01,3.368430000000000000e+05
8.523153942428034480e-01,3.381020000000000000e+05
8.527325823946599881e-01,3.389730000000000000e+05
8.531497705465164172e-01,3.407140000000000000e+05
8.535669586983729573e-01,3.427540000000000000e+05
8.539841468502293864e-01,3.440780000000000000e+05
8.544013350020859265e-01,3.450070000000000000e+05
8.548185231539424667e-01,3.450160000000000000e+05
8.552357113057988958e-01,3.465110000000000000e+05
8.556528994576554359e-01,3.488390000000000000e+05
8.560700876095118650e-01,3.599000000000000000e+05
8.564872757613684051e-01,3.614730000000000000e+05
8.569044639132248342e-01,3.615240000000000000e+05
8.573216520650813743e-01,3.635440000000000000e+05
8.577388402169378034e-01,3.640370000000000000e+05
8.581560283687943436e-01,3.646630000000000000e+05
8.585732165206507727e-01,3.662260000000000000e+05
8.589904046725073128e-01,3.667660000000000000e+05
8.594075928243637419e-01,3.667790000000000000e+05
8.598247809762202820e-01,3.672460000000000000e+05
8.602419691280767111e-01,3.678630000000000000e+05
8.606591572799332512e-01,3.687750000000000000e+05
8.610763454317896803e-01,3.692690000000000000e+05
8.614935335836462205e-01,3.697580000000000000e+05
8.619107217355026496e-01,3.701720000000000000e+05
8.623279098873591897e-01,3.717990000000000000e+05
8.627450980392156188e-01,3.718900000000000000e+05
8.631622861910721589e-01,3.718960000000000000e+05
8.635794743429286990e-01,3.723370000000000000e+05
8.639966624947851281e-01,3.735640000000000000e+05
8.644138506466416683e-01,3.740370000000000000e+05
8.648310387984980974e-01,3.743490000000000000e+05
8.652482269503546375e-01,3.744000000000000000e+05
8.656654151022110666e-01,3.745030000000000000e+05
8.660826032540676067e-01,3.747580000000000000e+05
8.664997914059240358e-01,3.758160000000000000e+05
8.669169795577805759e-01,3.780580000000000000e+05
8.673341677096370050e-01,3.801300000000000000e+05
8.677513558614935452e-01,3.801920000000000000e+05
8.681685440133499743e-01,3.807590000000000000e+05
8.685857321652065144e-01,3.822570000000000000e+05
8.690029203170629435e-01,3.826610000000000000e+05
8.694201084689194836e-01,3.829440000000000000e+05
8.698372966207759127e-01,3.832740000000000000e+05
8.702544847726324528e-01,3.850310000000000000e+05
8.706716729244888819e-01,3.855580000000000000e+05
8.710888610763454221e-01,3.887130000000000000e+05
8.715060492282018512e-01,3.891570000000000000e+05
8.719232373800583913e-01,3.892900000000000000e+05
8.723404255319149314e-01,3.895840000000000000e+05
8.727576136837713605e-01,3.900300000000000000e+05
8.731748018356279006e-01,3.930280000000000000e+05
8.735919899874843297e-01,3.971860000000000000e+05
8.740091781393408699e-01,3.989770000000000000e+05
8.744263662911972990e-01,3.991020000000000000e+05
8.748435544430538391e-01,4.005340000000000000e+05
8.752607425949102682e-01,4.010820000000000000e+05
8.756779307467668083e-01,4.023400000000000000e+05
8.760951188986232374e-01,4.048250000000000000e+05
8.765123070504797775e-01,4.056970000000000000e+05
8.769294952023362066e-01,4.067600000000000000e+05
8.773466833541927468e-01,4.075050000000000000e+05
8.777638715060491759e-01,4.082910000000000000e+05
8.781810596579057160e-01,4.103880000000000000e+05
8.785982478097621451e-01,4.111360000000000000e+05
8.790154359616186852e-01,4.121100000000000000e+05
8.794326241134751143e-01,4.124090000000000000e+05
8.798498122653316544e-01,4.156050000000000000e+05
8.802670004171880835e-01,4.165470000000000000e+05
8.806841885690446237e-01,4.188840000000000000e+05
8.811013767209011638e-01,4.191220000000000000e+05
8.815185648727575929e-01,4.216340000000000000e+05
8.819357530246141330e-01,4.221910000000000000e+05
8.823529411764705621e-01,4.223320000000000000e+05
8.827701293283271022e-01,4.257240000000000000e+05
8.831873174801835313e-01,4.286140000000000000e+05
8.836045056320400715e-01,4.296910000000000000e+05
8.840216937838965006e-01,4.307760000000000000e+05
8.844388819357530407e-01,4.344940000000000000e+05
8.848560700876094698e-01,4.356480000000000000e+05
8.852732582394660099e-01,4.415410000000000000e+05
8.856904463913224390e-01,4.417810000000000000e+05
8.861076345431789791e-01,4.431270000000000000e+05
8.865248226950354082e-01,4.447960000000000000e+05
8.869420108468919484e-01,4.468370000000000000e+05
8.873591989987483775e-01,4.474420000000000000e+05
8.877763871506049176e-01,4.483480000000000000e+05
8.881935753024613467e-01,4.500500000000000000e+05
8.886107634543178868e-01,4.504340000000000000e+05
8.890279516061743159e-01,4.510720000000000000e+05
8.894451397580308560e-01,4.526290000000000000e+05
8.898623279098873962e-01,4.526430000000000000e+05
8.902795160617438253e-01,4.528790000000000000e+05
8.906967042136003654e-01,4.532550000000000000e+05
8.911138923654567945e-01,4.554320000000000000e+05
8.915310805173133346e-01,4.567670000000000000e+05
8.919482686691697637e-01,4.574410000000000000e+05
8.923654568210263038e-01,4.575930000000000000e+05
8.927826449728827329e-01,4.586810000000000000e+05
8.931998331247392731e-01,4.603370000000000000e+05
8.936170212765957022e-01,4.607690000000000000e+05
8.940342094284522423e-01,4.610090000000000000e+05
8.944513975803086714e-01,4.613450000000000000e+05
8.948685857321652115e-01,4.624390000000000000e+05
8.952857738840216406e-01,4.661210000000000000e+05
8.957029620358781807e-01,4.666290000000000000e+05
8.961201501877346098e-01,4.677070000000000000e+05
8.965373383395911500e-01,4.688460000000000000e+05
8.969545264914475791e-01,4.696750000000000000e+05
8.973717146433041192e-01,4.698410000000000000e+05
8.977889027951605483e-01,4.718240000000000000e+05
8.982060909470170884e-01,4.718320000000000000e+05
8.986232790988736285e-01,4.732310000000000000e+05
8.990404672507300576e-01,4.756950000000000000e+05
8.994576554025865978e-01,4.767370000000000000e+05
8.998748435544430269e-01,4.769520000000000000e+05
9.002920317062995670e-01,4.800400000000000000e+05
9.007092198581559961e-01,4.823720000000000000e+05
9.011264080100125362e-01,4.870780000000000000e+05
9.015435961618689653e-01,4.875670000000000000e+05
9.019607843137255054e-01,4.882890000000000000e+05
9.023779724655819345e-01,4.922390000000000000e+05
9.027951606174384747e-01,4.922580000000000000e+05
9.032123487692949038e-01,4.953690000000000000e+05
9.036295369211514439e-01,4.967710000000000000e+05
9.040467250730078730e-01,4.969580000000000000e+05
9.044639132248644131e-01,4.990590000000000000e+05
9.048811013767208422e-01,5.011220000000000000e+05
9.052982895285773823e-01,5.056610000000000000e+05
9.057154776804338114e-01,5.072080000000000000e+05
9.061326658322903516e-01,5.130730000000000000e+05
9.065498539841467807e-01,5.146890000000000000e+05
9.069670421360033208e-01,5.152610000000000000e+05
9.073842302878598609e-01,5.178190000000000000e+05
9.078014184397162900e-01,5.202660000000000000e+05
9.082186065915728301e-01,5.214800000000000000e+05
9.086357947434292592e-01,5.232290000000000000e+05
9.090529828952857994e-01,5.253390000000000000e+05
9.094701710471422285e-01,5.297750000000000000e+05
9.098873591989987686e-01,5.305070000000000000e+05
9.103045473508551977e-01,5.321930000000000000e+05
9.107217355027117378e-01,5.349520000000000000e+05
9.111389236545681669e-01,5.369740000000000000e+05
9.115561118064247070e-01,5.413280000000000000e+05
9.119732999582811361e-01,5.423290000000000000e+05
9.123904881101376763e-01,5.439830000000000000e+05
9.128076762619941054e-01,5.472240000000000000e+05
9.132248644138506455e-01,5.481380000000000000e+05
9.136420525657070746e-01,5.559670000000000000e+05
9.140592407175636147e-01,5.569080000000000000e+05
9.144764288694200438e-01,5.572390000000000000e+05
9.148936170212765839e-01,5.584270000000000000e+05
9.153108051731330130e-01,5.622530000000000000e+05
9.157279933249895532e-01,5.658280000000000000e+05
9.161451814768460933e-01,5.687130000000000000e+05
9.165623696287025224e-01,5.705970000000000000e+05
9.169795577805590625e-01,5.713950000000000000e+05
9.173967459324154916e-01,5.716240000000000000e+05
9.178139340842720317e-01,5.737320000000000000e+05
9.182311222361284608e-01,5.840920000000000000e+05
9.186483103879850010e-01,5.896780000000000000e+05
9.190654985398414301e-01,5.899680000000000000e+05
9.194826866916979702e-01,5.901850000000000000e+05
9.198998748435543993e-01,5.901950000000000000e+05
9.203170629954109394e-01,5.933750000000000000e+05
9.207342511472673685e-01,5.948210000000000000e+05
9.211514392991239086e-01,5.953360000000000000e+05
9.215686274509803377e-01,6.020410000000000000e+05
9.219858156028368779e-01,6.057720000000000000e+05
9.224030037546933070e-01,6.097860000000000000e+05
9.228201919065498471e-01,6.099210000000000000e+05
9.232373800584062762e-01,6.114080000000000000e+05
9.236545682102628163e-01,6.176400000000000000e+05
9.240717563621192454e-01,6.219610000000000000e+05
9.244889445139757855e-01,6.243600000000000000e+05
9.249061326658323257e-01,6.311010000000000000e+05
9.253233208176887548e-01,6.348300000000000000e+05
9.257405089695452949e-01,6.401060000000000000e+05
9.261576971214017240e-01,6.460890000000000000e+05
9.265748852732582641e-01,6.478120000000000000e+05
9.269920734251146932e-01,6.494130000000000000e+05
9.274092615769712333e-01,6.581110000000000000e+05
9.278264497288276624e-01,6.588250000000000000e+05
9.282436378806842026e-01,6.623160000000000000e+05
9.286608260325406317e-01,6.634210000000000000e+05
9.290780141843971718e-01,6.671680000000000000e+05
9.294952023362536009e-01,6.713930000000000000e+05
9.299123904881101410e-01,6.782770000000000000e+05
9.303295786399665701e-01,6.839530000000000000e+05
9.307467667918231102e-01,6.839700000000000000e+05
9.311639549436795393e-01,6.850740000000000000e+05
9.315811430955360795e-01,6.868080000000000000e+05
9.319983312473925086e-01,6.887220000000000000e+05
9.324155193992490487e-01,6.924450000000000000e+05
9.328327075511054778e-01,6.988070000000000000e+05
9.332498957029620179e-01,7.047870000000000000e+05
9.336670838548185580e-01,7.049930000000000000e+05
9.340842720066749871e-01,7.119070000000000000e+05
9.345014601585315273e-01,7.154240000000000000e+05
9.349186483103879564e-01,7.202030000000000000e+05
9.353358364622444965e-01,7.218980000000000000e+05
9.357530246141009256e-01,7.234880000000000000e+05
9.361702127659574657e-01,7.279290000000000000e+05
9.365874009178138948e-01,7.430050000000000000e+05
9.370045890696704349e-01,7.442160000000000000e+05
9.374217772215268640e-01,7.465870000000000000e+05
9.378389653733834042e-01,7.644220000000000000e+05
9.382561535252398333e-01,7.678910000000000000e+05
9.386733416770963734e-01,7.680540000000000000e+05
9.390905298289528025e-01,7.708800000000000000e+05
9.395077179808093426e-01,7.730320000000000000e+05
9.399249061326657717e-01,7.732120000000000000e+05
9.403420942845223118e-01,7.743740000000000000e+05
9.407592824363787409e-01,7.778740000000000000e+05
9.411764705882352811e-01,7.800220000000000000e+05
9.415936587400918212e-01,7.813570000000000000e+05
9.420108468919482503e-01,7.906780000000000000e+05
9.424280350438047904e-01,7.966680000000000000e+05
9.428452231956612195e-01,7.975810000000000000e+05
9.432624113475177596e-01,7.998250000000000000e+05
9.436795994993741887e-01,8.056310000000000000e+05
9.440967876512307289e-01,8.135000000000000000e+05
9.445139758030871580e-01,8.247160000000000000e+05
9.449311639549436981e-01,8.304550000000000000e+05
9.453483521068001272e-01,8.372810000000000000e+05
9.457655402586566673e-01,8.397700000000000000e+05
9.461827284105130964e-01,8.418840000000000000e+05
9.465999165623696365e-01,8.431200000000000000e+05
9.470171047142260656e-01,8.454460000000000000e+05
9.474342928660826058e-01,8.507260000000000000e+05
9.478514810179390349e-01,8.577670000000000000e+05
9.482686691697955750e-01,8.616600000000000000e+05
9.486858573216520041e-01,8.715310000000000000e+05
9.491030454735085442e-01,8.849400000000000000e+05
9.495202336253649733e-01,8.863090000000000000e+05
9.499374217772215134e-01,8.897360000000000000e+05
9.503546099290780536e-01,8.897870000000000000e+05
9.507717980809344827e-01,8.963030000000000000e+05
9.511889862327910228e-01,8.981180000000000000e+05
9.516061743846474519e-01,8.985800000000000000e+05
9.520233625365039920e-01,9.004970000000000000e+05
9.524405506883604211e-01,9.054630000000000000e+05
9.528577388402169612e-01,9.057600000000000000e+05
9.532749269920733903e-01,9.114060000000000000e+05
9.536921151439299305e-01,9.182180000000000000e+05
9.541093032957863596e-01,9.238090000000000000e+05
9.545264914476428997e-01,9.256160000000000000e+05
9.549436795994993288e-01,9.359220000000000000e+05
9.553608677513558689e-01,9.368290000000000000e+05
9.557780559032122980e-01,9.418940000000000000e+05
9.561952440550688381e-01,9.422250000000000000e+05
9.566124322069252672e-01,9.572540000000000000e+05
9.570296203587818074e-01,9.638400000000000000e+05
9.574468085106382365e-01,9.761210000000000000e+05
9.578639966624947766e-01,9.837980000000000000e+05
9.582811848143512057e-01,9.841510000000000000e+05
9.586983729662077458e-01,9.843060000000000000e+05
9.591155611180642859e-01,9.873960000000000000e+05
9.595327492699207150e-01,9.932190000000000000e+05
9.599499374217772552e-01,9.984020000000000000e+05
9.603671255736336843e-01,1.020348000000000000e+06
9.607843137254902244e-01,1.021024000000000000e+06
9.612015018773466535e-01,1.030919000000000000e+06
9.616186900292031936e-01,1.034202000000000000e+06
9.620358781810596227e-01,1.040569000000000000e+06
9.624530663329161628e-01,1.041282000000000000e+06
9.628702544847725919e-01,1.042606000000000000e+06
9.632874426366291321e-01,1.045232000000000000e+06
9.637046307884855612e-01,1.050748000000000000e+06
9.641218189403421013e-01,1.053635000000000000e+06
9.645390070921985304e-01,1.070335000000000000e+06
9.649561952440550705e-01,1.083971000000000000e+06
9.653733833959114996e-01,1.090602000000000000e+06
9.657905715477680397e-01,1.095041000000000000e+06
9.662077596996244688e-01,1.102324000000000000e+06
9.666249478514810090e-01,1.113314000000000000e+06
9.670421360033374381e-01,1.118619000000000000e+06
9.674593241551939782e-01,1.124907000000000000e+06
9.678765123070505183e-01,1.129445000000000000e+06
9.682937004589069474e-01,1.160414000000000000e+06
9.687108886107634875e-01,1.164418000000000000e+06
9.691280767626199166e-01,1.168335000000000000e+06
9.695452649144764568e-01,1.219516000000000000e+06
9.699624530663328859e-01,1.222285000000000000e+06
9.703796412181894260e-01,1.235497000000000000e+06
9.707968293700458551e-01,1.237061000000000000e+06
9.712140175219023952e-01,1.245958000000000000e+06
9.716312056737588243e-01,1.248095000000000000e+06
9.720483938256153644e-01,1.249431000000000000e+06
9.724655819774717935e-01,1.256495000000000000e+06
9.728827701293283337e-01,1.271097000000000000e+06
9.732999582811847628e-01,1.283079000000000000e+06
9.737171464330413029e-01,1.298406000000000000e+06
9.741343345848977320e-01,1.301908000000000000e+06
9.745515227367542721e-01,1.337145000000000000e+06
9.749687108886107012e-01,1.337996000000000000e+06
9.753858990404672413e-01,1.363933000000000000e+06
9.758030871923236704e-01,1.365097000000000000e+06
9.762202753441802106e-01,1.384013000000000000e+06
9.766374634960367507e-01,1.398171000000000000e+06
9.770546516478931798e-01,1.428323000000000000e+06
9.774718397997497199e-01,1.440166000000000000e+06
9.778890279516061490e-01,1.445234000000000000e+06
9.783062161034626891e-01,1.445250000000000000e+06
9.787234042553191182e-01,1.447526000000000000e+06
9.791405924071756584e-01,1.457361000000000000e+06
9.795577805590320875e-01,1.475910000000000000e+06
9.799749687108886276e-01,1.514450000000000000e+06
9.803921568627450567e-01,1.561739000000000000e+06
9.808093450146015968e-01,1.566106000000000000e+06
9.812265331664580259e-01,1.568729000000000000e+06
9.816437213183145660e-01,1.632137000000000000e+06
9.820609094701709951e-01,1.633730000000000000e+06
9.824780976220275353e-01,1.652731000000000000e+06
9.828952857738839644e-01,1.661383000000000000e+06
9.833124739257405045e-01,1.665117000000000000e+06
9.837296620775969336e-01,1.683109000000000000e+06
9.841468502294534737e-01,1.716363000000000000e+06
9.845640383813099028e-01,1.729125000000000000e+06
9.849812265331664429e-01,1.734145000000000000e+06
9.853984146850229831e-01,1.749603000000000000e+06
9.858156028368794122e-01,1.832412000000000000e+06
9.862327909887359523e-01,1.860322000000000000e+06
9.866499791405923814e-01,1.873621000000000000e+06
9.870671672924489215e-01,1.877947000000000000e+06
9.874843554443053506e-01,1.884235000000000000e+06
9.879015435961618907e-01,1.900591000000000000e+06
9.883187317480183198e-01,1.917857000000000000e+06
9.887359198998748600e-01,1.932930000000000000e+06
9.891531080517312891e-01,1.938321000000000000e+06
9.895702962035878292e-01,1.987185000000000000e+06
9.899874843554442583e-01,2.012306000000000000e+06
9.904046725073007984e-01,2.080284000000000000e+06
9.908218606591572275e-01,2.147684000000000000e+06
9.912390488110137676e-01,2.206157000000000000e+06
9.916562369628701967e-01,2.222900000000000000e+06
9.920734251147267369e-01,2.243640000000000000e+06
9.924906132665831660e-01,2.533103000000000000e+06
9.929078014184397061e-01,2.704060000000000000e+06
9.933249895702961352e-01,2.754118000000000000e+06
9.937421777221526753e-01,2.803388000000000000e+06
9.941593658740092154e-01,2.864040000000000000e+06
9.945765540258656445e-01,2.923520000000000000e+06
9.949937421777221846e-01,2.930042000000000000e+06
9.954109303295786138e-01,3.061359000000000000e+06
9.958281184814351539e-01,3.089113000000000000e+06
9.962453066332915830e-01,3.265207000000000000e+06
9.966624947851481231e-01,3.354365000000000000e+06
9.970796829370045522e-01,3.645658000000000000e+06
9.974968710888610923e-01,3.980530000000000000e+06
9.979140592407175214e-01,4.600554000000000000e+06
9.983312473925740615e-01,4.970589000000000000e+06
9.987484355444304907e-01,5.117774000000000000e+06
9.991656236962870308e-01,5.567240000000000000e+06
9.995828118481434599e-01,6.757725000000000000e+06
1.000000000000000000e+00,7.999156000000000000e+06
