x_val,"4,5;11,12;25_22.csv","4,5;11,12;28_24.csv","4,5;11,12;31_26.csv","4,5;11,12;33_34.csv","4,5;11,12;34_28.csv","4,5;11,12;37_30.csv","4,5;11,12;40_32.csv","4,5;11,12;46_36.csv","4,5;11,12;49_38.csv","4,5;11,12;52_40.csv",4-5_11-12_58_44.csv
0.0,2.4694869974220255e-05,3.3430807131373915e-10,1.1925637796573309e-12,2.0244788958006373e-52,2.0707899376526515e-43,3.3234542315968477e-57,1.8960897276214342e-75,1.4337390961542852e-36,1.370927752490232e-48,4.140084906026276e-74,1.5318089862444757e-05
0.012012012012012012,3.259634194781246e-05,5.782935800061846e-10,2.015029819102279e-12,3.969689901907996e-52,5.4297059184676815e-43,9.418198537527254e-57,5.855197360979781e-75,2.1630578794102495e-36,2.2161383529918018e-48,7.945142239142358e-74,1.5714833700046176e-05
0.024024024024024024,4.254347160024356e-05,9.902221878833695e-10,3.382202689740034e-12,7.768564356761983e-52,1.416530202788302e-42,2.657311375420821e-56,1.801188460182357e-74,3.2598592087243234e-36,3.578553132776423e-48,1.5227690771275183e-73,1.612126734971715e-05
0.036036036036036036,5.490365909396104e-05,1.678416404184043e-09,5.63944490562103e-12,1.5172802678148843e-51,3.6769242875928083e-42,7.464720539028025e-56,5.519652514504673e-74,4.907521796914486e-36,5.772266425169142e-48,2.914783920404831e-73,1.6537611547192634e-05
0.04804804804804805,7.006109539966016e-05,2.8161096791884878e-09,9.340969778292103e-12,2.957547364414934e-51,9.496266698606517e-42,2.087763001310839e-55,1.6849975925072314e-73,7.38003329992627e-36,9.300655645224205e-48,5.572096444671207e-73,1.6964091642734785e-05
0.06006006006006006,8.840229832839035e-05,4.677159844474288e-09,1.5369749479755354e-11,5.753584075665404e-51,2.4402287307476583e-41,5.813603556899639e-55,5.124149551186561e-73,1.1086311988507623e-35,1.4969560857845602e-47,1.0638265586455592e-72,1.7400937687337275e-05
0.07207207207207207,0.00011029755131623056,7.68949234325013e-09,2.5122403251569933e-11,1.117084627914593e-50,6.239038083392172e-41,1.6117817645820694e-54,1.5523129235664632e-72,1.6635986590990963e-35,2.406760381454116e-47,2.0284437820380538e-72,1.784838452029744e-05
0.08408408408408408,0.0001360785733293113,1.2513994199341859e-08,4.079205044705711e-11,2.164584499019736e-50,1.5871364112418755e-40,4.4490133510761775e-54,4.68459138281111e-72,2.4936914579081014e-35,3.8653154779160686e-47,3.86273635626532e-72,1.8306671858172412e-05
0.0960960960960961,0.00016601317955746708,2.0159375401112438e-08,6.579763282139173e-11,4.186044773314568e-50,4.017172144454588e-40,1.2226942330056562e-53,1.4083127874512287e-71,3.7339591653213076e-35,6.20105147115453e-47,7.346273663345748e-72,1.8776044385135044e-05
0.10810810810810811,0.00020027816113189995,3.2147045142213875e-08,1.0543039568755212e-10,8.079305884179282e-50,1.0116638935962696e-39,3.3455593641923928e-53,4.21756219622982e-71,5.58507618122284e-35,9.937428683975914e-47,1.3953369089942783e-71,1.9256751844746928e-05
0.12012012012012012,0.0002389320741435525,5.0744378858458776e-08,1.6781961790398343e-10,1.5562705145595198e-49,2.5349052432241374e-39,9.114154322724707e-53,1.2582265204131619e-70,8.344903695484619e-35,1.5907832597488654e-46,2.6468602140391016e-71,1.974904913316407e-05
0.13213213213213212,0.0002818900295728311,7.928987789758441e-08,2.65363675940725e-10,2.991830493403115e-49,6.319706843678077e-39,2.47207029131465e-52,3.739307149688958e-70,1.2455072141564117e-34,2.5437609596871155e-46,5.014445020665213e-71,2.0253196393791902e-05
0.14414414414414414,0.0003289028565752535,1.2263954409114337e-07,4.1683353383117836e-10,5.740235839760851e-49,1.5676240293887998e-38,6.675781184139399e-52,1.1070275047027661e-69,1.8569655901593028e-34,4.0632157353243665e-46,9.487563298133818e-71,2.07694591134063e-05
0.15615615615615616,0.00037954311323693186,1.8777005285825542e-07,6.50439451983124e-10,1.0991661469997495e-48,3.868982092519693e-38,1.7948999758041965e-51,3.264830577082441e-69,2.7656304980849064e-34,6.483235002197279e-46,1.7927777074345574e-70,2.1298108219757068e-05
0.16816816816816815,0.0004332002919794155,2.845805521862462e-07,1.0082652982850321e-09,2.100573145741396e-48,9.500826969186013e-38,4.804800194816579e-51,9.591750069481742e-69,4.114500750008522e-34,1.0333369159187257e-45,3.383281583157598e-70,2.183942018067032e-05
0.18018018018018017,0.0004890871795378253,4.269404224975385e-07,1.5526272715123962e-09,4.0063891455007703e-48,2.3213254483109312e-37,1.2805819537373877e-50,2.8071784783223457e-68,6.114667222447049e-34,1.645206527647681e-45,6.376609043123041e-70,2.2393677104666627e-05
0.1921921921921922,0.000546258677536589,6.340340789239996e-07,2.3751160183076373e-09,7.626219633391537e-48,5.643137659337568e-37,3.398102141937941e-50,8.184217541343469e-68,9.077394240586231e-34,2.6165389347828527e-45,1.2002767164547442e-69,2.2961166843111734e-05
0.2042042042042042,0.0006036434937442853,9.320545243892063e-07,3.6093460502121103e-09,1.4487930149932784e-47,1.3649454618240885e-36,8.977647116468587e-50,2.3769457582501975e-67,1.3461152970312616e-33,4.1568301317999e-45,2.2563835098903175e-69,2.3542183093916208e-05
0.21621621621621623,0.0006600880338026628,1.3562931861995678e-06,5.448779170212669e-09,2.7469087632479605e-47,3.284884089492138e-36,2.361487908713564e-49,6.876957584860457e-67,1.9940498533648957e-33,6.596683562738522e-45,4.2362774669351076e-69,2.4137025506800932e-05
0.22822822822822822,0.000714410647342053,1.9536626452139118e-06,8.171426356635253e-09,5.197840909201269e-47,7.86565604481979e-36,6.184520884960112e-49,1.9820216241350386e-66,2.9506823230834935e-33,1.0457245998938739e-44,7.943205955331983e-69,2.4745999790145514e-05
0.24024024024024024,0.0007654632240974255,2.7856691201090674e-06,1.2173783755732873e-08,9.816181673569756e-47,1.8739588882423748e-35,1.6125885751906282e-48,5.690565145708348e-66,4.36155736122976e-33,1.6559121614897288e-44,1.4874665016263191e-68,2.5369417819436127e-05
0.25225225225225223,0.0008121961216963025,3.931821012996279e-06,1.801704226225767e-08,1.8501334228856864e-46,4.442172585166733e-35,4.1863769129698056e-48,1.6275613928344219e-65,6.440111887419784e-33,2.61930194408801e-44,2.7818807543758903e-68,2.6007597747329624e-05
0.26426426426426425,0.0008537216635094169,5.493416867864402e-06,2.6489445074844297e-08,3.4802013143668475e-46,1.047710057075194e-34,1.0820575296313806e-47,4.637183998326761e-65,9.499000868667022e-33,4.1386827148226505e-44,5.196007524043363e-68,2.6660864115350853e-05
0.27627627627627627,0.000889371082556272,7.597599945480676e-06,3.8689669414953885e-08,6.533509715327476e-46,2.4586526102918815e-34,2.7845800055476086e-47,1.3161526034477111e-64,1.3995716370069988e-32,6.532313202883005e-44,9.692615347112667e-68,2.7329547967240504e-05
0.2882882882882883,0.0009187398848995236,1.0401497737275653e-05,5.613728782931965e-08,1.2241357246695679e-45,5.740684200849783e-34,7.134547301838222e-47,3.7212867420647764e-64,2.0598947400099784e-32,1.0299121089327277e-43,1.8057271601383666e-67,2.801398696396936e-05
0.3003003003003003,0.0009417171983678211,1.4096185320837616e-05,8.091772299615727e-08,2.2890404128233825e-45,1.3336461881148321e-33,1.8199965477477016e-46,1.0481296204621728e-63,3.0285002588089365e-32,1.622040252366473e-43,3.359721111641051e-67,2.871452550043674e-05
0.3123123123123123,0.0009584957430475527,1.8910125864493097e-05,1.158706366575968e-07,4.271871737689896e-45,3.0826778446437956e-33,4.622449526267692e-46,2.940842892004794e-63,4.4477758475166563e-32,2.5518279442044342e-43,6.24301347294997e-67,2.9431514823869882e-05
0.32432432432432434,0.0009695605379738308,2.5111656652904964e-05,1.6483235927729038e-07,7.956531850576553e-45,7.089673795544748e-33,1.1688837271682134e-45,8.21984492922303e-63,6.525155411491624e-32,4.010231544758177e-43,1.158577958346797e-66,3.0165313153940767e-05
0.3363363363363363,0.0009756562233840445,3.3010014106108795e-05,2.3294471995424115e-07,1.4790071151829124e-44,1.6223143946500192e-32,2.9428492804825154e-45,2.2887080470160355e-62,9.56250153979209e-32,6.295290956393466e-43,2.1473171745229587e-66,3.091628580461754e-05
0.3483483483483483,0.000977734770372936,4.295433805639973e-05,3.270443944929742e-07,2.743832384331001e-44,3.69363948458711e-32,7.376703914918122e-45,6.348222509984835e-62,1.399860847286823e-31,9.871666249126999e-43,3.974724937417133e-66,3.168480530776747e-05
0.36036036036036034,0.0009768871873078939,5.533007728527919e-05,4.5614853699396744e-07,5.080257767287903e-44,8.367288791682037e-32,1.8410024296369103e-44,1.7540778211626337e-61,2.047061575127257e-31,1.546298800518542e-42,7.347809831278188e-66,3.247125153852817e-05
0.37237237237237236,0.0009742644285300903,7.055224871355165e-05,6.320538409247374e-07,9.387604318307015e-44,1.8859311920536772e-31,4.574504952890253e-44,4.828147695275492e-61,2.990264715836553e-31,2.4194946855134203e-42,1.3565902219822152e-65,3.32760118424638e-05
0.3843843843843844,0.0009709938956483113,8.905509424056938e-05,8.7006709063341e-07,1.7312694289429814e-43,4.229390810607652e-31,1.1317008134064653e-43,1.323875697945143e-60,4.363360109330546e-31,3.781675190628563e-42,2.5013784480182843e-65,3.409948116452323e-05
0.3963963963963964,0.0009680985603701551,0.00011127784148443997,1.189885471671222e-06,3.1865108461355593e-43,9.437147413406192e-31,2.7875135974850393e-43,3.61617006861975e-60,6.36011792438981e-31,5.904349740072645e-42,4.606277219009325e-65,3.494206217981705e-05
0.4084084084084084,0.0009664257461610972,0.00013764651174240749,1.6166441260450442e-06,5.853383762600644e-43,2.095147812081374e-30,6.835971725528252e-43,9.839781596769701e-60,9.260660644204258e-31,9.208485814355184e-42,8.471507237553437e-65,3.5804165426229747e-05
0.42042042042042044,0.0009665919605370644,0.00016855202714711234,2.1821463526068447e-06,1.0730981658054117e-42,4.6280672707437415e-30,1.6690966080395924e-42,2.6672089879921705e-59,1.3469499613497272e-30,1.434606091281376e-41,1.5560059304240432e-64,3.668620943888375e-05
0.43243243243243246,0.0009689489111302245,0.000204325236929681,2.9262881312020166e-06,1.9634179777923004e-42,1.0171752502868175e-29,4.057520313400545e-42,7.20217398985948e-59,1.957012704777456e-30,2.2325717033535018e-41,2.854314059185813e-64,3.758862088647272e-05
0.4444444444444444,0.0009735740684916103,0.0002452098875615851,3.898682962638417e-06,3.585311800696307e-42,2.2243498362791015e-29,9.820599516958082e-42,1.9373368898544247e-58,2.8403281534941962e-30,3.4706151630765927e-41,5.229163399158468e-64,3.8511834709479465e-05
0.45645645645645644,0.0009802870101249734,0.00029133497107663,5.160485066144885e-06,6.53404249292515e-42,4.8397357157888095e-29,2.3665377068472996e-41,5.191366194053179e-58,4.117902718945215e-30,5.3893427194808e-41,9.567591321322319e-64,3.945629426029592e-05
0.46846846846846846,0.000988690483569051,0.00034268825940376497,6.786398527925544e-06,1.1884415718381692e-41,1.0477351361239647e-28,5.677890937809648e-41,1.385776393930738e-57,5.9637075374082894e-30,8.359752942625722e-41,1.748287962099428e-63,4.042245144526109e-05
0.4804804804804805,0.0009982328701456477,0.00039909312395766086,8.866846920215266e-06,2.1573200126235802e-41,2.2567982588535417e-28,1.35630984792183e-40,3.685018156542044e-57,8.627585712709092e-30,1.2953268920140927e-40,3.190533184058569e-63,4.141076686863387e-05
0.4924924924924925,0.0010082867226188456,0.0004601909018418867,1.1510262230903133e-05,3.9083384578235135e-41,4.836658194873698e-28,3.2257380524638138e-40,9.761601724260697e-57,1.246794616610991e-29,2.0049041711875485e-40,5.815050794293753e-63,4.2421709978516e-05
0.5045045045045045,0.0010182364758949485,0.0005254310599930027,1.4845433874569928e-05,7.066601748921891e-41,1.0313582490959577e-27,7.638316614914854e-40,2.5759505212884284e-56,1.7998372871832735e-29,3.099817710666658e-40,1.058482561284705e-62,4.345575921474237e-05
0.5165165165165165,0.0010275674382059367,0.0005940711939809748,1.9023838547543865e-05,1.27517539319431e-40,2.188191105112261e-27,1.800796574459807e-39,6.771563109760365e-56,2.595399770205461e-29,4.7874801856232445e-40,1.924216127246141e-62,4.4513402158754444e-05
0.5285285285285285,0.0010359478574003434,0.0006651884627374997,2.4221850461670594e-05,2.2965192352709193e-40,4.619261665285895e-27,4.2269796901083056e-39,1.77327187397781e-55,3.738591114352274e-29,7.385945899135841e-40,3.493525692494224e-62,4.559513568547236e-05
0.5405405405405406,0.0010432962592613615,0.0007377034089975037,3.064271005054584e-05,4.127728345140808e-40,9.702229792192599e-27,9.878573558557827e-39,4.625904938890673e-55,5.379530418981869e-29,1.1382392392680034e-39,6.334523934205651e-62,4.6701466117182e-05
0.5525525525525525,0.0010498273454196965,0.0008104162765129914,3.851810888073291e-05,7.404453066192292e-40,2.027600022454501e-26,2.2985658690386e-38,1.2021345128425931e-54,7.732384763106236e-29,1.7522226209070918e-39,1.1471071058024115e-61,4.783290937945276e-05
0.5645645645645646,0.0010560714305278083,0.0008820549623837388,4.810923077146934e-05,1.3256098371151855e-39,4.2160409415296654e-26,5.324984841626114e-38,3.1120345675503274e-54,1.110235821697454e-28,2.694469739400429e-39,2.07459777399613e-61,4.898999115910137e-05
0.5765765765765766,0.0010628645529423993,0.0009513327112861344,5.970707578587483e-05,2.3685322827027384e-39,8.722464610752807e-26,1.228226811380955e-37,8.025474971804379e-54,1.5923909680856336e-28,4.138906702309463e-39,3.747173432320702e-61,5.0173247064217625e-05
0.5885885885885885,0.001071308831499208,0.001017012659371863,7.363188667730131e-05,4.223609473399778e-39,1.7955005391651762e-25,2.820574768844165e-37,2.0617312984411113e-53,2.281481051446977e-28,6.350768199490614e-39,6.759485335558934e-61,5.138322278626668e-05
0.6006006006006006,0.0010827051598873369,0.0010779754684668483,9.023149842629229e-05,7.516731870424273e-39,3.6774252553007854e-25,6.4490475074295764e-37,5.276286517581815e-53,3.265252098516993e-28,9.734086125695454e-39,1.2177647978394372e-60,5.2620474264284516e-05
0.6126126126126126,0.0010984627189166158,0.0011332856528636084,0.00010987844240809698,1.3351043745361846e-38,7.494009218877155e-25,1.4680894717773508e-36,1.3451157787854116e-52,4.668197900083603e-28,1.4903641866071327e-38,2.1910543514676575e-60,5.38855678511799e-05
0.6246246246246246,0.001119991844443851,0.0011822518749177136,0.00013296565889475335,2.3666946858722806e-38,1.5194860234178811e-24,3.327426979219362e-36,3.4160636471453664e-52,6.66675493664645e-28,2.2793862585513315e-38,3.937157930501174e-60,5.517908048215844e-05
0.6366366366366366,0.0011485883393104338,0.0012244765312370313,0.00015990070593747255,4.187068914784645e-38,3.065429823769727e-24,7.508681423298281e-36,8.642258092195134e-52,9.510698494873305e-28,3.482344591270501e-38,7.065655701388279e-60,5.650159984528451e-05
0.6486486486486487,0.0011853182253758546,0.0012598903952384533,0.00019109839945564416,7.39296821423934e-38,6.153161205389956e-24,1.6870114655596228e-35,2.1780282229851362e-51,1.3553236835598298e-27,5.314395364647945e-38,1.2663742076357596e-59,5.785372455419337e-05
0.6606606606606606,0.001230912111380762,0.0012887689129117087,0.00022697187803777193,1.302772029166561e-37,1.228902757363291e-23,3.7737374073352896e-35,5.468078850590151e-51,1.9293291740740746e-27,8.101478348236431e-38,2.2667915899528237e-59,5.9236064322970114e-05
0.6726726726726726,0.0012856777771135237,0.0013117279160487674,0.00026792215509185475,2.2911782020277918e-37,2.442019453707458e-23,8.404747752411462e-35,1.3675431226634963e-50,2.743483332529013e-27,1.233681320680824e-37,4.0522952407790795e-59,6.064924014320758e-05
0.6846846846846847,0.0013494382794537053,0.0013296979340370093,0.0003143262981737582,4.0215194055054095e-37,4.82828791914765e-23,1.8637048409788293e-34,3.4070796644943984e-50,3.897005432934737e-27,1.8765926063288654e-37,7.234866425995661e-59,6.209388446325908e-05
0.6966966966966966,0.0014215009679827998,0.0013438778359638932,0.00036652445725736453,7.044697110597737e-37,9.498383612031756e-23,4.114614054177352e-34,8.455874834624596e-50,5.529583073112652e-27,2.8514470483955774e-37,1.2900302861965728e-58,6.35706413696979e-05
0.7087087087087087,0.0015006604095931836,0.0013556700860814289,0.0004248060462665402,1.2316160456643177e-36,1.8591687939173232e-22,9.044419131876202e-34,2.0905945016130676e-49,7.837660607234032e-27,4.328016618899138e-37,2.297255219376544e-58,6.508016677099794e-05
0.7207207207207207,0.0015852355610780425,0.0013666013104193526,0.000489395460631082,2.148964336127853e-36,3.6207669485072283e-22,1.9793925877572833e-33,5.1489190510198074e-49,1.1097194815600825e-26,6.5620695146670145e-37,4.0856253464823715e-58,6.662312858344965e-05
0.7327327327327328,0.001673138824646643,0.0013782330235441616,0.000560437782886109,3.742173633004812e-36,7.016087946843476e-22,4.313034847270874e-33,1.2632733326865958e-48,1.5695409742779393e-26,9.938504349883325e-37,7.25684393548632e-58,6.820020691932223e-05
0.7447447447447447,0.0017619721133243795,0.0013920681487860685,0.0006379849833404641,6.503685284741376e-36,1.3527023450175921e-21,9.356940038742533e-33,3.087547151562427e-48,2.2175059608978966e-26,1.5035903713878646e-36,1.287291731450945e-57,6.981209427728622e-05
0.7567567567567568,0.0018491429696402342,0.001409459313835415,0.0007219831589141439,1.128069759424002e-35,2.5949099657329825e-21,2.02108539212562e-32,7.517351830933969e-48,3.1296057038143635e-26,2.2723035037817455e-36,2.2805842911412985e-57,7.145949573510967e-05
0.7687687687687688,0.0019319923156613363,0.0014315247891181573,0.0008122613664832489,1.952779707203107e-35,4.952850776210935e-21,4.3464581628035595e-32,1.8232707501939042e-47,4.412118253724854e-26,3.4302947507006595e-36,4.0351086222358743e-57,7.314312914463783e-05
0.7807807807807807,0.0020079247027296986,0.0014590773754061981,0.0009085225947104735,3.3737384149205256e-35,9.405917329118457e-21,9.306501587532884e-32,4.405269324681168e-47,6.213515037977493e-26,5.172789881246298e-36,7.130242240529981e-57,7.486372532907128e-05
0.7927927927927928,0.0020745320389059995,0.001492570597747795,0.001010337379059463,5.817152051738282e-35,1.7772973854147848e-20,1.9839814555916763e-31,1.0603000439787003e-46,8.740982569325019e-26,7.791956782776104e-36,1.2583263542781666e-56,7.662202828255115e-05
0.8048048048048048,0.0021297026810099305,0.0015320653174544735,0.0011171404988194926,1.0010373500815824e-34,3.34142827939187e-20,4.211036947584555e-31,2.5422608555428334e-46,1.2283322239070354e-25,1.1724559390747909e-35,2.217799360562017e-56,7.841879537206576e-05
0.8168168168168168,0.0021717093815725353,0.0015772184487102187,0.0012282311045564692,1.7192182183702773e-34,6.25053727384999e-20,8.898993256049543e-31,6.0722054958217e-46,1.7242654528924555e-25,1.7622796453673495e-35,3.9038324446887854e-56,8.025479754168746e-05
0.8288288288288288,0.002199271699425956,0.0016272939882837382,0.0013427765131750287,2.9468130473833394e-34,1.1633644410214273e-19,1.872376485456224e-30,1.4448003301401677e-45,2.4178263094626716e-25,2.645948687082953e-35,6.862779393074058e-56,8.213081951915111e-05
0.8408408408408409,0.002211590881354418,0.0016811951598254121,0.0014598197808999647,5.040980530716206e-34,2.154405842073326e-19,3.922347325425599e-30,3.4245556505746816e-45,3.38671586186116e-25,3.9684079283902146e-35,1.2048940571936263e-55,8.404766002478609e-05
0.8528528528528528,0.002208357639070887,0.0017375152467076654,0.0015782910282553036,8.606336305062584e-34,3.969653635797449e-19,8.18087170361149e-30,8.086035635217096e-45,4.73876437830526e-25,5.9453783592937e-35,2.1126990688440883e-55,8.600613198280898e-05
0.8648648648648649,0.0021897354233311674,0.0017946037218486983,0.0016970223524997953,1.4664337995786578e-33,7.277649618149482e-19,1.6988454707876744e-29,1.901963173240291e-44,6.623448427842355e-25,8.89756123848485e-35,3.699698849415251e-55,8.80070627349899e-05
0.8768768768768769,0.0021563235146971546,0.001850643629448208,0.0018147660290897913,2.4937187342032503e-33,1.3275264059790715e-18,3.5124409375074056e-29,4.456599315517084e-44,9.247746017143601e-25,1.330119841559495e-34,6.470458610357838e-55,9.005129425669895e-05
0.8888888888888888,0.00210910535211081,0.0019037358471255053,0.001930215581334897,4.232269654344542e-33,2.409399186481147e-18,7.230446912471785e-29,1.040255715989432e-43,1.2897939003733362e-24,1.9862726219760756e-34,1.1301698263645187e-54,9.213968337534436e-05
0.9009009009009009,0.0020493879327948563,0.001951985839635221,0.0020420291923707577,7.168694115586768e-33,4.3509889739621715e-18,1.4819116490430038e-28,2.4188652295088386e-43,1.7969559639831322e-24,2.9628880300639084e-34,1.9714796969816717e-54,9.427310199120923e-05
0.9129129129129129,0.001978737856658761,0.0019935887619541206,0.0021488548505022463,1.2118465350995143e-32,7.817734296641463e-18,3.0239920334761133e-28,5.6029697182468685e-43,2.5008476796427542e-24,4.4148903405460725e-34,3.4346371733380577e-54,9.645243730069475e-05
0.924924924924925,0.001898918755976248,0.002026909216310461,0.002249356560912041,2.0445421007636117e-32,1.397615138767264e-17,6.143844813200128e-28,1.2928850843690521e-42,3.476720173934571e-24,6.571324300952054e-34,5.975983364385922e-54,9.86785920219806e-05
0.9369369369369369,0.0018118336137152853,0.0020505525425100236,0.0023422409250366573,3.4425903491296685e-32,2.4860400525836136e-17,1.2427998742208875e-27,2.9719166496297147e-42,4.828196368653838e-24,9.770441273665376e-34,1.038431493118904e-53,0.00010095248462310605
0.948948948948949,0.0017194740388068311,0.002063425153431664,0.002426283383281522,5.785161570281851e-32,4.399897392164211e-17,2.50301607431358e-27,6.805317295316463e-42,6.697809684971183e-24,1.451121428256651e-33,1.8021306751647986e-53,0.00010327504955248138
0.960960960960961,0.0016238771503804272,0.0020647820583340566,0.002500353435412464,9.702563526310736e-32,7.748023797261229e-17,5.019120922083792e-27,1.5523698188042746e-41,9.281397475911404e-24,2.1528889574337187e-33,3.1234507704474666e-53,0.00010564723747183568
0.9729729729729729,0.0015270895207839484,0.0020542603032916227,0.0025634381930145565,1.6240461034574098e-31,1.3575423317097172e-16,1.0020591788671908e-26,3.527581567014577e-41,1.2847736797513724e-23,3.190566519134809e-33,5.406584682724254e-53,0.00010807001549160603
0.984984984984985,0.0014311367871128189,0.0020318975785418494,0.0026146636762051493,2.713007968822556e-31,2.366627579818859e-16,1.99186950994357e-26,7.985350902672028e-41,1.776530143092148e-23,4.7232645953573044e-33,9.346549549141967e-53,0.00011054436740877558
0.996996996996997,0.001337997146469,0.001998135694463627,0.002653313338384047,4.523188027320014e-31,4.1050706416453356e-16,3.9421242697769863e-26,1.8007192909868834e-40,2.4538681352252874e-23,6.984656382267245e-33,1.6136880192300994e-52,0.00011307129394716311
1.009009009009009,0.001249577012976584,0.0019538090252093944,0.0026788433843760984,7.5262574550923405e-31,7.084767293095427e-16,7.767866703810095e-26,4.04513579302971e-40,3.385809756202298e-23,1.0317538875096217e-32,2.7824527360444923e-52,0.0001156518130001721
1.021021021021021,0.001167687578097511,0.001900118385788417,0.002690894535505631,1.2498398160744438e-30,1.2165917134648652e-15,1.5239662885986244e-25,9.052223631033026e-40,4.666664438739637e-23,1.522423506225486e-32,4.791549478316769e-52,0.000118286959876
1.033033033033033,0.0010940217676778995,0.001838591171681507,0.00268929998725761,2.071431126503795e-30,2.0786362430432606e-15,2.9768106723596374e-25,2.0179598919399563e-39,6.42515021742801e-23,2.2440015169063645e-32,8.240700273233814e-52,0.00012097778754531298
1.045045045045045,0.0010301319805007462,0.001771028972498968,0.0026740893993152334,3.426316649402914e-30,3.5336748213964033e-15,5.789345174979827e-25,4.481308864854869e-39,8.836752439700771e-23,3.3039929341546063e-32,1.415442463973878e-51,0.00012372536689139084
1.057057057057057,0.0009774098609430174,0.0016994442848204585,0.002645488852714039,5.6562077423626314e-30,5.977081562447924e-15,1.1210117626921388e-24,9.913621260703884e-39,1.214044991890664e-22,4.859408085767843e-32,2.4280648596871572e-51,0.00012653078696274136
1.069069069069069,0.0009370700481498583,0.0016259883915035879,0.0026039168039351888,9.318887393593068e-30,1.0059267660333968e-14,2.161192799110452e-24,2.1847154108983931e-38,1.666132614064766e-22,7.139304943203276e-32,4.159760324566938e-51,0.00012939515522818786
1.0810810810810811,0.0009101402297720211,0.0015528729265338592,0.002549976160529836,1.5322994033382873e-29,1.684450279300673e-14,4.148390139083649e-24,4.796147504075038e-38,2.284110131217207e-22,1.047747881561613e-31,7.117316764509992e-51,0.00013231959783443302
1.093093093093093,0.000897459826934573,0.0014822880721176335,0.0024844426967876474,2.5145718977874948e-29,2.8064980634372293e-14,7.92808938731599e-24,1.0488787982876062e-37,3.1279312947797183e-22,1.535981371999123e-31,1.216197886119003e-50,0.0001353052598660962
1.105105105105105,0.0008996892183479649,0.0014163206933133646,0.002408250120093318,4.118369790148786e-29,4.652496816512476e-14,1.5085526500803695e-23,2.2850368372727e-37,4.278879545213881e-22,2.249279392876317e-31,2.0755450124311235e-50,0.00013835330560822828
1.117117117117117,0.0009173306003187413,0.0013568759548547328,0.0023224721873508513,6.731742233734626e-29,7.674008539957467e-14,2.8579558983187906e-23,4.959024286660916e-37,5.847033836081282e-22,3.290251975179893e-31,3.537529188782124e-50,0.00014146491881130053
1.1291291291291292,0.0009507604531510492,0.0013056060363109373,0.0022283023537847525,1.0981722698720466e-28,1.259428150271513e-13,5.390807442870727e-23,1.0720977947871987e-36,7.981303832672259e-22,4.807764772868686e-31,6.021544102937361e-50,0.00014464130295866942
1.1411411411411412,0.0010002722643473664,0.0012638494254088434,0.002127031510326305,1.7879456986585471e-28,2.0565511133083133e-13,1.012407823004633e-22,2.3089137814109345e-36,1.0882903325011396e-21,7.017550747014862e-31,1.0236598638603997e-49,0.00014788368153651404
1.1531531531531531,0.001066126797777105,0.0012325839004178102,0.002020024426773563,2.9052200527338016e-28,3.3413400953655266e-13,1.8930438519221148e-22,4.953545803969561e-36,1.4823419159137465e-21,1.0231898214254158e-30,1.7379746782974794e-49,0.0001511932983062433
1.165165165165165,0.001148605963617522,0.0012123957063992165,0.0019086955617145743,4.711341641472987e-28,5.40153243703127e-13,3.524272650917612e-22,1.0586680652066362e-35,2.016901541112579e-21,1.4902363716778912e-30,2.946939223362411e-49,0.00015457141757937374
1.177177177177177,0.0012480654015929052,0.001203466605568407,0.001794484922595569,7.625196146279652e-28,8.688173724363227e-13,6.532540397382197e-22,2.253920604270898e-35,2.7412818900334027e-21,2.1681154535543764e-30,4.990440475925563e-49,0.00015801932449486942
1.1891891891891893,0.0013649803831882355,0.001205579481711133,0.001678834656580136,1.2316811585980949e-27,1.3904496768069658e-12,1.2055871916627055e-21,4.7802718495383226e-35,3.7218201832675524e-21,3.1509241542859394e-30,8.440079689136481e-49,0.00016153832529894297
1.2012012012012012,0.0014999796703211617,0.0012181420673630355,0.0015631670222596005,1.9855756251112135e-27,2.2141008377261726e-12,2.2152319310140935e-21,1.0099544034440686e-34,5.047656199439304e-21,4.574269965081244e-30,1.4255884945000957e-48,0.00016512974762731232
1.2132132132132132,0.0016538625860265225,0.0012402272228455714,0.001448864332561988,3.1945921804325063e-27,3.5079623944614964e-12,4.052695534770434e-21,2.1256225041463315e-34,6.838436805920733e-21,6.633365589830775e-30,2.4048156189728806e-48,0.00016879494078990786
1.2252252252252251,0.001827595738372704,0.0012706271218368929,0.0013372513708796187,5.129620926415494e-27,5.5300358256062876e-12,7.38198389928274e-21,4.456621207688585e-34,9.25457755958096e-21,9.608915477516091e-30,4.0514394686219493e-48,0.00017253527605802182
1.2372372372372373,0.0020222875033744834,0.001307917785037717,0.0012295806679973379,8.220457287348292e-27,8.673942022569066e-12,1.3387722291464035e-20,9.308089017070122e-34,1.2510914368121599e-20,1.3904107321397883e-29,6.81674258347439e-48,0.00017635214695389443
1.2492492492492493,0.0022391403619801005,0.0013505297406072381,0.0011270208913782243,1.3147631962125964e-26,1.353694646389242e-11,2.4173800229396045e-20,1.936647443749256e-33,1.6894844318230274e-20,2.0097412557865655e-29,1.1454718045187114e-47,0.0001802469695427297
1.2612612612612613,0.0024793832944862756,0.0013968202492345885,0.0010306484471365918,2.098649714158332e-26,2.102038211945111e-11,4.3459822063908023e-20,4.0139859831520875e-33,2.2790404188475355e-20,2.9017866785039057e-29,1.922347437852591e-47,0.0001842211827271304
1.2732732732732732,0.0027441884276190563,0.0014451425585853982,0.0009414422365153308,3.343283701282271e-26,3.247702756455206e-11,7.779217083246084e-20,8.28774527585927e-33,3.071019339032181e-20,4.185227939287364e-29,3.2219539849306606e-47,0.0001882762485439434
1.2852852852852852,0.0030345777686235664,0.0014939080585930854,0.0008602813518478758,5.315539654308252e-26,4.992611668216518e-11,1.3864011901331912e-19,1.7046381704031935e-32,4.1337648279615495e-20,6.029774176734405e-29,5.393202854323926e-47,0.00019241365246350676
1.2972972972972974,0.0033513269410838063,0.0015416379702159037,0.000787945351241931,8.434558412799961e-26,7.636515225769859e-11,2.460068462547605e-19,3.4927162810729696e-32,5.558295998936133e-20,8.677832789218236e-29,9.01600512676939e-47,0.0001966349036912853
1.3093093093093093,0.003694873213356455,0.001587002252554253,0.0007251166257906383,1.3357285070099662e-25,1.162194066347198e-10,4.346211539102278e-19,7.129017945099872e-32,7.465695393569889e-20,1.247526575622947e-28,1.5052946469835633e-46,0.00020094153547188406
1.3213213213213213,0.00406523472124235,0.0016288446596159447,0.0006723842763579187,2.1111296042775294e-25,1.759860160966431e-10,7.64504563960147e-19,1.4495440641501277e-31,1.0016858815715882e-19,1.7914992589604935e-28,2.5099718924010414e-46,0.00020533510539542666
1.3333333333333333,0.004461946668231778,0.001666194196382269,0.0006302488557880193,3.3300630293822013e-25,2.6515133572099597e-10,1.3389212063924874e-18,2.936083930703623e-31,1.342534730294899e-19,2.5698735712756066e-28,4.1798064650865295e-46,0.00020981719570628725
1.3453453453453452,0.004884018573173182,0.001698264479197843,0.0005991273116509085,5.242408607678344e-25,3.9748954644842606e-10,2.3347255542081824e-18,5.9243520358668095e-31,1.797430872171616e-19,3.682435780435683e-28,6.9515790186712e-46,0.0002143894136141565
1.3573573573573574,0.005329914543061292,0.0017244435649518479,0.0005793574868674328,8.236641032082303e-25,5.928897184486195e-10,4.053430189003699e-18,1.1908268332395703e-30,2.403873194586173e-19,5.270925814196086e-28,1.1546509839930348e-45,0.00021905339160743168
1.3693693693693694,0.005797556349086237,0.0017442775618037765,0.0005712016006503379,1.291547153789742e-24,8.799105513477255e-10,7.006736256974106e-18,2.3844693752874486e-30,3.2114680319273457e-19,7.536451769982454e-28,1.915393339477633e-45,0.00022381078776891245
1.3813813813813813,0.006284347065505917,0.0017574516882444993,0.0005748482373482077,2.0212091283203995e-24,1.2993304519452488e-09,1.205910911117029e-17,4.7563114640615624e-30,4.2857648871762504e-19,1.07640385143116e-27,3.173256608720043e-45,0.0002286632860937852
1.3933933933933933,0.006787211456987834,0.0017637723673547443,0.0005904125105977282,3.1568437872019568e-24,1.9090499075198747e-09,2.066432543922826e-17,9.451141033592582e-30,5.713283464663498e-19,1.5357193636158482e-27,5.250400005993807e-45,0.00023361259680987752
1.4054054054054055,0.0073026483703090015,0.001763153439179751,0.0006179342369557654,4.9208008539785624e-24,2.7908186240102483e-09,3.525607565869994e-17,1.8708270560548774e-29,7.608094396951546e-19,2.1886523149373844e-27,8.676000519493909e-45,0.0002386604567001663
1.4174174174174174,0.007826790205218617,0.0017556087060769526,0.0006573741372544702,7.655249389692456e-24,4.059407996071281e-09,5.988990327339957e-17,3.6890836438233336e-29,1.0120423895027871e-18,3.1158029910573844e-27,1.4318144031904737e-44,0.0002438086294275154
1.4294294294294294,0.00835546509956394,0.0017412518975057829,0.0007086082742594384,1.188567235941275e-23,5.8750376152012454e-09,1.0129321111423313e-16,7.246676039549092e-29,1.3447891759403425e-18,4.4308954461496786e-27,2.3599014390328187e-44,0.00024905890586162814
1.4414414414414414,0.008884258646571382,0.0017203038879321983,0.0007714211199892969,1.8417429738889128e-23,8.460101258239382e-09,1.7057458906498944e-16,1.418060300913775e-28,1.7850171659849136e-18,6.2942112245696956e-27,3.884552407331981e-44,0.00025441310440818456
1.4534534534534533,0.009408573554603733,0.0016931057762871386,0.0008454978133406749,2.8482305855110526e-23,1.2121532734582366e-08,2.859932483811779e-16,2.764305789459224e-28,2.366809368321986e-18,8.931397579233522e-27,6.385987842419222e-44,0.00025987307134014916
1.4654654654654655,0.009923687387409057,0.001660135387474099,0.0009304163071071295,4.3960449697516624e-23,1.728051560384022e-08,4.774246818169621e-16,5.368006404766062e-28,3.1348506343732204e-18,1.2659770418145115e-26,1.0484679836690858e-43,0.0002654406811312202
1.4774774774774775,0.01042481009221416,0.0016220240151102762,0.001025640203006583,6.771579221951449e-23,2.451168421021055e-08,7.935271388342907e-16,1.0384259958807821e-27,4.14765969854497e-18,1.792505661094413e-26,1.719183536300633e-43,0.0002711178367913939
1.4894894894894894,0.01090714416644749,0.0015795698833680938,0.0011305131257694691,1.0410190038322171e-22,3.4594497964967775e-08,1.3131874541058932e-15,2.0011225701050806e-27,5.48178592255582e-18,2.5352660473670744e-26,2.8153299410493454e-43,0.00027690647020462637
1.5015015015015014,0.011365950831049776,0.0015337449107569083,0.0012442554869826973,1.5972327562828683e-22,4.858010706371727e-08,2.163714151139139e-15,3.841558669598902e-27,7.237252355820122e-18,3.5819114324215577e-26,4.604434941396528e-43,0.00028280854246855495
1.5135135135135136,0.011796625366444666,0.0014856919039579455,0.0013659644334290697,2.44578690474037e-22,6.787777510909566e-08,3.549616752508602e-15,7.346439766060134e-27,9.544607021463806e-18,5.055154627025577e-26,7.520788405870318e-43,0.00028882604423625924
1.5255255255255256,0.012194783835870698,0.0014367102382436853,0.0014946176635016824,3.7377468070479856e-22,9.43657889950971e-08,5.797912639674939e-15,1.3995295663177342e-26,1.2574046967111176e-17,7.126599350321082e-26,1.226846950341905e-42,0.0002949609960600282
1.5375375375375375,0.012556361889045107,0.0013882292913624064,0.0016290816326239754,5.700881314320225e-22,1.305327712342372e-07,9.429109891325745e-15,2.6559688087965377e-26,1.654721062900783e-17,1.0035951223723888e-25,1.9987450195871668e-42,0.0003012154487371081
1.5495495495495495,0.012877724416023825,0.001341770256750176,0.0017681244614418357,8.677906702513885e-22,1.7965641088900127e-07,1.5267880937416326e-14,5.021108835351622e-26,2.175240108717975e-17,1.4117670397755042e-25,3.2521037480559544e-42,0.00030759148365739215
1.5615615615615615,0.013155782772507039,0.0012988983193439286,0.0019104336188472903,1.3183441923080007e-21,2.4602783427807913e-07,2.46147870120352e-14,9.456101125235698e-26,2.856421547608073e-17,1.9837906229058115e-25,5.284590999918084e-42,0.0003140912131530259
1.5735735735735736,0.013388114405844894,0.0012611683824814337,0.0020546381881604097,1.9988651705944773e-21,3.352311226817037e-07,3.951144082631239e-14,1.7740278251090876e-25,3.7468826302303645e-17,2.7845622186159523e-25,8.576268364276934e-42,0.0003207167808498935
1.5855855855855856,0.013573078232518479,0.0012300684522140101,0.0021993352534654923,3.0246773042074037e-21,4.544888147938785e-07,6.31479620509375e-14,3.3154664146773323e-25,4.9096503986520874e-17,3.904328202534816e-25,1.390033726003591e-41,0.0003274703620209475
1.5975975975975976,0.013709918248845836,0.0012069653097776948,0.002343119679726708,4.567888044728453e-21,6.130855536681765e-07,1.0048603817298449e-13,6.172552129083797e-25,6.426340578863181e-17,5.468447006569168e-25,2.2500507188391306e-41,0.0003343541639413482
1.6096096096096095,0.013798847707582945,0.001193057167314142,0.0024846163206869347,6.88482191842175e-21,8.228832792237324e-07,1.5920703311804043e-13,1.1447769365181322e-24,8.402520848394491e-17,7.650855439814166e-25,3.6374687761109717e-41,0.00034137042624537734
1.6216216216216217,0.013841106779088194,0.0011893375851224793,0.002622513487753917,1.0356447982481773e-20,1.098942434295081e-06,2.511476672455581e-13,2.115012765873966e-24,1.0974586092491316e-16,1.0692623694737025e-24,5.87281388242302e-41,0.00034852142128507954
1.6336336336336337,0.013838987861981653,0.0011965740571211582,0.0027555963644998196,1.554783065227576e-20,1.4602644276534049e-06,3.9446335103157776e-13,3.8926125582261295e-24,1.431856157322752e-16,1.4927492723326714e-24,9.469634129674173e-41,0.0003558094544906071
1.6456456456456456,0.013795824468823664,0.0012153034163389974,0.002882778965885467,2.3295371017829998e-20,1.9306709402130928e-06,6.168719535231695e-13,7.136832106613796e-24,1.866136140370516e-16,2.0816981282689183e-24,1.524966003228219e-40,0.00036323686473220746
1.6576576576576576,0.013715941698342084,0.0012458446848435363,0.0030031332263929186,3.4834559128888363e-20,2.5398354061137766e-06,9.604936375264168e-13,1.3034847281695363e-23,2.429517023867897e-16,2.899859347217633e-24,2.452602264901551e-40,0.0003708060246838313
1.6696696696696696,0.013604568517127076,0.001288328333271425,0.003115913860543208,5.1986653493308433e-20,3.324480962934899e-06,1.4890363988190394e-12,2.3716065181178864e-23,3.1595793011195996e-16,4.0351939528280924e-24,3.939436373758121e-40,0.00037851934118830305
1.6816816816816818,0.013467714229055234,0.0013427392830957638,0.0032205777721962528,7.743089188675187e-20,4.329757143248518e-06,2.298411301426238e-12,4.298486836787344e-23,4.1046040008593214e-16,5.6089322319397226e-24,6.319475869612876e-40,0.00038637925562401464
1.6936936936936937,0.013312013469419588,0.0014089695437916854,0.0033167969906846037,1.1510058164866043e-19,5.610804362804183e-06,3.532336425047767e-12,7.76112904230603e-23,5.326549396066076e-16,7.78797000142239e-24,1.0124370607920223e-39,0.0003943882442731008
1.7057057057057057,0.013144545734315847,0.0014868752811667775,0.0034044643732421332,1.7075822490888052e-19,7.2345106407438495e-06,5.405159550884353e-12,1.3959523924726878e-22,6.904835622346878e-16,1.0801812776309852e-23,1.6199254011721905e-39,0.0004025488186910409
1.7177177177177176,0.012972636806654607,0.001576332491688021,0.003483691621769672,2.5282883375276877e-19,9.281458772266407e-06,8.235071991300793e-12,2.5012250828004204e-22,8.941150808394365e-16,1.496570979813078e-23,2.5885824620400884e-39,0.00041086352607764236
1.7297297297297298,0.012803650469155131,0.0016772854014387374,0.0035547995022777506,3.7360478323036405e-19,1.18480542052058e-05,1.2492201743716093e-11,4.46448611011319e-22,1.156554723484404e-15,2.071220290042382e-23,4.1311313433493375e-39,0.0004193349496493612
1.7417417417417418,0.012644779621175545,0.0017897822576930713,0.0036183005099625146,5.509841564948813e-19,1.5048814043511189e-05,1.8867900446568092e-11,7.938286727477493e-22,1.4944164649990831e-15,2.863410166838077e-23,6.584397061689609e-39,0.000427965709012894
1.7537537537537538,0.012502846355246969,0.0019139943174811703,0.0036748745735216805,8.109734767632243e-19,1.901878588296812e-05,2.8374058427948098e-11,1.4061082798227204e-21,1.9289003488515946e-15,3.9542956026277256e-23,1.0481007564100243e-38,0.0004367584605400106
1.7657657657657657,0.012384120691639088,0.0020502154800545983,0.0037253387209495096,1.1912832817289983e-18,2.39160516478599e-05,4.24847378914038e-11,2.4811184985540123e-21,2.487027744032451e-15,5.454852344952814e-23,1.6662112807560266e-38,0.0004457158977435475
1.7777777777777777,0.01229416747059447,0.002198842018091564,0.0037706119189243534,1.7464827480752116e-18,2.9924256435648205e-05,6.333712474994003e-11,4.361271128826734e-21,3.203200762147229e-15,7.516664482741186e-23,2.6454351646903643e-38,0.0004548407516545332
1.7897897897897899,0.012237730282349467,0.002360334044364563,0.0038116765345712475,2.5553736346662708e-18,3.7255085930204977e-05,9.401518075535374e-11,7.63687338250627e-21,4.121168568112502e-15,1.0346551640002961e-22,4.1947317297210763e-38,0.00046413579120036896
1.8018018018018018,0.012218660173508164,0.002535162480217345,0.0038495380404793417,3.731516581776847e-18,4.615059871714542e-05,1.3894796787958842e-10,1.3321560674347634e-20,5.296503811711412e-15,1.4226379590525785e-22,6.642801561786746e-38,0.0004736038235840113
1.8138138138138138,0.012239895107152841,0.0027237471303565505,0.003885184683651283,5.438225333971386e-18,5.6885302508316426e-05,2.0446610788593864e-10,2.31489731336996e-20,6.79971781613807e-15,1.9539860263112758e-22,1.0506023979586919e-37,0.00048324769466411157
1.8258258258258258,0.01230349371167021,0.0029263927888099534,0.003919548862747916,7.909879695614495e-18,6.976784671701483e-05,2.9957511218350783e-10,4.0072418946882745e-20,8.720174621424954e-15,2.680876533096312e-22,1.6594551481579005e-37,0.0004930702893360244
1.8378378378378377,0.012410723737501088,0.0031432309172606887,0.00395347190567059,1.1482155240975668e-17,8.514218905285358e-05,4.370244817781392e-10,6.910296693415639e-20,1.1171002886561345e-14,3.6741803579291706e-22,2.6177771588935183e-37,0.0005030745319136527
1.84984984984985,0.012562201956424735,0.0033741742288492136,0.0039876738149449776,1.6634808554843542e-17,0.00010338808200629454,6.347779244789988e-10,1.1870943640042654e-19,1.429525270281076e-14,5.030051452378377e-22,4.124201304189581e-37,0.0005132633865120396
1.8618618618618619,0.012758078200068397,0.003618890443430907,0.00402272935843549,2.405210308050485e-17,0.00012492071756009065,9.180244885371885e-10,2.031474231211452e-19,1.827360363321731e-14,6.878799994431777e-22,6.489138810750825e-37,0.0005236398574306585
1.8738738738738738,0.01299825216582851,0.0038767996174825267,0.004059051637022671,3.470796592804317e-17,0.00015018936654769994,1.3219149804885228e-09,3.46317976625203e-19,2.3334003290934204e-14,9.396827087463418e-22,1.0197044233840879e-36,0.0005342069895373313
1.8858858858858858,0.013282607925389588,0.004147096955397936,0.0040968839701577735,4.998573990684181e-17,0.00017967485411253778,1.895265282626064e-09,5.881343141616706e-19,2.976370556710352e-14,1.2822658822386798e-21,1.6003006212008886e-36,0.0005449678686526985
1.897897897897898,0.013611248200259102,0.004428800128347808,0.004136300616800266,7.18462233953326e-17,0.00021388572594209382,2.7055411861005207e-09,9.949835387361389e-19,3.792428793881758e-14,1.7478462896656117e-21,2.5082387793235803e-36,0.0005559256219351859
1.90990990990991,0.01398470885082407,0.004720817176139909,0.004177216505576462,1.0306296209857101e-16,0.000253352982393698,3.845531751287262e-09,1.6768464696295942e-18,4.827036264014171e-14,2.3798889103809433e-21,3.92623434791775e-36,0.0005670834182663822
1.921921921921922,0.014404134011859613,0.005022028391846763,0.004219405796244529,1.475509984829236e-16,0.0002986232900248714,5.4422342557261316e-09,2.8151975412622127e-18,6.137286232472352e-14,3.2369681939295744e-21,6.137953526413773e-36,0.0005784444686367629
1.9339339339339339,0.014871394110585504,0.0053313735252442495,0.004262528746234513,2.1082521013572065e-16,0.00035025062270731917,7.668618396245346e-09,4.708285218787537e-18,7.794798378718481e-14,4.397931667658746e-21,9.583210185579e-36,0.0005900120265316892
1.9459459459459458,0.015389132649470444,0.005647934476237891,0.0043061660218205325,3.00637940486718e-16,0.0004087863372392383,1.0759116132054539e-08,7.844316753362043e-18,9.889312130818956e-14,5.968797167189738e-21,1.4943023285463707e-35,0.0006017893883175926
1.957957957957958,0.015960732938982324,0.005971003582042866,0.004349859283154361,4.278641409527917e-16,0.0004747677503695151,1.5029902565151756e-08,1.3019254326562711e-17,1.2533142384499e-13,8.091955072575639e-21,2.3270514057033471e-35,0.0006137798936282901
1.96996996996997,0.01659020252784795,0.006300128712317576,0.0043931565949353124,6.07727444318972e-16,0.0005487053539325018,2.0905299265050003e-08,2.152563135209957e-17,1.586669791582098e-13,1.0958431651503584e-20,3.6192078701630137e-35,0.0006259869257513237
1.981981981981982,0.01728198032055925,0.006635128619826782,0.004435660978280567,8.614948085945779e-16,0.0006310688801832078,2.89519515550029e-08,3.545395267268068e-17,2.0065307692840587e-13,1.4824212849370444e-20,5.62161535701115e-35,0.0006384139120142724
1.993993993993994,0.018040678588356666,0.00697607515902661,0.0044770802323146446,1.2188137273774888e-15,0.0007222725075455824,3.992281273859901e-08,5.817181072543593e-17,2.534765486280435e-13,2.0031947773755372e-20,8.720648409253635e-35,0.0006510643241709297
2.006006006006006,0.018870778516125286,0.007323242768602608,0.004517276023682573,1.7209286544545571e-15,0.0008226595743299381,5.4813418129286434e-08,9.508233896972812e-17,3.1986184432954414e-13,2.703977135089922e-20,1.3510657399994138e-34,0.000663941678787282
2.018018018018018,0.01977630286825062,0.007677029613862291,0.004556310175771659,2.4250977653691884e-15,0.0009324872405012145,7.493345648449704e-08,1.5481986529239242e-16,4.031993096160358e-13,3.64595369713053e-20,2.0904714535665253e-34,0.0006770495376271885
2.03003003003003,0.02076049221462076,0.008037858551977629,0.004594486093429272,3.4106448096547898e-15,0.0010519116008861243,1.0199725124370078e-07,2.511269255661637e-16,5.077030978266345e-13,4.9107472411905304e-20,3.2303684498244444e-34,0.0006903915080376937
2.042042042042042,0.021825511553376004,0.00840606917293524,0.004632383338844714,4.787233295315927e-15,0.0011809738027433864,1.382374520535778e-07,4.057886182217286e-16,6.386053280097907e-13,6.607121788255018e-20,4.985399199600711e-34,0.0007039712433338582
2.054054054054054,0.02297221198277151,0.008781814194025336,0.004670883533788956,6.706154393235109e-15,0.0013195877519460329,1.865470087801561e-07,6.532007308949429e-16,8.023945176587344e-13,8.879844106682396e-20,7.6840093205931405e-34,0.0007177924431830436
2.066066066066066,0.024199967483776886,0.00916497416196316,0.004711186003908928,9.375692602509068e-15,0.0014675300010953043,2.5065535195465046e-07,1.0474515013528186e-15,1.0071080296908302e-12,1.1921383775556004e-19,1.182812465148547e-33,0.0007318588539885533
2.078078078078078,0.025506600332790435,0.009555103600162524,0.004754811900359187,1.3081996497537182e-14,0.0016244323963649867,3.353456266063738e-07,1.6732541079633577e-15,1.2626903323390628e-12,1.5987343094017019e-19,1.818377176075216e-33,0.0007461742692725149
2.09009009009009,0.026888400862855672,0.009951419444888003,0.004803595926883416,1.8217364746534673e-14,0.0017897780154336037,4.467208054170948e-07,2.6627528390979265e-15,1.581431346360186e-12,2.1416782178398668e-19,2.791850266385133e-33,0.0007607425300579484
2.1021021021021022,0.0283402390860971,0.010352839019931842,0.004859665256204394,2.5318497872852588e-14,0.001962900855453222,5.925275188540139e-07,4.221249973731796e-15,1.9785021263536634e-12,2.8658961072872934e-19,4.28095189629175e-33,0.0007755675252498884
2.114114114114114,0.02985575799440834,0.010758070226153597,0.00492540572319582,3.511811319164921e-14,0.0021429896280942967,7.825474517693273e-07,6.666422494197347e-15,2.4726086866921684e-12,3.8308483833300795e-19,6.555844607873294e-33,0.0007906531920154843
2.126126126126126,0.03142763203150268,0.011165751501007123,0.0050034159141798176,4.861443799642809e-14,0.0023290958904273514,1.0290671244656043e-06,1.0487849596011322e-14,3.086789049246105e-12,5.115143049265805e-19,1.0026677232093363e-32,0.0008060035161629656
2.138138138138138,0.03304786997445496,0.011574633929377359,0.005096450308255765,6.716456731487628e-14,0.0025201465896174764,1.3474377459801527e-06,1.6436988015067732e-14,3.84938369123985e-12,6.822584162644711e-19,1.5315299789810517e-32,0.0008216225325193808
2.15015015015015,0.03470813971437144,0.011983793167073438,0.005207353141386134,9.260960455031172e-14,0.0027149609316648826,1.7567375299842977e-06,2.5662592701098105e-14,4.795215661814609e-12,9.090092830121441e-19,2.3363293060056117e-32,0.0008375143253070094
2.1621621621621623,0.03640009329759184,0.012392855036652892,0.0053389851292490655,1.274420341551946e-13,0.002912271306795007,2.2805493175146573e-06,3.991367139247484e-14,5.967023896672861e-12,1.2098068337798938e-18,3.5594483949536213e-32,0.0008536830285183223
2.174174174174174,0.03811567384839456,0.012802216147679934,0.0054941455733055,1.7502908260793275e-13,0.0031107478249006795,2.947866460903441e-06,6.184235826234923e-14,7.417201904225716e-12,1.6083925276845564e-18,5.415909995111904e-32,0.0008701328262894097
2.186186186186186,0.039847391087549984,0.01321323993188678,0.005675492661325856,2.399101348333479e-13,0.0033090258428285753,3.7941395828071394e-06,9.545397266656792e-14,9.209904272778439e-12,2.1359759508544773e-18,8.230008283999662e-32,0.0008868679532717631
2.1981981981981984,0.0415885582838476,0.013628409175753612,0.005885464938541242,3.281918785391465e-13,0.003505735710807034,4.8624759161914954e-06,1.4677293325108843e-13,1.1423595647092183e-11,2.8335375279173674e-18,1.2490194640755635e-31,0.0009038926950022802
2.21021021021021,0.04333348968247636,0.014051418438617477,0.0061262069547984264,4.4807211929317937e-13,0.0036995338372550306,6.20500133183762e-06,2.2482383834927525e-13,1.4154131283027106e-11,3.754826528723176e-18,1.8931204352786381e-31,0.0009212113882714135
2.2222222222222223,0.04507766279190451,0.01448719348727352,0.006399501980646105,6.105326155445789e-13,0.0038891340781169455,7.884392743641768e-06,3.4307067649571497e-13,1.7518475405348033e-11,4.970259736296161e-18,2.8656779871494907e-31,0.0009388284214893351
2.234234234234234,0.04681785355779994,0.014941829769913699,0.006706714433964542,8.302534221940753e-13,0.004073338405864104,9.9755852269886e-06,5.215190225447961e-13,2.1659183824512945e-11,6.5719854050807595e-18,4.332281241957361e-31,0.0009567482350499958
2.2462462462462462,0.0485522538410522,0.015422447625327084,0.007048744280337125,1.1268168582948067e-12,0.0042510658095722825,1.2567653781751452e-05,7.897734008182701e-13,2.674980114506897e-11,8.680453086726546e-18,6.541028043864859e-31,0.0009749753216929748
2.2582582582582584,0.05028057952267958,0.015936967965591835,0.007425995185015012,1.5262892799647786e-12,0.004421378423786246,1.5765864129655685e-05,1.1914646088545622e-12,3.300135103679007e-11,1.1452927109711545e-17,9.863146818831222e-31,0.000993514226863001
2.27027027027027,0.052004174140054045,0.016493818159752083,0.00783835762930258,2.0632945386343946e-12,0.004583503980224142,1.9693880197515435e-05,1.79063310796368e-12,4.0670131151577776e-11,1.509450576486656e-17,1.4853373657870082e-30,0.0010123695490670233
2.2822822822822824,0.053726107742547505,0.017101583378127703,0.008285207591860745,2.783725834685978e-12,0.0047368538198196515,2.4496107987091102e-05,2.680892762066249e-12,5.006706317546743e-11,1.9872366902785255e-17,2.233957161497497e-30,0.0010315459402287096
2.294294294294294,0.05545126446417973,0.01776862336722555,0.008765420770804652,3.748284508020866e-12,0.004881035887276082,3.0340146406891287e-05,3.998528694913874e-12,6.156889415152434e-11,2.6134162952823913e-17,3.355557652071349e-30,0.001051048106040249
2.3063063063063063,0.057186406153946115,0.018502678201844598,0.009277401720472938,5.037087470195986e-12,0.005015862347603543,3.74193054445678e-05,5.941136564561467e-12,7.563159868307036e-11,3.4331746011388855e-17,5.033785469236666e-30,0.0010708808063113486
2.3183183183183185,0.05894019433252447,0.019310488752325116,0.009819126729420518,6.7556523711318106e-12,0.005141351703073251,4.595514097028194e-05,8.794031670831917e-12,9.280639417492036e-11,4.505173134075302e-17,7.541623349941516e-30,0.0010910488553152783
2.33033033033033,0.060723149704870714,0.02019745822373008,0.010388198800235197,9.042654789569402e-12,0.005257725536931513,5.619994374640566e-05,1.2967502619186202e-11,1.1375885432175757e-10,5.905482389165228e-17,1.1284312818970237e-29,0.001111557122131844
2.3423423423423424,0.06254752816411356,0.021167380050810192,0.010981912726565473,1.2079959162328905e-11,0.005365400253303666,6.843910823327162e-05,1.9049131496024768e-11,1.3929169124032548e-10,7.732636058785945e-17,1.6862638973688108e-29,0.0011324105309871758
2.354354354354354,0.06442709505019195,0.02222225462264344,0.011597328009060591,1.610556026387188e-11,0.005464974407011147,8.299329497412391e-05,2.787694962362368e-11,1.7037187582875704e-10,1.0114119029514203e-16,2.516611159396681e-29,0.0011536140615901755
2.3663663663663663,0.06637678536380855,0.02336221280222703,0.012231347211575445,2.1430241488286616e-11,0.005557212409224248,0.00010022028925574724,4.064127345123557e-11,2.0816288124324736e-10,1.321468602404038e-16,3.7509981496211225e-29,0.0011751727494655059
2.3783783783783785,0.0684122462741677,0.0245855581337566,0.012880797325322746,2.8458968130031697e-11,0.005643025543240189,0.00012051644899782774,5.902583477972605e-11,2.5406296821944404e-10,1.7247014795307856e-16,5.583644273202469e-29,0.0011970916862829905
2.3903903903903903,0.07054926883654801,0.02588893223832706,0.01354251176789112,3.771829825141479e-11,0.0057234513198481055,0.0001443176271151774,8.540249579100958e-11,3.0975058606678466e-10,2.248533288143176e-16,8.300969144518244e-29,0.0012193760201832822
2.4024024024024024,0.07280312732160552,0.02726759955138053,0.01421341077732103,4.9891422642344554e-11,0.005799632237420677,0.00017209944865934863,1.2309869277676906e-10,3.7723814262113003e-10,2.9282827246491145e-16,1.232480415616747e-28,0.001242030956099667
2.414414414414414,0.07518785576127522,0.028715838737358924,0.014890578147284735,6.586285344390391e-11,0.005872794985331888,0.0002043768216332917,1.7676312506994873e-10,4.589356037470551e-10,3.809386056877206e-16,1.8275590967130963e-28,0.001265061756075855
2.4264264264264264,0.07771550101098866,0.030227419422379418,0.015571332466440683,8.677528586388212e-11,0.0059442310416789835,0.00024170256321843543,2.528635268857689e-10,5.577256220715031e-10,4.950228757788713e-16,2.706468718592922e-28,0.0012884737395796439
2.4384384384384385,0.08039539868323,0.03179613498770857,0.016253291254377984,1.1410178027128038e-10,0.006015279472617563,0.0002846650309298896,3.603611647467556e-10,6.770521699293536e-10,6.425750346178247e-16,4.002900358383045e-28,0.0013122722838122864
2.4504504504504503,0.083233521804255,0.03341635577139491,0.016934426614003115,1.4973717823178728e-10,0.006087312549611071,0.0003338846614864411,5.116206538557156e-10,8.210249679725907e-10,8.332028106400008e-16,5.912712167644498e-28,0.0013364628240134246
2.4624624624624625,0.08623195137766018,0.035083562808506434,0.01761311123750398,1.961136060758801e-10,0.006161724574452239,0.0003900093393534361,7.236315955729231e-10,9.945423640924574e-10,1.0792098556695041e-15,8.722458106788997e-28,0.0013610508537614718
2.4744744744744747,0.08938851298503098,0.03679482077466398,0.018288153808424305,2.5634606946066016e-10,0.00623992405442823,0.0004537085421880317,1.019641393929375e-09,1.203435733431248e-09,1.3963342084590539e-15,1.2850832059278365e-27,0.0013860419252692568
2.4864864864864864,0.0926966143213292,0.03854915047756089,0.01895882304025886,3.344155448545813e-10,0.0063233291174648164,0.0005256662417336042,1.43132760535351e-09,1.4546389462253777e-09,1.8046839311355843e-15,1.8908793153105606e-27,0.0014114416496748073
2.4984984984984986,0.09614530578587144,0.04034776621712353,0.019624859791534784,4.3539867941246103e-10,0.006413365816068005,0.0006065725757260765,2.0016747400638213e-09,1.7563869937005345e-09,2.3299211489105294e-15,2.7786675350577335e-27,0.001437255697327127
2.5105105105105103,0.09971957095231243,0.04219415146568629,0.020286476910619734,5.657552786579397e-10,0.006511468755451032,0.000697114348419642,2.7887662572989343e-09,2.1184484817397144e-09,3.0047586508814016e-15,4.0780221629464504e-27,0.001463489798066802
2.5225225225225225,0.10340083725223093,0.04409395715377104,0.020944346702932406,7.33687261238013e-10,0.006619083309883649,0.0007979644634029991,3.870759563635014e-09,2.552397406970645e-09,3.870849297996653e-15,5.9772690021655354e-27,0.0014901497415012938
2.5345345345345347,0.10716768103854991,0.046054719639512284,0.021599576189047173,9.495857727851465e-10,0.00673766857396022,0.0009097704411102148,5.3523824359952235e-09,3.0719304306343683e-09,4.981168479989762e-15,8.749762240547791e-27,0.001517241377274753
2.5465465465465464,0.11099668688739696,0.0480854092035804,0.022253670639971027,1.2265867706923788e-09,0.00686870014068854,0.0010331422231632827,7.373376088355065e-09,3.693236773499661e-09,6.403014682889968e-15,1.279174931989804e-26,0.0015447706153322207
2.5585585585585586,0.11486340994769861,0.050195833503362736,0.022908486234652473,1.5812597271140409e-09,0.007013671810566139,0.001168639514465773,1.0119416072103077e-08,4.435428882665467e-09,8.221783996073993e-15,1.867686035558689e-26,0.0015727434261780596
2.5705705705705704,0.11874338344447491,0.05239593265044412,0.02356617307586607,2.0344592738564846e-09,0.007174095415259558,0.0013167589596296573,1.383617067990929e-08,5.321043181996234e-09,1.0545712477886927e-14,2.7234415165056233e-26,0.001601165841128411
2.5825825825825826,0.12261311172074155,0.0546950123297492,0.024229110207395398,2.612375773266945e-09,0.0073514980817824555,0.0014779214905550058,1.8847311174668547e-08,6.3766215270315625e-09,1.3511827392435157e-14,3.9661806611055224e-26,0.001630043952557603
2.5945945945945947,0.1264509925571577,0.057100967737272676,0.02489983467421201,3.3478281069563398e-09,0.00754741645955968,0.0016524602144519138,2.5577472936821324e-08,7.633385458641223e-09,1.7293406478633854e-14,5.768557094625452e-26,0.001659383914138259
2.6066066066066065,0.1302381204626715,0.05961955345202326,0.025580967029123464,4.281850614143263e-09,0.007763387671065893,0.001840609234034591,3.458138567780595e-08,9.128017004932507e-09,2.2109316116177057e-14,8.379192524937724e-26,0.0016891919410750294
2.6186186186186187,0.13395893419064867,0.062253752418014945,0.02627513598246158,5.4656362920008556e-09,0.008000937011396104,0.002042493801970144,4.6580648475506806e-08,1.0903561636784759e-08,2.8235687554439968e-14,1.2155628558382469e-25,0.0017194743103317101
2.6306306306306304,0.1376016855184055,0.06500329112998544,0.026984905084598873,6.962910325135094e-09,0.00826156269562851,0.0022581222082052126,6.250992578070495e-08,1.301047105911469e-08,3.6020498967000635e-14,1.7611362556218116e-25,0.0017502373608516378
2.6426426426426426,0.1411587207405102,0.06786433840748647,0.02771270439703878,8.852822000213321e-09,0.008546718216642053,0.0024873797802550963,8.357468771678965e-08,1.5507805839197882e-08,4.590176447329557e-14,2.5482896334059553e-25,0.0017814874937711728
2.6546546546546548,0.14462657978372367,0.07082941264297171,0.02846077002618192,1.1233459372332211e-08,0.008857793111791488,0.0027300253422234202,1.1132301545602578e-07,1.846462045812621e-08,5.843019486650572e-14,3.6825183328710766e-25,0.001813231172626095
2.6666666666666665,0.14800592899679899,0.07388750818628145,0.02923109415398323,1.4226109997708587e-08,0.00919609312750865,0.0029856904281912343,1.477344429135195e-07,2.1961556246195767e-08,7.429739518088835e-14,5.31473183001659e-25,0.0018454749235507714
2.6786786786786787,0.1513013515546168,0.07702443676009538,0.030025387802485416,1.7980412976665598e-08,0.009562820901932036,0.0032538814803590877,1.9532931099061623e-07,2.6092670853457604e-08,9.437090936912555e-14,7.6605175206281565e-25,0.001878225335469922
2.6906906906906904,0.1545210236259385,0.08022336565988274,0.0308450580278452,2.2680572833236265e-08,0.009959058345936465,0.0035339851833904165,2.573026700462112e-07,3.0967536439850274e-08,1.1973772182715724e-13,1.1027452323001282e-24,0.0019114890602827624
2.7027027027027026,0.15767630513494268,0.08346552202697306,0.031691200579079856,2.855283479052759e-08,0.010385751885499641,0.003825276995978443,3.376873779870848e-07,3.6713642673474367e-08,1.5175819084741734e-13,1.5853771699912406e-24,0.0019452728130394492
2.714714714714715,0.1607812717561778,0.08673102253017596,0.0325646083127827,3.5874454205022604e-08,0.010843701630985714,0.004126932841624478,4.415517004834449e-07,4.3479144929848366e-08,1.9213283418910235e-13,2.276304474191685e-24,0.001979583372109555
2.7267267267267266,0.16385221075251793,0.08999978091196126,0.033465794870664235,4.498443073816398e-08,0.011333555364393006,0.004438043816458393,5.752374181944176e-07,5.143600281947686e-08,2.4298492850421537e-13,3.2641375669654736e-24,0.0020144275793424825
2.7387387387387387,0.16690709860800432,0.09325244231495228,0.03439503234947551,5.6296320723191026e-08,0.01185580799156588,0.004757633666599077,7.466451714805855e-07,6.078355936638313e-08,3.069625423489487e-13,4.674626471575966e-24,0.0020498123402195767
2.750750750750751,0.16996507429400418,0.09647129308487243,0.03535240097071313,7.031348958858987e-08,0.01241080680505033,0.005084678685290194,9.65574509288723e-07,7.175261684740554e-08,3.8736442088515123e-13,6.685990295431678e-24,0.0020857446239978166
2.7627627627627627,0.17304591936035002,0.0996410975873636,0.03633784813518678,8.764722058224116e-08,0.01299876256087668,0.005418129585199394,1.2441268339550859e-06,8.461007151198702e-08,4.882951077590333e-13,9.550474436822686e-24,0.002122231463844867
2.774774774774775,0.17616955537181636,0.10274981903992253,0.03735125376285479,1.0903815684210268e-07,0.01361976600838082,0.005756934818068237,1.597180120103386e-06,9.966417616541504e-08,6.148558601979889e-13,1.362462435761849e-23,0.0021592799569653347
2.7867867867867866,0.179355570517411,0.10578918890078441,0.03839249849936521,1.3538162148937402e-07,0.014273809147576673,0.006100064746245019,2.042944899957879e-06,1.1727050694469169e-07,7.733793278063497e-13,1.94117425964302e-23,0.0021968972647180493
2.798798798798799,0.18262278999844736,0.1087550983881251,0.03946153123388083,1.677574352395904e-07,0.014960810145770592,0.006446536021879977,2.6036115091239765e-06,1.3783871857364912e-07,9.717176723133132e-13,2.762135096075464e-23,0.0022350906127242046
2.810810810810811,0.18598890811800872,0.11164779565409358,0.04055843242197941,2.0746493332809528e-07,0.01568064054585964,0.0067954355023319545,3.3060989295230185e-06,1.6184018097873534e-07,1.2195958621859274e-12,3.9252355552795945e-23,0.00227386729096612
2.8228228228228227,0.18947020265071343,0.11447188248703066,0.041683469934609314,2.5606397352798215e-07,0.016433153163196167,0.007145943026360704,4.182915696632226e-06,1.8981659940256e-07,1.5290443508357574e-12,5.57092046331447e-23,0.0023132346538765275
2.834834834834835,0.19308135281611172,0.11723611470331992,0.042837144540507695,3.15422824779103e-07,0.017218208913258957,0.0074973523956825055,5.273143197518421e-06,2.223897300886882e-07,1.9149283209673447e-12,7.896390701600991e-23,0.0023532001204181513
2.8468468468468466,0.19683537993945882,0.11995302021798639,0.04402022264809156,3.8777393137263457e-07,0.018035700751912832,0.007849089950108658,6.623551210394719e-06,2.602723142437289e-07,2.3955942460303775e-12,1.1178170922313334e-22,0.002393771174153396
2.858858858858859,0.20074372398323553,0.12263835779267339,0.04523375455105978,4.757786604871364e-07,0.018885572952175828,0.008200730190353087,8.289854657909185e-06,3.0428036432171414e-07,2.993658795589256e-12,1.5803501488814822e-22,0.002434955363303979
2.870870870870871,0.20481645945653826,0.125310447314121,0.046479077104828195,5.826022606640703e-07,0.01976783408906624,0.008552007988256304,1.0338119195483712e-05,3.5534694872446406e-07,3.736970227697779e-12,2.2313945430001527e-22,0.002476760300800327
2.8828828828828827,0.20906264129215285,0.12798940882370147,0.04775780047399821,7.120003847940402e-07,0.02068256235433231,0.008902827026295797,1.2846321363508802e-05,4.145376337663795e-07,4.659778524543771e-12,3.1465880741486207e-22,0.002519193664320523
2.894894894894895,0.2134907563003236,0.1306963520675967,0.04907177930279511,8.684186622994494e-07,0.021629902166832346,0.009253264222757221,1.5906066531885822e-05,4.830677551997377e-07,5.8041578215089195e-12,4.431430172100326e-22,0.002562263196318668
2.9069069069069067,0.21810924047725092,0.13345256074985704,0.05042306934396679,1.0571069400311784e-06,0.022610051467557978,0.009603570021215688,1.962446469746817e-05,5.623217057139828e-07,7.221733369931346e-12,6.232875220963719e-22,0.0026059767040424097
2.918918918918919,0.22292700881661823,0.13627871567215658,0.051813871215714576,1.2842499481305664e-06,0.02362323957126685,0.009954164548103136,2.4126160309577098e-05,6.538744395751163e-07,8.975775612618049e-12,8.755349181708363e-22,0.002650342059539531
2.930930930930931,0.22795393446759885,0.13919419834656482,0.0532464635251091,1.5571162834781547e-06,0.024669695965761098,0.010305629765147279,2.9555507660157402e-05,7.595154109105994e-07,1.1143736233476368e-11,1.2282846908953809e-21,0.002695367199653313
2.942942942942943,0.23320120999903243,0.1422165114201275,0.054723128089235476,1.884227736600438e-06,0.025749610978384258,0.01065869785959089,3.607887796588376e-05,8.812751780089452e-07,1.3820315612662357e-11,1.720937697678439e-21,0.0027410601260065954
2.954954954954955,0.23868152654220853,0.14536084448534545,0.0562460703945828,2.275551114738072e-06,0.026863089739072175,0.011014236220001954,4.388707809486773e-05,1.0214549223116552e-06,1.7121168377199885e-11,2.4080849956416832e-21,0.002787428904974263
2.966966966966967,0.2444090173032936,0.1486398039192615,0.0578173387554281,2.742714830325238e-06,0.028010101331962498,0.011373229435473184,5.3197853982934334e-05,1.182659147431161e-06,2.118737415018701e-11,3.3652632517371965e-21,0.002834481667644017
2.978978978978979,0.2503989300467797,0.1520633138745533,0.05943874585791831,3.2992526259126106e-06,0.029190425416317167,0.011736758828203166,6.425844420722114e-05,1.367831840415156e-06,2.6190824710416207e-11,4.696851785885153e-21,0.002882226609765212
2.990990990990991,0.256667017371628,0.15563868322730143,0.06111179650200049,3.9608768884808476e-06,0.03040359888860078,0.012105980081894428,7.73481410364312e-05,1.580296394455529e-06,3.2340707205248645e-11,6.5468933095114014e-21,0.0029306719916856174
3.003003003003003,0.26322866176783055,0.15937082111608783,0.06283762537034185,4.745784062393779e-06,0.031648865331764364,0.012482099560126162,9.27808076934399e-05,1.8237996091480675e-06,3.98912965377822e-11,9.113900450634256e-21,0.002979826138275847
3.015015015015015,0.2700977817145582,0.16326257271423245,0.0646169485522355,5.674994694552936e-06,0.03292513004170489,0.012866349919884943,0.00011090729172296574,2.102560101059549e-06,4.915130941154615e-11,1.2671088411330706e-20,0.003029697438841361
3.027027027027027,0.2772855922609908,0.16731513806927642,0.06645003232048932,6.77273063064065e-06,0.03423092332785978,0.013259965616719105,0.00013211766547090585,2.4213214735391067e-06,6.049511872640814e-11,1.759398430195847e-20,0.0030802943470217455
3.039039039039039,0.28479931542978804,0.1715285310976175,0.0683366822901423,8.066831820118772e-06,0.035564374555720875,0.013664158871315666,0.00015684321600932443,2.785410610179191e-06,7.437618118718115e-11,2.4398050870497267e-20,0.0031316253806771845
3.051051051051051,0.2926409496213574,0.17590203377503175,0.07027625557151122,9.589215071803351e-06,0.036923199042088614,0.014080096625156748,0.0001855580986762856,3.2008014708183473e-06,9.134309438479024e-11,3.378988654568686e-20,0.0031836991217618644
3.063063063063063,0.3008062109623071,0.18043460252554247,0.07226769786304617,1.1376376922879436e-05,0.03830469944486036,0.014508878958291564,0.00021878056107159718,3.6741847821825296e-06,1.1205877369759015e-10,4.6736804898180926e-20,0.0032365242161841363
3.075075075075075,0.30928375226665117,0.18512518970653274,0.07430960661487411,1.3469942533364222e-05,0.039705782730490656,0.014951519378466541,0.00025707363821567955,4.213044026853016e-06,1.373233258059396e-10,6.456126110107674e-20,0.0032901093736533034
3.0870870870870872,0.31805474719690885,0.18997295244087706,0.07640032044332049,1.5917262186335604e-05,0.041122993181895925,0.01540892732132432,0.00030104521501797044,4.825738143862793e-06,1.6810129632037904e-10,8.906882186164066e-20,0.003344463367512763
3.099099099099099,0.32709289977234807,0.19497733300962378,0.07853803391147726,1.8772056552829066e-05,0.04255256125947881,0.015881893129476403,0.0003513473496052091,5.521591361468771e-06,2.05554086161683e-10,1.227213556559245e-19,0.0033995950345593706
3.111111111111111,0.3363649050998737,0.20013800844733368,0.08072093564250098,2.2095111360517363e-05,0.04399046748224267,0.016371075707094573,0.00040867475082111674,6.310990587093084e-06,2.510784673650678e-10,1.6887109949244856e-19,0.003455513274848836
3.123123123123123,0.34583134943921867,0.20545472054917516,0.08294736654208171,2.5955021478997378e-05,0.045432519888919665,0.016876992978996093,0.00047376230570995135,7.205490780621738e-06,3.0635228670748765e-10,2.320765640110704e-19,0.0035122270514869307
3.135135135135135,0.3554480002435393,0.21092700983255186,0.08521599372410585,3.0428983694381015e-05,0.04687444310293336,0.01740001522126098,0.0005473815583948329,8.217928734707605e-06,3.733886281424351e-10,3.1852830215144235e-19,0.0035697453904063804
3.1471471471471473,0.36516740344870124,0.21655388683058732,0.08752599461491034,3.56036365856709e-05,0.048311976588050705,0.0179403612758964,0.0006303360507765504,9.362545678926854e-06,4.5459991604677343e-10,4.366219565962743e-19,0.003628077380129172
3.159159159159159,0.37494067942505105,0.22233348041324089,0.08987724471607825,4.15759449303635e-05,0.04974097936603712,0.01849809761603972,0.0007234554481751082,1.0655119113059989e-05,5.528736847699197e-10,5.977284657900911e-19,0.0036872321715141964
3.171171171171171,0.3847193932747227,0.22826270498553652,0.09227050169292315,4.845412495387597e-05,0.05115753828828028,0.01907314019114257,0.0008275883896091496,1.2113104257835879e-05,6.71662020459705e-10,8.172278301040719e-19,0.003747218977489938
3.183183183183183,0.39445737109629897,0.23433698620134438,0.0947075778817316,5.635860549604934e-05,0.05255807691640214,0.019665258953429604,0.0009435940229691065,1.3755785488626474e-05,8.150870037081087e-10,1.1158947071882237e-18,0.0038080470727721
3.195195195195195,0.404112341737077,0.24055007853482613,0.09719149302253081,6.54230188000372e-05,0.05393946216942388,0.020274084947079225,0.001072332209898152,1.5604438088213867e-05,9.880648519070334e-10,1.5217530059180604e-18,0.0038697257935659565
3.2072072072072073,0.4136473024179659,0.24689399840505447,0.09972659906448356,7.579521313924437e-05,0.055299106125107085,0.020899119829009008,0.001214652413649772,1.7682500618278946e-05,1.19645188468772e-09,2.0725547874069754e-18,0.003932264537253251
3.219219219219219,0.4230315342817431,0.2533590846645601,0.10231866928369794,8.763827789502511e-05,0.05663506070035634,0.021539747683498596,0.0013713813153131025,2.0015758165084147e-05,1.447215921521397e-09,2.819089038700678e-18,0.0039956727620634345
3.2312312312312312,0.43224122728514475,0.2599341855041769,0.10497494470865419,0.00010113156999368739,0.05794610335267669,0.02219524899052491,0.0015433092392256854,2.2632536662353706e-05,1.7486372753535054e-09,3.829592012829182e-18,0.004059959986729133
3.2432432432432434,0.4412597092471297,0.26660695865252165,0.10770413196009232,0.000116471728822246,0.059231812409073374,0.0228648166078419,0.0017311755066210957,2.5563908433020918e-05,2.1105441387548478e-09,5.195617711535084e-18,0.004125135790125593
3.255255255255255,0.4500773074275255,0.2733642615352593,0.11051634805590847,0.00013387366488907846,0.06049263110502685,0.023547573627663784,0.0019356528769350614,2.8843909020765136e-05,2.5445878791439134e-09,7.039841069625871e-18,0.004191209810893958
3.2672672672672673,0.45869089915794686,0.28019260093169635,0.11342300946577438,0.00015357150560338224,0.06172991986844294,0.024242592968474946,0.002157331277916902,3.250976530158991e-05,3.0645645777952846e-09,9.526415714318917e-18,0.00425819174704818
3.279279279279279,0.4671032278810511,0.28707860835247273,0.1164366646666836,0.00017581947964630644,0.06294599677827077,0.024948918559253526,0.002396701067819568,3.6602134774632473e-05,3.686790075288304e-09,1.2874703481536834e-17,0.004326091355565442
3.2912912912912913,0.47532207060533604,0.2940095080945467,0.11957077157674514,0.00020089271953175526,0.06414416643619737,0.025665587965701942,0.0026541361143913745,4.116535582953817e-05,4.430536836573829e-09,1.7377447962906068e-17,0.004394918451959855
3.3033033033033035,0.4833593416441851,0.3009735494065327,0.12283942344581263,0.00022908796014569288,0.06532873769097196,0.026391656294587063,0.0029298770149602206,4.6247708674739015e-05,5.318542135939701e-09,2.3424797036809848e-17,0.004464682909839259
3.315315315315315,0.4912302063238423,0.30796038161294825,0.12625702896510246,0.0002607241093536892,0.06650503073605386,0.027126221191998277,0.003224014818281198,5.1901686486616416e-05,6.377598401081059e-09,3.15360125577751e-17,0.00453539466044502
3.3273273273273274,0.4989522591339057,0.3149613601904432,0.1298379544271005,0.0002961426652255704,0.06767937406008429,0.027868448723580137,0.0035364756406209316,5.818427620361463e-05,7.639238062775065e-09,4.240126868555831e-17,0.00460706369217462
3.339339339339339,0.5065447966084735,0.321969781209419,0.13359613762555841,0.00033570795309559445,0.06885909157452749,0.028617599889383248,0.0038670065943410795,6.515724824190556e-05,9.14052695021411e-09,5.693667169745555e-17,0.0046797000500867734
3.3513513513513513,0.5140281897675137,0.3289810497558635,0.13754468474299583,0.00037980715461144194,0.07005247999236561,0.02937305748319231,0.004215163465570557,7.288745425026419e-05,1.0924982171166045e-08,7.635658226245174e-17,0.004753313835389087
3.3633633633633635,0.5214233380782721,0.3359927936133012,0.14169546265008678,0.000428850100182544,0.07126877621380345,0.030134352956874826,0.004580300587000559,8.144713185161764e-05,1.3043632541496843e-08,1.0226854847427356e-16,0.004827915204907957
3.3753753753753752,0.5287511701040689,0.34300493567850227,0.14605869977356803,0.00048326879587629854,0.0725181141246925,0.030901192895881228,0.004961563351062257,9.091421513769906e-05,1.555624200236214e-08,1.3679774426700522e-16,0.004903514370540588
3.3873873873873874,0.5360321478996545,0.35001973691450655,0.15064260893211393,0.0005435166558873609,0.07381146987076005,0.031673484654561046,0.005357883796543617,0.00010137264949191765,1.8532719109104323e-08,1.8274985510642334e-16,0.004980121598688953
3.399399399399399,0.5432857341064874,0.35704181635046445,0.15545304527084827,0.0006100674122772799,0.07516059437750211,0.03245136064209014,0.0057679796770529175,0.00011291270911470949,2.2054738618541393e-08,2.4382399102423433e-16,0.005057747209675571
3.4114114114114114,0.5505297923844514,0.36407814659099613,0.16049321164691416,0.0006834136748030571,0.07657793168217544,0.03323520069475074,0.006190357381872362,0.00012563131541620462,2.6217604467220233e-08,3.2489060156884356e-16,0.005136401577140901
3.4234234234234235,0.5577799115158616,0.37113801390424417,0.16576342255746404,0.0007640651153724395,0.07807652156648673,0.03402565192177193,0.006623319028198478,0.00013963235422420495,3.113238704989166e-08,4.3235372832019375e-16,0.0052160951274222225
3.4354354354354353,0.5650486681051005,0.37823292297360245,0.17126093600738304,0.0008525462540244898,0.0796698850545191,0.034823645373993836,0.007064973978440501,0.00015502698953259253,3.692837170368643e-08,5.746225250048587e-16,0.00529683833891383
3.4474474474474475,0.57234486820974,0.38537641967648995,0.1769798606572382,0.0009493938263701567,0.08137189158820084,0.03563040886152988,0.007513254957451721,0.0001719339712879944,4.375585970893444e-08,7.627241408539724e-16,0.005378641741408441
3.4594594594594597,0.5796728300650262,0.3925838024611606,0.18291114325860233,0.001055153716164754,0.08319660711823304,0.03644747524262,0.007965938853075142,0.0001904799344826671,5.178936796281618e-08,1.0110992270160263e-15,0.005461515915419523
3.4714714714714714,0.5870317842131364,0.3998716952315368,0.18904263887119951,0.0011703774411356103,0.08515812294487445,0.03727668552498687,0.008420672180451583,0.0002107996865912173,6.123127879813783e-08,1.338633028153256e-15,0.005545471491484623
3.4834834834834836,0.5944154707083766,0.40725746263337376,0.19535926376625132,0.0012956181853534868,0.08727036589012754,0.03812018616668123,0.008875001077928437,0.00023303648016028,7.231599723780652e-08,1.7699899420015535e-15,0.0056305191494493536
3.4954954954954953,0.601812004038064,0.4147584619493651,0.20184322835396026,0.0014314263773011326,0.08954689124826765,0.03898042003828683,0.009326405582395786,0.00025734226713619053,8.53146793273011e-08,2.3373384246861384e-15,0.005716669617731955
3.5075075075075075,0.609204055214099,0.4223911432954942,0.20847434502447504,0.001578344819325678,0.09200066090228874,0.039860110614001396,0.009772337807214513,0.0002838779312988206,1.0054060210329748e-07,3.0825772645102643e-15,0.005803933672568347
3.5195195195195197,0.6165693692846754,0.4301700295630318,0.2152304035435388,0.001736903381314446,0.09464380995878789,0.040762239095747756,0.01021026351979665,0.00031281349496309097,1.1835525326628577e-07,4.060204890913923e-15,0.0058923221372374325
3.5315315315315314,0.623881599084976,0.43810662714640497,0.2220876046640337,0.0019076132791410953,0.09748740618744088,0.04169001434079383,0.010637706491926685,0.000344328295916526,1.3917522675666348e-07,5.341012217865516e-15,0.005981845881266651
3.5435435435435436,0.6311113973512166,0.4462083353043497,0.22902104095318437,0.0020909609666043974,0.10054120739673303,0.04264683565639428,0.011052294877955438,0.00037861113038492524,1.6348001921319266e-07,7.016828654381417e-15,0.0060725158196175
3.5555555555555554,0.6382276748005211,0.45447743353931186,0.23600521252521306,0.0022874016781230244,0.10381342258092038,0.043636248740037735,0.011451808768109169,0.0004158603576623425,1.9182083174284562e-07,9.20661298557467e-15,0.006164342911850981
3.5675675675675675,0.6451989065571196,0.46291023067426285,0.243014564427173,0.0024973526682348234,0.10731048318645207,0.04466189527463977,0.011834227970457382,0.00045628396191004845,2.2483049157099062e-07,1.2064259120707414e-14,0.006257338161272899
3.5795795795795797,0.6519943574428989,0.4714964551904884,0.2500240318538292,0.0027211862028385992,0.11103683113095314,0.0457274569266081,0.012197778999597016,0.0005000995665254672,2.632346189848815e-07,1.5788585306636877e-14,0.0063515126140587085
3.5915915915915915,0.6585851005210803,0.4802189537017352,0.25700957915721667,0.002959222365957627,0.11499473023809073,0.046836594732022924,0.012540980196629246,0.0005475343964104949,3.0786417654030417e-07,2.0636099390644576e-14,0.006446877358357974
3.6036036036036037,0.6649447231915563,0.4890537440823356,0.26394871875226494,0.003211721754426994,0.11918410751481116,0.047992885082193376,0.012862683876908499,0.0005988251834328308,3.596695497726642e-07,2.693728837741101e-14,0.0065434435233782855
3.6156156156156154,0.6710496492319429,0.4979704436223059,0.27082099648232894,0.0034788781411339343,0.12360243019571598,0.04919975372411005,0.013162114402156477,0.0006542180103779953,4.197363216334687e-07,3.5117375647503795e-14,0.006641222278448398
3.6276276276276276,0.6768790496650451,0.5069330632894806,0.2776084307778651,0.003760811195083061,0.12824462372938106,0.050460409363362026,0.013438901103968039,0.0007139680887374319,4.893029165457262e-07,4.5722733409793664e-14,0.006740224832060608
3.6396396396396398,0.6824143649613331,0.5159011298006876,0.284295893999645,0.004057559353424732,0.133103034912887,0.05177777858704908,0.013693105047756653,0.000778339465773182,5.697803043104009e-07,5.94544431138104e-14,0.006840462430892246
3.6516516516516515,0.6876385098376666,0.524831070836228,0.2908714256887378,0.004369072946483147,0.13816744323470773,0.053154443903338074,0.01392523872010517,0.0008476046564456798,6.627739690626774e-07,7.72108772608168e-14,0.006941946358806137
3.6636636636636637,0.6925348737896863,0.5336777781073028,0.29732646903476206,0.004695207681560466,0.14342512221137402,0.05459258671546249,0.014136277847574904,0.0009220441959915396,7.701083640186969e-07,1.0014165028282656e-13,0.007044687935829948
3.6756756756756754,0.6970862602804452,0.5423962501311068,0.30365602370675204,0.005035718594694266,0.14886095115422338,0.056093937006101095,0.01432766470946989,0.001001946109195783,8.938540888027877e-07,1.2971587594229528e-13,0.007148698517114302
3.6876876876876876,0.7012739214228259,0.5509432125659124,0.30985871024953415,0.005390254581440527,0.15445757643457989,0.05765973140066301,0.014501302487955423,0.0010876052927204895,1.0363580426176338e-06,1.6780840103219484e-13,0.007253989491869685
3.6996996996997,0.7050768411418685,0.5592786188409924,0.3159367435076463,0.005758353617990979,0.16019561998250756,0.05929068110521971,0.014659540402332239,0.001179322807231357,1.200276823311072e-06,2.1680859302791907e-13,0.007360572282281822
3.7117117117117115,0.708471398364298,0.5673669466117756,0.3218958149631065,0.0061394387823866265,0.1660539315044123,0.060986950979755976,0.014805149595247731,0.0012774050765071952,1.3886136593798767e-06,2.797573830391017e-13,0.007468458342405672
3.7237237237237237,0.7114315049382997,0.5751782244805441,0.327744886413405,0.006532815182156538,0.17200987977904328,0.0627481507160014,0.014941289971400259,0.0013821629912256527,1.6047591789857215e-06,3.6051965400731925e-13,0.007577659157037894
3.735735735735736,0.7139292646092504,0.5826887461073221,0.33349590000722285,0.006937667889323073,0.17803967742139298,0.06457333875004741,0.015071468427398378,0.00149391091569202,1.8525363369724397e-06,4.640007772817788e-13,0.007688186240567583
3.7477477477477477,0.7159361445298252,0.5898814527534496,0.33916341221667884,0.007353060976339208,0.18411873271060064,0.06646103916438145,0.015199489147910814,0.001612965596417121,2.1362498374700087e-06,5.964182109412698e-13,0.007800051135805363
3.75975975975976,0.7174245951157618,0.5967459880537728,0.34476416176145813,0.0077779377371621815,0.1902220214719388,0.06840927143500755,0.01532939687085599,0.001739644972153292,2.4607404057273937e-06,7.656416683272561e-13,0.007913265412790698
3.7717717717717716,0.7183700031747129,0.6032784484400423,0.3503165837066657,0.008211122166366974,0.19632447158536315,0.07041559247160875,0.015465414235875672,0.0018742668857627501,2.831444278081838e-06,9.816185514281921e-13,0.008027840667577349
3.7837837837837838,0.7187528221150927,0.6094808678128962,0.3558402838228506,0.008651321756050292,0.20240135245702237,0.07247714999771306,0.015611874518688435,0.0020171476991183495,3.2544582931668678e-06,1.2569052492578054e-12,0.008143788520996969
3.795795795795796,0.7185606955767786,0.6153604851791526,0.3613554887164056,0.0090971316553988,0.20842866172276328,0.07459074593922714,0.015773151212579342,0.002168600813117883,3.7366109802729983e-06,1.6073296807637264e-12,0.008261120617400648
3.8078078078078077,0.7177903795124421,0.6209288491187722,0.3668824881162571,0.009547040221371497,0.21438350153784252,0.07675290814864173,0.01595358604143683,0.002328935095826583,4.285540051863393e-06,2.0528163010192804e-12,0.008379848623378596
3.81981981981982,0.7164492735491135,0.6262008137561633,0.37244108596307596,0.00999943597118433,0.22024443702761815,0.07895996850266383,0.01615741707153164,0.0024984532227420348,4.90977671623632e-06,2.6184119117424143e-12,0.008499984226457645
3.8318318318318316,0.7145563948214021,0.631193478365286,0.37805007654346257,0.010452615928443,0.22599182981426,0.08120814518508203,0.016388708627937485,0.002677449934195421,5.618837232814911e-06,3.335559290101734e-12,0.008621539133776694
3.843843843843844,0.712142664475668,0.6359251179401076,0.3837267608317402,0.01090479533513333,0.23160813998192906,0.08349362681406036,0.016651284713716796,0.002866210215955269,6.423322136095904e-06,4.243676193356186e-12,0.008744525070740078
3.855855855855856,0.7092504256703305,0.6404141460286876,0.3894865164733724,0.011354118681566215,0.23707819038943334,0.08581265600060148,0.016948667574773483,0.003065007410176724,7.335023554437078e-06,5.39211009321987e-12,0.00886895377964872
3.8678678678678677,0.7059321683008716,0.644678144647202,0.39534243253432705,0.011798671986131723,0.24238938788172426,0.08816160993629832,0.017284022951132023,0.0032741012649312525,8.367041046118367e-06,6.842554498256308e-12,0.00899483701830902
3.87987987987988,0.7022484955288845,0.6487329896461964,0.4013050173561571,0.012236496236704584,0.2475318966909908,0.09053707570393311,0.01766011340838719,0.0034937359316491515,9.533906366953567e-06,8.67203147655964e-12,0.009122186558619703
3.8918918918918917,0.6982654259887742,0.6525920936999741,0.40738198473659487,0.012665601886135087,0.2524987601587588,0.09293591818084584,0.018079260954698743,0.003724137920898563,1.0851717570616294e-05,1.0976567637195725e-11,0.009251014185136313
3.903903903903904,0.6940511788980533,0.6562657831370163,0.41357812036440944,0.01308398427583413,0.25728596785777313,0.09535533865577182,0.018543319923888035,0.003965514028000014,1.2338282824222417e-05,1.3875718128714135e-11,0.009381331693613444
3.915915915915916,0.6896726332099575,0.6597608190557345,0.419895227153687,0.013489639844386342,0.26189246625084095,0.09779292259550093,0.019053660850079746,0.004218049241019787,1.4013274296997999e-05,1.7518126066622967e-11,0.009513150889524799
3.9279279279279278,0.6851916830482424,0.6630800675566101,0.4263321450274032,0.013880582962763913,0.26632011219342544,0.10024667536608506,0.01961116578112723,0.00448190464468961,1.58983924484854e-05,2.2088344271078818e-11,0.00964648358656095
3.93993993993994,0.6806617274215331,0.6662223185923506,0.4328848379629388,0.014254863224397936,0.27057356986136705,0.10271504512003239,0.020216235184802898,0.004757215334748108,1.801754100411018e-05,2.7815193531678954e-11,0.009781341605104887
3.9519519519519517,0.6761245311184332,0.6691822481891095,0.4395465388806466,0.014610583007402693,0.27466015304939595,0.10519693249021743,0.020868806302018667,0.005044088358078415,2.039701285946787e-05,3.498198828756982e-11,0.009917736770685201
3.963963963963964,0.6716076753892326,0.671950515057406,0.4463079413449128,0.014945915117907379,0.27858961621431977,0.10769168716640841,0.021568382504058004,0.005342600694814946,2.3065687099833956e-05,4.393902834116781e-11,0.010055680912407251
3.975975975975976,0.6671227824286613,0.6745139803561394,0.4531574261287874,0.015259120317951002,0.2823738990916362,0.11019909185465211,0.022314072924800612,0.005652797299293417,2.6055237257600936e-05,5.511883602883442e-11,0.010195185861361918
3.987987987987988,0.6626646489465741,0.6768560389528623,0.46008131049632633,0.015548564538911687,0.2860268311476729,0.11271933451717815,0.023104641372755245,0.005974689217311499,2.9400350857102713e-05,6.905471450617657e-11,0.010336263449012291
4.0,0.6582113645744995,0.6789570520355226,0.46706410856236324,0.01581273558208303,0.2895638034828696,0.1152529701462576,0.023938563289297488,0.006308251797638622,3.3138960213120875e-05,8.64033172123584e-11,0.010478925505558224
4.012012012012012,0.6537254247986871,0.6807948741007778,0.4740887922350087,0.01605025911183008,0.2930014170105144,0.11780087362684896,0.02481408931587512,0.006653423016050071,3.731248435588492e-05,1.0797205434607555e-10,0.010623183858278625
4.024024024024024,0.6491557804878474,0.6823454714806935,0.4811370439299931,0.016259913753745973,0.29635711673002346,0.1203641854797803,0.02572931386997397,0.0070101019303514525,4.196608185122953e-05,1.3475232301535565e-10,0.010769050329851872
4.036036036036036,0.6444407021138461,0.6835836336086728,0.4881894943362926,0.016440645120307976,0.2996488226266734,0.12294425244244479,0.026682247011870726,0.007378147284893572,4.7148914169498045e-05,1.6795973789617125e-10,0.010916536736654084
4.048048048048048,0.6395112814752147,0.6844837808690641,0.495225940856904,0.016591578599561792,0.3028945680980578,0.12554256493372726,0.027670887814666173,0.007757376282945668,5.2914419130630744e-05,2.0908276369622424e-10,0.011065654887035453
4.06006006006006,0.6342953515019879,0.6850208728043727,0.5022255447847591,0.016712030758138464,0.3061121567796519,0.12816069346369255,0.02869329743020384,0.008147563544987494,5.932059381558896e-05,2.5994141516762374e-10,0.011216416579574692
4.072072072072072,0.6287215788491831,0.6851714165891798,0.5091670076408856,0.016801519228170417,0.30931884818161265,0.13080022598939048,0.029747670073002098,0.008548440270492848,6.643028618594495e-05,3.227580013950307e-10,0.011368833601311553
4.084084084084084,0.6227234763796237,0.6849145674322212,0.5160287292496294,0.01685977096810282,0.3125310816398421,0.13346270809211302,0.030832400221379803,0.008959693620101565,7.43114944942956e-05,4.0024225611373233e-10,0.011522917725957704
4.096096096096096,0.6162430936122172,0.6842333000439345,0.5227889519236231,0.016886728809633003,0.31576424673303305,0.13614958766748578,0.03194614445612736,0.00938096633421126,8.303767339854844e-05,4.956936234767252e-10,0.011678680712085878
4.108108108108108,0.6092341714761887,0.6831156144126869,0.529425896474491,0.016882556226648235,0.3190325065554413,0.1388621655890336,0.03308787651754044,0.009811856602963735,9.268804551364556e-05,6.131239687941024e-10,0.011836134301297367
4.12012012012012,0.6016645905027752,0.6815557215600867,0.535917896579788,0.016847640286637353,0.3223486781190802,0.1416015535411494,0.03425693435538537,0.010251918201352279,0.0001033479169455983,7.574045674703221e-10,0.011995290216368037
4.132132132132132,0.5935179949675692,0.6795551380164317,0.5422435382806137,0.016782592770168116,0.3257241717697363,0.14436863993235186,0.03545305816645713,0.01070066090174086,0.00011510899515588871,9.344419053342447e-10,0.012156160159372924
4.1441441441441444,0.5847945347684064,0.6771236041552924,0.548381811049103,0.01668824946918115,0.32916898893987445,0.1471640645080919,0.03667641865322416,0.011157551174465707,0.00012806970730032735,1.1513876141362335e-09,0.012318755809789533
4.156156156156156,0.5755107269956513,0.6742797339366919,0.5543122759733038,0.016565667699584577,0.3326917749461172,0.14998820199728174,0.03792763498671737,0.011622013185396452,0.00014233551697690781,1.4168887833761834e-09,0.012483088822580004
4.168168168168168,0.5656984954316682,0.6710513043246974,0.5600152552110368,0.016416122087480986,0.33629992099734174,0.15284115485979266,0.039207782209400695,0.012093430097371582,0.00015801923710355138,1.741385952066649e-09,0.012649170826252014
4.18018018018018,0.5554034944497883,0.6674751031925338,0.5654720450415734,0.01624109871088028,0.3399997072430056,0.15572275496306787,0.04051838806165779,0.012571145680308938,0.00017524133643078202,2.1374673120121692e-09,0.012817013420898951
4.192192192192192,0.5446828608061799,0.6635962753682026,0.5706651526938519,0.016042287699537843,0.343796476687158,0.1586325738117856,0.04186141945181219,0.01305446623253793,0.00019413023697852818,2.620289070634778e-09,0.012986628176219043
4.2042042042042045,0.5336025606817337,0.659467136830111,0.575578554768902,0.015821574414236313,0.34769482823700826,0.16156994078943812,0.04323925900818747,0.013542662813522193,0.00021482259947254315,3.2080735519016634e-09,0.013158026629514012
4.216216216216216,0.5222345093898865,0.6551454649074638,0.5801979726309693,0.01558102934307487,0.35169881614205784,0.1645339687459453,0.04465467234768192,0.01403497378566053,0.00023746359364726021,3.922698487006553e-09,0.013331220283667003
4.228228228228228,0.5106536380223273,0.6506923145411161,0.5845111577532568,0.01532289686587245,0.35581214268138545,0.1675235861793842,0.046110766865008736,0.014530607660289678,0.0002622071500808288,4.790393093731609e-09,0.013506220605100287
4.24024024024024,0.49893506663144416,0.6461694532825779,0.5885081778085405,0.015049583048419315,0.3600383312127991,0.17053757520818635,0.04761094298780399,0.015028746240386243,0.0002892161900379264,5.84255899981316e-09,0.013683039021712586
4.252252252252252,0.4871515198187249,0.6416365464341958,0.5921816924275575,0.014763642635874527,0.3643808676146243,0.17357461450638204,0.04915883895430054,0.015528548049804735,0.00031866282961983447,7.116736869662501e-09,0.013861686920796364
4.2642642642642645,0.4753710907566088,0.6371482543506212,0.5955272061339549,0.014467765419026843,0.36884329969984025,0.17663332637058465,0.050758270252519416,0.016029152036215903,0.0003507285543628685,8.657742787712569e-09,0.014042175646935324
4.276276276276276,0.4636554267909246,0.63275142282202,0.5985432851135318,0.014164762148394492,0.37342928629936645,0.17971232709473414,0.05241316491446622,0.01652968153225366,0.0003856043602890702,1.0519002081708365e-08,0.014224516499882057
4.288288288288288,0.45205837673813803,0.6284825520786445,0.6012317242735143,0.013857550169289716,0.37814259030109115,0.18281027983846487,0.054127495888081495,0.017029248456768148,0.00042349085730122426,1.276411238579677e-08,0.014408720732416268
4.3003003003003,0.4406251092487964,0.6243657191080634,0.6035976515530208,0.013549138946131063,0.3829870128707259,0.18592594917948405,0.055905211716852,0.01752695773554318,0.0004645983307313182,1.5468672400919867e-08,0.014594799548183587
4.312312312312312,0.42939168498133184,0.6204111020291124,0.6056495576815031,0.013242615636625037,0.38796626922599947,0.18905825653336808,0.057750166745636954,0.018021911918399497,0.0005091467568021029,1.8722418067808264e-08,0.014782764099515205
4.324324324324325,0.4183850439515984,0.6166142161455178,0.607399241533128,0.012941130866192273,0.3930838095298373,0.19220633560169156,0.05966605204510667,0.01851321596729816,0.0005573657677489593,2.2631713789211356e-08,0.014972625485228727
4.336336336336336,0.4076233537490539,0.6129559223086087,0.6088616638356499,0.012647884840459173,0.39834259154904783,0.19536958697019588,0.06165632820975884,0.018999982187909804,0.0006094945623783326,2.7322452990769237e-08,0.015164394748410219
4.348348348348348,0.39711665421634773,0.6094032136899913,0.610054705166412,0.012366113919095714,0.4037448145344551,0.19854773092434075,0.063724161138868,0.019481335275152972,0.0006657817579135413,3.2943429766293224e-08,0.0153580828741777
4.36036036036036,0.3868677291230515,0.6059107319126682,0.6109988277721534,0.01209907775810901,0.40929162617081544,0.20174085748472803,0.0658723618583157,0.019956417441454575,0.000726485179102305,3.9670251689540936e-08,0.015553700787426537
4.372372372372372,0.37687313452289856,0.60242291267294,0.611716644618839,0.011850047110275118,0.4149828162950626,0.20494947259673402,0.06810333138561392,0.020424393594972567,0.000791871580737396,4.770987317108766e-08,0.01575125935055657
4.384384384384385,0.36712431598476886,0.5988766189822338,0.6122324030260562,0.011622292355107103,0.4208165122914255,0.20817453934660649,0.07041901158113786,0.020884456533768504,0.000862216299974865,5.730583907932889e-08,0.015950769361181703
4.396396396396397,0.35760875190992597,0.595204090495306,0.6125713940699502,0.011419072811009286,0.4267888915760088,0.2114175130311946,0.07282084286526293,0.021335832120945402,0.0009378028351275696,6.874433981574421e-08,0.01615224154982186
4.408408408408408,0.34831106702170717,0.5913360222936476,0.6127593024528707,0.011243626863454436,0.432893926351521,0.2146803688916612,0.07530972961245197,0.02177778440509494,0.0010189223479670033,8.236119172524727e-08,0.016355686577577504
4.42042042042042,0.3392140683537674,0.5872045866880073,0.6128215145559464,0.011099162924527119,0.4391231748518916,0.21796562134409672,0.07788601395729243,0.022209620650040566,0.0011058730869870329,9.854987072320456e-08,0.016561115033787446
4.4324324324324325,0.33029966534592814,0.5827462263029907,0.6127824047581383,0.01098885122136275,0.44546563164971614,0.2212763336113131,0.080549458661451,0.02263069623783176,0.0011989597295697311,1.1777074242222855e-07,0.016768537433669736
4.444444444444445,0.3215496457616693,0.5779040737598992,0.6126646217054559,0.01091581639421716,0.45190764734374,0.2246161167875242,0.08329923959159265,0.02304041940925327,0.0012984926415486639,1.4056164893414132e-07,0.01697796421594602
4.456456456456457,0.3129462898673566,0.5726298894733453,0.6124883969752508,0.010883130869425486,0.4584329251848356,0.22798911755491738,0.08613394824367904,0.023438255806757877,0.0014047870532876547,1.6755003099283934e-07,0.017189405740449974
4.468468468468468,0.30447281640178936,0.5668854505638207,0.612270898479284,0.010893808958614954,0.4650225990667326,0.23139999401834496,0.08905160461627896,0.02382373278572443,0.0015181621520842527,1.9946678417568957e-07,0.017402872285719552
4.48048048048048,0.29611366494264585,0.5606433666095368,0.6120256500101873,0.010950801623441784,0.47165539394774764,0.23485387942721858,0.09204968058287105,0.02419644346127337,0.0016389400914653485,2.3716206987149643e-07,0.01761837404657398
4.4924924924924925,0.2878546298376139,0.5538873381153274,0.6117620366263418,0.011056991834999617,0.4783078663368184,0.2383563339035016,0.09512513373989948,0.024556050459539333,0.0017674449187649786,2.8162332532060954e-07,0.017835921131675297
4.504504504504505,0.2796828702926713,0.5466119079950614,0.6114849131916247,0.011215190449018829,0.48495471912687044,0.24191328467856715,0.098274451514201,0.024902289344291294,0.0019040014232601097,3.339957425950465e-07,0.018055523561074878
4.516516516516517,0.27158682882465407,0.5388217827828964,0.6111943304644428,0.011428132512116456,0.49156918194024707,0.24553095574314607,0.10149370510240763,0.025234971692092944,0.002048933908082901,3.956055138365982e-07,0.01827719126374558
4.528528528528528,0.26355609544411984,0.530530817485532,0.610885389800833,0.011698473910689644,0.4981234454004587,0.24921578821421883,0.10477861258973667,0.025553987791789006,0.002202564890125014,4.6798616945519976e-07,0.018500934075099392
4.54054054054054,0.2555812571135472,0.521760765784784,0.6105482339340749,0.012028788272552661,0.5045891354783023,0.2529743530993953,0.10812461036146075,0.025859308946968463,0.00236521373319324,5.529083673131685e-07,0.018726761734491205
4.5525525525525525,0.24765377090548576,0.5125398964379877,0.6101681775414692,0.012421564032027387,0.5109378123707758,0.2568132584713551,0.11152693168398513,0.02615098936316421,0.0025371952207594918,6.524135241637696e-07,0.01895468388270908
4.564564564564565,0.2397658948123538,0.5029015686471938,0.6097259775109471,0.012879201571811723,0.5171414773230054,0.260739053331526,0.11498069110185355,0.026429167604874064,0.0027188180757647274,7.688517157259004e-07,0.019184710059451007
4.576576576576577,0.23191070257652852,0.4928828457545142,0.6091982390566634,0.01340401035941722,0.5231730704320656,0.2647581306245339,0.11848097308102698,0.026694067610996602,0.002910383436074671,9.049243086783461e-07,0.01941684970078911
4.588588588588588,0.22408219874790455,0.4825232099048277,0.6085579501610753,0.013998206002121975,0.5290069427828519,0.2688766319480582,0.12202292313692097,0.02694599926093307,0.0031121832953365054,1.0637318264259448e-06,0.01965111213662101
4.6006006006006,0.21627553821925163,0.4718634222414175,0.6077751332806204,0.014663907152023228,0.534619287236939,0.2731003564758579,0.12560183952745865,0.02718535848737636,0.0033244989201378105,1.2488275905622003e-06,0.01988750658810939
4.612612612612613,0.2084873417086902,0.46094455543240775,0.6068175998721366,0.015403132201674576,0.5399885137758548,0.27743467646997144,0.12921326347594472,0.02741262693564835,0.003547599255509642,1.4642777213148187e-06,0.020126042165109527
4.624624624624625,0.20071608613367575,0.4498072091444908,0.605651790106016,0.016217795720731974,0.545095557417594,0.2818844615024633,0.1328530658240946,0.02762837117332134,0.003781739331932207,1.714728122646482e-06,0.02036672786358547
4.636636636636637,0.1929625376559161,0.4384909053431127,0.6042436771685026,0.017109704594752095,0.5499241092867218,0.2864540131450667,0.13651752800885034,0.027833241457719076,0.004027158688078785,2.005479120764764e-06,0.02060957256301554
4.648648648648648,0.18523018641250674,0.4270336494708938,0.6025597128773664,0.018080553838560512,0.5544607643170264,0.2911470114304417,0.14020341531260408,0.028027970072702177,0.004284079824557498,2.342568468182204e-06,0.02085458502378689
4.66066066066066,0.17752563648199673,0.41547163578773333,0.600567789025337,0.019131922068174812,0.558695082183936,0.29596647386094027,0.14390804045781164,0.02821336924985357,0.0045527067048664405,2.732863468698679e-06,0.021101773884580278
4.672672672672673,0.16985890314170551,0.4038390703707788,0.5982381870351607,0.02026526662690985,0.5626195612792455,0.3009147271642614,0.14762931580386143,0.028390328692751887,0.004833223320647025,3.1841630212140147e-06,0.02135114765974477
4.684684684684685,0.16224357234491882,0.39216808325650837,0.5955444872931771,0.02148191837277489,0.5662295287302307,0.30599339139836673,0.15136579265395703,0.02855981272641271,0.005125792339091505,3.705310421506121e-06,0.02160271473666345
4.696696696696697,0.15469678463218461,0.3804887016738808,0.5924644090758602,0.022783076145393582,0.569522952509775,0.31120337542108445,0.1551166864873509,0.02872285709714848,0.005430553851011871,4.306317800322331e-06,0.021856483373110105
4.708708708708708,0.14723901705872525,0.36882885893970785,0.5889805524479879,0.024169800941251197,0.5725001844726506,0.31654488219442733,0.15888188728967753,0.02888056545101,0.005747624238597509,4.998503112543519e-06,0.022112461694597452
4.7207207207207205,0.13989365144471214,0.35721441800201664,0.585081015030197,0.025643009835925205,0.5751636455858764,0.3220174219202184,0.16266195455099686,0.0290341055215915,0.0060770951822585895,5.79464062490999e-06,0.022370657691717585
4.732732732732733,0.13268633423723655,0.3456691944072267,0.5807598592110177,0.027203469700955562,0.5775174666126978,0.3276198306303037,0.166458096925082,0.029184705060271605,0.006419032826156916,6.709125877869564e-06,0.022631079217474738
4.744744744744745,0.12564415109786484,0.3342149701392878,0.5760174092649606,0.02885179077102989,0.579567098991519,0.33335029160521407,0.17027213698042828,0.02933364754389961,0.006773477122052476,7.758156119462296e-06,0.022893733984611045
4.756756756756757,0.11879465637370502,0.32287149675149934,0.5708603629147372,0.03058842012411839,0.5813189115730324,0.33920635688805467,0.1741064619082874,0.02948226769649001,0.007140441370924468,8.959927224622556e-06,0.023158629562925737
4.768768768768768,0.11216481218555689,0.3116564928236778,0.5653017080414141,0.0324136351430149,0.5827797892103053,0.34518496620741823,0.17796396147016152,0.029631946862642786,0.007519911981452443,1.0334848120621257e-05,0.023425773376588292
4.7807807807807805,0.10577990240032656,0.300585646329999,0.5593604423133011,0.0343275370314038,0.5839567489279636,0.35128246082824455,0.18184795485117344,0.02978410827114103,0.007911848463849706,1.1905773737242639e-05,0.023695172701445853
4.792792792792793,0.09966249197517814,0.2896726363272825,0.5530611011989346,0.03633004446104747,0.5848565885384871,0.3574945902091493,0.18576210842190755,0.029940212227484136,0.008316183676721982,1.3698257487278418e-05,0.023966834662325555
4.804804804804805,0.09383150127358417,0.2789291899199343,0.5464331078031737,0.03842088742899806,0.5854855811574805,0.3638165098466223,0.18971034668655537,0.03010175127398497,0.008732824343567947,1.5740824257547218e-05,0.024240766230332347
4.816816816816817,0.08830145777439731,0.268365189386656,0.5395099658126117,0.040599601404913754,0.5858492271459037,0.3702427693109685,0.1936967588982315,0.03027024535549356,0.009161651854241292,1.80652648513436e-05,0.024516974220142505
4.828828828828828,0.08308197461711324,0.2579888406141444,0.532328324118987,0.042865521848646324,0.5859520726449743,0.37676729019889227,0.19772550394454375,0.03044723702781174,0.009602523365149902,2.07069527684096e-05,0.024795465287293664
4.8408408408408405,0.07817748780260071,0.2478069078573452,0.5249269479672204,0.04521777917736139,0.5857976011533556,0.3833833345101517,0.2018007161421324,0.030634286744443722,0.01005527321017897,2.3705184136559588e-05,0.02507624592547175
4.852852852852853,0.07358726330577174,0.23782501195215233,0.5173456363369865,0.04765529425960693,0.5853882016256033,0.39008346476299455,0.20592641452536978,0.03083296825550021,0.010519714632287205,2.7103541518343155e-05,0.02535932246379524
4.864864864864865,0.06930566392984518,0.22804798034783277,0.5096241283651878,0.05017677451111196,0.5847252134547701,0.39685949795432374,0.2101064180726137,0.031044864150361524,0.010995641843449578,3.095028220495981e-05,0.02564470106409747
4.876876876876877,0.06532264563919377,0.21848022879398382,0.5018010426926548,0.05278071066373024,0.5838090455574813,0.40370245620388046,0.21434426908751109,0.03127156157313143,0.011482832418105927,3.5298751476449894e-05,0.025932387718207606
4.888888888888889,0.06162443640101377,0.20912614735660814,0.4939128925284516,0.055465374275019866,0.5826393637264522,0.4106025175559296,0.21864316665042305,0.03151464813700979,0.011981050022537292,4.020782115042946e-05,0.02622238824523013
4.900900900900901,0.05819433889439391,0.19999045870088636,0.48599321595420336,0.05822881604156145,0.5812153375720803,0.41754897090909465,0.22300591168666842,0.0317757080605138,0.012490047479642406,4.5742353559876394e-05,0.02651470828882464
4.912912912912913,0.05501359285050042,0.19107851507412912,0.4780718556602166,0.061068864974395544,0.5795359358544442,0.4245301793715386,0.22743486477720007,0.03205631854502329,0.013009570165439282,5.197369089237449e-05,0.02680935331448528
4.924924924924925,0.052062233580899266,0.1823965026009311,0.47017441516726216,0.0639831284900545,0.5776002569126674,0.43153355646821734,0.231931917379087,0.032358046409457344,0.013539359730293835,5.898016958763703e-05,0.027106328606820947
4.936936936936937,0.04931988999079224,0.17395152737850142,0.4623219100131221,0.06696899346566772,0.5754078793181087,0.43854555954114943,0.23649847664484322,0.03268244499405619,0.014079158134397857,6.684765922608139e-05,0.027405639266837097
4.948948948948949,0.046766476945622915,0.16575156699578217,0.45453062283703016,0.07002362830167791,0.5729592168809681,0.44555170437378777,0.24113546354939125,0.03303105134128809,0.014628711983410656,7.567012504801529e-05,0.027707290209218957
4.960960960960961,0.04438275164507654,0.15780528264617025,0.44681216130845897,0.07314398603089779,0.5702558617736352,0.45253660453834493,0.2458433235696551,0.03340538365788193,0.015187777146465678,8.555021292016099e-05,0.02801128615961754
4.972972972972973,0.042150719768232744,0.15012169979602127,0.43917370798076677,0.0763268085080904,0.5673008998213602,0.45948403822285855,0.25062204873242383,0.03380693905794924,0.01575612363496365,9.659985521371408e-05,0.0283176316519385
4.984984984984985,0.0400538926840052,0.14270977806604668,0.43161844195986027,0.07956863171001767,0.5640991829473789,0.4663770443659786,0.2554712094679994,0.034237191583161804,0.016333540716750212,0.00010894089567611715,0.0286263310256346
4.996996996996997,0.03807741029999599,0.13557790221679403,0.42414610427552607,0.08286579217205722,0.5606575453152393,0.47319804884509986,0.26038999439521193,0.034697590492043844,0.016919842236456685,0.0001227057309680048,0.028937388423002492
5.009009009009009,0.03620805390759864,0.1287333346794507,0.4167536724655368,0.086214434584074,0.5569849518284352,0.47992902026953715,0.2653772559299777,0.035189558806671545,0.01751487210899303,0.0001380379660983581,0.02925080778648414
5.021021021021021,0.03443417898166901,0.12218167499731086,0.4094361054641248,0.08961052056525494,0.5530925702459112,0.4865516536741194,0.2704315594641086,0.03571449210150375,0.01811850994947092,0.000155093080526552,0.029566592855973794
5.033033033033033,0.03274559920989024,0.11592637228593589,0.4021871176392183,0.09304983863511133,0.5489937611493221,0.4930475791440638,0.27555123380929525,0.0362737575157389,0.018730676799239846,0.00017403910121185345,0.02988474716613109
5.045045045045045,0.031133450503303465,0.10996833326923286,0.39499994082587336,0.09652801539573343,0.5447039832352929,0.4993985911861441,0.2807344206450244,0.03686869296755515,0.0193513409042794,0.00019505727838170197,0.03020527404370047
5.057057057057057,0.029590058243111814,0.10430566094051573,0.3878680354008508,0.100040527938673,0.5402406147728712,0.5055868935508009,0.2859791208465876,0.03750060654588588,0.01998052349895762,0.00021834275926336895,0.03052817660483813
5.069069069069069,0.028108823677585767,0.09893354817039773,0.3807857156523175,0.10358271748838362,0.5356226954261579,0.5115953532589264,0.2912832357941612,0.038170776053046834,0.020618304545169636,0.00024410525448310646,0.030853457752446897
5.081081081081081,0.026684137403063857,0.0938443376885193,0.37374866062408624,0.1071498042928992,0.5308705958583818,0.5174077568440976,0.29664460206621823,0.03888044866960419,0.021264828374168782,0.0002725696912875603,0.03118112017351937
5.093093093093093,0.025311320359933928,0.08902774604936144,0.366754288871056,0.11073690377127264,0.5260056254757117,0.5230090613263217,0.30206101828678683,0.039630840711379026,0.021920309176025343,0.0003039768471892781,0.03151116633649064
5.105105105105105,0.02398658663814697,0.08447123575857345,0.3598019837040462,0.11433904392601148,0.5210495912184261,0.5283856322169909,0.3075302633098237,0.040423137447448756,0.022585036279643627,0.00033858395708754945,0.03184359848860026
5.117117117117117,0.02270701819863539,0.08016050791546579,0.35289316404739024,0.11795118402727837,0.5160243223616241,0.5335254609347433,0.31305010536641376,0.04125849294745122,0.02325937916467473,0.0003766652863745209,0.0321784186532652
5.129129129129129,0.02147053962194562,0.07608007855465909,0.34603120449843455,0.12156823457366074,0.5109511777671419,0.5384183543929663,0.3186183022513074,0.042138029926426,0.02394379214551572,0.0004185126620114296,0.03251562862746372
5.141141141141141,0.02027588112539779,0.07221389609237992,0.33922121610674855,0.1251850785317784,0.505850552876398,0.5430560901928914,0.3242325930635388,0.04306283955585414,0.0246388186669226,0.0004644359530593759,0.03285522997913069
5.153153153153153,0.019122520026417674,0.0685459552999681,0.33246970637721984,0.12879659385361852,0.500741403920917,0.5474325317989501,0.3298906824208912,0.0440339812104736,0.025345095150617124,0.0005147634916814045,0.033197224044566
5.165165165165165,0.018010594087636153,0.06506086506982052,0.3257841427118411,0.1323976772660603,0.4956408063506277,0.5515436992501043,0.3355902184205795,0.045052482121847835,0.02606335433266162,0.0005698424252070088,0.03354161192585527
5.177177177177177,0.016940784198191967,0.06174433258598625,0.3191724476944232,0.13598326932143795,0.4905635633637939,0.5553877923259838,0.3413287659016684,0.0461193369115343,0.02679442803234084,0.0006300389894762414,0.033888394488304836
5.1891891891891895,0.015914168069097224,0.0585835347392416,0.31264245714176625,0.13954838069090048,0.4855218787155107,0.55896516458452,0.34710377676465365,0.04723550697901361,0.027539249294838683,0.0006957386933677511,0.03423757235789096
5.201201201201201,0.014932050557607731,0.055567357884169104,0.306201372643794,0.14308811967368673,0.4805251057553134,0.5622782482570582,0.352912559210427,0.04840191972227386,0.02829885385215229,0.0007673464041740288,0.0345891459187241
5.213213213213213,0.013995779498152002,0.05268649833834802,0.29985523943934467,0.14659772088500705,0.4755795819880092,0.5653314315630431,0.3587522477691097,0.04961946757206146,0.029074380849453643,0.0008452863233277288,0.034943115310529155
5.225225225225225,0.01310655823514143,0.049933427350188124,0.2936084780558048,0.15007257507294333,0.4706885554695568,0.5681308915247081,0.3646197758984745,0.05088900682426886,0.029867072787489787,0.0009300018419158626,0.03529948042614164
5.237237237237237,0.012265267270930823,0.04730223465006994,0.2874634943852774,0.15350826000052914,0.46585220615509704,0.5706843867614827,0.37051185274644927,0.05221135625869126,0.030678274635616124,0.0010219552654538125,0.035658240909021435
5.2492492492492495,0.011472307508253425,0.04478837332878412,0.2814203880405835,0.156900572312915,0.46106776202781186,0.5730010159690969,0.37642494540180527,0.053587295536386664,0.031509432074661926,0.0011216273975387784,0.036019396150784366
5.261261261261261,0.01072747651546654,0.04238833504177371,0.275476773233313,0.16024556029127063,0.4563297065738391,0.5750909487933739,0.38235526761565136,0.05501756337207771,0.03236208883403177,0.0012295169722716295,0.03638294528875181
5.273273273273273,0.010029887182326575,0.040099288045466565,0.26962772036605226,0.16353955737486278,0.451630071044965,0.576965136558735,0.3882987755815347,0.056502855482367526,0.033237883093222835,0.0013461399257365001,0.03674888720351998
5.285285285285285,0.009377935233102394,0.03791871121936297,0.26386582035678413,0.1667792163107162,0.4469588020737221,0.5786350107837779,0.394251170934695,0.05804382231495448,0.03413854292426072,0.0014720284973664137,0.03711722051654871
5.297297297297297,0.008769318546229749,0.03584405514897057,0.25818136772534067,0.16996154376655853,0.4423041926704342,0.5801121776022428,0.40020791069430256,0.05964106656845807,0.03506588075839965,0.0016077301527088366,0.037487943587770925
5.3093093093093096,0.008201107365965679,0.03387245689199214,0.25256265295094094,0.1730839352176275,0.43765336251974707,0.5814081161114054,0.40616422345001196,0.06129514051684191,0.03602178686774104,0.0017538063199421556,0.03786105451322349
5.321321321321321,0.007669860588456145,0.03200052874542871,0.24699634979618706,0.17614420989165674,0.4329927718704229,0.5825338883085898,0.41211513070936157,0.063006543156687,0.037008221860172795,0.0019108309334881675,0.03823655112269981
5.333333333333333,0.007171779688632008,0.03022423380989524,0.24146797937704764,0.17914064552933168,0.4283087522241609,0.5834998676783053,0.4180554719970586,0.06477571719965504,0.03802720819414745,0.002079388779219987,0.03861443097742527
5.345345345345345,0.006702888847047531,0.02853885309696141,0.2359624298754894,0.1820720126901208,0.42358803650626975,0.5843154926950094,0.42397993205002166,0.06660304593633579,0.039080820728259115,0.0022600736370792926,0.03899469136775567
5.357357357357357,0.006259227723862826,0.026939041025707846,0.23046450901931542,0.1849376083061163,0.4188182714536081,0.5849890505537755,0.42988306829809375,0.06848885000123486,0.0401711763292727,0.002453486218393424,0.03937732931090021
5.36936936936937,0.005837042329617052,0.025418959025027815,0.22495950581279506,0.18773728815988566,0.41398849557617634,0.5855274953814996,0.43575933676988554,0.07043338407186694,0.04130042257114236,0.00266023189681614,0.03976234154866881
5.381381381381381,0.005432959680467607,0.023972471112889714,0.219433738457972,0.19047149793688528,0.40908956721276507,0.5859363040638198,0.44160311462098506,0.07243683353773371,0.04247072556655101,0.0028809182336034713,0.04014972454524505
5.393393393393393,0.005044133401135892,0.022593381140865024,0.21387506687686433,0.19314130247934588,0.40411452886709504,0.5862193716952676,0.447408717646935,0.07449931117733664,0.043684256981539334,0.0031161522998692324,0.04053947448498539
5.405405405405405,0.0046683500264607545,0.02127568909448637,0.2082733506033055,0.19574841284727051,0.39905889612253836,0.5863789475656719,0.45317041140907466,0.0766208538832548,0.04494318029277884,0.0033665378005349727,0.04093158727024493
5.4174174174174174,0.004304089207534471,0.02001384348911684,0.202620835899792,0.19829521077398712,0.39392086192147335,0.5864156115713818,0.45888241495548693,0.07880141947669327,0.046249636355909896,0.003632672006883373,0.04132605851923101
5.42942942942943,0.00395053501157567,0.01880296840376091,0.19691245958378642,0.20078477008912218,0.3887014097790792,0.5863282900146555,0.46453889654456576,0.08104088365372394,0.04760572836201337,0.003915142506929126,0.04172288356388497
5.441441441441442,0.003607539620306788,0.017639046820384387,0.19114606101865525,0.2032208746715878,0.3834043324912929,0.5861143089488106,0.4701339612540409,0.08333903710570784,0.04901350626763343,0.004214523785217746,0.042122057447792904
5.453453453453453,0.0032755445743054843,0.016519046340374873,0.18532249783029187,0.20560803248976056,0.3780361559968399,0.5857694825515397,0.4756616308594158,0.0856955828560738,0.050474950791733655,0.004531373646133715,0.04252357492412616
5.465465465465465,0.002955467913837685,0.015440978609441075,0.17944566495006034,0.20795148528602436,0.37260597116380845,0.5852882334665469,0.48111581686681093,0.08811013385473915,0.05199195708045147,0.004866229497321008,0.04292743045361204
5.4774774774774775,0.002648567844699678,0.014403889431100571,0.173522420370803,0.21025721346877982,0.367125179291277,0.5846637416389745,0.4864902880599259,0.09058221086999406,0.053566318147444364,0.005219604512365085,0.04333361820253574
5.48948948948949,0.0023562947377663633,0.013407782115684717,0.16756242437152777,0.21253193578728855,0.3616071599471243,0.5838881178710764,0.49177863434408703,0.09311124071565406,0.055199708203897885,0.005591983694435819,0.043742132040774186
5.501501501501502,0.0020801433083136697,0.012453481657775357,0.16157790178539733,0.21478310338371467,0.356066872310478,0.5829525981251181,0.49697422901922395,0.0956965548487215,0.05689366599782094,0.005983819865106352,0.044152965539861824
5.513513513513513,0.0018215157966939063,0.011542451487396329,0.15558333905921976,0.217018887842691,0.35052040336532053,0.5818477544815214,0.5020701918689742,0.09833738836972652,0.05864957828699767,0.006395529605025155,0.04456611197109052
5.525525525525525,0.0015816050743494943,0.0106765775194814,0.14959512932616378,0.21924816289187155,0.3449844780259637,0.5805637186028333,0.5070593556002336,0.10103287945437814,0.06046866357384118,0.006827489175484277,0.044981564303642384
5.5375375375375375,0.0013613040944316,0.009857935864356482,0.1436311794751387,0.22148047944728727,0.33947594750414917,0.5790904135401788,0.5119342381969769,0.10378206924117656,0.06235195623331519,0.007280030452172359,0.045399315202757744
5.54954954954955,0.0011611452997523175,0.009088560811978123,0.13771049327970786,0.22372603374486633,0.33401127290692917,0.5774177897342211,0.5166870236606657,0.10658390219529033,0.06430029116701785,0.007753436904485695,0.045819357027938434
5.561561561561562,0.000981270797757956,0.00837022863597244,0.13185274411408363,0.22599562835404347,0.3286060211576184,0.575536061096785,0.5213095533992834,0.10943722696431414,0.06631428911738288,0.008247939655663892,0.0462416818311865
5.573573573573573,0.0008214315827220569,0.007704270558045036,0.12607784973270605,0.22830062593068984,0.3232743898523071,0.57343593710782,0.5257933302062779,0.11234079773658363,0.06839434277571435,0.008763713660684078,0.046666281355280406
5.585585585585585,0.0006810120373593534,0.007091425132262832,0.12040556014530697,0.2306528956342451,0.3180287766154499,0.5711088469254036,0.5301295363529074,0.1152932761075791,0.07054060381640047,0.009300874040252009,0.047093147032087876
5.597597597597598,0.0005590745095390483,0.0065317366723371476,0.11485506791677788,0.23306475220739303,0.3128794069342872,0.5685471515900552,0.5343090668206513,0.11829323345466505,0.07275297098710055,0.009859472610343128,0.047522269980917034
5.60960960960961,0.0004544179826353751,0.006024502498733106,0.10944464839836122,0.23554888779526673,0.307834032387455,0.5657443405187407,0.5383225781461418,0.12133915381508463,0.0750310793809896,0.010439494647533399,0.04795364100690636
5.621621621621622,0.00036564471266818535,0.005568268063919363,0.10419133558363523,0.23811829666424084,0.30289770871045085,0.5626952086415471,0.5421605527634975,0.12442943725678675,0.0773742910122208,0.011040855930795826,0.04838725059945388
5.633633633633633,0.000291229103368011,0.005160865723128462,0.09911063759123825,0.24078619306699645,0.29807266034794455,0.5593960107499628,0.5458133781333177,0.12756240372642216,0.0797816868096876,0.011663400100490365,0.04882308893068656
5.645645645645645,0.0002295839022981864,0.004799490291682522,0.09421629429257569,0.24356592258982004,0.293358235131178,0.5558445899139296,0.5492714393691545,0.13073629735374337,0.08225206013690599,0.012306896374925864,0.04926114585397055
5.657657657657658,0.00017911987827865091,0.004480802725293291,0.08952007838215369,0.24647086740891572,0.2887509495978762,0.5520404771977176,0.55252522353504,0.13394929118676566,0.08478391193744446,0.01297103766409595,0.049701410902462266
5.66966966966967,0.00013829633411362367,0.004201052345478955,0.08503164025265231,0.2495143459738531,0.28424462235704145,0.5479849603702576,0.5555654333133264,0.1371994923274602,0.08737544759585042,0.013655439118973487,0.05014387328770241
5.681681681681682,0.00010566098723470034,0.003956207989549965,0.08075839637617377,0.25270950772687073,0.27983058990676857,0.5436811198669342,0.5583831073490685,0.1404849474335092,0.09002457559348599,0.014359637153078903,0.05058852189825203
5.693693693693693,7.9878810338427e-05,0.00374208919650823,0.0767054604685853,0.25606922355549294,0.2754979965505459,0.5391338309134565,0.5609697442799463,0.14380364854781277,0.09272890802717973,0.015083088970903892,0.05103534529837243
5.7057057057057055,5.9750293846806576e-05,0.0035544898878250818,0.07287561646524103,0.2596059727614789,0.2712341476283171,0.5343497314579264,0.563317427269217,0.14715353921407057,0.09548576304618711,0.01582517263518209,0.05148433172674892
5.717717717717718,4.422023540980689e-05,0.0033892887657993986,0.06926933219002039,0.2633317274103015,0.26702491327157923,0.5293371563572057,0.5654189457787444,0.15053252083388077,0.09829216924971794,0.016585187701939792,0.05193546909525912
5.72972972972973,3.237857245146655e-05,0.003242542615156811,0.06588481247821884,0.2672578350008941,0.26285516837901934,0.5241060391040735,0.5672679113503241,0.15393845921847585,0.10114487207333787,0.017362356448763022,0.05238874498778704
5.741741741741742,2.3454969807455136e-05,0.0031105606447807198,0.06271809034589548,0.2713949004640406,0.25870925354269,0.5186677832332002,0.5688588643024344,0.1573691912864497,0.1040403421779747,0.018155825717772828,0.052844146659082755
5.753753753753753,1.6808890217346056e-05,0.0029899597616099443,0.05976315452632323,0.27575266855840064,0.25457144126463666,0.5130351063729209,0.5701873684884576,0.16082253185767018,0.10697478584018312,0.018964669390451886,0.05330166103366866
5.7657657657657655,1.1916754103572409e-05,0.002877702086191362,0.0570121112817791,0.28033990778454904,0.2504263919969655,0.5072218606808447,0.5712500915898739,0.1642962804930191,0.10994415732687562,0.01978789150672669,0.0537612747047937
5.777777777777778,8.357582088297666e-06,0.0027711170106078827,0.054455377834365194,0.28516429697855183,0.24625958529793,0.5012428340786003,0.5720448688201042,0.16778822832964788,0.11294417322200735,0.02062443003561136,0.05422297393343399
5.78978978978979,5.7982513073344185e-06,0.0026679106329086945,0.05208190405741735,0.29023231577651076,0.24205771268336082,0.495113537251281,0.5725707483755175,0.1712961648621188,0.11597032865689691,0.0214731612993185,0.05468674464734341
5.801801801801802,3.979220327706679e-06,0.00256616550050624,0.04987941826831139,0.2955491401592937,0.23780902050643105,0.4888499817711226,0.5728280174726519,0.174817884621051,0.11901791538005504,0.02233290504705494,0.05515257244015262
5.813813813813813,2.7013144023784673e-06,0.002464333327135777,0.047834692123118465,0.3011185442916014,0.23350359334108634,0.48246845492002993,0.572818208337221,0.1783511937027396,0.12208204158677166,0.02320243016882726,0.055620442570517244
5.8258258258258255,1.8139310619486301e-06,0.0023612228162055494,0.04593381880620639,0.30694280986092337,0.22913357078256327,0.4759852968067385,0.5725440840439552,0.18189391610559497,0.1251576534133925,0.02408046103350963,0.05609033996131772
5.837837837837838,1.2048356465367673e-06,0.002255984048075998,0.04416249801175102,0.31302264409937686,0.22469329320912382,0.4694166851960811,0.5720096046301312,0.18544389983214174,0.12823955798634964,0.024965684429256424,0.05656224919890828
5.84984984984985,7.915705623424555e-07,0.0021480901922606554,0.042506320704742126,0.3193571076344815,0.22017937476333752,0.4627784330938454,0.5712198744048314,0.1889990227186809,0.13132244790175937,0.025856757078120508,0.05703615453241861
5.861861861861862,5.143990114816436e-07,0.002037316696817413,0.04095104639117057,0.3259435532635202,0.21559070449905776,0.45608580357513545,0.5701810718369834,0.19255719795848483,0.13440092699787756,0.026752313690540507,0.05751203987310731
5.873873873873873,3.3063859917688155e-07,0.0019237176699193645,0.03948286566779827,0.332777576680123,0.21092837919544893,0.4493533456297354,0.568900363816626,0.1961163792885169,0.13746953727006198,0.02765097551925249,0.057989888793767125
5.885885885885886,2.1020572924232728e-07,0.0018075989527508742,0.03808864118574938,0.3398529801013942,0.2061955736641738,0.44259475395638964,0.5673858064359344,0.1996745658141071,0.14052278676626476,0.028551359366228785,0.0584696845281848
5.897897897897898,1.32180706520141e-07,0.0016894874015058892,0.03675612084835828,0.3471617496494897,0.20139735638479417,0.43582275470672166,0.5656462347220963,0.20322980645063896,0.1435551782905862,0.029452086990528807,0.05895140997065286
5.90990990990991,8.220899799404459e-08,0.0015700961270718628,0.03547411804597152,0.35469404723363496,0.19654045992685842,0.42904901820140307,0.5636911439674755,0.20678020396614769,0.14656123873316773,0.030351794859524026,0.05943504767553698
5.921921921921922,5.0570111061142194e-08,0.0014502858323843968,0.03423265495916842,0.36243821755784,0.19163301680395803,0.42228409866097427,0.5615305654403492,0.21032391861360733,0.14953554883681958,0.031249144180910595,0.059920579856897464
5.933933933933934,3.076716363723671e-08,0.0013310228679760826,0.03302306636859941,0.3703808107468449,0.18668427212406172,0.4155374000561548,0.5591749393201868,0.21385917134661486,0.1524727732043356,0.032142831148305795,0.06040798838816588
5.945945945945946,1.851381686499596e-08,0.001213335115891431,0.03183806291279519,0.37850662093928017,0.18170428464143762,0.40881716632995435,0.5566349876852312,0.2173842466170579,0.15536769034552866,0.033031597329114794,0.06089725480187824
5.957957957957958,1.1018324378814782e-08,0.0010982672338831993,0.030671754247254646,0.386798741043743,0.17670362758878702,0.4021304935139885,0.5539215902888155,0.22089749475808998,0.15821522255971432,0.03391424011980421,0.061388360289463546
5.96996996996997,6.48548634795692e-09,0.000986837081912766,0.029519633992395527,0.39523863369202245,0.17169310000342777,0.39548336068505074,0.5510456656980778,0.22439733396030642,0.16101046544770214,0.03478962319078315,0.0618812857010895
5.981981981981982,3.775490918689842e-09,0.0008799952686934371,0.02837852963608847,0.4038062182554734,0.16668345820544417,0.3888806763076746,0.5480180601395137,0.22788225185332434,0.16374871684737413,0.03565668684083673,0.06237601154556568
5.993993993993994,2.1737261250544534e-09,0.000778589679807985,0.027246521613900385,0.4124799736173344,0.16168517570022534,0.3823263362974658,0.5448494461067721,0.23135080670896607,0.16642550498867228,0.03651445817949903,0.06287251799030405
6.006006006006006,1.2377516194071044e-09,0.0006833365890096911,0.02612283658052559,0.42123705621742946,0.15670823813534726,0.3758232901212892,0.5415502324453667,0.23480162828587559,0.16903661566724615,0.03736206105495869,0.06337078486133825
6.018018018018018,6.970378519264055e-10,0.0005947995416599842,0.0250077203837613,0.4300534327080769,0.1517619781226476,0.36937361141720465,0.5381304872459881,0.23823341833863013,0.17157811824117944,0.038198725645062874,0.06387079164340087
6.03003003003003,3.8821331081454864e-10,0.0005133766818772884,0.023902296453985755,0.4389040263833013,0.14685495282445574,0.3629785699526913,0.5345998744636705,0.2416449508171587,0.17404639026202118,0.03902379762976566,0.06437251748006033
6.042042042042042,2.1383205689571444e-10,0.0004392966304570165,0.022808415244065,0.4477628763696607,0.1419948652820036,0.3566387022192017,0.5309676047460019,0.24503507178456582,0.17643814055980098,0.03983674686495134,0.06487594117391696
6.054054054054054,1.164825246959339e-10,0.00037262246813371893,0.021728500031308176,0.45660330839837726,0.13718852861400407,0.3503538785523615,0.5272424005128253,0.24840269908322157,0.17875043061172016,0.04063717547996191,0.06538104118685956
6.066066066066066,6.275258858945591e-11,0.00031326289164645136,0.020665393872408202,0.46539811581718643,0.13244187050699593,0.3441233653327923,0.523432474895683,0.25174682178019897,0.18098069403571285,0.04142482532436353,0.06588779564038158
6.078078078078078,3.3433578094803485e-11,0.0002609892300277005,0.019622211840837185,0.4741197493486761,0.12775997391938348,0.3379458815220997,0.5195455237314116,0.2550664994238309,0.18312675406295584,0.04219958469347236,0.06639618231595897
6.09009009009009,1.7616187935178837e-11,0.0002154567618869032,0.01860220193380771,0.482740513961972,0.12314714867898494,0.3318196494807176,0.5155887294242695,0.2583608611432959,0.185186838857593,0.04296149426691446,0.06690617865548833
6.102102102102102,9.17944629198345e-12,0.00017622867081823623,0.017608617270719253,0.49123277109867014,0.11860702770676235,0.3257424406588056,0.511568775157481,0.26162910462275224,0.18715959456727058,0.04371075219996324,0.06741776176178726
6.114114114114114,4.730360048878483e-12,0.00014280100924846283,0.01664460146858846,0.4995691443839308,0.11414268097027885,0.31971161731165965,0.5074918676599873,0.26487049498060233,0.18904409600445285,0.04444771831354951,0.06793090839915615
6.126126126126126,2.4106981823035597e-12,0.00011462719180023176,0.01571308841377532,0.5077227268615374,0.10975673996777222,0.3137241718357818,0.5033637665272781,0.2680843635830677,0.19083985487573923,0.045172917335605675,0.06844559499400288
6.138138138138138,1.214955168400625e-12,9.114077917592041e-05,0.014816717082271813,0.515667287719382,0.10545152556198858,0.30777676562638306,0.49918981796443035,0.2712701068193525,0.1925468254943814,0.04588704115373495,0.06896179763552931
6.15015015015015,6.055421057795609e-13,7.177560955484769e-05,0.013957761608116823,0.5233774764207109,0.10122917230367753,0.3018657695055821,0.49497499077007534,0.27442718486335266,0.19416540792975204,0.04659095004700657,0.06947949207648142
6.162162162162162,2.9846478770517276e-13,5.5982653022388314e-05,0.01313807646291867,0.5308290221281491,0.09709174297783278,0.29598730775539467,0.49072391241431507,0.27755512044416075,0.1956964485664639,0.04728567287289648,0.06999865373396212
6.1741741741741745,1.4548042474385184e-13,4.324327533259787e-05,0.012359056378843871,0.5379989263029548,0.09304132793204449,0.29013730761292184,0.48644090318070293,0.280653497644561,0.19714123806501016,0.04797240619393395,0.0705192576903082
6.186186186186186,7.012563878279796e-14,3.307887594485713e-05,0.011621610503173624,0.5448656463822293,0.08908012475881504,0.2843115557577048,0.4821300065383612,0.2837219607433701,0.19850150673502898,0.04865251233738316,0.07104127869403089
6.198198198198198,3.342782172651387e-14,2.5057094740045552e-05,0.010926150188859424,0.5514092684823908,0.08521049505065878,0.2785057628624999,0.4777950141776733,0.28676021311392563,0.19977941735139645,0.049327516390201706,0.07156469116082022
6.21021021021021,1.575783414935617e-14,1.879495282790637e-05,0.010272589774048385,0.5576116671484113,0.08143499617385713,0.2727156367153011,0.4734394844716383,0.28976801618727505,0.2009775554621586,0.04999910214046101,0.07208946917461452
6.222222222222222,7.345822887757853e-15,1.3959403292502373e-05,0.009660359656897788,0.5634566502651762,0.07775638725915164,0.2669369637848716,0.4690667535019482,0.292745188484799,0.20209891725566084,0.05066910698531134,0.07261558648873372
6.2342342342342345,3.3863995145852403e-15,1.0265821394549617e-05,0.009088430906968526,0.5689300873692825,0.07417760983280641,0.2611656984309395,0.4646799381990933,0.29569160472112027,0.20314689507193423,0.0513395158343012,0.07314301652707807
6.246246246246246,1.5437896664065248e-15,7.474968742138438e-06,0.008555350554641352,0.5740200197460812,0.07070174466043933,0.25539805829236956,0.4602819315727132,0.29860719497429805,0.20412526066031825,0.05201245404534251,0.07367173238539225
6.258258258258258,6.95967076753546e-16,5.388932867787693e-06,0.00805928655733754,0.5787167508665694,0.06733194740565093,0.24963062376099981,0.45587539043457237,0.30149194391654915,0.20503814630128572,0.05269017943873989,0.07420170683259404
6.27027027027027,3.1026898996256164e-16,3.846484026288577e-06,0.007598081256929133,0.5830129159104354,0.06407136657960896,0.2438604389024308,0.45146271642423963,0.30434589009512136,0.20589002392532044,0.05337507344238249,0.074732912312169
6.282282282282282,1.367841216512449e-16,2.7182159355922263e-06,0.007169311926386593,0.586903529333383,0.06092304794816468,0.23808511075096478,0.4470460315199322,0.3071691252495474,0.20668568237540572,0.0540696314283545,0.0752653209436308
6.2942942942942945,5.963197717908047e-17,1.9017563018333995e-06,0.006770356772625484,0.590386009666559,0.057889830050436054,0.23230290361173664,0.4426271495382944,0.30996179364835985,0.20743020297204462,0.05477645230775573,0.07579890452404744
6.306306306306306,2.5707956474757486e-17,1.3172540023502001e-06,0.006398464539138859,0.593460180981191,0.05497423575662031,0.22651282486912738,0.4382075453835652,0.3127240914255373,0.20812893355068768,0.055498227456380285,0.07633363452963335
6.318318318318318,1.0959718058977213e-17,9.032782549392286e-07,0.006050825661472066,0.596128250709469,0.05217836485169663,0.22071469883914538,0.4337883239876134,0.3154562658944816,0.20878746115088842,0.05623772904900324,0.07686948211740785
6.33033033033033,4.620334122806607e-18,6.132043584261347e-07,0.005724642795810181,0.5983947637804506,0.04950379248276095,0.2149092254178397,0.4293701909796663,0.318158614815276,0.20941158354437986,0.05699779788431461,0.07740641812691985
6.342342342342342,1.9261419651244313e-18,4.1211217300923446e-07,0.005417198487771015,0.600266533303918,0.04695147796597128,0.20909802066223138,0.42495342713377243,0.3208314855893625,0.21000727979550893,0.05778133078598048,0.07794441308203875
6.354354354354355,7.940409214808124e-19,2.741874707979278e-07,0.005125917791290567,0.6017525483124115,0.04452168793643295,0.20328363697995563,0.4205378685621016,0.3234752743546105,0.21058068005205136,0.05859126766785295,0.07848343719281227
6.366366366366366,3.236949802535687e-19,1.8059163147413912e-07,0.004848423795218669,0.602863859348394,0.0422139371683963,0.19746956127595702,0.41612289445574563,0.3260904249531028,0.21113803476733503,0.0594305783529836,0.07902346035739023
6.378378378378378,1.3048673830264812e-19,1.1775024560276975e-07,0.004582584268359088,0.6036134429561033,0.040026949625904355,0.19166019017913064,0.41170742392796805,0.32867742774379627,0.21168568355582323,0.06030224923679227,0.07956445216401592
6.39039039039039,5.2015525866324087e-20,7.60040826730464e-08,0.004326547983850012,0.6040160464023845,0.03795864146048904,0.18586078231321548,0.40728992319728063,0.33123681823256257,0.21223002388387863,0.06120926988451732,0.080106381893083
6.402402402402402,2.0503817479210266e-20,4.8564618497938134e-08,0.004078769714418889,0.6040880142039661,0.03600612678898429,0.18007738844508556,0.40286842397157036,0.33376917549297114,0.21277747979535466,0.062154619651926854,0.08064921851925981
6.414414414414415,7.992276801596333e-21,3.071909160104554e-08,0.0038380233777269906,0.6038470982766575,0.034165746197403535,0.1743167611987132,0.3984405534745143,0.3362751203525401,0.21333447086802254,0.06314125441622835,0.08119293071368057
6.426426426426427,3.0806285245086738e-21,1.9235333827494567e-08,0.0036034033273941724,0.6033122537412593,0.03243311706089057,0.16858624682354503,0.3940035761081014,0.3387553133210133,0.2139073815916712,0.06417209350121764,0.08173748684620297
6.438438438438438,1.1741948578054859e-21,1.192317582955863e-08,0.003374314299479304,0.602503422618328,0.030803203977140467,0.16289366221334436,0.3895544462879559,0.3412104522395335,0.2145025313521181,0.06525000687699035,0.0822828549877323
6.45045045045045,4.425599101061133e-22,7.316159112725571e-09,0.003150451005313994,0.6014413078161729,0.029270406909533857,0.15724716095155747,0.3850898715393517,0.3436412696323272,0.2151261451974212,0.0663778027100783,0.08282900291261298
6.4624624624624625,1.6494307106988118e-22,4.443975101945977e-09,0.0029317687812549114,0.6001471399608385,0.027828664049897853,0.1516550925839155,0.38060638451924556,0.3460485297456505,0.2157843255533797,0.06755821533470599,0.08337589810108595
6.474474474474475,6.078903862752687e-23,2.67211939474792e-09,0.0027184470404140264,0.59864243973082,0.026471565957113086,0.14612585956784485,0.37610042225028645,0.34843302526225717,0.2164830250450923,0.06879389371010444,0.08392350774181316
6.486486486486487,2.2153623694236897e-23,1.5905030720152542e-09,0.002510847503398491,0.5969487784408319,0.025192477218582362,0.1406677764093956,0.37156841053196865,0.3507955736834708,0.2172280205699971,0.07008739042250953,0.08447179873446851
6.498498498498498,7.983470178809162e-24,9.371440704166305e-10,0.0023094693046678922,0.5950875396663893,0.02398466172253084,0.13528893536915734,0.36700685124518395,0.35313701337502174,0.2180248887555984,0.07144115128374176,0.08502073769239485
6.51051051051051,2.8448883780640954e-24,5.466008711721262e-10,0.0021149030763251463,0.5930796847130603,0.02284140761983037,0.12999708280558858,0.36241241009983965,0.3554581992771244,0.21887898292211536,0.07285750557118459,0.08557029094532766
6.5225225225225225,1.0024541683732627e-24,3.155915829748214e-10,0.001927786007693512,0.5909455247103027,0.02175614818831993,0.12479950974281538,0.35778200229858215,0.35775999828371197,0.21979541165671174,0.07433865694664929,0.08612042454218491
6.534534534534535,3.4929212576459597e-25,1.8037268317427576e-10,0.0017487596794146898,0.5887045020495033,0.020722575078954305,0.11970295962377883,0.35311287360686383,0.3600432843003235,0.22077901909190917,0.07588667508416573,0.08667110425392262
6.546546546546547,1.2034755282500243e-25,1.0204825901775279e-10,0.0015784321930432904,0.5863749837895651,0.01973474080552863,0.11471355546894163,0.348402674431212,0.3623089329947147,0.22183436696641182,0.07750348802922669,0.08722229557645668
6.558558558558558,4.1002390482540236e-26,5.715170800126874e-11,0.001417345783042501,0.5839740695218617,0.01878714781844288,0.10983674784102587,0.3436495247102346,0.3645578162588595,0.2229657185319947,0.07919087530459695,0.08777396373364964
6.57057057057057,1.3813502248589553e-26,3.1684071223989975e-11,0.0012659507315094728,0.581517416020985,0.01787482205548681,0.10507728415615877,0.33885206770986603,0.3667907964054849,0.22417702435548287,0.0809504617705281,0.08832607368036433
6.5825825825825826,4.601722507941665e-27,1.7387627945350434e-11,0.001124586030808031,0.5790190808102452,0.016993369464720777,0.10043919902136672,0.33400951117536376,0.36900872012665004,0.22547191005029765,0.08278371224023251,0.08887859010558136
6.594594594594595,1.515857420101858e-27,9.44553983995864e-12,0.0009934668779184041,0.5764913865436996,0.016139014621280565,0.09592582445672831,0.3291216547142327,0.37121241224601853,0.2268536659577032,0.08469192684483601,0.0894314774355821
6.606606606606607,4.93761142951412e-28,5.07925323878425e-12,0.0008726787560927185,0.5739448078523491,0.015308621186776393,0.0915398181142049,0.3241889027508702,0.373402669300378,0.22832523878385758,0.0866762371358409,0.08998469983719724
6.618618618618618,1.59035997036549e-28,2.703704232013418e-12,0.0007621775796468368,0.5713878820243029,0.01449969456356706,0.08728320696603155,0.31921226288724935,0.3755802529895356,0.22988922518519495,0.08873760290747691,0.09053822122111878
6.63063063063063,5.065161445585291e-29,1.4246374808240761e-12,0.0006617951570510447,0.5688271445907411,0.013710367655439459,0.0831574434296068,0.3141933300052814,0.3777458835369574,0.2315478672816017,0.0908768097162485,0.09109200524527664
6.642642642642643,1.5951805887169085e-29,7.430791872964417e-13,0.000571249071626365,0.566267090575382,0.012939371142796946,0.07916347054173314,0.3091342569358983,0.37990023300632375,0.23330305006444094,0.09309446707058892,0.09164601531828005
6.654654654654655,4.967576000351258e-30,3.8366403011642183e-13,0.0004901559890991259,0.5637101618390805,0.012185990099515183,0.07530179260376849,0.30403771297778737,0.38204391862155623,0.23515630065476262,0.09539100725982878,0.09220021460292113
6.666666666666667,1.529666281897316e-30,1.9608847391986038e-13,0.0004180473737773216,0.5611567606176261,0.011450009109145938,0.0715725476935497,0.29890683195669676,0.3841774961397644,0.23710878935611437,0.09776668478873987,0.092754566019743
6.678678678678678,4.657638750150765e-31,9.920597061605863e-14,0.0003543866234783967,0.5586052890143425,0.010731648273203753,0.06797557857452988,0.2937451518576664,0.3863014533279299,0.23916133243629004,0.100221576381726,0.09330903225067018
6.6906906906906904,1.4023334147884927e-31,4.9683033779332594e-14,0.00029858670828973696,0.5560522138744368,0.010031492641035507,0.06451049881488498,0.2885565483233945,0.38841620359499895,0.241314396563153,0.10275558151934422,0.09386357574270218
6.702702702702703,4.174962620367367e-32,2.462990683482122e-14,0.00025002750892939076,0.5534921561398911,0.009350417630432093,0.06117675134024973,0.2833451644814333,0.39052207983133436,0.24356810481141997,0.10536842346922153,0.09441815871166871
6.714714714714715,1.2290489959528565e-32,1.2086529833051546e-14,0.00020807218541494008,0.5509180034666848,0.008689512955593004,0.057973657158888595,0.27811533963388557,0.39261932850720377,0.24592224414997574,0.10805965077359357,0.09497274314604691
6.726726726726727,3.577672469202513e-33,5.871168362897123e-15,0.00017208205469949593,0.5483210445848065,0.008050007442494147,0.05490045258945422,0.2728715393128996,0.3947081040811278,0.2483762743129542,0.11082863915660199,0.0955272908108402
6.738738738738738,1.0297842247328953e-33,2.8231330911523637e-15,0.00014142960660005097,0.5456911236001696,0.007433196902078388,0.05195631395861642,0.2676182890746833,0.39678846376749966,0.2509293379524491,0.11367459381609271,0.09608176325151815
6.7507507507507505,2.9309315174048565e-34,1.3437607817148716e-15,0.00011550943191553695,0.5430168121802322,0.006840376962083499,0.04914036938793361,0.2623601141798103,0.3988603627108984,0.253580271966328,0.11659655206694822,0.09663612179801656
6.762762762762763,8.248565149594478e-35,6.331349004459948e-16,9.374696812760858e-05,0.5402855973355539,0.006272782443271632,0.046451697926322,0.257101486997785,0.40092364961200033,0.2563276198911548,0.11959338630583623,0.09719032756879734
6.774774774774775,2.2954296167831497e-35,2.952936660974719e-16,7.56050814951068e-05,0.5374840823110068,0.005731534520623228,0.043889316878729795,0.2518467835927025,0.40297806284694526,0.2591696452477298,0.1226638072706866,0.09774434147496906
6.786786786786787,6.316288102807003e-36,1.3633127870046008e-16,6.0588596661456465e-05,0.5345981979357723,0.005217596550056729,0.04145215870901768,0.24660025051090959,0.40502322711846217,0.26210434572510577,0.1258063675720271,0.09829812422446534
6.798798798798798,1.7185881607871948e-36,6.230462771225325e-17,4.82469548766524e-05,0.5316134216529338,0.004731739081195352,0.039139039335881906,0.2413659823197472,0.40705865067306063,0.2651294680881843,0.12901946547753224,0.09885163632628277
6.8108108108108105,4.6237378310431855e-37,2.8185675872733476e-17,3.817522994062426e-05,0.5285150013593047,0.004274514230211532,0.0369486199803472,0.23614790995928117,0.40908372311416613,0.26824252369404533,0.13230134893560885,0.09940483809477581
6.822822822822823,1.2300582152366633e-37,1.2621759176664096e-17,3.0013758598276154e-05,0.525288181135294,0.003846239265765165,0.03487936495276603,0.23094979948758299,0.4110977138362683,0.271440804502954,0.135650119828459,0.09995768965401032
6.834834834834835,3.2357040870118744e-38,5.594928718577193e-18,2.344665185742297e-05,0.5219184259338514,0.0034469889753981015,0.03292949788266417,0.22577526034533507,0.41309977110002766,0.27472139947154334,0.1390637384497842,0.10051015094217323
6.846846846846847,8.416319125662616e-39,2.455005151707889e-18,1.819944862109324e-05,0.5183916423268936,0.003076596137036231,0.031096958897756318,0.22062776185697822,0.4150889217628853,0.27808121121782214,0.14254002820691325,0.10106218171603887
6.858858858858858,2.164638931883432e-39,1.066334337633946e-18,1.4036156438377535e-05,0.514694392476532,0.0027346592256192286,0.02937936515531807,0.2155106563405509,0.41706407167409676,0.2815169728504624,0.1460766805516651,0.10161374155549015
6.870870870870871,5.505011458956548e-40,4.584769192113121e-19,1.0755899382247074e-05,0.5108140986058614,0.0024205563410261495,0.027773976930275234,0.21042720693128858,0.41902400673735385,0.28502526485813645,0.14967126014847823,0.1021647898680967
6.882882882882883,1.3843315222097016e-40,1.951302585019397e-19,8.189363134964516e-06,0.5067392353882202,0.0021334642507325275,0.026277671183632317,0.20538061804574786,0.42096739463829413,0.28860253195848695,0.15332121029224832,0.1027152858937453
6.894894894894895,3.442157547338928e-41,8.220813392205361e-20,6.195195007119258e-06,0.5024595078525756,0.0018723813972263256,0.024886924188360287,0.20037406633042396,0.4228927872283253,0.2922450998105524,0.15702385859174392,0.10326518870932569
6.906906906906907,8.463105992553458e-42,3.428372150968168e-20,4.656484079009522e-06,0.49796601261314893,0.0016361537224727442,0.023597804395364966,0.1954107299540183,0.42479862355034625,0.2959491914990912,0.16077642293737043,0.10381445723346876
6.918918918918919,2.057485910056612e-42,1.415285637547742e-20,3.477415677477778e-06,0.493251380470474,0.00142350220448991,0.022405976298002554,0.1904938142136454,0.42668323348623227,0.29971094370416285,0.16457601777433895,0.10436305023133735
6.930930930930931,4.945972249627008e-43,5.783399446718988e-21,2.5801662372915345e-06,0.48830989869509384,0.0012330510780959834,0.021306715618011292,0.1856265716261551,0.42854484200038634,0.3035264224745444,0.16841966070386236,0.10491092631946894
6.942942942942943,1.1756386809889942e-43,2.3394038844210223e-21,1.9020800364687952e-06,0.48313761159005586,0.0010633558161100083,0.020294935705961418,0.18081231495629568,0.4303815739483687,0.30739163852897894,0.17230427943585502,0.10545804397066916
6.954954954954955,2.763141479063981e-44,9.367207341787864e-22,1.3931487350991244e-06,0.4777323982301251,0.0009129300714091901,0.019365224641173316,0.17605442198013158,0.4321914594145873,0.3113025620148323,0.17622671911660842,0.1060043615189558
6.966966966966967,6.421539045301336e-45,3.712769197365346e-22,1.0137981577706015e-06,0.4720940265895513,0.000780270916976257,0.01851189214325347,0.17135633117889476,0.4339724395384125,0.3152551366595055,0.18018375005413706,0.10654983716455219
6.978978978978979,1.475643929994927e-45,1.456695063487401e-22,7.329741627939799e-07,0.4662241835919066,0.0006638818634985765,0.017729025081392468,0.1667215279871901,0.4357223727838388,0.31924529325574785,0.18417207586218393,0.1070944289789297
6.990990990990991,3.352973856954879e-46,5.6574693297061e-23,5.265103846424195e-07,0.4601264809400751,0.0005622932759260603,0.017010550097190408,0.16215352166117622,0.4374390416040749,0.3232689624279347,0.1881883420413464,0.10763809490989762
7.003003003003003,7.533288672702242e-47,2.174996785825775e-23,3.7575465932768123e-07,0.4538064369074308,0.00047407994622240937,0.01635030164823829,0.1576558132677741,0.43912015944920424,0.32732208663230383,0.19222914501239083,0.10818079278674127
7.015015015015015,1.6735728339556113e-47,8.277093695710547e-24,2.664275346171915e-07,0.447271434587884,0.00039787570490253403,0.015742093636572346,0.15323185570667014,0.4407633780623883,0.3314006313500788,0.19629104161254823,0.10872248032540488
7.027027027027027,3.676291262285184e-48,3.1180275929747222e-24,1.8768491071594197e-07,0.4405306574084176,0.00033238506544261653,0.015179792709484679,0.1488850070458683,0.4423662950079992,0.3355005954383406,0.200370559060584,0.10926311513372214
7.039039039039039,7.98509744970481e-49,1.1626924679505525e-24,1.3135706206826992e-07,0.4335950029987994,0.0002763919909505563,0.01465739130878155,0.14461847876409178,0.4439264613736118,0.3396180206094022,0.20446420539059962,0.10980265471669011
7.051051051051051,1.7149650643944523e-49,4.291731841364727e-25,9.133761649413617e-08,0.4264769767852895,0.00022876595029025057,0.014169078595090808,0.14043528073747052,0.44544138958697155,0.34374900001526365,0.2085684803480837,0.11034105648178674
7.063063063063063,3.6419570744656137e-50,1.5681337601647022e-25,6.309813547428633e-08,0.41919056692492707,0.00018846549079682372,0.013709307481128247,0.1363381649749584,0.4469085612888843,0.34788968591951375,0.21267988673462518,0.11087827774433308
7.075075075075075,7.647484452137898e-51,5.671741544823956e-26,4.33064379440184e-08,0.41175110242099017,0.00015453959725039024,0.013272856165352924,0.13232957019152009,0.44832543520348234,0.3520362964447084,0.21679494218013023,0.11141427573289521
7.087087087087087,1.5878386518299974e-51,2.030638215667648e-26,2.9529494962146556e-08,0.40417509645583455,0.00012612713301063408,0.012854882757445259,0.12841156930865094,0.4496894549484712,0.356185121388857,0.2209101913133829,0.11194900759472964
7.099099099099099,3.259851983520089e-52,7.196668003602815e-27,2.000441130993009e-08,0.3964800771421131,0.0001024546707863281,0.012450971820978679,0.12458582189002998,0.45099805672976817,0.360332527110125,0.225022218293502,0.11248243040126837
7.111111111111111,6.61748400949742e-53,2.5247196907839634e-27,1.3463573892191649e-08,0.3886844080255625,8.283301941100588e-05,0.012057171917471965,0.12085353336117738,0.45224867686736453,0.36447496048421557,0.22912765965639198,0.1130145011536416
7.123123123123123,1.3282847820455729e-53,8.767537817361492e-28,9.002402695537875e-09,0.38080710077079455,6.665274141275835e-05,0.011670023510456574,0.11721542263389532,0.4534387591022868,0.36860895194413074,0.23322321742177898,0.11354517678824248
7.135135135135135,2.6362861289880675e-54,3.013872712878848e-28,5.980241411799556e-09,0.3728676225249962,5.337893636685805e-05,0.011286576869108975,0.11367169946953655,0.4545657616381057,0.37273111761709965,0.23730567239802197,0.11407441418232506
7.147147147147147,5.173646156334945e-55,1.0255455156558375e-28,3.946752958006082e-09,0.3648857004828755,4.2545539222114103e-05,0.010904399889567176,0.11022205258217646,0.4556271638745727,0.37683816057839226,0.24137189761370337,0.11460217015964265
7.1591591591591595,1.003930191432842e-55,3.4543611866866946e-29,2.587741534628946e-09,0.3568811261697684,3.374935307167239e-05,0.010521576020047841,0.10686564911739581,0.45662047279553947,0.38092687124651115,0.24541887179719582,0.11512840149611926
7.171171171171171,1.9262502653466547e-56,1.1517635224099238e-29,1.6856227679029199e-09,0.34887356191929914,2.6644004060596346e-05,0.010136692725859235,0.10360114575908484,0.4575432289783222,0.3849941269488511,0.24944369281807893,0.11565306492555619
7.183183183183183,3.654467516532533e-57,3.801383289729809e-30,1.0908304776824454e-09,0.34088235194848593,2.093397389080702e-05,0.009748821155890139,0.10042671133016842,0.4583930121970241,0.3890368906912973,0.2534435909976127,0.11617611714537279
7.195195195195195,6.855474138251987e-58,1.2419461557762227e-30,7.013105871417377e-10,0.3329263403284206,1.6368834018652944e-05,0.009357487867761026,0.09734006037761923,0.4591674465979783,0.3930522091694458,0.2574159421895533,0.11669751482237896
7.207207207207207,1.2716063485424928e-58,4.01648950654241e-31,4.4793880413589214e-10,0.32502369801460534,1.2737776169432154e-05,0.00896263963036892,0.0943384968808609,0.45986420543132456,0.3970372100630814,0.2613582805275623,0.11721721459857984
7.2192192192192195,2.3322198396472027e-59,1.285799542783114e-31,2.8423729879120355e-10,0.3171917609401503,9.864506962425821e-06,0.008564602447121351,0.09141896690750426,0.46048101532873587,0.4009890986592838,0.265268310731426,0.1177351730970101
7.231231231231231,4.229487081055286e-60,4.0745781974672143e-32,1.7918287281581595e-10,0.3094468809901145,7.602550734320345e-06,0.008164036029103693,0.08857811877140113,0.46101566012337486,0.40490515385300263,0.26914391986133773,0.118251346927598
7.243243243243243,7.584154217740771e-61,1.278129342814508e-32,1.1221836922939021e-10,0.3018042914692326,5.830984322894855e-06,0.007761884994391953,0.0858123690332132,0.4614659842142034,0.40878272357712875,0.2729831884077468,0.11876569269305881
7.255255255255255,1.344706994416358e-61,3.968713155307746e-33,6.982041866176408e-11,0.2942779884515772,4.450610686508722e-06,0.007359328078568051,0.08311797252886872,0.46182989548273246,0.41261921971700094,0.2767844006037228,0.11927816699481315
7.267267267267267,2.3574856190550887e-62,1.2198526449383205e-33,4.3156976723023376e-11,0.28688062916257057,3.38056469164493e-06,0.006957726614195632,0.0804910945197618,0.4621053677760743,0.4164121125668682,0.2805460538476037,0.11978872643893379
7.2792792792792795,4.0866848574194903e-63,3.711485674739235e-34,2.650139302328966e-11,0.2796234482950373,2.555333985243937e-06,0.006558573476566747,0.07792788303142432,0.46229044297570326,0.42015892488809625,0.2842668671257868,0.12029732764211656
7.291291291291291,7.004768471703338e-64,1.1178176410649149e-34,1.6167191962111705e-11,0.2725161929051143,1.922170282431232e-06,0.0061634436032818535,0.07542453948338183,0.4623832326765418,0.42385722563081346,0.28794578832903256,0.12080392723767443
7.303303303303303,1.1871806174686735e-64,3.332551604626407e-35,9.798233616923917e-12,0.2655670762746455,1.4388612940699222e-06,0.005773947080714042,0.07297738580862244,0.4623819195058136,0.42750462338226414,0.29158200036050363,0.12130848188155613
7.315315315315315,1.9894820492558023e-65,9.834800617076825e-36,5.899394105787236e-12,0.2587827508678366,1.0718305192824335e-06,0.005391685656174549,0.07058292641127893,0.4622847581154789,0.4310987596062941,0.2951749259399518,0.12181094825838447
7.327327327327327,3.296577653974457e-66,2.8730090129811534e-36,3.5286826150013123e-12,0.2521683002549048,7.945308613257822e-07,0.005018213385979397,0.06823790350876663,0.4620900758859137,0.4346373017392259,0.29872423101601275,0.12231128308751725
7.33933933933934,5.4011532537120306e-67,8.307898241952586e-37,2.0968265996036825e-12,0.24572724962790282,5.860981326937446e-07,0.004655001972074814,0.06593934464149878,0.46179627338178814,0.43811793620774947,0.3022298267073124,0.12280944312912564
7.351351351351351,8.750028027553392e-68,2.3780889751440028e-37,1.237816741756585e-12,0.23946159429688627,4.3023166725395585e-07,0.004303411178774294,0.06368460140009123,0.46140182460376983,0.4415383614344836,0.3056918697030901,0.1233053851902921
7.363363363363363,1.4016255161674285e-68,6.738260256482778e-38,7.259275964563393e-13,0.23337184533142,3.1427116043532093e-07,0.0039646645616109215,0.06147137870678695,0.46090527708170564,0.4448962808964574,0.3091107610650739,0.12379906613112464
7.375375375375375,2.2200052902074446e-69,1.8899495554904697e-38,4.2293400323245253e-13,0.22745709130575353,2.2844126070737907e-07,0.003639830587005186,0.059297754284474015,0.46030525185628074,0.4481893963009455,0.31248714338442674,0.12429044287088778
7.387387387387387,3.476765074222031e-70,5.247293951452745e-39,2.4478989379184966e-13,0.22171507491847428,1.6523812679388597e-07,0.003329809078533396,0.057162188243017074,0.45960044339680384,0.45141540094191457,0.31582189626047963,0.1247794723941464
7.3993993993994,5.383886160083483e-71,1.4421263911021533e-39,1.407522057143377e-13,0.2161422830912688,1.1893497625309997e-07,0.0030353227965498088,0.05506352299901219,0.4587896195027172,0.4545719732987177,0.31911613008165496,0.1252661117569256
7.411411411411411,8.24357210392931e-72,3.923322458475452e-40,8.040018688649963e-14,0.2107340490084287,8.518645146284518e-08,0.0027569138455183872,0.05300097401252099,0.4578716212356563,0.45765677093671325,0.32237117810321214,0.1257503180928807
7.423423423423423,1.2480555974412942e-72,1.056543622574799e-40,4.5624521956168596e-14,0.2054846644405233,6.071432210569555e-08,0.0024949445096455187,0.050974112064922354,0.45684536292743316,0.46066742476713807,0.3255885868311437,0.12623204861947934
7.435435435435435,1.868319789685303e-73,2.816460145349803e-41,2.57204362047993e-14,0.20038750060325475,4.305956197609576e-08,0.002249602043478243,0.04898283800902835,0.4557098323071709,0.46360153372086743,0.32877010473650403,0.12671126064419325
7.4474474474474475,2.765458589543678e-74,7.431945831968244e-42,1.4404440610415314e-14,0.19543513573674773,3.038814007099674e-08,0.0020209068904953813,0.047027351090757695,0.4544640907880325,0.46645665988767704,0.33191766933951034,0.1271879115706981
7.45945945945946,4.0474514327574207e-75,1.9412622503060577e-42,8.014046863256272e-15,0.19061948755167082,2.1339929192804692e-08,0.0018087237691129566,0.04510811206724792,0.4531072739505742,0.4692303241693035,0.3350333927177565,0.12766195890508195
7.471471471471472,5.857260679238393e-76,5.0193633020174316e-43,4.4293921853881586e-15,0.18593194867663945,1.4911952927631013e-08,0.0016127750510466813,0.04322580242716979,0.4516385922557984,0.4719200024909814,0.3381195455076209,0.1281333602620586
7.483483483483483,8.38119145976568e-77,1.2846824778692878e-43,2.432050283594895e-15,0.18136352325581354,1.0368768655757771e-08,0.001432655860171103,0.041381281054742196,0.4500573320164803,0.47452312261230994,0.3411785394823054,0.12860207337118604
7.495495495495495,1.1858101336898474e-77,3.2548105725104317e-44,1.3265893860691326e-15,0.1769049628856749,7.1741331191202845e-09,0.0012678503389890506,0.03957553967060441,0.4483628566504173,0.47703706157422604,0.34421290880372046,0.12906805608308966
7.5075075075075075,1.658909242426064e-78,8.162785473980946e-45,7.188453233454384e-16,0.17254690014447926,4.939236193566532e-09,0.0011177485623367718,0.03780965833288067,0.44655460823392135,0.47945914381461435,0.34722529005845204,0.12953126637568588
7.51951951951952,2.2947113265345717e-79,2.0264402144487984e-45,3.869624080038171e-16,0.16827997805520983,3.3837390421441915e-09,0.0009816636215395354,0.036084762194340626,0.4446321093682383,0.48178663998071297,0.35021840120023795,0.12999166236040866
7.531531531531532,3.138566585601164e-80,4.979800623072204e-46,2.069359454562366e-16,0.1640949739312972,2.306637103504511e-09,0.0008588484543298596,0.03440198059156374,0.44259496536570486,0.4840167664619448,0.3531950195324992,0.1304492022884352
7.543543543543543,4.244557129293743e-81,1.2113589776903926e-46,1.0993510200996238e-16,0.159982916181651,1.5646086173895318e-09,0.000748512053863889,0.032762409395332995,0.44044286675642386,0.4861466856622507,0.35615795887448054,0.13090384455690982
7.555555555555555,5.675852036053054e-82,2.9168662582782354e-47,5.801891349346306e-17,0.1559351927954188,1.0560267832813277e-09,0.0006498347516339492,0.031167077384679318,0.4381755921101273,0.4881735070263638,0.3591100460633033,0.13135554771516564
7.5675675675675675,7.504595546841132e-83,6.952530746955122e-48,3.0418307327764664e-17,0.15194365038470106,7.092277228528527e-10,0.0005619823316536148,0.029616917226966598,0.43579301116180563,0.49009428882984096,0.3620540969516073,0.13180427047094195
7.57957957957958,9.811173642295286e-84,1.6404087107023987e-48,1.5842810844374226e-17,0.14800068283249748,4.739547250138568e-10,0.00048411879490015586,0.028112741460141862,0.4332950882236679,0.4919060407380666,0.3649928920664438,0.13224997169659689
7.591591591591592,1.2682707618465392e-84,3.831280616300047e-49,8.197108495510909e-18,0.14409930877062044,3.1515722377242227e-10,0.000415417651837541,0.026655223687610256,0.43068188586016226,0.49360572713488887,0.3679291520995305,0.1326926104353124
7.603603603603603,1.6210643369803428e-85,8.857651822484513e-50,4.213275973711931e-18,0.14023323729521509,2.0852390149514258e-10,0.0003550716754243401,0.025244885017511917,0.427953568797202,0.495190271217087,0.3708655134019382,0.13313214590729308
7.615615615615615,2.0487345052936615e-86,2.027103831560173e-50,2.151341941323942e-18,0.13639692151300517,1.372845094760848e-10,0.0003023010961849567,0.023882085612253086,0.42511040803148453,0.49665655984650803,0.3738045036576529,0.13356853751595374
7.627627627627628,2.5601663253799087e-87,4.592150691153554e-51,1.0912615279393161e-18,0.1325855996964848,8.99338815581881e-11,0.0002563602638701073,0.02256702106589278,0.4221527851009264,0.4980014491474845,0.37674851791028324,0.13400174485409794
7.63963963963964,3.16335300922695e-88,1.0297671043084127e-51,5.498923397509364e-19,0.12879532400821747,5.862195157474976e-11,0.0002165428364568997,0.021299723200397903,0.4190811964728288,0.4992217708330754,0.3796997951154647,0.13443172771008516
7.651651651651652,3.864773344151506e-89,2.285833769307782e-52,2.7526785151980454e-19,0.12502297693044662,3.802168848103769e-11,0.00018218558654141444,0.02008006476973782,0.4158962580025267,0.5003143392397523,0.38266039538827407,0.13485844607398323
7.663663663663663,4.66871330518954e-90,5.022651221421131e-53,1.3688690357811601e-19,0.12126627570388186,2.4537810712353997e-11,0.00015267093762265705,0.01890776748510901,0.41259870941194055,0.501275959046436,0.3856321781102714,0.13528186014370785
7.675675675675675,5.57656932223222e-91,1.0924564797995735e-53,6.762331953086664e-20,0.11752376523641751,1.5756967369473116e-11,0.0001274283586582911,0.017782412725925456,0.4091894187347723,0.5021034336502387,0.38861678105467384,0.13570193033114605
7.687687687687688,6.586180759279421e-92,2.352112096531331e-54,3.318630184427674e-20,0.11379480008663284,1.0067949451624514e-11,0.00010593475506563531,0.01670345427921756,0.40566938667303787,0.5027935741679277,0.39161560068075707,0.1361186172682622
7.6996996996997,7.691246798523367e-93,5.012964540087858e-55,1.6178886840002604e-20,0.11007951625637445,6.400887139120944e-12,8.771399866017722e-05,0.015670232453367454,0.40203975080825466,0.5033432090289763,0.3946297737399135,0.13653188181318693
7.711711711711712,8.880886735493755e-94,1.0575818682815988e-55,7.835477179450887e-21,0.1063787936400192,4.04920047940424e-12,7.233573857985924e-05,0.014681988938456283,0.3983017896099275,0.5037491941231207,0.39766016032603113,0.1369416850562849
7.723723723723723,1.0139401503363785e-94,2.2085951136590286e-56,3.7697186319169865e-21,0.10269421007398387,2.5487521029034876e-12,5.94136308018103e-05,0.013737881831954441,0.39445692618400946,0.5040084234625862,0.40070732849205315,0.13734798832620296
7.7357357357357355,1.1446287253237594e-95,4.565632638516371e-57,1.8016845101121427e-21,0.09902798800777518,1.5962995443406731e-12,4.860311620254948e-05,0.012837000311572845,0.39050673170471545,0.5041178403165876,0.40377154054291126,0.13775075319589597
7.747747747747748,1.2776538776520486e-96,9.342617489435404e-58,8.554104176906233e-22,0.09538293487689373,9.94784362689079e-13,3.9598867012021086e-05,0.01197837851294074,0.38645292847450347,0.5040744487733247,0.4068527411025621,0.1381499414886285
7.75975975975976,1.4101261901739345e-97,1.892426054181232e-58,4.034558115993866e-22,0.09176237829794293,6.168372529395777e-13,3.2132009693560004e-05,0.011161008254350322,0.38229739255909706,0.5038753256825026,0.4099505470397997,0.1385455152839522
7.771771771771772,1.5388590902824825e-98,3.7944777955538487e-59,1.8903522761677566e-22,0.08817009722755596,3.805736042764732e-13,2.5967219412264264e-05,0.010383850340058511,0.3780421559471443,0.5035176329293647,0.41306423932391556,0.13893743692365737
7.783783783783783,1.6604881280661758e-99,7.531263791670864e-60,8.798619337224329e-23,0.08461025022965496,2.336321034370157e-13,2.089976792220963e-05,0.009645844263663836,0.37368940818744356,0.5029986299893575,0.41619275686734,0.13932566901769658
7.7957957957957955,1.7716122426912223e-100,1.4796753875901823e-60,4.0682817679435896e-23,0.08108730198082961,1.4270905998262592e-13,1.6752593411868114e-05,0.00894591622030157,0.36924149746053514,0.5023156867108215,0.4193346923982202,0.13971017445007994
7.807807807807808,1.8689491349286812e-101,2.877715042572482e-61,1.86866708476958e-23,0.07760594911235238,8.673515266301428e-14,1.3373448009981575e-05,0.008282985417650972,0.36470093104586687,0.5014662962715184,0.4224882903915805,0.1400909163847409
7.81981981981982,1.949495051405783e-102,5.540026863024563e-62,8.526621330799625e-24,0.07417104644071294,5.245208409318354e-14,1.0632166594210389e-05,0.007655968748389721,0.360070375150568,0.5004480882533601,0.4256514470734546,0.1404678582713695
7.831831831831832,2.01067822699508e-103,1.0557441917177905e-62,3.864967682842583e-24,0.07078753457813775,3.1561220826168284e-14,8.418089499218684e-06,0.007063783948700098,0.35535265407114336,0.49925884177837704,0.4288217124982151,0.14084096385121495
7.843843843843843,2.050495089751724e-104,1.9915365330565518e-63,1.7403569699842243e-24,0.06746036984192981,1.8895907076396255e-14,6.637661847242972e-06,0.006505351417305344,0.3505507486649276,0.4978964986477785,0.4319962946854335,0.14121019716285255
7.8558558558558556,2.0676191780451443e-105,3.718780979176704e-64,7.784919450632263e-25,0.06419445729846965,1.1256518271501103e-14,5.212223609845114e-06,0.0059795949064762165,0.34566779411400905,0.4963591764248694,0.43517206578905304,0.14157552254791728
7.867867867867868,2.0614745135994894e-106,6.873780677213058e-65,3.459337787675221e-25,0.06099458768625841,6.672096192963338e-15,4.075997181087806e-06,0.005485441320307114,0.3407070769703308,0.49464518140164954,0.4383455702585164,0.1419369046567993
7.87987987987988,2.0322677696640537e-107,1.2576896514328601e-65,1.5270548314304098e-25,0.057865378864356255,3.934974415011013e-15,3.174273176556988e-06,0.005021819866668665,0.3356720314768262,0.492753021388086,0.4415130349389311,0.14229430845430374
7.891891891891892,1.980976728494845e-108,2.2778968317816388e-66,6.696361089475737e-26,0.05481122233004013,2.3090984600156568e-15,2.461790306904722e-06,0.004587660808463181,0.33056623516562217,0.4906814182623614,0.4446703810453312,0.14264769922527012
7.903903903903903,1.9092959272859993e-109,4.0839212613683216e-67,2.9170604924476995e-26,0.05183623524432957,1.348228363552118e-15,1.9013014173049815e-06,0.004181894048396826,0.32539340374053105,0.48842932021984714,0.4478132379347872,0.1429970425801523
7.915915915915916,1.8195437069594938e-110,7.247753535678781e-68,1.2623335298066251e-26,0.04894421829819237,7.832573796024124e-16,1.4623150240166182e-06,0.003803447761028663,0.3201573852570874,0.4859959136581482,0.45093695858950716,0.14334230446055732
7.927927927927928,1.7145377748783422e-111,1.2732457032701706e-68,5.426561029501225e-27,0.046138619647487195,4.527569572410877e-16,1.1199997933478155e-06,0.0034512472581671224,0.3148621536193346,0.4833806346353409,0.4540366367142334,0.14368345114474113
7.93993993993994,1.5974485924405778e-112,2.214133325344955e-69,2.317378334596616e-27,0.0434225050427617,2.604023851737776e-16,8.54238269513244e-07,0.0031242142406841173,0.3095118014182287,0.48058317983846277,0.45710712534223846,0.14402044925306084
7.951951951951952,1.4716412064833877e-113,3.8113432623144094e-70,9.830840785147381e-28,0.040798534182421145,1.4901966100447773e-16,6.48815640356462e-07,0.002821266553469987,0.30411053214194883,0.47760351699948317,0.4601430568360173,0.14435326575338187
7.963963963963964,1.3405164683658131e-114,6.4943412769688744e-71,4.142911447845891e-28,0.03826894322589343,8.485170723722841e-17,4.907293137124147e-07,0.0025413185224495917,0.2986626517934767,0.47444189469634757,0.46313886416150246,0.14468186796643878
7.975975975975976,1.2073619459671254e-115,1.0954054467036372e-71,1.7343698328564656e-28,0.03583553331844591,4.807237997714436e-17,3.6960545148057976e-07,0.002283281915089544,0.2931725599555063,0.47109885147731906,0.46608880330816355,0.14500622357114867
7.987987987987988,1.0752213535128878e-116,1.8289314651444563e-72,7.212713033751616e-29,0.03349966490221565,2.7098691723247888e-17,2.772092737593294e-07,0.0020460675302122816,0.2876447403469923,0.4675752242477213,0.4689869767218691,0.145326300609876
8.0,9.46789205887212e-118,3.022753368152838e-73,2.979725752863372e-29,0.031262257519633976,1.5199116172178784e-17,2.070368146907973e-07,0.001828587390517676,0.2820837509194789,0.4638721558593882,0.4718273576127322,0.14564206749364764
8.012012012012011,8.243349035267644e-119,4.945278362716604e-74,1.2228535667378384e-29,0.02912379475627166,8.482137585320382e-18,1.5397681100296277e-07,0.0016297574830397594,0.276494213544647,0.45999110184459685,0.474603814996483,0.14595349300731628
8.024024024024024,7.096578447218578e-120,8.008690633174389e-75,4.985319086084396e-30,0.027084333920642092,4.7098700893498065e-18,1.1403247241304344e-07,0.0014485009695913056,0.27088080334731685,0.45593383623811573,0.47731013932508265,0.14626054631467253
8.036036036036036,6.0407270219112795e-121,1.2838522290157272e-75,2.0189782672663932e-30,0.02514352001879116,2.602129227005116e-18,8.409397097732276e-08,0.0012837517715288565,0.2652482377404351,0.45170245643318396,0.4799400685604028,0.14656319696350276
8.048048048048049,5.084219046145857e-122,2.0372827491416874e-76,8.122511628938886e-31,0.023300603551569068,1.4304240358342635e-18,6.175355612336814e-08,0.0011344584210825548,0.25960126522027704,0.4472993870197877,0.4824873145437953,0.1468614148905932
8.06006006006006,4.231107826781952e-123,3.2001499060743967e-77,3.2461523250707215e-31,0.021554461642158,7.823776618107469e-19,4.515622531730213e-08,0.000999588064962264,0.25394465398131727,0.44272738255659605,0.4849455895142356,0.14715517042667806
8.072072072072071,3.481598515650983e-124,4.975905044199912e-78,1.288745466241836e-31,0.019903621990277447,4.257782744670198e-19,3.287983744371105e-08,0.000878130504659603,0.24828318041084138,0.437989529231229,0.48730863262851654,0.14744443430133033
8.084084084084084,2.8326831444181035e-125,7.658727051527032e-79,5.082588606442834e-32,0.018346289147107484,2.3055029491394097e-19,2.3839434499790423e-08,0.00076910216132935,0.24262161752352673,0.4330892453673504,0.4895702363385444,0.1477291776477957
8.096096096096096,2.278830284895245e-126,1.1668736867947109e-79,1.9912334297848688e-32,0.016880372610630818,1.2421176149965418e-19,1.721133044436004e-08,0.0006715498607070615,0.23696472339581512,0.42803028074124577,0.4917242724832898,0.14800937200776615
8.108108108108109,1.8126777398980814e-127,1.7598426861273213e-80,7.749588795334707e-33,0.015503516254146038,6.65846845915994e-20,1.2373231915242717e-08,0.0005845543444696405,0.23131722965900675,0.4228167146751457,0.4937647179562215,0.14828498933609502
8.12012012012012,1.4256857773441267e-128,2.6272814239666755e-81,2.9960859944833414e-33,0.014213128620301144,3.551405816899317e-20,8.857275451616798e-09,0.0005072334279765286,0.22568383010871815,0.4174529528796017,0.4956856798131457,0.148556002005449
8.132132132132131,1.1087192586923933e-129,3.8825949856457745e-82,1.1506649639557462e-33,0.013006413638277453,1.8846917703478172e-20,6.313403784036693e-09,0.00043874473962930157,0.2200691694864789,0.4119437230225996,0.49748141969028287,0.14882238281089946
8.144144144144144,8.525382780179738e-131,5.6796337339274785e-83,4.38997832946659e-34,0.011880401351841263,9.951629541496351e-21,4.480965358469672e-09,0.0003782879933733136,0.2144778324871538,0.40629406900892695,0.499146377408032,0.14908410497444954
8.156156156156156,6.481875260632833e-132,8.224344945563143e-84,1.6637750619848066e-34,0.01083197827993052,5.228314026164847e-21,3.166813267515801e-09,0.0003251067623972626,0.20891433304326945,0.40050934395946225,0.5006751936422666,0.14934114214949687
8.168168168168169,4.8728371868560785e-133,1.1788676523006756e-84,6.263909454485854e-35,0.00985791706837514,2.7330180269798104e-21,2.2285094155549937e-09,0.00027848973821081917,0.20338310393447748,0.39459520188652103,0.5020627315520677,0.14959346842523125
8.18018018018018,3.622075910622884e-134,1.6726748665379605e-85,2.3426900995834527e-35,0.008954905130362416,1.4214659892358803e-21,1.5615143954199041e-09,0.0002377714744350489,0.19788848676724527,0.3885575880682256,0.5033040972605227,0.14984105833096542
8.192192192192191,2.662119682228966e-135,2.349312330597925e-86,8.703673875374504e-36,0.008119572013504103,7.356028075433809e-22,1.0894703573548781e-09,0.00020233262837074755,0.19243472236644643,0.38240272813187204,0.5043946590935602,0.15008388684039897
8.204204204204204,1.9346034273324926e-136,3.2662748848455417e-87,3.212245017299381e-36,0.007348515272057539,3.787590350949377e-22,7.568698552338285e-10,0.00017159972537761573,0.18702594161695765,0.3761371158635588,0.5053300654906908,0.15032192937581262
8.216216216216216,1.39011472807038e-137,4.4951837740330534e-88,1.1776951832157454e-36,0.00663832466325405,1.9404173043040848e-22,5.235544672087468e-10,0.00014504448107333583,0.1816661567896068,0.3697674997687618,0.5061062615109257,0.15055516181219472
8.228228228228229,9.876512548034062e-139,6.1238552671496326e-89,4.289189265467811e-37,0.005985604526140358,9.890986112649279e-23,3.606084983765713e-10,0.00012218272422593484,0.17635925338195596,0.3633008684160567,0.5067195038669994,0.15078356048129612
8.24024024024024,6.938264421672647e-140,8.258194948819658e-90,1.5517991113001683e-37,0.005386994239269249,5.016446308342098e-23,2.473102265008915e-10,0.00010257296894314999,0.17110898250049253,0.3567444346038253,0.5071663744312577,0.15100710217561347
8.252252252252251,4.8193924794997417e-141,1.1023717886912158e-90,5.577167229566189e-38,0.004839186689472381,2.5314227588562298e-23,1.6888025350062498e-10,8.581468842023153e-05,0.1659189538068105,0.3501056183973183,0.5074437921670882,0.15122576415230188
8.264264264264265,3.309999555398231e-142,1.456645248598772e-91,1.9911758687763326e-38,0.004338944717416134,1.2709982314467907e-23,1.1482727080079221e-10,7.15463442271911e-05,0.16079262904643776,0.3433920290910123,0.507549023450553,0.15143952413701206
8.276276276276276,2.247800363285747e-143,1.9052950940525283e-92,7.061927717886922e-39,0.0038831155363425627,6.349459965912615e-24,7.773906709946125e-11,5.9443225085796464e-05,0.15573331617503605,0.3366114461585361,0.5074796907577417,0.15164836032765536
8.288288288288289,1.5093211980276432e-144,2.4669108117282378e-93,2.488023747833121e-39,0.0034686431480923617,3.1560221132630502e-24,5.240352463318121e-11,4.921514753416654e-05,0.15074416409284658,0.3297717992596432,0.5072337797043462,0.1518522513980929
8.3003003003003,1.0020738082526133e-145,3.161749030608597e-94,8.707696715160863e-40,0.0030925788050407575,1.560826118950726e-24,3.5172835886444124e-11,4.060406805556134e-05,0.1458281579945727,0.32288114738063106,0.5068096444348212,0.15205117650174918
8.312312312312311,6.578272004216412e-147,4.011290235341136e-95,3.027397890504057e-40,0.002752089587845865,7.680333633408661e-25,2.3506006299902215e-11,3.338165242117532e-05,0.14098811533820707,0.3159476571911536,0.5062060113692722,0.152245115275148
8.324324324324325,4.269902842362276e-148,5.037598200023929e-96,1.0455698933424952e-40,0.0024444651869142296,3.7602486695881777e-25,1.564133388314776e-11,2.73468434265704e-05,0.13622668243294328,0.3089795807066068,0.5054219813267171,0.15243404784137196
8.336336336336336,2.7404266513592306e-149,6.262470750260466e-97,3.5871861375833057e-41,0.002167122990258654,1.8317399216080843e-25,1.0363134610896447e-11,2.232346313795341e-05,0.13154633164298177,0.3019852323509467,0.5044570300535525,0.15261795481344376
8.348348348348349,1.739051202511404e-150,7.706383941812171e-98,1.2225649975246956e-41,0.0019176115920644331,8.878133477575726e-26,6.836438030951982e-12,1.8157880438038582e-05,0.1269493592009758,0.294972965520034,0.5033110071957807,0.15279681729762684
8.36036036036036,1.0911903767453105e-151,9.387248630353754e-99,4.13911155080724e-42,0.0016936128449414399,4.281441351193676e-26,4.490441298100972e-12,1.4716769276230557e-05,0.12243788362199803,0.28795114875024713,0.5019841337627834,0.15297061689664776
8.372372372372372,6.769905901061366e-153,1.131901787285105e-99,1.3920645098195036e-42,0.001492942584694742,2.054322661365859e-26,2.936754278172966e-12,1.1884977758852146e-05,0.11801384470621791,0.2809281416010787,0.5004769981389857,0.1531393357128367
8.384384384384385,4.152968713663594e-154,1.3510204322868837e-100,4.650809810624383e-43,0.001313550159725944,9.807481680600992e-27,1.9123382859266077e-12,9.563523205086016e-06,0.11367900311606981,0.27391227036383575,0.49879055070766226,0.15330295635118707
8.396396396396396,2.5190024201847715e-155,1.596238697590586e-101,1.5435287370373856e-43,0.00115351689810601,4.6586106113077896e-27,1.2398794542331453e-12,7.66772365405587e-06,0.10943494051145693,0.2669118037111464,0.49692609715820524,0.1534614619223324
8.408408408408409,1.510749241455003e-156,1.8668804154960273e-102,5.088827332840243e-44,0.0010110536442026888,2.201736006475332e-27,8.004071927469851e-13,6.125472117960747e-06,0.10528306022455418,0.259934928403896,0.49488529055442754,0.15361483604544118
8.42042042042042,8.958804029419423e-158,2.16131422015026e-103,1.6666235116199885e-44,0.0008844974937600159,1.0353421108712249e-27,5.144680984881655e-13,4.875656186670955e-06,0.10122458845402589,0.25298972517336693,0.49267012224680945,0.15376306285102748
8.432432432432432,5.252928840212282e-159,2.476863472914949e-104,5.422181184487569e-45,0.000772307851778685,4.844089847639684e-28,3.2924642389750627e-13,3.866722426198543e-06,0.09726057595691473,0.24608414489663435,0.49028291171595023,0.15390612698367695
8.444444444444445,3.0454172653523636e-160,2.8097583641409322e-105,1.752375691737907e-45,0.0006730619317014779,2.255018236699691e-28,2.0979641503202951e-13,3.0553823804181785e-06,0.093391900215161,0.23922598518287094,0.4877262954379007,0.15404401360468897
8.456456456456456,1.7457653882856362e-161,3.1551399192941665e-106,5.6259650604031485e-46,0.0005854498075154635,1.0444733607635728e-28,1.3310326104897995e-13,2.405454867424874e-06,0.08961926805258906,0.2324228674869021,0.4850032148643971,0.15417670839463224
8.468468468468469,9.895066480018048e-163,3.507123187327571e-107,1.7942518455039803e-46,0.0005082691226901249,4.81342272741553e-29,8.407991228207689e-14,1.8868376296815353e-06,0.08594321867727668,0.22568221486427917,0.48211690361240006,0.1543041975558146
8.48048048048048,5.545558579061022e-164,3.8589234589291185e-108,5.684421575047263e-47,0.00044041955160158976,2.2070890550193546e-29,5.288201982202596e-14,1.4746002106260297e-06,0.0823641271235439,0.21901123047930002,0.4790708739576932,0.1544264678146664
8.492492492492492,3.073021516315803e-165,4.203045145478743e-109,1.7889805179422182e-47,0.00038089710045710254,1.0069196557499813e-29,3.311581017296141e-14,1.1481891424939471e-06,0.07888220806719891,0.21241687697369865,0.47586890272667715,0.15454350642403591
8.504504504504505,1.6837577509537238e-166,4.531528249558353e-110,5.592955282344717e-48,0.0003287883259206739,4.5706586067712334e-30,2.064779396787001e-14,8.90736089472319e-07,0.07549751998736477,0.20590585679937,0.4725150166789363,0.1546553011653971
8.516516516516516,9.1219418277554e-168,4.8362425659642075e-111,1.7369744802958153e-48,0.0002832645408164979,2.0642944789881334e-30,1.2818058134794744e-14,6.88459444194002e-07,0.07220996964795467,0.19948459361334747,0.46901347747072636,0.1547618403509692
8.528528528528529,4.886395923548868e-169,5.109215312671988e-112,5.358729511981668e-49,0.00024357606759881664,9.276268702245937e-31,7.922833431243441e-15,5.301499720370615e-07,0.06901931687180067,0.19315921482740547,0.46536876628624646,0.15486311282574733
8.54054054054054,2.5881154979200947e-170,5.342974255840746e-113,1.6422773219168822e-49,0.00020904659184877033,4.147474214240765e-31,4.875823198502772e-15,4.0673138720155916e-07,0.06592517958050641,0.186935535398255,0.4615855682196051,0.15495910796944293
8.552552552552552,1.3554149791067625e-171,5.530885969054236e-114,4.999739446192231e-50,0.00017906765999343635,1.845026804045057e-31,2.9876103499296857e-15,3.108871813519555e-07,0.0629270390732486,0.18081904293718307,0.457668756485711,0.15504981569833545
8.564564564564565,7.018665055233116e-173,5.667467968345406e-115,1.5120439767600888e-50,0.00015309335782265804,8.166391267951418e-32,1.8226698521446636e-15,2.367455686116059e-07,0.06002424551805038,0.1748148842104346,0.45362337653316864,0.15513522646703282
8.576576576576576,3.593605056503889e-174,5.74865426797723e-116,4.542527910735912e-51,0.00013063519926793056,3.596384501589816e-32,1.1071325018604873e-15,1.7961502386328636e-07,0.057216023629411535,0.1689278530935439,0.44945463012661935,0.15521533127014148
8.588588588588589,1.8192808498402222e-175,5.771996419507788e-117,1.3556478122048107e-51,0.00011125724835004932,1.5758337327447066e-32,6.695734602220837e-16,1.35763543959618e-07,0.054501478506639084,0.16316238003430447,0.445167859460023,0.1552901216438451
8.6006006006006,9.106735181261827e-177,5.73678616606116e-118,4.0189462920099e-52,9.457149122749659e-05,6.870097890435079e-33,4.0318412702584265e-16,1.02235428143289e-07,0.05187960160776285,0.157522523070257,0.44076853135623445,0.1553595896673923
8.612612612612612,4.50732846760951e-178,5.64409113857384e-119,1.1835688895886988e-52,8.02334698994969e-05,2.9800505549938587e-33,2.417211910999551e-16,7.670003430014936e-08,0.04934927683449866,0.1520119604373983,0.4362622216019663,0.15542372796449092
8.624624624624625,2.205815747139815e-179,5.496701083818046e-120,3.4625085663321305e-53,6.793818433841949e-05,1.286152396963863e-33,1.4428848978630429e-16,5.732760582374167e-08,0.04690928670439042,0.1466339847974897,0.4316545994610275,0.15548252970461232
8.636636636636636,1.067364528746805e-180,5.29898840301724e-121,1.006245874814122e-53,5.741626563593349e-05,5.522926272762264e-34,8.575390126835152e-17,4.2687868206008295e-08,0.044558318586950446,0.14139149910184473,0.42695141240262435,0.1555359886042004
8.64864864864865,5.106811080687653e-182,5.05669272861666e-122,2.904913973665777e-54,4.843041912757913e-05,2.3596848152480993e-34,5.07435576531936e-17,3.166765695204523e-08,0.04229497098135315,0.13628701409988633,0.4221584710756837,0.1555840989277905
8.66066066066066,2.4159074642874186e-183,4.776644346250332e-123,8.330638922598887e-55,4.077213338533894e-05,1.0031055029665668e-34,2.989595078547911e-17,2.3404354078909764e-08,0.04011775981403586,0.13132264749123793,0.417281634554663,0.15562685548903216
8.672672672672672,1.1300671791415491e-184,4.46644504421212e-124,2.3732264866501152e-55,3.4258648405053055e-05,4.242745857630601e-35,1.75367002468246e-17,1.7232376862313573e-08,0.03802512473532953,0.12650012471057073,0.41232679587722,0.15566425365162115
8.684684684684685,5.226629023506142e-186,4.1341271497021827e-125,6.716080156613655e-56,2.873017422946715e-05,1.7854806268288382e-35,1.0242054268971878e-17,1.2640379227040822e-08,0.036015435395111,0.12182078132511505,0.40729986788958916,0.15569628933013652
8.696696696696696,2.390190540219053e-187,3.787811961971501e-126,1.8880275748791508e-56,2.4047349598640966e-05,7.476027945961515e-36,5.955655923701291e-18,9.23719438174852e-09,0.034086997678296,0.11728556701555805,0.402206769411498,0.1557229589907832
8.70870870870871,1.0807787324639756e-188,3.4353875646948886e-127,5.272499453628426e-57,2.0088928966808705e-05,3.1145425758909395e-36,3.448062418992262e-18,6.724869270833282e-09,0.032238059881873275,0.11289505110218954,0.3970534117290965,0.15574425965204208
8.72072072072072,4.832083856048213e-190,3.0842233008081514e-128,1.4626501954245894e-57,1.674968532683078e-05,1.2909967357975489e-36,1.9875739921447085e-18,4.877420243595269e-09,0.03046681881607379,0.10864942956961887,0.3918456854216807,0.15576018888522458
8.732732732732734,2.136119412533594e-191,2.7409343589484416e-129,4.0306964740624625e-58,1.3938515698769123e-05,5.324311649113428e-37,1.1407063081151335e-18,3.524178610223184e-09,0.02877142581316051,0.1045485335352049,0.3865894475259307,0.15577074481493336
8.744744744744745,9.337056136722911e-193,2.4112053726501187e-130,1.1034061042611636e-58,1.1576735827586575e-05,2.1847873947185433e-37,6.518181210879032e-19,2.5367983078402818e-09,0.02714999262825261,0.10059183909867286,0.3812905090400722,0.15577592611942792
8.756756756756756,4.035411048731486e-194,2.0996771252553425e-131,3.0005875830235645e-59,9.596550557743627e-06,8.919945949710418e-38,3.708350490473196e-19,1.819169646232768e-09,0.025600597217511793,0.09677847850313034,0.37595462276964703,0.15577573203089723
8.76876876876877,1.7244830918377622e-195,1.8098958225081495e-132,8.105743312764005e-60,7.93968647306321e-06,3.6234521668740295e-38,2.1005672746932346e-19,1.2996268719108587e-09,0.024121289379965112,0.09310725253106235,0.37058747151658245,0.15577016233563554
8.78078078078078,7.286575058686106e-197,1.5443203165505308e-133,2.1751788634848148e-60,6.55617367447567e-06,1.4645022817609475e-38,1.1846597218682927e-19,9.24956727487474e-10,0.022710096250176726,0.08957664405277162,0.36519465661378575,0.15575921737412496
8.792792792792794,3.0442567210361276e-198,1.3043794220564692e-134,5.798460024960053e-61,5.403263984889262e-06,5.889314218811524e-39,6.651990143861459e-20,6.55813683990997e-10,0.021365027629932826,0.08618483263924304,0.35978168680860895,0.15574289804102262
8.804804804804805,1.257570729612991e-199,1.0905692275852711e-135,1.5354861464996572e-61,4.444473390945636e-06,2.3563863491599824e-39,3.718863755074897e-20,4.6322818275183155e-10,0.020084081148068568,0.08292971014660222,0.35435396750014775,0.15572120578505286
8.816816816816816,5.136613300124547e-201,9.025791273844726e-137,4.0391934862363755e-62,3.6487371303376075e-06,9.380701446564889e-40,2.069995465487077e-20,3.259598193365025e-10,0.01886524723851683,0.0798088971751435,0.34891679033729245,0.15569414260880626
8.82882882882883,2.074505623711197e-202,7.394351295409588e-138,1.0555016348803075e-62,2.989666488152126e-06,3.715618543998155e-40,1.1471725442471258e-20,2.285003915190626e-10,0.017706513927637644,0.07681976030244586,0.34347532318683655,0.1556617110684408
8.84084084084084,8.284105913928873e-204,5.99649698204265e-139,2.739924782447442e-63,2.4448970566654426e-06,1.464312835769341e-40,6.3297724144282224e-21,1.5957426044947128e-10,0.016605871422847716,0.07395942998730945,0.3380346004834594,0.1556239142732918
8.852852852852854,3.270920132133328e-205,4.813687645143109e-140,7.065352393220312e-64,1.995518923259069e-06,5.7417397899985e-41,3.477340610777046e-21,1.1101738759143416e-10,0.015561316495534204,0.0712248190391673,0.3325995139761165,0.15558075588538525
8.864864864864865,1.2769900013196848e-206,3.8250836670411595e-141,1.8098577928921088e-64,1.625579966352743e-06,2.2400617237413148e-41,1.9019800157183664e-21,7.694328598231362e-11,0.014570856652214978,0.068612641546289,0.3271748038881293,0.15553224011885672
8.876876876876876,4.929448152028815e-208,3.00875426307273e-142,4.605433277624934e-65,1.3216541475638347e-06,8.69527370172349e-42,1.0357717153897062e-21,5.312529329429494e-11,0.013632514088855503,0.0661194321554216,0.32176505051092064,0.15547837173927653
8.88888888888889,1.8814918794173825e-209,2.3426922712356026e-143,1.1641580272539904e-65,1.0724673800655251e-06,3.358251945438531e-42,5.615925458337468e-22,3.6541148067997944e-11,0.012744329424217868,0.06374156559557757,0.3163746662539321,0.15541915606288098
8.9009009009009,7.1006747843273416e-211,1.805620668880729e-144,2.9232688670607136e-66,8.685742206670629e-07,1.2904761845786432e-42,3.0316399937177074e-22,2.5038750389753802e-11,0.011904365209057749,0.061475276339414284,0.3110078881755312,0.1553545989557083
8.912912912912914,2.649659787732141e-212,1.3775917608483167e-145,7.291904129310718e-67,7.020792706298434e-07,4.933934387832778e-43,1.6294188991838453e-22,1.7091970477079403e-11,0.011110709208918731,0.059316678297046115,0.3056687710217297,0.15528470683264187
8.924924924924925,9.776284159664977e-214,1.0403927147572493e-146,1.8068765710452796e-67,5.6639777339343e-07,1.8769096137184827e-43,8.719398549401024e-23,1.162304899839587e-11,0.01036147745919479,0.057261784439202885,0.3003611808011428,0.15520948665635959
8.936936936936936,3.566569714033717e-215,7.777800775750546e-148,4.447657688405242e-68,4.5605046330572373e-07,7.10395036899477e-44,4.64556780195408e-23,7.874009047569214e-12,0.009654817092025402,0.05530652624930561,0.29508878892574136,0.15512894593618934
8.94894894894895,1.2865326383109403e-216,5.755712247325005e-149,1.0875507652660345e-68,3.6648824641426596e-07,2.6752415931694283e-44,2.464276374873143e-23,5.313970442086937e-12,0.008988908935470321,0.05344677290731295,0.2898550669476066,0.1550430927268717
8.96096096096096,4.588640988717756e-218,4.216227911289614e-150,2.641697118534336e-69,2.939427816311982e-07,1.0023804471131969e-44,1.3014821278722646e-23,3.572639892299492e-12,0.008361969886259327,0.05167835011200223,0.28466328192197154,0.15495193562723028
8.972972972972974,1.6182310269187308e-219,3.057256175071274e-151,6.374289623617973e-70,2.352994782171665e-07,3.736875379426738e-45,6.8436066981582e-24,2.3927964570143676e-12,0.00777225505823594,0.04999705845269802,0.27951649242630927,0.1548554837787484
8.984984984984985,5.642741176746863e-221,2.194433018838297e-152,1.5279031751466205e-70,1.8798983427315654e-07,1.3860888006732394e-45,3.582859476359267e-24,1.5964974030649952e-12,0.007218059709407616,0.04839869124628691,0.2744175452641588,0.15475374686405446
8.996996996996996,1.945507418678225e-222,1.5591775550174466e-153,3.638104185748049e-71,1.4990041204140485e-07,5.115403166178217e-46,1.86755013949205e-24,1.0611485422504467e-12,0.00669772095126543,0.04687905176060488,0.2693690728806315,0.15464673510531562
9.00900900900901,6.632370789306095e-224,1.096608393935919e-154,8.605372502914074e-72,1.1929608095453512e-07,1.878343509265869e-46,9.691977541280848e-25,7.026341137657453e-13,0.0062096192447587675,0.045433969750948426,0.2643734915142555,0.15453445926253814
9.02102102102102,2.2356192581541567e-225,7.634670597891024e-156,2.0219920697153258e-72,9.475546047577897e-08,6.862406973764893e-47,5.007835284600311e-25,4.634756920022382e-13,0.0057521796879826635,0.04405931724244106,0.25943300010692477,0.15441693063177955
9.033033033033034,7.451093542171049e-227,5.2615268203448266e-157,4.719591819811022e-73,7.511676398435688e-08,2.4945039059148625e-47,2.5762325334201354e-25,3.0455727965683324e-13,0.005323873101265108,0.04275102349728485,0.25454957999025973,0.1542941610432676
9.045045045045045,2.4554738340508873e-228,3.589351743299953e-158,1.0943207585079638e-73,5.9432484533432976e-08,9.021902689577851e-48,1.3195241917871177e-25,1.9936776008135835e-13,0.004923216915930799,0.04150508911246304,0.24972499536280895,0.1541661628594301
9.057057057057056,8.000989843062628e-230,2.4238346931063443e-159,2.520577351599847e-74,4.69315755515271e-08,3.246521530561986e-48,6.728942451800115e-26,1.3001229970012538e-13,0.004548775873547286,0.040317599200182824,0.24496079456806868,0.15403294897283498
9.06906906906907,2.5777763417359773e-231,1.6202152724879438e-160,5.767274258044842e-75,3.698796677780272e-08,1.1623705618406304e-48,3.4164362782781917e-26,8.446118602803101e-14,0.004199162542947668,0.039184735610234625,0.2402583121785802,0.15389453280404042
9.08108108108108,8.211828038046469e-233,1.0720750584381379e-161,1.3108601187947652e-75,2.9094420178133157e-08,4.140731325756102e-49,1.7270176904503518e-26,5.466040034350522e-14,0.0038730376627536768,0.03810278816040177,0.23561867188623892,0.1537509282993565
9.093093093093094,2.5865897378522476e-234,7.021993282779774e-163,2.9597651895770825e-76,2.284087446593266e-08,1.4676267014781278e-49,8.691947590047934e-27,3.523960439059057e-14,0.0035691103175011494,0.03706816484807056,0.2310427901936072,0.1536021499285194
9.105105105105105,8.05579373745892e-236,4.552797913135145e-164,6.638551299946502e-77,1.7896552230342392e-08,5.175594349384747e-50,4.355461386428303e-27,2.2632447555443257e-14,0.003286137955794936,0.03607740102319846,0.2265313808955355,0.15344821268227574
9.117117117117116,2.4807454437193626e-237,2.92199241282099e-165,1.4791237602569446e-77,1.3995212515416573e-08,1.8159793205556168e-50,2.1729408328594668e-27,1.4480181808276e-14,0.0030229262591870932,0.03512716750973518,0.22208496033473207,0.15328913206988157
9.12912912912913,7.553515708209104e-239,1.8563614489420578e-166,3.273790181309017e-78,1.0923025827020486e-08,6.339683567778807e-51,1.079339846525481e-27,9.229076023676973e-15,0.002778328870688453,0.03421427766944597,0.21770385340936602,0.1531249241165145
9.14114114114114,2.2740977792655086e-240,1.1674243413479914e-167,7.198007438499232e-79,8.508629660691469e-09,2.202065587922588e-51,5.337833354075873e-28,5.859814702386208e-15,0.002551246991982381,0.03333569340877255,0.21338820030516986,0.15295560536059857
9.153153153153154,6.769587216854352e-242,7.267377070727208e-169,1.5721314371541884e-79,6.614992295187659e-09,7.610249180376267e-52,2.6282593702438613e-28,3.706386784221694e-15,0.002340628858516149,0.03248853013586859,0.20913796391911643,0.15278119285104508
9.165165165165165,1.9925457031331153e-243,4.478260891999591e-170,3.410990548716905e-80,5.132772195138736e-09,2.616817496700441e-52,1.2884505728513007e-28,2.3353853176038614e-15,0.00214546910170081,0.031670060681216125,0.20495293793653757,0.15260170414440805
9.177177177177176,5.798924292272785e-245,2.7316423296635144e-171,7.351691495671665e-81,3.974911188994643e-09,8.952697233153598e-53,6.288738846447728e-29,1.4659091946972357e-15,0.001964808007452359,0.030877718201210803,0.2008327555185996,0.15241715730195557
9.18918918918919,1.6687052157100817e-246,1.6493811373212433e-172,1.5740159108496569e-81,3.072242782458784e-09,3.0474756137639128e-53,3.0560154127323546e-29,9.166342561721886e-16,0.0017977306802639678,0.030109098089794468,0.19677689855248653,0.15222757088665773
9.2012012012012,4.7479358120469385e-248,9.858275702545028e-174,3.3476962033155566e-82,2.3699335570807366e-09,1.0321253244722082e-53,1.4785759353240118e-29,5.709858859609855e-16,0.0016433661219067107,0.029361958928545113,0.19278470741242193,0.15203296396009175
9.213213213213214,1.3357435318141964e-249,5.832619459114425e-175,7.072908362064231e-83,1.824606498208717e-09,3.478007051602112e-54,7.1224231631202e-30,3.5431923555893137e-16,0.0015008862337203414,0.02863422251059998,0.188855391175909,0.15183335607926587
9.225225225225225,3.715646077444025e-251,3.4159308591170165e-176,1.4844483289041918e-83,1.4020210993470855e-09,1.1660959502865226e-54,3.415921590581566e-30,2.1903017777791005e-16,0.0013695047512810798,0.02792397297835778,0.18498803823630477,0.15162876729336033
9.237237237237236,1.0219710970378089e-252,1.980328544538976e-177,3.0949040825760075e-84,1.0752069069241915e-09,3.8899489090240904e-55,1.6311125639105293e-30,1.3488164628229546e-16,0.0012484761200168319,0.027229455119045985,0.18118162725005227,0.15141921814038944
9.24924924924925,2.7793029911328307e-254,1.1364443394071596e-178,6.409798105117008e-85,8.229654177638448e-10,1.291098170578722e-55,7.754536276019527e-31,8.274490350790635e-17,0.00113709432009215,0.026549071865949157,0.17743503835468372,0.15120472964378348
9.26126126126126,7.473536819892107e-256,6.455677678443857e-180,1.318732008954129e-85,6.286704582680071e-10,4.2636384488523275e-56,3.670485669339195e-31,5.0567207009845324e-17,0.0010346916486033441,0.025881381056343262,0.17374706459201505,0.15098532330889067
9.273273273273274,1.9870530366323066e-257,3.630097200907707e-181,2.695155201397704e-86,4.793098248468562e-10,1.4009001697401226e-56,1.729764501248814e-31,3.07847639359826e-17,0.0009406374668148159,0.025225091499963336,0.1701164234698076,0.15076102111940246
9.285285285285285,5.223790258675217e-259,2.0205863554285113e-182,5.471747376748244e-87,3.647214509108458e-10,4.579728137292066e-57,8.116076291943002e-32,1.8669886336934273e-17,0.0008543369198339247,0.024579058414149525,0.16654176859462588,0.15053184553370055
9.297297297297296,1.3578599832547986e-260,1.113318240190282e-183,1.1035279030006209e-87,2.769860315977138e-10,1.489628180080136e-57,3.791411330158807e-32,1.1279409124329634e-17,0.0007752296357656716,0.0239422782836474,0.16302170130855853,0.15029781948112775
9.30930930930931,3.489934124613726e-262,6.072170805941479e-185,2.2108313517221957e-88,2.0994517836259222e-10,4.820828829907169e-58,1.7634017981158865e-32,6.788435637022132e-18,0.0007027884110159966,0.023313883204403286,0.15955478226299621,0.150058966358183
9.32132132132132,8.8689548771212e-264,3.2783202853841952e-186,4.399901152601886e-89,1.5882004297586435e-10,1.5522839752495364e-58,8.165771078167459e-33,4.069973630036376e-18,0.0006365178880248018,0.02269313477158568,0.15613954286367118,0.14981531002464185
9.333333333333334,2.2285410211343205e-265,1.752029962855673e-187,8.698517241026637e-90,1.1991015772694543e-10,4.9730891839844625e-59,3.764771498477465e-33,2.4308148644121832e-18,0.0005759532313116924,0.022079417572489615,0.15277449652264868,0.14956687479960407
9.345345345345345,5.5368376125007675e-267,9.268606056679878e-189,1.7082936852242455e-90,9.035616614579444e-11,1.585210399675236e-59,1.728126379384237e-33,1.4462735241435766e-18,0.0005206588073121294,0.021472232344964245,0.14945814965496934,0.14931368545746532
9.357357357357357,1.360178488572033e-268,4.853667982817794e-190,3.3326893614192745e-91,6.795331833743627e-11,5.027512405784519e-60,7.897830183849702e-34,8.572097963166579e-19,0.00047022687307116123,0.020871188861540855,0.14618901235998638,0.1490557672238211
9.36936936936937,3.303870186848514e-270,2.515987346620094e-191,6.45865553135183e-92,5.100520468346085e-11,1.5864447197486072e-60,3.5936473505856615e-34,5.061297081448441e-19,0.00042427627845129573,0.0202759985985702,0.14296560873027384,0.14879314577129585
9.381381381381381,7.93492818621345e-272,1.2910099423627694e-192,1.243381473335464e-92,3.820930793793198e-11,4.980836349063131e-61,1.6280152068078198e-34,2.9769698118681453e-19,0.0003824511861010496,0.019686467248403942,0.13978648673410735,0.14852584721530457
9.393393393393394,1.884325713070137e-273,6.557427047230836e-194,2.3778345840549867e-93,2.8567655613547786e-11,1.5559123246029307e-61,7.343054552843e-35,1.7443145982087191e-19,0.0003444198130252759,0.019102487131015432,0.13665022762099188,0.1482538981097438
9.405405405405405,4.4244764946375564e-275,3.2970087141143222e-195,4.5172472220615203e-94,2.131722593671069e-11,4.835857233455887e-62,3.297541830107056e-35,1.0181526016245816e-19,0.00030987319720018474,0.018524029559469694,0.13355545480348915,0.14797732544261505
9.417417417417417,1.0272135739402759e-276,1.640927785400635e-196,8.524738152460672e-95,1.587586275263837e-11,1.4954341909333167e-62,1.4743449232414487e-35,5.920229000640425e-20,0.00027852399228585654,0.017951137211344743,0.13050084217255908,0.14769615663158062
9.42942942942943,2.358047464436871e-278,8.084284510980128e-198,1.5980972360350852e-95,1.180033809393511e-11,4.6011523074486676e-63,6.563010169839209e-36,3.429269423769657e-20,0.0002501052931108586,0.017383916555621097,0.12748512180789381,0.14741041951945494
9.441441441441441,5.352260798007896e-280,3.9425431588165036e-199,2.9760506092804023e-96,8.753907236843312e-12,1.4085470734368495e-63,2.9087220085964755e-36,1.9788008241044735e-20,0.00022436949423771115,0.01682253038170607,0.1245070910490706,0.14712014236962886
9.453453453453454,1.2011988806167583e-281,1.9032422486452688e-200,5.505444383507426e-97,6.481264027640133e-12,4.2902397114933766e-64,1.2835018149433188e-36,1.1374697072390322e-20,0.0002010871835667637,0.016267190474194098,0.12156561889789803,0.1468253538614304
9.465465465465465,2.6655417801134467e-283,9.094826734568742e-202,1.0117178174720778e-97,4.789251914173588e-12,1.3001611140257895e-64,5.638789183644003e-37,6.513505571805642e-21,0.0001800460726007173,0.015718150473708583,0.11865965172697109,0.14652608308542373
9.477477477477477,5.8485605306336944e-285,4.3020706308833517e-203,1.846891424129281e-98,3.5320411553646603e-12,3.920289987625527e-65,2.4664385579471324e-37,3.7155819596921556e-21,0.00016104996467344399,0.015175698960757917,0.11578821827414214,0.14622235953864524
9.48948948948949,1.2688357305171914e-286,2.0143892235517103e-204,3.349178345818297e-99,2.599763537429893e-12,1.1761009631918728e-65,1.0741125453103302e-37,2.1114263011301944e-21,0.00014391776214630657,0.014640152796008901,0.11295043390739819,0.14591421311977795
9.501501501501501,2.7217906820915308e-288,9.336669567886282e-206,6.033233370773915e-100,1.9098175278753366e-12,3.5105599600079024e-66,4.65719363687338e-38,1.1952588128122579e-21,0.0001284825132930688,0.014111850746763174,0.11014550414938551,0.14560167412426922
9.513513513513514,5.772938814621293e-290,4.283742284613304e-207,1.0796348898656058e-100,1.4002312008830321e-12,1.0425899824809604e-66,2.0104523989630464e-38,6.740387304517861e-22,0.00011459049933153437,0.013591147425750582,0.10737272745559748,0.14528477323938643
9.525525525525525,1.2106875913926392e-291,1.9455277420450244e-208,1.919192909007773e-101,1.024607174623695e-12,3.080747110228979e-67,8.640885751941798e-39,3.786557415658218e-22,0.00010210036181651914,0.013078407564666892,0.10463149724497467,0.14496354153921734
9.537537537537537,2.510499443775895e-293,8.746499330259103e-210,3.389028955686702e-102,7.482810016491519e-13,9.057407087516323e-68,3.697580828810756e-39,2.119048846676854e-22,9.088227038451232e-05,0.012574000641199408,0.10192130318631701,0.14463801047961347
9.54954954954955,5.1473187846751986e-295,3.892367637486755e-211,5.944931501929021e-103,5.454081822144025e-13,2.6494580541756104e-68,1.5753317007387466e-39,1.181337659101515e-22,8.08171306358218e-05,0.012078295874651939,0.09924173174850891,0.1443082118930781
9.561561561561561,1.0435058716453009e-296,1.7146527698366404e-212,1.0359370216576998e-103,3.9676020250252633e-13,7.711085499414077e-69,6.682227380454979e-40,6.56060248956929e-23,7.179583175445536e-05,0.011591657601710692,0.09659246602702776,0.14397417798360118
9.573573573573574,2.091710709112647e-298,7.476894698105964e-214,1.7932249511690223e-104,2.8806069460190726e-13,2.232951478225024e-69,2.8220543057750234e-40,3.629526172723872e-23,6.371853329938644e-05,0.011114441040422779,0.09397328486354602,0.1436359413214404
9.585585585585585,4.145732069406567e-300,3.2273724668887985e-215,3.0835508141558615e-105,2.0873211456928547e-13,6.433515301594392e-70,1.1866000001455406e-40,2.000288384535028e-23,5.649399045278957e-05,0.01064698844711367,0.09138406127965518,0.1432935348378508
9.597597597597597,8.124445457342895e-302,1.378985379392853e-216,5.267230944657636e-106,1.509537251759776e-13,1.844262191812498e-70,4.967503274982058e-41,1.0981753940583118e-23,5.0038916880383125e-05,0.010189625667761066,0.08882476024974563,0.14294699181976453
9.60960960960961,1.5742695887030714e-303,5.832476264860886e-218,8.937756600567381e-107,1.0895511285132975e-13,5.260199901740347e-71,2.0704597985833006e-41,6.006025388844093e-24,4.427738424593381e-05,0.00974265908230697,0.08629543584192588,0.14259634590441994
9.621621621621621,3.016180748338787e-305,2.441906580156613e-219,1.506570971972989e-107,7.848750775821518e-14,1.492750013423305e-71,8.591920442855535e-42,3.272193105504877e-24,3.91402573251687e-05,0.009306372937529901,0.08379622775948634,0.14224163107394525
9.633633633633634,5.7138455576514e-307,1.0120171137787407e-220,2.5226998057135092e-108,5.642902344413597e-14,4.21480179729017e-72,3.549837548545566e-42,1.775934491390278e-24,3.456466358316851e-05,0.008881027061437239,0.08132735731878486,0.14188288164989202
9.645645645645645,1.0702679111478073e-308,4.1517329885223996e-222,4.1962026735686048e-109,4.0490536345035515e-14,1.1840565815447125e-72,1.4602307221218037e-42,9.601767038287431e-25,3.0493496012857097e-05,0.008466854949689325,0.0788891229026029,0.1415201322877253
9.657657657657657,1.98220871921315e-310,1.6859850506931088e-223,6.933655184512567e-110,2.899702570256901e-14,3.309580672277063e-73,5.980386312220064e-43,5.171440665986922e-25,2.687494797948789e-05,0.008064062212332676,0.07648189493084806,0.1411534179712691
9.66966966966967,3.62993733248e-312,6.777363364132962e-225,1.1381065512261008e-110,2.0725367332343217e-14,9.204044132229733e-74,2.4385503985914762e-43,2.7746489317065356e-25,2.3662078776220317e-05,0.007672825367117631,0.07410611039308475,0.1407827740071079
9.681681681681681,6.572668635e-314,2.6968113568670383e-226,1.85574587283637e-111,1.478426744285602e-14,2.5467693114038207e-74,9.89985782563058e-44,1.4829981357948396e-25,2.0812408567909e-05,0.00729329096390338,0.0717622669896251,0.1404082360189468
9.693693693693694,1.176731045e-315,1.0622411285278241e-227,3.005861585178238e-112,1.0525581695502758e-14,7.011415561433769e-75,4.0014822084557e-44,7.896037399775575e-26,1.8287541383205016e-05,0.006925575023114445,0.06945091692985421,0.14002983994193102
9.705705705705705,2.083078e-317,4.14169776376922e-229,4.83653511891042e-113,7.478957382611789e-15,1.9205560358873393e-75,1.610302696178413e-44,4.188068489671452e-26,1.6052814808012055e-05,0.006569762769913469,0.06717266043807804,0.1396476220169263
9.717717717717717,3.6461e-319,1.5985139875874713e-230,7.730624940917835e-114,5.3037689990859705e-15,5.2342374785924426e-76,6.451917924564403e-45,2.212861852166057e-26,1.407697503526184e-05,0.006225908644682138,0.06492813901840709,0.13926161878476023
9.72972972972973,6.31e-321,6.1071308438229345e-232,1.2274667877195706e-114,3.753847863454093e-15,1.4193353446906604e-76,2.5737408734358972e-45,1.1647446903997312e-26,1.2331875936024082e-05,0.005894036569563229,0.06271802853109071,0.13887186708042815
9.741741741741741,1.1e-322,2.309621188848672e-233,1.9360643273823833e-115,2.651656080024708e-15,3.829320870890218e-77,1.0221990304034585e-45,6.107212780044582e-27,1.079220083415958e-05,0.005574140450197173,0.06054303213320847,0.13847840402726183
9.753753753753754,0.0,8.646234938317606e-235,3.0335048994800304e-116,1.869416712427341e-15,1.0279302257932603e-77,4.0420414022515275e-46,3.1900038234372806e-27,9.435205690241629e-06,0.005266184891380634,0.05840387313674915,0.1380812670310658
9.765765765765765,0.0,3.2040261772236355e-236,4.721549001651824e-117,1.3153562170844265e-15,2.7454316871334595e-78,1.5913316015957333e-46,1.659874154120496e-27,8.240482429490513e-06,0.004970106105177286,0.05630128783685125,0.1376804937742189
9.777777777777779,0.0,1.1752975361224341e-237,7.300274373364685e-118,9.236956888221476e-16,7.295629424893436e-79,6.23756727944851e-47,8.603890932924546e-28,7.189741182137505e-06,0.004685812990001771,0.054236018362313884,0.13727612220974542
9.78978978978979,0.0,4.2675865950286976e-239,1.1212662341289205e-118,6.473850478922139e-16,1.9289456936582416e-79,2.4342457160998352e-47,4.4427346425717465e-28,6.2666102422895954e-06,0.004413188359376177,0.05220880559946947,0.1368681905553554
9.801801801801801,0.0,1.533909034612796e-240,1.7107761328063822e-119,4.528397751113574e-16,5.07437241498901e-80,9.458193428450517e-48,2.2852913016954606e-28,5.456452592242666e-06,0.00415209029939835,0.05022038223907392,0.1364567372874559
9.813813813813814,0.0,5.457573773820941e-242,2.5929401803515353e-120,3.1613644246666934e-16,1.3281580768021097e-80,3.6588665080175515e-48,1.1710311425211444e-28,4.746197882683189e-06,0.0039023536344620032,0.04827146599410664,0.13604180113513395
9.825825825825826,0.0,1.9221282924556641e-243,3.903971936150754e-121,2.2026860111351058e-16,3.458774777312797e-81,1.4092223585277794e-48,5.977656866413395e-29,4.124188804697677e-06,0.003663791481403143,0.04636275303422327,0.1356234210741145
9.837837837837839,0.0,6.701127389616005e-245,5.838963353686942e-122,1.5317172530582677e-16,8.96189551901193e-82,5.403897010150503e-49,3.0396889926594526e-29,3.580040836439974e-06,0.0034361968730086184,0.044494911680128826,0.13520163632069176
9.84984984984985,0.0,2.312576580979302e-246,8.675203750124741e-123,1.063047172616999e-16,2.3103753343991406e-82,2.0631422438957924e-49,1.5397950769651546e-29,3.1045143951849974e-06,0.003219344432693425,0.04266857639835949,0.13477648632563743
9.861861861861861,0.0,7.900000506488085e-248,1.2803788390320234e-123,7.363331198738585e-17,5.926117585430514e-83,7.842343145715578e-50,7.770201571004589e-30,2.6893984738626403e-06,0.0030129920831137593,0.04088434213385483,0.13434801076808653
9.873873873873874,0.0,2.671411932341003e-249,1.87720698252878e-124,5.090306634882614e-17,1.5123873780517844e-83,2.9679533085691207e-50,3.9060446437620144e-30,2.3274048896251567e-06,0.002816882772525564,0.03914275901438246,0.13391624954940137
9.885885885885886,0.0,8.942055280758581e-251,2.734013794678568e-125,3.512055014049968e-17,3.8402621451297976e-84,1.1183116102206948e-50,1.956039662406867e-30,2.012072320182787e-06,0.002630746203800495,0.03744432745727374,0.1334812427870164
9.897897897897899,0.0,2.962897215525791e-252,3.955524767927201e-126,2.4183902229380372e-17,9.702055141840818e-85,4.1953011575040824e-51,9.757838489319722e-31,1.7376793512371676e-06,0.0024543005521618488,0.035789493705161005,0.13304303080826438
9.90990990990991,0.0,9.718037437958589e-254,5.6848941129810336e-127,1.6620309085871532e-17,2.438774464742193e-85,1.5669602581929604e-51,4.849144078161055e-31,1.4991658050768519e-06,0.002287254158889283,0.034178645813465844,0.1326016541441855
9.921921921921921,0.0,3.1551738680094865e-255,8.116251858594745e-128,1.1399857188112337e-17,6.0993641925318585e-86,5.8270312472025424e-52,2.400557011313683e-31,1.2920616660310733e-06,0.002129307189444834,0.03261211010831276,0.13215715352331925
9.933933933933934,0.0,1.0140299244300836e-256,1.1510747128618458e-128,7.80382048886784e-18,1.5177579349932166e-86,2.1574027636979616e-52,1.183843831423814e-31,1.1124229628205634e-06,0.0019801532456863156,0.031090148129401307,0.13170956986548363
9.945945945945946,0.0,3.225974966783264e-258,1.621684526060032e-129,5.331662190287599e-18,3.7577291283671963e-87,7.952608937675674e-53,5.815837218626278e-32,9.56774010724603e-07,0.0018394809230420288,0.02961295406816321,0.13125894427554097
9.957957957957959,0.0,1.0159070194830351e-259,2.2695726669337366e-130,3.6355106669106985e-18,9.256641342190965e-88,2.918653436953065e-53,2.8462004782696305e-32,8.220554577759726e-07,0.0017069753047129065,0.028180652707334743,0.13080531803714954
9.96996996996997,0.0,3.1668659153831144e-261,3.155271041048027e-131,2.4740906926191484e-18,2.2687487472459127e-88,1.0664731673175308e-53,1.3875675442986432e-32,7.055776187963965e-07,0.0015823193861364399,0.026793297863913424,0.13034873260650737
9.981981981981981,0.0,9.772105275636285e-263,4.3575673557351875e-132,1.680401856588505e-18,5.532537446699344e-89,3.879822270133914e-54,6.738731660889561e-33,6.049786189171323e-07,0.0014651954240783784,0.025450871333374002,0.1298892296060853
9.993993993993994,0.0,2.984896967469284e-264,5.978144431200102e-133,1.1390898611920307e-18,1.3423547669074092e-89,1.4052973263791377e-54,3.260149840183754e-33,5.181869042442482e-07,0.0013552862058092041,0.024153282329054577,0.12942685081835265
10.006006006006006,0.0,9.025126524635255e-266,8.147109513380794e-134,7.706373758136344e-19,3.2405239711864332e-90,5.067795636167613e-55,1.5712030462544787e-33,4.4338771149255613e-07,0.0012522762348629588,0.02290036740680345,0.12896163817949569
10.018018018018019,0.0,2.7012202692576746e-267,1.1029493276392405e-134,5.203425628759297e-19,7.783378373482898e-91,1.8195518940211865e-55,7.543317748567495e-34,3.7899312071718504e-07,0.0011558528308611587,0.021691890861342628,0.12849363377313097
10.03003003003003,0.0,8.002937906114858e-269,1.4832775408160786e-135,3.5065157131359396e-19,1.8600559948900654e-91,6.504355568275521e-56,3.6076783945819316e-34,3.2361534572278797e-07,0.0010657071418107304,0.020527545577403213,0.12802287982401558
10.042042042042041,0.0,2.347046214613833e-270,1.981545892422035e-136,2.3583558463646367e-19,4.422714017935068e-92,2.3149337849247058e-56,1.718812642931943e-34,2.7604294534673677e-07,0.0009815350681453513,0.019406954315517897,0.12754941869175251
10.054054054054054,0.0,6.813599174599341e-272,2.6296666697879126e-137,1.5830329110486967e-19,1.0463010383990441e-92,8.202898507801404e-57,8.15764046919665e-35,2.3521966562893574e-07,0.0009030380985749401,0.018329671409477184,0.1270732928644973
10.066066066066066,0.0,1.9580071285644248e-273,3.466666954094498e-138,1.0605168423586639e-19,2.462801493623588e-93,2.893946946661215e-57,3.856877690232349e-35,2.002256479389395e-07,0.000829924058532977,0.017295184849867386,0.12659454495266267
10.078078078078079,0.0,5.569737174933456e-275,4.539817455762166e-139,7.090749929563622e-20,5.767759039013173e-94,1.016502029502582e-57,1.8165294580162378e-35,1.7026076148408618e-07,0.0007619077726674012,0.016302918725829445,0.12611321768262468
10.09009009009009,0.0,1.5683315608383302e-276,5.905810539411824e-140,4.7316618245453143e-20,1.3439705479433613e-94,3.5548427072360194e-58,8.522838993761269e-36,1.4462984032973682e-07,0.0006987116434064283,0.015352235995248492,0.12562935389043217
10.102102102102101,0.0,4.3714328226672284e-278,7.631949362825271e-141,3.1512445804196176e-20,3.115855670891179e-95,1.237733023619835e-58,3.983468367886469e-36,1.2272962518864205e-07,0.0006400661481459611,0.014442441551966185,0.12514299651551922
10.114114114114114,0.0,1.2061254514543128e-279,9.797297565385516e-142,2.0945820074076605e-20,7.18736741499434e-96,4.290698657820297e-59,1.8547001204672592e-36,1.0403722885145868e-07,0.0005857102580530154,0.013572785557361976,0.12465418859442204
10.126126126126126,0.0,3.294154025047213e-281,1.2493725659700553e-142,1.3895027983699143e-20,1.6495568517496412e-96,1.4808923641403763e-59,8.602432147116253e-37,8.809996130581278e-08,0.0005353917818594124,0.01274246700273211,0.12416297325450454
10.138138138138139,0.0,8.905905199169618e-283,1.5826776864785095e-143,9.199585103583207e-21,3.7667747693551415e-97,5.088776922915645e-60,3.974697023017244e-37,7.452636640200645e-08,0.0004888676383361359,0.011950637468328733,0.12366939370768822
10.15015015015015,0.0,2.3833892744999742e-284,1.9916262436862622e-144,6.078882850158838e-21,8.558091702867712e-98,1.74099598329422e-60,1.829456181505721e-37,6.297833644467164e-08,0.0004459040613928817,0.011196405044696756,0.1231734932441941
10.162162162162161,0.0,6.313855523494946e-286,2.489648566726146e-145,4.008907010036767e-21,1.9345908637422813e-98,5.930298566444609e-61,8.388323936148691e-38,5.316418439669553e-08,0.0004062767419425722,0.010478838382034167,0.12267531522629198
10.174174174174174,0.0,1.6556824516790108e-287,3.0915985855793775e-146,2.6386077078532994e-21,4.351171870540265e-99,2.0111746178421686e-61,3.8314535552335103e-38,4.483256554988072e-08,0.00036977091081145426,0.009796970833723809,0.12217490308206298
10.186186186186186,0.0,4.297760382628424e-289,3.813669007220554e-147,1.7332861491923477e-21,9.7370690211206e-100,6.790745080351283e-62,1.7433601679843264e-38,3.7767151619460825e-08,0.000336181367064122,0.009149804660881562,0.12167230029917431
10.198198198198199,0.0,1.1043076916435609e-290,4.6732362761000656e-148,1.1363503822967997e-21,2.167979438748816e-100,2.2828611703251936e-62,7.902160496628373e-39,3.1781970329084685e-08,0.00030531245615471835,0.008536315265754518,0.12116755041866635
10.21021021021021,0.0,2.808799522030029e-292,5.688625252795607e-149,7.435339017877653e-22,4.802716654625991e-101,7.640750124017783e-63,3.568122357521011e-39,2.6717332739071088e-08,0.00027697800231400445,0.007955455423040254,0.12066069702875745
10.222222222222221,0.0,7.07186781762639e-294,6.878785287737761e-150,4.855520211592531e-22,1.0585799484124293e-101,2.546167164376112e-63,1.6049769110053527e-39,2.243627890103081e-08,0.0002510011995409058,0.0074061594796624095,0.1201517837586627
10.234234234234235,0.0,1.762504656628143e-295,8.262872002522479e-151,3.1645881493587126e-22,2.3214816157805114e-102,8.447578703878925e-64,7.191723634479521e-40,1.8821479961234992e-08,0.0002272144654915984,0.006887347495213674,0.1196408542724309
10.246246246246246,0.0,4.348196460423459e-297,9.859732649930087e-152,2.0584723171622045e-22,5.065376340734424e-103,2.7904355451771515e-64,3.210201800230438e-40,1.5772541645027912e-08,0.00020545926245223365,0.006397929297120844,0.11912795226280094
10.258258258258259,0.0,1.0618686271641134e-298,1.1687297375606326e-152,1.3363469576172004e-22,1.099671743076423e-103,9.177114644694004e-65,1.4274694239317e-40,1.3203660193937563e-08,0.00018558588944784198,0.0059368084265854415,0.11861312144507671
10.27027027027027,0.0,2.5669367516222294e-300,1.3761883948630015e-153,8.65844207015155e-23,2.375304487233749e-104,3.0049325608843142e-65,6.323192813839177e-41,1.1041587351465748e-08,0.00016745324938352641,0.005502885953470409,0.11809640555102457
10.282282282282281,0.0,6.142459372435064e-302,1.609742938513177e-154,5.598949796998898e-23,5.10481942523628e-105,9.796201528630948e-66,2.790237421882596e-41,9.2238659550867e-09,0.00015092859493822728,0.005095064140509658,0.11757784832279132
10.294294294294295,0.0,1.4549637189877014e-303,1.870466810018228e-155,3.6134300047920665e-23,1.0915568188816305e-105,3.1796191126990536e-66,1.2265380077041074e-41,7.697302139955821e-09,0.0001358872567403704,0.004712249939491411,0.11705749350684701
10.306306306306306,0.0,3.411495334271379e-305,2.1590282453141167e-156,2.3274423855502961e-23,2.322293859017658e-106,1.0275119741016148e-66,5.371010157654366e-42,6.41664414004275e-09,0.0001222123571513965,0.004353358304373904,0.11653538484795213
10.318318318318319,0.0,7.918084752236722e-307,2.4756057403434594e-157,1.496181966391487e-23,4.915784782376561e-107,3.305925689841428e-67,2.342966304534218e-42,5.343441227684268e-09,0.00010979451277100992,0.004017315308608973,0.11601156608314939
10.33033033033033,0.0,1.8191908242254474e-308,2.819807602696416e-158,9.599222135415908e-24,1.0353171415289255e-107,1.058994450372493e-67,1.0181487032326135e-42,4.445059502608776e-09,9.853152856007423e-05,0.0037030610562550793,0.11548608093578293
10.342342342342342,0.0,4.1373200154284e-310,3.190599640028439e-159,6.146583450464638e-24,2.169495739251153e-108,3.3774480722915076e-68,4.407491438946643e-43,3.693834063072956e-09,8.832808625572938e-05,0.0034095523787235167,0.11495897310954661
10.354354354354355,0.0,9.31413907048e-312,3.586245240154343e-160,3.928055389209637e-24,4.523233922249771e-109,1.0724525215829201e-68,1.9006704933145615e-43,3.066339598834179e-09,7.909542953145985e-05,0.003135765311208556,0.11443028628255897
10.366366366366366,0.0,2.0756258396e-313,4.004262091690131e-161,2.505344603467325e-24,9.383052387234646e-110,3.3904852944911926e-69,8.165020383780242e-44,2.5427636694570196e-09,7.07510481343844e-05,0.002880697344977451,0.11390006410147048
10.378378378378379,0.0,4.57865758e-315,4.4413995483444113e-162,1.594789437121675e-24,1.9366185028816568e-110,1.0671858301279774e-69,3.4941600559790195e-44,2.106368900589231e-09,6.321836301506337e-05,0.0026433694537232977,0.11336835017560051
10.39039039039039,0.0,9.997928e-317,4.893640137878642e-163,1.013176738729031e-24,3.976938291700876e-111,3.344356981519967e-70,1.4895784902891144e-44,1.743032071552257e-09,5.642641425346875e-05,0.002422827894103673,0.11283518807110808
10.402402402402402,0.0,2.16105e-318,5.3562279570511394e-164,6.4241107154569895e-25,8.125656590404958e-112,1.0434691136820608e-70,6.325852512236621e-45,1.440849603795048e-09,5.030955337965538e-05,0.002218145782375694,0.11230062130519422
10.414414414414415,0.0,4.624e-320,5.823725693640324e-165,4.0652451303370026e-25,1.6518587531283695e-112,3.2414621835064097e-71,2.6761459779979963e-45,1.1898003132481926e-09,4.480714149066515e-05,0.0020284244506970687,0.11176469334034002
10.426426426426426,0.0,9.8e-322,6.29010081104636e-166,2.5674756983149834e-25,3.3411208452045394e-113,1.002528457206217e-71,1.127809116585303e-45,9.81457480151861e-10,3.986325437709928e-05,0.001852794588173076,0.11122744757857993
10.438438438438439,0.0,2e-323,6.7488400736061206e-167,1.618347552399794e-25,6.723823207888052e-114,3.087072626834057e-72,4.734743561133777e-46,8.087433354348134e-10,3.54263956945316e-05,0.0016904171730916177,0.11068892735581078
10.45045045045045,0.0,0.0,7.193090151067186e-168,1.0180827240014187e-25,1.346310434090972e-114,9.464362614447182e-73,1.980123963378713e-46,6.657199793779333e-10,3.144921904718215e-05,0.0015404842039977158,0.11014917593613902
10.462462462462462,0.0,0.0,7.615820599841026e-169,6.392049479925875e-26,2.682124655168771e-115,2.888885182973889e-73,8.249418756755656e-47,5.474115506903694e-10,2.78882596943387e-05,0.0014022192383093706,0.10960823650626643
10.474474474474475,0.0,0.0,8.01000416584976e-170,4.005372807992283e-26,5.316398454651243e-116,8.779374518058153e-74,3.423650070412335e-47,4.4965316539215803e-10,2.470367644436403e-05,0.00127487774807625,0.10906615216991462
10.486486486486486,0.0,0.0,8.368808178246447e-171,2.5049063187520098e-26,1.0484818162209026e-116,2.6563864350296037e-74,1.415436643495237e-47,3.689627568063842e-10,2.1859004166731456e-05,0.0011577473032242736,0.10852296594229073
10.498498498498499,0.0,0.0,8.685789889496946e-172,1.5634562298242853e-26,2.0573543302045046e-117,8.002272091570049e-75,5.82943605562026e-48,3.0243248106863613e-10,1.9320917229519515e-05,0.0010501475932240994,0.10797872074459351
10.51051051051051,0.0,0.0,8.955088037180215e-173,9.739252652177102e-27,4.016632486956522e-118,2.40010231430661e-75,2.391650365743478e-48,2.4763681628685746e-10,1.705900405798279e-05,0.0009514302985706559,0.10743345939856325
10.522522522522522,0.0,0.0,9.171602709793684e-174,6.05495853573502e-27,7.802250771826046e-119,7.167052367618059e-76,9.774709861032849e-49,2.025548862350889e-10,1.5045552908975033e-05,0.0008609788237712073,0.10688722462107327
10.534534534534535,0.0,0.0,9.331155823422635e-175,3.757009743700951e-27,1.5079346375195028e-119,2.130815166429303e-76,3.97965197132597e-49,1.6550488872173246e-10,1.325534886587816e-05,0.0007782079037204597,0.10634005901876632
10.546546546546546,0.0,0.0,9.430625161680965e-176,2.3265856601717137e-27,2.8996790499036127e-120,6.307327175761294e-77,1.6140662015978834e-49,1.3508881117798204e-10,1.166548197881918e-05,0.0007025630953984851,0.10579200508273663
10.558558558558559,0.0,0.0,9.468045973583566e-177,1.4379418426664947e-27,5.547817206762804e-121,1.858828477790245e-77,6.521276609049167e-50,1.1014587745357581e-10,1.0255166404958698e-05,0.0006335201667726343,0.10524310518325641
10.57057057057057,0.0,0.0,9.442675511471619e-178,8.869703781446865e-28,1.0560856749669493e-121,5.454157215314561e-78,2.6246954967352663e-50,8.97133954927322e-11,9.005570342968977e-06,0.0005705843946264441,0.10469340156455059
10.582582582582582,0.0,0.0,9.355017547526381e-179,5.460374158446317e-28,2.0002346854125935e-122,1.5933469865371804e-78,1.0523501178456387e-50,7.29938700905972e-11,7.899656503954867e-06,0.0005132897827869864,0.10414293633961853
10.594594594594595,0.0,0.0,9.206805738517205e-180,3.3549121552543863e-28,3.7693593900074624e-123,4.6343352729893343e-79,4.203166588469897e-51,5.932741235196236e-11,6.9220328174571216e-06,0.0004611982118886156,0.10359175148510366
10.606606606606606,0.0,0.0,9.000946606105333e-181,2.057241798758235e-28,7.067387910579855e-124,1.3420197616425394e-79,1.672353068384377e-51,4.8168621352119935e-11,6.058813035217964e-06,0.00041389853140498507,0.10303988883621408
10.618618618618619,0.0,0.0,8.741424752394944e-182,1.25902668424576e-28,1.3184239920092171e-124,3.869231779825149e-80,6.628486198073545e-52,3.90672369631173e-11,5.297486866495208e-06,0.0003710056042133985,0.10248739008169101
10.63063063063063,0.0,0.0,8.433174628541422e-183,7.690063238578577e-29,2.447124412587929e-125,1.110669778222325e-80,2.617193036036413e-52,3.16519685983907e-11,4.626799256302179e-06,0.00033215931343679415,0.1019342967588306
10.642642642642642,0.0,0.0,8.081924619663511e-184,4.687812598578662e-29,4.5192023044068414e-126,3.1742383615049264e-81,1.0294189732054008e-52,2.56169951421372e-11,4.036638401416963e-06,0.00029702354074760104,0.1013806502485548
10.654654654654655,0.0,0.0,7.694020322965516e-185,2.852041889953296e-29,8.303712343533114e-127,9.032094839981546e-82,4.0335142135208403e-53,2.0710708660506036e-11,3.517932087802417e-06,0.0002652851247252315,0.10082649177053671
10.666666666666666,0.0,0.0,7.276234620384037e-186,1.7317566303948518e-29,1.5180552764891734e-127,2.5587733210969003e-82,1.574381666475818e-53,1.6726340463839438e-11,3.0625519266210374e-06,0.00023665280724308337,0.10027186237837883
10.67867867867868,0.0,0.0,6.835572453244783e-187,1.0494532402931934e-29,2.761262214896254e-128,7.217212781396027e-83,6.121691828663114e-54,1.3494164290263281e-11,2.6632250637985854e-06,0.00021085617523034793,0.09971680295484356
10.69069069069069,0.0,0.0,6.379078092093068e-188,6.347234958443605e-30,4.997266226922667e-129,2.0267565048963423e-83,2.371198478808779e-54,1.0875019189398118e-11,2.313452939571283e-06,0.00018764460451706623,0.09916135420713995
10.702702702702702,0.0,0.0,5.9136521855071024e-189,3.831345172384468e-30,8.998333683478649e-130,5.666671164577427e-84,9.149542020878738e-55,8.754935296022767e-12,2.0074366791498276e-06,0.00016678621183357814,0.09860555666226557
10.714714714714715,0.0,0.0,5.445885017091054e-190,2.3081454995783615e-30,1.6121166715244844e-130,1.577425352297788e-84,3.516946862001925e-55,7.0406801317601375e-12,1.740008703109276e-06,0.0001480668204058009,0.0980494506624035
10.726726726726726,0.0,0.0,4.981911268330445e-191,1.3877788227458593e-30,2.873661505919401e-131,4.371837293421116e-85,1.3466888291471224e-55,5.656072252042612e-12,1.5065701559273212e-06,0.00013128894397011257,0.09749307636037648
10.73873873873874,0.0,0.0,4.527290259297169e-192,8.327650233995178e-31,5.096587861893324e-132,1.2063505672021207e-85,5.136930711063222e-56,4.538933736892848e-12,1.303033762858432e-06,0.0001162707934318047,0.09693647371515843
10.75075075075075,0.0,0.0,4.0869142084378154e-193,4.9873496687951826e-31,8.993488477143942e-133,3.3141903080249775e-86,1.951979065676097e-56,3.638573871427747e-12,1.1257717386864883e-06,0.0001028453098132241,0.0963796824874434
10.762762762762762,0.0,0.0,3.664945605966743e-194,2.9810019278392756e-31,1.5789981070486287e-133,9.065165151360845e-87,7.388930810226501e-57,2.913713946360642e-12,9.71568386507001e-07,9.085922658538224e-05,0.09582274223527339
10.774774774774775,0.0,0.0,3.2647834164869352e-195,1.7782784597295857e-31,2.758289168392839e-134,2.468700274176095e-87,2.7862689741621785e-57,2.330777920213996e-12,8.375770402596332e-07,8.017216395318354e-05,0.0952656923097249
10.786786786786786,0.0,0.0,2.8890565869756115e-196,1.0587229487545968e-31,4.794051934062282e-135,6.693532502930469e-88,1.046645165671815e-57,1.862486143384588e-12,7.212810209880965e-07,7.065575717169727e-05,0.09470857185065547
10.7987987987988,0.0,0.0,2.5396422931925448e-197,6.290858398516196e-32,8.290303478047136e-136,1.8069109684606907e-88,3.916615128843787e-58,1.486699808948816e-12,6.204582935094679e-07,6.219282051089766e-05,0.0941514197825101
10.81081081081081,0.0,0.0,2.2177055498482562e-198,3.7306326986715784e-32,1.4264050742179191e-136,4.856378163403823e-89,1.460014986765773e-58,1.185472573080406e-12,5.331495271179773e-07,5.46765480602184e-05,0.09359427481018874
10.822822822822824,0.0,0.0,1.923756257711073e-199,2.2080049943045722e-32,2.4418561244597745e-137,1.2995189192502066e-89,5.421740417026822e-59,9.442731409278633e-13,4.5762928094037713e-07,4.80097521727364e-05,0.09303717541497432
10.834834834834835,0.0,0.0,1.657719466710829e-200,1.3042551581707614e-32,4.1591254121915025e-138,3.4621595721201503e-90,2.005649854468156e-59,7.513487646803594e-13,3.9238005144443495e-07,4.2104139992172784e-05,0.09248015985052374
10.846846846846846,0.0,0.0,1.4190145839001405e-201,7.689002531413004e-33,7.048370210138824e-139,9.183451141751108e-91,7.391056125359374e-60,5.972047388228471e-13,3.360689362382686e-07,3.6879628183762546e-05,0.09192326613891956
10.85885885885886,0.0,0.0,1.2066394216773747e-202,4.523997444768584e-33,1.188447885885292e-139,2.4252645754411605e-91,2.713269113251394e-60,4.741792641187135e-13,2.8752668457333095e-07,3.226369570204255e-05,0.09136653206678577
10.87087087087087,0.0,0.0,1.0192553277152031e-203,2.6565597068368755e-33,1.9937758011752666e-140,6.376857189910413e-92,9.922342817858322e-61,3.7609662298898085e-13,2.4572892077944445e-07,2.819077417370117e-05,0.09080999518146626
10.882882882882884,0.0,0.0,8.552701203593723e-205,1.5569034174370936e-33,3.327953425085754e-141,1.6693546942467425e-92,3.6146859397820485e-61,2.9798458006073665e-13,2.097793421407257e-07,2.460167525071694e-05,0.0902536927872658
10.894894894894895,0.0,0.0,7.12916126238554e-206,9.106439370264327e-34,5.5269164313717006e-142,4.3509582701936745e-93,1.3117826905002925e-61,2.3584439021728356e-13,1.78894707404183e-07,2.14430540966839e-05,0.08969766194175698
10.906906906906906,0.0,0.0,5.903212357901059e-207,5.315943352348811e-34,9.132575972022021e-143,1.129056243542002e-93,4.74229105856066e-62,1.8646384474267888e-13,1.5239144615135768e-07,1.8666908005871647e-05,0.08914193945215013
10.91891891891892,0.0,0.0,4.855715167049609e-208,3.097111789964865e-34,1.5014415329765684e-143,2.917028004155418e-94,1.7078491078787057e-62,1.472654833981321e-13,1.2967373262548326e-07,1.6230109018531858e-05,0.08858656187172814
10.93093093093093,0.0,0.0,3.9676452004924657e-209,1.8008526929378025e-34,2.4559995941333656e-144,7.503432553107731e-95,6.126970238031544e-63,1.1618350476976074e-13,1.102228802689646e-07,1.409396928534143e-05,0.08803156549634696
10.942942942942944,0.0,0.0,3.220529516655846e-210,1.0450672712502875e-34,3.997172479117912e-145,1.921647522580086e-95,2.1896617155578686e-63,9.156406793087231e-14,9.358792517795393e-08,1.2223837846798064e-05,0.08747698636100115
10.954954954954955,0.0,0.0,2.5967884290185936e-211,6.052781991483422e-35,6.472651392881591e-146,4.899839336790328e-96,7.79548714479873e-64,7.208463641098296e-14,7.937727791929757e-08,1.0588727427965214e-05,0.08692286023645553
10.966966966966966,0.0,0.0,2.079987281773795e-212,3.4987307543676114e-35,1.0428366237760743e-146,1.2438966887918753e-96,2.7646774718626347e-64,5.668880502717933e-14,6.725133368456681e-08,9.160969803152564e-06,0.08636922262594206
10.97897897897898,0.0,0.0,1.6550061813890803e-213,2.0184160816777564e-35,1.6716873654887694e-147,3.1439899235294883e-97,9.767438071525862e-65,4.453370004960019e-14,5.691594058803001e-08,7.915898257087416e-06,0.08581610876192478
10.99099099099099,0.0,0.0,1.3081374814529666e-214,1.1621322042278543e-35,2.666235896368463e-148,7.911746086551238e-98,3.4375722679018936e-65,3.494757743406234e-14,4.811663506605718e-08,6.831555656930926e-06,0.08526355360292984
11.003003003003004,0.0,0.0,1.0271218953141486e-215,6.677978506119376e-36,4.231036837623593e-149,1.9822475871022e-98,1.2051968426034779e-65,2.739568246506684e-14,4.0633561825663055e-08,5.888426651301845e-06,0.08471159183044297
11.015015015015015,0.0,0.0,8.011344609774684e-217,3.8298266670869724e-36,6.680358426856966e-150,4.944675732229954e-99,4.2091956234780767e-66,2.1452793763392482e-14,3.4277003643885026e-08,5.069192526551323e-06,0.08416025784587448
11.027027027027026,0.0,0.0,6.207313328091196e-218,2.192087175252029e-36,1.0494395902666125e-150,1.2280388199777113e-99,1.4644522354317053e-66,1.6781169066826054e-14,2.8883453564068247e-08,4.358507275156073e-06,0.08360958576759141
11.03903903903904,0.0,0.0,4.7776766178925533e-219,1.2522213484413443e-36,1.6402870002926748e-151,3.0365520938997647e-100,5.0755871366903885e-67,1.3112850980909561e-14,2.4312168698985197e-08,3.7427934647583397e-06,0.08305960942801675
11.05105105105105,0.0,0.0,3.652957855477129e-220,7.139190082788723e-37,2.550861976557178e-152,7.475560100031578e-101,1.75239634981737e-67,1.0235487543000826e-14,2.0442150963984087e-08,3.2100565375293136e-06,0.08251036237079729
11.063063063063064,0.0,0.0,2.774517068731286e-221,4.0622002279372195e-37,3.9469242740897185e-153,1.832319060222072e-101,6.027168960161462e-68,7.98098283085524e-15,1.71695056570685e-08,2.749716216850968e-06,0.08196187784803897
11.075075075075075,0.0,0.0,2.0933650457743517e-222,2.3068439980233094e-37,6.076245929738888e-154,4.471495743164853e-102,2.0650442711488036e-68,6.21642349204602e-15,1.440513390829582e-08,2.3524537505150118e-06,0.08141418881761031
11.087087087087086,0.0,0.0,1.568979840770952e-223,1.3074335489401812e-37,9.307147699759321e-155,1.0864228827792941e-102,7.048234429222942e-69,4.8368333505830435e-15,1.2072719669241248e-08,2.0100737755846872e-06,0.08086732794051384
11.0990990990991,0.0,0.0,1.168166067548991e-224,7.395465283655839e-38,1.4184126020471008e-155,2.628084635628238e-103,2.3964384969251683e-69,3.759394594440099e-15,1.0106976135496623e-08,1.715379648727527e-06,0.08032132757832651
11.11111111111111,0.0,0.0,8.639858664901395e-226,4.174993848632636e-38,2.1507665189001948e-156,6.329569169786237e-104,8.116844148852611e-70,2.918844110179439e-15,8.452120321324705e-09,1.4620611462600254e-06,0.07977621979070837
11.123123123123124,0.0,0.0,6.347804126230961e-227,2.352288670895975e-38,3.24480544922388e-157,1.517760734274181e-104,2.738691405750513e-70,2.263810306626757e-15,7.060547965007182e-09,1.2445934995456298e-06,0.07923203633297864
11.135135135135135,0.0,0.0,4.6329245157419995e-228,1.3227257683789136e-38,4.870670674810532e-158,3.623488069521614e-105,9.205215550563743e-71,1.753901719198564e-15,5.891684064338714e-09,1.0581467930216215e-06,0.07868880865376228
11.147147147147146,0.0,0.0,3.358936232619292e-229,7.423238472551777e-39,7.274339672934841e-159,8.61280705131966e-106,3.0821927695305063e-71,1.3573958266836513e-15,4.91098715110047e-09,8.98504813376468e-07,0.07814656789270397
11.15915915915916,0.0,0.0,2.419151804323094e-230,4.157778916627671e-39,1.0809437429671883e-159,2.0382476950351116e-106,1.0280650687690805e-71,1.0494064935886847e-15,4.0890879369706325e-09,7.61992498726367e-07,0.07760534487825071
11.17117117117117,0.0,0.0,1.7307698130421613e-231,2.324201277700961e-39,1.5981491620961725e-160,4.802457842071845e-107,3.4159883387350704e-72,8.104326225455524e-16,3.4010452254876987e-09,6.454111955941537e-07,0.07706517012550354
11.183183183183184,0.0,0.0,1.2300714250968588e-232,1.2966728643066494e-39,2.3509112459568924e-161,1.1265864454668093e-107,1.1306993070657277e-72,6.252100637983047e-16,2.8257040083497393e-09,5.459809887056818e-07,0.07652607383413827
11.195195195195195,0.0,0.0,8.68432714687397e-234,7.219904187584313e-40,3.440803385240617e-162,2.6312362366320404e-108,3.728317097112157e-73,4.818044798365896e-16,2.345142470991332e-09,4.612894237878539e-07,0.07598808588639372
11.207207207207206,0.0,0.0,6.090554707061089e-235,4.012146223372164e-40,5.0105820713566007e-163,6.118564187021143e-109,1.2246543469232394e-73,3.708954332621313e-16,1.9441962421118953e-09,3.892459964426813e-07,0.0754512358451298
11.21921921921922,0.0,0.0,4.243188732683836e-236,2.2251862046063988e-40,7.259742253726407e-164,1.4165553813247576e-109,4.0072753367907795e-74,2.852120486948529e-16,1.610049653317653e-09,3.2804183060803766e-07,0.07491555295195347
11.23123123123123,0.0,0.0,2.9365856845962957e-237,1.2316866508965183e-40,1.0465474437155208e-164,3.2652162941782715e-110,1.3062304619393684e-74,2.1908867688238013e-16,1.331885045564834e-09,2.7611401797175883e-07,0.07438106612541386
11.243243243243244,0.0,0.0,2.0188675753994883e-238,6.804220224873857e-41,1.5010713520211882e-165,7.493499983268458e-111,4.241557903085334e-75,1.681154518474537e-16,1.1005822846353592e-09,2.3211413490381927e-07,0.07384780395926442
11.255255255255255,0.0,0.0,1.3787572719754292e-239,3.751463467570803e-41,2.1421429384734127e-166,1.712189482674724e-111,1.372037435147684e-75,1.2886379615025356e-16,9.084616431164945e-10,1.9488049597452742e-07,0.07331579472079575
11.267267267267266,0.0,0.0,9.353682550098745e-241,2.0642737819163146e-41,3.041587047763766e-167,3.895052340893733e-112,4.421213524581329e-76,9.867105082994361e-17,7.49064084759701e-10,1.6341374292889008e-07,0.07278506634923422
11.27927927927928,0.0,0.0,6.303652506769221e-242,1.1336475895658605e-41,4.296914834172048e-168,8.822042173065297e-113,1.419227397802713e-76,7.547169173959068e-17,6.169637609737884e-10,1.3685540511730226e-07,0.07225564645421033
11.29129129129129,0.0,0.0,4.22004157458933e-243,6.213453042392685e-42,6.039735679993422e-169,1.9893872013406878e-113,4.53834440685027e-77,5.766520922398213e-17,5.076082097719738e-10,1.1446910188998967e-07,0.07172756231429432
11.303303303303304,0.0,0.0,2.8064416820086682e-244,3.39885105930038e-42,8.446636590069792e-170,4.466464310044808e-114,1.4456990045909083e-77,4.401280741296488e-17,4.1718234493769697e-10,9.562408941900445e-08,0.0712008408756001
11.315315315315315,0.0,0.0,1.8540017584806072e-245,1.8555616632932992e-42,1.1753152589746083e-170,9.983958677154668e-115,4.587681721803735e-78,3.355673056380712e-17,3.4249284672966137e-10,7.978088390546723e-08,0.07067550875045582
11.327327327327327,0.0,0.0,1.2166876190215332e-246,1.0110270500448942e-42,1.6271576303491767e-171,2.22195899432065e-115,1.4502525757915587e-78,2.5557333411262695e-17,2.8087002345472104e-10,6.647872026086419e-08,0.07015159221614292
11.33933933933934,0.0,0.0,7.931637600325404e-248,5.497867496122785e-43,2.241349413247031e-172,4.9233834693836876e-116,4.566978606088922e-79,1.944404976496447e-17,2.300846132193421e-10,5.532463023157205e-08,0.06962911721370223
11.35135135135135,0.0,0.0,5.136431069324398e-249,2.9838009937943807e-43,3.071808865035272e-173,1.0861395910964096e-116,1.4326802538006423e-79,1.4777234204984324e-17,1.882773438812913e-10,4.5983946681303115e-08,0.06910810934680657
11.363363363363364,0.0,0.0,3.304265172101722e-250,1.6161792062068502e-43,4.188740894776509e-174,2.3856239382968505e-117,4.4771798377836494e-80,1.1218500119223318e-17,1.5389937272563184e-10,3.817206147961425e-08,0.0685885938807001
11.375375375375375,0.0,0.0,2.111558648659362e-251,8.73681688459618e-44,5.682997785269853e-175,5.216902035650455e-118,1.3937817364177799e-80,8.507689007090837e-18,1.25661991103045e-10,3.1647283289452386e-08,0.06807059574120572
11.387387387387387,0.0,0.0,1.3404364571711059e-252,4.713689736842594e-44,7.671427026407372e-176,1.1358415120062101e-118,4.322350343032667e-81,6.4450092672739936e-18,1.0249420803092232e-10,2.620465862739841e-08,0.0675541395137962
11.3993993993994,0.0,0.0,8.452869051682754e-254,2.5381236578714266e-44,1.0303375078039472e-176,2.462164982102226e-119,1.335303928070304e-81,4.877200158997729e-18,8.350702487711149e-11,2.1670635010151943e-08,0.06703924944273348
11.411411411411411,0.0,0.0,5.295133062282995e-255,1.363981779528766e-44,1.376852890776553e-177,5.313869951199958e-120,4.1093700684211314e-82,3.686826229906471e-18,6.796338454740855e-11,1.7898458920342682e-08,0.0665259494302728
11.423423423423424,0.0,0.0,3.295068458880562e-256,7.31557305733989e-45,1.83062862724206e-178,1.1418236932294735e-120,1.2598108526828276e-82,2.7840035057478495e-18,5.525292647307482e-11,1.4764213841583317e-08,0.06601426303593236
11.435435435435435,0.0,0.0,2.036886514925955e-257,3.9159046573905956e-45,2.4216849077658774e-179,2.4427641478426077e-121,3.847427122942228e-83,2.1000124583372023e-18,4.487080614330735e-11,1.2163414839542179e-08,0.06550421347582791
11.447447447447447,0.0,0.0,1.2507889934599907e-258,2.0919910636717962e-45,3.1874229594317415e-180,5.203054580990256e-122,1.1704973213680845e-83,1.5823731809232524e-18,3.6399947596604935e-11,1.0008086210822461e-08,0.06499582362207215
11.45945945945946,0.0,0.0,7.629851684882883e-260,1.1154021642129352e-45,4.1741344394220893e-181,1.1033913725513802e-122,3.5473611940444734e-84,1.1910524054179425e-18,2.949619150649715e-11,8.224257687275526e-09,0.06448911600223906
11.471471471471471,0.0,0.0,4.623415959136004e-261,5.935360012594331e-46,5.438734293455604e-182,2.3296739506006746e-123,1.0709652072652566e-84,8.955456073177932e-19,2.3875882320027035e-11,6.7498226669188575e-09,0.06398411279889175
11.483483483483484,0.0,0.0,2.783073439403537e-262,3.1521477066002587e-46,7.0507273998982585e-183,4.897281416263912e-124,3.2209225184734414e-85,6.726348929438744e-19,1.9305507129475127e-11,5.53270903492429e-09,0.06348083584917372
11.495495495495495,0.0,0.0,1.664183425553971e-263,1.6707441425409297e-46,9.094413094392229e-184,1.0249657085311627e-124,9.649841002762768e-86,5.046681436506804e-19,1.5593058152715677e-11,4.529319424223801e-09,0.06297930664446494
11.507507507507507,0.0,0.0,9.885361254684577e-265,8.838065431399936e-47,1.1671323335196769e-184,2.1357871445553624e-125,2.8800166720848182e-86,3.782397539193986e-19,1.2580841240039418e-11,3.7032033242093407e-09,0.06247954633009859
11.51951951951952,0.0,0.0,5.833090633778294e-266,4.666038737228801e-47,1.4902879614244485e-185,4.4309919185274996e-126,8.562583311396438e-87,2.831804081321371e-19,1.0139495914367862e-11,3.0239283509819596e-09,0.061981575705142296
11.531531531531531,0.0,0.0,3.4191624149090402e-267,2.4585741667509e-47,1.893324060021741e-186,9.152469813508158e-127,2.5360019447220965e-87,2.1178439336870668e-19,8.163029130889491e-12,2.466122311066128e-09,0.0614854152222406
11.543543543543544,0.0,0.0,1.9909280441306043e-268,1.292891615429703e-47,2.393229687331585e-187,1.882218379024635e-127,7.482200094466658e-88,1.5821927547080287e-19,6.5646961178464664e-12,2.0086614843788497e-09,0.06099108498751945
11.555555555555555,0.0,0.0,1.151612112680065e-269,6.785545070943707e-48,3.0098751063351364e-188,3.8538612234638883e-128,2.1990951358610335e-88,1.1807541685393824e-19,5.2735881185703534e-12,1.633983878163209e-09,0.06049860476055132
11.567567567567567,0.0,0.0,6.617161145738245e-271,3.554276090857734e-48,3.766320148095456e-189,7.85627163601381e-129,6.438633149622049e-89,8.80226038851161e-20,4.23180927621035e-12,1.32750911312378e-09,0.06000799395438162
11.57957957957958,0.0,0.0,3.777043831176056e-272,1.8580669803326936e-48,4.689112537592715e-190,1.5945247609079247e-129,1.877925278874163e-89,6.554861727826453e-20,3.392143874804701e-12,1.0771491430028807e-09,0.059519271635615885
11.591591591591591,0.0,0.0,2.1416434294268547e-273,9.69427511839031e-49,5.808563492376447e-191,3.222110287513582e-130,5.456295696095511e-90,4.876041891376197e-20,2.7161311802930604e-12,8.728962216767984e-10,0.05903245652456588
11.603603603603604,0.0,0.0,1.206305012283572e-274,5.047927050946921e-49,7.158985581935512e-192,6.482520407136363e-131,1.5792556952366315e-90,3.623313091229619e-20,2.1724786492299777e-12,7.064764557585474e-10,0.05854756699545522
11.615615615615615,0.0,0.0,6.749660460359188e-276,2.6233397457132163e-49,8.778875607588799e-193,1.2984993630000532e-131,4.553464640708726e-91,2.6895449815279904e-20,1.7357556663691226e-12,5.710589500387259e-10,0.05806462107668521
11.627627627627627,0.0,0.0,3.7516433636898667e-277,1.3606290303308578e-49,1.0711023264255926e-193,2.5896075131352924e-132,1.307875632358352e-91,1.9942805218201658e-20,1.3853195567133669e-12,4.610119986729219e-10,0.05758363645115689
11.63963963963964,0.0,0.0,2.0714573434101715e-278,7.043177542915858e-50,1.3002524732921142e-194,5.141863093993493e-133,3.7421904935695534e-92,1.4771620529578245e-20,1.1044336686433994e-12,3.716990243761902e-10,0.05710463045665263
11.651651651651651,0.0,0.0,1.1361751038106798e-279,3.63865797108891e-50,1.5704679297175119e-195,1.0164860639238968e-133,1.0666459703874153e-92,1.0929605093706683e-20,8.795440779331146e-13,2.993080455322763e-10,0.05662762008627479
11.663663663663664,0.0,0.0,6.190551908163446e-281,1.8761066074206884e-50,1.8872746759415862e-196,2.0006757388124323e-134,3.0286540298530137e-93,8.078211233946176e-21,6.996871189378179e-13,2.407093788782617e-10,0.056152621988940624
11.675675675675675,0.0,0.0,3.3506440758822296e-282,9.654225912936716e-51,2.2565544031853522e-197,3.920544066752484e-135,8.56670865417071e-94,5.964311550960925e-21,5.560046803455208e-13,1.9333708260077757e-10,0.05567965246993374
11.687687687687687,0.0,0.0,1.8015322928535763e-283,4.9581658843817284e-51,2.684486096208079e-198,7.649099859626205e-136,2.413866743709831e-94,4.398856483115285e-21,4.413481543764314e-13,1.5509032835688055e-10,0.05520872749151145
11.6996996996997,0.0,0.0,9.622116975061027e-285,2.5413722597787595e-51,3.177467836845949e-199,1.4858284808513232e-136,6.775596707142702e-95,3.240810190174926e-21,3.4995522400505644e-13,1.2425147596773604e-10,0.054739862673567195
11.711711711711711,0.0,0.0,5.105215038250764e-286,1.3000472587726834e-51,3.7420175510839553e-200,2.8735673726266103e-137,1.8945966617008887e-95,2.3850731593127552e-21,2.7718641762471e-13,9.941812456340989e-11,0.05427307329434756
11.723723723723724,0.0,0.0,2.6907433405026856e-287,6.637332936473806e-52,4.384651986350308e-201,5.533099066182879e-138,5.277411385851429e-96,1.7534124938449537e-21,2.1931064343749278e-13,7.94468403977116e-11,0.05380837429122318
11.735735735735735,0.0,0.0,1.4087869985780224e-288,3.381984867329046e-52,5.111743907695677e-202,1.0607422444137575e-138,1.4644012608381198e-96,1.2876586427914481e-21,1.7333081183614812e-13,6.340662456287223e-11,0.05334578026151333
11.747747747747747,0.0,0.0,7.327118619961445e-290,1.719860796781657e-52,5.929358332366517e-203,2.0246298762891347e-139,4.047941252139915e-97,9.446080295989014e-22,1.3684222651574937e-13,5.054049228549507e-11,0.052885305463362994
11.75975975975976,0.0,0.0,3.7856105789174406e-291,8.72887954042969e-53,6.843069564562113e-204,3.8474747134040333e-140,1.1146621906475544e-97,6.922081863206587e-22,1.079177274067895e-13,4.0233797102547326e-11,0.052426963816672584
11.771771771771771,0.0,0.0,1.9429135510949952e-292,4.421475831157532e-53,7.85776181903367e-205,7.279478441333375e-141,3.0576466909534026e-98,5.067059675566817e-22,8.501464566256434e-14,3.198815471016664e-11,0.051970768904079125
11.783783783783784,0.0,0.0,9.905715366035394e-294,2.2352162640387555e-53,8.977417297621174e-206,1.3712578003693182e-141,8.355381711088426e-99,3.7051813944016936e-22,6.689952058216851e-14,2.5400008466700697e-11,0.05151673397198828
11.795795795795796,0.0,0.0,5.016872207796343e-295,1.1277565722856928e-53,1.0204896662633726e-206,2.5717711188309014e-142,2.2744701995771156e-99,2.706431725439741e-22,5.2587262131037136e-14,2.014303644646333e-11,0.05106487193165718
11.807807807807809,0.0,0.0,2.5240331768096967e-296,5.678775440783423e-54,1.1541717883036007e-207,4.802195932225154e-143,6.167784183819229e-100,1.9747803673581358e-22,4.129204711363809e-14,1.5953732924482798e-11,0.05061519536032626
11.81981981981982,0.0,0.0,1.261455417496687e-297,2.853891916689684e-54,1.298784035677323e-208,8.927745327303685e-144,1.666145977592968e-100,1.4393772330398788e-22,3.2387734193425935e-14,1.2619608964318194e-11,0.050167716502401656
11.831831831831831,0.0,0.0,6.262728430998896e-299,1.4314092882910762e-54,1.4541461975108284e-209,1.6524870605363776e-144,4.483651934893807e-101,1.0480078584287448e-22,2.53759913187502e-14,9.969550593490424e-12,0.049722447270684256
11.843843843843844,0.0,0.0,3.088659832177483e-300,7.165287336855437e-55,1.6198837333105077e-210,3.0452902973882218e-145,1.2019480440230309e-101,7.622343402767538e-23,1.986066409896288e-14,7.865951639064514e-12,0.04927939924764776
11.855855855855856,0.0,0.0,1.5131828377305872e-301,3.5797017787800286e-55,1.7954125548147141e-211,5.587450477096968e-146,3.209774045698316e-102,5.537918034478945e-23,1.5527188095525647e-14,6.19830401619612e-12,0.04883858368676425
11.867867867867869,0.0,0.0,7.364233668568417e-303,1.7848574149557914e-55,1.9799276078058888e-212,1.0206880539187477e-146,8.538826492830366e-103,4.019190189587399e-23,1.2126072495486092e-14,4.8779831274080496e-12,0.048400011513874935
11.87987987987988,0.0,0.0,3.5602339740247198e-304,8.88185417311178e-56,2.1723960495060636e-213,1.8563793706305973e-147,2.2628557951668497e-103,2.9138325702637465e-23,9.45966605261294e-15,3.834011754591058e-12,0.04796369332860807
11.891891891891891,0.0,0.0,1.709796196386838e-305,4.411102669914013e-56,2.371555734911108e-214,3.3615129768369264e-148,5.973797958435003e-104,2.1102048246698547e-23,7.371565832188228e-15,3.0096238671806306e-12,0.04752963940584124
11.903903903903904,0.0,0.0,8.156897022865582e-307,2.1864225516754243e-56,2.5759196042239057e-215,6.06034303735322e-149,1.5710107015834796e-104,1.5265765725864423e-23,5.738151232385683e-15,2.3594813658883296e-12,0.047097859697208706
11.915915915915916,0.0,0.0,3.8656313885679105e-308,1.0815943782439655e-56,2.7837864048478905e-216,1.0878123363658482e-149,4.115690595829853e-105,1.1031803551460669e-23,4.4618249779690124e-15,1.847422979540927e-12,0.04666836383265238
11.927927927927929,0.0,0.0,1.819829601606767e-309,5.339961459631467e-57,2.9932579891320092e-217,1.944039605833243e-150,1.0740914394132628e-105,7.963580456698748e-24,3.4656234144797733e-15,1.4446462186464883e-12,0.04624116112201544
11.93993993993994,0.0,0.0,8.510514922627e-311,2.631208050383734e-57,3.202263209188714e-218,3.45900025645516e-151,2.7923815103312905e-106,5.7425413736611796e-24,2.688923869317083e-15,1.1282412103596897e-12,0.04581626055667973
11.951951951951951,0.0,0.0,3.953627752256e-312,1.2939443794159096e-57,3.4085881902968564e-219,6.127600411194957e-152,7.231746827761544e-107,4.1365071934700494e-24,2.0840298829481086e-15,8.800100245217156e-13,0.04539367081124332
11.963963963963964,0.0,0.0,1.82452803976e-313,6.350667389362178e-58,3.60991251458284e-220,1.080748485997391e-152,1.865720723343587e-107,2.9764412017888004e-24,1.6134580424545355e-15,6.855172779715681e-13,0.044973400245240186
11.975975975975976,0.0,0.0,8.364117673e-315,3.11075962716868e-58,3.803850597556784e-221,1.8978120145782053e-153,4.794960332674952e-108,2.1394132781156265e-24,1.2477848512858376e-15,5.333278176333828e-13,0.04455545690490055
11.987987987987989,0.0,0.0,3.8089437e-316,1.5207466022802598e-58,3.987997303386748e-222,3.317997881195031e-154,1.2276041941971383e-108,1.5361226912353004e-24,9.63940083361597e-16,4.1439550305475883e-13,0.044139848524949336
12.0,0.0,0.0,1.723073e-317,7.419771961737784e-59,4.1599766325274656e-223,5.775550342344123e-155,3.1308817847724535e-109,1.1017700022555779e-24,7.438556556322024e-16,3.2157384614770333e-13,0.043726582530445535
